graph,order,freq,input_time,task_time,total_time,input_power,task_power,input_e,task_e,total_e
mobile,BLBBGBLBLGLGBL,"((0,), (0,), (6,), (5,), (1, 4), (7,), (2,), (6,), (1,), (2, 7), (5,), (1, 1), (3,), (0,))",61.281,201.47858,262.75958,3273.4306243539027,4225.5193987280745,200.5991020910315,851.3516482181863,1051.9507503092177
mobile,BLBBGBLBLGLGBL,"((0,), (4,), (7,), (3,), (1, 0), (5,), (2,), (7,), (1,), (4, 4), (3,), (2, 3), (5,), (3,))",61.3331,167.38404,228.71714,3297.8816599591246,4470.460230147683,202.269305638439,748.283693981449,950.552999619888
mobile,BLBBGBLBLGLGBL,"((4,), (0,), (6,), (6,), (2, 6), (3,), (4,), (7,), (2,), (3, 4), (0,), (2, 6), (3,), (4,))",22.7783,172.19163,194.96993,3892.79595661949,4446.087755182954,88.67127413866572,765.5790976879939,854.2503718266596
mobile,BLBBGBLBLGLGBL,"((1,), (4,), (3,), (3,), (1, 7), (5,), (4,), (4,), (3,), (3, 1), (1,), (0, 6), (4,), (2,))",41.8739,188.09806000000003,229.97196,3411.0421047534846,4249.255374006735,142.83363599023696,799.2766922952414,942.1103282854784
mobile,BLBBGBLBLGLGBL,"((0,), (0,), (6,), (6,), (2, 1), (2,), (0,), (7,), (1,), (0, 7), (1,), (0, 0), (7,), (4,))",61.3614,227.32687,288.68827,3311.188302183259,4126.3668189810005,203.17914988558783,938.0340534308076,1141.2132033163953
mobile,BLBBGBLBLGLGBL,"((5,), (0,), (4,), (0,), (0, 5), (4,), (2,), (7,), (2,), (3, 4), (2,), (3, 6), (5,), (4,))",20.655,191.73448000000005,212.38948000000005,4106.842820684218,4275.436423745221,84.82683846123253,819.7485794798498,904.5754179410824
mobile,BLBBGBLBLGLGBL,"((5,), (2,), (1,), (4,), (2, 7), (4,), (1,), (7,), (5,), (0, 3), (5,), (1, 0), (6,), (3,))",20.4427,189.76357,210.20627,4082.198459661254,4340.83478706772,83.45115845131711,823.7323059741603,907.1834644254776
mobile,BLBBGBLBLGLGBL,"((4,), (1,), (4,), (0,), (2, 3), (3,), (3,), (1,), (0,), (4, 4), (3,), (4, 6), (6,), (2,))",22.7992,192.50078,215.29998000000003,3888.5457036019534,4212.330092345781,88.65573120556165,810.8768283940349,899.5325595995965
mobile,BLBBGBLBLGLGBL,"((6,), (2,), (6,), (3,), (3, 4), (3,), (0,), (3,), (0,), (4, 0), (4,), (3, 4), (0,), (4,))",17.4202,173.88442000000003,191.30462000000003,4429.319059274059,4348.004894748772,77.15962387636598,756.0503092805513,833.2099331569174
mobile,BLBBGBLBLGLGBL,"((0,), (5,), (4,), (7,), (3, 3), (3,), (3,), (4,), (3,), (4, 2), (4,), (1, 6), (0,), (5,))",61.3614,171.11432999999997,232.47573,3336.194451038928,4501.153431532852,204.7135621879801,770.2118536639447,974.9254158519248
mobile,GBLBLGLGBGGGGG,"((0, 1), (7,), (0,), (3,), (0,), (3, 1), (2,), (3, 2), (3,), (0, 4), (3, 1), (3, 1), (2, 6), (1, 5))",32.2592,220.99157,253.25077,3481.1066183451635,4227.193409827103,112.2977146225203,934.1741083313448,1046.4718229538653
mobile,GBLBLGLGBGGGGG,"((1, 2), (4,), (4,), (3,), (0,), (1, 6), (5,), (4, 5), (4,), (4, 5), (4, 5), (4, 4), (1, 4), (1, 6))",24.8529,181.44372,206.29662,3697.704874731391,4615.973749850285,91.8986894812118,837.5394485951851,929.438138076397
mobile,GBLBLGLGBGGGGG,"((4, 4), (3,), (0,), (5,), (0,), (1, 7), (5,), (2, 5), (4,), (0, 7), (4, 3), (2, 3), (0, 2), (3, 6))",15.3234,214.29728000000003,229.62068,4419.021242368744,4386.979953175098,67.71443010531323,940.1178713799508,1007.832301485264
mobile,GBLBLGLGBGGGGG,"((3, 6), (2,), (5,), (7,), (2,), (0, 7), (4,), (2, 1), (5,), (3, 2), (0, 3), (4, 6), (0, 6), (2, 7))",11.8346,210.91543,222.75003,4947.480436507938,4462.956133572457,58.551451973896846,941.306311983572,999.8577639574688
mobile,GBLBLGLGBGGGGG,"((0, 3), (7,), (4,), (7,), (1,), (2, 6), (3,), (3, 4), (1,), (0, 1), (4, 2), (4, 6), (4, 1), (4, 4))",19.3755,178.52316000000002,197.89866,3860.170289987792,4733.960864301858,74.79272945365845,845.121652811499,919.9143822651574
mobile,GBLBLGLGBGGGGG,"((1, 0), (7,), (1,), (4,), (3,), (2, 2), (1,), (1, 4), (2,), (3, 2), (0, 1), (0, 7), (2, 2), (2, 7))",46.9822,232.71253,279.69473,3436.05697070764,4216.295400218102,161.43351580918048,981.1847698121172,1142.6182856212977
mobile,GBLBLGLGBGGGGG,"((3, 4), (6,), (1,), (4,), (4,), (2, 3), (0,), (2, 2), (1,), (1, 1), (0, 7), (4, 1), (3, 6), (1, 7))",14.6763,225.4661,240.1424,4487.257144522146,4279.963796315582,65.85633203015037,964.9867452964688,1030.843077326619
mobile,GBLBLGLGBGGGGG,"((3, 1), (0,), (1,), (4,), (1,), (3, 7), (1,), (4, 2), (3,), (3, 1), (0, 0), (1, 7), (4, 0), (4, 5))",29.3585,205.10904,234.46754,3715.799079633212,4412.095952851437,109.09028727941164,904.9607652772436,1014.0510525566552
mobile,GBLBLGLGBGGGGG,"((3, 0), (3,), (2,), (7,), (3,), (3, 2), (3,), (2, 6), (4,), (0, 4), (2, 2), (2, 2), (0, 4), (2, 6))",41.1683,210.90768000000003,252.07598,3575.2277846400843,4359.817104545331,147.18605000639835,919.5189107439734,1066.7049607503718
mobile,GBLBLGLGBGGGGG,"((4, 7), (5,), (2,), (2,), (3,), (2, 7), (2,), (0, 1), (1,), (0, 4), (0, 3), (4, 7), (3, 6), (0, 7))",11.1493,263.12524,274.27454,5342.698412698412,4164.026967695273,59.5673474126984,1095.660595241291,1155.2279426539894
mobile,GBLGGLBLLGBGBG,"((0, 1), (4,), (5,), (3, 7), (3, 2), (4,), (6,), (1,), (4,), (0, 2), (4,), (1, 5), (6,), (3, 6))",32.9141,184.02415,216.93825,3628.919646602189,4431.45752974493,119.4426241402291,815.4952051724105,934.9378293126396
mobile,GBLGGLBLLGBGBG,"((2, 5), (0,), (2,), (0, 4), (1, 3), (0,), (5,), (0,), (4,), (3, 2), (7,), (2, 0), (0,), (1, 1))",16.9486,242.61170000000004,259.56030000000004,4114.533648018648,4047.416219314316,69.73558498680886,981.9505295754192,1051.686114562228
mobile,GBLGGLBLLGBGBG,"((2, 0), (4,), (1,), (1, 7), (3, 1), (4,), (0,), (3,), (1,), (2, 1), (6,), (0, 7), (5,), (2, 3))",52.9312,208.10990000000004,261.04110000000003,3376.8499809708564,4271.597448390253,178.74072171276458,888.9617178247508,1067.7024395375154
mobile,GBLGGLBLLGBGBG,"((4, 2), (6,), (4,), (0, 6), (4, 3), (2,), (3,), (1,), (4,), (3, 2), (7,), (1, 2), (2,), (1, 2))",26.797,202.23537,229.03237,3816.603463622292,4304.6424459885,102.27352301468656,870.5509577821892,972.8244807968758
mobile,GBLGGLBLLGBGBG,"((3, 4), (0,), (1,), (0, 5), (3, 6), (3,), (4,), (0,), (3,), (0, 1), (1,), (1, 3), (6,), (0, 0))",20.6718,266.88557999999995,287.55738,3909.611028579262,3962.4614734204647,80.8186972605848,1057.523828561475,1138.3425258220598
mobile,GBLGGLBLLGBGBG,"((0, 2), (6,), (4,), (4, 4), (2, 5), (0,), (3,), (1,), (5,), (4, 3), (0,), (2, 1), (6,), (0, 6))",26.7103,211.03697000000005,237.74727,3659.3383860906033,4286.648803894715,97.74202609399585,904.6413750280648,1002.3834011220608
mobile,GBLGGLBLLGBGBG,"((3, 3), (1,), (0,), (4, 5), (0, 2), (1,), (7,), (4,), (2,), (2, 2), (0,), (2, 2), (1,), (4, 4))",21.551,203.31049,224.86149,3967.4980354733,4267.945414158963,85.50355016248508,867.7180734459116,953.2216236083968
mobile,GBLGGLBLLGBGBG,"((4, 1), (6,), (2,), (1, 7), (2, 6), (5,), (0,), (5,), (5,), (1, 6), (6,), (2, 4), (4,), (1, 6))",32.1822,194.24293000000003,226.42513,3836.4871992995945,4453.905413126314,123.46659834529942,865.1396373885158,988.6062357338152
mobile,GBLGGLBLLGBGBG,"((4, 7), (3,), (5,), (4, 2), (1, 6), (2,), (4,), (3,), (4,), (2, 7), (0,), (2, 1), (7,), (0, 0))",15.4364,211.44128,226.87768,4695.242146464646,4323.399760739009,72.47763586968686,914.14517936235,986.6228152320368
mobile,GBLGGLBLLGBGBG,"((3, 4), (1,), (5,), (4, 7), (3, 4), (0,), (3,), (3,), (4,), (3, 5), (3,), (4, 6), (7,), (0, 4))",18.3664,180.8755,199.2419,4076.5783799533806,4533.291104195584,74.87206915757577,819.9612951169283,894.8333642745041
mobile,BLLBLGGGGLGLBG,"((5,), (2,), (4,), (4,), (1,), (0, 1), (2, 3), (2, 2), (4, 1), (5,), (3, 2), (1,), (3,), (4, 5))",17.83,173.41458999999998,191.24459,4370.642179487181,4458.350254570834,77.92855006025643,773.1429814727968,851.0715315330532
mobile,BLLBLGGGGLGLBG,"((2,), (1,), (2,), (7,), (3,), (4, 0), (1, 7), (1, 6), (3, 0), (2,), (0, 1), (5,), (0,), (1, 4))",30.3142,217.02531,247.33951,3634.5193377382857,4233.070648699979,110.17754610806594,918.683469786014,1028.86101589408
mobile,BLLBLGGGGLGLBG,"((0,), (4,), (1,), (1,), (5,), (3, 2), (1, 5), (4, 6), (0, 5), (0,), (1, 4), (4,), (6,), (1, 3))",60.8193,226.64765,287.46695,3345.1864251123247,4136.969090946514,203.451896744834,937.6343225856638,1141.0862193304977
mobile,BLLBLGGGGLGLBG,"((2,), (1,), (3,), (0,), (4,), (4, 2), (1, 5), (1, 7), (0, 6), (2,), (3, 0), (5,), (0,), (3, 2))",29.9142,223.71075,253.62495,3616.019629035825,4159.698024107756,108.17033438690348,930.5691647466642,1038.7394991335675
mobile,BLLBLGGGGLGLBG,"((3,), (2,), (4,), (0,), (4,), (2, 6), (3, 5), (1, 1), (3, 0), (3,), (3, 4), (5,), (7,), (2, 1))",26.0366,190.97616,217.01276,3697.787194149589,4326.324920740589,96.2778060591952,826.2249202753419,922.5027263345372
mobile,BLLBLGGGGLGLBG,"((0,), (5,), (1,), (3,), (0,), (4, 2), (2, 3), (2, 2), (2, 4), (5,), (4, 2), (0,), (1,), (2, 3))",60.4183,194.4779,254.8962,3340.748641669676,4292.482857356139,201.842353656991,834.7930518846215,1036.6354055416125
mobile,BLLBLGGGGLGLBG,"((2,), (3,), (3,), (7,), (3,), (0, 2), (3, 5), (2, 2), (4, 6), (5,), (1, 0), (4,), (2,), (4, 3))",30.0598,175.67659,205.73639,3685.5369705513776,4533.341357607395,110.78650422738028,796.4019510104378,907.188455237818
mobile,BLLBLGGGGLGLBG,"((0,), (3,), (5,), (1,), (5,), (2, 5), (4, 5), (4, 5), (1, 5), (3,), (1, 2), (1,), (4,), (3, 2))",58.7675,187.42884000000004,246.19634,3367.3459935697024,4340.5219396201,197.89050567710748,813.5389921375456,1011.4294978146532
mobile,BLLBLGGGGLGLBG,"((5,), (4,), (0,), (1,), (0,), (2, 2), (3, 3), (1, 3), (3, 7), (0,), (0, 2), (3,), (0,), (0, 3))",18.201,260.363,278.564,4180.706864801866,3957.948621502633,76.09304564625876,1030.50337694029,1106.596422586549
mobile,BLLBLGGGGLGLBG,"((5,), (3,), (4,), (0,), (2,), (1, 7), (4, 4), (2, 5), (0, 1), (5,), (3, 2), (1,), (0,), (2, 1))",19.2912,222.32781,241.61901,4133.836959706959,4139.184895227529,79.74667555709888,920.255912941016,1000.0025884981148
mobile,BGGBLGGGBLBLLG,"((2,), (0, 1), (3, 3), (5,), (3,), (1, 2), (1, 5), (1, 3), (4,), (1,), (0,), (5,), (1,), (4, 6))",26.9033,200.00748,226.91078,3817.7092410096784,4286.838912123331,102.70897702365568,857.3998479797289,960.1088250033846
mobile,BGGBLGGGBLBLLG,"((7,), (3, 6), (2, 4), (3,), (2,), (3, 5), (0, 6), (3, 0), (7,), (0,), (6,), (5,), (1,), (0, 7))",13.8304,200.41893,214.24933,5042.8220959595965,4437.4135344212,69.7442467159596,889.341672536215,959.0859192521746
mobile,BGGBLGGGBLBLLG,"((5,), (4, 3), (1, 2), (6,), (5,), (0, 1), (4, 4), (3, 5), (2,), (0,), (6,), (1,), (5,), (1, 2))",18.3315,190.46604,208.79754,4165.736185342436,4422.446295845623,76.36419288160486,842.3258330823843,918.6900259639892
mobile,BGGBLGGGBLBLLG,"((3,), (4, 6), (0, 6), (3,), (0,), (2, 0), (2, 1), (1, 6), (7,), (5,), (0,), (4,), (4,), (0, 6))",22.8402,224.58845,247.42865000000003,3839.9565047942265,4235.524127249755,87.70537456080109,951.2497986766252,1038.9551732374264
mobile,BGGBLGGGBLBLLG,"((2,), (3, 2), (2, 5), (6,), (3,), (1, 6), (3, 3), (4, 1), (1,), (5,), (4,), (4,), (2,), (4, 2))",29.5193,158.34708,187.86638,3639.61894706128,4700.1520874826565,107.43900358398604,744.2553586087832,851.6943621927693
mobile,BGGBLGGGBLBLLG,"((6,), (2, 2), (3, 0), (7,), (3,), (2, 1), (4, 5), (0, 7), (0,), (5,), (7,), (1,), (4,), (4, 6))",14.8837,182.39046,197.27416,4743.024570707069,4637.187471588815,70.59375480303281,845.7787560493209,916.3725108523536
mobile,BGGBLGGGBLBLLG,"((7,), (1, 5), (4, 5), (2,), (1,), (0, 3), (2, 3), (3, 4), (2,), (0,), (3,), (0,), (1,), (2, 5))",14.1198,209.6177,223.7375,4924.89590909091,4215.911846535845,69.53854525718184,883.7297446735969,953.2682899307788
mobile,BGGBLGGGBLBLLG,"((7,), (3, 1), (2, 1), (5,), (3,), (0, 0), (3, 0), (3, 4), (4,), (3,), (2,), (1,), (5,), (1, 4))",14.4735,189.12296,203.59646,4885.582979797981,4374.52625390255,70.71148525810608,827.3233537357619,898.034838993868
mobile,BGGBLGGGBLBLLG,"((0,), (3, 2), (1, 2), (2,), (1,), (0, 6), (2, 3), (2, 4), (2,), (1,), (3,), (1,), (0,), (0, 7))",55.3884,243.9587,299.3471,3416.158313849068,4021.588673770093,189.21554315079769,981.101544787676,1170.3170879384736
mobile,BGGBLGGGBLBLLG,"((6,), (3, 2), (0, 5), (6,), (4,), (0, 2), (0, 4), (0, 0), (2,), (4,), (7,), (4,), (2,), (0, 5))",15.8405,229.52712,245.36762,4544.5257215007205,4212.887152361953,71.98755969143217,966.9718549666402,1038.9594146580723
mobile,LGBLGLLBLBGGGG,"((4,), (1, 6), (1,), (1,), (3, 7), (3,), (3,), (7,), (4,), (2,), (2, 6), (2, 5), (4, 4), (0, 0))",41.454,212.94959,254.40359,3384.33031837256,4272.517491017143,140.29402901781611,909.8308479799292,1050.124876997745
mobile,LGBLGLLBLBGGGG,"((5,), (1, 7), (4,), (4,), (1, 4), (2,), (3,), (4,), (0,), (3,), (4, 4), (3, 3), (1, 3), (3, 0))",36.0736,175.53228,211.60588,3536.12930769231,4473.012344330549,127.56091419396932,785.1580552684862,912.7189694624556
mobile,LGBLGLLBLBGGGG,"((2,), (2, 4), (7,), (3,), (4, 3), (3,), (5,), (0,), (3,), (3,), (4, 2), (3, 1), (1, 0), (1, 0))",59.8176,185.52725,245.34485,3253.062885226671,4412.6420996410125,194.5904144433349,818.6653539806231,1013.255768423958
mobile,LGBLGLLBLBGGGG,"((0,), (1, 3), (1,), (5,), (4, 4), (0,), (3,), (5,), (1,), (7,), (2, 2), (0, 7), (4, 3), (3, 6))",118.062,202.5648,320.6268,3186.5977188978013,4396.0965857581,376.21609988851225,890.4944256747725,1266.7105255632848
mobile,LGBLGLLBLBGGGG,"((2,), (3, 6), (1,), (0,), (4, 1), (2,), (0,), (0,), (0,), (5,), (0, 2), (3, 6), (3, 3), (2, 6))",60.3872,226.21078,286.59798,3281.57664650604,4133.665135007752,198.16522526788955,935.0796144489088,1133.2448397167984
mobile,LGBLGLLBLBGGGG,"((1,), (1, 5), (2,), (5,), (0, 0), (1,), (1,), (3,), (0,), (3,), (0, 7), (0, 2), (1, 6), (1, 6))",80.6893,254.6556,335.34489999999994,3209.1920980487034,4019.5744243854574,258.94746395708125,1023.6071367865331,1282.5546007436146
mobile,LGBLGLLBLBGGGG,"((5,), (4, 4), (4,), (1,), (4, 2), (4,), (1,), (4,), (2,), (6,), (1, 5), (0, 5), (2, 2), (0, 0))",35.4787,219.66058,255.13928,3522.89393939394,4237.481419140603,124.9876972075758,930.807626267648,1055.7953234752238
mobile,LGBLGLLBLBGGGG,"((0,), (2, 1), (7,), (0,), (3, 0), (2,), (5,), (3,), (1,), (1,), (1, 1), (3, 6), (4, 7), (4, 0))",117.935,190.26298000000003,308.19798000000003,3161.190201903361,4367.148350123348,372.81496646147286,830.9066591965517,1203.7216256580243
mobile,LGBLGLLBLBGGGG,"((0,), (2, 7), (0,), (2,), (4, 6), (1,), (2,), (6,), (4,), (7,), (4, 6), (4, 1), (3, 7), (0, 0))",117.675,205.11821999999995,322.79322,3154.6273174194216,4417.921588042504,371.2207695773304,906.1962122388512,1277.4169818161818
mobile,LGBLGLLBLBGGGG,"((2,), (0, 7), (5,), (3,), (2, 3), (5,), (5,), (0,), (2,), (6,), (0, 1), (3, 2), (0, 1), (4, 7))",60.6441,205.99421,266.63831,3331.3160167538927,4346.898594594786,202.0246616516248,895.4359419436632,1097.460603595288
mobile,LBLLBGBBLLGLBG,"((4,), (0,), (4,), (3,), (2,), (3, 0), (0,), (2,), (5,), (5,), (3, 1), (5,), (6,), (0, 5))",42.0709,198.70324,240.77414,3408.0939490968794,4224.979550603691,143.3815797230599,839.5171256386973,982.8987053617572
mobile,LBLLBGBBLLGLBG,"((1,), (2,), (1,), (3,), (3,), (4, 7), (3,), (3,), (1,), (3,), (4, 1), (5,), (0,), (4, 6))",80.8437,162.74784999999997,243.59155,3247.859194577352,4477.816654971745,262.56895436865307,728.7550332908432,991.3239876594964
mobile,LBLLBGBBLLGLBG,"((4,), (6,), (2,), (4,), (5,), (1, 3), (1,), (1,), (0,), (2,), (3, 1), (5,), (2,), (3, 3))",42.2845,179.13003999999998,221.41454,3419.8196533479304,4268.003195962283,144.60536413199057,764.5275832128516,909.132947344842
mobile,LBLLBGBBLLGLBG,"((5,), (2,), (3,), (2,), (1,), (0, 4), (7,), (0,), (2,), (5,), (4, 1), (2,), (7,), (1, 2))",36.015,198.06874,234.08374,3534.3939347826085,4224.321294348807,127.29119756119564,836.7059961268374,963.997193688033
mobile,LBLLBGBBLLGLBG,"((5,), (2,), (1,), (4,), (2,), (4, 2), (2,), (3,), (2,), (1,), (0, 4), (2,), (2,), (0, 5))",36.2211,222.57941,258.80051,3547.4096785243764,4025.250894301402,128.4910807067993,895.9379691555785,1024.4290498623775
mobile,LBLLBGBBLLGLBG,"((0,), (0,), (4,), (1,), (3,), (3, 5), (4,), (4,), (4,), (0,), (4, 3), (5,), (3,), (4, 4))",117.901,169.02692000000002,286.92792000000003,3178.6773910300226,4410.530936551401,374.7692430798307,745.4984597699989,1120.2677028498297
mobile,LBLLBGBBLLGLBG,"((5,), (5,), (2,), (4,), (3,), (2, 7), (1,), (6,), (3,), (2,), (1, 0), (5,), (4,), (4, 0))",36.0423,158.01094999999998,194.05325,3551.0258234519106,4544.783337006232,127.9871380366008,718.1255326245248,846.1126706611255
mobile,LBLLBGBBLLGLBG,"((1,), (7,), (3,), (1,), (7,), (3, 0), (4,), (4,), (2,), (3,), (2, 5), (0,), (1,), (1, 2))",80.6057,190.80442,271.41012,3193.22217249906,4219.634849606484,257.39190846980745,805.1249800909524,1062.5168885607598
mobile,LBLLBGBBLLGLBG,"((4,), (7,), (3,), (4,), (5,), (2, 6), (0,), (4,), (2,), (5,), (1, 2), (5,), (6,), (2, 1))",41.4402,171.08056999999997,212.52077,3394.129161579162,4431.570784341202,140.65339128167278,758.1556557804397,898.8090470621125
mobile,LBLLBGBBLLGLBG,"((0,), (4,), (5,), (1,), (1,), (1, 5), (1,), (2,), (4,), (2,), (3, 5), (1,), (4,), (1, 5))",117.839,195.69949,313.53849,3167.2470362415715,4136.018000344624,373.2252235036705,809.4166132982627,1182.641836801933
mobile,GGGLLBLBLBBBBG,"((0, 2), (1, 4), (1, 6), (4,), (2,), (2,), (4,), (3,), (3,), (2,), (5,), (1,), (5,), (3, 6))",24.1536,172.14334,196.29694,3836.0844594612495,4354.854908797532,92.65524960004323,749.6592692158024,842.3145188158456
mobile,GGGLLBLBLBBBBG,"((2, 3), (1, 2), (2, 0), (3,), (4,), (2,), (1,), (2,), (2,), (0,), (1,), (4,), (5,), (1, 4))",21.5504,199.99774,221.54814,3796.6680874272793,4118.481431616923,81.81971595129284,823.6869785553491,905.506694506642
mobile,GGGLLBLBLBBBBG,"((1, 4), (2, 3), (3, 5), (2,), (0,), (3,), (4,), (6,), (1,), (6,), (4,), (6,), (7,), (3, 6))",17.5471,151.00002,168.54712,4225.8772832722825,4701.873198696096,74.15189127730707,709.9829470405743,784.1348383178814
mobile,GGGLLBLBLBBBBG,"((4, 3), (3, 7), (1, 4), (0,), (4,), (0,), (2,), (7,), (0,), (1,), (3,), (0,), (7,), (0, 6))",20.0757,233.84657,253.92227,4149.296935286934,4103.848108064393,83.3000404837399,959.670803871848,1042.9708443555878
mobile,GGGLLBLBLBBBBG,"((4, 3), (0, 2), (4, 2), (5,), (2,), (5,), (2,), (6,), (3,), (6,), (7,), (2,), (5,), (0, 2))",22.4352,183.18057,205.61577000000003,3914.678713369962,4498.360363021317,87.82659987019777,824.0122153636518,911.8388152338496
mobile,GGGLLBLBLBBBBG,"((2, 1), (0, 3), (0, 6), (1,), (5,), (2,), (2,), (2,), (2,), (3,), (2,), (1,), (1,), (3, 6))",32.0823,203.28593,235.36823,3658.290222691601,4114.129598433301,117.36636441145872,836.3446615580402,953.7110259694988
mobile,GGGLLBLBLBBBBG,"((3, 1), (2, 6), (0, 6), (5,), (0,), (0,), (1,), (6,), (5,), (5,), (1,), (1,), (2,), (4, 4))",33.9434,193.1045900000001,227.04799000000008,3671.481170370512,4310.542629844223,124.62255395835442,832.3855672135908,957.0081211719452
mobile,GGGLLBLBLBBBBG,"((4, 0), (1, 5), (4, 3), (2,), (4,), (7,), (1,), (3,), (0,), (7,), (1,), (0,), (7,), (4, 6))",51.8709,177.68815999999995,229.55906,3657.418966100111,4523.046682061204,189.71361344868225,803.6918425295601,993.4054559782423
mobile,GGGLLBLBLBBBBG,"((0, 4), (1, 6), (2, 1), (1,), (2,), (6,), (5,), (1,), (3,), (5,), (5,), (6,), (3,), (0, 1))",19.7113,193.06133,212.77263,3863.1491608391616,4298.270438256585,76.14769205404896,829.8298075094992,905.9774995635482
mobile,GGGLLBLBLBBBBG,"((1, 3), (0, 7), (2, 2), (0,), (5,), (0,), (2,), (1,), (1,), (0,), (5,), (7,), (7,), (3, 4))",21.2778,209.6912,230.969,3861.1387912087903,4222.300328984063,82.15653897158239,885.3792227450629,967.5357617166452
mobile,LBBGGBGGLLGGLL,"((0,), (3,), (1,), (0, 1), (2, 7), (4,), (0, 5), (2, 7), (0,), (5,), (3, 3), (4, 5), (4,), (2,))",117.32,199.638,316.958,3165.926362223964,4203.262383242505,371.4264808161154,839.1308956657673,1210.5573764818828
mobile,LBBGGBGGLLGGLL,"((5,), (4,), (7,), (3, 1), (1, 7), (1,), (3, 1), (0, 7), (1,), (4,), (2, 1), (4, 4), (2,), (2,))",34.812,180.3166,215.1286,3558.380869565216,4371.140884861694,123.87435483130427,788.1892624792521,912.0636173105564
mobile,LBBGGBGGLLGGLL,"((3,), (0,), (6,), (1, 1), (1, 5), (4,), (1, 3), (0, 7), (0,), (2,), (1, 2), (1, 3), (5,), (2,))",47.9292,230.5491,278.4783,3331.036870363981,4036.934287980152,159.65393236704932,930.7115668529648,1090.3654992200145
mobile,LBBGGBGGLLGGLL,"((4,), (7,), (0,), (1, 5), (1, 4), (2,), (3, 2), (1, 5), (0,), (0,), (0, 0), (2, 1), (5,), (5,))",40.097,221.5987,261.6957,3473.644729344729,4079.798934834714,139.2827327125356,904.0781402207574,1043.360872933293
mobile,LBBGGBGGLLGGLL,"((5,), (0,), (5,), (0, 3), (1, 0), (3,), (3, 1), (4, 7), (3,), (2,), (2, 1), (2, 7), (0,), (1,))",35.4073,206.5678,241.9751,3522.147463768117,4137.91808882948,124.70973189387686,854.7606361897103,979.4703680835872
mobile,LBBGGBGGLLGGLL,"((4,), (4,), (6,), (4, 6), (0, 6), (3,), (0, 6), (1, 2), (2,), (2,), (1, 0), (3, 3), (4,), (1,))",40.9035,179.88639999999995,220.7899,3398.421932013236,4305.089281324868,139.00735149610338,774.4270124961176,913.434363992221
mobile,LBBGGBGGLLGGLL,"((3,), (0,), (7,), (3, 5), (0, 7), (2,), (2, 2), (1, 0), (5,), (1,), (1, 7), (3, 5), (5,), (5,))",47.6204,187.141,234.7614,3370.480947580646,4346.540747908955,160.50365091616936,813.4159821044298,973.9196330205992
mobile,LBBGGBGGLLGGLL,"((0,), (5,), (5,), (1, 2), (1, 1), (5,), (2, 6), (2, 4), (0,), (0,), (2, 3), (1, 6), (4,), (5,))",117.237,202.2111,319.4481,3174.8048788930364,4159.972438718789,372.2045995867829,841.1926028030089,1213.3972023897918
mobile,LBBGGBGGLLGGLL,"((1,), (4,), (7,), (0, 7), (1, 3), (2,), (1, 5), (2, 3), (0,), (0,), (4, 0), (1, 1), (3,), (2,))",79.7864,208.56240000000005,288.34880000000004,3198.0255357295323,4145.276747059771,255.1589446039308,864.5488670309791,1119.7078116349098
mobile,LBBGGBGGLLGGLL,"((5,), (7,), (7,), (2, 3), (3, 0), (5,), (4, 7), (3, 1), (1,), (0,), (1, 4), (1, 3), (2,), (0,))",35.681,188.3598,224.0408,3515.745604743084,4312.416827439362,125.44531892283798,812.2859711331128,937.7312900559508
mobile,LLGGGGGBBGBGBB,"((2,), (4,), (4, 4), (1, 5), (1, 5), (0, 5), (4, 0), (1,), (6,), (2, 3), (6,), (1, 5), (0,), (2,))",60.2657,208.47936,268.74506,3281.93941097426,4298.435102452028,197.78837595995148,896.1349991607333,1093.9233751206848
mobile,LLGGGGGBBGBGBB,"((4,), (3,), (2, 7), (2, 3), (2, 0), (1, 6), (1, 0), (7,), (3,), (3, 3), (5,), (1, 2), (1,), (4,))",41.8614,175.42595999999998,217.28736,3446.0993404488227,4478.238916407088,144.25854293026435,785.599361020073,929.8579039503376
mobile,LLGGGGGBBGBGBB,"((5,), (4,), (1, 1), (2, 0), (1, 0), (0, 5), (1, 4), (1,), (2,), (1, 7), (7,), (2, 5), (7,), (2,))",35.9397,202.96081,238.90051,3552.546383500559,4300.750975327657,127.67745125909504,872.8839015607914,1000.5613528198865
mobile,LLGGGGGBBGBGBB,"((5,), (4,), (0, 3), (0, 0), (1, 5), (0, 3), (2, 0), (0,), (4,), (2, 6), (3,), (0, 4), (0,), (1,))",35.3886,267.04470000000003,302.43330000000003,3533.160589591569,3932.886368346992,125.03360684082018,1050.2564603693122,1175.2900672101323
mobile,LLGGGGGBBGBGBB,"((4,), (1,), (0, 6), (4, 7), (0, 0), (4, 5), (0, 0), (1,), (0,), (3, 0), (2,), (3, 4), (2,), (7,))",41.75,207.0211,248.7711,3513.860571835573,4285.403725597647,146.70367887413516,887.1689932173231,1033.8726720914583
mobile,LLGGGGGBBGBGBB,"((4,), (3,), (2, 2), (3, 4), (4, 6), (0, 6), (3, 1), (5,), (3,), (0, 4), (3,), (1, 0), (1,), (2,))",41.866,205.93,247.796,3413.0598799348804,4223.059555836787,142.89116493335368,869.6546543334696,1012.5458192668232
mobile,LLGGGGGBBGBGBB,"((5,), (4,), (0, 0), (0, 3), (3, 6), (1, 4), (0, 6), (1,), (1,), (1, 0), (2,), (2, 1), (0,), (7,))",35.9003,235.77419999999995,271.6745,3664.396376811594,4065.504865371271,131.55292924644928,958.541157229019,1090.0940864754682
mobile,LLGGGGGBBGBGBB,"((3,), (0,), (3, 5), (2, 3), (2, 1), (2, 6), (3, 4), (1,), (4,), (0, 7), (6,), (2, 3), (5,), (3,))",49.3194,197.30616,246.62556,3346.471911656892,4328.958800882678,165.04598679977093,854.1302378003658,1019.1762246001368
mobile,LLGGGGGBBGBGBB,"((1,), (0,), (2, 3), (2, 2), (1, 3), (1, 0), (2, 3), (1,), (4,), (4, 3), (3,), (0, 2), (2,), (1,))",80.1536,226.1983,306.3519,3192.703447024673,4059.572303199913,255.90667501143685,918.2683537109048,1174.1750287223415
mobile,LLGGGGGBBGBGBB,"((4,), (0,), (4, 2), (0, 4), (2, 5), (1, 2), (0, 0), (6,), (6,), (0, 2), (0,), (2, 3), (4,), (4,))",41.953,229.0345,270.9875,3437.881070621588,4150.838888670333,144.2294245557875,950.6853094471654,1094.9147340029529
mobile,LBGLBGLGGBBGGB,"((0,), (2,), (3, 0), (2,), (4,), (1, 0), (1,), (2, 1), (2, 5), (4,), (7,), (0, 2), (3, 4), (7,))",117.768,193.69484000000003,311.46284,3096.66465555084,4251.347471979242,364.6880031549113,823.4640683694239,1188.1520715243353
mobile,LBGLBGLGGBBGGB,"((5,), (4,), (0, 2), (1,), (5,), (4, 1), (5,), (3, 1), (0, 3), (6,), (1,), (4, 0), (2, 1), (1,))",35.29,199.13299000000004,234.42299000000003,3443.3299565217376,4229.1654125226805,121.51511416565212,842.166353800225,963.6814679658772
mobile,LBGLBGLGGBBGGB,"((5,), (1,), (4, 6), (2,), (3,), (0, 6), (4,), (2, 3), (0, 7), (7,), (2,), (2, 4), (3, 6), (5,))",35.8677,195.62742000000003,231.49512,3498.892446488293,4347.066571553546,125.49722460290816,850.4054179612658,975.902642564174
mobile,LBGLBGLGGBBGGB,"((0,), (6,), (3, 4), (1,), (6,), (2, 4), (1,), (4, 7), (4, 6), (3,), (0,), (2, 0), (1, 2), (2,))",117.773,182.2923,300.0653,3062.872314089419,4399.834484419597,360.72366104725313,802.0559477841626,1162.7796088314158
mobile,LBGLBGLGGBBGGB,"((5,), (3,), (2, 4), (4,), (2,), (0, 5), (5,), (1, 4), (3, 3), (2,), (5,), (0, 1), (1, 7), (5,))",35.9004,202.67953,238.57993,3488.787532938078,4199.871053242171,125.24886794749015,851.2278911317281,976.4767590792184
mobile,LBGLBGLGGBBGGB,"((2,), (7,), (0, 5), (2,), (2,), (1, 4), (3,), (4, 3), (2, 0), (5,), (2,), (1, 3), (2, 1), (0,))",59.7843,216.85507,276.63937,3154.8252024291496,4116.691880470818,188.60901634958503,892.725505907931,1081.334522257516
mobile,LBGLBGLGGBBGGB,"((5,), (0,), (1, 2), (0,), (4,), (0, 2), (2,), (4, 0), (4, 1), (7,), (3,), (1, 5), (2, 0), (3,))",35.8416,208.53481,244.37641,3465.997019104085,4181.917638308816,124.22687875992098,872.0754001403777,996.3022789002988
mobile,LBGLBGLGGBBGGB,"((1,), (1,), (0, 6), (0,), (6,), (4, 5), (1,), (2, 7), (4, 2), (0,), (1,), (3, 1), (1, 3), (4,))",80.4675,207.46203,287.92953,3119.365884534752,4177.04018349961,251.0075743138001,866.5772358604016,1117.5848101742015
mobile,LBGLBGLGGBBGGB,"((3,), (6,), (1, 2), (3,), (1,), (2, 7), (3,), (3, 4), (3, 2), (4,), (2,), (0, 7), (0, 5), (2,))",49.276,202.35941000000005,251.63541000000004,3239.046248778104,4190.120523456926,159.60724295478985,847.9103169556349,1007.5175599104248
mobile,LBGLBGLGGBBGGB,"((1,), (2,), (3, 5), (0,), (6,), (0, 7), (4,), (1, 2), (3, 6), (0,), (0,), (1, 7), (1, 3), (5,))",80.4916,222.41222,302.90381999999994,3131.144979225363,4106.0812874908,252.03086920981625,913.2426546512868,1165.273523861103
mobile,GBBGGBLGLLGBLL,"((4, 4), (0,), (1,), (3, 0), (2, 3), (2,), (4,), (1, 0), (0,), (1,), (4, 4), (7,), (5,), (0,))",21.7084,190.18697,211.89537,3889.744552179848,4157.311105125331,84.44013063654101,790.6664024311382,875.1065330676792
mobile,GBBGGBLGLLGBLL,"((0, 6), (5,), (6,), (3, 7), (0, 6), (5,), (4,), (1, 6), (0,), (0,), (4, 2), (3,), (3,), (5,))",15.8189,173.94347999999997,189.76238,4357.951652236652,4356.722778897613,68.93800139156637,757.8235215567213,826.7615229482876
mobile,GBBGGBLGLLGBLL,"((1, 0), (0,), (3,), (3, 2), (2, 0), (7,), (3,), (1, 4), (0,), (2,), (2, 5), (2,), (5,), (3,))",53.9645,190.25518,244.21968,3269.8708417595817,4133.718503823026,176.45694504013494,786.4613580141805,962.9183030543154
mobile,GBBGGBLGLLGBLL,"((1, 3), (5,), (4,), (0, 3), (2, 0), (2,), (3,), (1, 1), (2,), (3,), (1, 4), (0,), (4,), (5,))",23.4449,202.33744,225.78234,3675.182889822596,4007.6124782801658,86.16429533360179,810.8900493672643,897.0543447008661
mobile,GBBGGBLGLLGBLL,"((0, 4), (4,), (3,), (4, 7), (1, 3), (7,), (4,), (1, 0), (2,), (2,), (4, 0), (3,), (0,), (0,))",20.0603,181.08215,201.14245,3748.754931318681,4243.455104830913,75.20114854873215,768.4139738112572,843.6151223599893
mobile,GBBGGBLGLLGBLL,"((2, 1), (0,), (3,), (2, 7), (2, 5), (0,), (3,), (1, 3), (0,), (4,), (0, 3), (6,), (0,), (1,))",37.7277,229.44638,267.17408,3365.896282980304,3897.366879216541,126.98752519539602,894.2367219681325,1021.2242471635286
mobile,GBBGGBLGLLGBLL,"((1, 2), (7,), (5,), (2, 4), (1, 0), (1,), (0,), (0, 5), (5,), (4,), (4, 5), (4,), (3,), (2,))",28.1028,176.09996,204.20276,3503.430538847117,4297.172579301811,98.45620774711276,756.7319193281458,855.1881270752585
mobile,GBBGGBLGLLGBLL,"((3, 2), (0,), (4,), (2, 4), (1, 0), (0,), (5,), (0, 5), (5,), (4,), (2, 6), (5,), (0,), (4,))",29.0864,201.81427,230.90067,3613.411873422415,4088.724432750913,105.10114311511374,825.1629366267895,930.2640797419032
mobile,GBBGGBLGLLGBLL,"((3, 4), (6,), (4,), (2, 1), (0, 4), (7,), (5,), (1, 4), (1,), (4,), (1, 3), (5,), (1,), (2,))",20.8033,176.16088000000002,196.96418000000003,3872.369156162467,4257.7131457740215,80.55805726639466,750.04249454712,830.6005518135146
mobile,GBBGGBLGLLGBLL,"((0, 0), (5,), (1,), (0, 5), (1, 3), (1,), (3,), (1, 3), (5,), (1,), (1, 5), (6,), (0,), (2,))",53.9572,214.32270000000003,268.27990000000005,3240.1679154098792,3980.3315025425545,174.83038824535393,853.0753945199773,1027.9057827653312
mobile,GLBBLBGBLBGBLG,"((3, 5), (2,), (4,), (1,), (5,), (2,), (2, 1), (2,), (0,), (7,), (0, 4), (3,), (4,), (0, 2))",17.0256,243.92029,260.94589,4062.733900543901,3984.751571890441,69.17048229710025,971.9617589934722,1041.1322412905724
mobile,GLBBLBGBLBGBLG,"((0, 4), (1,), (2,), (1,), (0,), (5,), (3, 2), (5,), (4,), (0,), (3, 5), (0,), (3,), (2, 0))",20.9231,222.18341,243.10651,3722.4472933275847,4036.584034356498,77.88513696302239,896.8620055048839,974.7471424679064
mobile,GLBBLBGBLBGBLG,"((0, 2), (3,), (5,), (2,), (1,), (6,), (1, 5), (5,), (3,), (1,), (0, 4), (2,), (0,), (1, 1))",27.2049,219.31702,246.52192,3480.060150683081,4051.678945109858,94.67468839331814,888.6021522382376,983.2768406315556
mobile,GLBBLBGBLBGBLG,"((2, 5), (1,), (6,), (7,), (0,), (4,), (4, 5), (2,), (2,), (3,), (2, 4), (6,), (4,), (1, 0))",18.5329,187.71004,206.24294,3962.484293623043,4340.533239679749,73.4363251652865,814.7616680416153,888.1979932069017
mobile,GLBBLBGBLBGBLG,"((3, 5), (2,), (3,), (6,), (0,), (1,), (4, 0), (0,), (1,), (7,), (4, 7), (1,), (3,), (1, 2))",16.7028,214.15989,230.86269,4092.89812909313,4230.423973857411,68.36285887061673,905.987132894666,974.3499917652828
mobile,GLBBLBGBLBGBLG,"((1, 7), (1,), (3,), (3,), (4,), (0,), (0, 5), (4,), (3,), (4,), (2, 6), (1,), (2,), (1, 5))",12.6553,216.38687,229.04217,4768.76888888889,4087.388688537873,60.35020091955557,884.4572447861151,944.8074457056708
mobile,GLBBLBGBLBGBLG,"((1, 5), (3,), (1,), (6,), (0,), (7,), (3, 1), (5,), (2,), (2,), (1, 0), (3,), (4,), (1, 1))",17.392,200.93374,218.32574,3989.212116217116,4206.335891365051,69.38037712524807,845.1948023482134,914.5751794734616
mobile,GLBBLBGBLBGBLG,"((2, 7), (1,), (1,), (5,), (5,), (0,), (2, 0), (3,), (3,), (3,), (4, 7), (1,), (3,), (0, 5))",12.8824,224.78222000000008,237.66462000000007,4713.634126984126,4111.146587660594,60.722920277460304,924.1126567197732,984.8355769972336
mobile,GLBBLBGBLBGBLG,"((4, 0), (2,), (1,), (6,), (3,), (6,), (2, 4), (0,), (2,), (4,), (3, 7), (2,), (2,), (0, 1))",51.1743,216.96991,268.14421,3500.363207736795,4140.536294283149,179.1286369016851,898.3717871223483,1077.5004240240337
mobile,GLBBLBGBLBGBLG,"((1, 4), (2,), (0,), (4,), (5,), (7,), (4, 7), (7,), (2,), (2,), (1, 3), (3,), (3,), (2, 4))",17.8621,193.14097000000004,211.00307000000004,3920.1886907536905,4331.3179975632165,70.02280241311149,836.5549594278175,906.577761840929
mobile,LLGBGBLBGBBBBG,"((0,), (1,), (4, 1), (5,), (1, 2), (7,), (0,), (6,), (0, 7), (7,), (3,), (1,), (7,), (4, 0))",117.738,197.4354,315.1734,3070.082288685004,4492.204932030876,361.465348505195,886.9202776374888,1248.3856261426838
mobile,LLGBGBLBGBBBBG,"((4,), (5,), (4, 3), (3,), (3, 1), (1,), (0,), (7,), (1, 7), (1,), (2,), (0,), (3,), (2, 4))",42.4351,215.78073,258.21583,3317.934444444443,4193.035095009168,140.7968799434444,904.7761737166976,1045.573053660142
mobile,LLGBGBLBGBBBBG,"((1,), (3,), (1, 7), (2,), (0, 2), (0,), (4,), (1,), (1, 4), (7,), (0,), (3,), (7,), (4, 6))",80.8954,232.92361,313.81901,3150.943678035434,4114.362084787506,254.89684921214769,958.332069635832,1213.2289188479797
mobile,LLGBGBLBGBBBBG,"((4,), (3,), (2, 5), (5,), (3, 3), (4,), (2,), (7,), (4, 0), (3,), (0,), (1,), (2,), (3, 7))",42.3361,185.82844000000009,228.16454000000004,3377.750760669726,4417.53522941296,143.0007939787896,820.9036803268529,963.9044743056425
mobile,LLGBGBLBGBBBBG,"((2,), (1,), (3, 4), (4,), (0, 4), (5,), (3,), (6,), (0, 5), (1,), (4,), (5,), (5,), (3, 5))",60.6631,197.34057,258.00367,3193.0170290642186,4303.362545653804,193.6983113358256,849.2280176759728,1042.9263290117983
mobile,LLGBGBLBGBBBBG,"((5,), (4,), (0, 6), (2,), (0, 3), (7,), (2,), (2,), (1, 2), (1,), (4,), (5,), (2,), (4, 5))",36.4943,205.18701,241.68131,3511.4715790513847,4269.275883070653,128.14869724737497,875.999953312377,1004.148650559752
mobile,LLGBGBLBGBBBBG,"((1,), (3,), (0, 7), (1,), (4, 4), (4,), (5,), (0,), (4, 5), (3,), (5,), (6,), (2,), (1, 3))",80.5652,213.90415,294.46935,3099.923414234265,4257.214304816627,249.7459498524664,910.6358072396414,1160.3817570921078
mobile,LLGBGBLBGBBBBG,"((3,), (3,), (3, 2), (2,), (4, 2), (7,), (0,), (3,), (0, 4), (2,), (0,), (2,), (2,), (1, 6))",49.6099,228.68306,278.29296,3250.232925579324,4068.372262545201,161.2437304146977,930.36781821796,1091.6115486326578
mobile,LLGBGBLBGBBBBG,"((5,), (0,), (3, 1), (6,), (0, 6), (0,), (3,), (6,), (0, 6), (5,), (7,), (7,), (2,), (4, 0))",36.2095,210.42191,246.63141,3452.293772068511,4415.911585378673,125.00583133971476,929.2045501865084,1054.2103815262233
mobile,LLGBGBLBGBBBBG,"((5,), (5,), (1, 4), (1,), (1, 4), (2,), (4,), (3,), (2, 4), (4,), (1,), (6,), (3,), (3, 5))",36.4951,196.28258,232.77768000000003,3497.0157819499327,4254.177988433742,127.62394066384098,835.021031348985,962.644972012826
mobile,LGLBLBBGGLBBLB,"((5,), (3, 4), (0,), (7,), (4,), (4,), (7,), (1, 4), (0, 3), (5,), (1,), (5,), (1,), (6,))",35.8397,186.58716,222.42686,3537.7349799331105,4315.614905655897,126.7913603603087,805.2383289000019,932.0296892603104
mobile,LGLBLBBGGLBBLB,"((2,), (4, 2), (0,), (4,), (5,), (7,), (1,), (2, 5), (3, 1), (3,), (3,), (1,), (4,), (0,))",59.7784,188.13834,247.91674,3158.6094599303133,4189.379667458814,188.81661973949824,788.1829362654532,976.9995560049516
mobile,LGLBLBBGGLBBLB,"((5,), (2, 4), (1,), (0,), (5,), (6,), (5,), (1, 2), (1, 7), (4,), (4,), (4,), (5,), (6,))",35.8363,190.55694000000005,226.39324,3538.490628081258,4217.611593252595,126.80641169510838,803.6951593187395,930.501571013848
mobile,LGLBLBBGGLBBLB,"((0,), (1, 4), (0,), (6,), (3,), (1,), (1,), (1, 3), (0, 7), (1,), (5,), (2,), (0,), (7,))",117.789,222.00962,339.79862,3088.200213821269,4015.051349499803,363.7560149857935,891.3800243829385,1255.136039368732
mobile,LGLBLBBGGLBBLB,"((5,), (0, 5), (5,), (1,), (1,), (7,), (3,), (0, 0), (1, 3), (1,), (3,), (5,), (4,), (2,))",35.842,212.00793,247.84993,3451.1040513834,4028.339213772503,123.6944714096838,854.0398580497359,977.7343294594198
mobile,LGLBLBBGGLBBLB,"((5,), (2, 1), (0,), (4,), (2,), (5,), (3,), (0, 0), (3, 0), (3,), (7,), (4,), (4,), (2,))",35.8646,188.03618,223.90078,3453.962763504612,4192.58470897571,123.87499292798752,788.3576130022042,912.2326059301917
mobile,LGLBLBBGGLBBLB,"((1,), (1, 3), (3,), (1,), (3,), (0,), (0,), (1, 4), (4, 0), (1,), (1,), (1,), (5,), (3,))",80.5048,221.19639,301.70119,3117.248376605925,3903.5198581410073,250.95345710898468,863.444500914103,1114.3979580230875
mobile,LGLBLBBGGLBBLB,"((0,), (0, 6), (5,), (6,), (2,), (3,), (7,), (4, 1), (1, 3), (4,), (6,), (6,), (0,), (2,))",117.798,181.1233100000001,298.92131000000006,3071.21941786284,4365.9561566786615,361.7835049854068,790.7764304125183,1152.559935397925
mobile,LGLBLBBGGLBBLB,"((5,), (3, 1), (0,), (2,), (1,), (2,), (6,), (0, 5), (1, 6), (4,), (7,), (3,), (2,), (2,))",35.8304,203.84303000000003,239.67343,3448.995471014492,4100.898382210893,123.57888732463763,835.9395519519666,959.5184392766042
mobile,LGLBLBBGGLBBLB,"((4,), (4, 7), (5,), (1,), (2,), (6,), (4,), (3, 4), (4, 1), (3,), (1,), (3,), (5,), (1,))",41.2545,171.63197,212.88647,3304.4978937728943,4330.573823497131,136.32540835865387,743.264916557245,879.5903249158989
mobile,BBBGBBLGGGLGBG,"((4,), (6,), (4,), (1, 0), (5,), (0,), (1,), (1, 1), (4, 0), (2, 5), (2,), (4, 5), (1,), (1, 7))",21.0093,212.64574,233.65504,4021.4606684981673,4194.776527490033,84.48807362267854,892.0013588227484,976.4894324454268
mobile,BBBGBBLGGGLGBG,"((7,), (3,), (1,), (3, 4), (5,), (0,), (0,), (3, 0), (1, 3), (2, 4), (3,), (3, 4), (1,), (2, 4))",15.5993,204.32602999999995,219.92533,4601.70517871018,4174.03378744801,71.78337959425372,852.8637528751154,924.6471324693692
mobile,BBBGBBLGGGLGBG,"((7,), (5,), (5,), (1, 4), (2,), (6,), (3,), (0, 4), (4, 5), (2, 1), (0,), (0, 5), (4,), (0, 7))",14.175,240.46498,254.63998,4880.392907647907,4139.797688470213,69.17956946590908,995.476368362036,1064.655937827945
mobile,BBBGBBLGGGLGBG,"((1,), (1,), (0,), (1, 2), (5,), (4,), (0,), (0, 3), (0, 0), (1, 1), (5,), (0, 6), (3,), (0, 5))",41.25,297.44407,338.69407,3371.2298470239857,3803.901923203886,139.0632311897394,1131.4480699185913,1270.5113011083306
mobile,BBBGBBLGGGLGBG,"((3,), (1,), (5,), (1, 1), (0,), (5,), (3,), (2, 2), (2, 1), (4, 5), (0,), (4, 0), (7,), (1, 0))",26.7675,217.75629000000004,244.52379,3572.35535167576,4146.996926323554,95.62302187598092,903.0346653176208,998.6576871936016
mobile,BBBGBBLGGGLGBG,"((7,), (2,), (6,), (2, 6), (7,), (6,), (0,), (3, 3), (0, 7), (3, 6), (2,), (4, 1), (5,), (0, 6))",14.4965,206.6397,221.1362,4818.817023809524,4370.833441792552,69.85598098565475,903.1877111619804,973.043692147635
mobile,BBBGBBLGGGLGBG,"((4,), (4,), (6,), (0, 6), (6,), (0,), (1,), (1, 3), (1, 6), (2, 2), (1,), (1, 3), (0,), (0, 6))",19.6953,269.55309000000005,289.24839000000003,3982.540985680987,3911.7117860516646,78.43733947528274,1054.4139991196453,1132.851338594928
mobile,BBBGBBLGGGLGBG,"((2,), (6,), (4,), (3, 3), (2,), (6,), (2,), (4, 3), (1, 3), (1, 4), (5,), (1, 7), (1,), (0, 2))",30.8833,215.9526,246.8359,3469.640920862763,4196.928285997319,107.15396145128096,906.3375753746648,1013.4915368259456
mobile,BBBGBBLGGGLGBG,"((4,), (5,), (3,), (2, 6), (6,), (0,), (1,), (3, 5), (3, 7), (1, 1), (5,), (4, 5), (4,), (3, 2))",23.0528,174.97828,198.03108,3809.376972096531,4476.946397482024,87.81680546234692,783.3683802836009,871.1851857459478
mobile,BBBGBBLGGGLGBG,"((6,), (0,), (6,), (3, 6), (7,), (5,), (2,), (1, 1), (4, 3), (2, 5), (3,), (4, 7), (7,), (4, 4))",17.5041,160.00331,177.50741,4378.377692307691,4795.162571367915,76.63956096392307,767.2418834069776,843.8814443709007
mobile,BGBGBLBLLBGBLG,"((7,), (3, 6), (6,), (4, 2), (1,), (4,), (1,), (3,), (0,), (3,), (1, 7), (7,), (1,), (0, 2))",15.6786,208.17626,223.85486,4621.75222943723,4242.356456292181,72.46260450445456,883.1579006577598,955.6205051622144
mobile,BGBGBLBLLBGBLG,"((3,), (2, 3), (2,), (4, 3), (4,), (3,), (2,), (1,), (2,), (3,), (3, 7), (5,), (0,), (4, 2))",25.1975,166.92478000000003,192.12228,3688.257307096927,4453.501353105191,92.93486349557485,743.3997335967864,836.3345970923613
mobile,BGBGBLBLLBGBLG,"((5,), (1, 4), (0,), (0, 6), (1,), (3,), (5,), (2,), (1,), (3,), (3, 4), (5,), (0,), (2, 1))",19.9951,224.13988,244.13498,3973.0577619929095,4013.2493460652977,79.44168725682442,899.5292268371544,978.9709140939788
mobile,BGBGBLBLLBGBLG,"((5,), (2, 4), (0,), (2, 5), (4,), (2,), (2,), (1,), (1,), (7,), (0, 1), (1,), (2,), (4, 2))",18.9874,209.27127,228.25867,4107.68224053724,4137.974880152674,77.9942057739768,865.9592583976478,943.9534641716244
mobile,BGBGBLBLLBGBLG,"((5,), (3, 6), (0,), (1, 6), (3,), (0,), (1,), (2,), (2,), (1,), (2, 2), (1,), (2,), (4, 0))",20.404,211.33786,231.74186,4000.578355419093,4078.311034267815,81.62780076397117,861.9015263965467,943.529327160518
mobile,BGBGBLBLLBGBLG,"((1,), (1, 1), (7,), (4, 6), (7,), (0,), (4,), (4,), (1,), (5,), (3, 6), (1,), (0,), (2, 0))",42.2271,188.82672000000005,231.0538200000001,3343.548245427396,4318.960599136144,141.1883461144872,815.5351637441132,956.7235098586004
mobile,BGBGBLBLLBGBLG,"((2,), (1, 1), (1,), (3, 2), (6,), (5,), (0,), (4,), (3,), (5,), (2, 6), (6,), (3,), (3, 2))",30.3392,174.92761,205.26681,3523.7979104010024,4383.86394386352,106.9092095632381,766.8588422652197,873.7680518284577
mobile,BGBGBLBLLBGBLG,"((3,), (4, 4), (4,), (2, 2), (6,), (0,), (5,), (5,), (4,), (1,), (3, 7), (3,), (2,), (0, 7))",24.4698,199.54192000000003,224.01172000000005,3787.3925560224097,4264.181555406434,92.67673836735716,850.8829747943864,943.5597131617436
mobile,BGBGBLBLLBGBLG,"((2,), (1, 0), (2,), (1, 7), (0,), (2,), (4,), (2,), (0,), (2,), (4, 0), (6,), (0,), (1, 1))",31.1712,238.19061,269.36181,3480.432846956965,3965.4792947035535,108.48926835906494,944.5399321478092,1053.029200506874
mobile,BGBGBLBLLBGBLG,"((7,), (0, 4), (3,), (1, 5), (2,), (2,), (3,), (2,), (3,), (7,), (1, 1), (3,), (0,), (0, 3))",15.0703,229.59408,244.66438,4682.901067821067,4028.5216720377457,70.57272396238382,924.924727051568,995.4974510139516
mobile,BBBGGGBGBLGGLB,"((5,), (3,), (7,), (0, 5), (3, 7), (4, 7), (1,), (1, 2), (4,), (1,), (1, 1), (1, 4), (0,), (6,))",17.0322,203.51220000000004,220.5444,4345.293805361305,4194.469625528537,74.00991315167482,853.6257413244889,927.6356544761636
mobile,BBBGGGBGBLGGLB,"((0,), (2,), (0,), (4, 6), (2, 6), (2, 3), (0,), (1, 2), (7,), (2,), (3, 4), (0, 2), (3,), (6,))",53.3257,207.2119700000001,260.53767000000005,3353.008428060226,4161.686060370067,178.80152153221118,862.3511670908209,1041.1526886230322
mobile,BBBGGGBGBLGGLB,"((4,), (0,), (1,), (1, 1), (2, 1), (3, 5), (5,), (4, 0), (7,), (5,), (3, 0), (3, 1), (0,), (6,))",19.6842,170.52790000000002,190.2121,4086.2374554612056,4448.096881212198,80.43431532078947,758.5246201496658,838.9589354704552
mobile,BBBGGGBGBLGGLB,"((6,), (3,), (4,), (0, 7), (4, 5), (1, 2), (3,), (0, 5), (7,), (5,), (0, 6), (4, 6), (4,), (5,))",13.9153,200.60327,214.51857,4468.386998556999,4328.098699150013,62.17894560102021,868.230751932239,930.4096975332592
mobile,BBBGGGBGBLGGLB,"((7,), (2,), (6,), (2, 5), (4, 2), (4, 7), (5,), (3, 1), (4,), (5,), (1, 3), (4, 6), (5,), (7,))",11.1625,144.95799000000002,156.12049000000002,5108.188253968254,4940.914561624575,57.02015138492063,716.2250436148297,773.2451949997503
mobile,BBBGGGBGBLGGLB,"((5,), (4,), (5,), (4, 4), (3, 6), (3, 7), (6,), (3, 7), (5,), (0,), (2, 7), (1, 3), (2,), (7,))",15.7197,155.59222,171.31192,4520.288724608725,4714.624453301926,71.05758266423177,733.558885155533,804.6164678197647
mobile,BBBGGGBGBLGGLB,"((2,), (5,), (6,), (3, 6), (0, 3), (4, 2), (4,), (2, 1), (3,), (4,), (3, 6), (1, 2), (5,), (3,))",28.2223,165.61337999999998,193.83568,3533.789195437346,4435.105307884782,99.7316588103914,734.5127806947393,834.2444395051307
mobile,BBBGGGBGBLGGLB,"((2,), (2,), (4,), (0, 5), (0, 7), (2, 0), (3,), (0, 4), (3,), (2,), (0, 1), (3, 2), (1,), (4,))",29.0436,231.86096,260.90456,3570.99523047532,3942.996108940566,103.714557075833,914.2268630952244,1017.9414201710572
mobile,BBBGGGBGBLGGLB,"((2,), (3,), (5,), (4, 4), (4, 2), (2, 7), (7,), (0, 6), (0,), (3,), (3, 1), (2, 7), (0,), (2,))",30.0563,189.34854,219.40484,3511.509514376232,4299.100221592298,105.54298341694634,814.0283502721782,919.5713336891243
mobile,BBBGGGBGBLGGLB,"((6,), (1,), (6,), (3, 5), (3, 6), (4, 4), (5,), (0, 1), (2,), (0,), (3, 5), (2, 7), (5,), (1,))",16.7255,193.44443,210.16993,4192.243441003439,4252.730514756948,70.11736767250302,822.6670303707645,892.7843980432675
mobile,GLGBBGBGBGGGGG,"((3, 5), (3,), (4, 0), (5,), (3,), (2, 1), (3,), (0, 5), (1,), (0, 4), (2, 3), (3, 3), (0, 2), (4, 2))",16.2548,224.58592000000004,240.84072000000003,4178.579264624264,4226.376874489876,67.92197023061449,949.1847386240336,1017.106708854648
mobile,GLGBBGBGBGGGGG,"((0, 5), (5,), (0, 0), (5,), (2,), (4, 0), (6,), (0, 4), (4,), (1, 6), (4, 0), (3, 1), (2, 2), (4, 3))",15.1544,203.3578,218.5122,4112.089125874127,4439.450715187522,62.31624344914687,902.796930648961,965.113174098108
mobile,GLGBBGBGBGGGGG,"((4, 4), (2,), (1, 7), (6,), (5,), (1, 4), (4,), (4, 5), (7,), (3, 6), (0, 3), (2, 7), (3, 7), (2, 6))",16.5503,192.26548000000005,208.81578,4344.197731712733,4572.299751037787,71.89777571916525,879.0954063371609,950.993182056326
mobile,GLGBBGBGBGGGGG,"((2, 3), (3,), (3, 5), (5,), (3,), (3, 3), (2,), (1, 3), (4,), (4, 7), (0, 6), (4, 0), (2, 0), (1, 4))",20.0379,203.28909,223.32699,3782.253594322344,4388.41202438966,75.78841929767171,892.1162869832317,967.9047062809034
mobile,GLGBBGBGBGGGGG,"((1, 6), (3,), (3, 0), (2,), (5,), (4, 7), (4,), (1, 7), (3,), (2, 4), (2, 4), (4, 4), (3, 6), (1, 5))",13.1202,197.36666,210.48686,4453.574325396826,4474.441329058512,58.43178586407144,883.1055404822393,941.5373263463108
mobile,GLGBBGBGBGGGGG,"((4, 6), (1,), (4, 0), (6,), (6,), (1, 5), (5,), (2, 0), (0,), (1, 0), (1, 2), (0, 6), (4, 7), (4, 4))",12.5748,221.44536,234.02016,4704.558968253969,4333.581094623328,59.158888114000014,959.6514255880568,1018.8103137020568
mobile,GLGBBGBGBGGGGG,"((1, 7), (3,), (0, 3), (2,), (7,), (0, 7), (2,), (4, 7), (4,), (4, 7), (3, 0), (3, 0), (3, 1), (0, 4))",12.3447,220.70566,233.05036,4690.861349206349,4376.905867501167,57.90727609754761,966.0078982447176,1023.9151743422652
mobile,GLGBBGBGBGGGGG,"((4, 2), (0,), (2, 5), (1,), (7,), (2, 2), (3,), (3, 0), (0,), (4, 0), (4, 1), (3, 3), (1, 5), (4, 4))",24.3964,192.39091,216.78731,3845.194240342992,4506.148600772854,93.80889676510375,866.942029897916,960.7509266630198
mobile,GLGBBGBGBGGGGG,"((3, 1), (2,), (1, 5), (5,), (7,), (1, 0), (3,), (3, 5), (1,), (3, 0), (3, 7), (3, 0), (1, 4), (2, 0))",36.9348,190.88214,227.81694,3452.622056951905,4420.114189213389,127.52190514910724,843.7208554814166,971.242760630524
mobile,GLGBBGBGBGGGGG,"((2, 6), (0,), (2, 3), (4,), (6,), (1, 6), (1,), (0, 0), (2,), (0, 7), (2, 2), (0, 2), (1, 6), (0, 7))",12.2527,290.5185,302.7712,4824.610039682539,3952.9711520142414,59.11449943321825,1148.4112496264495,1207.5257490596678
mobile,GLGLBBBBBBLLGG,"((3, 1), (5,), (3, 6), (1,), (6,), (1,), (3,), (7,), (7,), (1,), (0,), (3,), (0, 0), (0, 7))",29.1961,213.76966,242.96576,3746.748370054176,4233.338590465688,109.39044008693874,904.9593511487292,1014.349791235668
mobile,GLGLBBBBBBLLGG,"((1, 6), (1,), (1, 6), (1,), (0,), (1,), (5,), (1,), (5,), (0,), (1,), (1,), (1, 3), (0, 6))",13.0987,257.8336,270.9323,4521.00103174603,3861.2917385225214,59.219236214531726,995.5707495935204,1054.789985808052
mobile,GLGLBBBBBBLLGG,"((4, 3), (3,), (4, 7), (0,), (7,), (7,), (7,), (1,), (0,), (7,), (0,), (3,), (4, 5), (2, 2))",21.5263,183.2561,204.7824,3874.157619684238,4500.086666762517,83.3962791686088,824.6683322128986,908.0646113815072
mobile,GLGLBBBBBBLLGG,"((0, 2), (5,), (4, 1), (1,), (3,), (3,), (2,), (2,), (2,), (3,), (3,), (1,), (1, 4), (2, 5))",24.1443,179.60429999999997,203.74859999999995,3652.775500904325,4214.878309198837,88.1937075264843,757.0102683088405,845.2039758353249
mobile,GLGLBBBBBBLLGG,"((2, 2), (2,), (2, 0), (0,), (2,), (4,), (5,), (2,), (7,), (1,), (3,), (3,), (1, 5), (4, 5))",24.1194,174.1404,198.2598,3739.5433710407247,4365.49761594661,90.19554238347963,760.2095010399889,850.4050434234686
mobile,GLGLBBBBBBLLGG,"((3, 3), (0,), (2, 3), (3,), (3,), (1,), (5,), (4,), (2,), (4,), (3,), (5,), (3, 1), (0, 2))",21.9137,198.9723,220.886,3739.855425554836,4119.313449730237,81.95406983898101,819.6292715137596,901.5833413527406
mobile,GLGLBBBBBBLLGG,"((4, 2), (5,), (3, 6), (2,), (0,), (7,), (2,), (5,), (1,), (6,), (5,), (2,), (3, 2), (4, 0))",27.4653,155.53426000000002,182.99956,3759.552005933952,4675.263497636831,103.25722370857775,727.1636484099564,830.4208721185341
mobile,GLGLBBBBBBLLGG,"((1, 4), (4,), (4, 7), (3,), (0,), (0,), (1,), (3,), (4,), (5,), (2,), (1,), (1, 7), (1, 2))",18.4087,200.70462,219.11332,3849.646200670674,4140.747486842874,70.86698201428624,831.067150862754,901.9341328770404
mobile,GLGLBBBBBBLLGG,"((2, 5), (3,), (1, 1), (1,), (0,), (6,), (2,), (3,), (1,), (7,), (0,), (5,), (3, 5), (2, 0))",17.5285,196.5418,214.0703,4016.024340659339,4216.396560398793,70.39488265524723,828.6981694945873,899.0930521498345
mobile,GLGLBBBBBBLLGG,"((0, 2), (1,), (2, 1), (1,), (2,), (3,), (0,), (1,), (6,), (0,), (2,), (3,), (0, 3), (3, 7))",21.8687,207.72290000000004,229.59160000000003,3868.386402233386,4064.127931955676,84.59658171452125,844.2124399968359,928.8090217113572
mobile,GBLLLLBGBLBLBG,"((4, 5), (6,), (5,), (2,), (3,), (4,), (7,), (4, 3), (5,), (0,), (3,), (5,), (3,), (3, 6))",15.4121,149.80542999999997,165.21752999999998,4628.084184704185,4681.257558004121,71.32849626307937,701.2778014175572,772.6062976806365
mobile,GBLLLLBGBLBLBG,"((3, 1), (6,), (5,), (0,), (2,), (4,), (1,), (3, 5), (4,), (3,), (5,), (2,), (3,), (2, 0))",37.5078,176.65324999999996,214.16105,3515.027609639404,4297.967710670127,131.84095257683285,759.2499644849374,891.0909170617703
mobile,GBLLLLBGBLBLBG,"((1, 3), (0,), (3,), (1,), (3,), (0,), (6,), (4, 0), (2,), (2,), (3,), (5,), (1,), (2, 5))",20.7262,197.52294,218.24914,3865.98798992674,4153.269002867637,80.12724027681959,820.3659040572841,900.4931443341037
mobile,GBLLLLBGBLBLBG,"((3, 1), (0,), (2,), (4,), (3,), (3,), (6,), (3, 2), (6,), (5,), (1,), (1,), (3,), (3, 7))",36.0938,169.69606,205.78986,3639.800043413108,4377.775711460966,131.37421480694405,742.8912897986227,874.2655046055668
mobile,GBLLLLBGBLBLBG,"((2, 7), (0,), (4,), (4,), (3,), (1,), (4,), (3, 3), (6,), (5,), (7,), (3,), (4,), (2, 6))",12.7283,165.78403,178.51233,4965.209325396826,4554.7553923858,63.19867385644842,755.1057046139493,818.3043784703978
mobile,GBLLLLBGBLBLBG,"((2, 5), (1,), (3,), (1,), (3,), (5,), (4,), (0, 2), (1,), (4,), (6,), (5,), (7,), (4, 4))",16.314,173.43660999999997,189.75061,4339.401212121211,4444.574064393851,70.79299137454544,770.851858622391,841.6448499969364
mobile,GBLLLLBGBLBLBG,"((3, 6), (4,), (2,), (0,), (1,), (2,), (7,), (2, 4), (3,), (1,), (7,), (0,), (6,), (3, 5))",14.0974,175.73353000000003,189.83093,4639.375555555557,4400.984967965223,65.40313295688891,773.4006238974657,838.8037568543547
mobile,GBLLLLBGBLBLBG,"((2, 7), (1,), (1,), (2,), (1,), (2,), (4,), (3, 5), (0,), (2,), (1,), (0,), (5,), (4, 5))",13.2273,193.75704,206.98434000000003,4948.228412698415,4204.971402563678,65.45170168328573,814.7428122453865,880.1945139286722
mobile,GBLLLLBGBLBLBG,"((2, 6), (0,), (4,), (3,), (0,), (0,), (0,), (3, 3), (1,), (5,), (4,), (4,), (1,), (3, 7))",13.6187,197.98141,211.60011,4859.090277777778,4182.66166862279,66.17449276597223,828.0892547068928,894.263747472865
mobile,GBLLLLBGBLBLBG,"((1, 4), (7,), (0,), (1,), (5,), (4,), (2,), (2, 5), (6,), (0,), (1,), (1,), (3,), (1, 3))",18.9619,201.69712000000004,220.65902000000003,3921.079836829837,4129.85724809462,74.35112375798369,832.9803129518107,907.3314367097944
mobile,BLLGBBGBLGGLBB,"((2,), (2,), (3,), (1, 1), (0,), (2,), (1, 3), (5,), (3,), (4, 0), (4, 6), (1,), (7,), (2,))",29.1464,180.30066,209.44706,3562.121717931622,4351.545508895864,103.82302443952224,784.5865272739602,888.4095517134824
mobile,BLLGBBGBLGGLBB,"((3,), (1,), (5,), (4, 1), (0,), (0,), (2, 1), (6,), (0,), (4, 5), (1, 2), (3,), (2,), (5,))",21.0355,197.54803,218.58353,3836.2200164296473,4257.753822480619,80.69680615560584,841.1108798560161,921.807686011622
mobile,BLLGBBGBLGGLBB,"((2,), (0,), (4,), (3, 7), (1,), (2,), (3, 4), (6,), (0,), (1, 7), (4, 0), (4,), (1,), (5,))",24.3409,180.14237,204.48327,3708.0773090327607,4400.729206188926,90.25793897143554,792.7577889310918,883.0157279025274
mobile,BLLGBBGBLGGLBB,"((6,), (2,), (0,), (4, 1), (3,), (4,), (1, 5), (7,), (1,), (1, 7), (3, 6), (1,), (1,), (0,))",18.48,194.40527,212.88527,4254.198168824639,4274.433236386463,78.61758215987933,830.9723474166842,909.5899295765636
mobile,BLLGBBGBLGGLBB,"((0,), (5,), (0,), (0, 6), (6,), (1,), (3, 3), (1,), (2,), (1, 5), (4, 5), (4,), (1,), (1,))",56.6801,217.22010000000003,273.90020000000004,3301.925416800806,4100.020928485712,187.15346281681136,890.6069560877594,1077.7604189045708
mobile,BLLGBBGBLGGLBB,"((6,), (2,), (5,), (3, 3), (1,), (0,), (2, 4), (7,), (1,), (3, 4), (3, 2), (3,), (3,), (3,))",15.6852,170.65383999999997,186.33904,4380.602784160283,4399.497386617148,68.71063079011087,750.7911230961807,819.5017538862916
mobile,BLLGBBGBLGGLBB,"((7,), (2,), (1,), (1, 5), (7,), (1,), (0, 7), (2,), (0,), (2, 0), (0, 0), (0,), (1,), (7,))",12.3734,225.1349,237.5083,5225.410158730159,4093.204520759746,64.65609005803175,921.5231904607932,986.1792805188252
mobile,BLLGBBGBLGGLBB,"((4,), (4,), (4,), (1, 1), (5,), (4,), (1, 6), (2,), (1,), (0, 7), (0, 3), (3,), (7,), (0,))",23.22,222.4598,245.6798,3804.632245564893,4090.599326404671,88.3435607420168,909.993908032118,998.3374687741348
mobile,BLLGBBGBLGGLBB,"((6,), (4,), (0,), (0, 5), (4,), (4,), (1, 0), (1,), (1,), (4, 2), (3, 1), (1,), (7,), (1,))",18.1339,196.1636,214.2975,4235.616875901874,4207.860408578971,76.808252865917,825.4290460443218,902.2372989102388
mobile,BLLGBBGBLGGLBB,"((4,), (4,), (4,), (0, 0), (4,), (1,), (4, 6), (3,), (0,), (4, 6), (0, 3), (2,), (0,), (1,))",22.7549,222.83769000000004,245.59259000000003,3829.785130114983,4062.66142431965,87.14637765725342,905.3140870475008,992.460464704754
mobile,LLGBLLLBLGBGBB,"((3,), (1,), (0, 4), (6,), (4,), (1,), (5,), (1,), (4,), (3, 3), (7,), (1, 3), (0,), (5,))",49.287,198.4778,247.7648,3353.232916189201,4229.811078006468,165.27079074021717,839.5235971783521,1004.7943879185692
mobile,LLGBLLLBLGBGBB,"((5,), (0,), (1, 2), (3,), (5,), (2,), (2,), (3,), (5,), (4, 2), (7,), (1, 1), (6,), (2,))",35.8568,185.26192,221.11872,3523.9789871794883,4311.017207539905,126.35860974749748,798.6673250218813,925.0259347693788
mobile,LLGBLLLBLGBGBB,"((3,), (2,), (2, 2), (0,), (4,), (2,), (4,), (5,), (1,), (1, 7), (3,), (4, 4), (7,), (4,))",49.2099,189.6947,238.9046,3341.298856315253,4271.447010498129,164.42498258938798,810.2708592223395,974.6958418117274
mobile,LLGBLLLBLGBGBB,"((2,), (1,), (0, 4), (7,), (0,), (2,), (3,), (5,), (2,), (2, 6), (5,), (2, 7), (3,), (6,))",60.2,182.58853,242.78853,3278.2296187584334,4397.994186603839,197.3494230492577,803.0232934805406,1000.3727165297984
mobile,LLGBLLLBLGBGBB,"((0,), (1,), (1, 1), (1,), (0,), (3,), (4,), (7,), (3,), (1, 4), (2,), (3, 4), (6,), (6,))",117.812,192.43768,310.24968,3153.790177804651,4218.724350706397,371.5543284275216,811.8415266094454,1183.395855036967
mobile,LLGBLLLBLGBGBB,"((0,), (5,), (2, 6), (7,), (0,), (1,), (2,), (1,), (3,), (1, 5), (0,), (1, 7), (6,), (5,))",117.828,208.45439,326.28239,3145.015726378884,4182.920748050736,370.5709130077712,871.9481929532598,1242.519105961031
mobile,LLGBLLLBLGBGBB,"((1,), (2,), (3, 7), (6,), (2,), (4,), (2,), (2,), (5,), (0, 0), (1,), (1, 0), (0,), (4,))",80.5509,210.63055,291.18145,3180.89522523249,4106.466507746148,256.2239731981797,864.9472990831504,1121.1712722813302
mobile,LLGBLLLBLGBGBB,"((1,), (2,), (1, 2), (6,), (0,), (0,), (0,), (0,), (3,), (4, 4), (1,), (0, 2), (2,), (3,))",80.5876,226.4654,307.053,3171.4860062893085,3993.80181988376,255.58244568044023,904.4579266607036,1160.040372341144
mobile,LLGBLLLBLGBGBB,"((0,), (1,), (0, 7), (6,), (4,), (3,), (1,), (6,), (0,), (2, 2), (6,), (1, 1), (2,), (3,))",117.81,203.2579000000001,321.06790000000007,3127.313136863137,4181.8283168887065,368.4287606538462,849.9896418513334,1218.4184025051795
mobile,LLGBLLLBLGBGBB,"((2,), (0,), (4, 6), (7,), (2,), (5,), (4,), (5,), (3,), (0, 7), (1,), (2, 4), (4,), (1,))",59.7225,200.66821,260.39071,3212.753603238866,4283.912903757711,191.8736770694332,859.6451341929622,1051.5188112623955
mobile,GGGLLGLBBBLGLG,"((2, 1), (2, 3), (2, 3), (4,), (0,), (4, 6), (1,), (4,), (3,), (4,), (3,), (3, 2), (1,), (4, 3))",32.9576,156.31820999999997,189.27581,3528.881380461856,4551.941951822089,116.30346098470967,711.551417932735,827.8548789174447
mobile,GGGLLGLBBBLGLG,"((3, 2), (4, 1), (2, 0), (4,), (2,), (1, 7), (1,), (3,), (7,), (2,), (3,), (1, 7), (5,), (2, 7))",22.8105,175.91115000000002,198.72165,4029.078216246689,4498.674578841968,91.9052886516951,791.3670186398563,883.2723072915513
mobile,GGGLLGLBBBLGLG,"((4, 1), (1, 4), (3, 1), (4,), (4,), (2, 5), (5,), (5,), (1,), (2,), (4,), (4, 3), (3,), (3, 6))",31.5846,155.39125,186.97585,3867.9100715789127,4616.093913149488,122.16639244679132,717.3006032816904,839.4669957284817
mobile,GGGLLGLBBBLGLG,"((0, 3), (1, 6), (0, 1), (3,), (4,), (2, 1), (3,), (6,), (1,), (4,), (4,), (2, 4), (5,), (1, 7))",21.3733,195.98871,217.36201,3867.6490842490857,4282.209457100857,82.66442417238099,839.2647074469974,921.9291316193784
mobile,GGGLLGLBBBLGLG,"((4, 5), (3, 1), (3, 1), (4,), (4,), (4, 7), (2,), (5,), (3,), (4,), (2,), (2, 5), (5,), (1, 3))",16.7292,160.23300000000003,176.96220000000002,4308.00696969697,4597.232549249517,72.06951019745455,736.6283630638981,808.6978732613526
mobile,GGGLLGLBBBLGLG,"((2, 3), (3, 3), (1, 5), (5,), (0,), (4, 4), (0,), (7,), (5,), (5,), (4,), (2, 7), (3,), (2, 2))",21.6485,165.42488000000003,187.07338,3734.5006623033846,4631.250596075672,80.84633758787481,766.1240741057466,846.9704116936214
mobile,GGGLLGLBBBLGLG,"((4, 1), (1, 5), (4, 2), (3,), (3,), (0, 0), (5,), (1,), (6,), (7,), (1,), (0, 6), (4,), (4, 6))",33.1002,189.59055000000004,222.69075000000004,3818.371329411069,4462.370910577417,126.38885467777229,846.0233552403735,972.4122099181458
mobile,GGGLLGLBBBLGLG,"((3, 6), (1, 7), (3, 4), (2,), (0,), (4, 2), (4,), (7,), (5,), (1,), (4,), (0, 0), (0,), (0, 4))",13.9224,216.46895,230.39135,4477.535454545454,4240.629725181679,62.33803961236362,917.9646639488666,980.3027035612304
mobile,GGGLLGLBBBLGLG,"((3, 2), (0, 2), (2, 6), (2,), (2,), (4, 6), (1,), (6,), (0,), (3,), (4,), (1, 1), (4,), (1, 4))",24.7009,204.47428,229.17517999999995,3750.586873143198,4206.75532165329,92.64287129482284,860.1732655312247,952.8161368260476
mobile,GGGLLGLBBBLGLG,"((3, 0), (4, 3), (4, 2), (2,), (4,), (2, 1), (1,), (4,), (7,), (2,), (0,), (1, 0), (3,), (3, 5))",49.0522,168.89106999999998,217.94327,3469.556327195398,4493.057918538341,170.18937087285408,758.8373594339132,929.0267303067671
mobile,BBBLGGGGLLLGGL,"((0,), (2,), (7,), (2,), (4, 5), (2, 4), (3, 6), (1, 1), (3,), (1,), (1,), (1, 3), (4, 3), (3,))",61.5011,174.5551,236.0562,3315.50796831863,4274.582859588914,203.9073871103609,746.150238513829,950.05762562419
mobile,BBBLGGGGLLLGGL,"((5,), (1,), (3,), (5,), (1, 7), (2, 3), (1, 4), (1, 0), (3,), (5,), (1,), (4, 2), (4, 4), (1,))",19.3847,161.76958,181.15428,4108.5606955596,4448.20810358724,79.64321651521418,719.5847566699042,799.2279731851183
mobile,BBBLGGGGLLLGGL,"((0,), (2,), (4,), (1,), (3, 6), (3, 1), (1, 3), (2, 3), (2,), (5,), (3,), (3, 6), (0, 4), (2,))",61.4794,167.6079,229.0873,3309.268617580559,4295.549774806888,203.4518490476822,719.9680771008555,923.4199261485376
mobile,BBBLGGGGLLLGGL,"((7,), (0,), (5,), (3,), (0, 3), (3, 4), (2, 5), (1, 6), (3,), (0,), (0,), (4, 5), (1, 6), (1,))",15.8407,189.7252,205.5659,4745.702614607615,4241.321117956831,75.17525140721484,804.6854973685834,879.8607487757982
mobile,BBBLGGGGLLLGGL,"((6,), (5,), (1,), (3,), (0, 3), (3, 7), (2, 0), (1, 7), (3,), (5,), (1,), (0, 6), (1, 5), (1,))",17.7625,190.62860000000003,208.3911,4350.34701141995,4236.451825731265,77.27303879034685,807.5888805065952,884.861919296942
mobile,BBBLGGGGLLLGGL,"((5,), (3,), (0,), (4,), (3, 7), (2, 2), (4, 3), (1, 1), (1,), (2,), (3,), (1, 0), (1, 4), (0,))",19.9142,194.6172,214.5314,4051.810767345399,4137.965623679176,80.68856998306975,805.3192833766949,886.0078533597647
mobile,BBBLGGGGLLLGGL,"((2,), (0,), (5,), (4,), (2, 7), (0, 7), (0, 4), (1, 5), (4,), (0,), (3,), (2, 3), (2, 0), (4,))",31.8679,194.4372,226.3051,3579.7821224689287,4159.751416408712,114.08013870062756,808.8104181025441,922.8905568031716
mobile,BBBLGGGGLLLGGL,"((5,), (5,), (3,), (0,), (3, 4), (3, 4), (2, 6), (2, 7), (4,), (3,), (0,), (1, 4), (2, 3), (3,))",19.3733,165.1323,184.5056,4155.205168532448,4344.743074032045,80.50003629152967,717.4574167239819,797.9574530155115
mobile,BBBLGGGGLLLGGL,"((1,), (6,), (4,), (2,), (0, 5), (3, 4), (4, 5), (2, 2), (2,), (3,), (1,), (1, 4), (3, 7), (2,))",41.9349,166.0001,207.935,3423.055480049963,4319.680364683812,143.5454892503472,717.0673725055492,860.6128617558963
mobile,BBBLGGGGLLLGGL,"((5,), (0,), (0,), (2,), (0, 5), (3, 6), (1, 3), (3, 1), (3,), (5,), (0,), (4, 7), (4, 1), (1,))",19.406,183.85,203.25600000000003,4103.52358974359,4279.6358560294375,79.6329787825641,786.811052131012,866.4440309135762
mobile,GGBLGBBBLBLGGB,"((1, 1), (2, 5), (2,), (5,), (2, 3), (7,), (0,), (4,), (1,), (6,), (5,), (2, 1), (1, 6), (3,))",33.6834,175.47991000000002,209.16331,3470.029966156605,4439.47889328413,116.8824073620394,779.0393566403989,895.9217640024383
mobile,GGBLGBBBLBLGGB,"((1, 1), (2, 6), (0,), (1,), (1, 5), (1,), (0,), (6,), (5,), (2,), (2,), (3, 5), (3, 7), (7,))",30.7146,197.93095,228.64555,3705.557798429032,4288.727835359111,113.81472555562834,848.8719747440724,962.6867002997008
mobile,GGBLGBBBLBLGGB,"((4, 4), (2, 1), (4,), (5,), (4, 2), (2,), (7,), (7,), (1,), (5,), (1,), (3, 4), (1, 6), (2,))",19.0362,162.85137999999998,181.88758,4073.231310078812,4639.104264582506,77.5388458649223,755.4845314511463,833.0233773160686
mobile,GGBLGBBBLBLGGB,"((2, 5), (1, 5), (3,), (5,), (0, 7), (4,), (5,), (4,), (0,), (4,), (4,), (1, 5), (4, 7), (6,))",11.8873,178.61745999999997,190.50476,4557.374574314573,4501.865345143568,54.17487877724962,804.1117532115674,858.286631988817
mobile,GGBLGBBBLBLGGB,"((1, 4), (3, 2), (6,), (3,), (4, 0), (3,), (3,), (5,), (3,), (2,), (4,), (3, 2), (2, 3), (0,))",20.3135,175.12125,195.43475,3819.086807971441,4400.980168765068,77.57901987372787,770.7051483793496,848.2841682530775
mobile,GGBLGBBBLBLGGB,"((2, 5), (0, 5), (3,), (3,), (2, 7), (2,), (5,), (2,), (3,), (2,), (1,), (1, 0), (2, 7), (0,))",18.4734,209.66642,228.13982,4005.070784215783,4138.828447027137,73.98727462513186,867.7733434823396,941.7606181074714
mobile,GGBLGBBBLBLGGB,"((3, 5), (1, 6), (0,), (3,), (4, 7), (1,), (4,), (0,), (5,), (3,), (5,), (0, 1), (3, 6), (0,))",18.6335,231.79469,250.42819,4053.613845182595,4103.396743857647,75.5330135842099,951.1455761894928,1026.6785897737027
mobile,GGBLGBBBLBLGGB,"((0, 4), (4, 0), (7,), (2,), (1, 0), (6,), (3,), (4,), (3,), (2,), (1,), (4, 0), (2, 6), (6,))",15.1214,161.38601999999997,176.50741999999997,4224.246744366744,4646.520450481656,63.87652472026728,749.8834423518414,813.7599670721087
mobile,GGBLGBBBLBLGGB,"((3, 7), (4, 3), (1,), (0,), (1, 1), (4,), (6,), (3,), (4,), (2,), (0,), (0, 3), (0, 7), (7,))",11.4196,207.36829,218.78789,5340.643769841268,4229.285133724532,60.98801559407936,877.0196261028775,938.0076416969569
mobile,GGBLGBBBLBLGGB,"((0, 3), (2, 0), (1,), (5,), (1, 5), (7,), (6,), (2,), (4,), (5,), (0,), (2, 0), (4, 2), (5,))",17.4511,176.78142000000005,194.23252,3879.878625679876,4454.5130365286,67.70814988460208,787.4751400060381,855.1832898906403
mobile,LLLBGLLGGGBLGB,"((3,), (3,), (1,), (4,), (3, 3), (3,), (5,), (1, 5), (3, 2), (4, 1), (2,), (2,), (1, 6), (7,))",49.2735,167.36088999999998,216.63439,3390.40907308378,4454.430105980672,167.05732146259362,745.4973869797195,912.5547084423132
mobile,LLLBGLLGGGBLGB,"((4,), (0,), (1,), (0,), (1, 2), (4,), (0,), (2, 6), (4, 7), (0, 4), (3,), (4,), (3, 1), (1,))",41.2338,230.59103,271.82483,3382.2837629994524,4021.571260402248,139.46441222676685,927.3382591545524,1066.8026713813192
mobile,LLLBGLLGGGBLGB,"((2,), (2,), (1,), (1,), (1, 4), (0,), (2,), (1, 3), (1, 7), (1, 7), (6,), (1,), (0, 6), (3,))",60.2846,228.34225,288.62685,3244.540759159069,4035.208294676986,195.5958418496008,921.408541225206,1117.0043830748068
mobile,LLLBGLLGGGBLGB,"((2,), (0,), (3,), (6,), (1, 1), (3,), (3,), (0, 4), (0, 2), (0, 0), (1,), (3,), (4, 2), (4,))",60.1446,237.85072,297.99532,3252.504935897435,3985.221219197993,195.6206083675769,947.8877363455204,1143.5083447130974
mobile,LLLBGLLGGGBLGB,"((2,), (3,), (5,), (0,), (4, 5), (5,), (0,), (3, 2), (2, 1), (1, 2), (0,), (1,), (3, 5), (5,))",60.1898,205.68402,265.87382,3258.6131275303646,4142.053359142295,196.13527242342715,851.9541859628911,1048.0894583863185
mobile,LLLBGLLGGGBLGB,"((3,), (4,), (1,), (0,), (1, 4), (4,), (0,), (3, 1), (3, 6), (4, 0), (4,), (3,), (0, 3), (2,))",49.2815,201.50815,250.78965,3312.5908164304337,4147.701429370858,163.24944431991642,835.7956417848773,999.0450861047937
mobile,LLLBGLLGGGBLGB,"((5,), (2,), (1,), (0,), (3, 6), (0,), (3,), (1, 6), (2, 3), (1, 5), (3,), (1,), (0, 0), (1,))",35.4178,236.5647,271.9825,3513.08308629776,3944.283305408519,124.4256741338768,933.0781968589746,1057.5038709928515
mobile,LLLBGLLGGGBLGB,"((4,), (5,), (2,), (5,), (0, 0), (0,), (3,), (1, 7), (1, 5), (0, 3), (4,), (0,), (0, 0), (2,))",41.968,237.5827,279.5507,3381.8119159895,3985.3460979233696,141.92788249024736,946.8492863790984,1088.7771688693458
mobile,LLLBGLLGGGBLGB,"((0,), (5,), (0,), (5,), (2, 7), (0,), (3,), (1, 2), (1, 7), (4, 6), (0,), (5,), (1, 5), (3,))",117.83,205.70955,323.53955,3134.489929807034,4235.161170858462,369.3369484291629,871.2130986347674,1240.5500470639304
mobile,LLLBGLLGGGBLGB,"((0,), (0,), (2,), (3,), (0, 2), (2,), (1,), (4, 5), (4, 0), (0, 3), (0,), (1,), (4, 1), (2,))",117.805,226.14113000000003,343.94613000000004,3124.24413919414,4029.883858681914,368.05158081776574,911.3224895710885,1279.3740703888543
mobile,BBLGLBGGBGGLBB,"((3,), (3,), (2,), (1, 3), (4,), (0,), (1, 1), (4, 3), (2,), (4, 4), (3, 5), (4,), (1,), (1,))",25.2409,194.65246,219.89336000000003,3651.25267601035,4226.741263130352,92.16090366990964,822.7455846518304,914.90648832174
mobile,BBLGLBGGBGGLBB,"((7,), (4,), (0,), (1, 7), (1,), (4,), (0, 6), (0, 2), (2,), (4, 2), (4, 7), (3,), (3,), (5,))",11.57,193.01217000000003,204.58217,4889.464808802309,4369.069604688503,56.57110783784271,843.2836052819704,899.8547131198131
mobile,BBLGLBGGBGGLBB,"((7,), (5,), (4,), (4, 2), (2,), (6,), (1, 2), (2, 5), (4,), (1, 7), (0, 3), (5,), (1,), (7,))",11.0304,178.29716000000002,189.32756,5253.549314574315,4571.412871912268,57.94875035948052,815.0699322494012,873.0186826088817
mobile,BBLGLBGGBGGLBB,"((5,), (1,), (2,), (1, 1), (2,), (7,), (4, 1), (1, 0), (2,), (3, 7), (2, 7), (4,), (5,), (4,))",15.6993,179.00343,194.70273,4221.233624708624,4430.622452327382,66.2704130443881,793.096616001613,859.3670290460011
mobile,BBLGLBGGBGGLBB,"((1,), (2,), (4,), (3, 0), (3,), (3,), (0, 0), (2, 6), (6,), (1, 7), (2, 3), (5,), (5,), (6,))",31.0971,179.95262000000002,211.04972000000004,3570.483176671142,4438.024024925207,111.03167239326018,798.6340509082365,909.6657233014968
mobile,BBLGLBGGBGGLBB,"((5,), (6,), (3,), (1, 4), (2,), (5,), (1, 1), (0, 6), (0,), (4, 1), (4, 0), (1,), (5,), (3,))",17.0432,199.0299,216.0731,4133.913061938062,4289.7469331537695,70.45510709722278,853.7879031309014,924.2430102281244
mobile,BBLGLBGGBGGLBB,"((3,), (4,), (3,), (0, 0), (2,), (3,), (3, 3), (2, 6), (4,), (3, 3), (3, 3), (1,), (3,), (6,))",19.3502,176.69598,196.04618,3959.617052857272,4364.598763543691,76.61938189619879,771.2070558311407,847.8264377273395
mobile,BBLGLBGGBGGLBB,"((0,), (3,), (4,), (3, 6), (2,), (0,), (2, 0), (2, 2), (0,), (4, 1), (0, 1), (1,), (3,), (4,))",51.0239,226.5861,277.61,3359.3404635840707,4054.744461248303,171.40665187986724,918.748733970854,1090.1553858507214
mobile,BBLGLBGGBGGLBB,"((6,), (6,), (1,), (4, 6), (4,), (7,), (0, 0), (3, 6), (2,), (3, 7), (4, 6), (0,), (2,), (5,))",13.6759,161.40392999999997,175.07982999999996,4571.586298701298,4746.082470579196,62.52055706240908,766.0363628555915,828.5569199180006
mobile,BBLGLBGGBGGLBB,"((4,), (3,), (5,), (0, 5), (4,), (0,), (4, 2), (0, 5), (7,), (2, 7), (0, 7), (3,), (4,), (7,))",15.2187,223.24105,238.45975,4328.648456820957,4280.256349783177,65.8764022698211,955.5289217947636,1021.4053240645848
mobile,GBBBBLBBGLBLLB,"((1, 4), (5,), (5,), (1,), (3,), (1,), (6,), (1,), (1, 5), (0,), (0,), (0,), (3,), (7,))",15.5237,205.4004,220.9241,4429.75557137307,4119.07200194469,68.76619656332412,846.05903682824,914.825233391564
mobile,GBBBBLBBGLBLLB,"((4, 6), (2,), (5,), (2,), (1,), (0,), (6,), (2,), (1, 7), (5,), (7,), (2,), (3,), (1,))",16.4966,176.06947999999997,192.56608,4369.464865967366,4364.143088055384,72.08131410791725,768.3924041595056,840.4737182674229
mobile,GBBBBLBBGLBLLB,"((4, 4), (1,), (7,), (6,), (0,), (3,), (7,), (2,), (2, 5), (5,), (5,), (4,), (2,), (3,))",18.3497,154.67547000000002,173.02517,4150.99734154734,4586.619409580218,76.16955591819121,709.4375128879428,785.6070688061341
mobile,GBBBBLBBGLBLLB,"((3, 1), (2,), (3,), (6,), (5,), (0,), (2,), (7,), (1, 3), (1,), (3,), (4,), (0,), (5,))",28.9355,169.87789999999998,198.8134,3745.70142714286,4368.052812892379,108.38374364509224,742.0356389432502,850.4193825883424
mobile,GBBBBLBBGLBLLB,"((0, 5), (7,), (3,), (4,), (4,), (3,), (0,), (7,), (1, 5), (2,), (0,), (3,), (5,), (7,))",13.435,172.85879999999997,186.2938,4685.529552669551,4457.42188365459,62.95008954011542,770.5045979022719,833.4546874423874
mobile,GBBBBLBBGLBLLB,"((0, 1), (2,), (3,), (0,), (5,), (1,), (7,), (1,), (1, 1), (5,), (3,), (3,), (4,), (2,))",33.6096,199.11914,232.72874,3444.249865509343,4093.9387116035673,115.75986027982282,815.1815554672103,930.941415747033
mobile,GBBBBLBBGLBLLB,"((3, 6), (6,), (7,), (0,), (0,), (0,), (6,), (0,), (3, 7), (4,), (6,), (2,), (4,), (7,))",11.8796,186.25036,198.12996,5100.894047619049,4357.567750765065,60.59658092809525,811.5985623043837,872.1951432324789
mobile,GBBBBLBBGLBLLB,"((0, 7), (2,), (3,), (4,), (4,), (0,), (3,), (0,), (1, 7), (0,), (7,), (5,), (4,), (5,))",12.3692,189.54170000000005,201.91090000000003,4796.468730158731,4273.739103002693,59.32848101707937,810.0517749396057,869.3802559566851
mobile,GBBBBLBBGLBLLB,"((3, 1), (3,), (6,), (1,), (7,), (5,), (0,), (7,), (4, 0), (0,), (7,), (1,), (3,), (1,))",35.1102,168.29575000000003,203.40595,3537.3138280401267,4519.842242051132,124.19579596525443,760.670240007677,884.8660359729314
mobile,GBBBBLBBGLBLLB,"((3, 0), (2,), (0,), (0,), (1,), (3,), (5,), (0,), (4, 6), (2,), (2,), (1,), (0,), (1,))",49.5645,229.5746,279.1391,3427.8212264898734,3937.896974521247,169.89824518035732,904.0411227669256,1073.9393679472828
mobile,GGGBBGLGBGBGLG,"((2, 3), (1, 0), (4, 0), (0,), (3,), (0, 4), (0,), (4, 6), (0,), (1, 2), (4,), (4, 7), (3,), (4, 4))",20.0447,217.3677600000001,237.41246000000007,3911.1441576479065,4321.702585356,78.39771129680499,939.3988103650428,1017.796521661848
mobile,GGGBBGLGBGBGLG,"((1, 4), (1, 2), (0, 1), (0,), (6,), (2, 2), (2,), (2, 2), (1,), (0, 7), (0,), (0, 5), (2,), (1, 7))",16.9608,289.45474,306.41554,4173.207006327007,3937.221660750175,70.78092939291109,1139.6474721348102,1210.4284015277212
mobile,GGGBBGLGBGBGLG,"((0, 3), (2, 1), (2, 3), (3,), (5,), (0, 1), (1,), (2, 1), (0,), (1, 7), (4,), (4, 7), (3,), (4, 3))",20.0938,205.00586,225.09966,3779.308371212121,4350.3441401732425,75.94066654946212,891.8460417521762,967.7867083016384
mobile,GGGBBGLGBGBGLG,"((1, 5), (3, 3), (4, 7), (5,), (3,), (0, 2), (3,), (1, 6), (1,), (4, 3), (4,), (1, 1), (0,), (1, 2))",15.9301,216.13129,232.06139,4123.840262237761,4315.201780449494,65.69318776147375,932.650127418846,998.3433151803196
mobile,GGGBBGLGBGBGLG,"((3, 3), (4, 7), (4, 6), (6,), (5,), (0, 2), (2,), (3, 0), (6,), (1, 7), (4,), (0, 1), (1,), (2, 6))",18.8513,199.22539,218.07669,4079.467263847265,4493.269095328167,76.90326123096393,895.1732878917013,972.0765491226653
mobile,GGGBBGLGBGBGLG,"((3, 6), (2, 7), (0, 4), (3,), (6,), (1, 2), (4,), (0, 3), (0,), (2, 5), (6,), (4, 0), (4,), (1, 7))",13.2128,227.94392,241.15672,4893.778477633479,4260.89179945622,64.66051626927563,971.2443794639046,1035.9048957331802
mobile,GGGBBGLGBGBGLG,"((1, 0), (1, 6), (4, 3), (6,), (4,), (1, 3), (2,), (0, 5), (1,), (3, 4), (3,), (4, 7), (4,), (2, 5))",46.4224,201.32188,247.74427999999995,3420.601959679849,4408.71578296009,158.79255241304185,887.5709498111972,1046.363502224239
mobile,GGGBBGLGBGBGLG,"((1, 0), (4, 5), (4, 1), (1,), (2,), (0, 2), (0,), (4, 7), (1,), (1, 3), (4,), (3, 3), (4,), (0, 7))",52.1413,233.63842,285.77971999999994,3388.4659818173945,4248.573937417028,176.67902129773532,992.6301019912931,1169.3091232890283
mobile,GGGBBGLGBGBGLG,"((1, 2), (1, 3), (1, 7), (7,), (0,), (2, 7), (1,), (2, 1), (3,), (3, 7), (3,), (3, 4), (3,), (3, 5))",23.6064,186.15091,209.75731,3785.244897055559,4540.938113789333,89.35600513785235,845.2997621355679,934.6557672734202
mobile,GGGBBGLGBGBGLG,"((2, 3), (4, 4), (1, 1), (2,), (1,), (2, 2), (2,), (4, 0), (0,), (4, 4), (2,), (2, 5), (1,), (0, 3))",20.8561,230.68313,251.53923,3753.39516927517,4179.194719797592,78.28118498991986,964.0697188423816,1042.3509038323014
mobile,LBGBLBGGLBBGGG,"((0,), (3,), (1, 7), (0,), (0,), (2,), (2, 1), (3, 3), (0,), (3,), (1,), (0, 2), (2, 5), (3, 5))",117.862,247.1262,364.9882,3222.71080897276,4084.9465609587023,379.8351413671474,1009.4973208127924,1389.33246217994
mobile,LBGBLBGGLBBGGG,"((5,), (0,), (4, 3), (7,), (4,), (3,), (2, 2), (3, 4), (4,), (1,), (2,), (2, 4), (1, 5), (4, 4))",36.4451,175.12814999999998,211.57325,3654.9780408769975,4632.39338767772,133.20604019756624,811.2624840562318,944.468524253798
mobile,LBGBLBGGLBBGGG,"((4,), (7,), (2, 3), (1,), (0,), (1,), (1, 3), (2, 5), (3,), (1,), (4,), (3, 2), (2, 4), (2, 2))",42.0453,205.7676,247.8129,3443.6615088487506,4300.758237217747,144.78978123799837,884.9567006525264,1029.7464818905248
mobile,LBGBLBGGLBBGGG,"((3,), (0,), (3, 6), (6,), (0,), (1,), (4, 0), (2, 4), (2,), (1,), (1,), (0, 0), (4, 4), (2, 6))",49.4721,225.572,275.0441,3395.832710166177,4249.071768154258,167.9989754206121,958.4716168860924,1126.4705923067045
mobile,LBGBLBGGLBBGGG,"((2,), (3,), (1, 1), (6,), (2,), (6,), (2, 4), (4, 6), (2,), (0,), (7,), (0, 6), (2, 7), (0, 0))",59.8551,226.91494,286.77004,3290.7139507422426,4369.328901874466,196.966012593072,991.4660056091104,1188.4320182021825
mobile,LBGBLBGGLBBGGG,"((0,), (4,), (0, 2), (4,), (4,), (1,), (2, 6), (3, 5), (5,), (5,), (6,), (0, 4), (4, 0), (4, 3))",117.831,193.03846,310.86946,3221.238404577878,4536.262956887144,379.561742449816,875.6732153525408,1255.2349578023568
mobile,LBGBLBGGLBBGGG,"((1,), (3,), (3, 1), (0,), (1,), (1,), (3, 0), (3, 7), (1,), (1,), (7,), (4, 7), (4, 2), (2, 3))",80.6061,204.79219999999995,285.39829999999995,3247.880681879267,4424.150230985723,261.79899503162835,906.0314589340744,1167.8304539657026
mobile,LBGBLBGGLBBGGG,"((1,), (6,), (4, 5), (7,), (2,), (1,), (4, 3), (3, 3), (5,), (2,), (1,), (3, 4), (1, 0), (0, 6))",80.717,205.47056,286.18756,3261.042975986278,4475.260956413536,263.2216058926844,919.5343748604248,1182.7559807531093
mobile,LBGBLBGGLBBGGG,"((2,), (3,), (2, 1), (6,), (2,), (2,), (3, 1), (2, 3), (2,), (0,), (5,), (2, 0), (0, 1), (1, 2))",60.4871,216.84703,277.33413,3306.3273847964183,4246.728455509617,199.9901551569194,920.8904527937474,1120.880607950667
mobile,LBGBLBGGLBBGGG,"((4,), (3,), (1, 2), (0,), (5,), (1,), (2, 1), (3, 6), (2,), (3,), (4,), (1, 7), (0, 2), (3, 5))",42.6102,220.62397,263.23417,3498.3168482028814,4244.589728014276,149.06398056529443,936.4582368157298,1085.5222173810243
mobile,LGLGGGGLLLLGLL,"((4,), (0, 2), (3,), (4, 2), (3, 4), (0, 4), (4, 4), (2,), (3,), (2,), (0,), (0, 5), (2,), (0,))",41.4549,209.39288,250.84778,3424.0820361247934,4087.972992096989,141.9449783993497,855.9924381774057,997.9374165767554
mobile,LGLGGGGLLLLGLL,"((5,), (0, 7), (0,), (1, 2), (4, 4), (1, 6), (0, 1), (2,), (0,), (1,), (4,), (1, 3), (2,), (0,))",35.4821,221.1915,256.6736,3586.019846153847,4013.552632026094,127.23951478321544,887.7637270067997,1015.0032417900152
mobile,LGLGGGGLLLLGLL,"((3,), (0, 6), (4,), (2, 5), (4, 2), (0, 5), (4, 4), (5,), (0,), (3,), (3,), (4, 7), (4,), (5,))",47.5768,168.26373000000004,215.84053000000003,3412.6466461459945,4447.92630151118,162.36280695435877,748.424670257376,910.7874772117348
mobile,LGLGGGGLLLLGLL,"((4,), (4, 7), (0,), (2, 2), (0, 0), (1, 0), (1, 4), (3,), (5,), (3,), (1,), (4, 0), (2,), (3,))",40.3274,167.65120000000002,207.97860000000003,3474.22678062678,4335.131941861232,140.1065330730484,726.7900722113658,866.8966052844141
mobile,LGLGGGGLLLLGLL,"((0,), (3, 3), (0,), (3, 3), (3, 0), (4, 4), (4, 5), (1,), (1,), (2,), (3,), (2, 0), (5,), (2,))",117.297,161.1903,278.4873,3206.373915558126,4342.199043138478,376.0980411732215,699.9203664232043,1076.0184075964255
mobile,LGLGGGGLLLLGLL,"((3,), (3, 6), (5,), (3, 0), (3, 5), (4, 0), (1, 3), (3,), (5,), (4,), (4,), (1, 5), (3,), (3,))",47.614,141.52268,189.13668,3378.126108870969,4621.603737863078,160.8460965477823,654.0617468804004,814.9078434281827
mobile,LGLGGGGLLLLGLL,"((5,), (1, 5), (2,), (3, 4), (3, 0), (0, 4), (2, 0), (2,), (0,), (5,), (4,), (1, 7), (1,), (1,))",35.1616,190.04484,225.20644,3577.2891963109346,4184.05071710244,125.78321180500656,795.1572490836185,920.940460888625
mobile,LGLGGGGLLLLGLL,"((2,), (3, 4), (1,), (0, 3), (1, 6), (4, 2), (0, 3), (3,), (2,), (0,), (1,), (1, 4), (4,), (3,))",58.7271,192.2347,250.9618,3305.4970389113814,4115.421810058021,194.1222551538526,791.1268770299606,985.2491321838132
mobile,LGLGGGGLLLLGLL,"((5,), (3, 0), (1,), (0, 5), (1, 3), (1, 3), (2, 3), (3,), (5,), (3,), (5,), (3, 0), (3,), (1,))",35.0883,175.3284,210.4167,3587.001926877471,4250.792696430185,125.86179971085474,745.28468219679,871.1464819076447
mobile,LGLGGGGLLLLGLL,"((0,), (0, 3), (4,), (2, 1), (0, 2), (3, 4), (2, 4), (5,), (0,), (2,), (4,), (2, 0), (0,), (1,))",117.394,203.40676,320.80076,3199.798538714227,4047.245768542767,375.637149653818,823.2371487029941,1198.874298356812
mobile,BBGBGGLBBBLBLL,"((5,), (5,), (2, 2), (1,), (3, 2), (3, 6), (4,), (4,), (3,), (4,), (1,), (6,), (0,), (1,))",20.402,165.10800999999998,185.51001,4141.863453188968,4454.836730307892,84.50229817196133,735.5292274160427,820.031525588004
mobile,BBGBGGLBBBLBLL,"((6,), (1,), (3, 1), (1,), (1, 1), (4, 7), (3,), (1,), (4,), (2,), (2,), (5,), (1,), (2,))",17.7268,173.95139,191.67819,4455.668991841493,4389.425187014032,78.98475308457579,763.5466125821009,842.5313656666767
mobile,BBGBGGLBBBLBLL,"((5,), (6,), (1, 0), (5,), (1, 6), (3, 7), (1,), (0,), (6,), (5,), (1,), (4,), (4,), (4,))",19.6959,160.59930999999995,180.29521,4241.381692792502,4606.4943334554255,83.53782968307185,739.799811471851,823.3376411549228
mobile,BBGBGGLBBBLBLL,"((2,), (2,), (3, 4), (4,), (4, 3), (2, 7), (5,), (3,), (2,), (6,), (5,), (7,), (3,), (2,))",33.8075,140.59863,174.40613000000002,3618.4780214568063,4870.211217907375,122.33169571040098,684.7450250484085,807.0767207588094
mobile,BBGBGGLBBBLBLL,"((4,), (6,), (3, 7), (3,), (3, 0), (4, 4), (1,), (0,), (0,), (5,), (0,), (0,), (3,), (2,))",22.4756,197.81991,220.29551,3974.22145209366,4283.099988585708,89.32301166867626,847.2824542630258,936.605465931702
mobile,BBGBGGLBBBLBLL,"((1,), (4,), (3, 4), (0,), (4, 5), (2, 0), (0,), (2,), (5,), (7,), (3,), (7,), (3,), (4,))",42.022,168.88114,210.90314,3521.4024469145143,4605.601246870124,147.97637362424172,777.7991889568478,925.7755625810896
mobile,BBGBGGLBBBLBLL,"((7,), (0,), (3, 0), (0,), (1, 0), (3, 7), (2,), (2,), (4,), (3,), (4,), (4,), (5,), (0,))",16.5684,190.73098,207.29938,4730.04327061827,4301.596922671239,78.36924892491174,820.4477966260695,898.8170455509812
mobile,BBGBGGLBBBLBLL,"((6,), (7,), (3, 6), (2,), (4, 3), (4, 0), (4,), (3,), (0,), (1,), (0,), (6,), (5,), (0,))",18.7762,177.43282000000005,196.20902000000004,4350.838867676442,4508.368805943551,81.6922207472664,799.9325908385972,881.6248115858637
mobile,BBGBGGLBBBLBLL,"((3,), (2,), (2, 0), (3,), (0, 1), (0, 0), (0,), (0,), (4,), (3,), (2,), (1,), (1,), (3,))",26.719,209.3,236.019,3776.821927981719,4081.5898583615567,100.91290509374356,854.2767573550739,955.1896624488174
mobile,BBGBGGLBBBLBLL,"((5,), (2,), (3, 3), (5,), (4, 4), (3, 2), (5,), (2,), (1,), (6,), (4,), (2,), (1,), (4,))",19.9715,148.40512000000004,168.37662000000003,4252.273233849483,4702.428318718942,84.92427488982496,697.8644389308831,782.788713820708
mobile,BLGGLBLLLGBLLB,"((0,), (4,), (4, 7), (3, 2), (0,), (0,), (0,), (5,), (5,), (1, 2), (2,), (5,), (3,), (0,))",60.4996,205.50230000000005,266.00190000000003,3371.722543614031,4190.34601240232,203.98786519963144,861.1257433445055,1065.113608544137
mobile,BLGGLBLLLGBLLB,"((2,), (0,), (4, 4), (2, 3), (5,), (3,), (5,), (5,), (0,), (4, 5), (1,), (3,), (1,), (5,))",28.0004,166.73215999999996,194.73256,3788.1383777179126,4468.253631687974,106.06938983145264,745.0015794391802,851.0709692706329
mobile,BLGGLBLLLGBLLB,"((4,), (1,), (3, 1), (2, 1), (3,), (2,), (3,), (2,), (1,), (0, 0), (7,), (3,), (0,), (2,))",21.6735,193.21709000000004,214.89059000000003,3957.10568070818,4187.806905384946,85.76432997082874,809.1558637403847,894.9201937112134
mobile,BLGGLBLLLGBLLB,"((3,), (3,), (2, 6), (4, 7), (1,), (5,), (3,), (2,), (4,), (2, 3), (5,), (4,), (4,), (5,))",22.8283,146.16859000000005,168.99689000000004,3951.1524467117865,4634.093244584975,90.19809339927068,677.3588754895112,767.5569688887819
mobile,BLGGLBLLLGBLLB,"((0,), (4,), (3, 4), (4, 7), (0,), (6,), (0,), (0,), (1,), (2, 1), (1,), (2,), (3,), (3,))",56.6162,188.5854,245.2016,3411.725233712112,4234.3375385004965,193.1589181768917,798.5342384331315,991.6931566100232
mobile,BLGGLBLLLGBLLB,"((0,), (0,), (4, 0), (0, 3), (4,), (0,), (5,), (4,), (3,), (4, 6), (6,), (5,), (1,), (1,))",60.2779,204.44479,264.72269,3378.978680534827,4234.4034501093565,203.67773900741028,865.7017241328829,1069.3794631402932
mobile,BLGGLBLLLGBLLB,"((7,), (5,), (0, 6), (2, 0), (3,), (1,), (5,), (3,), (3,), (1, 5), (3,), (4,), (2,), (2,))",15.6365,181.71029,197.34679000000003,4757.86722222222,4310.051464541178,74.39639082027776,783.1807015367021,857.5770923569798
mobile,BLGGLBLLLGBLLB,"((3,), (2,), (4, 3), (1, 0), (2,), (2,), (4,), (3,), (4,), (1, 6), (3,), (5,), (3,), (3,))",23.5423,162.87514,186.41744,3807.297726042074,4422.17587379743,89.63254525580031,720.2625145493787,809.895059805179
mobile,BLGGLBLLLGBLLB,"((3,), (0,), (0, 6), (0, 2), (0,), (7,), (5,), (5,), (3,), (4, 5), (3,), (4,), (4,), (4,))",24.0748,183.9276,208.0024,3878.826268249724,4386.458675427926,93.38196664285844,806.7908166706375,900.1727833134959
mobile,BLGGLBLLLGBLLB,"((7,), (4,), (4, 3), (3, 2), (2,), (2,), (1,), (1,), (1,), (4, 3), (5,), (1,), (5,), (2,))",15.4035,161.40260999999998,176.80611,4844.460974858476,4466.264006981508,74.62165462623253,720.8666676758735,795.488322302106
mobile,BBGLLLGLBGBGBG,"((0,), (3,), (0, 3), (4,), (5,), (1,), (0, 1), (1,), (4,), (3, 1), (1,), (0, 6), (5,), (1, 0))",60.7794,231.61517999999995,292.39458,3373.220016848293,4134.899676582922,205.02228869202915,957.7055328736952,1162.7278215657243
mobile,BBGLLLGLBGBGBG,"((3,), (3,), (1, 7), (2,), (0,), (3,), (1, 3), (5,), (3,), (4, 0), (1,), (1, 3), (1,), (0, 7))",24.8189,224.71699,249.53589,3910.2375258448974,4231.509403246267,97.04779413019192,950.8920562541972,1047.9398503843893
mobile,BBGLLLGLBGBGBG,"((1,), (0,), (1, 0), (3,), (0,), (2,), (3, 1), (2,), (6,), (2, 5), (0,), (4, 6), (5,), (4, 5))",37.093,192.82659,229.91959,3684.887405648432,4423.910142875129,136.6835285377173,853.047507317024,989.7310358547412
mobile,BBGLLLGLBGBGBG,"((1,), (7,), (3, 2), (0,), (2,), (1,), (3, 0), (0,), (6,), (1, 6), (5,), (1, 3), (1,), (4, 0))",42.3793,193.33904,235.71834,3510.235530419772,4435.77129421245,148.76132461431865,857.6077636825927,1006.3690882969112
mobile,BBGLLLGLBGBGBG,"((1,), (1,), (0, 4), (5,), (4,), (4,), (2, 4), (5,), (1,), (4, 1), (7,), (1, 0), (7,), (2, 1))",41.7169,195.01561,236.73251,3497.958340396346,4471.620701435983,145.9239782904803,872.0358387791662,1017.9598170696464
mobile,BBGLLLGLBGBGBG,"((1,), (0,), (2, 5), (2,), (1,), (5,), (4, 4), (3,), (1,), (1, 2), (6,), (4, 5), (1,), (2, 6))",41.4269,195.12055000000004,236.54745000000003,3569.944933907096,4407.833335749769,147.8917517824759,860.0588647798296,1007.9506165623056
mobile,BBGLLLGLBGBGBG,"((0,), (2,), (2, 2), (2,), (0,), (1,), (1, 0), (1,), (0,), (2, 4), (4,), (3, 5), (7,), (3, 5))",52.849,201.64891000000003,254.49791,3510.5824607939594,4259.170984615248,185.53077247049995,858.8571865512916,1044.3879590217916
mobile,BBGLLLGLBGBGBG,"((5,), (3,), (2, 7), (4,), (0,), (1,), (3, 5), (1,), (3,), (3, 4), (5,), (3, 7), (3,), (0, 2))",19.1959,196.39165,215.58755,4182.175178155179,4382.818228773999,80.28061650234902,860.7489035990033,941.0295201013524
mobile,BBGLLLGLBGBGBG,"((5,), (5,), (4, 7), (0,), (5,), (2,), (2, 3), (2,), (2,), (0, 1), (2,), (0, 5), (2,), (4, 7))",17.2987,203.57886,220.87756,4665.483146853147,4359.051472747509,80.70679331246853,887.410729503259,968.1175228157276
mobile,BBGLLLGLBGBGBG,"((3,), (1,), (2, 3), (1,), (4,), (1,), (3, 6), (2,), (3,), (4, 0), (3,), (1, 1), (3,), (0, 0))",26.4296,216.89605000000003,243.32565,3736.028212934296,4174.051006221407,98.74173125656829,905.3351757479488,1004.076907004517
mobile,BGBGLGBGGBGLLG,"((1,), (4, 6), (1,), (0, 6), (0,), (1, 4), (0,), (1, 4), (0, 3), (4,), (0, 2), (0,), (2,), (0, 4))",40.6484,305.69620000000003,346.3446,3518.135663749742,3965.373263999348,143.006585714365,1212.1995383861977,1355.2061241005626
mobile,BGBGLGBGGBGLLG,"((0,), (1, 4), (2,), (0, 5), (1,), (2, 5), (2,), (1, 4), (1, 5), (1,), (0, 6), (4,), (2,), (0, 7))",59.0871,284.9535,344.0406,3440.125611284027,4035.94930134754,203.26704600650044,1150.0578792415365,1353.3249252480368
mobile,BGBGLGBGGBGLLG,"((0,), (0, 0), (0,), (4, 1), (2,), (1, 3), (7,), (1, 4), (3, 0), (3,), (2, 6), (5,), (4,), (4, 4))",55.3496,214.60733,269.95693,3462.739209078108,4360.330901471803,191.6612301267897,935.7589726813568,1127.4202028081463
mobile,BGBGLGBGGBGLLG,"((7,), (1, 2), (2,), (4, 6), (2,), (3, 3), (3,), (1, 1), (4, 0), (5,), (0, 0), (1,), (0,), (4, 0))",17.1973,205.76615000000004,222.96345000000005,4694.279490509492,4444.517854168992,80.72893268213886,914.531327458615,995.260260140754
mobile,BGBGLGBGGBGLLG,"((5,), (4, 0), (7,), (4, 5), (1,), (3, 4), (3,), (0, 1), (3, 7), (1,), (4, 1), (0,), (4,), (0, 7))",17.3675,221.41876,238.78626,4485.423356643357,4469.889028824475,77.9005901465035,989.7172860999194,1067.6178762464228
mobile,BGBGLGBGGBGLLG,"((0,), (2, 0), (4,), (3, 2), (4,), (2, 5), (4,), (4, 2), (1, 2), (2,), (0, 3), (0,), (1,), (2, 0))",61.0676,226.67988,287.74748,3376.543194267519,4211.991972257481,206.1973891702512,954.7738348322893,1160.9712240025403
mobile,BGBGLGBGGBGLLG,"((0,), (0, 2), (6,), (4, 0), (4,), (0, 0), (1,), (4, 2), (4, 6), (1,), (2, 2), (1,), (5,), (0, 4))",59.6762,237.84337000000005,297.51957000000004,3406.264421626693,4269.86836208342,203.27291687787888,1015.559880694301,1218.83279757218
mobile,BGBGLGBGGBGLLG,"((7,), (3, 6), (6,), (2, 4), (2,), (1, 2), (5,), (0, 7), (2, 6), (7,), (3, 3), (0,), (3,), (2, 4))",14.9668,199.15638,214.12318,4905.82303030303,4541.345617289789,73.42447212993939,904.4379534682998,977.8624255982392
mobile,BGBGLGBGGBGLLG,"((0,), (0, 1), (0,), (2, 0), (4,), (3, 0), (1,), (1, 6), (4, 1), (3,), (2, 6), (3,), (2,), (2, 0))",60.9135,236.38715,297.30065,3387.6354286176893,4168.210901848483,206.3527306811036,985.3114956868926,1191.6642263679962
mobile,BGBGLGBGGBGLLG,"((7,), (3, 1), (4,), (1, 3), (1,), (0, 0), (6,), (3, 7), (3, 1), (3,), (0, 4), (5,), (2,), (1, 6))",14.0209,224.62637,238.64727,5050.105396825397,4332.062741265367,70.8070227583492,973.0955281826886,1043.9025509410378
mobile,BGBLBLLLBLGLBB,"((5,), (2, 7), (4,), (5,), (7,), (2,), (5,), (4,), (0,), (0,), (2, 2), (2,), (5,), (3,))",18.3316,171.82335999999998,190.15496,4342.822655677655,4397.570940395247,79.61088779482051,755.6054148170709,835.2163026118915
mobile,BGBLBLLLBLGLBB,"((0,), (3, 4), (1,), (5,), (4,), (3,), (3,), (3,), (0,), (0,), (2, 3), (3,), (4,), (6,))",51.6713,186.23132,237.90262,3489.310283418286,4234.745039513949,180.29719844759128,788.642158572135,968.9393570197263
mobile,BGBLBLLLBLGLBB,"((4,), (2, 3), (3,), (4,), (7,), (5,), (4,), (4,), (6,), (5,), (0, 0), (1,), (6,), (0,))",23.1717,183.28636,206.45806,3950.4610173718606,4333.473976205988,91.53889755623555,794.2666712535222,885.8055688097577
mobile,BGBLBLLLBLGLBB,"((7,), (3, 5), (5,), (3,), (3,), (4,), (3,), (2,), (2,), (5,), (4, 0), (5,), (4,), (3,))",14.4906,139.08765999999997,153.57825999999997,4965.67073232323,4739.717304650253,71.955548313803,659.2361889653107,731.1917372791137
mobile,BGBLBLLLBLGLBB,"((3,), (1, 5), (4,), (1,), (4,), (4,), (0,), (4,), (6,), (2,), (1, 6), (2,), (4,), (3,))",23.5516,172.13033,195.68193,3819.222213227948,4329.204558081526,89.94879387705934,745.1874092200771,835.1362030971364
mobile,BGBLBLLLBLGLBB,"((7,), (0, 5), (4,), (0,), (3,), (4,), (0,), (0,), (7,), (5,), (4, 3), (4,), (1,), (3,))",14.6192,181.29869,195.91789,4860.670476190474,4405.815153154191,71.05911382552378,798.7685156490041,869.827629474528
mobile,BGBLBLLLBLGLBB,"((5,), (4, 5), (1,), (4,), (3,), (4,), (1,), (2,), (7,), (0,), (3, 0), (5,), (3,), (6,))",16.1512,159.3731,175.52429999999998,4524.877836330334,4583.793470705069,73.08220691013848,730.533375186026,803.6155820961644
mobile,BGBLBLLLBLGLBB,"((0,), (2, 5), (2,), (2,), (7,), (0,), (1,), (5,), (7,), (3,), (3, 0), (5,), (4,), (5,))",55.5851,168.52123999999998,224.10634,3453.8998168238736,4477.620159357642,191.9853667081367,754.5741015039473,946.559468212084
mobile,BGBLBLLLBLGLBB,"((5,), (1, 7), (0,), (2,), (6,), (5,), (5,), (3,), (3,), (1,), (0, 7), (0,), (2,), (0,))",20.1931,222.90839,243.10149,4140.64806970807,4097.679378436564,83.61252053642202,913.4071129834952,997.0196335199172
mobile,BGBLBLLLBLGLBB,"((1,), (4, 2), (7,), (5,), (6,), (3,), (2,), (5,), (1,), (3,), (3, 4), (1,), (4,), (1,))",40.6277,159.90524,200.53294,3500.949306662076,4500.658380516803,142.2355181462748,719.6788584945507,861.9143766408255
mobile,BGGLLLLLBBGLGL,"((2,), (0, 4), (4, 2), (4,), (0,), (3,), (4,), (3,), (3,), (1,), (2, 1), (1,), (3, 2), (1,))",31.8233,172.41825000000003,204.24155,3638.9518620365134,4264.934879318941,115.80345679114656,735.3526082561332,851.1560650472798
mobile,BGGLLLLLBBGLGL,"((2,), (0, 1), (4, 7), (3,), (2,), (0,), (2,), (4,), (1,), (7,), (2, 4), (3,), (2, 3), (0,))",32.0716,185.51197,217.58357,3615.358521739131,4298.42612064666,115.9503323658087,797.4094975406194,913.359829906428
mobile,BGGLLLLLBBGLGL,"((2,), (1, 7), (3, 1), (2,), (4,), (4,), (3,), (4,), (7,), (0,), (3, 5), (0,), (4, 5), (3,))",31.7914,155.12128999999996,186.91269,3665.869798579039,4581.892503115886,116.54313311454568,710.7490757246651,827.2922088392107
mobile,BGGLLLLLBBGLGL,"((1,), (2, 1), (2, 0), (5,), (0,), (0,), (0,), (5,), (1,), (5,), (1, 0), (0,), (0, 2), (1,))",41.9427,209.6956,251.6383,3492.31576951146,4084.8211210047607,146.47715262588832,856.5690158617659,1003.0461684876544
mobile,BGGLLLLLBBGLGL,"((6,), (1, 4), (4, 6), (3,), (4,), (2,), (4,), (5,), (1,), (2,), (0, 3), (4,), (4, 4), (1,))",17.3578,168.06143000000003,185.41923000000003,4472.104637494856,4416.846271246097,77.62589787670824,742.301500435787,819.9273983124953
mobile,BGGLLLLLBBGLGL,"((2,), (4, 5), (3, 3), (3,), (2,), (0,), (3,), (0,), (2,), (2,), (1, 5), (2,), (1, 1), (2,))",31.9,176.4973,208.3973,3651.27559570864,4236.1562200663575,116.4756915031056,747.6701352199178,864.1458267230234
mobile,BGGLLLLLBBGLGL,"((4,), (3, 4), (1, 0), (0,), (4,), (2,), (1,), (1,), (1,), (0,), (1, 6), (3,), (3, 0), (2,))",22.3901,193.74614,216.13624,3985.2943265639583,4124.827024953253,89.2311385011997,799.1693142523766,888.4004527535762
mobile,BGGLLLLLBBGLGL,"((1,), (2, 1), (1, 0), (2,), (2,), (5,), (0,), (1,), (6,), (5,), (2, 2), (5,), (4, 2), (1,))",41.8636,164.27567000000002,206.13927,3487.451171880482,4417.658191053141,145.99726087913575,725.7137591662429,871.7110200453786
mobile,BGGLLLLLBBGLGL,"((1,), (1, 6), (2, 6), (3,), (1,), (5,), (0,), (2,), (3,), (3,), (3, 3), (5,), (4, 4), (4,))",41.8552,155.89878,197.75398,3524.2216069498845,4478.463682221634,147.50700020320883,698.1870243326605,845.6940245358693
mobile,BGGLLLLLBBGLGL,"((6,), (4, 7), (2, 0), (1,), (5,), (0,), (0,), (0,), (1,), (7,), (3, 4), (0,), (4, 3), (1,))",17.3933,175.75158999999996,193.14489,4473.059045954044,4396.724793497435,77.80125790399248,772.7313732495957,850.5326311535881
mobile,GLGGLGGBBLGGBB,"((2, 3), (3,), (1, 0), (0, 3), (4,), (4, 3), (1, 6), (4,), (6,), (3,), (0, 3), (0, 6), (0,), (0,))",24.0507,259.46029,283.51099,3731.616453621799,4100.955933080255,89.7479878411218,1064.0352156742233,1153.7832035153451
mobile,GLGGLGGBBLGGBB,"((4, 4), (4,), (1, 3), (0, 6), (5,), (0, 6), (3, 2), (6,), (3,), (5,), (3, 2), (1, 3), (6,), (4,))",16.4495,192.81509,209.26459,4294.677753912754,4451.57171272562,70.64530171298786,858.3302004306446,928.9755021436324
mobile,GLGGLGGBBLGGBB,"((0, 5), (2,), (2, 0), (2, 5), (2,), (2, 6), (1, 0), (0,), (5,), (4,), (1, 3), (0, 6), (6,), (4,))",14.7089,218.39863,233.10753,4327.484213564214,4248.462618079415,63.65253254889466,927.8584153947576,991.510947943652
mobile,GLGGLGGBBLGGBB,"((3, 5), (4,), (4, 0), (0, 1), (0,), (1, 5), (0, 2), (3,), (3,), (2,), (0, 7), (0, 1), (1,), (7,))",12.8613,239.03629,251.89759,4967.265876623377,4196.295918996508,63.88549661901624,1003.0670082190658,1066.952504838082
mobile,GLGGLGGBBLGGBB,"((0, 7), (0,), (1, 6), (4, 3), (5,), (2, 4), (4, 1), (7,), (5,), (1,), (3, 1), (3, 5), (3,), (2,))",13.3354,175.03727,188.37267,4701.212370129871,4637.658321386795,62.69254744062987,811.7630517683273,874.4555992089571
mobile,GLGGLGGBBLGGBB,"((4, 7), (2,), (2, 3), (3, 2), (4,), (1, 4), (3, 2), (4,), (1,), (1,), (0, 6), (0, 4), (3,), (7,))",10.7108,212.30003,223.01083000000003,5516.807896825398,4347.878359700931,59.08942602131747,923.0547062008584,982.1441322221758
mobile,GLGGLGGBBLGGBB,"((0, 0), (1,), (4, 5), (0, 7), (2,), (1, 5), (2, 1), (5,), (0,), (2,), (2, 1), (1, 1), (7,), (5,))",44.6625,216.33822,261.00072,3471.900369187653,4286.3215172740365,155.06375023884354,927.2951673947643,1082.358917633608
mobile,GLGGLGGBBLGGBB,"((0, 0), (3,), (1, 6), (0, 0), (2,), (3, 7), (1, 7), (6,), (6,), (4,), (3, 4), (0, 7), (0,), (3,))",50.3203,214.84534,265.16564,3428.7968829723227,4353.771355994862,172.53808779023217,935.3874872609772,1107.9255750512093
mobile,GLGGLGGBBLGGBB,"((3, 6), (3,), (3, 7), (1, 5), (3,), (2, 5), (0, 1), (7,), (7,), (5,), (2, 7), (3, 6), (1,), (3,))",13.794,168.81940999999998,182.61341,4537.938593073592,4790.245392363138,62.59632495285712,808.6864008939634,871.2827258468205
mobile,GLGGLGGBBLGGBB,"((4, 7), (2,), (2, 1), (4, 0), (0,), (0, 0), (4, 1), (6,), (5,), (4,), (4, 1), (4, 6), (3,), (5,))",11.5551,162.35635,173.91145,5164.635833333334,4820.566444385715,59.67788351775,782.6495728429427,842.3274563606927
mobile,GGLBGGBBLGLGGB,"((1, 1), (1, 3), (0,), (4,), (3, 7), (2, 2), (0,), (7,), (0,), (3, 0), (3,), (4, 7), (3, 7), (2,))",34.9886,185.71252000000007,220.7011200000001,3567.580500834786,4507.319287010245,124.824647111508,837.0656232352761,961.890270346784
mobile,GGLBGGBBLGLGGB,"((1, 6), (1, 3), (5,), (2,), (1, 0), (0, 0), (3,), (6,), (1,), (0, 2), (2,), (2, 0), (4, 7), (1,))",15.7384,223.2746,239.013,4324.7356632256615,4214.443819113567,68.06441976211076,940.978257935054,1009.0426776971648
mobile,GGLBGGBBLGLGGB,"((3, 1), (2, 7), (5,), (7,), (1, 3), (3, 4), (1,), (1,), (5,), (4, 7), (1,), (0, 7), (1, 5), (5,))",29.2238,179.08713,208.31093,3845.0558090395366,4606.858645691961,112.3671419522096,825.0290931726602,937.3962351248698
mobile,GGLBGGBBLGLGGB,"((4, 5), (4, 4), (1,), (4,), (4, 7), (2, 3), (0,), (6,), (0,), (4, 5), (1,), (0, 2), (0, 1), (7,))",13.9374,194.5916,208.529,5083.223033910533,4467.665420511127,70.84691271282466,869.3701624419331,940.2170751547576
mobile,GGLBGGBBLGLGGB,"((1, 2), (4, 5), (4,), (6,), (0, 4), (0, 1), (2,), (6,), (4,), (2, 4), (0,), (0, 0), (0, 4), (7,))",23.4561,210.54796,234.00406,4034.956651506817,4336.205680587847,94.64434671340904,912.9792601881828,1007.623606901592
mobile,GGLBGGBBLGLGGB,"((0, 1), (4, 2), (2,), (7,), (1, 6), (1, 4), (4,), (6,), (3,), (1, 1), (1,), (3, 5), (2, 2), (1,))",35.3466,181.6836,217.0302,3515.2992911672627,4474.508206104277,124.2538779251728,812.9447591145671,937.19863703974
mobile,GGLBGGBBLGLGGB,"((0, 3), (1, 4), (4,), (5,), (1, 6), (0, 4), (5,), (7,), (4,), (0, 0), (0,), (4, 6), (1, 6), (2,))",21.8074,206.33797,228.14537,3812.371314102565,4372.147583079453,83.13790619516028,902.1400568330208,985.277963028181
mobile,GGLBGGBBLGLGGB,"((3, 5), (1, 5), (2,), (4,), (0, 7), (2, 5), (1,), (7,), (2,), (0, 7), (3,), (4, 6), (1, 1), (6,))",13.3871,190.54982,203.93692,4724.769844877344,4532.384408813626,63.2509663903575,863.6450332702428,926.8959996606004
mobile,GGLBGGBBLGLGGB,"((2, 6), (0, 6), (4,), (2,), (0, 4), (0, 4), (4,), (0,), (4,), (0, 5), (5,), (2, 0), (1, 0), (2,))",15.4109,239.73948,255.15038,4449.78413059163,4105.698597808125,68.57517825813454,984.2980468752488,1052.8732251333836
mobile,GGLBGGBBLGLGGB,"((2, 7), (3, 1), (2,), (6,), (3, 3), (0, 2), (5,), (0,), (5,), (0, 4), (2,), (1, 1), (1, 3), (4,))",13.2351,208.18656,221.42166,4849.819974747474,4282.604906959305,64.1878523477803,891.5807834189776,955.768635766758
mobile,LGBGGBBBBLGBLB,"((0,), (4, 6), (0,), (3, 2), (1, 4), (1,), (1,), (0,), (7,), (2,), (3, 7), (5,), (3,), (5,))",117.795,201.27001,319.06501,3242.2351759340886,4405.954962043217,381.919092549156,886.786599269988,1268.705691819144
mobile,LGBGGBBBBLGBLB,"((1,), (1, 0), (2,), (3, 5), (4, 2), (4,), (1,), (2,), (3,), (1,), (2, 3), (1,), (3,), (6,))",80.4858,181.68314000000004,262.16894,3305.5274749373434,4323.476244221602,266.048023242312,785.5027397655878,1051.5507630078998
mobile,LGBGGBBBBLGBLB,"((0,), (2, 2), (5,), (3, 1), (4, 1), (1,), (7,), (3,), (5,), (3,), (4, 7), (6,), (0,), (1,))",117.684,171.45577000000006,289.13977000000006,3219.5307860945218,4613.672916522693,378.88726103074765,791.0408424305444,1169.928103461292
mobile,LGBGGBBBBLGBLB,"((2,), (1, 2), (0,), (0, 4), (0, 6), (4,), (4,), (6,), (4,), (2,), (0, 2), (3,), (4,), (5,))",60.1844,223.78983000000005,283.97423000000003,3360.3604251012143,4166.82010115332,202.2412759684615,932.4919620776844,1134.733238046146
mobile,LGBGGBBBBLGBLB,"((0,), (3, 3), (4,), (0, 6), (3, 5), (5,), (5,), (0,), (0,), (3,), (3, 5), (1,), (2,), (6,))",117.813,204.8722,322.68519999999995,3242.772436335594,4280.85921573269,382.0407490420054,877.0290454174308,1259.0697944594365
mobile,LGBGGBBBBLGBLB,"((5,), (2, 0), (1,), (4, 7), (1, 7), (6,), (7,), (6,), (5,), (3,), (0, 1), (6,), (5,), (5,))",35.814,170.28409000000002,206.09809,3675.7069169960473,4719.578001232022,131.64176752529642,803.6690451238138,935.3108126491102
mobile,LGBGGBBBBLGBLB,"((0,), (0, 4), (4,), (4, 1), (0, 3), (1,), (5,), (0,), (5,), (5,), (1, 3), (2,), (5,), (0,))",117.736,230.18034999999992,347.9163499999999,3225.3085765112064,4145.410463026637,379.7349305641234,954.1920312731332,1333.9269618372566
mobile,LGBGGBBBBLGBLB,"((4,), (2, 0), (1,), (3, 4), (0, 5), (7,), (4,), (7,), (6,), (5,), (4, 3), (5,), (4,), (2,))",41.781,159.51030000000003,201.29130000000004,3484.878968253968,4826.373860445161,145.60172817261903,769.8563423917659,915.4580705643848
mobile,LGBGGBBBBLGBLB,"((3,), (4, 3), (6,), (2, 5), (4, 2), (1,), (3,), (1,), (3,), (5,), (1, 2), (3,), (2,), (6,))",49.2282,176.81931000000003,226.04751,3451.6136424731176,4471.589224452065,169.91672671439514,790.6633212710493,960.5800479854444
mobile,LGBGGBBBBLGBLB,"((0,), (3, 6), (0,), (0, 5), (0, 4), (7,), (4,), (7,), (3,), (1,), (3, 7), (7,), (0,), (1,))",117.677,206.87252999999987,324.5495299999999,3222.032984559301,4432.515260082712,379.1591755239849,916.965646116918,1296.124821640903
mobile,GGBBBGLBGLLGLL,"((2, 4), (2, 2), (7,), (3,), (0,), (2, 4), (1,), (0,), (1, 1), (2,), (0,), (2, 7), (4,), (2,))",19.9151,203.462,223.3771,4010.565942594988,4198.821748411255,79.87082180337345,854.3006705752506,934.171492378624
mobile,GGBBBGLBGLLGLL,"((2, 5), (3, 4), (5,), (3,), (6,), (0, 7), (2,), (2,), (3, 2), (1,), (0,), (0, 2), (3,), (3,))",17.4337,190.19986,207.63356,4265.990896187146,4292.38523435716,74.37200548685786,816.411070640799,890.7830761276568
mobile,GGBBBGLBGLLGLL,"((0, 1), (0, 5), (4,), (6,), (0,), (4, 2), (3,), (0,), (0, 2), (0,), (3,), (1, 4), (0,), (3,))",36.8823,234.07173,270.95403,3530.530024570437,4085.630742565974,130.21406752521423,956.330656053602,1086.5447235788165
mobile,GGBBBGLBGLLGLL,"((3, 2), (1, 4), (4,), (0,), (1,), (2, 6), (1,), (4,), (0, 0), (2,), (0,), (4, 3), (1,), (0,))",29.3242,235.90277,265.22697,3710.16523344904,4028.456233972041,108.79762733870632,950.3239844177726,1059.121611756479
mobile,GGBBBGLBGLLGLL,"((0, 4), (4, 6), (2,), (3,), (4,), (4, 4), (1,), (2,), (2, 1), (3,), (0,), (2, 7), (2,), (2,))",20.0552,177.61291,197.66811,3985.962087912088,4375.85445907667,79.9392668654945,777.2082442130832,857.1475110785776
mobile,GGBBBGLBGLLGLL,"((1, 2), (1, 0), (5,), (6,), (7,), (4, 1), (4,), (2,), (4, 7), (3,), (4,), (1, 5), (4,), (4,))",28.1542,149.63626000000002,177.79046000000002,3707.4152661336366,4781.59384791216,104.37931088577965,715.4998202405844,819.8791311263641
mobile,GGBBBGLBGLLGLL,"((4, 7), (3, 1), (6,), (3,), (1,), (2, 7), (4,), (0,), (0, 1), (0,), (4,), (2, 7), (4,), (3,))",15.4038,199.22119000000004,214.62499000000005,4951.19496975247,4288.490608089862,76.26721707507309,854.3582022474861,930.6254193225592
mobile,GGBBBGLBGLLGLL,"((0, 3), (3, 6), (7,), (2,), (2,), (4, 0), (5,), (2,), (2, 2), (1,), (0,), (2, 1), (4,), (1,))",23.3309,178.60368999999997,201.93459,3778.439821428572,4379.978143851439,88.15440162976788,782.2802586112177,870.4346602409856
mobile,GGBBBGLBGLLGLL,"((2, 2), (3, 6), (4,), (1,), (5,), (4, 7), (0,), (6,), (0, 0), (2,), (0,), (2, 7), (3,), (4,))",28.248,193.64467,221.89267,3718.697439775912,4334.918098031219,105.04576527878996,839.4337845702831,944.4795498490732
mobile,GGBBBGLBGLLGLL,"((2, 7), (1, 2), (5,), (1,), (5,), (4, 6), (5,), (6,), (1, 3), (0,), (4,), (3, 4), (2,), (4,))",14.2535,180.35445,194.60795,4937.827498889999,4459.625240722857,70.38132425542861,804.3132574966885,874.6945817521171
mobile,BGLGBGGGGLBLGL,"((1,), (0, 3), (0,), (1, 1), (5,), (1, 7), (1, 1), (0, 1), (0, 4), (4,), (1,), (0,), (2, 4), (1,))",41.9253,257.23944,299.16474,3507.183562953548,3983.850865236248,147.0397230318964,1024.803565616888,1171.8432886487842
mobile,BGLGBGGGGLBLGL,"((5,), (0, 6), (2,), (3, 2), (4,), (4, 7), (1, 7), (1, 7), (1, 7), (4,), (1,), (2,), (0, 7), (0,))",19.6731,215.53858,235.21168000000003,4161.990241057961,4300.3129172117415,81.87925021135737,926.8833397314764,1008.7625899428338
mobile,BGLGBGGGGLBLGL,"((4,), (4, 1), (0,), (0, 4), (3,), (4, 5), (3, 4), (3, 2), (1, 7), (2,), (1,), (1,), (2, 1), (5,))",22.4545,188.59454,211.04904,4056.135444115567,4385.604144943472,91.078493329893,827.1009963377076,918.1794896676006
mobile,BGLGBGGGGLBLGL,"((0,), (4, 0), (3,), (2, 7), (0,), (4, 4), (3, 4), (2, 3), (2, 5), (2,), (4,), (3,), (2, 3), (4,))",61.4724,178.24569,239.71809,3420.296857410882,4446.277404537592,210.2538565375047,792.5297839032122,1002.7836404407168
mobile,BGLGBGGGGLBLGL,"((3,), (1, 2), (2,), (0, 5), (4,), (4, 1), (0, 7), (0, 3), (0, 6), (5,), (1,), (1,), (2, 3), (5,))",26.0871,226.87257,252.95967,3835.7510147918815,4194.747020261248,100.0636202979773,951.6730369865112,1051.7366572844885
mobile,BGLGBGGGGLBLGL,"((5,), (2, 5), (2,), (0, 2), (4,), (1, 7), (3, 1), (3, 5), (3, 6), (1,), (7,), (1,), (4, 0), (4,))",19.3387,176.96431,196.30301,4288.328905677654,4532.986938064457,82.93070620822844,802.1769057335895,885.1076119418179
mobile,BGLGBGGGGLBLGL,"((7,), (4, 0), (3,), (2, 7), (7,), (4, 4), (4, 4), (1, 2), (3, 0), (4,), (6,), (4,), (2, 0), (2,))",15.6585,153.01349,168.67199,4894.283838383838,4891.053863533565,76.63714348333333,748.3972214372544,825.0343649205878
mobile,BGLGBGGGGLBLGL,"((7,), (0, 5), (1,), (1, 7), (3,), (1, 1), (0, 0), (1, 1), (3, 4), (4,), (1,), (0,), (1, 4), (2,))",15.8853,219.28797,235.17327,4897.65914918415,4187.8913634601895,77.80078488253498,918.3541956737172,996.1549805562522
mobile,BGLGBGGGGLBLGL,"((2,), (0, 4), (2,), (1, 3), (7,), (3, 5), (4, 4), (3, 7), (0, 5), (2,), (5,), (0,), (0, 0), (2,))",32.1201,211.53829,243.65839,3659.3638951628086,4268.927998228663,117.53913424901891,903.0417288784142,1020.5808631274332
mobile,BGLGBGGGGLBLGL,"((3,), (0, 6), (5,), (0, 0), (6,), (2, 2), (0, 2), (2, 0), (4, 5), (3,), (0,), (4,), (0, 2), (5,))",26.1491,215.03839,241.18749000000005,3834.2931587547296,4242.86324864422,100.2633152375933,912.3784819786227,1012.641797216216
mobile,BGBBLBGLBLBGGB,"((6,), (4, 2), (3,), (5,), (0,), (4,), (2, 1), (0,), (3,), (1,), (3,), (1, 5), (2, 3), (2,))",16.7553,186.37148,203.12678,4522.150367132867,4359.031732872639,75.76998604642132,812.3991954224383,888.1691814688596
mobile,BGBBLBGLBLBGGB,"((4,), (1, 7), (6,), (6,), (2,), (5,), (0, 2), (2,), (7,), (0,), (6,), (0, 7), (3, 0), (7,))",19.7596,188.97252,208.73212,4363.544954767453,4644.405777489258,86.22190288822296,877.6650636747044,963.8869665629272
mobile,BGBBLBGLBLBGGB,"((6,), (0, 4), (5,), (2,), (3,), (3,), (2, 2), (2,), (7,), (5,), (6,), (3, 0), (4, 5), (5,))",15.687,161.92791999999997,177.61491999999998,4737.821497113996,4765.21090418756,74.32220582522726,771.6206900764108,845.942895901638
mobile,BGBBLBGLBLBGGB,"((0,), (2, 7), (7,), (1,), (0,), (6,), (2, 7), (1,), (5,), (4,), (5,), (4, 5), (1, 6), (2,))",61.147,188.24997,249.39697,3416.348628691571,4520.925851266727,208.89946959860347,851.0641558731858,1059.963625471789
mobile,BGBBLBGLBLBGGB,"((4,), (2, 3), (7,), (3,), (5,), (6,), (2, 2), (3,), (2,), (2,), (2,), (2, 5), (1, 5), (3,))",20.9966,168.90833,189.90493,4054.9367538017536,4544.98804848107,85.1398850448739,767.6863411388966,852.8262261837706
mobile,BGBBLBGLBLBGGB,"((7,), (0, 2), (1,), (5,), (3,), (4,), (4, 7), (1,), (6,), (5,), (3,), (2, 5), (3, 1), (6,))",13.5182,174.57678,188.09498,5210.98380952381,4628.767849474368,70.44312133390477,808.0753865287599,878.5185078626646
mobile,BGBBLBGLBLBGGB,"((4,), (4, 7), (4,), (5,), (3,), (3,), (2, 6), (0,), (2,), (1,), (4,), (0, 1), (2, 0), (5,))",20.0286,190.63688,210.66548000000003,4152.265559718059,4395.065747838251,83.16406598936912,837.8616215627509,921.02568755212
mobile,BGBBLBGLBLBGGB,"((2,), (2, 0), (5,), (7,), (2,), (1,), (0, 1), (3,), (6,), (5,), (1,), (3, 4), (2, 0), (5,))",29.6452,180.02899999999997,209.6742,3778.520337533124,4519.252348483392,112.01499111023696,813.5964810451164,925.6114721553532
mobile,BGBBLBGLBLBGGB,"((7,), (0, 6), (0,), (2,), (3,), (3,), (1, 0), (5,), (2,), (4,), (1,), (1, 1), (3, 5), (2,))",15.0277,219.47097,234.49867000000003,4901.119198301697,4232.749187682072,73.65254897631841,928.9655699872964,1002.6181189636148
mobile,BGBBLBGLBLBGGB,"((3,), (1, 2), (1,), (6,), (3,), (4,), (0, 6), (1,), (2,), (3,), (5,), (3, 6), (3, 5), (6,))",22.56,179.24247000000005,201.80247000000003,4011.627376047156,4506.279657757689,90.50231360362385,807.7166963672431,898.219009970867
mobile,GGBLBGGBBGLBBG,"((1, 4), (4, 6), (1,), (0,), (7,), (1, 3), (1, 7), (4,), (5,), (3, 5), (5,), (1,), (5,), (2, 6))",18.3211,181.0776,199.3987,4178.287104562102,4609.903299140827,76.55081587139274,834.7502256405029,911.3010415118956
mobile,GGBLBGGBBGLBBG,"((2, 6), (1, 2), (1,), (5,), (0,), (4, 6), (3, 5), (0,), (1,), (4, 0), (3,), (3,), (6,), (0, 0))",15.6702,221.06675,236.73695,4423.947079587078,4288.039024695728,69.32413552654543,947.9428510626544,1017.2669865891996
mobile,GGBLBGGBBGLBBG,"((0, 4), (2, 6), (6,), (1,), (0,), (2, 1), (3, 3), (0,), (5,), (2, 5), (5,), (5,), (5,), (4, 6))",17.5047,180.46597,197.97067,4350.336818736819,4585.395922487544,76.1513409109424,827.5079229857595,903.659263896702
mobile,GGBLBGGBBGLBBG,"((0, 7), (3, 4), (2,), (2,), (5,), (0, 3), (4, 1), (6,), (6,), (4, 0), (1,), (3,), (6,), (3, 7))",12.4007,171.26119999999997,183.6619,5231.2375,4734.351715754339,64.87100686625,810.810756062147,875.681762928397
mobile,GGBLBGGBBGLBBG,"((1, 0), (0, 0), (3,), (5,), (3,), (3, 2), (2, 0), (0,), (6,), (1, 4), (1,), (7,), (5,), (2, 1))",52.9154,205.7028,258.6182,3415.6529122286324,4403.046042979484,180.74064011174292,905.7188995698,1086.459539681543
mobile,GGBLBGGBBGLBBG,"((3, 1), (3, 2), (5,), (4,), (4,), (2, 6), (1, 0), (1,), (1,), (2, 0), (3,), (0,), (6,), (1, 0))",36.5807,203.99589,240.57659,3603.438947139816,4288.202411333855,131.81631909363745,874.7756674001959,1006.5919864938332
mobile,GGBLBGGBBGLBBG,"((0, 2), (0, 4), (4,), (4,), (6,), (1, 0), (3, 3), (1,), (6,), (4, 7), (1,), (5,), (4,), (3, 6))",24.6301,176.67549999999997,201.3056,3899.7167204445886,4660.299189631834,96.05041279622226,823.360689477799,919.4111022740212
mobile,GGBLBGGBBGLBBG,"((4, 4), (2, 2), (0,), (4,), (5,), (2, 1), (1, 7), (4,), (7,), (0, 3), (0,), (2,), (2,), (2, 2))",19.585,214.7679,234.3529,4191.356851481853,4323.587251453853,82.08772393627208,928.567754461516,1010.655478397788
mobile,GGBLBGGBBGLBBG,"((2, 0), (1, 3), (1,), (2,), (4,), (3, 6), (1, 0), (7,), (7,), (3, 0), (2,), (3,), (2,), (3, 7))",45.6182,168.00859999999997,213.6268,3664.157568876936,4717.132985616137,167.15227280854182,792.5189089271872,959.6711817357292
mobile,GGBLBGGBBGLBBG,"((4, 3), (0, 2), (4,), (1,), (2,), (4, 5), (4, 6), (0,), (1,), (1, 7), (4,), (0,), (1,), (3, 7))",19.9422,209.54970999999995,229.49191,4402.571885336886,4351.081739682044,87.79696905176525,911.7679167366676,999.5648857884328
mobile,GLGGBGLGBGGLLL,"((3, 6), (1,), (4, 2), (0, 4), (0,), (3, 3), (3,), (2, 4), (7,), (3, 4), (0, 4), (0,), (4,), (2,))",16.5593,216.92448,233.48378,4471.996183816186,4259.748787762339,74.05312640666737,924.0437907159755,998.096917122643
mobile,GLGGBGLGBGGLLL,"((1, 6), (5,), (1, 3), (3, 1), (7,), (0, 4), (4,), (2, 7), (5,), (2, 2), (1, 7), (3,), (4,), (0,))",15.4492,197.30878,212.75798,4397.303636363636,4408.422946734928,67.93482333890907,869.8205533442735,937.7553766831826
mobile,GLGGBGLGBGGLLL,"((0, 4), (2,), (2, 5), (3, 2), (1,), (4, 4), (0,), (0, 5), (0,), (4, 7), (1, 7), (3,), (1,), (4,))",19.6434,210.33421000000004,229.97761000000003,4015.237565449256,4293.655695315445,78.87291759314591,903.1026786861752,981.9755962793208
mobile,GLGGBGLGBGGLLL,"((4, 7), (5,), (3, 7), (2, 3), (1,), (4, 1), (0,), (0, 6), (1,), (0, 1), (3, 5), (2,), (2,), (2,))",15.1784,208.1737,223.3521,4921.052700077699,4297.350868285317,74.69370630285935,894.5954304491671,969.2891367520264
mobile,GLGGBGLGBGGLLL,"((1, 2), (5,), (0, 1), (3, 2), (0,), (2, 7), (1,), (0, 6), (7,), (4, 1), (1, 5), (0,), (2,), (4,))",29.6577,216.99292,246.65062,3699.525410495937,4285.597149141244,109.71941476686534,929.944239335834,1039.6636541026992
mobile,GLGGBGLGBGGLLL,"((3, 0), (1,), (0, 6), (0, 6), (7,), (0, 6), (2,), (3, 6), (5,), (0, 7), (0, 4), (5,), (2,), (0,))",54.0419,247.4257,301.4676,3497.4695794127224,4175.699474918746,189.0099012636644,1033.1753655714033,1222.1852668350678
mobile,GLGGBGLGBGGLLL,"((4, 2), (0,), (3, 5), (4, 3), (4,), (0, 5), (2,), (0, 2), (3,), (4, 2), (0, 0), (1,), (1,), (1,))",30.2241,222.40827,252.63237,3870.35543062201,4184.044102114695,116.97800957066268,930.5660103550326,1047.5440199256952
mobile,GLGGBGLGBGGLLL,"((0, 4), (4,), (3, 4), (1, 5), (0,), (0, 6), (0,), (3, 6), (4,), (1, 1), (2, 3), (0,), (2,), (4,))",21.0228,220.09420000000003,241.117,4029.390031912532,4187.307817678445,84.70906076289077,921.6021642856832,1006.311225048574
mobile,GLGGBGLGBGGLLL,"((1, 4), (3,), (3, 7), (4, 7), (2,), (2, 4), (2,), (4, 6), (5,), (2, 3), (3, 1), (3,), (2,), (1,))",20.018,154.03384,174.05184,4015.401863822452,4775.114621772814,80.38031450999785,735.5292416318141,815.9095561418119
mobile,GLGGBGLGBGGLLL,"((2, 5), (3,), (2, 3), (2, 2), (6,), (4, 1), (2,), (0, 4), (5,), (0, 4), (3, 6), (5,), (1,), (0,))",17.2881,202.10503,219.39313,4180.536713286711,4324.580811415646,72.27353675297199,874.0195346285834,946.2930713815554
mobile,LLBLLGGLLGLLLL,"((2,), (1,), (2,), (5,), (1,), (1, 1), (4, 0), (3,), (2,), (2, 0), (1,), (4,), (4,), (2,))",58.7327,166.42400000000004,225.15670000000003,3327.418159117305,4231.430820192437,195.42825251398887,704.2116428197062,899.6398953336951
mobile,LLBLLGGLLGLLLL,"((0,), (0,), (5,), (5,), (1,), (2, 5), (4, 5), (3,), (4,), (4, 7), (0,), (4,), (4,), (2,))",117.302,161.108,278.41,3222.9666546221024,4396.467969356871,378.06043452048186,708.3061616071468,1086.3665961276288
mobile,LLBLLGGLLGLLLL,"((4,), (1,), (1,), (2,), (2,), (0, 1), (3, 1), (2,), (5,), (1, 2), (3,), (2,), (2,), (2,))",40.6569,177.3944,218.0513,3474.840045682288,4119.312529255333,141.2762242533002,730.7429745397322,872.0191987930325
mobile,LLBLLGGLLGLLLL,"((4,), (5,), (2,), (5,), (5,), (3, 6), (1, 3), (5,), (3,), (1, 7), (2,), (3,), (3,), (5,))",40.0394,139.0094,179.0488,3521.760826210826,4622.750414645185,141.00919042498575,642.6057614895783,783.614951914564
mobile,LLBLLGGLLGLLLL,"((4,), (0,), (6,), (0,), (0,), (2, 0), (0, 7), (2,), (0,), (1, 6), (3,), (3,), (3,), (2,))",40.4373,196.24840000000003,236.68570000000005,3469.1785256410267,4078.335977705063,140.2842127949039,800.3669102870545,940.6511230819584
mobile,LLBLLGGLLGLLLL,"((1,), (3,), (1,), (3,), (2,), (4, 7), (0, 2), (2,), (1,), (3, 6), (5,), (3,), (4,), (1,))",79.7467,156.60769999999997,236.3544,3254.23913243091,4339.205401012845,259.5148318222281,679.5529776801992,939.0678095024272
mobile,LLBLLGGLLGLLLL,"((3,), (1,), (5,), (4,), (1,), (0, 2), (3, 5), (1,), (3,), (3, 0), (4,), (3,), (3,), (4,))",47.5799,157.9056,205.4855,3401.634778225807,4304.473646661444,161.84944258450608,679.7004938602632,841.5499364447693
mobile,LLBLLGGLLGLLLL,"((1,), (4,), (7,), (4,), (3,), (3, 3), (4, 0), (5,), (1,), (2, 6), (0,), (4,), (3,), (0,))",79.862,157.66349999999997,237.5255,3248.8717343976773,4417.955392329567,259.4613944524673,696.5503099985525,956.0117044510198
mobile,LLBLLGGLLGLLLL,"((4,), (0,), (6,), (1,), (4,), (0, 0), (3, 0), (1,), (1,), (2, 3), (4,), (4,), (5,), (5,))",40.0422,172.4009,212.4431,3511.154558404558,4225.461118092449,140.59435305854697,728.4732996741446,869.0676527326916
mobile,LLBLLGGLLGLLLL,"((0,), (4,), (2,), (2,), (4,), (3, 2), (4, 3), (1,), (5,), (4, 1), (2,), (2,), (4,), (2,))",117.316,146.8393,264.1553,3225.5319597069592,4422.843553488233,378.4065073849816,649.4472514037246,1027.8537587887065
mobile,LBLGBBBGGBBLGL,"((4,), (1,), (5,), (3, 1), (7,), (4,), (6,), (3, 0), (3, 5), (1,), (0,), (1,), (2, 1), (5,))",40.0514,165.41521,205.46661,3502.3598978288624,4570.771052770203,140.27441721190291,756.0750535559042,896.3494707678071
mobile,LBLGBBBGGBBLGL,"((0,), (6,), (0,), (2, 1), (3,), (6,), (6,), (2, 3), (2, 1), (0,), (4,), (2,), (2, 6), (1,))",117.37,199.80426,317.17426,3207.338695522833,4246.225944536895,376.4453426935149,848.4140326409954,1224.8593753345103
mobile,LBLGBBBGGBBLGL,"((1,), (0,), (0,), (0, 1), (7,), (3,), (5,), (4, 2), (3, 4), (2,), (0,), (1,), (4, 5), (3,))",79.7541,203.54287,283.29697,3259.684511634417,4258.731795526744,259.97320450934245,866.8344922217665,1126.807696731109
mobile,LBLGBBBGGBBLGL,"((2,), (5,), (1,), (3, 1), (3,), (3,), (7,), (4, 0), (0, 0), (3,), (0,), (3,), (2, 2), (0,))",59.85,198.95969,258.80969,3288.329568151148,4269.608849785198,196.80652465384625,849.4800531745195,1046.2865778283658
mobile,LBLGBBBGGBBLGL,"((3,), (0,), (3,), (2, 4), (6,), (5,), (3,), (4, 7), (3, 7), (6,), (2,), (1,), (1, 5), (0,))",49.0165,174.1429,223.1594,3367.4161409352155,4550.05698335225,165.058953272151,792.3601182462126,957.4190715183636
mobile,LBLGBBBGGBBLGL,"((4,), (2,), (5,), (1, 7), (2,), (5,), (2,), (1, 6), (0, 4), (6,), (6,), (3,), (0, 7), (4,))",40.0547,193.16774,233.22244,3484.7772079772085,4445.581123858383,139.58170563236467,858.7428586823839,998.3245643147486
mobile,LBLGBBBGGBBLGL,"((2,), (7,), (1,), (3, 0), (0,), (0,), (7,), (4, 2), (3, 0), (0,), (2,), (5,), (3, 0), (2,))",58.7443,197.94243,256.68673,3310.6166666666672,4339.469246734992,194.4798586516667,858.9650876089939,1053.4449462606606
mobile,LBLGBBBGGBBLGL,"((0,), (5,), (0,), (0, 4), (4,), (0,), (6,), (3, 7), (4, 1), (6,), (0,), (4,), (2, 6), (3,))",117.321,214.38631,331.70731,3216.8186541528644,4246.390917785887,377.4003813238682,910.3680796816296,1287.7684610054978
mobile,LBLGBBBGGBBLGL,"((3,), (3,), (4,), (0, 5), (1,), (0,), (1,), (0, 7), (1, 0), (3,), (4,), (3,), (1, 5), (5,))",47.5887,231.83946,279.42816,3409.765927419356,4111.702322716146,162.26632779018152,953.254846179257,1115.5211739694385
mobile,LBLGBBBGGBBLGL,"((4,), (7,), (4,), (1, 2), (4,), (1,), (6,), (3, 0), (0, 4), (2,), (2,), (2,), (0, 5), (0,))",41.7948,212.33272,254.12752000000003,3431.797950963467,4219.313327337617,143.43130900092794,895.8982753258465,1039.3295843267745
mobile,LGGLBBGBBLBBGL,"((2,), (2, 1), (4, 2), (5,), (6,), (4,), (4, 3), (3,), (2,), (3,), (4,), (4,), (1, 6), (1,))",59.2565,149.52060999999998,208.77711,3314.011506968641,4690.1144804530495,196.37672286268727,701.2687780871729,897.6455009498602
mobile,LGGLBBGBBLBBGL,"((0,), (2, 7), (2, 2), (1,), (1,), (6,), (3, 6), (2,), (7,), (5,), (0,), (3,), (1, 4), (1,))",117.36,186.51958,303.87958000000003,3209.9400677688163,4408.464005815024,376.71856635334825,822.2648548097359,1198.983421163084
mobile,LGGLBBGBBLBBGL,"((1,), (0, 2), (4, 1), (4,), (1,), (2,), (0, 7), (7,), (4,), (1,), (4,), (5,), (3, 6), (0,))",79.8723,178.64522,258.51752,3235.51870259499,4477.918546458622,258.4283204692778,799.9587438741808,1058.3870643434586
mobile,LGGLBBGBBLBBGL,"((3,), (1, 4), (1, 4), (4,), (1,), (0,), (2, 3), (4,), (6,), (2,), (4,), (1,), (0, 7), (4,))",47.6041,191.77192,239.37602,3404.742278225806,4298.922594714352,162.0796918868891,824.4126399197531,986.4923318066424
mobile,LGGLBBGBBLBBGL,"((2,), (3, 2), (2, 2), (0,), (7,), (1,), (1, 0), (1,), (2,), (5,), (6,), (3,), (1, 0), (0,))",60.005,194.22433,254.22933,3292.9392476383264,4289.321904087384,197.59281955453773,833.0906729756964,1030.6834925302342
mobile,LGGLBBGBBLBBGL,"((5,), (1, 7), (1, 3), (3,), (1,), (0,), (4, 4), (4,), (4,), (1,), (7,), (6,), (1, 6), (2,))",34.6716,175.22324999999995,209.89485,3617.0904314888007,4528.572341377341,125.4103126044071,793.5111635162469,918.921476120654
mobile,LGGLBBGBBLBBGL,"((1,), (4, 1), (3, 7), (3,), (1,), (6,), (0, 3), (6,), (1,), (4,), (0,), (4,), (1, 4), (1,))",79.8327,179.96325000000002,259.79595,3254.633091436865,4420.017516448752,259.8261471987518,795.4407173170459,1055.2668645157978
mobile,LGGLBBGBBLBBGL,"((5,), (0, 4), (0, 7), (1,), (1,), (7,), (0, 3), (1,), (6,), (1,), (2,), (6,), (2, 4), (4,))",34.2367,192.3164,226.5531,3628.2209486166016,4389.810023025026,124.218312151502,844.23246031209,968.450772463592
mobile,LGGLBBGBBLBBGL,"((0,), (1, 5), (2, 6), (3,), (4,), (6,), (1, 5), (1,), (4,), (3,), (1,), (6,), (1, 4), (0,))",117.454,188.86502,306.31902,3209.472576546262,4345.718186125682,376.9653920056646,820.7541521369907,1197.7195441426552
mobile,LGGLBBGBBLBBGL,"((1,), (4, 0), (1, 2), (4,), (5,), (7,), (2, 1), (1,), (6,), (0,), (4,), (5,), (1, 3), (5,))",79.7007,161.50366000000002,241.20436000000004,3276.919514641851,4640.02448704585,261.17277916061573,749.3809371475274,1010.5537163081432
mobile,GGGGGBGLGGBLGG,"((4, 2), (2, 5), (1, 2), (1, 4), (0, 4), (2,), (2, 5), (3,), (3, 0), (1, 0), (1,), (4,), (2, 1), (0, 5))",22.707,238.34194,261.04894,4047.973387720811,4144.476026937448,91.91733171497646,987.8024565437636,1079.71978825874
mobile,GGGGGBGLGGBLGG,"((1, 3), (0, 2), (4, 1), (4, 4), (0, 6), (4,), (3, 2), (1,), (1, 1), (3, 4), (7,), (5,), (3, 2), (4, 4))",20.1852,177.43219000000002,197.61739000000003,3965.815665445665,4687.8894476562455,80.05078237015383,831.7824911755381,911.833273545692
mobile,GGGGGBGLGGBLGG,"((3, 6), (3, 2), (4, 4), (0, 6), (4, 1), (4,), (2, 6), (4,), (0, 3), (3, 6), (0,), (3,), (4, 7), (2, 5))",13.6414,202.73887,216.38027,4692.788055555557,4484.787224086369,64.01619898105558,909.2406940017072,973.2568929827628
mobile,GGGGGBGLGGBLGG,"((4, 7), (1, 3), (3, 1), (3, 2), (4, 5), (0,), (0, 7), (3,), (2, 7), (3, 4), (3,), (2,), (2, 2), (2, 1))",14.6049,192.00538,206.61028,4841.735199800199,4477.697300487536,70.71305841956193,859.7419717050836,930.4550301246456
mobile,GGGGGBGLGGBLGG,"((3, 2), (0, 1), (4, 1), (2, 4), (0, 7), (0,), (2, 0), (3,), (4, 0), (4, 0), (7,), (1,), (3, 6), (0, 1))",27.1627,241.60808,268.77078,3724.0509816821473,4264.336725953574,101.15527960013767,1030.2982088311292,1131.4534884312668
mobile,GGGGGBGLGGBLGG,"((0, 5), (0, 2), (2, 1), (4, 4), (0, 3), (1,), (0, 2), (2,), (0, 0), (1, 2), (3,), (5,), (0, 6), (3, 5))",15.0722,242.67344,257.74564,4385.987341269842,4162.4590768855005,66.10647840508732,1010.1182630470288,1076.2247414521162
mobile,GGGGGBGLGGBLGG,"((0, 4), (0, 1), (4, 2), (2, 6), (4, 7), (5,), (2, 0), (5,), (3, 4), (4, 7), (2,), (5,), (3, 7), (1, 0))",20.2091,181.5737,201.7828,3905.843245308611,4742.62301510702,78.93357672876624,861.1356085581375,940.0691852869038
mobile,GGGGGBGLGGBLGG,"((1, 1), (3, 2), (1, 4), (0, 5), (2, 3), (2,), (1, 2), (2,), (2, 2), (3, 7), (6,), (2,), (2, 7), (1, 1))",35.432,214.499,249.93100000000004,3508.5514590916337,4311.005085948814,124.31499529853478,924.7062799309346,1049.0212752294694
mobile,GGGGGBGLGGBLGG,"((3, 5), (0, 3), (4, 0), (0, 6), (0, 4), (2,), (2, 1), (5,), (0, 1), (1, 3), (4,), (3,), (0, 7), (0, 3))",16.0133,271.31967,287.33297,4277.428172660671,4088.2915468178953,68.49574055726713,1109.2339133464206,1177.7296539036877
mobile,GGGGGBGLGGBLGG,"((3, 1), (0, 3), (3, 5), (1, 3), (1, 0), (1,), (4, 5), (0,), (3, 6), (0, 2), (4,), (0,), (1, 4), (0, 1))",35.5042,269.07124,304.57544,3600.879794935804,4034.182963284444,127.84635641535976,1085.4826123178198,1213.3289687331794
mobile,BGLLGLGLLGLGBL,"((5,), (0, 3), (4,), (4,), (0, 1), (0,), (1, 4), (0,), (1,), (2, 1), (1,), (2, 6), (4,), (1,))",19.4417,211.01302,230.45472,4198.767338935577,4060.25015252641,81.6311749733838,856.7656466400584,938.3968216134424
mobile,BGLLGLGLLGLGBL,"((1,), (4, 0), (4,), (4,), (3, 0), (1,), (3, 3), (5,), (0,), (2, 5), (5,), (2, 5), (2,), (2,))",41.9095,167.45011999999994,209.35961999999995,3510.7409688013136,4397.279374635242,147.13339863197865,736.3249589561959,883.4583575881745
mobile,BGLLGLGLLGLGBL,"((0,), (1, 6), (1,), (3,), (2, 3), (1,), (3, 7), (5,), (4,), (4, 4), (2,), (0, 0), (2,), (0,))",61.4416,202.59875000000005,264.04035000000005,3383.861261881749,4162.538143460345,207.90985010803368,843.3250246923868,1051.2348748004206
mobile,BGLLGLGLLGLGBL,"((6,), (4, 5), (0,), (1,), (4, 0), (5,), (2, 7), (1,), (2,), (1, 5), (0,), (3, 3), (5,), (2,))",17.6083,173.52102000000002,191.12932,4516.496294220487,4370.021782994328,79.5278216975226,758.2906372073944,837.818458904917
mobile,BGLLGLGLLGLGBL,"((4,), (0, 5), (4,), (1,), (3, 1), (0,), (4, 5), (1,), (3,), (3, 2), (0,), (3, 4), (1,), (5,))",22.6696,181.15493,203.82453,4054.973148127673,4275.603832116886,91.9246192787951,774.5467129148662,866.4713321936614
mobile,BGLLGLGLLGLGBL,"((2,), (0, 2), (2,), (2,), (0, 3), (3,), (4, 4), (5,), (3,), (4, 3), (5,), (0, 5), (1,), (0,))",31.9899,209.32270000000003,241.31260000000003,3610.5463617541886,4176.335640419163,115.5010170578803,874.2018523587683,989.7028694166486
mobile,BGLLGLGLLGLGBL,"((6,), (0, 1), (2,), (0,), (0, 2), (1,), (2, 5), (1,), (5,), (0, 1), (3,), (1, 2), (3,), (0,))",17.7758,236.26913,254.04493,4402.576369806663,3972.858324917685,78.25931703440928,938.6637800415588,1016.923097075968
mobile,BGLLGLGLLGLGBL,"((0,), (1, 0), (4,), (0,), (1, 3), (4,), (3, 6), (4,), (4,), (2, 6), (3,), (3, 0), (1,), (3,))",61.5409,185.43357000000003,246.97447000000005,3398.9140284106134,4220.895747445016,209.1722283310147,782.6957670465479,991.8679953775626
mobile,BGLLGLGLLGLGBL,"((5,), (1, 3), (2,), (3,), (3, 7), (2,), (0, 5), (0,), (0,), (3, 2), (4,), (4, 4), (1,), (5,))",19.5516,177.77666999999997,197.32827,4301.427009518261,4338.114632415235,84.09978031929724,771.2155734290543,855.3153537483515
mobile,BGLLGLGLLGLGBL,"((1,), (3, 4), (2,), (3,), (0, 3), (0,), (2, 6), (4,), (5,), (0, 2), (1,), (3, 6), (6,), (0,))",41.8833,199.19321,241.07651,3487.727577084473,4171.973359936999,146.0775404293021,831.0287656003362,977.1063060296384
mobile,BLBBLBBLGLGLGL,"((1,), (0,), (5,), (6,), (4,), (7,), (6,), (3,), (0, 5), (4,), (2, 0), (0,), (3, 3), (4,))",42.0074,186.2209,228.2283,3517.767294679274,4394.781326528895,147.77225785451012,818.4001339294047,966.1723917839148
mobile,BLBBLBBLGLGLGL,"((3,), (4,), (2,), (3,), (5,), (4,), (1,), (4,), (3, 5), (3,), (0, 6), (2,), (0, 4), (1,))",26.2286,191.8683,218.0969,3754.563312380775,4265.484177831138,98.4769392951104,818.4111978773582,916.8881371724684
mobile,BLBBLBBLGLGLGL,"((1,), (4,), (6,), (2,), (3,), (7,), (5,), (2,), (4, 5), (4,), (4, 0), (1,), (2, 7), (3,))",41.9175,151.96442000000002,193.88192,3510.417188675247,4708.745304426004,147.14791250629463,715.5617491148212,862.7096616211159
mobile,BLBBLBBLGLGLGL,"((0,), (3,), (0,), (0,), (1,), (5,), (1,), (4,), (4, 4), (4,), (3, 7), (3,), (3, 0), (4,))",61.4228,186.28615,247.70895,3407.845255374707,4317.168871343407,209.31939755182955,804.2287679424086,1013.548165494238
mobile,BLBBLBBLGLGLGL,"((6,), (3,), (1,), (3,), (5,), (6,), (3,), (2,), (3, 6), (4,), (1, 6), (5,), (0, 4), (3,))",17.5992,172.51109999999997,190.1103,4490.887106447475,4476.691731315748,79.0360203637904,772.279014930184,851.3150352939743
mobile,BLBBLBBLGLGLGL,"((4,), (0,), (3,), (1,), (1,), (1,), (0,), (1,), (1, 2), (1,), (1, 6), (1,), (1, 1), (2,))",22.6923,225.7871,248.4794,3954.340418892253,3998.207911244529,89.73307908762868,902.7437694769596,992.4768485645884
mobile,BLBBLBBLGLGLGL,"((2,), (5,), (5,), (4,), (4,), (0,), (6,), (5,), (2, 7), (3,), (1, 3), (4,), (2, 2), (4,))",31.5912,174.26797,205.85917,3660.7261471861466,4451.275470632029,115.646731860987,775.7147401778384,891.3614720388254
mobile,BLBBLBBLGLGLGL,"((2,), (4,), (2,), (0,), (5,), (7,), (5,), (1,), (4, 3), (2,), (1, 3), (3,), (2, 2), (3,))",31.9194,180.95540000000005,212.8748,3652.6436787125936,4381.283411741015,116.59019463829875,792.8168922849602,909.4070869232588
mobile,BLBBLBBLGLGLGL,"((4,), (0,), (3,), (7,), (5,), (4,), (6,), (4,), (1, 2), (1,), (3, 4), (4,), (4, 3), (3,))",22.5167,166.18448,188.70118,3983.294385473487,4539.642892063939,89.69064468939088,754.4181934033419,844.1088380927328
mobile,BLBBLBBLGLGLGL,"((0,), (5,), (6,), (5,), (0,), (1,), (5,), (3,), (2, 2), (3,), (4, 3), (0,), (0, 2), (0,))",61.3651,196.9656,258.3307,3368.2265896095764,4262.826143021048,206.6915614940506,839.6301089558265,1046.321670449877
mobile,GLBLBBLBGLLBGB,"((2, 0), (2,), (7,), (4,), (6,), (4,), (3,), (7,), (2, 3), (4,), (1,), (2,), (2, 1), (2,))",51.0861,165.17845,216.26455,3437.7768053744207,4537.185728262278,175.6226096570382,749.4453059564842,925.0679156135224
mobile,GLBLBBLBGLLBGB,"((4, 7), (5,), (2,), (2,), (7,), (2,), (2,), (5,), (2, 4), (4,), (3,), (7,), (2, 3), (2,))",15.3616,158.79677,174.15837000000002,4622.443026418027,4654.45732590318,71.00812079462315,739.1127894562624,810.1209102508856
mobile,GLBLBBLBGLLBGB,"((1, 0), (2,), (0,), (5,), (2,), (7,), (3,), (2,), (2, 5), (4,), (0,), (5,), (4, 2), (6,))",46.4901,179.07797,225.56807,3535.3263856307326,4455.364837174397,164.3576772006113,797.8576906505715,962.2153678511828
mobile,GLBLBBLBGLLBGB,"((1, 0), (1,), (1,), (4,), (7,), (6,), (0,), (5,), (3, 1), (1,), (5,), (7,), (3, 1), (2,))",51.3711,169.90165000000002,221.27275,3427.7149813456026,4561.708053890309,176.08548907820307,775.0417251742525,951.1272142524556
mobile,GLBLBBLBGLLBGB,"((0, 4), (2,), (5,), (0,), (4,), (3,), (0,), (7,), (1, 3), (5,), (4,), (3,), (0, 6), (7,))",17.2025,182.5269,199.7294,4407.420392385392,4463.521007623474,75.81864930000971,814.7126526063893,890.531301906399
mobile,GLBLBBLBGLLBGB,"((1, 3), (0,), (4,), (0,), (4,), (4,), (3,), (3,), (0, 1), (1,), (3,), (7,), (2, 7), (6,))",20.3574,191.50784000000004,211.86524000000003,4059.225764235762,4347.071995578816,82.6352825728531,832.4983681977889,915.133650770642
mobile,GLBLBBLBGLLBGB,"((1, 1), (4,), (0,), (4,), (5,), (2,), (1,), (4,), (4, 2), (5,), (4,), (3,), (0, 6), (0,))",36.0324,197.30335,233.33575,3512.369119951495,4280.010249144307,126.55908907774028,844.4603601905063,971.0194492682466
mobile,GLBLBBLBGLLBGB,"((4, 0), (2,), (4,), (2,), (2,), (6,), (3,), (7,), (3, 0), (4,), (4,), (4,), (2, 2), (5,))",40.5526,148.42135000000002,188.97395,3818.696909333528,4729.653602614107,154.8580882854388,701.9815727323493,856.8396610177881
mobile,GLBLBBLBGLLBGB,"((1, 2), (4,), (5,), (2,), (1,), (1,), (5,), (0,), (3, 2), (3,), (2,), (6,), (1, 3), (2,))",26.1609,191.15185,217.31275,3679.76045335813,4267.198454855485,96.26584524425672,815.6828789627673,911.948724207024
mobile,GLBLBBLBGLLBGB,"((1, 1), (4,), (6,), (4,), (5,), (0,), (4,), (3,), (0, 4), (1,), (3,), (3,), (4, 1), (5,))",32.5609,193.50833,226.06923,3626.590055985514,4297.4891957962045,118.0850361539387,831.5999574715665,949.6849936255052
mobile,BGGGGBGBGGGLBB,"((2,), (1, 5), (3, 4), (1, 0), (4, 0), (1,), (4, 6), (3,), (2, 7), (3, 5), (1, 3), (2,), (2,), (2,))",30.1397,197.71916,227.85886,3666.139001355237,4350.756056286429,110.49632965914644,860.2278328138653,970.7241624730118
mobile,BGGGGBGBGGGLBB,"((4,), (1, 2), (2, 1), (0, 6), (2, 4), (4,), (2, 7), (1,), (2, 5), (3, 3), (0, 5), (3,), (6,), (4,))",19.7612,210.93737,230.69857,4093.5450492562986,4271.240700671052,80.89336242736357,900.9642800365089,981.8576424638724
mobile,BGGGGBGBGGGLBB,"((6,), (2, 2), (4, 2), (2, 1), (1, 6), (4,), (0, 4), (3,), (2, 6), (4, 2), (0, 7), (5,), (1,), (1,))",17.5489,202.45528,220.00418,4427.97906981907,4391.278270968952,77.70616189834787,889.037471906935,966.7436338052828
mobile,BGGGGBGBGGGLBB,"((3,), (1, 7), (0, 4), (1, 6), (3, 6), (4,), (3, 2), (1,), (2, 1), (3, 4), (2, 1), (5,), (6,), (1,))",25.7072,202.86281,228.57001,3768.663005902765,4342.189670384356,96.88177362534356,880.8687980871441,977.7505717124876
mobile,BGGGGBGBGGGLBB,"((3,), (2, 4), (4, 5), (1, 5), (4, 2), (7,), (1, 5), (1,), (4, 0), (4, 0), (1, 2), (4,), (3,), (3,))",23.0517,176.85594999999995,199.90765,3839.320347397698,4595.618159905442,88.5028608521075,812.7624155073286,901.265276359436
mobile,BGGGGBGBGGGLBB,"((4,), (4, 2), (4, 0), (1, 7), (0, 5), (7,), (3, 5), (4,), (3, 1), (3, 2), (4, 2), (0,), (6,), (4,))",19.7756,163.26754,183.04314,4086.226790986791,4806.523969764096,80.80758652783838,784.7493444944183,865.5569310222567
mobile,BGGGGBGBGGGLBB,"((5,), (4, 1), (3, 1), (2, 2), (3, 6), (0,), (4, 4), (0,), (2, 4), (4, 5), (0, 7), (4,), (4,), (3,))",17.5601,194.96978,212.52988,4308.319621767121,4478.9399015987965,75.65452339019282,873.2579272479389,948.9124506381318
mobile,BGGGGBGBGGGLBB,"((1,), (3, 3), (1, 1), (1, 7), (4, 1), (3,), (3, 6), (6,), (2, 1), (4, 2), (0, 6), (1,), (4,), (0,))",41.4637,213.41223,254.87593000000004,3492.2810799819867,4312.925288942361,144.80289501604912,920.4310037365836,1065.2338987526327
mobile,BGGGGBGBGGGLBB,"((3,), (4, 4), (2, 2), (3, 2), (1, 6), (6,), (0, 2), (5,), (0, 3), (4, 0), (1, 6), (0,), (2,), (1,))",26.0038,207.79918,233.80298,3767.81595502236,4331.836004476951,97.97753253121044,900.1519696247867,998.1295021559972
mobile,BGGGGBGBGGGLBB,"((6,), (4, 6), (3, 1), (1, 6), (1, 1), (4,), (3, 5), (6,), (0, 6), (3, 3), (3, 6), (4,), (3,), (4,))",15.5254,175.05423,190.57963,4643.485187590188,4627.845245637541,72.0919649314127,810.1238860342405,882.2158509656532
mobile,BBGLGBLBLLLGBG,"((6,), (2,), (0, 6), (0,), (0, 7), (7,), (3,), (3,), (3,), (0,), (5,), (3, 5), (2,), (4, 6))",15.876,190.40906,206.28506,4812.153282828283,4487.760559696282,76.39774551818182,854.510269676843,930.9080151950247
mobile,BBGLGBLBLLLGBG,"((0,), (3,), (0, 2), (2,), (1, 6), (6,), (4,), (1,), (2,), (3,), (3,), (2, 0), (0,), (3, 3))",56.2782,208.23104000000004,264.50924000000003,3451.9626548688243,4197.2729611674185,194.27024468323864,874.0025138677713,1068.27275855101
mobile,BBGLGBLBLLLGBG,"((4,), (2,), (3, 4), (4,), (3, 3), (5,), (2,), (7,), (4,), (5,), (5,), (1, 0), (4,), (2, 0))",23.0362,164.24223000000003,187.27843000000004,3928.6205274829226,4652.188196070523,90.50048819520212,764.0857637023001,854.5862518975023
mobile,BBGLGBLBLLLGBG,"((7,), (4,), (2, 6), (5,), (2, 5), (1,), (0,), (5,), (3,), (5,), (0,), (4, 2), (2,), (0, 2))",15.9516,207.12356,223.07516,4767.8861013986025,4329.331923856877,76.05541193506994,896.7066404908853,972.7620524259552
mobile,BBGLGBLBLLLGBG,"((0,), (5,), (3, 3), (1,), (4, 1), (6,), (3,), (1,), (3,), (5,), (5,), (0, 1), (1,), (1, 3))",60.8175,209.19529,270.01279,3407.3757438001985,4273.009662124401,207.2280742985686,893.893495440916,1101.1215697394846
mobile,BBGLGBLBLLLGBG,"((7,), (3,), (4, 2), (3,), (3, 0), (1,), (2,), (0,), (2,), (0,), (3,), (1, 7), (5,), (3, 6))",14.699,195.37494,210.07394,5034.676994949495,4372.964204733016,74.00471714876262,854.3676191218608,928.3723362706236
mobile,BBGLGBLBLLLGBG,"((1,), (4,), (2, 7), (3,), (4, 6), (7,), (2,), (4,), (2,), (5,), (3,), (2, 7), (4,), (1, 6))",41.4912,173.69521999999998,215.18642,3573.061674469847,4597.255669636094,148.25061654776331,798.5213349336886,946.771951481452
mobile,BBGLGBLBLLLGBG,"((2,), (4,), (3, 7), (2,), (2, 0), (4,), (2,), (3,), (2,), (2,), (1,), (4, 6), (2,), (3, 7))",27.1662,159.99574,187.16194,4018.05751282902,4586.349975765322,109.15535400501574,733.7964582715548,842.9518122765705
mobile,BBGLGBLBLLLGBG,"((0,), (6,), (3, 3), (3,), (0, 3), (6,), (2,), (0,), (5,), (1,), (3,), (0, 5), (0,), (2, 7))",57.7589,226.81262000000004,284.57152,3468.217129823831,4199.948824177875,200.32040637978167,952.6013966777036,1152.9218030574852
mobile,BBGLGBLBLLLGBG,"((3,), (4,), (2, 1), (4,), (0, 7), (6,), (2,), (3,), (2,), (3,), (5,), (1, 0), (6,), (3, 6))",23.177,167.94896,191.12596,4052.03693088774,4567.354371037,93.91405994718517,767.0824165671183,860.9964765143035
mobile,LGGLLGLBGLGGLG,"((2,), (1, 0), (0, 4), (5,), (5,), (4, 2), (3,), (6,), (4, 0), (1,), (0, 6), (2, 1), (4,), (2, 2))",60.354,209.2136600000001,269.56766000000005,3322.80431691111,4353.452633355699,200.5445317428532,910.8017590609844,1111.3462908038375
mobile,LGGLLGLBGLGGLG,"((1,), (2, 0), (2, 6), (2,), (2,), (1, 4), (4,), (1,), (4, 3), (0,), (3, 2), (3, 4), (3,), (1, 4))",80.6017,204.79687,285.39856999999995,3266.243242766008,4255.93564296364,263.2647579804529,871.602298600391,1134.8670565808438
mobile,LGGLLGLBGLGGLG,"((5,), (3, 0), (3, 6), (5,), (1,), (1, 4), (2,), (6,), (3, 2), (0,), (4, 1), (1, 0), (1,), (2, 7))",36.2987,189.42261,225.72131,3634.838689520625,4458.930471823563,131.9399191393023,844.6222477813507,976.562166920653
mobile,LGGLLGLBGLGGLG,"((5,), (3, 1), (2, 2), (5,), (5,), (1, 1), (3,), (0,), (0, 7), (1,), (2, 3), (3, 4), (0,), (0, 0))",35.5951,247.6936,283.2887,3576.916271409748,4097.893603856375,127.32069237245712,1015.0220191561594,1142.3427115286163
mobile,LGGLLGLBGLGGLG,"((4,), (4, 4), (4, 0), (0,), (0,), (2, 6), (4,), (0,), (0, 4), (1,), (4, 7), (0, 3), (5,), (0, 7))",42.2837,267.14958,309.43328,3490.3813081554445,4114.714542696159,147.58623611965237,1099.244261901171,1246.8304980208234
mobile,LGGLLGLBGLGGLG,"((3,), (1, 6), (1, 7), (3,), (4,), (4, 0), (0,), (7,), (2, 7), (1,), (2, 3), (3, 3), (5,), (0, 3))",49.5815,216.98288,266.56438,3383.732313049853,4308.867846278669,167.7705236794813,934.950554824943,1102.7210785044242
mobile,LGGLLGLBGLGGLG,"((0,), (0, 3), (3, 2), (1,), (0,), (4, 4), (0,), (6,), (0, 7), (0,), (2, 0), (3, 1), (0,), (4, 7))",117.894,227.05056000000008,344.9445600000001,3262.619197907357,4221.987017464602,384.6432277180899,958.604516628068,1343.247744346158
mobile,LGGLLGLBGLGGLG,"((2,), (0, 3), (3, 7), (2,), (5,), (0, 4), (5,), (2,), (4, 6), (2,), (3, 6), (3, 1), (1,), (3, 5))",60.5667,190.32516000000004,250.89186000000004,3346.411588821961,4419.426646455724,202.68110677670305,841.1280835949493,1043.8091903716524
mobile,LGGLLGLBGLGGLG,"((2,), (2, 2), (1, 0), (3,), (0,), (1, 2), (3,), (5,), (0, 7), (2,), (2, 5), (2, 7), (2,), (4, 4))",60.6232,208.71971,269.34291,3358.075095618973,4291.9924200520645,203.5772581367281,895.8234132354651,1099.4006713721933
mobile,LGGLLGLBGLGGLG,"((4,), (4, 3), (3, 4), (2,), (1,), (1, 3), (4,), (2,), (0, 3), (2,), (2, 4), (0, 7), (4,), (4, 1))",41.9784,213.12154,255.09994,3475.5825607342845,4284.793808980719,145.89939496752808,913.1818551524368,1059.0812501199648
mobile,LGBGBLGGGBLGGG,"((2,), (2, 6), (4,), (3, 6), (7,), (2,), (3, 1), (1, 3), (1, 6), (7,), (4,), (0, 4), (2, 5), (0, 1))",59.9902,228.41376,288.40396,3301.5794057747885,4312.125522081991,198.0624088683107,984.9488040907106,1183.0112129590211
mobile,LGBGBLGGGBLGGG,"((1,), (3, 5), (7,), (4, 2), (0,), (4,), (4, 6), (3, 6), (0, 6), (6,), (4,), (1, 3), (1, 4), (4, 6))",80.8653,189.05739,269.92269,3301.5724014581897,4654.938338568771,266.982642715637,880.0504929007482,1147.0331356163852
mobile,LGBGBLGGGBLGGG,"((4,), (3, 6), (2,), (3, 7), (0,), (1,), (0, 0), (2, 4), (3, 5), (2,), (4,), (2, 0), (2, 5), (4, 5))",42.5575,189.90144,232.45894,3530.953539264673,4503.843512773057,150.26855524725633,855.2863686102619,1005.5549238575182
mobile,LGBGBLGGGBLGGG,"((5,), (4, 2), (3,), (1, 3), (3,), (2,), (1, 5), (2, 3), (4, 7), (2,), (4,), (4, 5), (4, 2), (1, 7))",36.3055,184.28789,220.59339,3651.6066383399216,4653.757914504936,132.57340480825002,857.631226634915,990.204631443165
mobile,LGBGBLGGGBLGGG,"((5,), (1, 3), (5,), (0, 4), (6,), (1,), (4, 7), (2, 6), (3, 2), (5,), (5,), (0, 4), (0, 4), (4, 7))",36.528,210.40111,246.92911,3716.652143610013,4441.335824422024,135.76186950178655,934.461987341159,1070.2238568429457
mobile,LGBGBLGGGBLGGG,"((4,), (3, 4), (4,), (1, 5), (7,), (4,), (0, 7), (2, 2), (0, 5), (5,), (1,), (3, 0), (2, 5), (0, 3))",42.3365,229.69268,272.02918,3465.3890888804685,4279.640329227703,146.71244516138796,983.0020566563934,1129.7145018177814
mobile,LGBGBLGGGBLGGG,"((2,), (0, 0), (7,), (0, 7), (0,), (4,), (0, 4), (2, 3), (0, 2), (4,), (0,), (3, 3), (0, 2), (2, 6))",60.5004,265.51859,326.01899000000003,3334.084169464468,4119.125578926874,201.71342588626808,1093.7044157495973,1295.4178416358654
mobile,LGBGBLGGGBLGGG,"((5,), (1, 4), (4,), (2, 3), (5,), (3,), (3, 0), (3, 4), (2, 3), (7,), (2,), (3, 5), (1, 3), (2, 6))",36.3021,179.95757000000003,216.25967000000003,3631.796696687371,4568.177208082022,131.84184686281463,822.0780696958252,953.91991655864
mobile,LGBGBLGGGBLGGG,"((5,), (0, 7), (6,), (2, 5), (3,), (3,), (1, 6), (4, 5), (0, 7), (6,), (4,), (0, 2), (0, 5), (3, 2))",36.6208,220.73063,257.35143,3622.637654244308,4444.938394424125,132.66388900854997,981.1340521124256,1113.7979411209758
mobile,LGBGBLGGGBLGGG,"((3,), (3, 6), (1,), (3, 5), (6,), (5,), (1, 7), (0, 4), (0, 1), (3,), (5,), (0, 5), (2, 6), (2, 5))",49.6644,232.31979,281.98419,3405.8662301980903,4290.540429637286,169.15030280305004,996.7774515998442,1165.9277544028942
mobile,LLLLGGBGBLGLLG,"((3,), (2,), (5,), (1,), (2, 1), (0, 0), (5,), (2, 1), (7,), (5,), (4, 5), (0,), (0,), (3, 1))",49.3678,185.11405,234.48185000000004,3384.489910873439,4396.542431651357,167.08482102201776,813.8617755198309,980.9465965418486
mobile,LLLLGGBGBLGLLG,"((3,), (3,), (2,), (3,), (3, 2), (2, 5), (4,), (3, 4), (5,), (4,), (1, 0), (2,), (4,), (3, 0))",49.4055,158.33731,207.74281,3377.3306799083266,4507.596490824309,166.85871090621086,713.7207029225607,880.5794138287715
mobile,LLLLGGBGBLGLLG,"((4,), (2,), (3,), (4,), (0, 1), (2, 1), (2,), (3, 7), (1,), (4,), (1, 0), (4,), (5,), (4, 0))",42.0897,167.09977999999998,209.18948,3472.2931292264784,4528.134100545692,146.1477761212037,756.6502120116828,902.7979881328864
mobile,LLLLGGBGBLGLLG,"((3,), (0,), (3,), (2,), (0, 4), (2, 7), (2,), (0, 1), (3,), (3,), (0, 3), (0,), (2,), (0, 0))",48.9496,264.10526000000004,313.05486,3358.866538367546,3940.194674367472,164.415173506476,1040.6261389244369,1205.041312430913
mobile,LLLLGGBGBLGLLG,"((4,), (1,), (4,), (2,), (0, 1), (1, 5), (5,), (3, 5), (3,), (3,), (0, 1), (2,), (2,), (1, 0))",41.4933,206.06292,247.55622,3439.2934676434666,4172.971559843399,142.70763564097064,859.8947046982854,1002.602340339256
mobile,LLLLGGBGBLGLLG,"((2,), (5,), (3,), (0,), (3, 1), (1, 5), (5,), (3, 4), (1,), (3,), (4, 2), (1,), (3,), (0, 0))",59.9137,197.3652,257.2789,3292.85959176788,4261.600976435966,197.2874017233032,841.0917290344797,1038.379130757783
mobile,LLLLGGBGBLGLLG,"((5,), (5,), (2,), (0,), (2, 3), (2, 4), (2,), (3, 1), (1,), (4,), (0, 5), (2,), (4,), (2, 3))",36.1303,195.33638,231.46668,3600.6907588932795,4233.263888120868,130.09403732604184,826.9104434902553,957.0044808162972
mobile,LLLLGGBGBLGLLG,"((3,), (5,), (5,), (1,), (1, 2), (4, 1), (5,), (2, 4), (7,), (2,), (1, 7), (0,), (0,), (3, 7))",49.7654,182.13075000000003,231.89615000000003,3440.194326986661,4428.961767164044,171.20264676022197,806.6501283749129,977.8527751351348
mobile,LLLLGGBGBLGLLG,"((4,), (5,), (1,), (5,), (2, 5), (2, 6), (7,), (1, 6), (3,), (2,), (0, 0), (1,), (4,), (0, 0))",41.456,217.1392,258.5952,3433.561568986568,4192.720351643766,142.34172840390718,910.403942979646,1052.7456713835531
mobile,LLLLGGBGBLGLLG,"((2,), (3,), (0,), (1,), (2, 2), (3, 7), (3,), (0, 2), (1,), (0,), (0, 2), (5,), (2,), (2, 0))",59.8177,230.18144,289.99914,3294.9125087536936,4070.1985012342966,197.0940879748758,936.8841520999522,1133.978240074828
mobile,BGGGBGLBBBGLBB,"((7,), (2, 7), (4, 3), (0, 3), (7,), (4, 4), (1,), (2,), (3,), (5,), (1, 0), (4,), (6,), (7,))",13.1796,169.4734,182.653,5347.936349206349,4688.899290955143,70.48366190800002,794.6437050957574,865.1273670037574
mobile,BGGGBGLBBBGLBB,"((4,), (3, 2), (4, 3), (4, 4), (6,), (1, 6), (5,), (7,), (0,), (3,), (2, 7), (1,), (4,), (7,))",18.7257,162.59148000000002,181.31718,4405.625556943057,4777.247861086527,82.4984224916486,776.7398000608929,859.2382225525415
mobile,BGGGBGLBBBGLBB,"((3,), (1, 0), (3, 1), (2, 5), (7,), (2, 6), (3,), (4,), (5,), (2,), (2, 1), (1,), (0,), (6,))",23.4894,174.93968999999998,198.42909,4013.5369300797233,4452.962901953311,94.27557436541466,778.9999496492127,873.2755240146273
mobile,BGGGBGLBBBGLBB,"((1,), (0, 4), (4, 4), (3, 3), (1,), (0, 6), (4,), (7,), (0,), (4,), (4, 3), (0,), (3,), (0,))",41.2536,222.39092,263.64452,3505.6341490225022,4239.890397839382,144.6200289301147,942.9131262746662,1087.533155204781
mobile,BGGGBGLBBBGLBB,"((6,), (4, 2), (1, 3), (3, 2), (6,), (2, 6), (3,), (1,), (1,), (6,), (4, 1), (4,), (2,), (7,))",14.838,155.84082,170.67882,4973.287997835498,4775.126702609359,73.7936473118831,744.1596609385388,817.9533082504219
mobile,BGGGBGLBBBGLBB,"((3,), (0, 0), (1, 0), (0, 2), (7,), (4, 7), (2,), (6,), (2,), (1,), (4, 4), (0,), (4,), (4,))",24.1163,199.01827,223.13457,3887.365539509509,4345.987746968731,93.74887356047316,864.9309628429145,958.6798364033876
mobile,BGGGBGLBBBGLBB,"((1,), (2, 6), (0, 1), (3, 2), (0,), (1, 1), (1,), (0,), (2,), (2,), (3, 7), (0,), (0,), (7,))",40.2535,226.14885,266.40235,3667.6561203029855,4125.294237814439,147.63599563861624,932.930547793362,1080.566543431978
mobile,BGGGBGLBBBGLBB,"((0,), (2, 0), (3, 3), (0, 3), (5,), (4, 7), (2,), (7,), (0,), (6,), (2, 6), (1,), (0,), (2,))",60.7494,205.55775,266.30715,3417.104578531224,4344.3062916140325,207.5870528830248,893.0058266150244,1100.5928794980491
mobile,BGGGBGLBBBGLBB,"((0,), (1, 3), (3, 7), (1, 0), (4,), (2, 2), (2,), (7,), (0,), (1,), (2, 3), (5,), (3,), (3,))",58.3134,199.81503,258.12843,3414.72388691116,4299.844986222556,199.1241599070053,859.1736549174096,1058.297814824415
mobile,BGGGBGLBBBGLBB,"((1,), (2, 2), (1, 3), (2, 5), (7,), (1, 0), (2,), (3,), (5,), (6,), (4, 3), (5,), (2,), (7,))",37.2222,160.43670000000003,197.6589,3677.038516409102,4722.265235398787,136.86746306548287,757.6246508921047,894.4921139575875
mobile,LLBLLLBBBGLBBB,"((5,), (1,), (1,), (5,), (2,), (3,), (7,), (0,), (5,), (1, 4), (0,), (6,), (5,), (3,))",36.0303,184.0836,220.1139,3627.135012820512,4354.564609432469,130.6867626524269,801.6039297369229,932.2906923893496
mobile,LLBLLLBBBGLBBB,"((3,), (1,), (4,), (0,), (0,), (3,), (4,), (0,), (3,), (3, 1), (5,), (7,), (4,), (0,))",48.7903,200.13461,248.92491,3370.41541889483,4201.190232259828,164.44357941250442,840.8035686691301,1005.2471480816344
mobile,LLBLLLBBBGLBBB,"((3,), (5,), (2,), (3,), (2,), (5,), (0,), (4,), (5,), (2, 0), (4,), (5,), (0,), (7,))",49.3821,161.81223999999995,211.19433999999995,3480.448984859095,4501.180633088308,171.87187981521032,728.346120884637,900.2180006998474
mobile,LLBLLLBBBGLBBB,"((2,), (1,), (5,), (5,), (5,), (4,), (1,), (2,), (3,), (4, 1), (3,), (2,), (0,), (1,))",59.8761,173.16706999999997,233.04317,3313.386349527664,4320.257665910481,198.39265240295336,748.1263616507566,946.51901405371
mobile,LLBLLLBBBGLBBB,"((4,), (3,), (5,), (2,), (1,), (1,), (7,), (3,), (6,), (1, 4), (1,), (1,), (1,), (0,))",41.4286,195.2434,236.67200000000005,3444.077787952788,4187.305848572066,142.6833210459809,817.5438307150953,960.227151761076
mobile,LLBLLLBBBGLBBB,"((4,), (3,), (4,), (4,), (3,), (5,), (2,), (7,), (2,), (3, 4), (3,), (1,), (6,), (2,))",41.9779,152.06853,194.04643,3473.3654761904777,4587.941695939595,145.80458862297624,697.6815494272412,843.4861380502174
mobile,LLBLLLBBBGLBBB,"((2,), (0,), (4,), (5,), (5,), (0,), (6,), (1,), (2,), (3, 5), (3,), (2,), (7,), (1,))",59.721,184.07089,243.79189,3312.4109311740885,4272.3292713317605,197.82049322064773,786.4114513470886,984.2319445677364
mobile,LLBLLLBBBGLBBB,"((3,), (0,), (2,), (0,), (1,), (5,), (7,), (7,), (2,), (1, 3), (2,), (2,), (2,), (6,))",49.4096,184.3298,233.7394,3447.9513043743896,4323.257219789106,170.36189476861682,796.905138672282,967.2670334408988
mobile,LLBLLLBBBGLBBB,"((2,), (4,), (4,), (4,), (0,), (4,), (3,), (7,), (7,), (1, 3), (0,), (1,), (6,), (6,))",60.3223,169.22150000000005,229.54380000000003,3371.344831309042,4524.535420360457,203.36727431767343,765.6486706365272,969.0159449542008
mobile,LLBLLLBBBGLBBB,"((3,), (4,), (4,), (1,), (4,), (2,), (7,), (4,), (2,), (1, 1), (2,), (0,), (5,), (4,))",49.2971,179.4793,228.7764,3412.396425953079,4280.437407486246,168.22124784985152,768.2499095894462,936.4711574392976
mobile,LBLGLGLLLLBBBL,"((2,), (3,), (4,), (0, 6), (2,), (4, 3), (5,), (2,), (2,), (3,), (1,), (0,), (0,), (1,))",59.2829,199.86344000000005,259.14634,3301.0396058744413,4101.014453002268,195.69520085109392,819.6428560667518,1015.3380569178456
mobile,LBLGLGLLLLBBBL,"((2,), (4,), (2,), (4, 0), (1,), (2, 0), (4,), (4,), (5,), (2,), (0,), (2,), (6,), (1,))",59.2676,171.75718,231.02478,3308.528112659697,4282.15834628529,196.08852076986983,735.4914418714247,931.5799626412946
mobile,LBLGLGLLLLBBBL,"((3,), (0,), (4,), (2, 4), (2,), (0, 4), (2,), (0,), (4,), (3,), (2,), (2,), (4,), (4,))",47.6236,185.75265,233.37625,3401.8617542838247,4139.999375957398,162.00890344131116,769.015855082433,931.024758523744
mobile,LBLGLGLLLLBBBL,"((1,), (3,), (1,), (4, 4), (3,), (1, 2), (0,), (0,), (3,), (2,), (4,), (5,), (4,), (4,))",79.7224,168.13685999999998,247.85926,3261.4272482142346,4293.202035190257,260.00880765303447,721.8455095424994,981.854317195534
mobile,LBLGLGLLLLBBBL,"((2,), (5,), (1,), (3, 1), (2,), (4, 0), (1,), (0,), (0,), (0,), (4,), (0,), (0,), (2,))",58.7577,204.98982,263.74752,3312.4924079429343,4050.596920387959,194.63443515818847,830.331133602882,1024.9655687610705
mobile,LBLGLGLLLLBBBL,"((3,), (5,), (3,), (1, 4), (2,), (0, 2), (4,), (0,), (3,), (3,), (4,), (5,), (1,), (4,))",47.6209,177.98036,225.60126,3394.088205645163,4230.015229125964,161.62953503220774,752.8596332853215,914.4891683175292
mobile,LBLGLGLLLLBBBL,"((3,), (1,), (0,), (1, 6), (2,), (1, 7), (2,), (3,), (0,), (5,), (4,), (6,), (1,), (3,))",47.6421,183.26569999999995,230.90779999999995,3385.293245967743,4240.844582243836,161.2824793537198,777.201350956124,938.4838303098438
mobile,LBLGLGLLLLBBBL,"((2,), (3,), (1,), (1, 1), (5,), (3, 3), (2,), (1,), (5,), (5,), (4,), (4,), (0,), (0,))",60.0448,179.21184999999997,239.25665,3296.0409549892847,4235.041005222014,197.91011993414065,758.9695333716967,956.8796533058372
mobile,LBLGLGLLLLBBBL,"((3,), (2,), (0,), (2, 3), (1,), (2, 7), (0,), (0,), (1,), (4,), (5,), (3,), (2,), (3,))",47.6258,183.1077,230.7335,3381.916404569892,4151.396470051237,161.06647430076475,760.1526594192009,921.2191337199656
mobile,LBLGLGLLLLBBBL,"((2,), (4,), (3,), (2, 5), (2,), (1, 1), (3,), (5,), (2,), (2,), (6,), (3,), (0,), (2,))",58.7495,163.36489000000006,222.11439000000004,3305.155297860033,4323.819848975803,194.176221171628,706.360354007749,900.536575179377
mobile,GGBGBGGLGLLGBL,"((1, 5), (0, 1), (0,), (0, 0), (7,), (3, 3), (4, 6), (5,), (3, 7), (3,), (1,), (4, 6), (5,), (2,))",17.4261,197.85202,215.27812,4212.606831624257,4350.329462851583,73.40930790856747,860.7214718907007,934.1307797992682
mobile,GGBGBGGLGLLGBL,"((1, 7), (0, 0), (3,), (4, 3), (4,), (1, 4), (0, 7), (4,), (2, 7), (5,), (4,), (1, 4), (0,), (2,))",14.3504,198.68372,213.03412,4795.992735042735,4300.868666648981,68.82441414495726,854.5125859212595,923.3370000662168
mobile,GGBGBGGLGLLGBL,"((2, 7), (1, 6), (1,), (1, 2), (4,), (0, 0), (1, 6), (5,), (4, 1), (1,), (0,), (3, 3), (7,), (1,))",14.2994,205.96847,220.26787,4760.679382006882,4213.373454787545,68.07485875506922,867.8220840212048,935.896942776274
mobile,GGBGBGGLGLLGBL,"((3, 2), (4, 3), (7,), (4, 2), (0,), (2, 4), (2, 6), (2,), (2, 1), (3,), (0,), (1, 3), (2,), (5,))",28.6907,177.21081,205.90151,3780.535556292693,4417.615344142877,108.46621148492676,782.849193403988,891.3154048889148
mobile,GGBGBGGLGLLGBL,"((4, 2), (4, 3), (1,), (2, 5), (6,), (4, 5), (4, 4), (4,), (2, 5), (0,), (2,), (3, 0), (1,), (1,))",28.6197,173.81564000000003,202.43534,3849.959098727211,4447.563861180565,110.18467441784315,773.0561589719713,883.2408333898145
mobile,GGBGBGGLGLLGBL,"((0, 0), (1, 7), (1,), (0, 7), (6,), (1, 7), (2, 7), (4,), (1, 3), (2,), (1,), (4, 7), (2,), (5,))",53.984,202.93801,256.92201,3417.024848045342,4343.853910696535,184.4646693968797,881.5330683674727,1065.9977377643525
mobile,GGBGBGGLGLLGBL,"((2, 1), (3, 0), (0,), (4, 2), (3,), (1, 6), (4, 6), (1,), (3, 7), (1,), (4,), (1, 7), (0,), (3,))",36.7045,196.99753000000004,233.70203000000004,3545.232170568562,4306.192386223618,130.12597420463382,848.309263790859,978.4352379954928
mobile,GGBGBGGLGLLGBL,"((1, 0), (3, 3), (5,), (1, 0), (7,), (1, 5), (0, 4), (0,), (1, 3), (5,), (5,), (1, 2), (6,), (1,))",53.9143,202.06562,255.97992,3399.0836650226283,4257.744398338849,183.25921644112947,860.3437616518665,1043.602978092996
mobile,GGBGBGGLGLLGBL,"((0, 1), (1, 5), (6,), (3, 3), (4,), (0, 1), (4, 7), (3,), (3, 3), (4,), (4,), (1, 3), (6,), (4,))",36.7306,170.16845999999995,206.89906,3529.6492686733545,4471.275834469829,129.64613542793353,760.8701229869455,890.5162584148791
mobile,GGBGBGGLGLLGBL,"((3, 0), (2, 6), (5,), (3, 6), (1,), (3, 7), (2, 3), (2,), (0, 2), (5,), (5,), (3, 5), (6,), (2,))",54.1127,167.89269000000002,222.00539,3510.88267160334,4512.456285929423,189.98334074367003,757.6084243521,947.59176509577
mobile,GBLLLBGLGGGBGB,"((2, 7), (6,), (4,), (2,), (5,), (0,), (2, 3), (2,), (3, 5), (0, 5), (0, 3), (6,), (4, 0), (0,))",17.2814,225.29352,242.57492,4532.32434176934,4218.489209117099,78.32490987985268,950.3982830040072,1028.72319288386
mobile,GBLLLBGLGGGBGB,"((3, 4), (0,), (0,), (1,), (5,), (7,), (0, 3), (5,), (3, 7), (3, 1), (4, 0), (4,), (1, 3), (2,))",22.4696,191.43689,213.90649,3983.6840625632544,4462.028502028627,89.5117874121713,854.1968595197192,943.7086469318904
mobile,GBLLLBGLGGGBGB,"((1, 5), (5,), (4,), (5,), (3,), (3,), (1, 2), (2,), (3, 5), (3, 5), (4, 0), (2,), (2, 5), (0,))",21.1996,184.31821,205.51781,4052.016182469491,4427.502557365701,85.90112226188023,816.0693461440683,901.9704684059484
mobile,GBLLLBGLGGGBGB,"((1, 2), (6,), (3,), (2,), (2,), (2,), (4, 6), (3,), (4, 1), (2, 2), (4, 6), (1,), (4, 6), (2,))",29.3144,169.23373999999998,198.54814,3660.011623974151,4640.734568178314,107.29104474982783,785.3688673201009,892.6599120699287
mobile,GBLLLBGLGGGBGB,"((1, 7), (6,), (3,), (5,), (0,), (5,), (4, 0), (1,), (3, 7), (1, 4), (1, 1), (1,), (1, 1), (0,))",16.9827,210.63258,227.61528,4618.78691058941,4290.797818227179,78.43947246646677,903.7818147115617,982.2212871780284
mobile,GBLLLBGLGGGBGB,"((4, 5), (4,), (3,), (0,), (5,), (3,), (1, 7), (5,), (2, 5), (2, 0), (2, 0), (5,), (4, 2), (1,))",19.7156,187.58011,207.29571,4266.108176872148,4433.833414762448,84.10888237194051,831.6989596628157,915.8078420347562
mobile,GBLLLBGLGGGBGB,"((4, 2), (4,), (0,), (4,), (3,), (5,), (4, 3), (1,), (1, 2), (2, 5), (1, 5), (3,), (3, 1), (4,))",26.5931,188.784,215.3771,3944.6409217665705,4398.806805117579,104.90023049663058,830.4243438973169,935.3245743939476
mobile,GBLLLBGLGGGBGB,"((1, 2), (7,), (5,), (3,), (5,), (5,), (0, 3), (2,), (1, 5), (2, 2), (3, 7), (2,), (2, 6), (6,))",28.8861,170.73923999999997,199.62534,3802.773421445386,4648.736914027887,109.84729332921356,793.7218076610667,903.5691009902804
mobile,GBLLLBGLGGGBGB,"((3, 3), (0,), (1,), (1,), (5,), (1,), (2, 1), (2,), (3, 1), (3, 0), (3, 3), (1,), (2, 1), (4,))",23.4184,198.0989,221.5173,3945.8783857645617,4241.003461220208,92.4061583891888,840.1381205639158,932.5442789531046
mobile,GBLLLBGLGGGBGB,"((1, 4), (6,), (0,), (1,), (0,), (6,), (0, 6), (5,), (3, 1), (0, 0), (1, 2), (2,), (3, 7), (3,))",20.8593,212.40586,233.26516,3972.3079365079366,4283.234573598005,82.85956294,909.7841231868176,992.6436861268176
mobile,LBGGLLBBBGLLBG,"((4,), (6,), (3, 7), (0, 6), (4,), (2,), (6,), (2,), (7,), (3, 3), (4,), (2,), (4,), (4, 0))",42.1513,160.04654,202.19784,3474.363096150338,4775.65631709798,146.44892117476175,764.3272697806744,910.7761909554362
mobile,LBGGLLBBBGLLBG,"((2,), (0,), (4, 3), (4, 3), (1,), (3,), (1,), (1,), (3,), (2, 0), (2,), (1,), (2,), (1, 5))",60.4329,203.8876,264.3205,3328.573006509467,4212.657476504841,201.155319645086,858.9086225066284,1060.0639421517144
mobile,LBGGLLBBBGLLBG,"((4,), (1,), (1, 6), (3, 5), (1,), (3,), (2,), (6,), (6,), (4, 6), (4,), (1,), (5,), (3, 3))",42.3219,158.8583,201.1802,3479.760643837067,4694.614685493792,147.27008199240797,745.7785080925786,893.0485900849866
mobile,LBGGLLBBBGLLBG,"((0,), (1,), (0, 4), (2, 1), (5,), (4,), (3,), (5,), (6,), (1, 4), (4,), (0,), (5,), (0, 7))",117.753,225.8445,343.5975,3219.0328855355165,4227.455682361687,379.05077937046366,954.747614855134,1333.7983942255978
mobile,LBGGLLBBBGLLBG,"((5,), (4,), (1, 3), (1, 4), (3,), (2,), (4,), (6,), (4,), (0, 1), (5,), (1,), (6,), (1, 1))",35.4601,205.5423,241.0024,3587.1876976284584,4284.289862985971,127.2020344766749,880.6027923048214,1007.8048267814964
mobile,LBGGLLBBBGLLBG,"((2,), (1,), (0, 4), (0, 4), (5,), (2,), (5,), (1,), (6,), (4, 6), (0,), (0,), (7,), (3, 7))",60.6564,210.063,270.7194,3366.9658051907445,4310.0340269188455,204.22802466597187,905.3786777966534,1109.6067024626252
mobile,LBGGLLBBBGLLBG,"((2,), (6,), (2, 3), (4, 5), (1,), (5,), (6,), (5,), (7,), (3, 3), (2,), (1,), (5,), (1, 4))",60.4268,162.67248999999998,223.09929,3320.5869900595776,4723.163489538798,200.6524459309321,768.3287655203651,968.9812114512972
mobile,LBGGLLBBBGLLBG,"((0,), (1,), (1, 1), (1, 4), (1,), (4,), (2,), (0,), (4,), (2, 4), (2,), (0,), (1,), (1, 6))",117.807,237.8425999999999,355.6495999999999,3225.8539513118467,4024.153468533221,380.0281764421947,957.115123754959,1337.1433001971536
mobile,LBGGLLBBBGLLBG,"((3,), (6,), (2, 0), (1, 3), (0,), (5,), (4,), (7,), (5,), (3, 1), (4,), (5,), (7,), (4, 7))",49.7195,155.91828999999996,205.63779,3459.503601539591,4851.637203748732,172.0047893167477,756.4589765088837,928.4637658256312
mobile,LBGGLLBBBGLLBG,"((1,), (0,), (4, 1), (2, 1), (5,), (1,), (0,), (4,), (7,), (2, 3), (0,), (1,), (6,), (1, 0))",80.0273,217.1844,297.2117,3240.9748406329136,4231.767826149313,259.3664658637824,919.0739562615428,1178.4404221253253
mobile,LLGBLGLGBBGLBL,"((1,), (2,), (1, 2), (1,), (2,), (1, 7), (3,), (4, 4), (7,), (5,), (1, 3), (4,), (3,), (5,))",79.6866,185.32685000000004,265.01345000000003,3289.918212766767,4437.2381745981575,262.16239665346023,822.3393735980267,1084.501770251487
mobile,LLGBLGLGBBGLBL,"((2,), (3,), (0, 0), (2,), (3,), (3, 7), (2,), (2, 4), (3,), (2,), (3, 0), (3,), (1,), (2,))",58.7454,189.2198400000001,247.96524000000008,3313.6904413472694,4249.70172372289,194.66407045312187,804.1278802105699,998.7919506636918
mobile,LLGBLGLGBBGLBL,"((0,), (3,), (4, 5), (2,), (2,), (0, 6), (2,), (1, 0), (3,), (6,), (1, 0), (1,), (7,), (1,))",117.38,211.56958999999995,328.94958999999994,3205.768692188534,4237.596441289775,376.2931290890901,896.5465416691364,1272.8396707582265
mobile,LLGBLGLGBBGLBL,"((2,), (2,), (2, 5), (5,), (4,), (0, 3), (3,), (2, 5), (3,), (3,), (0, 4), (0,), (4,), (1,))",59.2491,210.75787000000005,270.00697,3308.7983400809726,4166.436247517176,196.0433237312916,878.109229017513,1074.1525527488045
mobile,LLGBLGLGBBGLBL,"((3,), (3,), (0, 0), (3,), (3,), (4, 4), (3,), (4, 1), (2,), (3,), (0, 2), (1,), (7,), (2,))",47.913,201.00039000000004,248.91339,3382.966244239631,4272.337653000057,162.08806166025343,858.7415344646963,1020.8295961249496
mobile,LLGBLGLGBBGLBL,"((1,), (0,), (0, 2), (7,), (5,), (3, 1), (0,), (1, 1), (1,), (1,), (0, 1), (3,), (5,), (1,))",79.8283,236.3648900000001,316.1931900000001,3247.43537735849,4077.317404968631,259.2372455343867,963.7346799204962,1222.971925454883
mobile,LLGBLGLGBBGLBL,"((2,), (4,), (2, 4), (3,), (3,), (1, 7), (5,), (3, 1), (3,), (2,), (3, 3), (5,), (5,), (4,))",58.6915,162.26381,220.95531,3332.2259278002693,4539.309394129604,195.5733380414895,736.5656370602612,932.1389751017508
mobile,LLGBLGLGBBGLBL,"((5,), (3,), (1, 3), (5,), (5,), (0, 1), (3,), (4, 2), (2,), (4,), (4, 5), (5,), (1,), (4,))",34.2724,167.90958,202.18198,3636.948083003952,4574.914745516818,124.64693947994463,768.1720134555358,892.8189529354804
mobile,LLGBLGLGBBGLBL,"((0,), (0,), (3, 0), (7,), (2,), (2, 7), (3,), (2, 0), (5,), (1,), (4, 6), (0,), (0,), (3,))",117.34,205.82029999999995,323.16029999999995,3216.294087894088,4288.199920812718,377.3999482734922,882.5985941616497,1259.998542435142
mobile,LLGBLGLGBBGLBL,"((1,), (5,), (0, 5), (3,), (3,), (0, 4), (3,), (1, 0), (2,), (4,), (4, 6), (0,), (2,), (2,))",79.7812,208.76179,288.54299000000003,3254.3311283758794,4204.084016491814,259.6344426191817,877.6521045932205,1137.2865472124022
mobile,LLLBBLLLGBGBLG,"((5,), (0,), (2,), (3,), (2,), (5,), (3,), (2,), (1, 2), (3,), (1, 3), (3,), (1,), (4, 2))",36.61,183.93158000000005,220.54158000000004,3624.562679487178,4306.79538589994,132.6952396960256,792.1556800652859,924.8509197613116
mobile,LLLBBLLLGBGBLG,"((5,), (0,), (2,), (2,), (0,), (2,), (2,), (5,), (2, 0), (6,), (1, 7), (5,), (3,), (0, 1))",35.6386,220.77524,256.41384,3571.6831270903017,4184.7689207247095,127.2897862931204,923.8933628175388,1051.183149110659
mobile,LLLBBLLLGBGBLG,"((3,), (5,), (4,), (4,), (6,), (2,), (0,), (0,), (0, 7), (3,), (1, 2), (7,), (5,), (4, 4))",49.7124,191.66278000000003,241.37518000000003,3426.8313206646308,4443.307123615533,170.3560093454084,851.6165957059568,1021.9726050513652
mobile,LLLBBLLLGBGBLG,"((3,), (3,), (5,), (3,), (1,), (2,), (4,), (1,), (4, 4), (5,), (4, 1), (6,), (4,), (2, 6))",49.3756,163.58423000000002,212.95983,3407.336336143695,4588.327715258991,168.23927599889663,750.5780562883014,918.817332287198
mobile,LLLBBLLLGBGBLG,"((5,), (1,), (3,), (3,), (6,), (4,), (0,), (4,), (1, 3), (3,), (1, 1), (0,), (3,), (1, 1))",35.5245,215.04850000000005,250.57300000000004,3583.4289855072466,4125.871232466521,127.2995229956522,887.2624197350768,1014.561942730729
mobile,LLLBBLLLGBGBLG,"((4,), (5,), (5,), (7,), (1,), (1,), (0,), (3,), (4, 4), (7,), (1, 6), (6,), (5,), (4, 5))",42.3667,157.00971,199.37641,3515.3814281503937,4868.249294984188,148.93511035201928,764.3624100131718,913.2975203651912
mobile,LLLBBLLLGBGBLG,"((3,), (4,), (2,), (2,), (2,), (3,), (4,), (0,), (2, 2), (3,), (2, 6), (0,), (2,), (2, 0))",48.821,203.2378,252.0588,3364.8786656891502,4155.371808408568,164.27674133761,844.5286245229788,1008.8053658605888
mobile,LLLBBLLLGBGBLG,"((2,), (5,), (4,), (5,), (3,), (5,), (1,), (4,), (0, 6), (1,), (1, 0), (3,), (5,), (1, 6))",60.4125,204.27963,264.69213,3325.1908669892373,4291.138730065025,200.8830932519873,876.5922320563532,1077.4753253083404
mobile,LLLBBLLLGBGBLG,"((3,), (0,), (5,), (5,), (6,), (3,), (1,), (0,), (4, 0), (1,), (2, 3), (4,), (5,), (2, 0))",48.8532,195.41301000000004,244.26621000000003,3368.25978739003,4299.932522590674,164.5502690453226,840.2627570363368,1004.8130260816594
mobile,LLLBBLLLGBGBLG,"((2,), (5,), (2,), (4,), (3,), (3,), (3,), (5,), (3, 3), (3,), (1, 7), (7,), (2,), (4, 3))",60.6397,152.12696,212.76666,3346.2769881669465,4757.047965867176,202.9172326793472,723.6752456215572,926.5924783009044
mobile,BGBBBBLGLLBLLB,"((3,), (0, 6), (6,), (5,), (3,), (3,), (1,), (4, 4), (4,), (1,), (4,), (5,), (4,), (7,))",23.9063,154.71460000000002,178.6209,4053.314912128635,4679.806521383186,96.8997622838208,724.0343940331911,820.9341563170119
mobile,BGBBBBLGLLBLLB,"((2,), (0, 5), (5,), (1,), (5,), (7,), (5,), (4, 1), (4,), (3,), (0,), (2,), (0,), (1,))",31.3243,193.9844,225.3087,3639.645187276492,4296.540139730859,114.00933773980502,833.4617610816067,947.4710988214116
mobile,BGBBBBLGLLBLLB,"((7,), (1, 4), (5,), (3,), (2,), (1,), (5,), (4, 2), (2,), (1,), (3,), (3,), (2,), (6,))",14.1498,159.4684,173.6182,5251.610037878789,4530.608457919464,74.3092317139773,722.4888818108842,796.7981135248615
mobile,BGBBBBLGLLBLLB,"((2,), (2, 2), (0,), (5,), (3,), (4,), (3,), (4, 0), (2,), (0,), (6,), (4,), (3,), (0,))",32.3602,197.16294,229.52314,3619.07507384772,4257.467560683773,117.11399320472698,839.414821219041,956.528814423768
mobile,BGBBBBLGLLBLLB,"((2,), (2, 5), (4,), (2,), (6,), (5,), (3,), (1, 5), (1,), (4,), (3,), (5,), (5,), (0,))",31.9346,183.31468,215.24928,3624.415976776398,4325.81887335676,115.74427445196356,792.986102507355,908.7303769593184
mobile,BGBBBBLGLLBLLB,"((3,), (1, 2), (2,), (3,), (6,), (2,), (4,), (4, 3), (2,), (0,), (2,), (1,), (2,), (0,))",26.4848,200.47493,226.95973,3738.2752774092105,4159.9359600577245,99.00747306712746,833.9628703970552,932.9703434641826
mobile,BGBBBBLGLLBLLB,"((1,), (3, 0), (3,), (4,), (2,), (1,), (0,), (4, 7), (1,), (4,), (3,), (1,), (4,), (0,))",41.6764,195.4466,237.123,3481.119673662865,4205.777020327332,145.080535967443,822.0048189811079,967.0853549485508
mobile,BGBBBBLGLLBLLB,"((0,), (2, 3), (7,), (3,), (6,), (6,), (5,), (1, 2), (1,), (3,), (1,), (3,), (0,), (7,))",58.7284,176.52766,235.25606,3516.5942759013865,4442.181618408999,206.523955272847,784.1679263927537,990.6918816656008
mobile,BGBBBBLGLLBLLB,"((3,), (2, 0), (4,), (4,), (6,), (6,), (2,), (4, 3), (4,), (2,), (1,), (4,), (2,), (7,))",23.5568,154.98717000000002,178.54397000000003,4080.3755361223743,4653.842523073781,96.12059042932754,721.2858822768652,817.4064727061927
mobile,BGBBBBLGLLBLLB,"((2,), (3, 6), (5,), (4,), (4,), (3,), (1,), (1, 6), (4,), (2,), (7,), (2,), (4,), (0,))",32.0327,173.72946,205.76216,3618.771987379516,4445.485883063458,115.91903744013182,772.3118619022375,888.2308993423693
mobile,LBLGGLGBGLLGBL,"((3,), (0,), (3,), (4, 6), (3, 5), (2,), (1, 5), (5,), (1, 0), (5,), (1,), (1, 6), (1,), (3,))",47.6267,185.61348,233.24018,3407.508389037433,4342.8658964729775,162.2883797921691,806.0944522176691,968.3828320098382
mobile,LBLGGLGBGLLGBL,"((0,), (1,), (0,), (3, 1), (2, 7), (0,), (1, 0), (3,), (0, 5), (2,), (5,), (0, 0), (6,), (2,))",117.356,230.05138,347.40737999999993,3224.3142902821755,4021.870071228311,378.392627850355,925.2367600667714,1303.6293879171262
mobile,LBLGGLGBGLLGBL,"((3,), (1,), (2,), (1, 6), (4, 0), (0,), (3, 1), (6,), (0, 2), (3,), (1,), (0, 7), (6,), (3,))",47.6453,212.88002000000003,260.52532,3408.111358065953,4181.427050864198,162.38048808845974,890.1422742165115,1052.5227623049714
mobile,LBLGGLGBGLLGBL,"((5,), (3,), (4,), (4, 5), (0, 2), (3,), (0, 2), (3,), (0, 6), (2,), (3,), (1, 7), (2,), (4,))",34.2392,192.23889000000003,226.47809,3626.76304347826,4298.382933932819,124.17746519826083,826.3163640141885,950.4938292124492
mobile,LBLGGLGBGLLGBL,"((4,), (4,), (1,), (1, 5), (0, 1), (4,), (3, 4), (0,), (0, 6), (2,), (1,), (4, 0), (1,), (3,))",40.3482,211.0529,251.4011,3464.990313390313,4141.615224146278,139.80612216273502,874.099903740222,1013.906025902957
mobile,LBLGGLGBGLLGBL,"((1,), (6,), (4,), (2, 3), (1, 3), (1,), (3, 5), (7,), (0, 0), (3,), (0,), (3, 3), (2,), (5,))",79.6691,188.64852,268.31762,3272.621068470929,4292.656210777907,260.7267751661173,809.8032410320602,1070.5300161981777
mobile,LBLGGLGBGLLGBL,"((1,), (0,), (0,), (4, 0), (2, 1), (4,), (2, 7), (3,), (3, 5), (5,), (5,), (3, 3), (3,), (3,))",79.7405,168.08357000000004,247.82407000000003,3255.335965109991,4455.097325733189,259.5821175258532,748.8286632066875,1008.4107807325406
mobile,LBLGGLGBGLLGBL,"((4,), (1,), (2,), (3, 1), (2, 5), (5,), (2, 1), (1,), (4, 7), (2,), (0,), (1, 4), (2,), (0,))",41.6427,194.70257,236.34527,3436.746588564692,4214.103948312657,143.1154071636229,820.4968689836214,963.6122761472444
mobile,LBLGGLGBGLLGBL,"((1,), (2,), (1,), (1, 3), (1, 7), (2,), (0, 1), (2,), (0, 3), (0,), (2,), (2, 5), (1,), (0,))",79.9009,238.5532000000001,318.45410000000004,3238.2300798258343,3950.535460538237,258.737497785156,942.4128758248704,1201.1503736100265
mobile,LBLGGLGBGLLGBL,"((5,), (2,), (1,), (2, 0), (0, 4), (4,), (3, 2), (1,), (0, 5), (1,), (4,), (0, 7), (7,), (2,))",34.7479,215.04141,249.78931,3593.171854413703,4152.291118183713,124.85517627998192,892.9145367847022,1017.7697130646842
mobile,LGLLLGLGBBLLBL,"((1,), (2, 6), (3,), (3,), (1,), (0, 1), (4,), (0, 6), (2,), (3,), (1,), (1,), (6,), (3,))",79.7404,200.80005000000003,280.54045,3255.1310714285705,4109.570234674253,259.5654536881428,825.2019086011019,1084.7673622892446
mobile,LGLLLGLGBBLLBL,"((4,), (1, 2), (5,), (4,), (5,), (0, 7), (2,), (3, 0), (6,), (1,), (5,), (2,), (2,), (2,))",40.5518,172.38543999999996,212.93724,3467.198453749316,4361.405877942783,140.60113825675148,751.8428712877528,892.4440095445043
mobile,LGLLLGLGBBLLBL,"((0,), (4, 3), (3,), (3,), (3,), (4, 7), (1,), (3, 4), (2,), (6,), (3,), (1,), (5,), (1,))",117.401,153.45501000000002,270.85601,3206.0990790002315,4510.607526422515,376.3992379737061,692.1753230732423,1068.5745610469485
mobile,LGLLLGLGBBLLBL,"((0,), (0, 0), (0,), (0,), (2,), (3, 4), (2,), (4, 7), (2,), (3,), (5,), (0,), (3,), (1,))",117.408,208.06416,325.47216000000003,3200.702794573848,4135.315170424588,375.7881137053264,860.4108772696487,1236.198990974975
mobile,LGLLLGLGBBLLBL,"((1,), (3, 0), (4,), (0,), (1,), (1, 0), (1,), (2, 2), (3,), (4,), (5,), (2,), (3,), (0,))",79.8973,193.74111,273.63841,3235.7465529753267,4111.6386363035845,258.5274130670356,796.5934333163427,1055.1208463833782
mobile,LGLLLGLGBBLLBL,"((3,), (2, 7), (1,), (2,), (4,), (4, 1), (3,), (2, 2), (2,), (6,), (2,), (1,), (4,), (2,))",47.9108,164.78533000000002,212.69613,3381.489030764636,4350.773663169731,162.00984465515833,716.943673840733,878.9535184958913
mobile,LGLLLGLGBBLLBL,"((1,), (3, 0), (1,), (0,), (1,), (4, 6), (2,), (4, 5), (2,), (3,), (5,), (0,), (1,), (0,))",79.8863,186.0331,265.9194,3238.760534344361,4223.608877524446,258.732595674794,785.731052673393,1044.463648348187
mobile,LGLLLGLGBBLLBL,"((4,), (3, 1), (3,), (4,), (2,), (4, 4), (4,), (1, 0), (0,), (2,), (3,), (3,), (7,), (3,))",40.2919,173.99686999999997,214.28877,3473.538390313392,4309.147496609163,139.95546146866815,749.7781767783298,889.733638246998
mobile,LGLLLGLGBBLLBL,"((4,), (2, 4), (5,), (3,), (0,), (0, 5), (5,), (2, 3), (5,), (0,), (3,), (2,), (1,), (2,))",40.6173,190.51829,231.13559,3450.98418803419,4167.973781432123,140.16966006064112,794.075237603282,934.2448976639232
mobile,LGLLLGLGBBLLBL,"((2,), (1, 0), (1,), (1,), (4,), (1, 7), (4,), (0, 5), (7,), (7,), (5,), (3,), (7,), (1,))",59.2209,187.95565000000005,247.17655000000005,3300.6054756173176,4357.090406048493,195.4648268109856,818.9397593776085,1014.4045861885942
mobile,GGLGGLGGLGBBBB,"((3, 0), (4, 7), (2,), (3, 4), (1, 3), (3,), (1, 6), (3, 7), (1,), (4, 1), (1,), (4,), (2,), (7,))",34.4347,162.08325,196.51795,3863.509078177762,4645.339063281082,133.0387760543278,752.9316527285536,885.9704287828813
mobile,GGLGGLGGLGBBBB,"((2, 6), (2, 7), (2,), (2, 3), (1, 7), (3,), (0, 0), (0, 6), (2,), (1, 2), (4,), (0,), (0,), (3,))",13.5519,235.04424000000003,248.59614,4451.786266233768,4077.208032831932,60.330162301373406,958.3242633988766,1018.65442570025
mobile,GGLGGLGGLGBBBB,"((3, 1), (0, 7), (3,), (1, 7), (4, 6), (5,), (1, 6), (4, 7), (5,), (3, 7), (1,), (5,), (6,), (6,))",24.4564,167.39167999999998,191.84808,3929.5614680580966,4809.4040218865575,96.10292708741603,805.0542190223476,901.1571461097636
mobile,GGLGGLGGLGBBBB,"((0, 2), (4, 1), (1,), (2, 3), (1, 6), (2,), (1, 5), (3, 3), (2,), (4, 4), (0,), (1,), (0,), (4,))",22.2273,200.6521,222.8794,3737.209163891665,4252.34387672043,83.0680692485692,853.2417287860952,936.3097980346644
mobile,GGLGGLGGLGBBBB,"((0, 7), (3, 4), (2,), (3, 5), (1, 1), (3,), (4, 6), (0, 0), (5,), (3, 2), (4,), (7,), (4,), (6,))",10.5475,170.22641,180.77391,5141.088412698413,4659.08450655864,54.22563003293651,793.0992294380987,847.3248594710352
mobile,GGLGGLGGLGBBBB,"((1, 2), (1, 1), (1,), (4, 3), (2, 7), (2,), (3, 4), (3, 0), (5,), (0, 6), (6,), (7,), (0,), (3,))",24.1732,185.34052,209.51372,3716.307738752476,4486.658390422066,89.83505023041135,831.5595991431887,921.3946493736
mobile,GGLGGLGGLGBBBB,"((0, 5), (2, 2), (5,), (4, 2), (1, 0), (0,), (3, 6), (4, 1), (1,), (0, 2), (0,), (6,), (3,), (5,))",12.2696,201.97549,214.24509,4411.8146825396825,4340.142091191562,54.131201428888886,876.6023255380405,930.7335269669294
mobile,GGLGGLGGLGBBBB,"((2, 0), (0, 6), (1,), (4, 5), (0, 7), (0,), (0, 4), (2, 2), (1,), (2, 1), (5,), (6,), (3,), (0,))",51.0029,225.8914,276.8943,3412.454846196746,4162.464095363689,174.045093275088,940.2648419514372,1114.309935226525
mobile,GGLGGLGGLGBBBB,"((1, 5), (4, 2), (3,), (4, 2), (4, 5), (2,), (4, 0), (3, 6), (0,), (4, 7), (7,), (1,), (6,), (5,))",12.5029,147.64648999999997,160.14938999999998,4438.854758297257,4982.706483890814,55.49855715751477,735.6791230467201,791.1776802042349
mobile,GGLGGLGGLGBBBB,"((3, 2), (1, 2), (2,), (1, 1), (0, 5), (2,), (2, 2), (1, 5), (5,), (0, 1), (2,), (4,), (6,), (3,))",22.4774,212.44818,234.92558,3813.9815852856304,4165.821971843966,85.72838968509923,885.0212961222618,970.7496858073612
mobile,BGGLGBLBGGGGBL,"((4,), (2, 7), (0, 5), (1,), (1, 6), (2,), (1,), (1,), (3, 0), (1, 3), (0, 1), (1, 3), (1,), (2,))",22.3812,234.67002,257.05122,4019.5784477124193,4080.950257587749,89.96298915394121,957.6766785671222,1047.6396677210637
mobile,BGGLGBLBGGGGBL,"((3,), (2, 2), (1, 4), (1,), (2, 6), (4,), (1,), (7,), (3, 4), (4, 4), (2, 7), (1, 7), (4,), (3,))",26.553,174.60517000000002,201.15817,3789.205361241786,4603.950336026919,100.61476995705314,803.8735310935375,904.4883010505906
mobile,BGGLGBLBGGGGBL,"((3,), (3, 4), (2, 1), (1,), (3, 7), (5,), (4,), (1,), (0, 5), (3, 6), (3, 1), (3, 2), (2,), (1,))",26.3644,189.88945,216.25385,3754.993611502017,4374.688072559867,98.99815357108378,830.7071120199532,929.705265591037
mobile,BGGLGBLBGGGGBL,"((5,), (1, 2), (2, 0), (1,), (3, 7), (2,), (1,), (5,), (0, 7), (1, 7), (3, 3), (1, 2), (2,), (3,))",19.8387,206.03787,225.87657,4223.629661172162,4312.608741302476,83.79132175909616,888.5607192013432,972.3520409604394
mobile,BGGLGBLBGGGGBL,"((5,), (1, 0), (2, 4), (1,), (4, 4), (1,), (0,), (3,), (2, 4), (0, 2), (0, 4), (2, 1), (2,), (4,))",19.6097,226.7863,246.396,4262.823177655677,4122.352854484087,83.59268366687452,934.8931511628848,1018.4858348297593
mobile,BGGLGBLBGGGGBL,"((2,), (0, 5), (3, 1), (5,), (2, 2), (4,), (4,), (3,), (3, 4), (1, 0), (4, 2), (4, 7), (6,), (4,))",32.0927,167.20282999999998,199.29553,3674.467454827781,4659.71421636159,117.92358168755152,779.11740396689,897.0409856544416
mobile,BGGLGBLBGGGGBL,"((7,), (0, 4), (1, 5), (4,), (2, 3), (0,), (4,), (0,), (4, 2), (2, 0), (3, 4), (0, 1), (6,), (4,))",16.0682,223.67323,239.74143,4902.301377511378,4225.42436907072,78.77115899412833,945.11431675076,1023.8854757448884
mobile,BGGLGBLBGGGGBL,"((4,), (1, 2), (4, 2), (1,), (3, 0), (2,), (5,), (4,), (4, 4), (2, 0), (2, 3), (3, 7), (7,), (5,))",22.5057,165.84635000000003,188.35205,4064.6993920037658,4637.389071164502,91.47890510661917,769.094050982523,860.5729560891422
mobile,BGGLGBLBGGGGBL,"((7,), (0, 6), (0, 7), (5,), (1, 5), (5,), (5,), (1,), (0, 5), (3, 4), (3, 7), (4, 1), (7,), (5,))",15.7548,195.77977,211.53457,5009.243502053502,4551.886466286061,78.9196295261525,891.1672854355977,970.0869149617502
mobile,BGGLGBLBGGGGBL,"((7,), (4, 1), (1, 5), (1,), (4, 5), (7,), (4,), (3,), (4, 6), (3, 7), (0, 6), (2, 3), (4,), (1,))",16.2788,181.07883,197.35763,4791.5135120435125,4609.475386166348,78.00009015985394,834.6784098408004,912.6785000006544
mobile,LBGLGGGLLBBBBG,"((3,), (5,), (3, 2), (5,), (1, 0), (0, 4), (1, 6), (4,), (1,), (7,), (1,), (4,), (5,), (3, 0))",49.4953,172.87736,222.37266,3383.862302011716,4573.234065843651,167.4852797967605,790.6086319651165,958.093911761877
mobile,LBGLGGGLLBBBBG,"((5,), (5,), (2, 0), (5,), (4, 0), (3, 5), (4, 2), (3,), (0,), (3,), (7,), (6,), (1,), (1, 7))",36.2909,171.57367,207.86457,3636.755545026632,4712.712847308721,131.981131809007,808.5774388689069,940.558570677914
mobile,LBGLGGGLLBBBBG,"((0,), (4,), (0, 4), (4,), (1, 2), (0, 7), (3, 1), (0,), (2,), (3,), (0,), (1,), (1,), (2, 7))",117.743,236.5667,354.3097,3234.224279667172,4098.896804659726,380.8072693608518,969.662490718896,1350.4697600797476
mobile,LBGLGGGLLBBBBG,"((2,), (1,), (2, 2), (4,), (3, 5), (1, 7), (2, 3), (5,), (3,), (3,), (2,), (7,), (4,), (4, 6))",60.6172,152.26799000000003,212.88519,3376.133194513018,4787.715565402269,204.65174107843453,729.0158258355171,933.6675669139516
mobile,LBGLGGGLLBBBBG,"((4,), (5,), (4, 0), (2,), (1, 4), (4, 1), (2, 2), (4,), (2,), (3,), (1,), (5,), (5,), (1, 5))",42.1417,170.64749999999998,212.7892,3477.43943833944,4545.469632884102,146.5452095786692,775.6730291775897,922.2182387562588
mobile,LBGLGGGLLBBBBG,"((1,), (7,), (2, 6), (3,), (0, 6), (0, 3), (3, 4), (0,), (4,), (1,), (6,), (4,), (6,), (4, 5))",80.8019,182.62816000000004,263.43006,3298.794218674408,4546.748641646051,266.5488405779077,830.3643384063178,1096.9131789842254
mobile,LBGLGGGLLBBBBG,"((1,), (3,), (3, 2), (2,), (4, 6), (2, 6), (4, 7), (4,), (1,), (1,), (1,), (6,), (3,), (1, 2))",80.5909,183.1063,263.6972,3260.355155082513,4427.479805325945,262.7549562677394,810.699445477954,1073.4544017456933
mobile,LBGLGGGLLBBBBG,"((0,), (1,), (2, 5), (4,), (2, 3), (2, 4), (4, 5), (1,), (0,), (0,), (0,), (1,), (3,), (2, 7))",117.783,229.09355,346.87655,3240.391784969416,4090.1291103016624,381.6630656090528,937.0221978373494,1318.685263446402
mobile,LBGLGGGLLBBBBG,"((0,), (5,), (1, 7), (1,), (1, 7), (1, 0), (2, 5), (2,), (4,), (1,), (5,), (2,), (3,), (1, 2))",117.775,203.9792,321.7542,3210.989827965728,4259.800871578374,378.17432698866367,868.9107739438595,1247.0851009325231
mobile,LBGLGGGLLBBBBG,"((1,), (5,), (2, 0), (4,), (0, 0), (3, 1), (0, 4), (4,), (0,), (4,), (1,), (6,), (7,), (0, 4))",80.5901,217.25275,297.84285,3255.6325579207664,4245.57062938834,262.3717534060904,922.3618945538476,1184.733647959938
mobile,LGLLBBLBLBLGGB,"((0,), (3, 4), (2,), (0,), (0,), (0,), (3,), (5,), (3,), (7,), (1,), (3, 7), (4, 7), (7,))",117.779,187.72589,305.50489,3249.068011340756,4387.076499757325,382.6719813077029,823.5678404150286,1206.2398217227314
mobile,LGLLBBLBLBLGGB,"((1,), (3, 5), (4,), (3,), (3,), (1,), (2,), (2,), (4,), (0,), (1,), (0, 1), (3, 5), (1,))",80.0178,206.5644,286.5822,3237.1694480519504,4108.699183033072,259.0311774603314,848.7109815237167,1107.742158984048
mobile,LGLLBBLBLBLGGB,"((5,), (4, 6), (3,), (3,), (2,), (5,), (1,), (2,), (2,), (4,), (3,), (3, 5), (4, 3), (3,))",35.7818,150.66932999999997,186.45112999999995,3614.627673913044,4577.863481439145,129.33788450242176,689.7436235799034,819.0815080823252
mobile,LGLLBBLBLBLGGB,"((5,), (0, 6), (1,), (0,), (7,), (7,), (5,), (6,), (3,), (2,), (1,), (2, 4), (2, 2), (3,))",35.9129,188.74097,224.65387,3620.900625823449,4360.713984302774,130.03704208513494,823.0453872898704,953.0824293750054
mobile,LGLLBBLBLBLGGB,"((5,), (0, 7), (4,), (4,), (1,), (3,), (4,), (7,), (5,), (2,), (4,), (2, 1), (0, 6), (3,))",35.9226,181.81018999999992,217.73279,3616.102148221344,4432.274680357019,129.89979102969608,805.8327017678985,935.7324927975944
mobile,LGLLBBLBLBLGGB,"((2,), (2, 3), (1,), (1,), (0,), (7,), (1,), (6,), (0,), (1,), (5,), (3, 7), (3, 5), (5,))",60.183,182.50106,242.68406,3340.4904419703103,4369.597259778506,201.0407362690992,797.4561316826727,998.4968679517718
mobile,LGLLBBLBLBLGGB,"((5,), (4, 2), (1,), (4,), (3,), (0,), (5,), (1,), (0,), (0,), (4,), (4, 4), (1, 7), (7,))",36.0594,194.19071,230.25011,3705.968079051383,4324.561601235418,133.63498534974542,839.7896877826425,973.424673132388
mobile,LGLLBBLBLBLGGB,"((0,), (1, 2), (2,), (2,), (7,), (4,), (4,), (6,), (0,), (7,), (0,), (1, 4), (4, 6), (4,))",117.768,183.95056,301.71856,3224.143080598062,4429.526337023009,379.7008823158726,814.8138502301312,1194.514732546004
mobile,LGLLBBLBLBLGGB,"((2,), (0, 4), (2,), (4,), (7,), (4,), (0,), (0,), (3,), (3,), (4,), (4, 1), (3, 6), (5,))",60.1437,177.72611,237.86981,3350.3452030874555,4416.901429307394,201.502156790931,784.9987092842432,986.500866075174
mobile,LGLLBBLBLBLGGB,"((2,), (3, 1), (4,), (1,), (4,), (0,), (3,), (3,), (4,), (7,), (3,), (0, 5), (0, 0), (6,))",60.2257,201.95065,262.17635,3360.745435222671,4247.745492033212,202.40324635809003,857.8349631506769,1060.2382095087669
mobile,LLBLLLGBGLLBGB,"((4,), (3,), (2,), (4,), (1,), (1,), (4, 1), (7,), (2, 4), (3,), (1,), (2,), (0, 7), (6,))",41.8721,176.22256,218.09466,3528.8151284495984,4414.745670481593,147.75889993995446,777.9777838011828,925.7366837411372
mobile,LLBLLLGBGLLBGB,"((3,), (0,), (6,), (0,), (2,), (5,), (4, 7), (5,), (3, 5), (5,), (0,), (5,), (3, 2), (0,))",48.6261,193.14461,241.77071,3363.504577126305,4343.147741380775,163.55410991780144,838.8555766813707,1002.409686599172
mobile,LLBLLLGBGLLBGB,"((5,), (3,), (3,), (1,), (4,), (4,), (1, 7), (5,), (2, 5), (1,), (3,), (4,), (1, 2), (7,))",35.8923,163.97861,199.87091,3716.8057787068014,4456.07287669604,133.40470805107813,730.7006363793181,864.1053444303963
mobile,LLBLLLGBGLLBGB,"((1,), (2,), (2,), (1,), (3,), (1,), (1, 2), (0,), (4, 2), (1,), (4,), (7,), (1, 4), (0,))",80.0817,209.7148,289.7965,3232.833018867923,4140.059210644952,258.8907639670753,868.231689348564,1127.1224533156394
mobile,LLBLLLGBGLLBGB,"((0,), (2,), (0,), (0,), (2,), (4,), (3, 7), (7,), (1, 2), (0,), (5,), (2,), (3, 7), (4,))",117.766,199.83952,317.60552,3220.9108413516315,4253.589990886699,379.31378614261627,850.0353820556021,1229.3491681982184
mobile,LLBLLLGBGLLBGB,"((5,), (0,), (1,), (2,), (0,), (5,), (3, 3), (3,), (3, 2), (1,), (5,), (6,), (4, 4), (4,))",35.8399,170.07389,205.91379,3635.035359025032,4418.070811359206,130.27930376392123,751.3984891833164,881.6777929472377
mobile,LLBLLLGBGLLBGB,"((1,), (0,), (7,), (0,), (0,), (1,), (1, 3), (5,), (3, 6), (4,), (4,), (1,), (4, 7), (4,))",80.4682,182.30517,262.77337,3265.84667526743,4339.908227595904,262.7968034347546,791.1877072162699,1053.9845106510245
mobile,LLBLLLGBGLLBGB,"((5,), (3,), (2,), (1,), (2,), (1,), (3, 4), (6,), (4, 5), (5,), (2,), (0,), (4, 2), (2,))",35.8616,176.47377999999998,212.33538,3599.974752964425,4358.1796244838215,129.10085460090903,769.1044322516404,898.2052868525495
mobile,LLBLLLGBGLLBGB,"((5,), (0,), (2,), (0,), (4,), (5,), (3, 7), (3,), (1, 2), (0,), (4,), (6,), (2, 7), (4,))",35.849,192.23547,228.08447,3621.724117259552,4311.448393948965,129.83518787963766,828.8133083915244,958.648496271162
mobile,LLBLLLGBGLLBGB,"((3,), (0,), (2,), (3,), (3,), (3,), (3, 2), (3,), (1, 4), (5,), (4,), (6,), (0, 5), (5,))",49.3276,177.42898000000002,226.75658,3419.4672531769315,4349.963943152259,168.67411287781042,771.8096654702834,940.483778348094
mobile,GGBBGBGGBGLLGL,"((2, 0), (0, 2), (6,), (5,), (0, 7), (3,), (0, 4), (3, 5), (7,), (4, 2), (3,), (0,), (3, 3), (1,))",53.4006,184.27592,237.67652,3411.9913770305866,4489.493029441317,182.2023867282596,827.3054583338859,1009.5078450621454
mobile,GGBBGBGGBGLLGL,"((3, 7), (4, 6), (7,), (3,), (1, 2), (5,), (0, 6), (0, 7), (6,), (0, 5), (0,), (3,), (2, 3), (5,))",15.0003,197.66459,212.66489,4883.349580974581,4505.474081914371,73.25170871949301,890.5726871572306,963.8243958767237
mobile,GGBBGBGGBGLLGL,"((3, 4), (0, 6), (4,), (0,), (1, 5), (5,), (1, 5), (1, 2), (1,), (1, 1), (5,), (4,), (2, 1), (2,))",20.5596,218.88715,239.44675,4039.7242504309415,4193.8573750290125,83.05511469915999,917.9814883265816,1001.0366030257416
mobile,GGBBGBGGBGLLGL,"((4, 2), (1, 4), (3,), (2,), (1, 3), (0,), (0, 7), (2, 5), (2,), (2, 1), (4,), (2,), (3, 1), (3,))",28.4073,202.02209,230.42939,3890.795677674578,4234.462380674743,110.52700005440504,855.4549401702872,965.9819402246922
mobile,GGBBGBGGBGLLGL,"((0, 5), (2, 1), (2,), (1,), (2, 6), (1,), (4, 2), (0, 6), (1,), (1, 3), (4,), (0,), (1, 5), (1,))",17.4715,237.2399,254.7114,4140.740499916751,4092.518494108346,72.3449476442955,970.9086782904146,1043.25362593471
mobile,GGBBGBGGBGLLGL,"((3, 1), (4, 2), (2,), (2,), (4, 3), (4,), (0, 6), (1, 6), (5,), (1, 7), (5,), (2,), (4, 6), (0,))",37.0213,187.94698,224.96828,3576.7195011148283,4471.784321716054,132.4148056666224,840.4583584778808,972.8731641445032
mobile,GGBBGBGGBGLLGL,"((1, 7), (0, 0), (2,), (2,), (4, 7), (0,), (2, 4), (4, 0), (0,), (0, 4), (3,), (4,), (2, 2), (2,))",14.213,233.47567,247.68867,4844.230637418138,4154.308671126395,68.85105004962399,969.9300003780448,1038.7810504276688
mobile,GGBBGBGGBGLLGL,"((4, 6), (1, 0), (4,), (3,), (4, 6), (4,), (2, 3), (0, 1), (0,), (0, 5), (0,), (5,), (2, 0), (4,))",16.5503,222.31378,238.86408,4617.648804945054,4207.521150492577,76.42347301648212,935.3899313959538,1011.813404412436
mobile,GGBBGBGGBGLLGL,"((1, 1), (3, 7), (1,), (5,), (0, 3), (3,), (1, 1), (0, 3), (7,), (2, 5), (3,), (3,), (2, 3), (2,))",36.4975,195.48393,231.98143,3529.0147173913047,4343.128155464797,128.80021464798915,849.0117603239094,977.8119749718984
mobile,GGBBGBGGBGLLGL,"((2, 0), (1, 7), (4,), (0,), (1, 6), (1,), (3, 6), (1, 7), (1,), (1, 5), (3,), (5,), (0, 7), (2,))",53.4534,224.41110000000003,277.8645,3426.5699207526422,4205.382910266471,183.1618126019593,943.7346048141004,1126.8964174160596
mobile,LGBBBGLBBBGBBG,"((3,), (2, 5), (1,), (3,), (4,), (1, 6), (2,), (0,), (3,), (1,), (0, 1), (7,), (7,), (0, 4))",49.6202,249.53090999999995,299.15111,3368.615761395469,4161.502650740229,167.1513878035954,1038.423543406621,1205.5749312102166
mobile,LGBBBGLBBBGBBG,"((5,), (3, 1), (7,), (2,), (0,), (4, 3), (3,), (6,), (0,), (7,), (2, 5), (3,), (6,), (1, 0))",35.4159,195.18669,230.60259,3574.667627647717,4567.702717891418,126.60007123400878,891.5547744092296,1018.1548456432384
mobile,LGBBBGLBBBGBBG,"((4,), (1, 1), (7,), (5,), (3,), (0, 4), (4,), (1,), (4,), (2,), (0, 3), (6,), (0,), (2, 5))",42.2058,214.07311,256.27890999999994,3469.6561476008023,4337.978755701351,146.43961343440995,928.6446033469184,1075.0842167813285
mobile,LGBBBGLBBBGBBG,"((4,), (3, 5), (3,), (1,), (4,), (0, 2), (5,), (3,), (1,), (7,), (4, 3), (2,), (2,), (1, 3))",42.0926,202.86848,244.96108,3454.373615496892,4413.142086255242,145.40356684766448,895.28742706263,1040.6909939102943
mobile,LGBBBGLBBBGBBG,"((1,), (1, 2), (7,), (2,), (1,), (1, 6), (0,), (6,), (3,), (7,), (0, 7), (0,), (7,), (1, 7))",80.631,231.63369999999995,312.26469999999995,3269.255755792078,4366.854456310132,263.603360845271,1011.510655076604,1275.114015921875
mobile,LGBBBGLBBBGBBG,"((4,), (4, 4), (0,), (2,), (3,), (0, 1), (5,), (1,), (1,), (4,), (1, 4), (2,), (1,), (4, 0))",42.228,216.33998000000005,258.56798000000003,3456.1318839206783,4283.615544047035,145.94553719420242,926.7173011268249,1072.6628383210273
mobile,LGBBBGLBBBGBBG,"((1,), (4, 6), (3,), (3,), (6,), (0, 7), (5,), (7,), (2,), (6,), (3, 4), (2,), (2,), (4, 6))",80.7988,168.00269,248.80149,3293.9797263882188,4844.635757652239,266.1496091164964,813.9118393557642,1080.0614484722605
mobile,LGBBBGLBBBGBBG,"((5,), (3, 1), (7,), (1,), (5,), (4, 2), (0,), (5,), (1,), (2,), (4, 6), (3,), (5,), (2, 5))",36.2327,172.94048999999998,209.17319,3616.3843465085647,4714.619171349798,131.03136911174087,815.348549656628,946.379918768369
mobile,LGBBBGLBBBGBBG,"((3,), (4, 7), (7,), (7,), (2,), (3, 3), (3,), (2,), (0,), (6,), (1, 0), (1,), (5,), (1, 6))",49.6165,193.81555,243.43205,3404.4943113535737,4570.752736648668,168.9190919992746,885.8829555675668,1054.802047566841
mobile,LGBBBGLBBBGBBG,"((3,), (3, 5), (1,), (5,), (4,), (0, 4), (3,), (0,), (7,), (0,), (3, 6), (5,), (3,), (3, 1))",49.2895,199.2576,248.5471,3386.3667369257087,4483.723558752313,166.9123232796997,893.4159953804448,1060.3283186601443
mobile,BLBBBLBGBGGBLB,"((5,), (3,), (3,), (5,), (3,), (1,), (5,), (3, 1), (0,), (0, 5), (0, 7), (4,), (2,), (5,))",17.3762,212.30082,229.67702000000003,4423.375116550118,4267.322809884692,76.86145070019816,905.9561317432242,982.8175824434225
mobile,BLBBBLBGBGGBLB,"((7,), (5,), (1,), (0,), (6,), (0,), (2,), (0, 5), (6,), (3, 2), (1, 3), (3,), (0,), (2,))",15.7033,231.41190000000003,247.11520000000004,4790.260900765901,4157.265774927818,75.22290400299718,962.0407717810187,1037.263675784016
mobile,BLBBBLBGBGGBLB,"((6,), (0,), (0,), (0,), (4,), (4,), (3,), (3, 3), (4,), (3, 5), (0, 6), (1,), (3,), (2,))",17.132,235.57277,252.70477,4397.161862026862,4114.847730691919,75.3321770202442,969.3460780473094,1044.6782550675537
mobile,BLBBBLBGBGGBLB,"((3,), (2,), (6,), (6,), (4,), (2,), (7,), (3, 1), (7,), (3, 3), (0, 3), (2,), (3,), (6,))",22.4944,169.44575000000003,191.94015,4048.2546664528286,4680.262369204687,91.06305976905652,793.0505673466653,884.1136271157218
mobile,BLBBBLBGBGGBLB,"((5,), (2,), (3,), (4,), (0,), (0,), (1,), (2, 0), (3,), (2, 2), (2, 0), (5,), (1,), (1,))",19.6336,211.98788,231.62148,4165.178183483184,4143.829475843804,81.77744238323544,878.4416256656392,960.2190680488746
mobile,BLBBBLBGBGGBLB,"((4,), (5,), (2,), (3,), (7,), (4,), (7,), (2, 2), (4,), (4, 2), (4, 1), (1,), (5,), (3,))",20.7381,160.87628999999995,181.61439,4002.905289710289,4693.291593002643,83.01265018854093,755.0393393704549,838.0519895589957
mobile,BLBBBLBGBGGBLB,"((6,), (1,), (6,), (2,), (6,), (0,), (7,), (0, 1), (5,), (1, 2), (2, 0), (0,), (1,), (2,))",17.7999,225.68571000000009,243.4856100000001,4387.082551892552,4165.439872814258,78.08963071543224,940.080255158396,1018.169885873828
mobile,BLBBBLBGBGGBLB,"((5,), (4,), (5,), (2,), (3,), (0,), (4,), (0, 1), (7,), (3, 7), (3, 3), (5,), (3,), (1,))",19.7821,190.41911000000005,210.20121000000003,4159.228965478967,4400.464446721033,82.27828331800148,837.9325235312617,920.2108068492632
mobile,BLBBBLBGBGGBLB,"((7,), (3,), (2,), (6,), (6,), (0,), (0,), (2, 5), (2,), (3, 0), (3, 0), (6,), (5,), (6,))",13.674,177.41036,191.08436,5138.772936507937,4564.954226434866,70.26758113380953,809.870172695331,880.1377538291406
mobile,BLBBBLBGBGGBLB,"((1,), (1,), (4,), (2,), (5,), (5,), (3,), (3, 5), (6,), (1, 2), (0, 0), (0,), (0,), (2,))",41.3154,221.12772,262.44312,3526.974660947612,4162.4159310520445,145.71836890691495,920.425544525216,1066.1439134321308
mobile,BLLGLBBLGLGBLL,"((5,), (0,), (3,), (1, 7), (4,), (4,), (4,), (3,), (1, 7), (5,), (0, 3), (1,), (2,), (4,))",19.5305,196.59787000000003,216.12837,4276.969052197804,4243.181356701666,83.53134407394921,834.200416751258,917.7317608252072
mobile,BLLGLBBLGLGBLL,"((0,), (2,), (0,), (0, 1), (2,), (5,), (6,), (1,), (0, 3), (1,), (2, 5), (7,), (1,), (0,))",61.4511,222.38407,283.83517,3374.4778034150822,4060.655730309061,207.36537294544053,903.0251481749514,1110.390521120392
mobile,BLLGLBBLGLGBLL,"((7,), (3,), (4,), (4, 6), (1,), (2,), (4,), (1,), (2, 2), (3,), (0, 7), (7,), (3,), (3,))",15.9,168.89046000000002,184.79046,4869.529526723277,4508.480634198251,77.42551947490011,761.4393682108345,838.8648876857346
mobile,BLLGLBBLGLGBLL,"((7,), (1,), (5,), (3, 1), (4,), (7,), (2,), (0,), (3, 7), (2,), (2, 0), (4,), (5,), (2,))",15.6341,157.45229,173.08639,4853.475119047618,4545.944518418508,75.87971535870237,715.7693746379413,791.6490899966436
mobile,BLLGLBBLGLGBLL,"((2,), (4,), (1,), (4, 5), (0,), (5,), (2,), (5,), (3, 7), (1,), (4, 1), (7,), (0,), (4,))",31.7555,154.49290000000002,186.24840000000003,3680.8959410878974,4637.594858795997,116.88869105721672,716.4754787604843,833.364169817701
mobile,BLLGLBBLGLGBLL,"((0,), (4,), (1,), (3, 3), (4,), (0,), (3,), (0,), (4, 5), (2,), (4, 5), (5,), (3,), (1,))",61.3721,176.96180000000004,238.33390000000003,3389.4079062807104,4322.086859191794,208.0150809650504,764.8442703589266,972.859351323977
mobile,BLLGLBBLGLGBLL,"((4,), (2,), (2,), (4, 0), (5,), (7,), (1,), (0,), (0, 1), (4,), (4, 4), (4,), (2,), (5,))",22.5529,167.95704,190.50994,4028.9622634782654,4488.601953308634,90.86478303199895,753.8922978159363,844.7570808479353
mobile,BLLGLBBLGLGBLL,"((0,), (4,), (1,), (4, 7), (5,), (5,), (0,), (3,), (4, 1), (0,), (3, 6), (5,), (2,), (2,))",61.5772,158.01369999999997,219.5909,3397.264256008219,4565.128029132285,209.1940205450693,721.3527708569,930.5467914019692
mobile,BLLGLBBLGLGBLL,"((3,), (2,), (0,), (2, 4), (4,), (7,), (2,), (3,), (2, 0), (0,), (3, 7), (0,), (2,), (3,))",26.2307,175.39826,201.62896,3791.9636377708975,4374.761525219926,99.46586059327709,767.325559438521,866.7914200317981
mobile,BLLGLBBLGLGBLL,"((1,), (2,), (3,), (4, 0), (2,), (3,), (0,), (4,), (2, 7), (5,), (4, 0), (4,), (2,), (4,))",41.8334,158.03331000000003,199.86671,3527.525001403448,4510.0207686414,147.568364393711,712.7335102371447,860.3018746308558
mobile,BBGLLGLGLGBLLG,"((6,), (5,), (4, 7), (0,), (4,), (0, 4), (2,), (4, 5), (0,), (4, 7), (4,), (0,), (0,), (4, 6))",15.6296,176.44211999999996,192.07172,4801.975515873014,4670.504719314957,75.05295652288885,824.0737541459357,899.1267106688246
mobile,BBGLLGLGLGBLLG,"((3,), (7,), (4, 4), (2,), (0,), (3, 1), (0,), (3, 7), (3,), (4, 0), (0,), (3,), (2,), (4, 5))",23.7716,163.95169,187.72329,3964.2316726174586,4650.419615676483,94.23612962879318,762.4441551993099,856.680284828103
mobile,BBGLLGLGLGBLLG,"((4,), (1,), (3, 3), (0,), (0,), (4, 4), (2,), (3, 2), (5,), (3, 6), (7,), (1,), (5,), (0, 5))",20.8716,198.91035,219.78195,4069.634056776556,4382.750446774008,84.93977417941757,871.7744253304743,956.7141995098918
mobile,BBGLLGLGLGBLLG,"((5,), (2,), (0, 7), (4,), (3,), (1, 3), (3,), (0, 3), (1,), (3, 4), (7,), (2,), (4,), (2, 4))",18.1703,200.14141000000004,218.31171000000003,4292.727418137419,4310.277120686541,78.00014500578234,862.6649404249446,940.6650854307268
mobile,BBGLLGLGLGBLLG,"((7,), (2,), (3, 5), (4,), (0,), (0, 2), (4,), (4, 5), (5,), (2, 1), (3,), (4,), (2,), (0, 4))",14.7836,200.18895,214.97255,4861.429599567099,4353.942350057148,71.86943062816016,871.611147418473,943.4805780466332
mobile,BBGLLGLGLGBLLG,"((1,), (6,), (3, 3), (4,), (1,), (1, 5), (1,), (2, 2), (2,), (3, 7), (6,), (1,), (0,), (0, 7))",40.629,206.68942,247.31842,3592.949014452024,4333.823443674071,145.9779255081713,895.7554539553965,1041.733379463568
mobile,BBGLLGLGLGBLLG,"((6,), (0,), (2, 6), (2,), (4,), (4, 5), (3,), (3, 4), (4,), (2, 5), (3,), (2,), (3,), (1, 3))",16.6257,180.65954,197.28524,4487.89717948718,4444.935143249096,74.61443213700001,803.0199383092157,877.6343704462157
mobile,BBGLLGLGLGBLLG,"((1,), (6,), (0, 6), (0,), (1,), (4, 7), (4,), (2, 6), (1,), (0, 5), (5,), (2,), (4,), (0, 1))",41.6553,238.49688000000003,280.15218000000004,3480.157906109217,4149.5694114536345,144.96702162635123,989.6593579751284,1134.6263796014796
mobile,BBGLLGLGLGBLLG,"((3,), (0,), (3, 2), (4,), (2,), (0, 6), (1,), (2, 3), (0,), (1, 2), (5,), (0,), (4,), (3, 2))",25.2417,213.57193,238.81363,3805.900050078062,4186.953826538225,96.06738729405542,894.215809554654,990.2831968487094
mobile,BBGLLGLGLGBLLG,"((0,), (7,), (4, 6), (0,), (2,), (1, 6), (3,), (3, 5), (0,), (0, 4), (5,), (2,), (5,), (3, 7))",51.6304,194.77189,246.40229,3582.098723559669,4414.982484326439,184.94518993687512,859.914482789156,1044.859672726031
mobile,LGLBLLGGGLLGGG,"((0,), (1, 4), (2,), (3,), (5,), (1,), (4, 4), (1, 3), (0, 6), (5,), (2,), (0, 1), (3, 3), (4, 0))",117.746,221.56420000000003,339.3102,3207.034433306851,4231.522294332699,377.6154763841485,937.5538519259892,1315.1693283101376
mobile,LGLBLLGGGLLGGG,"((4,), (0, 1), (0,), (2,), (2,), (3,), (4, 2), (0, 6), (2, 0), (2,), (5,), (3, 0), (2, 6), (3, 7))",42.2911,215.3003,257.5914,3519.690098522165,4224.61027883487,148.85156592561074,909.5598604162312,1058.411426341842
mobile,LGLBLLGGGLLGGG,"((4,), (2, 7), (4,), (0,), (0,), (3,), (3, 6), (4, 4), (0, 2), (2,), (2,), (3, 4), (0, 0), (1, 4))",42.2643,234.8468100000001,277.11111000000005,3454.6348476555363,4135.00585456239,146.0077235917679,971.0929342753016,1117.1006578670697
mobile,LGLBLLGGGLLGGG,"((2,), (0, 4), (1,), (5,), (2,), (4,), (4, 6), (1, 3), (0, 6), (2,), (2,), (0, 0), (4, 0), (3, 7))",60.6873,225.6999,286.3872,3358.529404973504,4201.083303784852,203.8200815584485,948.1840815559108,1152.0041631143597
mobile,LGLBLLGGGLLGGG,"((4,), (3, 7), (4,), (7,), (5,), (0,), (0, 1), (1, 3), (0, 3), (3,), (3,), (1, 3), (3, 0), (0, 4))",42.2288,244.62095,286.84975,3448.6748263231007,4141.312486553915,145.63339950583295,1013.0517947076808,1158.6851942135138
mobile,LGLBLLGGGLLGGG,"((0,), (4, 0), (0,), (6,), (2,), (0,), (1, 3), (0, 7), (4, 3), (3,), (2,), (0, 0), (4, 1), (4, 6))",117.85,217.67160000000004,335.52160000000003,3234.1783628652047,4312.275378634276,381.1479200636644,938.6598813079288,1319.807801371593
mobile,LGLBLLGGGLLGGG,"((0,), (2, 5), (0,), (2,), (0,), (2,), (3, 1), (0, 6), (1, 0), (1,), (1,), (1, 4), (4, 0), (4, 1))",117.721,232.7133,350.4343,3215.276112922166,4112.770673905884,378.5055192893103,957.0964356678622,1335.6019549571724
mobile,LGLBLLGGGLLGGG,"((5,), (3, 1), (2,), (3,), (4,), (1,), (2, 0), (4, 4), (2, 4), (5,), (0,), (4, 7), (3, 0), (1, 2))",36.2072,186.87580000000003,223.08300000000003,3582.8484591567835,4422.48063005746,129.7249107303815,826.454605726492,956.1795164568734
mobile,LGLBLLGGGLLGGG,"((3,), (1, 6), (1,), (5,), (0,), (2,), (2, 1), (1, 2), (1, 7), (1,), (1,), (2, 0), (4, 7), (0, 0))",49.0124,245.0657,294.07809999999995,3373.491458944281,4064.5970096598608,165.34291278236068,996.0933113902004,1161.4362241725612
mobile,LGLBLLGGGLLGGG,"((4,), (2, 5), (3,), (7,), (1,), (1,), (2, 1), (2, 0), (3, 7), (0,), (5,), (3, 6), (1, 1), (0, 7))",42.3208,216.13575,258.45655,3506.068007662834,4296.04570660546,148.37960293869727,928.5290608314508,1076.9086637701482
mobile,LLGLBGBLGBLGBB,"((1,), (1,), (2, 3), (5,), (4,), (1, 6), (2,), (0,), (1, 7), (4,), (3,), (0, 4), (6,), (3,))",80.5172,205.50365000000005,286.02085000000005,3255.967289245842,4221.334394137376,262.1613694216653,867.4996258657695,1129.6609952874348
mobile,LLGLBGBLGBLGBB,"((1,), (5,), (1, 7), (2,), (2,), (3, 5), (6,), (3,), (3, 6), (4,), (2,), (0, 1), (7,), (5,))",80.5244,183.07459,263.59899,3284.013103718894,4416.882491525224,264.4431847691017,808.6189512141589,1073.0621359832603
mobile,LLGLBGBLGBLGBB,"((4,), (3,), (1, 2), (2,), (5,), (4, 3), (0,), (3,), (4, 7), (0,), (1,), (4, 6), (6,), (6,))",41.8527,169.76007,211.61277,3525.488825031929,4608.656830828644,147.5512261474138,782.3659062074488,929.9171323548626
mobile,LLGLBGBLGBLGBB,"((2,), (5,), (1, 4), (5,), (3,), (0, 1), (2,), (1,), (1, 2), (4,), (2,), (0, 4), (4,), (1,))",59.7943,219.18759000000003,278.98189,3300.6156680161944,4097.737317512107,197.3580034380608,898.1731670785437,1095.5311705166043
mobile,LLGLBGBLGBLGBB,"((2,), (5,), (2, 3), (2,), (4,), (1, 6), (6,), (1,), (4, 5), (1,), (0,), (1, 7), (6,), (0,))",59.792,206.08536,265.87736,3297.52976045884,4259.602778843584,197.16589943735497,877.8417721349804,1075.0076715723353
mobile,LLGLBGBLGBLGBB,"((0,), (5,), (2, 6), (1,), (3,), (3, 5), (3,), (2,), (2, 2), (0,), (1,), (4, 5), (1,), (6,))",117.793,186.89697,304.68997,3228.5218386876268,4320.047552299839,380.2972729445317,807.4037977807563,1187.701070725288
mobile,LLGLBGBLGBLGBB,"((1,), (1,), (2, 0), (0,), (2,), (4, 7), (3,), (4,), (3, 3), (3,), (1,), (3, 4), (1,), (1,))",80.0715,195.12697999999995,275.19848,3244.9447024673464,4219.783887304724,259.8275897436141,823.393686182431,1083.221275926045
mobile,LLGLBGBLGBLGBB,"((0,), (4,), (4, 6), (4,), (6,), (2, 4), (2,), (4,), (1, 1), (4,), (0,), (3, 2), (2,), (2,))",117.853,183.09622,300.94922,3206.324114482009,4332.492906647478,377.87491586404815,793.263074383966,1171.137990248014
mobile,LLGLBGBLGBLGBB,"((5,), (2,), (0, 4), (2,), (0,), (0, 3), (3,), (3,), (2, 5), (7,), (1,), (0, 1), (3,), (1,))",35.3904,231.16143,266.55183,3597.6096014492778,4054.740000857484,127.32084283913052,937.2994968764172,1064.6203397155475
mobile,LLGLBGBLGBLGBB,"((3,), (0,), (2, 4), (2,), (7,), (2, 0), (4,), (5,), (1, 1), (3,), (0,), (3, 7), (3,), (2,))",49.2103,195.65847,244.86877,3384.4057917888563,4271.679506557291,166.54762433566714,835.7902765833544,1002.3379009190216
mobile,LBBBGGLBBGBGGG,"((2,), (6,), (5,), (6,), (0, 6), (0, 1), (4,), (5,), (1,), (1, 0), (0,), (3, 2), (1, 2), (2, 0))",59.8362,212.6686,272.5048,3293.962072495476,4318.195789210487,197.09817336225385,918.3446530172896,1115.4428263795432
mobile,LBBBGGLBBGBGGG,"((5,), (0,), (2,), (4,), (1, 2), (4, 5), (1,), (7,), (4,), (1, 2), (4,), (2, 6), (2, 7), (2, 2))",36.3482,189.92276,226.27096,3578.529574074074,4516.740722293369,130.07310866435924,857.8318641823503,987.9049728467096
mobile,LBBBGGLBBGBGGG,"((1,), (7,), (3,), (5,), (3, 4), (4, 7), (0,), (4,), (7,), (3, 0), (4,), (1, 3), (4, 6), (3, 3))",80.855,155.74039999999997,236.5954,3258.545295379343,4962.290840569419,263.4696798578968,772.8291604266174,1036.2988402845142
mobile,LBBBGGLBBGBGGG,"((2,), (3,), (4,), (4,), (4, 6), (0, 6), (2,), (5,), (4,), (2, 4), (0,), (4, 7), (2, 7), (2, 3))",60.426,190.20405,250.63005,3305.993808136665,4503.427564781962,199.7679818504661,856.5701617031666,1056.3381435536328
mobile,LBBBGGLBBGBGGG,"((5,), (6,), (1,), (1,), (2, 6), (0, 6), (3,), (6,), (4,), (1, 1), (5,), (0, 3), (0, 0), (2, 2))",36.3769,226.17427,262.55117,3579.7485237154124,4271.834981226149,130.22015407234318,966.179158439288,1096.399312511631
mobile,LBBBGGLBBGBGGG,"((5,), (1,), (7,), (2,), (2, 2), (1, 3), (4,), (6,), (5,), (3, 2), (3,), (4, 4), (4, 5), (1, 5))",36.212,172.88414999999998,209.09615,3618.27260803689,4699.070750968941,131.02488768223188,812.3948525711269,943.4197402533588
mobile,LBBBGGLBBGBGGG,"((3,), (6,), (5,), (0,), (1, 4), (0, 0), (4,), (1,), (6,), (0, 4), (2,), (2, 1), (1, 2), (0, 0))",48.9507,259.48894,308.43964,3357.302926441838,4100.682190121603,164.34232836137645,1064.0816747915333,1228.4240031529098
mobile,LBBBGGLBBGBGGG,"((0,), (4,), (1,), (4,), (4, 0), (1, 4), (5,), (7,), (7,), (4, 6), (7,), (3, 4), (0, 6), (3, 0))",117.913,165.22688,283.13988,3215.835224424698,4971.106213970214,379.1887788175894,821.3603698829108,1200.5491487005002
mobile,LBBBGGLBBGBGGG,"((5,), (6,), (1,), (0,), (1, 4), (1, 7), (1,), (6,), (7,), (0, 1), (4,), (2, 5), (2, 7), (4, 5))",36.6201,204.80767,241.42776999999995,3656.221667325429,4504.209560159736,133.89120307962392,922.4966652080404,1056.3878682876643
mobile,LBBBGGLBBGBGGG,"((1,), (2,), (0,), (4,), (4, 2), (3, 5), (5,), (0,), (0,), (0, 5), (5,), (2, 3), (3, 0), (4, 3))",80.858,210.24308,291.10108,3271.258131752944,4349.594456159091,264.50739001727953,914.4721352138124,1178.979525231092
mobile,BGBGGGLBBBLGLB,"((0,), (0, 5), (6,), (3, 2), (1, 4), (1, 0), (5,), (4,), (3,), (1,), (2,), (1, 7), (0,), (5,))",60.2134,198.6090700000001,258.82247000000007,3443.900595847825,4284.711309422585,207.36896413802344,850.9825283829023,1058.3514925209256
mobile,BGBGGGLBBBLGLB,"((4,), (0, 7), (6,), (0, 0), (2, 5), (4, 2), (1,), (6,), (4,), (5,), (2,), (3, 5), (0,), (6,))",20.4027,178.52528999999998,198.92799,4232.752586996337,4544.970495565769,86.35958120671016,811.3921757623225,897.7517569690326
mobile,BGBGGGLBBBLGLB,"((4,), (2, 6), (3,), (0, 4), (4, 0), (0, 0), (5,), (7,), (5,), (0,), (4,), (0, 4), (1,), (4,))",20.588,214.25584,234.84384,4096.571386807636,4273.6336707650735,84.34021171159561,915.6509719820544,999.99118369365
mobile,BGBGGGLBBBLGLB,"((1,), (1, 2), (7,), (3, 7), (0, 0), (4, 6), (0,), (0,), (3,), (2,), (5,), (2, 2), (0,), (1,))",41.5909,201.10869,242.69959,3499.2273299369863,4280.084991998281,145.5360139566762,860.7622858294347,1006.298299786111
mobile,BGBGGGLBBBLGLB,"((2,), (1, 7), (7,), (0, 7), (1, 6), (0, 4), (0,), (6,), (7,), (1,), (2,), (0, 1), (4,), (3,))",30.1038,220.23107,250.33487,3691.9273976608174,4298.247784104562,111.1410439937017,946.6077086184766,1057.7487526121784
mobile,BGBGGGLBBBLGLB,"((1,), (4, 0), (3,), (3, 0), (3, 0), (3, 4), (1,), (3,), (5,), (7,), (3,), (1, 2), (2,), (0,))",41.5553,179.07020999999995,220.62551,3486.3702658133693,4442.603059706435,144.87716230695432,795.5378628482736,940.415025155228
mobile,BGBGGGLBBBLGLB,"((5,), (4, 7), (7,), (1, 6), (0, 5), (4, 1), (0,), (5,), (3,), (2,), (2,), (4, 4), (0,), (1,))",19.0433,174.16451,193.20781,4220.812215007215,4574.416064661911,80.37819325404688,796.7009324379701,877.079125692017
mobile,BGBGGGLBBBLGLB,"((4,), (2, 6), (2,), (3, 7), (2, 1), (0, 5), (5,), (0,), (5,), (5,), (5,), (2, 1), (0,), (6,))",20.493,184.13363,204.62663,4245.434632034634,4437.698926860204,87.00169191428576,817.1296122498738,904.1313041641596
mobile,BGBGGGLBBBLGLB,"((3,), (4, 1), (2,), (3, 1), (1, 3), (4, 1), (0,), (2,), (5,), (6,), (3,), (1, 7), (2,), (6,))",22.9328,164.0043,186.9371,4007.388748114631,4642.758893283822,91.9006446827632,761.4324223617879,853.3330670445511
mobile,BGBGGGLBBBLGLB,"((1,), (2, 0), (7,), (2, 4), (0, 1), (2, 1), (5,), (3,), (6,), (3,), (2,), (3, 3), (4,), (7,))",33.7913,167.82559,201.61689,3739.7464595191823,4612.263084224177,126.37089453755054,774.0557733451423,900.4266678826928
mobile,LGBBLLGBBBLBGG,"((5,), (4, 3), (3,), (0,), (5,), (2,), (0, 6), (0,), (1,), (1,), (4,), (7,), (3, 1), (0, 3))",36.3191,239.30046,275.61956,3575.303301560757,4203.627448921196,129.8517981397153,1005.9299821954688,1135.781780335184
mobile,LGBBLLGBBBLBGG,"((2,), (3, 0), (3,), (1,), (4,), (3,), (0, 2), (1,), (3,), (0,), (4,), (0,), (3, 3), (2, 2))",60.4287,224.23154,284.66024,3310.0175640142616,4134.984181656287,200.02005837054853,927.1938709284289,1127.2139292989775
mobile,LGBBLLGBBBLBGG,"((3,), (3, 2), (6,), (3,), (1,), (1,), (2, 7), (5,), (4,), (5,), (0,), (1,), (1, 6), (1, 5))",49.5837,195.01037,244.59407,3393.168868623207,4392.537524946709,168.24586723115252,856.5903679787418,1024.8362352098943
mobile,LGBBLLGBBBLBGG,"((1,), (3, 1), (4,), (6,), (1,), (4,), (3, 5), (5,), (5,), (1,), (4,), (0,), (1, 4), (3, 6))",80.7856,176.53953,257.32513,3279.867821050369,4538.07533484051,264.9660898442467,801.1496867173363,1066.115776561583
mobile,LGBBLLGBBBLBGG,"((3,), (2, 3), (4,), (6,), (4,), (3,), (3, 6), (2,), (4,), (5,), (4,), (2,), (2, 0), (0, 7))",49.7007,187.30286,237.00356,3410.5593383431096,4512.704263478787,169.50718650718937,845.2424148837704,1014.7496013909596
mobile,LGBBLLGBBBLBGG,"((5,), (4, 5), (5,), (2,), (4,), (2,), (3, 7), (4,), (6,), (7,), (0,), (5,), (2, 5), (2, 7))",36.2873,164.55160999999998,200.83891,3636.812113306984,4831.1346166381645,131.97009219920452,794.9709792945426,926.9410714937472
mobile,LGBBLLGBBBLBGG,"((1,), (4, 5), (6,), (3,), (0,), (5,), (2, 3), (7,), (4,), (0,), (3,), (3,), (3, 1), (3, 5))",80.7986,169.13926,249.93786,3275.2963325807686,4667.451728132528,264.6393582576605,789.449331382057,1054.0886896397176
mobile,LGBBLLGBBBLBGG,"((5,), (1, 0), (5,), (1,), (5,), (1,), (3, 5), (4,), (4,), (0,), (0,), (6,), (1, 4), (3, 0))",36.1859,198.66855,234.85445,3581.60674110672,4369.183392129598,129.60366337301366,868.0193291984687,997.6229925714824
mobile,LGBBLLGBBBLBGG,"((4,), (2, 3), (7,), (1,), (3,), (0,), (4, 7), (4,), (3,), (6,), (1,), (5,), (1, 2), (3, 2))",42.5198,174.69496,217.21476,3464.75468731141,4636.921144901725,147.3206763535437,810.046753931761,957.3674302853047
mobile,LGBBLLGBBBLBGG,"((2,), (1, 5), (7,), (5,), (1,), (2,), (3, 7), (2,), (5,), (0,), (3,), (1,), (1, 3), (0, 1))",59.9642,223.03886,283.00306,3297.208886639676,4272.709426826801,197.71449312023884,952.9802396707032,1150.694732790942
mobile,GBBGGBGGGGBLBB,"((2, 3), (0,), (5,), (1, 0), (3, 4), (6,), (1, 5), (4, 2), (4, 1), (4, 7), (1,), (1,), (0,), (0,))",22.9715,209.0485,232.02,3733.659751849458,4359.38534775782,85.76776498960983,911.3229678707507,997.0907328603606
mobile,GBBGGBGGGGBLBB,"((0, 2), (6,), (3,), (4, 5), (3, 2), (5,), (0, 3), (3, 1), (4, 1), (1, 5), (4,), (1,), (0,), (3,))",24.6931,180.02340000000004,204.7165,3686.8436939999287,4526.12445378302,91.03960002030963,814.8083129931623,905.847913013472
mobile,GBBGGBGGGGBLBB,"((2, 3), (2,), (4,), (2, 6), (0, 6), (4,), (0, 1), (3, 5), (2, 6), (3, 7), (3,), (3,), (0,), (3,))",20.0767,190.87056,210.94726,3859.271666944167,4402.508772199496,77.48143947573794,840.3093147546303,917.7907542303684
mobile,GBBGGBGGGGBLBB,"((1, 6), (1,), (3,), (4, 4), (3, 1), (1,), (1, 5), (0, 2), (3, 3), (3, 1), (5,), (3,), (1,), (6,))",11.1864,190.87224,202.05864,4809.917341269841,4429.828789785783,53.80565934638096,845.5313439229014,899.3370032692824
mobile,GBBGGBGGGGBLBB,"((1, 3), (2,), (7,), (1, 6), (3, 6), (3,), (1, 2), (1, 7), (0, 2), (4, 2), (2,), (0,), (6,), (4,))",19.2261,204.2675,223.4936,3909.690926295928,4372.149778365183,75.16810871805814,893.08810485221,968.256213570268
mobile,GBBGGBGGGGBLBB,"((2, 6), (1,), (3,), (3, 5), (1, 6), (2,), (0, 0), (4, 3), (1, 0), (0, 5), (3,), (3,), (7,), (3,))",14.0631,209.5962,223.6593,4473.677348484849,4317.122366999825,62.91377191947728,904.8524430581688,967.7662149776462
mobile,GBBGGBGGGGBLBB,"((1, 2), (4,), (5,), (1, 5), (0, 3), (4,), (4, 1), (3, 4), (1, 4), (0, 0), (0,), (2,), (7,), (7,))",20.4018,209.794,230.1958,4031.553464052288,4360.354636116093,82.25094746290196,914.7762405293398,997.0271879922418
mobile,GBBGGBGGGGBLBB,"((0, 5), (1,), (1,), (2, 0), (3, 6), (5,), (4, 2), (2, 4), (3, 3), (3, 4), (6,), (1,), (0,), (5,))",14.1801,181.615,195.7951,4425.965104617604,4481.145617646072,62.76062777998808,813.8432613487915,876.6038891287797
mobile,GBBGGBGGGGBLBB,"((2, 0), (4,), (5,), (4, 2), (4, 0), (2,), (0, 4), (1, 6), (2, 0), (0, 1), (5,), (5,), (0,), (2,))",51.5471,210.38213,261.92923,3434.5993132858894,4307.269692994986,177.04363426187908,906.1725724967312,1083.2162067586105
mobile,GBBGGBGGGGBLBB,"((0, 3), (6,), (6,), (3, 2), (2, 5), (6,), (0, 0), (1, 3), (0, 2), (1, 6), (2,), (2,), (6,), (6,))",18.6591,194.3037,212.9628,4058.999778832281,4458.397357019959,75.73728277320942,866.2831025391989,942.0203853124084
mobile,LGLGGLBGBBBLBG,"((0,), (0, 0), (4,), (4, 7), (1, 4), (3,), (2,), (0, 7), (4,), (4,), (7,), (4,), (6,), (3, 2))",117.884,193.66555000000005,311.54955000000007,3217.1431677931246,4522.2465000343045,379.2497051921247,875.8033556647189,1255.0530608568436
mobile,LGLGGLBGBBBLBG,"((2,), (1, 2), (5,), (3, 2), (3, 5), (1,), (6,), (1, 2), (0,), (1,), (0,), (2,), (3,), (3, 3))",60.6115,221.0463,281.6578,3322.268946668288,4150.097701696601,201.36770426098497,917.3637415985372,1118.7314458595224
mobile,LGLGGLBGBBBLBG,"((3,), (3, 4), (2,), (2, 1), (2, 5), (1,), (4,), (0, 4), (1,), (5,), (5,), (3,), (7,), (1, 1))",48.9021,209.63091000000009,258.53301000000005,3382.0502865347016,4251.095345760826,165.38936131714863,891.1609858286068,1056.5503471457555
mobile,LGLGGLBGBBBLBG,"((3,), (2, 2), (3,), (0, 7), (2, 3), (0,), (5,), (1, 2), (7,), (2,), (4,), (4,), (2,), (0, 2))",49.5618,231.7629,281.3247,3367.4980877321605,4169.2819514193925,166.89926672456377,966.2848759786176,1133.1841427031814
mobile,LGLGGLBGBBBLBG,"((1,), (4, 0), (1,), (3, 2), (4, 7), (3,), (0,), (1, 1), (0,), (4,), (6,), (3,), (3,), (0, 1))",80.0485,226.06077000000005,306.10927000000004,3235.624201741653,4181.798067378208,259.0068639131167,945.3404910960296,1204.3473550091464
mobile,LGLGGLBGBBBLBG,"((4,), (1, 6), (2,), (3, 1), (1, 5), (3,), (7,), (3, 1), (2,), (6,), (6,), (2,), (3,), (0, 6))",42.1136,200.32148,242.43508,3470.582800022454,4402.816554093925,146.15873580702564,881.9787282845951,1028.1374640916208
mobile,LGLGGLBGBBBLBG,"((2,), (2, 7), (5,), (4, 5), (4, 5), (4,), (1,), (2, 3), (7,), (4,), (7,), (1,), (3,), (0, 1))",59.8869,192.13511000000003,252.02201,3289.8429622132257,4527.516260252858,197.01849649376723,869.8948346904716,1066.9133311842388
mobile,LGLGGLBGBBBLBG,"((3,), (3, 0), (5,), (4, 3), (2, 5), (4,), (3,), (4, 2), (4,), (0,), (3,), (3,), (4,), (3, 3))",49.636,168.36035,217.99635,3398.070191837733,4571.027681088549,168.66661204205772,769.5798202477565,938.2464322898144
mobile,LGLGGLBGBBBLBG,"((1,), (4, 2), (0,), (4, 1), (2, 1), (1,), (5,), (3, 5), (3,), (4,), (4,), (2,), (0,), (0, 4))",80.6163,205.42157,286.03787,3249.0108490566035,4280.013475019829,261.92323331080183,879.2070876597289,1141.1303209705306
mobile,LGLGGLBGBBBLBG,"((4,), (1, 6), (5,), (0, 0), (2, 0), (3,), (6,), (0, 4), (1,), (0,), (5,), (0,), (5,), (3, 6))",42.4176,237.91524,280.33284,3493.105085399913,4135.5234213416525,148.16913427045935,983.9040473141204,1132.0731815845795
mobile,GBLLBGGBBGGBLB,"((3, 5), (5,), (4,), (4,), (5,), (3, 3), (3, 6), (7,), (1,), (2, 3), (2, 4), (5,), (4,), (1,))",17.5953,160.31279999999995,177.90809999999996,4182.629575563325,4670.793929613062,73.59462217090936,748.7880530792726,822.3826752501819
mobile,GBLLBGGBBGGBLB,"((3, 7), (7,), (5,), (1,), (2,), (3, 0), (4, 6), (4,), (5,), (0, 6), (0, 2), (5,), (4,), (0,))",15.8591,205.16105,221.02015,4566.761842324342,4382.521526224064,72.42473273360596,899.1227179677314,971.5474507013374
mobile,GBLLBGGBBGGBLB,"((0, 3), (6,), (1,), (3,), (3,), (3, 2), (4, 4), (7,), (6,), (4, 7), (1, 0), (0,), (2,), (5,))",19.9527,172.03264,191.98534,3985.472530165912,4638.255964655162,79.52093775264139,797.9314185953741,877.4523563480155
mobile,GBLLBGGBBGGBLB,"((0, 7), (2,), (2,), (3,), (7,), (3, 5), (3, 0), (1,), (4,), (1, 2), (3, 7), (7,), (2,), (7,))",11.1265,168.94756,180.07406,5335.251507936508,4690.304267255988,59.36267590305555,792.4154616104871,851.7781375135427
mobile,GBLLBGGBBGGBLB,"((3, 0), (7,), (4,), (5,), (4,), (3, 3), (4, 3), (6,), (0,), (1, 0), (4, 4), (3,), (4,), (1,))",50.2041,180.88895,231.09305,3493.5493909325783,4526.8203615547945,175.39050297731825,818.8517820402672,994.2422850175852
mobile,GBLLBGGBBGGBLB,"((2, 0), (6,), (2,), (0,), (6,), (2, 4), (1, 1), (5,), (2,), (2, 7), (3, 7), (3,), (0,), (7,))",44.5557,178.35852,222.91422,3639.0901388421976,4524.615049030936,162.1422084992113,807.0036437148851,969.1458522140964
mobile,GBLLBGGBBGGBLB,"((2, 2), (2,), (5,), (2,), (6,), (1, 6), (2, 5), (4,), (6,), (1, 5), (2, 1), (2,), (0,), (1,))",27.599,192.60979,220.20879,3659.176746093176,4339.137841779735,100.98961901542556,835.760428486248,936.7500475016736
mobile,GBLLBGGBBGGBLB,"((3, 7), (5,), (3,), (3,), (1,), (1, 7), (1, 5), (5,), (6,), (1, 1), (0, 0), (3,), (3,), (3,))",13.8614,198.77205,212.63345,4652.973466810967,4352.510968906139,64.49672641285353,865.1575279369595,929.654254349813
mobile,GBLLBGGBBGGBLB,"((0, 5), (5,), (0,), (0,), (1,), (3, 2), (3, 4), (5,), (0,), (4, 0), (4, 1), (4,), (0,), (0,))",18.3956,216.50937,234.90497,4090.423110223111,4235.355210843677,75.24578736642026,916.9940884259815,992.2398757924018
mobile,GBLLBGGBBGGBLB,"((2, 6), (3,), (4,), (1,), (5,), (1, 3), (4, 1), (3,), (1,), (3, 4), (2, 0), (6,), (2,), (5,))",13.2129,171.90554,185.11844,4662.790079365078,4509.151897479722,61.60897903964283,775.1481918782762,836.757170917919
mobile,LBGLGBBBLGBGBB,"((5,), (5,), (2, 5), (1,), (0, 7), (2,), (0,), (4,), (3,), (4, 1), (1,), (1, 0), (3,), (1,))",35.2809,206.51747,241.79837,3600.9213768115947,4230.383085196582,127.0437470031522,873.6480118855926,1000.6917588887447
mobile,LBGLGBBBLGBGBB,"((3,), (1,), (2, 0), (5,), (2, 4), (0,), (6,), (1,), (0,), (2, 3), (2,), (3, 6), (2,), (2,))",49.295,210.24898,259.54398000000003,3398.874041093709,4213.620408536406,167.5474958557144,885.9093930019627,1053.456888857677
mobile,LBGLGBBBLGBGBB,"((4,), (1,), (4, 1), (1,), (1, 2), (5,), (0,), (2,), (0,), (1, 5), (1,), (3, 5), (1,), (0,))",41.3028,222.7561,264.0589,3444.139729204386,4125.278681088284,142.2526144073829,918.93099041237,1061.1836048197529
mobile,LBGLGBBBLGBGBB,"((5,), (4,), (1, 2), (2,), (4, 1), (2,), (4,), (1,), (1,), (3, 5), (7,), (1, 4), (7,), (6,))",35.8744,174.57529,210.44969,3673.898053359684,4514.241969103957,131.79888832544663,788.0751008864943,919.873989211941
mobile,LBGLGBBBLGBGBB,"((5,), (7,), (2, 1), (1,), (3, 4), (5,), (5,), (5,), (4,), (1, 1), (2,), (1, 3), (3,), (0,))",35.3058,194.2705,229.5763,3586.704561923584,4328.468034344179,126.63147392236166,840.8936492660608,967.5251231884224
mobile,LBGLGBBBLGBGBB,"((0,), (0,), (4, 0), (3,), (0, 5), (3,), (1,), (2,), (4,), (2, 0), (3,), (2, 0), (4,), (7,))",117.791,198.48605,316.27705,3243.0067883870506,4286.564715802074,381.9970126108991,850.8232985089263,1232.8203111198254
mobile,LBGLGBBBLGBGBB,"((0,), (1,), (3, 6), (3,), (3, 6), (4,), (6,), (1,), (0,), (1, 2), (4,), (2, 1), (4,), (6,))",117.792,185.1188,302.9108,3230.7622246174874,4377.09104707273,380.5579439621431,810.2818421248473,1190.8397860869904
mobile,LBGLGBBBLGBGBB,"((4,), (0,), (4, 5), (0,), (0, 4), (6,), (3,), (2,), (5,), (2, 2), (4,), (0, 7), (4,), (0,))",41.3644,222.50481,263.86921,3440.79871835572,4237.988480184719,142.32657450555337,942.9728215656896,1085.2993960712429
mobile,LBGLGBBBLGBGBB,"((5,), (1,), (2, 7), (2,), (0, 0), (0,), (2,), (6,), (1,), (3, 6), (0,), (1, 1), (1,), (5,))",35.9405,218.3438,254.2843,3652.38227931489,4184.932423489761,131.2684453097168,913.7540480879636,1045.0224933976806
mobile,LBGLGBBBLGBGBB,"((3,), (7,), (2, 2), (3,), (0, 5), (4,), (7,), (0,), (3,), (1, 5), (7,), (3, 6), (5,), (3,))",49.1698,179.18489999999997,228.3547,3393.002456011729,4553.349620406044,166.83325216160551,815.8914963974948,982.7247485591004
mobile,BLGBGBBLGGBBLL,"((1,), (5,), (4, 2), (7,), (2, 1), (3,), (0,), (0,), (4, 0), (1, 6), (1,), (4,), (4,), (0,))",41.8829,196.2053,238.08820000000003,3472.270871073679,4383.817118307032,145.4287736660918,860.1281528425666,1005.5569265086584
mobile,BLGBGBBLGGBBLL,"((5,), (1,), (4, 2), (4,), (3, 4), (3,), (5,), (2,), (3, 0), (2, 1), (5,), (7,), (2,), (1,))",19.3256,158.01893999999996,177.34453999999997,4182.654133807368,4658.638484069467,80.83230072830769,736.1531150958639,816.9854158241716
mobile,BLGBGBBLGGBBLL,"((3,), (5,), (0, 0), (7,), (1, 3), (2,), (7,), (0,), (0, 2), (1, 3), (5,), (5,), (1,), (0,))",26.3726,224.7506,251.12320000000005,3722.3265676446026,4215.005170363219,98.16742963786405,947.3249410422357,1045.4923706800996
mobile,BLGBGBBLGGBBLL,"((0,), (0,), (0, 2), (7,), (0, 0), (1,), (3,), (0,), (1, 3), (0, 6), (4,), (7,), (0,), (1,))",61.5279,249.35220000000004,310.8801,3373.815862294887,4104.1857780498285,207.5838049936936,1023.3877529654368,1230.9715579591302
mobile,BLGBGBBLGGBBLL,"((7,), (0,), (2, 3), (0,), (0, 3), (7,), (2,), (4,), (1, 0), (1, 3), (4,), (5,), (1,), (3,))",15.8393,215.99571999999995,231.83502,4876.320520590521,4227.714203717081,77.23750362178944,913.1681733860974,990.4056770078868
mobile,BLGBGBBLGGBBLL,"((6,), (4,), (0, 3), (7,), (3, 7), (2,), (6,), (1,), (4, 3), (0, 5), (5,), (5,), (4,), (3,))",17.156,172.50625000000002,189.66225000000003,4508.909315684317,4652.568894313604,77.35484821988014,802.5972128246862,879.9520610445663
mobile,BLGBGBBLGGBBLL,"((5,), (1,), (3, 4), (3,), (4, 2), (0,), (0,), (1,), (3, 3), (3, 1), (4,), (5,), (2,), (1,))",19.458,184.0128,203.4708,4173.865468379659,4350.99254590177,81.2150742837314,800.6383211505132,881.8533954342446
mobile,BLGBGBBLGGBBLL,"((7,), (0,), (0, 1), (5,), (1, 4), (1,), (4,), (5,), (1, 2), (2, 0), (6,), (6,), (4,), (3,))",15.6587,192.42756,208.08626,4876.819090909089,4408.409637690084,76.36464709881815,848.299510061187,924.6641571600052
mobile,BLGBGBBLGGBBLL,"((3,), (3,), (4, 2), (1,), (2, 4), (5,), (0,), (3,), (1, 2), (1, 5), (5,), (2,), (0,), (2,))",26.2146,198.51214,224.72674,3764.409342105264,4274.37888930476,98.68248513955264,848.516100486711,947.1985856262636
mobile,BLGBGBBLGGBBLL,"((2,), (1,), (0, 0), (3,), (3, 0), (5,), (2,), (3,), (1, 3), (0, 5), (3,), (6,), (2,), (5,))",31.8769,201.77256,233.64946,3679.406100602296,4282.069238767015,117.28806032828932,864.004072403272,981.2921327315612
mobile,LBBBLBGGLGLLGL,"((5,), (2,), (4,), (1,), (0,), (3,), (3, 7), (2, 0), (5,), (0, 0), (5,), (5,), (0, 2), (1,))",35.1605,200.73418,235.89468,3598.0439057971003,4220.883402841831,126.50902274977896,847.2755687450648,973.7845914948438
mobile,LBBBLBGGLGLLGL,"((0,), (7,), (1,), (2,), (5,), (5,), (4, 3), (4, 0), (2,), (3, 3), (1,), (5,), (4, 6), (3,))",117.305,154.21055,271.51555,3206.6545968789355,4651.241402503919,376.15661748688353,717.2704948629008,1093.4271123497842
mobile,LBBBLBGGLGLLGL,"((5,), (6,), (6,), (7,), (5,), (6,), (3, 0), (0, 3), (3,), (4, 2), (0,), (3,), (0, 4), (3,))",34.457,168.00234,202.45934,3616.0631923583655,4593.121312860931,124.5986894190922,771.6551284645085,896.2538178836007
mobile,LBBBLBGGLGLLGL,"((5,), (6,), (0,), (0,), (2,), (2,), (3, 5), (1, 1), (3,), (4, 4), (3,), (3,), (2, 2), (2,))",34.7035,183.40687,218.11037,3598.3734025032963,4280.671728278622,124.87615137377314,785.1046031810725,909.9807545548456
mobile,LBBBLBGGLGLLGL,"((5,), (5,), (1,), (2,), (2,), (1,), (2, 4), (4, 6), (4,), (4, 7), (5,), (0,), (1, 1), (4,))",34.2727,164.24723999999998,198.51994,3625.076284584982,4502.79522361638,124.24115197869573,739.5716877641731,863.8128397428688
mobile,LBBBLBGGLGLLGL,"((5,), (6,), (1,), (7,), (5,), (2,), (4, 6), (0, 5), (1,), (4, 3), (5,), (0,), (0, 5), (4,))",34.2688,185.37346,219.64226,3627.130830039526,4452.279660510605,124.2974209884585,825.3344855564761,949.6319065449346
mobile,LBBBLBGGLGLLGL,"((2,), (7,), (6,), (2,), (3,), (0,), (2, 4), (4, 4), (3,), (0, 7), (2,), (4,), (4, 5), (4,))",58.7172,179.20292999999995,237.92013,3313.715519568153,4435.096567613437,194.5720969055872,794.7822997492709,989.354396654858
mobile,LBBBLBGGLGLLGL,"((0,), (7,), (2,), (7,), (1,), (4,), (3, 3), (2, 2), (2,), (1, 0), (5,), (5,), (1, 1), (4,))",117.23,168.19829999999996,285.4283,3214.677248190405,4502.901964773362,376.8566138053612,757.3804555415393,1134.2370693469006
mobile,LBBBLBGGLGLLGL,"((3,), (6,), (1,), (0,), (5,), (0,), (3, 0), (0, 5), (0,), (3, 6), (5,), (1,), (1, 6), (3,))",47.6208,219.30744,266.92824,3381.444153225806,4115.133311278242,161.02707573193547,902.4793517551544,1063.50642748709
mobile,LBBBLBGGLGLLGL,"((0,), (5,), (7,), (3,), (2,), (5,), (1, 5), (4, 2), (0,), (0, 5), (2,), (3,), (4, 0), (1,))",117.392,182.90917,300.30117,3197.737175543753,4351.314197528377,375.3887625114322,795.8952682791314,1171.2840307905635
mobile,GGGBLLLBBBLLGL,"((4, 1), (1, 7), (3, 5), (1,), (0,), (4,), (1,), (6,), (5,), (1,), (1,), (0,), (2, 5), (2,))",36.9978,183.4297,220.4275,3725.493967657503,4298.4979039810805,137.83508071659875,788.4721809778783,926.3072616944772
mobile,GGGBLLLBBBLLGL,"((4, 3), (3, 1), (0, 0), (4,), (3,), (1,), (4,), (6,), (7,), (5,), (0,), (4,), (2, 7), (1,))",23.9958,166.316,190.3118,3942.580433436532,4507.678528413789,94.60537156465634,749.6990621316676,844.3044336963239
mobile,GGGBLLLBBBLLGL,"((1, 3), (3, 7), (4, 6), (3,), (5,), (0,), (2,), (0,), (3,), (3,), (4,), (3,), (3, 5), (3,))",22.9076,161.40087000000003,184.30847000000003,3789.401020443264,4434.928358415319,86.80608281590611,715.8012954359044,802.6073782518106
mobile,GGGBLLLBBBLLGL,"((2, 0), (4, 2), (0, 4), (5,), (3,), (5,), (1,), (0,), (1,), (4,), (4,), (4,), (3, 7), (4,))",53.5739,170.38031,223.95421,3425.340670181861,4388.062092616942,183.508858530256,747.6393796393234,931.1482381695794
mobile,GGGBLLLBBBLLGL,"((0, 1), (1, 7), (0, 7), (4,), (3,), (2,), (1,), (7,), (1,), (6,), (5,), (5,), (2, 0), (5,))",36.5682,169.31749999999997,205.8857,3540.048931602074,4553.820766324821,129.45321734061096,771.0415476022027,900.4947649428137
mobile,GGGBLLLBBBLLGL,"((4, 3), (3, 6), (3, 5), (1,), (2,), (0,), (3,), (2,), (3,), (3,), (4,), (3,), (1, 1), (5,))",23.8155,162.4549,186.2704,4033.6300863678816,4392.459120285199,96.06291732189428,713.57650714002,809.6394244619142
mobile,GGGBLLLBBBLLGL,"((3, 3), (3, 1), (1, 4), (5,), (2,), (0,), (2,), (6,), (2,), (0,), (4,), (2,), (3, 1), (0,))",23.8055,184.03503,207.84053,3810.88944266303,4245.088344803399,90.72012862731476,781.244960888544,871.9650895158588
mobile,GGGBLLLBBBLLGL,"((1, 0), (2, 1), (1, 2), (2,), (2,), (4,), (3,), (5,), (4,), (2,), (3,), (3,), (0, 2), (0,))",53.7241,181.0697,234.7938,3377.966861805417,4217.935037019641,181.4782294803204,763.7402317726353,945.2184612529556
mobile,GGGBLLLBBBLLGL,"((1, 2), (4, 4), (1, 6), (3,), (1,), (5,), (0,), (7,), (7,), (3,), (1,), (2,), (2, 1), (1,))",27.9653,161.1796,189.1449,3625.8483886186064,4555.243770590044,101.3979379422359,734.2123688461951,835.610306788431
mobile,GGGBLLLBBBLLGL,"((1, 5), (0, 4), (1, 7), (6,), (4,), (0,), (0,), (4,), (1,), (4,), (4,), (3,), (1, 3), (1,))",17.2073,194.1495,211.3568,4154.713061938061,4229.419550835233,71.4913940706868,821.139691084885,892.6310851555718
mobile,LBGLGGGGBGLGLG,"((5,), (4,), (2, 4), (0,), (4, 6), (2, 5), (3, 2), (4, 0), (0,), (4, 0), (5,), (4, 1), (3,), (1, 5))",36.2533,194.1281,230.3814,3585.533577666294,4512.573662994542,129.98742445120948,876.0173513071707,1006.00477575838
mobile,LBGLGGGGBGLGLG,"((3,), (2,), (0, 7), (4,), (2, 5), (1, 3), (1, 7), (3, 7), (7,), (3, 2), (1,), (0, 7), (0,), (4, 7))",49.8574,205.69379,255.55119,3449.02537815126,4485.927893789101,171.95943788863863,922.7275101401978,1094.6869480288365
mobile,LBGLGGGGBGLGLG,"((2,), (3,), (3, 4), (0,), (0, 6), (1, 4), (1, 7), (4, 0), (0,), (4, 4), (3,), (4, 5), (4,), (4, 1))",60.2822,191.991,252.2732,3316.670497061077,4514.270476076535,199.93619423793527,866.69930297241,1066.6354972103452
mobile,LBGLGGGGBGLGLG,"((4,), (3,), (3, 3), (3,), (0, 2), (3, 6), (4, 4), (4, 2), (6,), (3, 1), (2,), (3, 0), (0,), (3, 7))",42.5227,168.56150000000002,211.08420000000004,3510.8835368335376,4663.7789933311005,149.29224737171148,786.1335827843805,935.425830156092
mobile,LBGLGGGGBGLGLG,"((2,), (6,), (0, 3), (5,), (1, 3), (0, 4), (0, 1), (2, 3), (0,), (1, 6), (4,), (4, 2), (0,), (1, 7))",60.5944,246.18622,306.78062,3325.5483290543434,4184.7859200215935,201.5096056700505,1030.2366271593382,1231.7462328293886
mobile,LBGLGGGGBGLGLG,"((2,), (7,), (4, 2), (0,), (1, 6), (1, 4), (3, 3), (2, 1), (6,), (0, 7), (1,), (0, 2), (2,), (3, 6))",60.6591,225.18892,285.84802,3333.416780389059,4304.065201054744,202.202061823298,969.2277942351006,1171.4298560583986
mobile,LBGLGGGGBGLGLG,"((3,), (1,), (2, 5), (3,), (4, 6), (0, 7), (3, 5), (4, 4), (7,), (3, 7), (5,), (4, 7), (4,), (1, 0))",48.9236,186.53419,235.45779,3355.4962396138803,4646.106339529015,164.16295582837364,866.6576826979098,1030.8206385262831
mobile,LBGLGGGGBGLGLG,"((2,), (3,), (2, 5), (0,), (3, 0), (4, 1), (4, 0), (3, 2), (5,), (0, 3), (1,), (2, 2), (0,), (0, 6))",60.6363,238.92319999999995,299.5595,3314.3135347750235,4172.437600562755,200.9677097886788,996.8921433267748,1197.8598531154537
mobile,LBGLGGGGBGLGLG,"((3,), (6,), (2, 5), (4,), (0, 7), (4, 2), (1, 7), (3, 7), (7,), (3, 6), (5,), (0, 2), (5,), (2, 4))",49.4625,189.86131999999995,239.32382,3373.8784705451094,4640.320054553373,166.88046384933747,881.0172907799752,1047.8977546293129
mobile,LBGLGGGGBGLGLG,"((1,), (4,), (4, 0), (1,), (1, 6), (2, 6), (3, 2), (4, 0), (7,), (0, 0), (3,), (3, 6), (4,), (4, 1))",80.4671,183.61867,264.08577,3261.8124119765616,4606.467798691337,262.4685855357592,845.833490593531,1108.30207612929
mobile,GBGBGBBBBGBBGG,"((3, 2), (3,), (1, 7), (4,), (2, 4), (1,), (6,), (1,), (5,), (0, 7), (6,), (5,), (2, 1), (4, 7))",22.1453,190.9033,213.0486,4209.838639212523,4668.447134567188,93.22813961695309,891.2219638644203,984.4501034813734
mobile,GBGBGBBBBGBBGG,"((1, 1), (7,), (0, 4), (5,), (1, 6), (6,), (7,), (1,), (7,), (3, 7), (4,), (2,), (3, 6), (2, 2))",35.8295,178.00104000000002,213.83054,3526.361632107023,4865.101757309904,126.3477740975786,865.9931725069906,992.3409466045692
mobile,GBGBGBBBBGBBGG,"((0, 1), (3,), (0, 6), (7,), (3, 6), (6,), (5,), (3,), (4,), (2, 6), (1,), (1,), (2, 7), (4, 6))",31.4064,182.38091,213.78731,3746.473582868822,4720.223669516749,117.6632479330114,860.878688250004,978.5419361830152
mobile,GBGBGBBBBGBBGG,"((4, 7), (3,), (0, 7), (6,), (0, 3), (1,), (5,), (4,), (5,), (4, 2), (0,), (0,), (0, 3), (2, 4))",12.8833,222.0213,234.9046,5012.856706349205,4439.347763545579,64.58213680490871,985.6297616144822,1050.2118984193908
mobile,GBGBGBBBBGBBGG,"((2, 5), (0,), (4, 7), (0,), (0, 2), (3,), (6,), (7,), (3,), (4, 4), (5,), (6,), (4, 1), (3, 7))",14.8542,194.60741000000004,209.46161000000004,4714.626035353534,4745.473003499424,70.03199805434846,923.504210435944,993.5362084902926
mobile,GBGBGBBBBGBBGG,"((3, 7), (6,), (0, 5), (7,), (1, 4), (0,), (2,), (0,), (0,), (4, 7), (6,), (0,), (3, 4), (4, 3))",13.2969,224.17092,237.46782,4925.377806637807,4500.9295189436025,65.49225615708227,1008.9775111167448,1074.469767273827
mobile,GBGBGBBBBGBBGG,"((0, 1), (0,), (1, 2), (7,), (4, 5), (0,), (3,), (0,), (0,), (4, 2), (7,), (2,), (4, 4), (3, 2))",34.4335,219.19098,253.62448,3548.7580679201305,4458.803744875697,122.19616093172782,977.329562466974,1099.5257233987018
mobile,GBGBGBBBBGBBGG,"((0, 3), (5,), (0, 4), (3,), (3, 4), (4,), (3,), (0,), (1,), (2, 7), (3,), (3,), (3, 1), (2, 6))",20.1537,204.84408,224.99778,3923.980691808194,4395.131932292534,79.0827296684948,900.3167571490864,979.3994868175812
mobile,GBGBGBBBBGBBGG,"((0, 7), (5,), (4, 2), (2,), (2, 5), (6,), (6,), (5,), (5,), (0, 4), (6,), (4,), (1, 2), (2, 2))",13.3812,183.39053,196.77173,4765.534700577202,4737.397564566682,63.76857293536366,868.7938501865931,932.5624231219568
mobile,GBGBGBBBBGBBGG,"((4, 0), (6,), (2, 2), (2,), (1, 0), (4,), (4,), (7,), (6,), (4, 4), (5,), (3,), (2, 2), (3, 0))",52.2781,171.6639,223.942,3642.115190691551,4860.510541312921,190.402862150492,834.3741955128872,1024.7770576633793
mobile,GGBBBLLLBBBGLG,"((3, 0), (0, 0), (2,), (5,), (7,), (5,), (4,), (2,), (1,), (5,), (0,), (1, 4), (4,), (0, 4))",45.1903,222.59913000000003,267.78943000000004,3565.222408268728,4200.844526225553,161.11347019638632,935.1043368030704,1096.2178069994568
mobile,GGBBBLLLBBBGLG,"((1, 5), (3, 3), (5,), (0,), (1,), (0,), (5,), (2,), (2,), (4,), (1,), (3, 4), (3,), (4, 1))",16.9047,189.63808,206.54278,4214.9599611499625,4343.51251423271,71.25263365525176,823.6953736550638,894.9480073103156
mobile,GGBBBLLLBBBGLG,"((3, 7), (0, 6), (3,), (7,), (3,), (1,), (0,), (3,), (4,), (7,), (4,), (2, 3), (5,), (4, 0))",14.9092,165.06982,179.97902,4773.00853146853,4750.832066819456,71.1617387973706,784.2189941201154,855.3807329174861
mobile,GGBBBLLLBBBGLG,"((4, 6), (3, 4), (3,), (1,), (5,), (2,), (1,), (0,), (3,), (2,), (2,), (4, 5), (5,), (0, 3))",15.4081,199.02634000000003,214.43444,4562.512662337664,4275.922636632034,70.29965135256495,851.0212324920237,921.3208838445888
mobile,GGBBBLLLBBBGLG,"((2, 2), (4, 5), (3,), (6,), (5,), (1,), (4,), (4,), (1,), (7,), (2,), (4, 0), (0,), (1, 4))",25.7203,172.25830000000002,197.97860000000003,3729.9820406833446,4607.960484781054,95.93625708098784,793.7594395755604,889.6956966565482
mobile,GGBBBLLLBBBGLG,"((3, 0), (3, 3), (7,), (6,), (4,), (3,), (3,), (0,), (4,), (6,), (1,), (0, 3), (5,), (2, 2))",49.8831,183.23065,233.11375,3523.8522334132185,4489.875800700011,175.78067334457492,822.6828613815335,998.4635347261084
mobile,GGBBBLLLBBBGLG,"((0, 2), (0, 0), (6,), (5,), (1,), (2,), (4,), (3,), (5,), (3,), (5,), (1, 0), (4,), (0, 7))",24.845,212.21659,237.06159,3836.66247040584,4301.601293576265,95.32187907723308,912.8711580623436,1008.1930371395767
mobile,GGBBBLLLBBBGLG,"((0, 5), (1, 4), (0,), (4,), (4,), (1,), (0,), (1,), (6,), (0,), (3,), (3, 0), (5,), (3, 2))",16.5537,209.09595,225.64965,4198.179298756799,4226.192962410228,69.49540065783042,883.6798323584808,953.1752330163112
mobile,GGBBBLLLBBBGLG,"((0, 2), (2, 7), (6,), (5,), (2,), (0,), (1,), (2,), (1,), (5,), (0,), (3, 1), (4,), (1, 1))",27.6638,201.20549,228.86929,3620.128499312005,4272.06068636223,100.14651077926744,859.5620637092488,959.7085744885164
mobile,GGBBBLLLBBBGLG,"((3, 7), (4, 4), (1,), (6,), (6,), (1,), (4,), (0,), (4,), (1,), (5,), (3, 5), (4,), (1, 4))",13.4992,181.11909,194.61829,4888.859722222222,4492.51380912785,65.99569516222222,813.68001292167,879.6757080838922
mobile,LLBBLGGLLGBBLL,"((2,), (0,), (5,), (1,), (4,), (1, 2), (3, 2), (1,), (5,), (1, 1), (5,), (2,), (1,), (5,))",58.6816,184.79635,243.47795,3343.251326945411,4259.316733201217,196.18733706727983,787.1061857895088,983.2935228567886
mobile,LLBBLGGLLGBBLL,"((1,), (2,), (5,), (3,), (3,), (1, 4), (0, 3), (5,), (3,), (1, 7), (0,), (5,), (1,), (3,))",79.742,185.32487999999995,265.06688,3248.8153228375395,4279.678779401218,259.0670314737111,793.130956231077,1052.197987704788
mobile,LLBBLGGLLGBBLL,"((3,), (1,), (4,), (5,), (2,), (1, 7), (0, 2), (2,), (5,), (4, 3), (0,), (0,), (5,), (3,))",47.6434,183.89,231.5334,3383.395012275438,4316.261179664892,161.1964419278436,793.7172683285768,954.9137102564204
mobile,LLBBLGGLLGBBLL,"((1,), (0,), (5,), (1,), (4,), (3, 1), (2, 5), (2,), (0,), (3, 2), (7,), (1,), (2,), (5,))",79.6915,179.73892,259.43042,3262.151069386548,4290.955288044312,259.9657119460181,771.2516692413735,1031.2173811873915
mobile,LLBBLGGLLGBBLL,"((1,), (1,), (3,), (2,), (4,), (2, 1), (0, 6), (4,), (0,), (0, 5), (4,), (3,), (0,), (2,))",79.7636,205.2604,285.024,3237.3383875466,4092.7921488743305,258.221764208912,840.0881535948046,1098.3099178037164
mobile,LLBBLGGLLGBBLL,"((2,), (0,), (7,), (3,), (1,), (3, 5), (2, 6), (1,), (3,), (4, 0), (5,), (2,), (3,), (3,))",58.7508,161.2537,220.0045,3309.26268391429,4460.42731202293,194.42183009011163,719.2604076447519,913.6822377348636
mobile,LLBBLGGLLGBBLL,"((3,), (2,), (6,), (0,), (4,), (4, 7), (1, 2), (1,), (5,), (4, 6), (0,), (7,), (2,), (5,))",47.6005,163.08145000000002,210.68195000000003,3407.810685483872,4651.9733751396,162.21349253437506,758.65056337916,920.864055913535
mobile,LLBBLGGLLGBBLL,"((5,), (4,), (2,), (4,), (1,), (2, 1), (3, 5), (0,), (5,), (3, 6), (6,), (4,), (2,), (0,))",35.6354,161.474,197.1094,3556.176245718052,4468.095840398903,126.72576298666108,721.4813077325724,848.2070707192335
mobile,LLBBLGGLLGBBLL,"((4,), (0,), (1,), (7,), (3,), (0, 7), (0, 4), (2,), (0,), (2, 0), (7,), (7,), (3,), (5,))",40.0512,187.67649,227.72769,3487.193019943022,4433.753997467181,139.666265080342,832.1113877681095,971.7776528484516
mobile,LLBBLGGLLGBBLL,"((5,), (0,), (5,), (2,), (4,), (2, 5), (3, 6), (5,), (2,), (0, 6), (1,), (1,), (5,), (3,))",34.5352,189.76033,224.29553,3609.3503458498,4265.363527767224,124.64963606399202,809.3967905990726,934.0464266630646
mobile,BGBLBLBLGGLGLL,"((1,), (0, 1), (6,), (1,), (5,), (1,), (3,), (3,), (0, 1), (2, 3), (3,), (1, 1), (4,), (0,))",41.9224,218.26616,260.18856,3457.1096729169967,4028.185143926428,144.9303345518955,879.2165031338689,1024.1468376857642
mobile,BGBLBLBLGGLGLL,"((5,), (4, 4), (5,), (2,), (2,), (2,), (0,), (2,), (2, 2), (1, 4), (5,), (4, 4), (3,), (0,))",19.5142,177.16276,196.67696,4147.400732600732,4341.334051564518,80.93320737611721,769.1227226571522,850.0559300332694
mobile,BGBLBLBLGGLGLL,"((7,), (1, 1), (7,), (2,), (0,), (2,), (7,), (1,), (0, 6), (3, 5), (0,), (0, 6), (5,), (4,))",16.0649,214.58714,230.65204,4894.244803815465,4197.30998977822,78.62555334881507,900.6887463999376,979.3142997487528
mobile,BGBLBLBLGGLGLL,"((3,), (4, 4), (7,), (0,), (4,), (1,), (7,), (2,), (2, 2), (2, 5), (3,), (3, 5), (4,), (5,))",26.0928,161.33923,187.43203,3818.226020197552,4486.724148064307,99.62820789981068,723.8846192711012,823.5128271709119
mobile,BGBLBLBLGGLGLL,"((3,), (1, 7), (1,), (4,), (3,), (2,), (5,), (5,), (2, 2), (1, 2), (3,), (1, 7), (3,), (3,))",26.4554,182.6251,209.0805,3774.135363961374,4310.270822768384,99.84626070774374,787.1636400351584,887.0099007429021
mobile,BGBLBLBLGGLGLL,"((0,), (4, 4), (4,), (2,), (6,), (3,), (6,), (5,), (2, 7), (4, 6), (3,), (2, 1), (5,), (5,))",61.4546,148.67716,210.13176,3414.6693980612886,4694.172587797787,209.84714199009727,697.9162489036255,907.7633908937228
mobile,BGBLBLBLGGLGLL,"((5,), (0, 1), (5,), (4,), (5,), (0,), (5,), (5,), (1, 6), (1, 5), (5,), (1, 0), (4,), (4,))",19.5065,193.02447,212.53097,4243.112423687424,4280.061274351901,82.76827249265872,826.1565590493004,908.9248315419592
mobile,BGBLBLBLGGLGLL,"((4,), (2, 3), (1,), (1,), (1,), (2,), (3,), (1,), (0, 5), (4, 3), (5,), (3, 2), (4,), (1,))",22.4767,191.28102,213.75772,3939.85733220211,4195.770016441979,88.55499129870717,802.5711684304387,891.1261597291458
mobile,BGBLBLBLGGLGLL,"((5,), (4, 7), (3,), (4,), (4,), (4,), (2,), (4,), (1, 0), (3, 5), (3,), (3, 6), (2,), (4,))",19.4293,150.45866,169.88796000000002,4264.6591115828605,4620.596585809528,82.85934127667687,695.2087707014766,778.0681119781535
mobile,BGBLBLBLGGLGLL,"((7,), (0, 1), (3,), (1,), (6,), (4,), (3,), (2,), (1, 5), (4, 1), (0,), (0, 0), (3,), (0,))",15.976,216.82371,232.79971,4737.084327894328,4113.74707437371,75.6796592224398,891.9579026673539,967.6375618897936
mobile,GBLLBBGBBGBGLL,"((1, 1), (0,), (1,), (3,), (3,), (5,), (4, 6), (7,), (7,), (0, 0), (2,), (1, 0), (5,), (0,))",36.7136,207.93626,244.64986,3479.981452787952,4314.574596053036,127.76264706507575,897.156504994279,1024.9191520593547
mobile,GBLLBBGBBGBGLL,"((4, 3), (1,), (1,), (1,), (7,), (1,), (3, 7), (6,), (6,), (4, 0), (6,), (2, 7), (5,), (0,))",24.0887,171.13854,195.22724,3916.749109477125,4648.410204022338,94.3493942734616,795.5221356374851,889.8715299109467
mobile,GBLLBBGBBGBGLL,"((0, 7), (1,), (4,), (2,), (7,), (6,), (4, 5), (1,), (3,), (4, 4), (7,), (2, 6), (1,), (1,))",14.3932,165.19770999999997,179.59090999999998,4685.296828726827,4668.7398109547,67.43641431523098,771.2651253555492,838.7015396707802
mobile,GBLLBBGBBGBGLL,"((4, 0), (6,), (1,), (5,), (0,), (5,), (1, 6), (7,), (2,), (3, 3), (7,), (2, 4), (1,), (0,))",53.776,181.50733,235.28333,3613.764730660659,4517.440918550648,194.33381215600764,819.9486395588756,1014.2824517148832
mobile,GBLLBBGBBGBGLL,"((3, 6), (4,), (1,), (0,), (0,), (0,), (4, 6), (7,), (1,), (0, 7), (3,), (4, 5), (0,), (0,))",16.5561,229.36417,245.92027,4368.289930624932,4216.40755557899,72.32184492041944,967.092819367104,1039.4146642875232
mobile,GBLLBBGBBGBGLL,"((4, 3), (2,), (4,), (3,), (5,), (7,), (3, 2), (3,), (0,), (2, 5), (2,), (4, 7), (2,), (1,))",24.0885,175.60769,199.69619,3943.994643962848,4493.292855649092,95.00491498109906,789.0567788740406,884.0616938551397
mobile,GBLLBBGBBGBGLL,"((1, 2), (2,), (3,), (2,), (1,), (3,), (1, 6), (6,), (6,), (1, 2), (2,), (0, 5), (1,), (5,))",28.2228,195.5743,223.7971,3690.303792100572,4307.924617769933,104.15070586369605,842.5193415731222,946.6700474368184
mobile,GBLLBBGBBGBGLL,"((2, 4), (2,), (3,), (3,), (1,), (3,), (3, 0), (1,), (4,), (1, 0), (1,), (4, 3), (2,), (3,))",19.9601,179.76164,199.72174,4006.3078067765578,4318.861512903607,79.96630445404077,776.3656284924335,856.3319329464744
mobile,GBLLBBGBBGBGLL,"((0, 6), (0,), (2,), (1,), (3,), (7,), (3, 5), (4,), (4,), (1, 5), (0,), (3, 3), (2,), (2,))",15.2282,191.99366000000003,207.22186,4434.485353535354,4325.897116877334,67.52922986070708,830.5448202527273,898.0740501134344
mobile,GBLLBBGBBGBGLL,"((2, 7), (2,), (3,), (4,), (3,), (3,), (4, 1), (7,), (1,), (4, 6), (7,), (4, 3), (2,), (3,))",14.4362,149.25263,163.68883,4821.493021978021,4887.0734130893725,69.6040375638791,729.4085599066653,799.0125974705445
mobile,LGGBLBBLBBGGBL,"((0,), (2, 4), (2, 0), (0,), (1,), (4,), (3,), (5,), (4,), (2,), (1, 7), (4, 5), (7,), (5,))",117.206,194.2115,311.4175,3217.905845037784,4325.422038793753,377.1578724734985,840.0467022871929,1217.2045747606917
mobile,LGGBLBBLBBGGBL,"((3,), (2, 1), (1, 7), (6,), (2,), (5,), (3,), (3,), (6,), (1,), (2, 4), (2, 1), (7,), (0,))",49.0453,182.81648,231.86177999999995,3354.9514260249543,4427.244982417032,164.54459917482168,809.3733437831437,973.9179429579654
mobile,LGGBLBBLBBGGBL,"((5,), (2, 0), (4, 2), (2,), (5,), (2,), (3,), (1,), (1,), (4,), (4, 1), (1, 0), (7,), (1,))",35.2063,184.55847000000003,219.76477000000003,3582.8751225296432,4358.818240532151,126.13977642631538,804.4568254807059,930.5966019070212
mobile,LGGBLBBLBBGGBL,"((0,), (1, 0), (0, 4), (2,), (5,), (3,), (4,), (2,), (4,), (5,), (0, 3), (4, 6), (7,), (2,))",117.344,200.00976,317.35376,3205.122903412376,4259.505576460849,376.1019419780219,851.942688066596,1228.044630044618
mobile,LGGBLBBLBBGGBL,"((2,), (2, 7), (2, 1), (7,), (4,), (1,), (6,), (5,), (3,), (5,), (0, 7), (0, 6), (1,), (3,))",58.7672,202.55772,261.32492,3318.99608636977,4350.653224422188,195.0481068069096,881.2583976496066,1076.3065044565162
mobile,LGGBLBBLBBGGBL,"((3,), (4, 0), (4, 7), (1,), (0,), (3,), (3,), (0,), (2,), (0,), (4, 7), (3, 2), (4,), (1,))",48.3518,196.63686,244.98866,3355.742943548387,4300.610371910513,162.25621165786288,845.6585196159156,1007.9147312737784
mobile,LGGBLBBLBBGGBL,"((2,), (1, 6), (1, 4), (2,), (4,), (3,), (0,), (0,), (2,), (0,), (1, 1), (1, 2), (7,), (5,))",58.6732,220.71928,279.39248,3317.518016194332,4092.361523728593,194.6493980677733,903.263089017078,1097.9124870848514
mobile,LGGBLBBLBBGGBL,"((0,), (4, 2), (0, 5), (7,), (2,), (6,), (2,), (2,), (4,), (0,), (0, 5), (0, 7), (6,), (0,))",117.515,230.12201,347.63701,3197.925204619942,4198.2600601805725,375.8041804209125,966.1120435514742,1341.916223972387
mobile,LGGBLBBLBBGGBL,"((0,), (2, 4), (4, 1), (0,), (1,), (2,), (2,), (3,), (2,), (3,), (1, 5), (0, 7), (2,), (1,))",117.51,232.00831,349.51831,3200.3214849460405,4036.525232224927,376.0697776960093,936.5073974008628,1312.577175096872
mobile,LGGBLBBLBBGGBL,"((4,), (3, 0), (1, 1), (6,), (0,), (0,), (1,), (2,), (2,), (0,), (4, 4), (1, 0), (7,), (0,))",41.6446,221.46153,263.10613,3422.366239316239,4136.932570424394,142.52307308982904,916.1714165530192,1058.694489642848
mobile,GGGLBGLBLLGLBL,"((1, 7), (3, 7), (4, 7), (5,), (6,), (2, 4), (2,), (4,), (2,), (5,), (2, 1), (5,), (0,), (3,))",14.0145,149.01090000000002,163.02540000000002,4801.191241258742,4613.686390791348,67.28629465062063,687.4895614095705,754.7758560601911
mobile,GGGLBGLBLLGLBL,"((4, 7), (1, 5), (4, 4), (0,), (1,), (0, 6), (1,), (6,), (2,), (0,), (1, 7), (2,), (7,), (1,))",15.4797,197.06923,212.54893,4756.777216672216,4249.064416216223,73.63348428092091,837.3598527241306,910.9933370050516
mobile,GGGLBGLBLLGLBL,"((0, 4), (3, 5), (2, 2), (2,), (4,), (3, 4), (5,), (5,), (2,), (1,), (2, 4), (2,), (4,), (2,))",19.6845,161.22049000000004,180.90499000000003,3943.240538946349,4337.266217042984,77.6207183888894,699.2561847721164,776.8769031610058
mobile,GGGLBGLBLLGLBL,"((1, 3), (4, 7), (2, 6), (4,), (0,), (1, 6), (2,), (0,), (3,), (3,), (4, 5), (0,), (1,), (5,))",23.2335,182.6011,205.8346,3819.519154995332,4279.524153783324,88.74079828758404,781.4458179574041,870.1866162449882
mobile,GGGLBGLBLLGLBL,"((1, 2), (1, 5), (0, 1), (0,), (1,), (1, 7), (1,), (0,), (4,), (0,), (0, 7), (2,), (1,), (1,))",27.9317,241.21788,269.14958,3613.215941815321,3919.664656104309,100.923263722003,945.4931986564104,1046.4164623784136
mobile,GGGLBGLBLLGLBL,"((2, 2), (1, 3), (1, 4), (4,), (2,), (0, 5), (3,), (4,), (0,), (3,), (1, 1), (1,), (3,), (2,))",27.8979,194.71659,222.61449,3656.814943731879,4088.5775951254914,102.01745761873758,796.1138872732362,898.1313448919738
mobile,GGGLBGLBLLGLBL,"((1, 1), (4, 1), (0, 2), (0,), (0,), (3, 3), (4,), (4,), (0,), (0,), (0, 7), (3,), (1,), (3,))",36.6497,218.54225,255.19195,3495.093979933112,4033.789408958628,128.09414583635456,881.5534134599886,1009.6475592963432
mobile,GGGLBGLBLLGLBL,"((3, 2), (1, 1), (1, 1), (1,), (7,), (1, 7), (0,), (2,), (1,), (3,), (4, 5), (3,), (2,), (3,))",28.479,174.65487000000002,203.13387,3726.017044326503,4270.660107216412,106.11323940537446,745.8915858400686,852.004825245443
mobile,GGGLBGLBLLGLBL,"((4, 0), (4, 2), (4, 6), (2,), (6,), (2, 4), (5,), (5,), (1,), (1,), (2, 2), (0,), (7,), (2,))",53.6499,161.04717,214.69707,3621.643411261568,4441.400512909317,194.300806849842,715.2749834405939,909.575790290436
mobile,GGGLBGLBLLGLBL,"((3, 6), (1, 1), (1, 3), (5,), (1,), (2, 7), (3,), (3,), (1,), (2,), (4, 2), (3,), (7,), (2,))",17.1856,164.02729,181.21289,4413.969992507492,4404.492421164888,75.85672270323676,722.4569556692152,798.3136783724519
mobile,BBLGBLLGLLGGLL,"((4,), (1,), (3,), (4, 7), (5,), (4,), (1,), (2, 4), (5,), (4,), (2, 2), (1, 7), (1,), (5,))",22.5017,159.89394,182.39564,4024.160831359623,4534.635054505926,90.5504597790048,725.0606653270671,815.6111251060719
mobile,BBLGBLLGLLGGLL,"((2,), (3,), (4,), (4, 7), (3,), (0,), (2,), (4, 6), (3,), (1,), (0, 4), (2, 6), (4,), (5,))",31.7945,174.00669000000002,205.80119,3700.565305860805,4397.309576844138,117.65762361719136,765.1612843719491,882.8189079891405
mobile,BBLGBLLGLLGGLL,"((6,), (6,), (2,), (3, 0), (0,), (4,), (5,), (0, 0), (3,), (3,), (0, 2), (4, 2), (3,), (4,))",17.2235,191.5187,208.74220000000005,4503.805235450824,4237.569978933333,77.57128947278726,811.5738935243394,889.1451829971267
mobile,BBLGBLLGLLGGLL,"((3,), (3,), (2,), (0, 4), (5,), (1,), (4,), (3, 7), (1,), (0,), (4, 3), (4, 1), (5,), (0,))",26.5195,183.08962,209.60912,3725.634127966975,4275.170779459271,98.8019542566202,782.739393446302,881.5413477029222
mobile,BBLGBLLGLLGGLL,"((4,), (7,), (0,), (4, 4), (3,), (2,), (2,), (0, 4), (2,), (5,), (0, 7), (4, 1), (2,), (4,))",22.484,184.60713,207.09113,3995.290903361343,4346.284652416912,89.83012067117646,802.3551358457337,892.1852565169102
mobile,BBLGBLLGLLGGLL,"((7,), (7,), (3,), (0, 3), (7,), (1,), (2,), (3, 6), (1,), (5,), (1, 2), (4, 0), (5,), (2,))",16.0179,172.08405,188.10195,4853.636214341214,4434.111521204821,77.74505951769613,763.0398687205864,840.7849282382825
mobile,BBLGBLLGLLGGLL,"((4,), (4,), (3,), (0, 0), (6,), (3,), (4,), (1, 2), (2,), (0,), (3, 1), (2, 1), (4,), (1,))",22.4198,194.49601,216.91581,3941.6319941255865,4131.441799807564,88.37060098189681,803.54894560979,891.9195465916869
mobile,BBLGBLLGLLGGLL,"((7,), (6,), (2,), (4, 5), (0,), (0,), (3,), (2, 5), (4,), (2,), (1, 2), (0, 6), (2,), (3,))",15.8382,184.2031,200.0413,4890.7601776001775,4323.104043562082,77.46083784486713,796.3291664466706,873.7900042915377
mobile,BBLGBLLGLLGGLL,"((0,), (1,), (0,), (2, 7), (4,), (4,), (3,), (1, 2), (5,), (4,), (2, 4), (0, 0), (5,), (4,))",61.5294,199.06048,260.58988,3386.646592970275,4178.040936508323,208.37833287750524,831.6828342809962,1040.0611671585011
mobile,BBLGBLLGLLGGLL,"((1,), (2,), (0,), (1, 7), (1,), (2,), (5,), (3, 1), (4,), (0,), (3, 2), (4, 6), (1,), (0,))",41.918,198.7486,240.6666,3460.2959552580232,4170.230699664563,145.04868585250583,828.8275132353524,973.8761990878584
