graph,order,freq,input_time,task_time,total_time,input_power,task_power,input_e,task_e,total_e
alex,LLLLLLLL,"((5,), (5,), (5,), (5,), (5,), (5,), (5,), (5,))",34.6782,260.3508,295.029,3546.131842139343,4163.938627500076,122.97346924807655,1084.0847528205468,1207.0582220686233
alex,BBBBBBBB,"((3,), (3,), (3,), (3,), (3,), (3,), (3,), (3,))",25.1579,197.4791,222.637,3803.93968137255,4596.95164623461,95.69913411000248,907.8018738419293,1003.5010079519316
alex,GGGGGGGG,"((3, 3), (3, 3), (3, 3), (3, 3), (3, 3), (3, 3), (3, 3), (3, 3))",22.1219,127.86810000000001,149.99,3884.7886872441277,5284.744359341079,85.93890686034587,675.7502202146611,761.689127075007
