,graph,order,freq,input_time,task_time,total_time,input_power,task_power,input_e,task_e,total_e,Predicted_Time,Predicted_Energy,Error_Time,Error_Energy,Error_EE,Error_Power,Error_FPS
0,res50,BGBGGBBLGLBLGLBBGG,"((1,), (1, 4), (2,), (2, 2), (3, 6), (6,), (7,), (1,), (4, 4), (2,), (6,), (2,), (1, 7), (1,), (3,), (0,), (2, 4), (4, 0))",41.198,812.2937999999999,853.4917999999999,3462.452008850801,4406.995667014242,142.6460978606353,3579.775256942533,3722.421354803168,802.900427889303,3495.1198225102526,-5.927575649900427,-6.106281654537052,6.5033974179936225,-0.18996640712857607,6.301076740448806
1,res50,BGBGGBBLGLBLGLBBGG,"((2,), (4, 6), (1,), (0, 7), (1, 0), (0,), (3,), (4,), (4, 0), (0,), (4,), (1,), (4, 4), (2,), (5,), (6,), (4, 2), (3, 3))",30.2471,810.5429999999999,840.7900999999999,3664.281805248416,4486.478123620344,110.83389819152936,3636.483437753605,3747.317335945134,790.33825907855,3521.7349475430906,-6.00052747070285,-6.01983681067533,6.405433451470248,-0.020541966303549833,6.383575683185505
2,res50,BGBGGBBLGLBLGLBBGG,"((7,), (2, 3), (2,), (0, 3), (3, 6), (5,), (4,), (5,), (3, 4), (3,), (5,), (1,), (4, 4), (0,), (2,), (4,), (3, 1), (4, 5))",14.4172,737.7597999999999,752.1769999999999,5070.693751803752,4575.897227954788,73.10520595850504,3375.9130237164786,3449.018229674984,710.7038820626148,3238.8337023523354,-5.513744495961079,-6.094039327314753,6.489512788816334,-0.6141579304398157,5.835499000937108
3,res50,BGBGGBBLGLBLGLBBGG,"((4,), (1, 7), (4,), (0, 7), (3, 2), (4,), (0,), (1,), (4, 3), (5,), (3,), (4,), (3, 3), (4,), (6,), (6,), (3, 4), (2, 3))",21.1331,721.0267000000001,742.1598000000001,4017.812656787658,4704.066802382116,84.90883665715924,3391.75776310113,3476.666599758289,712.0224395287038,3288.0928602936165,-4.060764335564436,-5.423981105285821,5.735049083979754,-1.420916854590637,4.232641950335801
4,res50,BGBGGBBLGLBLGLBBGG,"((0,), (3, 4), (2,), (2, 1), (2, 5), (1,), (7,), (3,), (3, 0), (0,), (4,), (2,), (0, 0), (2,), (5,), (0,), (2, 4), (2, 1))",59.4192,891.5545000000001,950.9737,3372.685888079008,4252.043938100352,200.40229732094417,3790.9289072110905,3991.3312045320345,898.3826333134442,3731.5538236946118,-5.53023355814738,-6.5085398210615395,6.96164099758896,-1.0355760363992437,5.85397187527854
5,res50,BGBGGBBLGLBLGLBBGG,"((3,), (0, 1), (3,), (2, 5), (2, 1), (2,), (7,), (2,), (4, 4), (1,), (6,), (5,), (2, 4), (4,), (2,), (0,), (1, 7), (4, 5))",21.9096,839.2369000000002,861.1465000000002,3970.747764114971,4395.777886813139,86.99749521265336,3689.09900681761,3776.096502030264,814.6682727509404,3527.358847204018,-5.397249741949798,-6.5871636143967605,7.051668559988165,-1.257800507068986,5.705172130014814
6,res50,BGBGGBBLGLBLGLBBGG,"((6,), (3, 1), (7,), (3, 4), (1, 3), (4,), (3,), (1,), (2, 2), (5,), (0,), (0,), (2, 5), (0,), (2,), (0,), (3, 4), (0, 6))",13.999,872.3367999999998,886.3357999999998,4667.820551948052,4304.389313331575,65.34481990672077,3754.877199545863,3820.222019452584,831.8393554309245,3569.8414580311487,-6.148509917919979,-6.554084033506339,7.013772582481188,-0.4321445671578115,6.551318378155368
7,res50,BGBGGBBLGLBLGLBBGG,"((4,), (3, 6), (2,), (4, 0), (3, 0), (2,), (1,), (4,), (3, 1), (1,), (4,), (2,), (3, 2), (3,), (0,), (6,), (4, 7), (3, 2))",21.8057,751.4068,773.2125,4055.013152680652,4546.829684300106,88.42240030340851,3416.5187432249527,3504.9411435283614,733.3886202504148,3292.7110802476163,-5.150444379725524,-6.055167678710202,6.4454505150444446,-0.9538508568313036,5.43011967324874
8,res50,BGBGGBBLGLBLGLBBGG,"((5,), (1, 7), (7,), (0, 4), (2, 5), (5,), (1,), (5,), (0, 1), (3,), (0,), (2,), (2, 4), (2,), (5,), (5,), (1, 1), (3, 7))",15.2207,877.3210999999999,892.5417999999999,4622.916144966145,4344.827740480062,70.36401976768622,3811.809052588482,3882.173072356168,842.7506172608245,3619.7232219595903,-5.578582732951599,-6.7603851117665865,7.250550230039329,-1.2516253335538685,5.908175172984228
9,res50,BGBGGBBLGLBLGLBBGG,"((0,), (1, 5), (2,), (2, 7), (3, 5), (0,), (2,), (2,), (3, 1), (3,), (4,), (2,), (2, 5), (0,), (4,), (2,), (3, 2), (0, 7))",56.5785,833.9313999999999,890.5098999999999,3438.279941587961,4319.948589579853,194.53272167513444,3602.540775236352,3797.073496911488,858.7076058296329,3601.245980832502,-3.571245437065547,-5.157327511260197,5.437771180343422,-1.6448227309204633,3.7035067529932184
10,res50,BBLLBLLLBBGBGBLBBG,"((3,), (2,), (4,), (1,), (3,), (1,), (0,), (4,), (3,), (2,), (1, 5), (5,), (3, 3), (6,), (4,), (7,), (6,), (2, 1))",25.9738,682.4313500000001,708.40515,3745.48129127967,4590.041136172989,97.2843819634399,3132.387969114067,3229.672351077507,658.7664408887556,2984.059393843734,-7.007107318636017,-7.604887757478851,8.230833398976067,-0.6428237918042834,7.535099851819391
11,res50,BBLLBLLLBBGBGBLBBG,"((0,), (6,), (2,), (3,), (6,), (1,), (3,), (3,), (5,), (2,), (2, 6), (0,), (3, 2), (0,), (5,), (6,), (1,), (1, 7))",60.254,780.3519499999999,840.6059499999999,3422.517100877185,4409.943114589497,206.2203453962539,3441.307708858986,3647.528054255241,784.7755909757207,3365.4815785596916,-6.641680209886599,-7.732537529533495,8.380568103310052,-1.1684628880418482,7.114181387173968
12,res50,BBLLBLLLBBGBGBLBBG,"((6,), (2,), (1,), (3,), (6,), (3,), (4,), (0,), (4,), (7,), (4, 7), (0,), (1, 2), (3,), (5,), (2,), (5,), (2, 2))",16.5732,693.3951999999998,709.9683999999999,4500.305657675657,4649.051098428259,74.5844657257902,3223.629716204882,3298.214181930672,670.3718614722723,3067.6388092078037,-5.5772254832366635,-6.990915689650476,7.516379439156099,-1.4971919789995567,5.906652830082335
13,res50,BBLLBLLLBBGBGBLBBG,"((4,), (0,), (1,), (4,), (7,), (5,), (2,), (2,), (6,), (6,), (2, 2), (4,), (0, 5), (3,), (0,), (0,), (3,), (3, 4))",20.867,818.08861,838.95561,4074.564242456888,4377.734897172225,85.02393204734788,3581.3750569761187,3666.3989890234666,786.5849982153736,3403.7416867428396,-6.2423578983668,-7.163903957724602,7.716722549882242,-0.9829023412927349,6.657972361975668
14,res50,BBLLBLLLBBGBGBLBBG,"((3,), (7,), (0,), (5,), (2,), (0,), (2,), (1,), (7,), (0,), (1, 5), (7,), (4, 1), (0,), (4,), (5,), (0,), (2, 5))",24.589,820.53568,845.1246799999999,3855.138654295052,4437.944569960393,94.79400437046102,3641.49186551476,3736.28586988522,793.6130335206012,3476.6354836420796,-6.095153496097012,-6.949425051652083,7.468438594290978,-0.909720410990247,6.4907762730261895
15,res50,BBLLBLLLBBGBGBLBBG,"((4,), (7,), (0,), (5,), (6,), (0,), (5,), (4,), (6,), (5,), (1, 0), (2,), (2, 1), (2,), (0,), (5,), (5,), (1, 0))",22.5801,732.2582199999999,754.83832,3926.517832058465,4588.777079241915,88.66116529966335,3360.1697360224834,3448.830901322147,688.961651409016,3140.567955603385,-8.727255472534036,-8.938186722943877,9.815515858167014,-0.23109993186011824,9.561732275846943
16,res50,BBLLBLLLBBGBGBLBBG,"((2,), (7,), (1,), (3,), (0,), (5,), (1,), (2,), (6,), (1,), (1, 7), (5,), (3, 3), (4,), (3,), (7,), (1,), (4, 5))",29.2457,736.8731999999998,766.1188999999998,3805.496907280455,4542.302215624817,111.294420901252,3347.100768994548,3458.3951898958,726.7266742499293,3222.2135722006583,-5.141790099431116,-6.829225832408633,7.3297940190177355,-1.7789032016799555,5.42050087685692
17,res50,BBLLBLLLBBGBGBLBBG,"((6,), (1,), (4,), (0,), (0,), (3,), (4,), (5,), (3,), (2,), (2, 0), (0,), (2, 4), (5,), (1,), (3,), (5,), (4, 0))",18.0191,814.38818,832.40728,4433.290709290711,4283.392666389268,79.88390861978026,3488.344357806104,3568.228266425884,767.3624780537041,3266.6872816104487,-7.814059716812657,-8.450720141777083,9.23078822123367,-0.6906263829480549,8.476411579475714
18,res50,BBLLBLLLBBGBGBLBBG,"((6,), (4,), (4,), (1,), (0,), (3,), (1,), (0,), (2,), (0,), (2, 6), (3,), (4, 4), (4,), (2,), (6,), (3,), (3, 6))",15.7142,770.1688499999999,785.8830499999999,4723.323773448775,4372.733943672973,74.22325444072874,3367.743472754578,3441.9667271953067,741.1132192404613,3203.325690966914,-5.696754849152003,-6.93327551201664,7.449789976128193,-1.3112175099453829,6.040889515561677
19,res50,BBLLBLLLBBGBGBLBBG,"((7,), (7,), (5,), (5,), (2,), (5,), (0,), (2,), (1,), (6,), (4, 3), (6,), (2, 3), (2,), (2,), (0,), (1,), (3, 1))",16.3844,744.51608,760.90048,4773.85203962704,4551.132775555172,78.21670135806527,3388.3915336158566,3466.6082349739218,711.4512877879679,3205.0877650047873,-6.498772640021482,-7.543986866779648,8.15954161457241,-1.1178615043566125,6.9504677355745095
20,res50,GGGBLGLLBGBLBGGGBB,"((2, 3), (4, 6), (4, 7), (5,), (0,), (0, 3), (4,), (4,), (0,), (0, 6), (7,), (5,), (5,), (3, 3), (2, 5), (3, 0), (4,), (4,))",19.0332,810.6073,829.6405,3968.175875235876,4576.370278395534,75.52708506853948,3709.639155170452,3785.166240238992,810.5199458788692,3615.772549755886,-2.304679451055101,-4.475198174450875,4.684854706763648,-2.221722300719985,2.359047944267159
21,res50,GGGBLGLLBGBLBGGGBB,"((3, 2), (3, 6), (1, 6), (4,), (4,), (1, 1), (2,), (5,), (1,), (0, 0), (2,), (3,), (2,), (2, 0), (1, 5), (0, 7), (1,), (5,))",21.0849,915.5304,936.6153,3925.832529921058,4271.5096223736855,82.77578631013252,3910.696913175629,3993.4726994857615,906.0503533277819,3798.919303372256,-3.263340527558986,-4.8717848037012565,5.121282674807083,-1.6627039686030238,3.3734269359266547
22,res50,GGGBLGLLBGBLBGGGBB,"((0, 6), (4, 6), (3, 6), (3,), (4,), (3, 5), (4,), (3,), (1,), (3, 6), (5,), (5,), (2,), (0, 2), (3, 6), (0, 6), (3,), (1,))",14.2517,803.7967,818.0484,4507.451709956709,4544.317028215694,64.23884953479003,3652.707031033582,3716.945880568372,802.561783078999,3564.1841542011507,-1.8931174391394168,-4.109872225093093,4.286022263668936,-2.259530349033879,1.929647940821108
23,res50,GGGBLGLLBGBLBGGGBB,"((2, 6), (0, 5), (0, 3), (4,), (5,), (2, 1), (3,), (2,), (6,), (0, 2), (5,), (2,), (6,), (2, 5), (4, 4), (3, 2), (0,), (4,))",11.9408,871.0547,882.9955,4641.848253968254,4500.203514911842,55.42738163098412,3919.92342262048,3975.350804251464,855.1776903066515,3783.7385451661085,-3.1503908789284343,-4.820008812314995,5.0640988217896075,-1.723928416994823,3.252868966141253
24,res50,GGGBLGLLBGBLBGGGBB,"((4, 3), (1, 5), (3, 7), (4,), (5,), (4, 6), (5,), (0,), (7,), (0, 3), (7,), (0,), (0,), (4, 2), (2, 7), (1, 1), (6,), (1,))",21.0803,801.5931,822.6734,4004.3003629458776,4707.117453781329,84.411852941008,3773.192871840682,3857.60472478169,798.3632604083999,3671.90378291218,-2.955017093247465,-4.8138924311385844,5.057347709754831,-1.915478041432866,3.0449972834627035
25,res50,GGGBLGLLBGBLBGGGBB,"((1, 0), (4, 7), (1, 4), (6,), (5,), (2, 2), (3,), (1,), (7,), (4, 1), (5,), (0,), (0,), (3, 3), (0, 5), (1, 2), (0,), (2,))",46.889,919.6592000000002,966.5482000000002,3437.6116331464204,4400.354328893858,161.18617186660254,4046.826341827064,4208.012513693666,932.7822026918476,3994.7402243612983,-3.4934623341239033,-5.068242754467563,5.338827492004604,-1.6317862586634824,3.619922979952837
26,res50,GGGBLGLLBGBLBGGGBB,"((0, 2), (3, 6), (0, 6), (5,), (3,), (4, 2), (0,), (4,), (1,), (3, 3), (3,), (5,), (5,), (2, 5), (2, 5), (2, 4), (3,), (7,))",19.0407,810.7543,829.795,3933.5527157702127,4476.263526344983,74.89759719516589,3629.149901917358,3704.047499112524,815.1953424248163,3550.110084819712,-1.7594294464516709,-4.155924413218099,4.336130728763848,-2.439414748166768,1.7909397680998305
27,res50,GGGBLGLLBGBLBGGGBB,"((4, 7), (1, 4), (3, 6), (4,), (0,), (0, 6), (3,), (1,), (2,), (0, 1), (2,), (0,), (4,), (4, 3), (4, 3), (3, 7), (7,), (4,))",12.0175,831.391,843.4085,5120.018354978353,4583.946070776946,61.52982058095236,3811.051507729316,3872.581328310268,811.3846868724908,3669.177271453416,-3.796951670217841,-5.252415368784621,5.543587616748769,-1.512908087462555,3.9468101438968537
28,res50,GGGBLGLLBGBLBGGGBB,"((1, 7), (0, 2), (3, 4), (1,), (0,), (4, 3), (2,), (0,), (7,), (2, 3), (3,), (4,), (7,), (0, 5), (4, 2), (3, 5), (1,), (6,))",9.75178,867.8284199999999,877.5802,5148.1701984126985,4552.785777829414,50.20382317747699,3951.036888172171,4001.240711349648,857.8383631185192,3827.1381398660524,-2.2495763784872107,-4.351214636743748,4.549158277565833,-2.150004245908983,2.3013469355360625
29,res50,GGGBLGLLBGBLBGGGBB,"((0, 6), (3, 5), (1, 1), (2,), (1,), (4, 0), (2,), (3,), (6,), (3, 1), (5,), (4,), (7,), (3, 0), (1, 7), (2, 6), (5,), (2,))",12.7144,755.3791,768.0935,4491.225815295815,4694.690479591982,57.103241505997104,3546.27106925276,3603.374310758757,750.0977391194448,3435.4577813968363,-2.342912793892302,-4.659980198575674,4.887748301585807,-2.372656681632487,2.3991221332943606
30,res50,GBLBLBGGBLGLLGLLLB,"((4, 5), (2,), (0,), (4,), (0,), (6,), (0, 4), (2, 2), (3,), (2,), (2, 5), (0,), (3,), (2, 4), (4,), (2,), (2,), (0,))",17.3991,753.5211999999999,770.9202999999999,4374.515614385614,4331.349116191976,76.11263462625674,3263.763383651916,3339.876018278173,730.0211357092148,3115.77687488482,-5.305238983950099,-6.709804261203816,7.19240023891753,-1.483255527743149,5.602463037053244
31,res50,GBLBLBGGBLGLLGLLLB,"((4, 1), (3,), (0,), (0,), (4,), (1,), (2, 3), (4, 2), (7,), (3,), (3, 5), (4,), (1,), (0, 4), (5,), (0,), (5,), (7,))",25.4184,747.53598,772.95438,4151.799541659305,4473.517684458781,105.53210146971288,3344.115426299226,3449.6475277689387,730.6084754051755,3212.199788211,-5.478448106448994,-6.8832464084093905,7.392060121210052,-1.4862200988219778,5.795977739149644
32,res50,GBLBLBGGBLGLLGLLLB,"((4, 4), (0,), (4,), (7,), (2,), (3,), (1, 2), (3, 0), (3,), (0,), (2, 3), (4,), (0,), (4, 7), (0,), (4,), (0,), (5,))",16.354,769.4677099999999,785.8217099999999,4379.738171550671,4370.130349304004,71.62623805753967,3362.674192280452,3434.300430337991,747.0793906196265,3211.664726900892,-4.930166587071448,-6.482709010265244,6.932096665392982,-1.6330547424549033,5.18583698959232
33,res50,GBLBLBGGBLGLLGLLLB,"((3, 5), (5,), (5,), (1,), (2,), (5,), (2, 6), (0, 5), (5,), (3,), (3, 1), (5,), (5,), (1, 2), (5,), (5,), (0,), (1,))",17.0174,661.5704000000001,678.5878,4273.292773337774,4641.027681064508,72.72033244099823,3070.36653937292,3143.086871813918,645.6334445097331,2931.4653500121185,-4.8563141704385115,-6.732919910663175,7.2189671899388115,-1.9723912563008958,5.104189655988328
34,res50,GBLBLBGGBLGLLGLLLB,"((1, 6), (1,), (4,), (7,), (2,), (7,), (4, 1), (1, 4), (4,), (5,), (1, 7), (1,), (5,), (0, 6), (2,), (3,), (1,), (5,))",12.2206,722.4241999999999,734.6447999999999,4674.194087301587,4545.890675112075,57.12145626327777,3284.0614342553,3341.1828905185776,695.9716990327764,3094.392461443926,-5.264190390679073,-7.386319072056175,7.975408166535298,-2.2400491325598066,5.556705972522911
35,res50,GBLBLBGGBLGLLGLLLB,"((0, 5), (0,), (5,), (6,), (5,), (0,), (3, 2), (3, 1), (6,), (0,), (3, 0), (0,), (1,), (4, 1), (1,), (3,), (1,), (2,))",15.4953,792.1830199999999,807.67832,4260.462208624709,4370.017051769793,66.01714006130246,3461.853305522491,3527.8704455837938,755.0509198715049,3257.642281973213,-6.515886191979882,-7.65980972880832,8.295206785163005,-1.2236555391406991,6.970046488712481
36,res50,GBLBLBGGBLGLLGLLLB,"((4, 7), (5,), (1,), (7,), (0,), (7,), (3, 6), (1, 1), (6,), (3,), (0, 3), (0,), (2,), (0, 0), (4,), (0,), (4,), (0,))",14.7658,774.1217099999999,788.8875099999999,4871.184168609168,4468.362841427052,71.92693119684925,3459.056683705968,3530.9836149028174,749.9974399473869,3301.9350831065462,-4.929735806390579,-6.4868194468406,6.936796939713806,-1.6378240385227467,5.1853603734089
37,res50,GBLBLBGGBLGLLGLLLB,"((2, 2), (5,), (0,), (4,), (4,), (3,), (1, 4), (1, 0), (1,), (3,), (0, 0), (2,), (2,), (1, 4), (5,), (4,), (3,), (1,))",26.2947,760.65048,786.94518,3684.862056366407,4315.892794156222,96.89234231353775,3282.885925503472,3379.7782678170097,743.1101187134187,3137.085755717443,-5.570281437721153,-7.180722901574281,7.7362409254274125,-1.7054392286375248,5.89886480922571
38,res50,GBLBLBGGBLGLLGLLLB,"((0, 2), (0,), (0,), (0,), (3,), (5,), (3, 0), (0, 7), (4,), (5,), (1, 6), (1,), (3,), (3, 6), (4,), (0,), (5,), (4,))",23.8896,840.1630700000001,864.05267,3748.007888621096,4263.524851920939,89.53840925600254,3582.0561286111915,3671.594537867194,820.689245923049,3425.1131754076214,-5.018608886070683,-6.7131966756534105,7.1962983363386055,-1.7841261006064737,5.283781198836
39,res50,GBLBLBGGBLGLLGLLLB,"((1, 7), (0,), (3,), (4,), (5,), (4,), (2, 1), (3, 6), (6,), (0,), (2, 7), (0,), (1,), (1, 1), (2,), (5,), (3,), (7,))",10.6123,751.9417599999999,762.5540599999999,5293.524087301587,4416.643689531503,56.17646567167063,3321.058829199212,3377.235294870882,715.8687484072926,3124.48026738069,-6.122229759383527,-7.484081072884074,8.089506281378494,-1.4506643159610737,6.5214903844560315
40,res50,BLGGBBGLBGBGGLLLLB,"((1,), (3,), (4, 6), (0, 0), (1,), (0,), (4, 6), (1,), (3,), (3, 3), (0,), (4, 0), (2, 2), (0,), (2,), (0,), (2,), (2,))",38.9634,854.0557100000002,893.0191100000002,3500.8919568275305,4206.583611935991,136.4066536706538,3592.6567533663583,3729.063407037012,855.4019369925671,3518.095175234307,-4.212359241386564,-5.6574053260824835,5.996660729585137,-1.5085934607549776,4.397602037199957
41,res50,BLGGBBGLBGBGGLLLLB,"((0,), (0,), (0, 0), (2, 4), (3,), (1,), (0, 3), (3,), (0,), (0, 3), (5,), (3, 3), (3, 1), (0,), (5,), (4,), (3,), (4,))",54.3721,931.99518,986.36728,3450.075562343548,4119.534496559965,187.58785348329965,3839.386294637614,4026.9741481209135,940.6370833500091,3782.1658128562317,-4.636224008767904,-6.079212983746505,6.472702345109671,-1.5131416095680594,4.86161958309428
42,res50,BLGGBBGLBGBGGLLLLB,"((0,), (0,), (4, 7), (3, 6), (3,), (0,), (4, 5), (2,), (6,), (1, 2), (1,), (0, 6), (4, 3), (2,), (1,), (4,), (0,), (4,))",57.5747,826.8206499999999,884.3953499999999,3408.6565409906693,4325.882216807591,196.25237775057548,3576.728746324293,3772.981124074868,859.4316447990113,3596.855214889511,-2.822686166428686,-4.668083496668515,4.896663853920733,-1.8990001446225548,2.904676055630522
43,res50,BLGGBBGLBGBGGLLLLB,"((7,), (0,), (2, 0), (2, 0), (7,), (4,), (3, 6), (0,), (6,), (2, 6), (2,), (4, 6), (4, 0), (0,), (0,), (5,), (1,), (7,))",12.7353,739.8015499999999,752.53685,5229.570952380953,4579.385305032214,66.60015494985716,3387.8363467100544,3454.436501659912,710.663332645117,3240.654495573576,-5.564314538867167,-6.188621674869713,6.596877463436545,-0.6610923963267021,5.8921736118040755
44,res50,BLGGBBGLBGBGGLLLLB,"((4,), (1,), (0, 1), (1, 0), (5,), (3,), (2, 5), (4,), (5,), (0, 7), (3,), (2, 1), (1, 2), (5,), (5,), (1,), (2,), (3,))",20.1822,774.68534,794.86754,4044.99273892774,4391.511551085248,81.63685245558744,3402.039619066403,3483.67647152199,760.1893835506276,3275.066822769409,-4.362759164800265,-5.988203854689215,6.369630301960673,-1.6995938775459714,4.561778577780278
45,res50,BLGGBBGLBGBGGLLLLB,"((6,), (2,), (4, 2), (3, 5), (5,), (4,), (4, 6), (3,), (3,), (3, 3), (7,), (1, 7), (1, 4), (4,), (1,), (1,), (2,), (4,))",15.768,634.5638399999999,650.3318399999999,4623.786348373848,4744.894121110998,72.90786314115884,3010.9382338856194,3083.8460970267784,627.3953081028953,2910.652323437613,-3.5268966528079884,-5.616161382247515,5.950342203173739,-2.16564478279566,3.655834144896558
46,res50,BLGGBBGLBGBGGLLLLB,"((5,), (2,), (4, 2), (1, 1), (6,), (1,), (2, 6), (5,), (0,), (1, 0), (4,), (2, 1), (1, 0), (1,), (0,), (4,), (2,), (4,))",17.1695,806.0972300000001,823.26673,4380.5422094572095,4310.059622031944,75.21171946527555,3474.327122454797,3549.538841920073,787.0380814601933,3329.5631438812934,-4.400596698448719,-6.197303588873728,6.606743543609532,-1.8794122435656013,4.603163352984333
47,res50,BLGGBBGLBGBGGLLLLB,"((5,), (4,), (4, 2), (0, 6), (2,), (4,), (0, 7), (1,), (7,), (4, 1), (0,), (2, 7), (1, 1), (4,), (0,), (1,), (4,), (4,))",17.0259,808.91962,825.94552,4364.870990953492,4422.724805027956,74.31585700487506,3577.6288686477883,3651.9447256526632,787.2192776678132,3429.992588960436,-4.688716312933904,-6.077642280102164,6.470921756699684,-1.4572523980775283,4.919371696144893
48,res50,BLGGBBGLBGBGGLLLLB,"((3,), (1,), (4, 2), (0, 4), (6,), (2,), (4, 4), (2,), (0,), (3, 7), (4,), (3, 6), (1, 7), (2,), (2,), (5,), (1,), (0,))",25.9503,739.5090900000001,765.4593900000001,3772.00742002064,4481.188542948421,97.8847241517616,3313.879661514213,3411.7643856659747,742.103685123307,3222.7736547245995,-3.051201041075889,-5.539384013016606,5.864226011166314,-2.5664917963500784,3.1472293353202123
49,res50,BLGGBBGLBGBGGLLLLB,"((3,), (0,), (2, 0), (3, 7), (5,), (2,), (1, 7), (1,), (5,), (3, 3), (3,), (0, 1), (0, 6), (4,), (2,), (5,), (0,), (3,))",23.6362,801.6135899999999,825.24979,3822.723311484268,4347.394684679548,90.35465273490443,3484.93066033289,3575.2853130677945,786.1772856287294,3347.755176865541,-4.73462760545151,-6.36397143944352,6.796498673934895,-1.7103211723604728,4.969935545774922
50,res50,GGLGBLBBBGGLBGGGLB,"((0, 0), (1, 0), (5,), (0, 2), (6,), (5,), (7,), (1,), (4,), (0, 6), (4, 4), (5,), (4,), (1, 0), (0, 4), (2, 5), (0,), (6,))",48.8378,944.33049,993.16829,3465.300602061978,4364.640246492569,169.23765774338247,4121.662862644049,4290.900520387431,985.6006813075973,4161.217687244469,-0.7619664027334885,-3.0222754530616145,3.116463566433548,-2.277664085426202,0.7678169096192969
51,res50,GGLGBLBBBGGLBGGGLB,"((3, 6), (2, 5), (0,), (1, 0), (1,), (1,), (3,), (4,), (5,), (2, 5), (2, 6), (4,), (4,), (3, 2), (0, 7), (4, 0), (3,), (2,))",14.1462,837.1964399999999,851.34264,4534.493228715729,4477.383288153273,64.14584811205845,3748.4493493574137,3812.595197469472,833.8384425735017,3674.9489683136458,-2.0560696250922317,-3.6103027472516915,3.7455276343330963,-1.5868600700525108,2.0992312818385575
52,res50,GGLGBLBBBGGLBGGGLB,"((3, 0), (3, 0), (5,), (1, 3), (1,), (1,), (1,), (6,), (5,), (3, 6), (1, 7), (2,), (2,), (2, 5), (2, 0), (4, 6), (0,), (6,))",40.2765,791.9474500000001,832.2239500000001,3687.297523471908,4543.06134994094,148.5114387041163,3597.865851279286,3746.377289983402,819.6576481676174,3619.717589407628,-1.5099663777259344,-3.380858113634762,3.4991597396000764,-1.8995746748183764,1.5331159125368077
53,res50,GGLGBLBBBGGLBGGGLB,"((1, 4), (1, 5), (3,), (0, 6), (1,), (4,), (6,), (0,), (2,), (3, 7), (3, 6), (1,), (6,), (1, 1), (2, 5), (0, 1), (4,), (5,))",15.3454,897.2823400000001,912.62774,4199.0888122988135,4357.399045578517,64.43669746025022,3909.817211930459,3974.253909390709,905.3580396605502,3844.620036766623,-0.7965679784673053,-3.2618417338101118,3.37182533993945,-2.485069019394126,0.8029641336344299
54,res50,GGLGBLBBBGGLBGGGLB,"((2, 1), (0, 4), (0,), (2, 6), (0,), (1,), (2,), (3,), (4,), (3, 5), (3, 6), (3,), (2,), (2, 2), (1, 7), (4, 4), (5,), (3,))",33.4996,860.4238400000002,893.9234400000001,3601.798719586904,4412.137170643069,120.65881638667344,3796.3080069714456,3916.966823358119,888.9275280070876,3813.445969375765,-0.5588747055242795,-2.6428830942612667,2.714627526223987,-2.0957208424236895,0.5620156689390602
55,res50,GGLGBLBBBGGLBGGGLB,"((2, 4), (4, 3), (0,), (2, 2), (7,), (1,), (3,), (5,), (4,), (3, 7), (2, 4), (5,), (0,), (4, 6), (2, 6), (0, 7), (1,), (1,))",18.943,795.62038,814.5633799999999,4034.556403596403,4615.951386802716,76.42660195332667,3672.544996429504,3748.971598382832,798.7340684605915,3599.0021867605788,-1.9432878923931522,-4.000281348808948,4.16697195055719,-2.0977589521444124,1.9817999712866017
56,res50,GGLGBLBBBGGLBGGGLB,"((3, 6), (1, 7), (0,), (1, 5), (3,), (0,), (4,), (3,), (3,), (2, 2), (3, 7), (1,), (1,), (4, 5), (3, 2), (0, 6), (4,), (7,))",11.1935,831.6334500000002,842.8269500000001,5148.6722222222215,4468.307050207048,57.63166251944443,3715.993607823011,3773.625270342456,825.4175354204696,3619.17121714918,-2.06559775758601,-4.092988628392864,4.267663614846596,-2.0701518816528957,2.1091646145683476
57,res50,GGLGBLBBBGGLBGGGLB,"((0, 6), (0, 0), (3,), (3, 5), (6,), (3,), (7,), (0,), (3,), (3, 0), (1, 7), (0,), (4,), (4, 1), (3, 5), (3, 0), (5,), (3,))",13.2291,794.0945499999999,807.3236499999999,4532.640144300144,4633.084848044501,59.96274973296104,3679.107427519716,3739.070177252677,805.0364165565683,3634.8123845567707,-0.2833105958721338,-2.788334739748337,2.8683129049209373,-2.512141306380467,0.28411552525970424
58,res50,GGLGBLBBBGGLBGGGLB,"((0, 0), (4, 5), (3,), (3, 5), (2,), (3,), (7,), (5,), (4,), (1, 1), (2, 4), (0,), (7,), (3, 5), (3, 2), (3, 7), (4,), (6,))",45.682,708.38715,754.06915,3536.255552638629,4820.276154920947,161.54322615563785,3414.6216875974083,3576.164913753046,764.5475205295219,3504.1183395215958,1.3895768749486488,-2.014632321747164,2.0560542553276675,-3.3575534109334346,-1.370532275386185
59,res50,GGLGBLBBBGGLBGGGLB,"((3, 4), (4, 0), (0,), (4, 2), (4,), (2,), (7,), (4,), (0,), (0, 2), (4, 6), (0,), (7,), (4, 6), (0, 6), (1, 5), (2,), (6,))",14.8195,871.4367000000001,886.2562,4450.504195526695,4537.693016300634,65.95424692560786,3954.312227738071,4020.266474663679,879.2054782274264,3873.9490768970595,-0.795562476468276,-3.639495010809205,3.776957178895491,-2.8667392360007335,0.8019424295204006
60,res50,BLGBLGBLBLLGGLLGGG,"((7,), (0,), (2, 7), (1,), (5,), (4, 3), (3,), (2,), (3,), (1,), (4,), (2, 4), (0, 1), (3,), (4,), (4, 1), (3, 4), (3, 0))",16.0394,708.3366,724.376,4786.981169386168,4628.7174423093165,76.7803057682525,3278.6899754460774,3355.47028121433,708.8921078697747,3207.3341498167038,-2.1375490256752414,-4.414765114355788,4.618668479119712,-2.3269559121076835,2.1842381877764914
61,res50,BLGBLGBLBLLGGLLGGG,"((4,), (4,), (0, 2), (7,), (4,), (2, 1), (0,), (2,), (7,), (4,), (4,), (0, 2), (0, 4), (2,), (0,), (2, 7), (3, 6), (2, 5))",19.3948,832.5455,851.9403,4149.394561827061,4429.874220316181,80.47667764772348,3688.071847690245,3768.548525337968,829.4323121497191,3588.5018749861442,-2.6419677353308524,-4.777612630997684,5.017320782437059,-2.1935990754836205,2.7136618046558536
62,res50,BLGBLGBLBLLGGLLGGG,"((0,), (1,), (4, 2), (0,), (1,), (1, 2), (6,), (5,), (3,), (4,), (2,), (3, 6), (0, 7), (0,), (4,), (0, 2), (2, 6), (4, 6))",50.3233,861.0953,911.4186,3543.64710528696,4306.645742040399,178.32801637348732,3708.432407236,3886.760423609487,896.0806607001683,3705.8495256531232,-1.6828644159589947,-4.654542041167509,4.8817658867160985,-3.022542924542722,1.7116694927716725
63,res50,BLGBLGBLBLLGGLLGGG,"((7,), (0,), (2, 0), (6,), (5,), (2, 1), (5,), (0,), (0,), (2,), (5,), (1, 3), (3, 4), (0,), (5,), (3, 6), (3, 4), (3, 2))",14.8313,760.9138,775.7451000000001,4823.413053890555,4540.248536065778,71.53748602616699,3454.737766522249,3526.275252548416,741.9410752179649,3313.9852219850923,-4.357620148942633,-6.020234251705202,6.405883440728248,-1.7383654665972843,4.55616030856686
64,res50,BLGBLGBLBLLGGLLGGG,"((5,), (1,), (2, 3), (6,), (3,), (2, 2), (4,), (1,), (4,), (3,), (1,), (4, 4), (0, 1), (0,), (1,), (0, 0), (0, 1), (1, 5))",17.0859,851.5185,868.6044,4372.564316239317,4269.677724064063,74.70919665083335,3635.7095710784447,3710.418767729278,834.2780618915517,3501.399741121967,-3.9518954898741403,-5.633300166148834,5.9695847964030015,-1.750586005679521,4.114496074680498
65,res50,BLGBLGBLBLLGGLLGGG,"((3,), (5,), (1, 7), (7,), (1,), (3, 7), (0,), (3,), (1,), (5,), (2,), (2, 1), (3, 1), (4,), (4,), (2, 3), (4, 0), (4, 1))",25.4962,689.4558,714.952,3835.0300551387895,4673.269709892024,97.7786932918296,3222.012906449373,3319.791599741204,702.7584825837679,3166.944540115095,-1.7055015464299859,-4.604116102891046,4.826325743631574,-2.948908231959956,1.7350935945164714
66,res50,BLGBLGBLBLLGGLLGGG,"((2,), (1,), (0, 4), (6,), (1,), (3, 3), (0,), (4,), (2,), (3,), (4,), (2, 7), (2, 4), (1,), (0,), (2, 1), (4, 0), (1, 5))",27.6815,810.0645999999999,837.7461,3729.037186778221,4346.036892871822,103.22534288580133,3520.5706372094546,3623.795980095256,814.5049847783146,3449.534665785508,-2.7742433204625354,-4.808805883855723,5.051733963950927,-2.092616846479529,2.85340368150245
67,res50,BLGBLGBLBLLGGLLGGG,"((7,), (3,), (1, 0), (3,), (3,), (2, 6), (6,), (1,), (0,), (5,), (0,), (2, 5), (1, 6), (4,), (3,), (1, 2), (2, 6), (2, 3))",13.5263,780.247,793.7733,4939.601562049063,4431.625997063179,66.81453260874426,3457.762889330554,3524.5774219392983,766.0426557257667,3321.16960236793,-3.4935219254960095,-5.771126442143776,6.124583924480755,-2.3600535032367906,3.6199869637756086
68,res50,BLGBLGBLBLLGGLLGGG,"((0,), (0,), (3, 7), (1,), (1,), (2, 7), (7,), (1,), (3,), (4,), (1,), (0, 5), (0, 4), (5,), (2,), (2, 5), (1, 6), (3, 2))",56.7227,859.4873,916.21,3439.374298062188,4299.665875741123,195.0905964966921,3695.5082144428734,3890.598810939565,902.2899246400607,3717.910194034835,-1.5193105685311605,-4.43861280220322,4.6447764440840364,-2.9643397609473126,1.5427497281976397
69,res50,BLGBLGBLBLLGGLLGGG,"((0,), (5,), (4, 6), (0,), (0,), (4, 1), (3,), (2,), (4,), (5,), (5,), (0, 6), (2, 0), (1,), (3,), (1, 0), (4, 7), (0, 5))",54.2778,793.3893,847.6671,3446.6720276705832,4469.161396662013,187.0777749834984,3545.784832084697,3732.862607068196,839.7080263030847,3599.04493801855,-0.9389386112679508,-3.584853854418902,3.718143878562393,-2.6709942393691404,0.9478382303854115
70,res50,LGGLBLGBBGLBGBBBGB,"((2,), (0, 2), (1, 1), (5,), (0,), (2,), (4, 3), (7,), (4,), (1, 0), (4,), (2,), (2, 3), (6,), (2,), (3,), (3, 4), (4,))",62.3327,816.53051,878.8632100000001,3364.813276575003,4401.914660021669,209.73789652476668,3594.2976223239702,3804.035518848737,848.8283167853758,3601.823627809168,-3.4174707591439937,-5.315720372158007,5.614153049536351,-1.9654171700972833,3.5383943514479306
71,res50,LGGLBLGBBGLBGBBBGB,"((4,), (4, 7), (1, 7), (3,), (0,), (1,), (1, 1), (0,), (6,), (0, 5), (4,), (5,), (4, 5), (4,), (0,), (3,), (2, 2), (1,))",42.5713,901.95537,944.52667,3474.7692619959853,4321.454866484559,147.9254446832097,3897.7594230383806,4045.6848677215903,910.7621873766826,3821.4535422214867,-3.5747516397093744,-5.542481256736737,5.867697278605487,-2.04067881648069,3.707277606745069
72,res50,LGGLBLGBBGLBGBBBGB,"((2,), (2, 5), (3, 1), (1,), (5,), (1,), (0, 7), (0,), (2,), (2, 6), (3,), (7,), (0, 4), (7,), (4,), (0,), (1, 4), (4,))",62.4302,889.6023699999998,952.03257,3355.9058413740727,4329.682017288634,209.5098728581516,3851.6953839263488,4061.2052567845,915.2804458744702,3829.053902995038,-3.8603851678656125,-5.716316687063245,6.0628907210701755,-1.9304544983233056,4.015394876093576
73,res50,LGGLBLGBBGLBGBBBGB,"((0,), (0, 4), (2, 3), (1,), (5,), (4,), (0, 1), (1,), (3,), (1, 2), (2,), (0,), (3, 5), (4,), (1,), (3,), (2, 4), (4,))",122.179,937.68689,1059.86589,3240.034908802716,4151.818088421739,395.864225122607,3893.105391177925,4288.969616300533,1016.6985886921689,4043.7007288492714,-4.072902214810514,-5.7185969916667085,6.065455974558686,-1.7155681917339107,4.245830749441629
74,res50,LGGLBLGBBGLBGBBBGB,"((3,), (1, 5), (0, 5), (1,), (1,), (0,), (2, 1), (4,), (4,), (0, 3), (1,), (2,), (1, 3), (4,), (5,), (6,), (4, 5), (5,))",51.1588,868.6471499999998,919.8059499999998,3456.4233446333087,4313.465013151496,176.82647060342651,3746.879090298759,3923.7055609021854,876.0983909311234,3698.419232574133,-4.7518239112147995,-5.741672631425791,6.091422149869451,-1.0392311547134607,4.988887038409424
75,res50,LGGLBLGBBGLBGBBBGB,"((1,), (0, 4), (2, 6), (5,), (2,), (3,), (3, 1), (5,), (3,), (0, 6), (0,), (2,), (0, 7), (7,), (2,), (0,), (1, 7), (1,))",82.9669,945.50023,1028.46713,3259.8268966393503,4244.89271659857,270.4577321507873,4013.547039869273,4284.00477202006,1002.922352773548,4093.6331570033726,-2.483771866044175,-4.443776913136361,4.650431724469513,-2.0099270496801553,2.5470343896323384
76,res50,LGGLBLGBBGLBGBBBGB,"((3,), (4, 0), (4, 0), (2,), (1,), (2,), (4, 3), (2,), (6,), (3, 5), (3,), (4,), (4, 3), (0,), (3,), (5,), (1, 2), (1,))",50.4297,714.07487,764.5045700000001,3395.8868649732613,4632.254140007599,171.25355583454206,3307.776272832888,3479.02982866743,733.7266671642873,3265.8946003112446,-4.025862505401737,-6.12628344258326,6.526090227647667,-2.1885280680951604,4.194736843171242
77,res50,LGGLBLGBBGLBGBBBGB,"((0,), (0, 5), (2, 1), (4,), (0,), (5,), (3, 6), (7,), (5,), (1, 2), (3,), (2,), (2, 3), (6,), (7,), (2,), (3, 6), (0,))",122.013,795.46751,917.48051,3264.530924558525,4547.439768255298,398.3152116981593,3617.340589329018,4015.655801027178,900.1702702426035,3843.8379998168157,-1.8867147115088598,-4.278698417489176,4.469954280553731,-2.4379814608663355,1.9229961630182755
78,res50,LGGLBLGBBGLBGBBBGB,"((3,), (2, 0), (2, 4), (4,), (3,), (4,), (3, 7), (7,), (0,), (3, 7), (2,), (2,), (0, 5), (6,), (0,), (5,), (3, 6), (4,))",51.4497,827.37461,878.82431,3477.6503840399814,4409.979054001527,178.92406896374183,3648.704699912683,3827.6287688764246,865.4743081724081,3668.25007875887,-1.5190751639075486,-4.163901458090959,4.344815285098532,-2.685622925033819,1.5425070047177571
79,res50,LGGLBLGBBGLBGBBBGB,"((3,), (0, 2), (2, 4), (0,), (1,), (4,), (0, 7), (6,), (5,), (2, 6), (2,), (1,), (1, 4), (4,), (6,), (2,), (3, 3), (4,))",51.2032,850.1231899999998,901.3263899999998,3426.348823149495,4373.5408796229485,175.44002406148823,3718.0485241804654,3893.4885482419545,858.4216329348902,3644.9044873297453,-4.760179835088332,-6.384610043978519,6.8200432076156225,-1.7056208275881053,4.998098302627909
80,res50,LBBGGBBLBLLBLLLGGB,"((3,), (2,), (1,), (1, 7), (0, 7), (7,), (5,), (0,), (5,), (0,), (4,), (7,), (4,), (2,), (5,), (1, 2), (2, 6), (6,))",51.3167,768.66151,819.97821,3451.1304763854773,4508.06422956628,177.10062731753064,3465.1754578754035,3642.2760851929343,775.509993247279,3395.582897450026,-5.423097371419296,-6.77305020192726,7.26512045776196,-1.4273599504621588,5.734061087532878
81,res50,LBBGGBBLBLLBLLLGGB,"((4,), (0,), (7,), (1, 4), (2, 3), (3,), (2,), (5,), (5,), (0,), (0,), (2,), (4,), (1,), (1,), (4, 4), (4, 2), (0,))",42.7877,736.25249,779.0401899999999,3476.214253785806,4517.563024119707,148.73921262671092,3326.067025240064,3474.806237866775,760.5464401675231,3340.760655876065,-2.3739147312126287,-3.857641917697326,4.01242698290694,-1.5198060870715595,2.4316397863098755
82,res50,LBBGGBBLBLLBLLLGGB,"((4,), (0,), (4,), (4, 2), (2, 6), (5,), (0,), (4,), (4,), (4,), (2,), (5,), (3,), (2,), (4,), (2, 4), (2, 0), (2,))",43.2767,682.03723,725.31393,3483.5190293742,4558.761555997407,150.75520797851843,3109.2451038829618,3260.00031186148,695.9186202508089,3054.2153914120313,-4.052770605024936,-6.312420268817221,6.737734379444318,-2.355096314965217,4.223957930396668
83,res50,LBBGGBBLBLLBLLLGGB,"((1,), (0,), (3,), (0, 1), (0, 5), (5,), (1,), (4,), (7,), (4,), (5,), (6,), (3,), (3,), (5,), (1, 1), (4, 7), (0,))",83.2119,772.1158399999998,855.3277399999998,3312.425978926734,4535.820440762025,275.6332593158535,3502.1788097081403,3777.812069023994,827.6985953299703,3586.337280134985,-3.2302406876257193,-5.068404287735698,5.339006733962343,-1.899522757079886,3.3380683289688355
84,res50,LBBGGBBLBLLBLLLGGB,"((0,), (4,), (3,), (2, 7), (1, 2), (6,), (6,), (2,), (4,), (5,), (2,), (2,), (2,), (0,), (5,), (0, 1), (0, 7), (0,))",121.839,790.23746,912.07646,3216.3082657446475,4397.73247706466,391.8717827900621,3475.252942435085,3867.124725225148,890.3269841002832,3686.1733467516415,-2.384611033565848,-4.679222712760349,4.908922111136353,-2.3506659180383056,2.4428638340885165
85,res50,LBBGGBBLBLLBLLLGGB,"((0,), (4,), (4,), (3, 2), (2, 1), (0,), (6,), (5,), (0,), (0,), (0,), (7,), (5,), (2,), (4,), (1, 0), (4, 6), (0,))",121.874,784.2465000000001,906.1205,3254.116076340053,4424.952749311094,396.5921426878677,3470.253706312603,3866.845849000472,881.741790801972,3708.567350207695,-2.6904489191038046,-4.093219770674064,4.267914907461836,-1.4415551567020368,2.7648354033276283
86,res50,LBBGGBBLBLLBLLLGGB,"((0,), (6,), (6,), (3, 2), (0, 1), (1,), (5,), (0,), (3,), (2,), (5,), (5,), (2,), (2,), (5,), (2, 0), (1, 2), (3,))",121.891,743.3257000000001,865.2167000000001,3235.904205930615,4455.107918628237,394.4275995650886,3311.5962121898774,3706.023811754966,840.6865026516771,3520.810057507428,-2.8351507025145244,-4.997640696750706,5.260543773232142,-2.225588790464111,2.917876910233515
87,res50,LBBGGBBLBLLBLLLGGB,"((1,), (6,), (3,), (3, 4), (1, 0), (2,), (6,), (3,), (3,), (4,), (5,), (3,), (0,), (0,), (2,), (3, 1), (1, 1), (2,))",83.3296,710.5013399999999,793.8309399999999,3272.0503354978346,4463.189263883665,272.6586456369003,3171.101952662957,3443.760598299858,770.6771103669523,3265.837631959424,-2.9167204837150367,-5.166531216724889,5.44800404647442,-2.3174028980268027,3.0043489447900056
88,res50,LBBGGBBLBLLBLLLGGB,"((0,), (0,), (3,), (3, 7), (1, 1), (3,), (2,), (1,), (1,), (0,), (0,), (5,), (2,), (4,), (3,), (2, 0), (4, 6), (7,))",122.003,811.91601,933.91901,3261.692733434911,4275.611876753558,397.9362985572595,3471.437735282361,3869.37403383962,898.580725508353,3680.9242632013593,-3.783870347777476,-4.870290878839132,5.119631841443076,-1.1291459498407952,3.9326777760178393
89,res50,LBBGGBBLBLLBLLLGGB,"((3,), (7,), (0,), (4, 6), (1, 7), (2,), (2,), (1,), (7,), (3,), (3,), (0,), (2,), (2,), (5,), (3, 3), (3, 7), (5,))",51.3432,703.3953999999999,754.7385999999999,3495.629618824802,4656.544594850339,179.4768106452456,3275.392047912592,3454.868858557837,721.3484095420554,3241.8150486973695,-4.424073508092011,-6.166769813352694,6.572053206615763,-1.823363235101077,4.628857569553959
90,res50,BBLGLGGGBGLBLGBBBL,"((3,), (6,), (5,), (3, 4), (2,), (3, 1), (0, 2), (3, 1), (5,), (3, 6), (2,), (6,), (0,), (1, 2), (7,), (2,), (3,), (0,))",26.3693,701.3899400000001,727.7592400000001,3757.817668558651,4642.521079881178,99.09102144752364,3256.217581666595,3355.3086031141183,701.6370404166755,3163.4943886094316,-3.5894012947639893,-5.716738374725376,6.063365093844896,-2.206538605226868,3.7230359970464977
91,res50,BBLGLGGGBGLBLGBBBL,"((6,), (6,), (4,), (2, 4), (2,), (1, 0), (1, 1), (0, 0), (3,), (2, 1), (4,), (1,), (2,), (1, 0), (6,), (1,), (0,), (3,))",17.2971,834.5548,851.8519,4530.033633866135,4287.18961930452,78.35644476834591,3577.8946753007604,3656.251120069106,821.4680171796001,3453.5875634765325,-3.5668034338363146,-5.542933183121815,5.868203798735131,-2.049221450343254,3.698729857398313
92,res50,BBLGLGGGBGLBLGBBBL,"((6,), (0,), (5,), (0, 7), (4,), (1, 5), (1, 4), (2, 1), (3,), (2, 1), (0,), (5,), (3,), (4, 7), (0,), (4,), (3,), (3,))",17.1052,867.1237100000001,884.22891,4529.659986679988,4305.128010922208,77.48074000415853,3733.0785728557858,3810.559312859944,849.8490006669758,3581.1154832165616,-3.8881231934640335,-6.0212638304579365,6.407049164393198,-2.219435004154271,4.045413868351003
93,res50,BBLGLGGGBGLBLGBBBL,"((4,), (0,), (4,), (0, 3), (1,), (3, 4), (2, 4), (3, 3), (6,), (4, 7), (4,), (6,), (5,), (2, 0), (6,), (1,), (1,), (2,))",22.1275,758.0558599999999,780.18336,4027.761328646842,4526.174008713675,89.12428879963299,3431.092730685092,3520.2170194847254,754.4891931069443,3323.2408282132455,-3.2933497701175907,-5.595569539639133,5.927231923705769,-2.380621977960062,3.4055049598853193
94,res50,BBLGLGGGBGLBLGBBBL,"((7,), (2,), (3,), (4, 7), (1,), (2, 4), (1, 4), (3, 1), (1,), (2, 0), (0,), (0,), (1,), (3, 1), (7,), (5,), (3,), (5,))",15.6423,770.06672,785.70902,4967.088906093905,4473.9171520280825,77.69669479579271,3445.214706814007,3522.9114016098,745.7965762799096,3282.0388037185635,-5.079799608268521,-6.837316367966833,7.3391148702546305,-1.8515729554353186,5.351652848713358
95,res50,BBLGLGGGBGLBLGBBBL,"((2,), (7,), (4,), (2, 0), (1,), (4, 2), (3, 7), (4, 3), (7,), (1, 3), (2,), (7,), (3,), (2, 6), (5,), (6,), (2,), (5,))",31.8291,643.47645,675.30555,3715.765273113614,4898.7261511911465,118.26946445446056,3152.214913290642,3270.4843777451024,648.7615735000956,3069.2968187235374,-3.9306616834267816,-6.151613516046745,6.554842066569347,-2.3118217232863247,4.091484080460968
96,res50,BBLGLGGGBGLBLGBBBL,"((6,), (2,), (5,), (1, 1), (2,), (1, 7), (1, 4), (1, 6), (5,), (4, 6), (1,), (5,), (2,), (4, 4), (2,), (4,), (6,), (1,))",16.545,705.18998,721.73498,4559.4946969696975,4655.815611328024,75.43683976136364,3283.2345178360965,3358.67135759746,694.4424559800156,3145.5885714384367,-3.781516037920789,-6.344258293596389,6.774019593464602,-2.663461478654769,3.9301347123813763
97,res50,BBLGLGGGBGLBLGBBBL,"((0,), (6,), (1,), (2, 7), (0,), (2, 4), (1, 0), (4, 3), (5,), (4, 5), (5,), (0,), (1,), (1, 6), (0,), (5,), (3,), (4,))",61.1591,891.21281,952.37191,3403.7122114267854,4277.896335383491,208.16797550987192,3812.516013945823,4020.683989455695,907.5938166729765,3750.7135795572394,-4.701744440050054,-6.714539382017021,7.197841268655994,-2.1121005102771933,4.93371511621458
98,res50,BBLGLGGGBGLBLGBBBL,"((1,), (0,), (0,), (4, 4), (3,), (4, 6), (4, 3), (0, 2), (1,), (1, 4), (2,), (4,), (0,), (3, 3), (3,), (6,), (3,), (0,))",41.7452,828.35399,870.0991899999999,3509.083364560088,4324.1368933013855,146.4873868702338,3581.9160488724065,3728.40343574264,827.4106225542398,3474.953169367972,-4.906172530256017,-6.797823002332489,7.2936311375029375,-1.9892463290304905,5.159296518816644
99,res50,BBLGLGGGBGLBLGBBBL,"((4,), (4,), (0,), (3, 5), (1,), (4, 3), (3, 0), (0, 4), (1,), (0, 7), (3,), (6,), (4,), (2, 0), (5,), (1,), (5,), (5,))",22.1836,794.38984,816.57344,4065.006426147381,4422.127370109002,90.17647655508304,3512.893054000512,3603.069530555594,784.2193018474004,3373.6046091928233,-3.9621835058215464,-6.368595427226943,6.8017728200126175,-2.505692038043435,4.1256493019723335
100,res50,BBGLBLLBGBBBLGBBGB,"((6,), (6,), (4, 1), (1,), (4,), (3,), (3,), (7,), (3, 3), (4,), (4,), (2,), (0,), (2, 5), (7,), (1,), (1, 2), (4,))",15.8937,696.0606200000001,711.95432,4460.28321123321,4619.007102911472,70.89040327437726,3215.108947836964,3285.999351111341,676.865138640237,3169.086715397296,-4.928572012845301,-3.557901972028841,3.6891586192960486,1.4417265732052056,5.184072772643331
101,res50,BBGLBLLBGBBBLGBBGB,"((5,), (1,), (4, 2), (0,), (1,), (1,), (0,), (6,), (2, 0), (6,), (4,), (2,), (1,), (2, 7), (1,), (5,), (4, 6), (2,))",18.3878,814.2328,832.6206,4347.280347152849,4334.331980693111,79.93692156737714,3529.155264769298,3609.0921863366752,783.0897771553869,3454.6910150182644,-5.948786619573562,-4.278116582971858,4.469319271888484,1.776340757927334,6.325050369644235
102,res50,BBGLBLLBGBBBLGBBGB,"((4,), (3,), (4, 4), (5,), (5,), (5,), (3,), (5,), (0, 2), (1,), (7,), (6,), (1,), (4, 6), (0,), (5,), (4, 5), (6,))",19.8236,762.83485,782.65845,4163.61881007881,4558.834637190664,82.5379138434783,3477.6379366361443,3560.1758504796226,747.697530845654,3422.3019775037983,-4.466944572609676,-3.872670305239278,4.028688113501553,0.6220614055645758,4.6758104329707875
103,res50,BBGLBLLBGBBBLGBBGB,"((7,), (7,), (3, 1), (4,), (5,), (0,), (2,), (0,), (1, 1), (2,), (2,), (4,), (2,), (1, 5), (1,), (2,), (3, 7), (4,))",14.7086,813.2610099999999,827.96961,5140.69131313131,4307.201229582503,75.6123722483232,3502.878822243508,3578.491194491832,783.423005715037,3441.0271518843797,-5.380222141844433,-3.841396698671302,3.994854923832083,1.6263253603067835,5.686149622872641
104,res50,BBGLBLLBGBBBLGBBGB,"((5,), (0,), (2, 3), (5,), (4,), (1,), (4,), (6,), (3, 5), (2,), (7,), (4,), (0,), (0, 3), (3,), (1,), (3, 6), (1,))",18.9904,800.11685,819.10725,4292.861275946275,4366.944608534941,81.52315277473015,3494.06596430546,3575.58911708019,780.7496354345535,3442.921794563896,-4.682856190742606,-3.7103626331827955,3.8533353480687547,1.0202713999759532,4.91292122654622
105,res50,BBGLBLLBGBBBLGBBGB,"((6,), (7,), (4, 5), (1,), (2,), (4,), (5,), (5,), (3, 1), (0,), (2,), (1,), (4,), (2, 1), (2,), (7,), (0, 4), (2,))",16.5745,770.1155400000002,786.6900400000002,4407.363057220557,4454.09060636016,73.04983899190212,3430.164392525983,3503.2142315178853,749.5266790069337,3359.559228184959,-4.724015699126745,-4.1006628153221145,4.276007463352183,0.654260240268021,4.958243920323835
106,res50,BBGLBLLBGBBBLGBBGB,"((4,), (1,), (3, 0), (0,), (1,), (0,), (4,), (3,), (3, 6), (4,), (5,), (0,), (5,), (0, 7), (5,), (7,), (4, 7), (1,))",21.434,803.8203200000002,825.2543200000001,4230.848991841492,4446.368413857264,90.68401729113054,3574.0812812646395,3664.76529855577,784.3465429240209,3511.105833775697,-4.9569903585574915,-4.192886918041598,4.376383739331327,0.8039554338594118,5.215523348069622
107,res50,BBGLBLLBGBBBLGBBGB,"((3,), (4,), (0, 6), (5,), (7,), (1,), (0,), (4,), (4, 1), (3,), (4,), (2,), (4,), (4, 1), (2,), (4,), (3, 5), (2,))",24.805,710.7485800000001,735.55358,3839.0389729225,4615.205933354912,95.2273617233426,3280.25106353958,3375.478425262922,706.6725302476185,3248.503230935754,-3.9264372491235107,-3.761694738643686,3.9087291992808777,0.17147538382332358,4.086907091501288
108,res50,BBGLBLLBGBBBLGBBGB,"((0,), (1,), (0, 2), (3,), (1,), (3,), (3,), (3,), (0, 7), (6,), (1,), (5,), (4,), (3, 5), (4,), (1,), (4, 1), (2,))",58.5739,880.45855,939.03245,3296.407058771516,4230.206227188039,193.0834174197769,3724.521240990951,3917.604658410728,897.8318237530945,3767.6609331334325,-4.387561499808189,-3.8274338109992905,3.9797563511797347,0.5858314018502739,4.588902415452343
109,res50,BBGLBLLBGBBBLGBBGB,"((5,), (0,), (0, 5), (0,), (5,), (2,), (5,), (5,), (0, 4), (1,), (1,), (2,), (1,), (4, 3), (6,), (6,), (3, 2), (3,))",18.3929,850.9269800000002,869.3198800000002,4174.424199966702,4302.541452308763,76.77976686756755,3661.148604337912,3737.928371205478,832.1577013876184,3600.0977002945842,-4.274856639926583,-3.687354524304155,3.8285258452740307,0.613738559170933,4.465761543805232
110,res50,GGBGGBLGGLGGGLBGGL,"((1, 4), (3, 6), (2,), (3, 4), (4, 4), (7,), (2,), (0, 1), (0, 0), (4,), (1, 2), (3, 0), (4, 3), (1,), (7,), (1, 1), (4, 6), (4,))",20.3411,816.00423,836.34533,3852.2630693910505,4526.0394481768135,78.3592683207903,3693.2673348591456,3771.626603179936,796.093943467467,3637.503428774522,-4.812771123207316,-3.55610956536185,3.687231559547958,1.3201997501913485,5.056110131577439
111,res50,GGBGGBLGGLGGGLBGGL,"((1, 5), (2, 3), (7,), (0, 4), (1, 2), (1,), (3,), (2, 0), (0, 7), (4,), (4, 6), (1, 7), (2, 3), (3,), (4,), (1, 6), (1, 1), (1,))",17.2952,936.77114,954.06634,4061.714290709289,4225.705173135733,70.24816100067531,3958.518652342258,4028.766813342933,904.675814822318,3876.5135219224417,-5.176843905601153,-3.7791537330043843,3.9275831377723494,1.4739966798883386,5.459472262711309
112,res50,GGBGGBLGGLGGGLBGGL,"((4, 4), (4, 2), (4,), (3, 4), (4, 1), (7,), (3,), (1, 1), (1, 1), (3,), (4, 4), (0, 4), (3, 0), (5,), (0,), (4, 6), (4, 0), (0,))",21.2478,789.7138600000002,810.9616600000002,4006.5799766573286,4625.292325816126,85.13101002801959,3652.657456248632,3737.788466276651,772.2081796283335,3594.354775686164,-4.7787068468399205,-3.837394541841652,3.9905267994338716,0.9885523225190878,5.018527567309497
113,res50,GGBGGBLGGLGGGLBGGL,"((1, 6), (3, 2), (7,), (2, 3), (3, 3), (1,), (5,), (3, 3), (0, 7), (3,), (4, 6), (1, 2), (3, 1), (0,), (6,), (2, 7), (4, 0), (5,))",15.6628,803.29386,818.9566599999999,4382.535643800643,4572.260929542617,68.6427792817207,3672.869131019477,3741.511910301198,773.4249861185488,3567.63908580802,-5.559717150532873,-4.64712738223466,4.873610259088158,0.9663140989876349,5.887018741139079
114,res50,GGBGGBLGGLGGGLBGGL,"((3, 3), (2, 7), (2,), (0, 3), (3, 4), (4,), (0,), (3, 1), (0, 3), (0,), (1, 3), (3, 7), (1, 6), (4,), (3,), (3, 2), (4, 6), (3,))",24.237,901.50154,925.73854,3731.7992339304137,4285.264204580205,90.44761803277144,3863.17227973593,3953.619897768701,872.4720535252698,3788.4217355762953,-5.753945004248196,-4.178402741387412,4.360606440435693,1.6717328517695595,6.1052369826063915
115,res50,GGBGGBLGGLGGGLBGGL,"((2, 3), (1, 4), (2,), (4, 2), (4, 3), (7,), (1,), (0, 1), (2, 4), (1,), (3, 2), (4, 6), (3, 7), (1,), (2,), (4, 6), (3, 5), (5,))",24.4543,776.7962800000001,801.2505800000001,3673.7089286942846,4581.24635821924,89.83798025496864,3558.695128828254,3648.5331090832224,752.8367787488378,3467.5586554242846,-6.042279713689859,-4.96019765336354,5.219074041497184,1.1516691305716904,6.430849636706462
116,res50,GGBGGBLGGLGGGLBGGL,"((1, 6), (4, 1), (6,), (2, 3), (2, 4), (5,), (2,), (1, 1), (4, 3), (5,), (3, 6), (3, 5), (3, 6), (4,), (1,), (2, 2), (3, 7), (4,))",16.1404,729.71388,745.85428,4320.30516927517,4661.482684356509,69.73145355416894,3401.548616154603,3471.2800697087723,712.4304460221531,3327.256767516495,-4.481282051213398,-4.148996891638314,4.3285899542937205,0.34787439227696276,4.691522402568352
117,res50,GGBGGBLGGLGGGLBGGL,"((4, 2), (3, 1), (3,), (1, 1), (1, 0), (5,), (0,), (2, 1), (0, 3), (1,), (2, 2), (4, 1), (2, 0), (0,), (7,), (0, 3), (4, 3), (1,))",28.7067,914.6605500000002,943.36725,3749.6437996953177,4301.372615063568,107.63989966471358,3934.295841848984,4041.935741513696,887.072581572838,3854.79190270024,-5.967418142527423,-4.630054775273868,4.854836357894284,1.4222340180775095,6.346117510175765
118,res50,GGBGGBLGGLGGGLBGGL,"((1, 6), (0, 7), (7,), (0, 0), (0, 6), (6,), (3,), (4, 6), (2, 3), (4,), (1, 6), (3, 4), (4, 4), (1,), (3,), (3, 4), (2, 4), (4,))",15.8301,881.9614399999999,897.7915399999999,4296.280777000776,4382.0163338583225,68.01055432799998,3864.769435913208,3932.779990241207,858.569844580158,3801.2158657037835,-4.36868623420554,-3.34532124512143,3.461106371896736,1.0701149537591497,4.568259142507093
119,res50,GGBGGBLGGLGGGLBGGL,"((0, 7), (1, 4), (2,), (2, 7), (2, 5), (6,), (0,), (3, 3), (0, 1), (2,), (1, 1), (0, 7), (3, 6), (3,), (5,), (4, 7), (0, 6), (5,))",14.8281,972.96406,987.79216,4625.8297707847705,4233.243387561623,68.59226642417364,4118.79367333011,4187.385939754284,939.7526741894621,4042.9713828139515,-4.86331920376224,-3.448799776712401,3.5719905798546154,1.4868286503282824,5.111928609511197
120,res50,GBBGBLBGBGLBGBLBLL,"((3, 6), (0,), (0,), (4, 4), (1,), (0,), (0,), (0, 3), (0,), (4, 0), (2,), (6,), (3, 2), (7,), (4,), (1,), (5,), (2,))",16.4056,942.5440999999996,958.9496999999998,4398.076994671995,4135.476827479392,72.15309194379087,3897.869284427418,3970.022376371208,869.0680739002628,3657.88699870503,-9.372923949998317,-7.862307767430895,8.533215426738995,1.6668486377448102,10.342299849580263
121,res50,GBBGBLBGBGLBGBLBLL,"((3, 3), (6,), (3,), (4, 0), (6,), (1,), (4,), (0, 1), (5,), (4, 6), (1,), (3,), (1, 7), (0,), (1,), (3,), (1,), (1,))",23.7732,795.9055,819.6786999999999,3624.353022875817,4329.511966378932,86.16246928343136,3445.882386356807,3532.044855640238,732.4885102106452,3226.250480025852,-10.637117908438356,-8.657714953027003,9.478320964463228,2.2150169165126736,11.903284293740114
122,res50,GBBGBLBGBGLBGBLBLL,"((2, 0), (7,), (2,), (2, 6), (7,), (2,), (1,), (0, 2), (2,), (0, 6), (3,), (0,), (4, 5), (4,), (5,), (7,), (5,), (3,))",53.0936,807.0953000000002,860.1889000000002,3357.3889607540063,4416.621231456657,178.25586652668892,3564.6342377888814,3742.89010431557,787.2846764444763,3474.37575707074,-8.475373671471917,-7.173984267805032,7.728419895239415,1.4219008106032107,9.260211170979856
123,res50,GBBGBLBGBGLBGBLBLL,"((2, 0), (2,), (7,), (1, 3), (7,), (3,), (6,), (2, 6), (0,), (4, 7), (4,), (3,), (2, 6), (0,), (2,), (5,), (2,), (1,))",52.8515,784.6411999999999,837.4926999999999,3267.5824794045384,4408.4065494205015,172.69663541024897,3459.017405025161,3631.7140404354095,776.0847394170294,3392.6839018000865,-7.332357712845801,-6.581744486872251,7.045458567728602,0.8100057446671551,7.912532931532501
124,res50,GBBGBLBGBGLBGBLBLL,"((1, 2), (6,), (4,), (2, 3), (1,), (3,), (6,), (0, 5), (1,), (1, 7), (2,), (4,), (3, 4), (0,), (1,), (6,), (2,), (4,))",27.8522,849.5459,877.3981,3534.175693400168,4192.512712787833,98.43456824772016,3561.7319858467813,3660.166554094501,799.8020759505947,3387.666370043885,-8.843878742090425,-7.445021422475423,8.043890817001747,1.5345731041552373,9.70190330616228
125,res50,GBBGBLBGBGLBGBLBLL,"((4, 5), (7,), (1,), (2, 3), (3,), (2,), (3,), (4, 7), (4,), (1, 5), (5,), (6,), (3, 7), (2,), (1,), (2,), (0,), (4,))",18.278,750.4499,768.7279,4116.399628704628,4430.38359277318,75.2395524134632,3324.780924158273,3400.0204765717363,691.4205029718573,3112.2937657502357,-10.056535872854704,-8.462499352698526,9.244844236358347,1.772264984038003,11.180952357626182
126,res50,GBBGBLBGBGLBGBLBLL,"((4, 5), (7,), (1,), (0, 7), (4,), (5,), (2,), (0, 7), (7,), (3, 0), (3,), (1,), (1, 2), (6,), (2,), (5,), (0,), (4,))",17.9051,812.7392,830.6442999999999,4158.860412920412,4410.273166074038,74.46481157938128,3584.401884776481,3658.866696355862,751.982145329741,3382.36990566141,-9.470016789407806,-7.556897084275736,8.174646724228811,2.1132442946352423,10.4606412743704
127,res50,GBBGBLBGBGLBGBLBLL,"((3, 1), (3,), (2,), (0, 1), (1,), (1,), (6,), (3, 1), (3,), (1, 0), (0,), (3,), (1, 4), (2,), (5,), (6,), (5,), (3,))",36.8593,832.7478,869.6071,3537.915628514803,4205.232489158928,130.40509352611568,3501.898103835621,3632.3031973617367,780.544292495926,3328.837136325376,-10.241729570063761,-8.354645648985974,9.116278406198909,2.1024067331497953,11.410346390373332
128,res50,GBBGBLBGBGLBGBLBLL,"((3, 2), (7,), (4,), (4, 3), (6,), (4,), (2,), (1, 0), (1,), (2, 4), (2,), (1,), (2, 2), (3,), (0,), (0,), (3,), (1,))",28.9305,829.7755000000001,858.7060000000001,3516.0320653237363,4217.314957807102,101.72056566584835,3499.424627771867,3601.1451934377155,775.818139738531,3320.5409085130814,-9.652647152980075,-7.792084735599468,8.450559491835536,2.0593435875547823,10.683929134397955
129,res50,GBBGBLBGBGLBGBLBLL,"((0, 3), (4,), (4,), (3, 7), (2,), (3,), (1,), (0, 7), (0,), (4, 2), (5,), (5,), (3, 7), (0,), (0,), (0,), (2,), (2,))",23.4343,960.9748,984.4091,3626.2071650326807,4066.639613218984,84.97762656752535,3907.93818898519,3992.915815552716,893.4894665072775,3689.691443715297,-9.235960282439738,-7.594058724111761,8.218149849736243,1.8089780528028938,10.175792429667325
130,res50,BLGBGBGGBGGLGGGGLG,"((3,), (5,), (2, 6), (4,), (2, 7), (4,), (3, 7), (3, 6), (2,), (2, 0), (0, 3), (0,), (3, 5), (2, 4), (3, 7), (4, 6), (3,), (1, 1))",26.104,774.4106999999999,800.5147,3641.533703253232,4575.965419632013,95.05859578972238,3543.6765837930207,3638.735179582743,778.5949566368057,3560.8853001652087,-2.738206226968005,-2.139476372294327,2.186250689229526,0.6155858651659827,2.81529480461549
131,res50,BLGBGBGGBGGLGGGGLG,"((6,), (4,), (3, 6), (1,), (0, 7), (2,), (0, 5), (0, 5), (5,), (4, 6), (2, 7), (0,), (4, 3), (2, 1), (4, 1), (2, 2), (2,), (4, 5))",16.3095,851.4829100000001,867.79241,4626.467651515151,4496.947790762268,75.45537416238636,3829.074190996327,3904.5295651587135,849.069890482355,3832.5953445968375,-2.1574882773686586,-1.842327465100188,1.8769062239583651,0.32211030432446996,2.2050622366326893
132,res50,BLGBGBGGBGGLGGGGLG,"((1,), (5,), (2, 7), (1,), (3, 7), (3,), (3, 5), (4, 5), (5,), (0, 3), (4, 3), (0,), (2, 2), (0, 7), (4, 3), (4, 7), (0,), (1, 4))",41.5365,837.6134999999998,879.1499999999999,3413.21654104899,4567.44636822697,141.77306885728137,3825.75473855288,3967.5278074101616,857.6310396253973,3890.5977304834737,-2.447700662526595,-1.9389927597484105,1.9773331055001644,0.5214719757843441,2.509116319297594
133,res50,BLGBGBGGBGGLGGGGLG,"((2,), (3,), (1, 6), (0,), (2, 3), (0,), (4, 4), (3, 0), (2,), (2, 4), (3, 1), (2,), (0, 5), (0, 4), (4, 7), (3, 1), (2,), (2, 6))",27.3598,907.22349,934.58329,3778.936664856901,4314.111599851875,103.39095136315186,3913.863381867102,4017.254333230254,914.062132537495,3945.957932125545,-2.195754801319529,-1.7747544763335843,1.80682111495051,0.43045199534101986,2.2450506078330896
134,res50,BLGBGBGGBGGLGGGGLG,"((0,), (3,), (1, 7), (0,), (3, 3), (5,), (3, 5), (4, 4), (0,), (2, 0), (1, 4), (2,), (4, 2), (2, 2), (2, 2), (2, 1), (2,), (3, 2))",59.3357,878.4615199999998,937.7972199999998,3303.315939536816,4291.733627843517,196.0045635935747,3770.1228461505298,3966.1274097441046,927.7613313249174,3916.107394547344,-1.0701555156116211,-1.2611802402986316,1.2772891587806638,-0.1930910997410391,1.0817317273560452
135,res50,BLGBGBGGBGGLGGGGLG,"((4,), (3,), (1, 7), (4,), (0, 0), (0,), (4, 2), (0, 1), (0,), (4, 0), (2, 3), (0,), (1, 3), (2, 5), (4, 6), (1, 2), (0,), (3, 3))",21.548,1028.94808,1050.49608,3914.380789210791,4155.195657088164,84.34707724591412,4275.480593385204,4359.827670631118,986.0858181443282,4183.659073665141,-6.1314138226647845,-4.040723860548272,4.210873636308113,2.2272519990519544,6.531912402602294
136,res50,BLGBGBGGBGGLGGGGLG,"((3,), (3,), (0, 2), (0,), (2, 1), (7,), (1, 5), (3, 1), (4,), (1, 6), (4, 5), (1,), (2, 6), (2, 1), (0, 2), (4, 2), (5,), (4, 0))",27.7303,919.35091,947.08121,3666.1013563592,4310.306967870024,101.66209044224752,3962.684633290648,4064.346723732895,913.1262199784132,3952.443466676934,-3.5852247582429397,-2.753290126615569,2.83124244532321,0.8628704776226535,3.71854287815648
137,res50,BLGBGBGGBGGLGGGGLG,"((7,), (4,), (2, 6), (5,), (2, 7), (5,), (4, 4), (3, 2), (6,), (3, 6), (0, 4), (0,), (0, 7), (0, 2), (0, 3), (2, 3), (1,), (4, 7))",14.2064,936.62978,950.83618,5203.881616161614,4319.755640661548,73.92842379183836,4046.011775366585,4119.940199158423,919.4007606723907,4025.9927935633073,-3.3060815300075497,-2.280309933001116,2.3335214545171823,1.0608439633406295,3.4191204393413277
138,res50,BLGBGBGGBGGLGGGGLG,"((6,), (4,), (3, 0), (0,), (3, 1), (5,), (4, 6), (0, 2), (4,), (0, 4), (3, 4), (1,), (1, 6), (0, 5), (2, 6), (1, 7), (3,), (4, 5))",16.3992,900.33366,916.73286,4616.914526584528,4308.5734218284,75.713704704365,3879.153678253487,3954.867382957852,891.27111284311,3880.364744623912,-2.777444582589735,-1.8838214058702358,1.9199905997795812,0.9191521174102797,2.856790351441796
139,res50,BLGBGBGGBGGLGGGGLG,"((3,), (2,), (2, 0), (4,), (0, 3), (7,), (0, 3), (2, 7), (2,), (1, 7), (1, 3), (4,), (3, 6), (2, 3), (2, 6), (1, 0), (5,), (2, 7))",22.4377,881.2805900000001,903.71829,4051.520668669566,4311.223163842313,90.90680530740713,3799.397293452621,3890.304098760028,883.2521873266279,3815.654171549308,-2.2646551364332925,-1.9188712582780694,1.9564122914317756,0.35379614062641845,2.3171301432400107
140,res50,GGLBLGLBGLBGLGBLBB,"((3, 0), (3, 4), (3,), (2,), (3,), (4, 7), (1,), (6,), (3, 4), (5,), (3,), (1, 5), (0,), (1, 2), (2,), (1,), (1,), (0,))",52.1397,762.1750000000001,814.3147,3280.496719364287,4288.196171520081,171.0441147986381,3268.3559170283183,3439.4000318269564,779.3684371655905,3345.718178287694,-4.291493550885116,-2.723784749443636,2.8000521426824974,1.6380036212089408,4.483920719384309
141,res50,GGLBLGLBGLBGLGBLBB,"((3, 6), (2, 1), (3,), (1,), (5,), (0, 7), (3,), (6,), (0, 3), (3,), (6,), (3, 2), (1,), (4, 4), (5,), (0,), (5,), (1,))",15.1348,769.353,784.4878,4250.804333166834,4392.733734506726,64.3350734216134,3379.562876843953,3443.897950265566,744.6586162281134,3311.0181786968315,-5.07709409526657,-3.858411993842269,4.0132601030005235,1.2838651427795413,5.348650093331578
142,res50,GGLBLGLBGLBGLGBLBB,"((4, 0), (3, 4), (2,), (0,), (1,), (2, 2), (0,), (3,), (3, 6), (1,), (4,), (4, 0), (3,), (4, 5), (6,), (2,), (7,), (7,))",31.4834,699.7263999999999,731.2097999999999,3909.3932261985424,4555.16434415915,123.0809906976992,3187.368747946842,3310.4497386445414,707.9231073297685,3215.607907360443,-3.184680056289089,-2.8649228585760507,2.9494215096003438,0.3302754129191001,3.289438136589006
143,res50,GGLBLGLBGLBGLGBLBB,"((3, 6), (3, 6), (0,), (5,), (5,), (2, 0), (3,), (3,), (2, 0), (2,), (0,), (1, 0), (2,), (4, 0), (0,), (2,), (1,), (2,))",15.0611,851.676,866.7371,4233.228928432679,4138.895518867501,63.75708421401742,3524.9979799269977,3588.755064141016,823.315434256918,3465.909408482164,-5.009785059746725,-3.423071607375238,3.5443989204740936,1.6703967386214402,5.2740011830668845
144,res50,GGLBLGLBGLBGLGBLBB,"((0, 6), (3, 7), (2,), (6,), (0,), (3, 3), (3,), (0,), (1, 4), (3,), (4,), (1, 3), (0,), (4, 1), (5,), (3,), (5,), (4,))",12.429,812.5930000000001,825.022,4472.796865079366,4264.558175446542,55.59239223607145,3465.3501214606326,3520.9425136967043,782.3156247182812,3396.944540855417,-5.176392300050036,-3.521726706952095,3.6502795777190453,1.7449932914741855,5.458970002944509
145,res50,GGLBLGLBGLBGLGBLBB,"((2, 6), (4, 2), (0,), (1,), (0,), (0, 7), (1,), (1,), (3, 7), (2,), (0,), (3, 7), (2,), (3, 4), (3,), (0,), (2,), (5,))",12.4854,895.0189,907.5043,4481.735238095239,4098.895234117814,55.956257141714296,3668.588703655368,3724.544960797082,853.229140498666,3575.0130297742066,-5.980705491019048,-4.0147704644938464,4.182696112643811,2.0909910426284046,6.3611469563279375
146,res50,GGLBLGLBGLBGLGBLBB,"((1, 2), (1, 4), (5,), (4,), (1,), (0, 6), (0,), (7,), (4, 1), (1,), (1,), (3, 6), (2,), (0, 6), (3,), (3,), (7,), (7,))",20.4717,820.0864999999999,840.5581999999999,3875.070252395092,4314.902685409133,79.3292756859566,3538.593441117776,3617.922716803732,807.2433231307778,3511.6882137366047,-3.9634229812072728,-2.936339755786174,3.025168995686214,1.0694708800586494,4.126993177226312
147,res50,GGLBLGLBGLBGLGBLBB,"((2, 0), (3, 6), (0,), (1,), (5,), (4, 3), (2,), (2,), (4, 3), (2,), (2,), (4, 3), (1,), (1, 7), (6,), (3,), (2,), (6,))",36.0871,722.3723999999999,758.4594999999998,3544.439574354123,4481.446051431478,127.90854536367466,3237.27293964308,3365.1814850067544,743.288190906181,3297.48992857268,-2.00027939445928,-2.0115276616036186,2.0528207181932085,-0.01147785633962556,2.041107242040627
148,res50,GGLBLGLBGLBGLGBLBB,"((0, 2), (2, 2), (0,), (0,), (4,), (1, 5), (5,), (5,), (0, 2), (5,), (6,), (3, 5), (1,), (0, 7), (6,), (0,), (4,), (1,))",26.4739,905.2424,931.7163,3519.610953439407,4161.295702047682,93.17782842025952,3766.9813084313287,3860.159136851588,885.562875574438,3729.8928621778305,-4.953592034996285,-3.374634828656437,3.492493738753043,1.6612486890837652,5.211761434288208
149,res50,GGLBLGLBGLBGLGBLBB,"((0, 1), (2, 4), (1,), (5,), (3,), (4, 2), (2,), (6,), (2, 5), (4,), (5,), (1, 6), (4,), (4, 5), (0,), (5,), (2,), (6,))",29.7891,786.1209999999999,815.9100999999998,3488.5200383603315,4319.63368022966,103.91987227471976,3395.7547483358203,3499.67462061054,794.4059876306376,3424.191390950279,-2.6355982563964155,-2.1568642186253384,2.2044103568437725,0.49169309233960984,2.7069423826347916
150,res50,LGLBLGLLLBBBLLLLBB,"((0,), (1, 6), (4,), (4,), (0,), (2, 4), (4,), (2,), (1,), (7,), (5,), (6,), (1,), (3,), (5,), (0,), (1,), (1,))",121.814,721.0052000000001,842.8192,3058.767731400614,4191.316176949224,372.6007324328344,3021.960758424512,3394.5614908573457,814.305403113458,3356.3714055633286,-3.383145149818842,-1.1250373692412219,1.1378384773125858,2.3371779013911542,3.501609688149034
151,res50,LGLBLGLLLBBBLLLLBB,"((2,), (3, 0), (4,), (2,), (5,), (1, 0), (3,), (3,), (5,), (1,), (6,), (4,), (1,), (1,), (4,), (3,), (6,), (0,))",61.7375,604.8815000000001,666.619,3150.0823545966227,4431.346220687946,194.478209366909,2680.439348989056,2874.917558355965,637.6930137493006,2795.976884953288,-4.339208190990574,-2.74584129110887,2.8233664529739446,1.6656426000141336,4.536036247383333
152,res50,LGLBLGLLLBBBLLLLBB,"((5,), (1, 7), (0,), (5,), (5,), (4, 3), (0,), (3,), (0,), (0,), (1,), (6,), (3,), (1,), (0,), (5,), (2,), (1,))",36.4011,791.6021999999999,828.0033,3440.811557971016,4073.930073977451,125.24932560285876,3224.932009206713,3350.181334809572,786.5114270762941,3269.1601063422363,-5.011075792053709,-2.4184132251438584,2.478349968548584,2.729436709098932,5.275431671469037
153,res50,LGLBLGLLLBBBLLLLBB,"((1,), (4, 2), (5,), (0,), (2,), (0, 3), (0,), (1,), (2,), (3,), (2,), (6,), (0,), (0,), (0,), (4,), (0,), (2,))",83.3261,863.591,946.9171,3095.1231721981726,3902.361541547389,257.90454295890214,3370.044306026451,3627.9488489853534,907.5103043277825,3582.5378582534795,-4.161588767614137,-1.2516987593299227,1.2675648528669599,3.036246084284936,4.342297325362847
154,res50,LGLBLGLLLBBBLLLLBB,"((2,), (3, 1), (4,), (5,), (2,), (0, 2), (0,), (2,), (5,), (2,), (4,), (7,), (0,), (3,), (2,), (5,), (2,), (1,))",61.7625,680.1919999999999,741.9544999999999,3147.382024702939,4235.624393589783,194.39018230071528,2881.037827524621,3075.4280098253366,702.5020316813145,2988.4190164052648,-5.3173703129619705,-2.8291669693485493,2.911539276869344,2.627940681239922,5.6159934832163945
155,res50,LGLBLGLLLBBBLLLLBB,"((3,), (4, 4), (1,), (1,), (4,), (2, 0), (3,), (2,), (2,), (7,), (7,), (7,), (2,), (5,), (3,), (2,), (3,), (4,))",51.0367,583.0717999999999,634.1084999999999,3254.187923351159,4559.04622880455,166.0830127876961,2658.2512909122806,2824.3343036999768,606.6664878846565,2749.863731804327,-4.32765246252707,-2.6367477744433687,2.7081549908942457,1.7673912385409019,4.523409923470334
156,res50,LGLBLGLLLBBBLLLLBB,"((1,), (3, 4), (1,), (3,), (1,), (3, 3), (1,), (3,), (5,), (7,), (6,), (5,), (2,), (4,), (0,), (4,), (5,), (0,))",82.8513,618.1218999999999,700.9731999999999,3092.592861725976,4418.488380495556,256.22533896471737,2731.164432879835,2987.3897718445523,687.2993279997378,2970.589379508326,-1.9506982578309875,-0.5623769785438094,0.5655575439715144,1.4159420359136283,1.9895075468875387
157,res50,LGLBLGLLLBBBLLLLBB,"((0,), (0, 0), (3,), (7,), (0,), (2, 2), (4,), (2,), (2,), (0,), (3,), (7,), (1,), (3,), (5,), (4,), (3,), (1,))",121.782,731.5329999999999,853.3149999999999,3057.967571886233,4158.092855268586,372.40540683944926,3041.7821406931944,3414.187547532644,832.8035474867538,3407.0441925687905,-2.4037374841935426,-0.20922561705832457,0.20966428845960272,2.2485613798784456,2.4629400985557655
158,res50,LGLBLGLLLBBBLLLLBB,"((3,), (1, 4), (0,), (4,), (2,), (2, 7), (5,), (3,), (1,), (3,), (4,), (4,), (2,), (1,), (0,), (3,), (4,), (4,))",51.1889,692.5296999999999,743.7185999999999,3254.857167844411,4125.247135312412,166.61255807907077,2856.856161043764,3023.4687191228345,723.1128538155358,2999.2148311425167,-2.770637467513133,-0.8021874950091868,0.8086745813762968,2.0245427114121286,2.8495892550847364
159,res50,LGLBLGLLLBBBLLLLBB,"((0,), (1, 0), (0,), (2,), (5,), (4, 4), (0,), (5,), (4,), (7,), (7,), (2,), (3,), (5,), (0,), (1,), (4,), (2,))",121.873,700.2361999999999,822.1092,3058.7756657290183,4286.908707049367,372.7821667093927,3001.848662771162,3374.6308294805544,800.059546431197,3355.665905428046,-2.6820833009535745,-0.5619851477332665,0.5651612701321483,2.178528091365412,2.7560015585288933
160,res50,LGLBGBGBBBLLGLLGLB,"((3,), (2, 0), (3,), (3,), (1, 3), (4,), (3, 1), (6,), (7,), (0,), (4,), (5,), (2, 2), (3,), (1,), (1, 2), (3,), (1,))",50.4487,725.3463999999999,775.7950999999999,3246.659571715051,4350.186216462785,163.78975473558108,3155.391911440901,3319.181666176482,734.0410806338209,3197.0625761748374,-5.3820937211615565,-3.6791927132545026,3.819727862435381,1.7997661065217574,5.688240136386614
161,res50,LGLBGBGBBBLLGLLGLB,"((5,), (4, 0), (0,), (2,), (2, 1), (4,), (3, 0), (7,), (5,), (7,), (4,), (2,), (3, 7), (4,), (3,), (2, 3), (4,), (4,))",37.3005,640.3438799999999,677.64438,3495.807706800446,4645.996115163726,130.39537536751004,2975.035178848867,3105.430554216377,630.8040732236569,2937.199815373396,-6.912225373483216,-5.417308032039767,5.727589180771959,1.6059223108956129,7.425492124198039
162,res50,LGLBGBGBBBLLGLLGLB,"((5,), (2, 7), (2,), (2,), (2, 0), (0,), (4, 7), (0,), (1,), (6,), (1,), (0,), (1, 6), (2,), (3,), (2, 5), (1,), (1,))",36.7276,851.6256399999999,888.3532399999999,3461.758311594203,4110.845180290089,127.14207456490726,3500.901157605462,3628.043232170369,824.9831874867691,3435.5745646954883,-7.13342954805127,-5.305026846654797,5.602226464612929,1.9688491698339812,7.681375023687635
163,res50,LGLBGBGBBBLLGLLGLB,"((0,), (1, 1), (4,), (5,), (4, 0), (0,), (3, 1), (4,), (7,), (7,), (4,), (3,), (3, 6), (3,), (1,), (1, 0), (1,), (6,))",122.183,724.6426100000001,846.8256100000001,3093.113170107563,4454.475662807004,377.9258464632524,3227.9028704779475,3605.8287169412,813.821914979303,3509.895504538356,-3.897342573366095,-2.6605038656473874,2.7332213246463106,1.2869974055222297,4.055395217703929
164,res50,LGLBGBGBBBLLGLLGLB,"((2,), (2, 0), (5,), (3,), (3, 2), (2,), (1, 3), (7,), (5,), (7,), (0,), (4,), (1, 2), (3,), (2,), (4, 1), (4,), (3,))",62.4845,679.84228,742.32678,3202.3006271777,4525.36553776025,200.09415353888497,3076.534825024354,3276.62897856324,700.5106489476947,3146.412844277419,-5.63311632813588,-3.9740884652408495,4.138558438783804,1.7580615130450297,5.96937835493598
165,res50,LGLBGBGBBBLLGLLGLB,"((2,), (0, 6), (0,), (2,), (4, 4), (6,), (3, 5), (1,), (7,), (4,), (5,), (4,), (4, 3), (4,), (2,), (4, 1), (1,), (3,))",62.2755,687.61462,749.8901199999999,3193.964817743233,4599.259741732615,198.90575600736872,3162.51823959277,3361.423995600139,722.7770443161289,3272.4928353851546,-3.615606468301115,-2.645639476941577,2.7175356735202003,1.0063527463505135,3.7512364147542407
166,res50,LGLBGBGBBBLLGLLGLB,"((2,), (0, 4), (2,), (3,), (1, 5), (6,), (3, 5), (1,), (5,), (4,), (1,), (4,), (4, 0), (0,), (5,), (3, 5), (5,), (2,))",62.2642,740.9936800000002,803.2578800000001,3206.8331242741,4375.7310717009,199.67089901642743,3242.389069509995,3442.0599685264224,755.1855333137241,3290.339784046864,-5.984671658157399,-4.407830946202572,4.611079536987939,1.6772166196360945,6.365633948963038
167,res50,LGLBGBGBBBLLGLLGLB,"((2,), (4, 7), (0,), (2,), (2, 7), (2,), (4, 6), (5,), (1,), (0,), (3,), (0,), (1, 1), (5,), (5,), (3, 0), (5,), (7,))",62.3363,761.7685399999999,824.10484,3251.0112854847,4321.6448873906575,202.65601479535988,3292.0931162660454,3494.749131061405,780.909041984073,3356.7740494676254,-5.241541599965233,-3.9480682709798565,4.110347600418985,1.3650214986875642,5.531476227523037
168,res50,LGLBGBGBBBLLGLLGLB,"((2,), (0, 2), (1,), (2,), (2, 3), (6,), (3, 4), (7,), (3,), (2,), (2,), (3,), (4, 5), (5,), (1,), (2, 1), (3,), (3,))",62.3499,717.0738699999998,779.4237699999999,3223.529213570981,4349.326753671507,200.9867241132293,3118.788567149763,3319.775291262992,745.5670754295506,3206.658616031724,-4.343810886143393,-3.4073593935399664,3.527555900891361,0.978976374951341,4.541066214725623
169,res50,LGLBGBGBBBLLGLLGLB,"((2,), (0, 6), (1,), (1,), (0, 1), (7,), (2, 7), (7,), (6,), (5,), (3,), (5,), (4, 1), (1,), (1,), (2, 5), (5,), (3,))",62.2091,782.1593500000001,844.3684500000002,3212.0667140176893,4368.185293780368,199.81977941899785,3416.6169700628125,3616.43674948181,792.2271081417658,3455.3822736398283,-6.175188314797211,-4.453402257486144,4.660974187157877,1.8351073947133894,6.5816154638454805
170,res50,BLGGBLGBBGLGBBGBGL,"((0,), (2,), (1, 5), (1, 7), (4,), (0,), (0, 3), (5,), (7,), (1, 4), (4,), (0, 3), (3,), (2,), (3, 7), (2,), (4, 0), (3,))",61.5825,896.0809099999999,957.66341,3271.571934207447,4334.407590957597,201.47157863833013,3883.979898416191,4085.451477054521,922.9510080440558,3985.680694118023,-3.6246975287428165,-2.442099324807784,2.5032307049517972,1.2270759972844005,3.7610232453732957
171,res50,BLGGBLGBBGLGBBGBGL,"((7,), (0,), (2, 0), (1, 3), (0,), (4,), (2, 3), (5,), (1,), (0, 7), (3,), (3, 2), (0,), (0,), (2, 2), (1,), (4, 7), (0,))",16.2844,1010.55526,1026.83966,4644.103596403596,4112.447185960704,75.62644060527474,4155.855135244788,4231.481575850063,961.3092604372066,4044.1458408820326,-6.381755800393752,-4.427190136835137,4.6322695159572165,2.087804231182996,6.816786466094184
172,res50,BLGGBLGBBGLGBBGBGL,"((3,), (0,), (1, 4), (1, 5), (2,), (3,), (2, 0), (2,), (1,), (0, 0), (1,), (0, 0), (4,), (4,), (2, 5), (7,), (4, 2), (4,))",26.6041,937.89836,964.50246,3624.5910006376857,4169.824150699608,96.42898144006504,3910.871232429556,4007.3002138696206,907.0359204636119,3854.2138307912996,-5.958153754878775,-3.8201875304594215,3.971922415287758,2.2734200888046145,6.335640986193273
173,res50,BLGGBLGBBGLGBBGBGL,"((1,), (2,), (0, 3), (4, 0), (0,), (0,), (1, 0), (5,), (1,), (0, 3), (3,), (1, 7), (4,), (7,), (0, 6), (5,), (4, 0), (0,))",41.8781,1035.26212,1077.1402199999998,3356.855211359522,4130.68224717181,140.5787182268352,4276.338860253452,4416.917578480287,1005.2868453304009,4202.58808038333,-6.670754033267732,-4.8524676833725575,5.099940655554523,1.9482492664125064,7.147549478376327
174,res50,BLGGBLGBBGLGBBGBGL,"((1,), (3,), (4, 1), (2, 6), (3,), (2,), (1, 0), (5,), (1,), (1, 3), (2,), (4, 6), (2,), (1,), (1, 7), (0,), (0, 5), (0,))",41.8044,958.32821,1000.13261,3352.62451721331,4139.98899116917,140.1544563673921,3967.4682393268567,4107.622695694249,935.9293546309012,3895.197063342999,-6.419474250429528,-5.171498165445473,5.453527225884131,1.3335852464900062,6.859839906871841
175,res50,BLGGBLGBBGLGBBGBGL,"((3,), (2,), (1, 3), (1, 7), (6,), (0,), (4, 6), (1,), (3,), (0, 5), (5,), (1, 3), (5,), (7,), (0, 4), (3,), (2, 4), (5,))",26.2601,915.02455,941.28465,3631.178685930513,4263.038456143925,95.35511541040388,3900.7848449657895,3996.139960376194,893.7320328284555,3841.9047482226733,-5.05188490766789,-3.859604860761706,4.014550652898734,1.2557174470991352,5.320679512968944
176,res50,BLGGBLGBBGLGBBGBGL,"((4,), (0,), (0, 4), (3, 6), (0,), (3,), (1, 1), (0,), (3,), (1, 2), (2,), (1, 2), (2,), (2,), (4, 5), (2,), (3, 4), (2,))",22.5831,944.93956,967.52266,3831.2934728506793,4152.890942103372,86.52248362673419,3924.2309395591465,4010.753423185881,920.0041058904815,3882.924264662921,-4.911363430962795,-3.1871607410215903,3.2920847745161215,1.8132583999028915,5.165037178124863
177,res50,BLGGBLGBBGLGBBGBGL,"((5,), (0,), (2, 7), (1, 4), (3,), (0,), (2, 6), (6,), (4,), (2, 5), (3,), (1, 7), (0,), (3,), (0, 0), (7,), (4, 3), (1,))",19.8052,928.93349,948.73869,4041.185173682527,4273.941726637745,80.03648060181717,3970.2076041822265,4050.244084784044,884.089387914608,3847.778241592327,-6.814236919693033,-4.998855351763626,5.261889601723248,1.9481318904529676,7.3125300415478405
178,res50,BLGGBLGBBGLGBBGBGL,"((1,), (5,), (1, 2), (3, 1), (2,), (3,), (3, 1), (5,), (7,), (0, 5), (0,), (4, 4), (1,), (2,), (2, 5), (7,), (1, 7), (0,))",41.8188,842.0707299999999,883.8895299999999,3364.018963412067,4430.433400781472,140.67923622713658,3730.738288012437,3871.417524239573,829.9075585024841,3686.7727589359697,-6.107321069581605,-4.7694355916796,5.008303396407139,1.4249092614488916,6.504576436792893
179,res50,BLGGBLGBBGLGBBGBGL,"((1,), (4,), (1, 4), (2, 5), (4,), (0,), (4, 1), (7,), (2,), (4, 2), (0,), (0, 5), (7,), (3,), (0, 2), (2,), (4, 6), (1,))",41.8544,912.97056,954.82496,3372.3110236060243,4315.075579604159,141.14605450641596,3939.536968353534,4080.68302285995,899.6417057447073,3909.9017394130333,-5.779410527275354,-4.1851151508265065,4.3679175291130345,1.6920880938771579,6.133914635450683
180,res50,GGBBLGGBLGGBGGLLLL,"((3, 4), (1, 1), (0,), (4,), (5,), (0, 7), (2, 1), (1,), (2,), (2, 2), (0, 4), (0,), (3, 4), (2, 4), (5,), (2,), (3,), (4,))",20.557,851.2442,871.8012,3963.395656108596,4133.3430545817055,81.47552450262441,3518.48430182296,3599.9598263255843,828.1164049120852,3476.2783375368444,-5.010866592970374,-3.435635250268318,3.5578707105592655,1.6583279436313845,5.275199818382127
181,res50,GGBBLGGBLGGBGGLLLL,"((0, 2), (2, 1), (4,), (2,), (0,), (0, 3), (2, 5), (0,), (0,), (0, 3), (0, 4), (1,), (2, 5), (3, 1), (3,), (5,), (3,), (5,))",27.7041,956.3057,984.0098,3570.0392473831635,3960.789913827416,98.90472431342788,3787.725971095667,3886.630695409095,944.0234454038941,3793.9607839877112,-4.063613451421511,-2.384325105311548,2.442563766407248,1.7504185914482266,4.235737448130651
182,res50,GGBBLGGBLGGBGGLLLL,"((4, 1), (4, 2), (1,), (0,), (5,), (2, 6), (0, 3), (5,), (1,), (0, 7), (1, 5), (6,), (1, 1), (1, 7), (1,), (3,), (0,), (4,))",36.7853,868.3666,905.1519,3634.56431741608,4156.227957323257,133.69853878544575,3609.1295401257416,3742.8280789111873,870.098611888626,3662.416056319619,-3.8726414993299962,-2.1484295002660247,2.195600427559689,1.7936745854219587,4.028656939848195
183,res50,GGBBLGGBLGGBGGLLLL,"((1, 2), (0, 3), (0,), (3,), (2,), (4, 0), (2, 2), (3,), (1,), (0, 4), (0, 0), (1,), (0, 5), (1, 7), (3,), (3,), (3,), (2,))",27.8166,957.9299,985.7465,3554.36275271512,3951.329016243571,98.87028694717544,3785.096209397303,3883.966496344478,941.3118869067887,3785.658838495013,-4.507711982057383,-2.5311149810893228,2.596844090909885,2.0699022318919233,4.720498456598279
184,res50,GGBBLGGBLGGBGGLLLL,"((0, 6), (4, 4), (5,), (7,), (3,), (1, 7), (0, 4), (6,), (1,), (2, 7), (4, 1), (2,), (3, 1), (0, 6), (1,), (0,), (3,), (4,))",15.376,806.5491000000001,821.9251,4417.847373737374,4299.124905088092,67.92882121858585,3467.455322986387,3535.3841442049725,780.9060150112578,3421.9841737515253,-4.990611065259144,-3.207571393318794,3.3138660115171343,1.876698389424504,5.252755671007478
185,res50,GGBBLGGBLGGBGGLLLL,"((2, 1), (4, 3), (3,), (1,), (0,), (3, 3), (2, 4), (2,), (4,), (3, 5), (2, 7), (3,), (0, 7), (4, 5), (5,), (2,), (2,), (4,))",36.7359,721.0799999999999,757.8158999999999,3449.016840022297,4413.515570869091,126.7027377333751,3182.497807842284,3309.200545575659,732.5922496720675,3211.857609258792,-3.328466759265995,-2.941584681140368,3.0307363575601083,0.40020269168816175,3.4430681377291945
186,res50,GGBBLGGBLGGBGGLLLL,"((4, 7), (0, 4), (0,), (4,), (1,), (0, 7), (0, 0), (1,), (4,), (0, 6), (2, 6), (2,), (1, 3), (3, 6), (2,), (4,), (0,), (1,))",15.2036,941.2157,956.4193,4710.639873737373,4042.985207886535,71.61868438435351,3805.3211525305705,3876.939836914924,905.7798570293918,3744.7626606476615,-5.2946906205895505,-3.40931718900344,3.52965429975748,1.9907790217261017,5.590700938822591
187,res50,GGBBLGGBLGGBGGLLLL,"((2, 6), (4, 3), (5,), (7,), (5,), (1, 7), (4, 1), (1,), (1,), (0, 3), (0, 0), (5,), (2, 5), (0, 1), (2,), (1,), (0,), (5,))",15.9645,841.0249999999999,856.9894999999999,4350.874040404038,4222.183630774518,69.45952861803026,3550.9619880721384,3620.4215166901686,818.5543292727995,3516.2261910344096,-4.484905675880562,-2.8779887970342077,2.963271416424627,1.6823695670481733,4.695494159971778
188,res50,GGBBLGGBLGGBGGLLLL,"((3, 7), (4, 2), (0,), (1,), (0,), (1, 2), (0, 3), (3,), (2,), (3, 7), (0, 5), (3,), (4, 5), (0, 3), (2,), (3,), (1,), (5,))",14.9465,874.3356999999999,889.2821999999999,4734.331957209459,4108.12013839687,70.76169259843118,3591.8760968893234,3662.6377894877546,849.0896969541789,3550.307459672779,-4.519656757531076,-3.066924338993564,3.163960617239857,1.521498948582908,4.733599193347647
189,res50,GGBBLGGBLGGBGGLLLL,"((3, 5), (4, 2), (0,), (7,), (5,), (2, 4), (3, 7), (5,), (0,), (3, 0), (0, 3), (4,), (0, 1), (3, 6), (3,), (2,), (5,), (3,))",18.0082,768.2745,786.2827,4224.816275391276,4378.401025201581,76.08133645050117,3363.8138584362323,3439.8951948867334,741.8757200773043,3286.2315172266995,-5.647711684702672,-4.467103471304848,4.675984538962532,1.2512767146172297,5.985770759294888
190,res50,LGBGGBBLLLBBLGBGGB,"((3,), (2, 6), (1,), (0, 2), (1, 3), (6,), (0,), (3,), (0,), (2,), (3,), (7,), (2,), (4, 4), (5,), (1, 2), (0, 0), (5,))",51.1137,884.54108,935.65478,3301.3311069472834,4160.797772056108,168.74324780117135,3680.396554956104,3849.139802757275,902.5459917869804,3748.5469795090607,-3.5385688098573684,-2.6133845067450148,2.6835150739230746,0.9591235498970068,3.668376848859143
191,res50,LGBGGBBLLLBBLGBGGB,"((4,), (1, 6), (3,), (2, 3), (4, 3), (0,), (3,), (5,), (1,), (4,), (5,), (3,), (1,), (3, 1), (0,), (1, 1), (0, 7), (6,))",43.7113,887.42012,931.13142,3438.375204622962,4136.493555576412,150.29585008183568,3670.807607468846,3821.103457550682,884.1368943542781,3673.3698219881844,-5.047034675913093,-3.8662558395420787,4.021746862463676,1.2435407702548893,5.31529969462977
192,res50,LGBGGBBLLLBBLGBGGB,"((5,), (2, 2), (4,), (0, 3), (0, 5), (4,), (4,), (2,), (1,), (5,), (2,), (3,), (5,), (2, 0), (1,), (0, 0), (3, 5), (0,))",37.344,887.7444700000001,925.08847,3537.73437012263,4108.348521757431,132.1131523178595,3647.163681022834,3779.276833340694,881.3595664628127,3659.347770008763,-4.726996925730498,-3.1733336461070962,3.2773344013609105,1.6307487215578231,4.961528211770134
193,res50,LGBGGBBLLLBBLGBGGB,"((4,), (1, 1), (7,), (0, 0), (1, 7), (4,), (4,), (3,), (3,), (1,), (2,), (6,), (1,), (4, 5), (7,), (3, 2), (2, 4), (3,))",43.8721,739.05087,782.9229700000001,3397.7410609377853,4506.915711274835,149.06603559956864,3330.839977434336,3479.906013033905,746.1597488313844,3351.6789279824907,-4.695637064859101,-3.6847858698235725,3.8257568164083913,1.060655739048869,4.9269906646925525
194,res50,LGBGGBBLLLBBLGBGGB,"((0,), (3, 4), (2,), (1, 5), (1, 1), (1,), (5,), (2,), (2,), (2,), (6,), (3,), (2,), (3, 1), (5,), (3, 1), (2, 5), (2,))",121.974,752.2571599999999,874.2311599999999,3131.779456360368,4329.489273792732,381.99566741009954,3256.8893053537827,3638.884972763882,843.774429251815,3539.4296972187235,-3.4838303805351547,-2.733125017403842,2.8099237462834705,0.7778026895297602,3.609582098285591
195,res50,LGBGGBBLLLBBLGBGGB,"((2,), (4, 3), (7,), (0, 6), (4, 5), (1,), (1,), (3,), (3,), (4,), (4,), (4,), (5,), (4, 1), (7,), (4, 2), (4, 3), (2,))",62.7043,645.2288800000001,707.9331800000001,3250.157357588525,4894.974228326418,203.79884199743816,3158.378738971919,3362.177580969357,689.7558646114222,3281.206935375028,-2.567659759721656,-2.408279861618266,2.467709205456576,0.16358007793956453,2.6353259640377584
196,res50,LGBGGBBLLLBBLGBGGB,"((1,), (0, 2), (3,), (3, 0), (0, 0), (7,), (6,), (2,), (4,), (0,), (1,), (1,), (5,), (1, 1), (4,), (2, 6), (2, 4), (4,))",83.4473,855.7510800000001,939.1983800000002,3180.5633659596865,4188.809682185183,265.4094253682477,3584.5784094444275,3849.9878348126754,906.4919404874776,3744.483940326475,-3.4823781864405032,-2.7403695547348073,2.81758170598541,0.7687804752784179,3.608023199294439
197,res50,LGBGGBBLLLBBLGBGGB,"((1,), (3, 3), (5,), (4, 4), (3, 5), (0,), (7,), (0,), (1,), (0,), (0,), (6,), (4,), (2, 5), (3,), (0, 7), (2, 6), (3,))",83.7559,842.0546999999998,925.8105999999998,3201.8477020202017,4270.228299849634,268.1736359456338,3595.7658099613927,3863.9394459070254,889.9477266822191,3740.4837368096805,-3.873672792013904,-3.195073598477803,3.3005278938237437,0.7059452007022402,4.029773012790269
198,res50,LGBGGBBLLLBBLGBGGB,"((3,), (1, 0), (1,), (4, 4), (0, 1), (3,), (0,), (3,), (0,), (5,), (7,), (5,), (5,), (1, 3), (1,), (1, 6), (4, 7), (0,))",51.1975,883.6170900000001,934.81459,3371.1218560606053,4220.673910069224,172.59301122566282,3729.4595982542896,3902.052609479953,895.7461764767986,3785.7480210655604,-4.179268695752956,-2.9806002136371275,3.0721692983057163,1.2509490021630767,4.361549571650704
199,res50,LGBGGBBLLLBBLGBGGB,"((0,), (1, 3), (1,), (1, 0), (1, 3), (0,), (3,), (1,), (3,), (2,), (4,), (0,), (2,), (3, 4), (6,), (2, 3), (4, 2), (7,))",121.984,866.5258800000001,988.5098800000002,3123.644180083649,4151.950462942307,381.0346116633238,3597.7725286174905,3978.807140280814,949.7097308225648,3872.504797592692,-3.92511495964364,-2.6717138815785813,2.7450538667945388,1.3046084598889236,4.085474531658182
200,res50,LBLGBLBGGBGLBLBLLB,"((2,), (1,), (5,), (0, 3), (3,), (1,), (4,), (3, 2), (3, 7), (5,), (1, 1), (3,), (7,), (1,), (2,), (1,), (5,), (6,))",62.3914,760.8421900000001,823.23359,3258.471555055047,4341.820524040416,203.30060218006145,3303.440236097858,3506.7408382779195,759.2506514692201,3269.5537828465676,-7.7721486717737,-6.763746349383178,7.254416693670339,1.0933815630180586,8.427116711321494
201,res50,LBLGBLBGGBGLBLBLLB,"((1,), (2,), (5,), (1, 0), (6,), (0,), (0,), (0, 5), (0, 4), (1,), (4, 2), (5,), (7,), (0,), (3,), (4,), (3,), (6,))",83.4561,875.54411,959.00021,3191.8082127667662,4198.549001066639,266.37586538548453,3676.01484843028,3942.390713815764,893.3824264769978,3707.215117598747,-6.842311694905909,-5.965304133678697,6.343726726312697,0.9414226320805504,7.344870637512104
202,res50,LBLGBLBGGBGLBLBLLB,"((5,), (4,), (1,), (2, 7), (5,), (5,), (4,), (2, 2), (1, 1), (5,), (2, 0), (3,), (6,), (2,), (6,), (0,), (3,), (5,))",37.2558,706.0358600000001,743.2916600000001,3561.8235858416924,4499.201124702004,132.69858714940094,3176.5973353919467,3309.2959225413474,672.8438723489147,3028.325927366353,-9.477812202424735,-8.490325487701497,9.278063257191922,1.0908780916027547,10.470153708192438
203,res50,LBLGBLBGGBGLBLBLLB,"((0,), (2,), (1,), (4, 7), (6,), (1,), (1,), (4, 5), (4, 1), (4,), (4, 0), (0,), (5,), (5,), (7,), (0,), (3,), (3,))",122.009,716.52686,838.5358600000001,3126.576136505704,4617.520419864263,381.4704278389245,3308.5774074312226,3690.047835270147,774.6385740900149,3440.162612153068,-7.620101770004822,-6.771869478997824,7.263761958062943,0.9182000708586717,8.248657896367567
204,res50,LBLGBLBGGBGLBLBLLB,"((2,), (0,), (0,), (3, 0), (2,), (5,), (5,), (4, 5), (3, 6), (5,), (4, 5), (2,), (4,), (2,), (1,), (1,), (3,), (1,))",61.7843,751.4157100000001,813.2000100000001,3222.38141941392,4368.082975736284,199.09258033149547,3282.246170551793,3481.3387508832884,751.3538248475944,3237.464556298989,-7.605285832744359,-7.005184270632194,7.532876123996609,0.6494977202114058,8.23129970289972
205,res50,LBLGBLBGGBGLBLBLLB,"((2,), (7,), (0,), (4, 2), (2,), (1,), (6,), (2, 4), (1, 7), (6,), (1, 6), (2,), (6,), (1,), (5,), (5,), (5,), (2,))",62.1719,722.0021199999998,784.1740199999998,3247.5617870544097,4550.524305065474,201.90708666856804,3285.488195368798,3487.395282037366,716.6703130123743,3217.0118746106623,-8.608255982214956,-7.753162046739464,8.404799794512005,0.9356358658710742,9.41907398171522
206,res50,LBLGBLBGGBGLBLBLLB,"((4,), (0,), (0,), (1, 6), (7,), (3,), (5,), (0, 3), (0, 0), (5,), (1, 1), (4,), (0,), (2,), (3,), (1,), (0,), (1,))",42.8524,956.31447,999.16687,3378.7557653712825,4062.861836413585,144.78779355999637,3885.373563773084,4030.161357333081,904.3362952679163,3706.323231004442,-9.490964680612732,-8.035363788583785,8.737449654138137,1.608238212784442,10.48620687108322
207,res50,LBLGBLBGGBGLBLBLLB,"((4,), (1,), (4,), (1, 1), (1,), (4,), (6,), (4, 3), (0, 3), (0,), (3, 3), (4,), (0,), (2,), (7,), (4,), (2,), (4,))",43.2923,822.8973700000001,866.1896700000001,3411.873712826125,4278.698670535454,147.70786033778245,3520.929883006122,3668.6377433439047,802.5426108115611,3407.140524067349,-7.347935607271674,-7.127910618893794,7.6749760518943235,0.23747445868582906,7.930676618413658
208,res50,LBLGBLBGGBGLBLBLLB,"((5,), (7,), (4,), (2, 3), (6,), (2,), (4,), (2, 3), (4, 5), (4,), (0, 2), (1,), (1,), (2,), (4,), (2,), (0,), (1,))",36.6994,736.0195600000001,772.71896,3522.7163168642955,4463.033358007022,129.28157519912952,3284.879848425651,3414.1614236247806,713.6809205554324,3173.08762073193,-7.640299060937709,-7.060996039165153,7.59745181058826,0.6272248782558967,8.272329796713704
209,res50,LBLGBLBGGBGLBLBLLB,"((0,), (3,), (4,), (2, 7), (7,), (2,), (3,), (4, 2), (1, 3), (0,), (3, 7), (0,), (0,), (2,), (4,), (1,), (3,), (6,))",121.81,827.2423799999999,949.05238,3150.679707766839,4250.1846632028455,383.7842952030786,3515.93287622742,3899.717171430498,882.1247893285054,3650.1684011634698,-7.0520439210630945,-6.3991504844308675,6.836637186040129,0.702429041126799,7.58708875219814
210,res50,GBBGLBBLGLBBLLGLLG,"((2, 4), (7,), (6,), (0, 1), (2,), (1,), (2,), (4,), (3, 6), (2,), (0,), (7,), (1,), (0,), (2, 7), (2,), (1,), (2, 3))",18.6094,815.3160499999998,833.9254499999998,3997.733383283383,4364.2586285987645,74.39541962287379,3558.250106247561,3632.6455258704345,780.5540101104335,3413.274288348415,-6.40002531276223,-6.038883671961216,6.427002900729863,0.3858351906694014,6.837635730295622
211,res50,GBBGLBBLGLBBLLGLLG,"((0, 7), (1,), (7,), (3, 0), (4,), (3,), (3,), (1,), (0, 1), (3,), (3,), (6,), (3,), (3,), (1, 1), (4,), (2,), (0, 4))",13.0012,790.0373,803.0385,4812.071944444444,4374.887680938536,62.56270976411111,3456.324451251942,3518.887161016053,762.5348980335315,3319.369544165328,-5.0437932884249665,-5.669906641539361,6.010708184071597,-0.6593706454768136,5.311704693243756
212,res50,GBBGLBBLGLBBLLGLLG,"((3, 2), (0,), (0,), (4, 2), (0,), (7,), (0,), (5,), (1, 6), (1,), (2,), (0,), (1,), (2,), (0, 3), (4,), (0,), (2, 6))",24.7812,986.22983,1011.01103,3881.4234781717255,4081.002449045822,96.18633149726917,4024.806351552045,4120.992683049313,965.96010542016,3926.5582564661354,-4.456027010886326,-4.718145396931566,4.951777457089525,-0.2743431928198067,4.663849399892595
213,res50,GBBGLBBLGLBBLLGLLG,"((1, 4), (0,), (0,), (3, 5), (3,), (2,), (0,), (3,), (0, 1), (4,), (6,), (7,), (0,), (5,), (3, 7), (1,), (3,), (4, 3))",19.0425,871.27571,890.31821,4077.419039294038,4277.895833381187,77.64425205575672,3727.2267295352353,3804.870981590992,837.0992934654842,3581.8657555567975,-5.977516346039453,-5.861045673116246,6.225951536241437,0.123875341723425,6.357539296705923
214,res50,GBBGLBBLGLBBLLGLLG,"((4, 0), (4,), (3,), (2, 5), (5,), (5,), (6,), (5,), (3, 1), (1,), (2,), (3,), (3,), (1,), (4, 5), (2,), (4,), (0, 0))",52.3114,633.2253999999999,685.5368,3604.914438543232,4822.85652709969,188.5781211604104,3053.955253515312,3242.533374675722,654.6914318844783,3073.6721552787126,-4.499447457163734,-5.207694104733672,5.493794095997122,-0.7416152354220694,4.711436046556423
215,res50,GBBGLBBLGLBBLLGLLG,"((1, 3), (6,), (0,), (3, 6), (5,), (7,), (7,), (2,), (1, 0), (4,), (0,), (6,), (5,), (5,), (1, 2), (2,), (1,), (1, 2))",22.2797,766.61144,788.8911400000001,3740.558690476188,4509.36632192849,83.33852545620232,3456.931809541104,3540.270334997306,752.3971526565838,3344.512667527412,-4.6259851952978295,-5.529455350760464,5.853099896153689,-0.9472917306801744,4.850362234168789
216,res50,GBBGLBBLGLBBLLGLLG,"((2, 3), (1,), (6,), (0, 0), (4,), (6,), (0,), (4,), (1, 3), (0,), (2,), (5,), (0,), (1,), (2, 2), (3,), (1,), (4, 4))",21.4215,860.4114699999999,881.8329699999999,3946.782127872128,4215.592383786556,84.5459933522128,3627.144039854594,3711.690033206807,832.4388933277421,3499.9783040670886,-5.601296203776303,-5.703917278803718,6.048944043273139,-0.10871025861640957,5.933657961943734
217,res50,GBBGLBBLGLBBLLGLLG,"((4, 7), (2,), (7,), (1, 4), (2,), (5,), (6,), (3,), (1, 6), (5,), (2,), (2,), (2,), (1,), (3, 4), (0,), (1,), (3, 2))",14.3342,724.35407,738.68827,4928.253095238094,4552.095489094242,70.64256551776188,3297.328894554055,3367.9714600718166,706.1550373447708,3196.183402067603,-4.404189693607725,-5.100638768493326,5.3747872507279935,-0.72853514464015,4.6070948920166455
218,res50,GBBGLBBLGLBBLLGLLG,"((0, 6), (2,), (7,), (3, 3), (0,), (5,), (1,), (2,), (1, 4), (0,), (7,), (6,), (0,), (3,), (0, 1), (3,), (4,), (2, 1))",16.4349,884.0274300000001,900.4623300000001,4279.904383949384,4297.726714666415,70.33980055976973,3799.308302408895,3869.6481029686647,843.3488490076033,3620.5809195780853,-6.342684095668579,-6.436429793176889,6.8792049928717995,-0.10009436700499574,6.772224929174215
219,res50,GBBGLBBLGLBBLLGLLG,"((2, 2), (6,), (5,), (4, 2), (3,), (5,), (7,), (2,), (4, 3), (0,), (2,), (1,), (1,), (1,), (1, 5), (3,), (5,), (4, 0))",28.37,702.9432899999999,731.3132899999999,3651.940000664538,4625.921451041918,103.60553781885294,3251.76044407698,3355.3659818958326,693.2772223593875,3156.930731697454,-5.2010633692452775,-5.913967396375033,6.285701748409337,-0.7520169027913642,5.48641530601087
220,res50,GLLBLLBLBLLGGGLLGG,"((0, 1), (3,), (0,), (7,), (4,), (3,), (0,), (2,), (2,), (3,), (5,), (2, 2), (2, 2), (0, 7), (0,), (4,), (3, 6), (0, 1))",34.5384,830.5736999999999,865.1120999999999,3445.0850557497,4248.423201939549,118.98772568950544,3528.628578000778,3647.616303690284,818.1942425954865,3464.375362691762,-5.423326919657406,-5.0235804904462595,5.289292348971865,0.4226691595205191,5.734317716008369
221,res50,GLLBLLBLBLLGGGLLGG,"((0, 4), (2,), (4,), (1,), (1,), (0,), (2,), (3,), (1,), (0,), (4,), (3, 0), (0, 1), (4, 1), (1,), (0,), (1, 0), (2, 5))",16.7,897.1474999999999,913.8475,4110.873552281051,4057.09684592416,68.65158832309356,3639.8142925787447,3708.4658809018383,855.9479807330467,3502.454319277445,-6.335796647356723,-5.555169394582504,5.881920015073686,0.8334317966012798,6.764373603331273
222,res50,GLLBLLBLBLLGGGLLGG,"((2, 1), (1,), (5,), (1,), (2,), (2,), (6,), (1,), (2,), (5,), (1,), (3, 2), (0, 4), (1, 3), (3,), (5,), (3, 3), (0, 3))",32.5705,729.9901,762.5606,3525.413863927964,4360.817330094224,114.82449225506576,3183.353478877216,3298.177971132281,738.0905396067969,3175.197395405281,-3.2089332170063707,-3.7287428635872018,3.8731631584531154,-0.5370429977244082,3.315319609195776
223,res50,GLLBLLBLBLLGGGLLGG,"((3, 5), (3,), (2,), (6,), (5,), (0,), (3,), (1,), (5,), (4,), (4,), (4, 2), (0, 4), (2, 5), (5,), (3,), (2, 3), (1, 6))",13.9165,658.1504,672.0669,4531.319444444443,4632.574717089821,63.06010704861109,3048.930903082553,3111.991010131164,641.542685988834,2950.098074706044,-4.541841595109952,-5.202230176696317,5.487713673425986,-0.691809471941941,4.7579396784982375
224,res50,GLLBLLBLBLLGGGLLGG,"((1, 4), (4,), (3,), (7,), (5,), (2,), (5,), (1,), (0,), (3,), (4,), (1, 2), (2, 4), (4, 3), (0,), (2,), (0, 2), (0, 7))",16.2492,797.7693999999999,814.0185999999999,4192.228004773004,4312.131927366972,68.12035129515748,3440.086900416393,3508.2072517115503,771.1497484896735,3315.2290419703586,-5.2663233383520245,-5.5007642335567075,5.820961607723427,-0.2474736582240057,5.559082602864964
225,res50,GLLBLLBLBLLGGGLLGG,"((0, 1), (0,), (3,), (0,), (5,), (2,), (0,), (1,), (1,), (0,), (0,), (0, 4), (1, 5), (0, 1), (1,), (3,), (2, 1), (2, 6))",31.7895,1008.0582,1039.8477,3571.243497841384,3933.5075485370135,113.52804517462867,3965.2045390646335,4078.732584239263,988.2447188677645,3905.6337751581236,-4.962551836411768,-4.2439362107242555,4.432028680777455,0.7561394372148487,5.221680434716327
226,res50,GLLBLLBLBLLGGGLLGG,"((0, 0), (2,), (2,), (0,), (3,), (1,), (5,), (5,), (4,), (5,), (1,), (2, 1), (2, 1), (4, 6), (5,), (4,), (1, 1), (4, 1))",50.3339,723.2434999999999,773.5773999999999,3364.7209849154046,4419.869181857679,169.35952958263348,3196.641656628884,3366.001186211517,746.22325011838,3226.6995614069588,-3.5360585613824744,-4.138490068725861,4.317155103954507,-0.6245147133312323,3.6656791218017477
227,res50,GLLBLLBLBLLGGGLLGG,"((2, 4), (3,), (0,), (1,), (2,), (0,), (4,), (0,), (7,), (5,), (0,), (2, 5), (2, 6), (1, 5), (4,), (0,), (0, 2), (4, 7))",15.3678,848.1120999999999,863.4798999999999,4516.794267121767,4224.280704209235,69.4131909382739,3582.663579036373,3652.076769974647,818.2350792991726,3474.2037425961257,-5.239823266393033,-4.8704624404638714,5.119821419730668,0.3897848639175933,5.529562572601996
228,res50,GLLBLLBLBLLGGGLLGG,"((4, 0), (4,), (0,), (4,), (4,), (0,), (7,), (1,), (5,), (3,), (5,), (1, 3), (2, 2), (0, 7), (5,), (4,), (1, 3), (3, 0))",51.7779,727.2858,779.0637,3608.2937933395,4493.530453518528,186.8298752021533,3268.080890711585,3454.9107659137385,740.8122436155967,3283.838780042879,-4.909926670232916,-4.951560183801596,5.209512321692767,-0.04378323847147311,5.1634481900182685
229,res50,GLLBLLBLBLLGGGLLGG,"((1, 2), (5,), (0,), (1,), (2,), (2,), (7,), (4,), (4,), (1,), (3,), (4, 2), (4, 6), (4, 0), (2,), (5,), (0, 5), (0, 4))",25.0483,710.1344,735.1827000000001,3654.5936861856753,4523.314736341369,91.54135902968466,3212.1613963029367,3303.7027553326216,694.747663497143,3116.9972443834577,-5.499998368141291,-5.651401617406289,5.989915816755682,-0.16021507582063557,5.820103992767645
230,res50,GBGGBLGLBBBGGLGBBB,"((1, 2), (4,), (1, 4), (1, 3), (3,), (2,), (3, 2), (4,), (4,), (4,), (3,), (2, 0), (0, 3), (2,), (3, 1), (4,), (4,), (5,))",16.958,784.3482,801.3062,3742.758576458802,4387.6523582976215,63.46969993958836,3441.4472294564944,3504.9169293960827,784.4836695132432,3396.49299804165,-2.099388534215362,-3.0934807739684342,3.192231852588751,-1.0154096331671127,2.1444079896774664
231,res50,GBGGBLGLBBBGGLGBBB,"((1, 0), (3,), (3, 4), (1, 6), (1,), (5,), (4, 4), (4,), (2,), (3,), (1,), (0, 6), (1, 0), (3,), (4, 6), (4,), (5,), (5,))",35.4107,815.5674999999999,850.9781999999999,3440.8447549885213,4451.550469634564,121.84272136547204,3630.539887643687,3752.3826090091593,835.9581638743781,3639.3186127064982,-1.7650318334384831,-3.0131254747637883,3.1067353077552395,-1.270518700845011,1.79674495383943
232,res50,GBGGBLGLBBBGGLGBBB,"((3, 2), (1,), (3, 1), (3, 4), (6,), (5,), (4, 1), (0,), (3,), (3,), (7,), (4, 3), (3, 2), (4,), (1, 4), (7,), (0,), (7,))",14.139,745.4201,759.5591000000001,4255.465719272558,4664.010242115017,60.16802980479469,3476.6469810784,3536.815010883194,738.4708444985151,3373.920189163418,-2.776381127088718,-4.605692444149038,4.828057944078601,-1.8815503251854573,2.855665278946201
233,res50,GBGGBLGLBBBGGLGBBB,"((2, 0), (2,), (3, 0), (2, 2), (3,), (3,), (3, 3), (2,), (4,), (1,), (4,), (0, 3), (4, 7), (0,), (0, 4), (4,), (2,), (2,))",40.0723,884.3574999999998,924.4298,3410.1374147316387,4252.426121829304,136.65204952435064,3760.664934035658,3897.316983560009,903.0989681687892,3765.782498864537,-2.307458265755912,-3.3750009365499807,3.492885867283436,-1.092757596273957,2.361959495365529
234,res50,GBGGBLGLBBBGGLGBBB,"((4, 3), (7,), (3, 7), (4, 1), (5,), (5,), (3, 4), (5,), (3,), (7,), (7,), (3, 3), (3, 2), (1,), (1, 7), (4,), (6,), (2,))",17.5519,636.3079999999999,653.8598999999999,3972.450196053947,5097.74472256441,69.72404859611927,3243.735748925514,3313.4597975216334,627.2355605322692,3124.586404622385,-4.071872195822178,-5.700186646010306,6.044748598401262,-1.697431699607529,4.244711419922917
235,res50,GBGGBLGLBBBGGLGBBB,"((0, 4), (6,), (2, 0), (3, 2), (7,), (2,), (0, 5), (0,), (4,), (3,), (0,), (1, 0), (2, 2), (2,), (4, 5), (5,), (7,), (6,))",13.4723,819.6650999999999,833.1374,4292.562723404047,4549.74715473135,57.83069277851634,3729.268956557587,3787.099649336104,808.9268538447384,3630.777397042172,-2.9059487853097905,-4.1277565094263045,4.305476078519174,-1.258375470825591,2.9929215528192072
236,res50,GBGGBLGLBBBGGLGBBB,"((1, 7), (6,), (3, 5), (4, 4), (3,), (4,), (3, 2), (5,), (7,), (4,), (6,), (4, 7), (3, 0), (3,), (2, 7), (6,), (5,), (5,))",8.91355,610.95695,619.8705,4887.9817063492055,5213.885706263199,43.56926933862896,3185.45970874716,3229.028978085789,608.0655384446616,3076.1396086351547,-1.904423836162299,-4.734840426897283,4.970170047596417,-2.8853661922609617,1.9413962490842251
237,res50,GBGGBLGLBBBGGLGBBB,"((4, 1), (2,), (4, 3), (4, 1), (4,), (5,), (0, 1), (4,), (0,), (4,), (5,), (0, 4), (2, 6), (5,), (2, 4), (3,), (1,), (3,))",22.8624,834.3258,857.1881999999999,3804.541710184492,4411.288326759587,86.98095439492194,3680.451662254353,3767.432616649275,832.0967361254076,3607.129227120633,-2.9271826040760205,-4.2549769522146015,4.444071155626532,-1.3678333273495107,3.015450341919234
238,res50,GBGGBLGLBBBGGLGBBB,"((1, 4), (7,), (0, 7), (2, 6), (3,), (5,), (0, 2), (1,), (5,), (2,), (2,), (2, 0), (4, 6), (1,), (2, 0), (2,), (0,), (1,))",16.593,891.6059,908.1989,3893.732634032634,4314.17258686203,64.6087055965035,3846.541732064448,3911.150437660952,872.3921244773313,3718.8905749128835,-3.942613839619125,-4.915685699449818,5.16981768823816,-1.013010970552556,4.104435897346185
239,res50,GBGGBLGLBBBGGLGBBB,"((0, 0), (4,), (4, 1), (2, 6), (2,), (1,), (0, 3), (0,), (3,), (4,), (4,), (0, 4), (3, 4), (5,), (3, 7), (0,), (0,), (5,))",31.9209,951.0041,982.925,3423.740765951424,4220.130780532852,109.2888866158588,4013.361674822943,4122.650561438802,969.7894827327001,4014.0133832458027,-1.3363702487269997,-2.635129428846973,2.706447832148301,-1.3163504965244888,1.3544709961471542
240,res50,GLGBLLBBGGLBGLLGLL,"((1, 7), (4,), (3, 0), (3,), (4,), (2,), (1,), (4,), (4, 2), (3, 6), (0,), (3,), (0, 2), (0,), (0,), (1, 3), (4,), (1,))",14.1629,832.3463999999999,846.5092999999999,4729.911629759128,4273.392296793302,66.98926542111556,3556.942694023636,3623.931959444752,786.2261797569764,3397.305959794984,-7.12137719491369,-6.253594222682119,6.67075625015074,0.9343193794471943,7.667401797998771
241,res50,GLGBLLBBGGLBGLLGLL,"((3, 2), (2,), (2, 1), (3,), (0,), (1,), (5,), (0,), (1, 7), (4, 7), (3,), (4,), (0, 5), (0,), (0,), (3, 4), (5,), (0,))",28.6542,864.1770000000001,892.8312000000001,3644.9190304415215,4229.145371574496,104.44223888207743,3654.730159771133,3759.1723986532106,840.0737690822923,3562.5502813386433,-5.9090039548021815,-5.230462890848279,5.519139430663293,0.721154087504764,6.280095017767396
242,res50,GLGBLLBBGGLBGLLGLL,"((4, 3), (4,), (3, 3), (7,), (0,), (3,), (3,), (0,), (2, 0), (2, 1), (0,), (4,), (4, 7), (1,), (5,), (1, 6), (2,), (2,))",23.7505,761.4893000000001,785.2398000000001,3952.3808985699534,4433.294787640823,93.87102253148568,3375.9065445342594,3469.777567065745,732.710222299492,3261.7691239934093,-6.689622418592138,-5.994863908473548,6.377166352524352,0.7445672476380941,7.16921589215072
243,res50,GLGBLLBBGGLBGLLGLL,"((2, 7), (4,), (3, 6), (5,), (3,), (3,), (3,), (0,), (3, 3), (0, 6), (0,), (5,), (1, 0), (3,), (5,), (3, 7), (2,), (4,))",15.092,749.8565,764.9485,4763.066165223665,4469.303557414709,71.88419456555556,3351.3363230005425,3423.220517566098,720.9056157615034,3225.8662956929916,-5.757627374718236,-5.7651623919754,6.117867381441191,-0.0079953603111453,6.109382875589535
244,res50,GLGBLLBBGGLBGLLGLL,"((0, 5), (5,), (2, 5), (2,), (0,), (1,), (7,), (5,), (3, 2), (4, 3), (2,), (5,), (0, 4), (3,), (5,), (1, 1), (5,), (2,))",17.5546,756.402,773.9566000000001,4231.501853285604,4505.755151372679,74.28232243368747,3408.1622080085976,3482.444530442285,739.8195200955046,3304.795500640575,-4.410722759453892,-5.101273781930075,5.3754923645737245,-0.722414733546362,4.614244282185036
245,res50,GLGBLLBBGGLBGLLGLL,"((1, 3), (1,), (4, 2), (2,), (4,), (4,), (4,), (6,), (3, 6), (2, 2), (1,), (7,), (0, 5), (5,), (4,), (4, 2), (0,), (1,))",23.2714,719.8626,743.134,3721.806338702148,4602.632310864434,86.61164403047317,3313.2628621428794,3399.8745061733525,701.7160558657929,3211.9859007259,-5.573415310590972,-5.526339431243476,5.849608661264357,0.04985447636631233,5.902379429398223
246,res50,GLGBLLBBGGLBGLLGLL,"((2, 4), (0,), (0, 1), (0,), (2,), (5,), (0,), (0,), (3, 5), (2, 3), (4,), (6,), (2, 2), (1,), (3,), (4, 7), (5,), (1,))",20.4884,853.2816,873.77,3927.630088253251,4279.487088964637,80.4708563001679,3651.607590451088,3732.078446751256,824.5020684533911,3538.9476201245398,-5.638546934159894,-5.174886578143471,5.457295426709923,0.4913662739942037,5.975477009903217
247,res50,GLGBLLBBGGLBGLLGLL,"((3, 6), (0,), (3, 4), (5,), (3,), (2,), (1,), (5,), (2, 7), (1, 6), (4,), (0,), (0, 2), (0,), (5,), (4, 7), (3,), (0,))",16.4465,811.9939999999999,828.4404999999999,4343.36721167721,4365.932451059261,71.43318884684923,3545.1109546654134,3616.544143512264,771.012358169046,3399.442375307396,-6.932078022616459,-6.003017233850931,6.386393538594275,0.9982610216561076,7.448407437635747
248,res50,GLGBLLBBGGLBGLLGLL,"((0, 6), (0,), (2, 5), (3,), (0,), (0,), (6,), (7,), (3, 6), (2, 1), (4,), (3,), (4, 2), (2,), (2,), (3, 4), (4,), (1,))",15.4852,751.2638999999998,766.7490999999998,4400.690677100677,4477.195671222757,68.1455752730394,3363.555481025925,3431.7010562989644,731.3559963982174,3261.103367170322,-4.615995454286469,-4.971228155654946,5.231287387148076,-0.37242376545243955,4.839381064226778
249,res50,GLGBLLBBGGLBGLLGLL,"((4, 1), (2,), (1, 5), (4,), (5,), (1,), (2,), (5,), (2, 0), (2, 0), (0,), (5,), (3, 3), (2,), (2,), (0, 7), (0,), (3,))",36.8693,797.8372999999999,834.7065999999999,3727.205794871797,4339.463682404977,137.41946861286678,3462.1859878180435,3599.60545643091,781.8500352757112,3380.13529552033,-6.332352556489749,-6.097061568747304,6.49294012584177,0.2511977125125931,6.760447955425274
250,res50,GBGBLGLBBLGLGBGGGG,"((0, 1), (3,), (2, 6), (3,), (2,), (0, 2), (1,), (4,), (3,), (5,), (3, 6), (0,), (4, 1), (4,), (3, 2), (4, 7), (3, 4), (2, 6))",28.0616,791.5008,819.5624,3657.176693081393,4565.25885145543,102.6262294905728,3613.406033134054,3716.0322626246266,796.6542225087098,3568.666792842494,-2.795171849183197,-3.9656671246995203,4.129426431116993,-1.2041534333050299,2.8755483676658304
251,res50,GBGBLGLBBLGLGBGGGG,"((0, 4), (0,), (2, 7), (0,), (1,), (2, 4), (5,), (3,), (4,), (3,), (0, 0), (2,), (0, 5), (3,), (2, 5), (4, 2), (2, 4), (1, 4))",16.7426,970.0848999999998,986.8275,4001.878956876458,4232.547801728142,67.00185862339978,4105.930710984664,4172.932569608064,946.575991225726,3976.5418264444615,-4.078879923215955,-4.706300422727613,4.938731987114582,-0.6541004723562578,4.252327245502199
252,res50,GBGBLGLBBLGLGBGGGG,"((0, 0), (6,), (1, 2), (0,), (4,), (0, 4), (4,), (2,), (7,), (2,), (1, 0), (3,), (1, 4), (4,), (3, 3), (3, 0), (4, 2), (1, 2))",48.052,862.1516999999998,910.2036999999998,3341.354537347043,4486.311529492266,160.5587682286001,3867.881111881357,4028.439880109957,875.9796245208878,3855.421764229124,-3.760045743509064,-4.294916171768962,4.487657290470981,-0.5557675420692819,3.9069488057819477
253,res50,GBGBLGLBBLGLGBGGGG,"((3, 0), (4,), (0, 7), (0,), (5,), (1, 7), (3,), (0,), (3,), (1,), (3, 0), (1,), (2, 1), (7,), (3, 2), (1, 2), (2, 4), (2, 1))",49.8008,899.5133000000001,949.3141,3461.244794619924,4364.233518134593,172.37275976790792,3925.6860938678574,4098.058853635766,893.6340679713826,3845.9366465515036,-5.865290742928758,-6.152234901667698,6.555547588396457,-0.3048229085780925,6.230741868986181
254,res50,GBGBLGLBBLGLGBGGGG,"((0, 3), (2,), (4, 6), (0,), (2,), (3, 2), (1,), (7,), (6,), (4,), (1, 6), (5,), (1, 7), (0,), (1, 5), (3, 2), (2, 0), (1, 2))",19.5745,889.8688000000002,909.4433,3730.676596320348,4418.970084419548,73.02612903467265,3932.3036062583215,4005.329735292995,870.6935088181912,3795.051346548601,-4.260825406246751,-5.249964488354708,5.540857541641183,-1.0331602359276095,4.450451368863948
255,res50,GBGBLGLBBLGLGBGGGG,"((2, 0), (2,), (4, 6), (4,), (3,), (4, 2), (1,), (2,), (3,), (2,), (1, 2), (5,), (1, 3), (2,), (3, 3), (1, 4), (0, 5), (3, 5))",44.2368,832.5555,876.7923000000001,3477.098991952544,4416.94349677233,153.8157326872063,3677.350601427036,3831.1663341142425,848.9093498060836,3661.020146968119,-3.1801089259014343,-4.441106762477875,4.647507533850363,-1.3024160868053145,3.284561561288709
256,res50,GBGBLGLBBLGLGBGGGG,"((2, 7), (1,), (1, 5), (1,), (2,), (3, 1), (3,), (0,), (6,), (5,), (0, 0), (3,), (4, 0), (7,), (3, 6), (3, 1), (2, 0), (3, 1))",13.8392,826.5737,840.4129,4708.484884559884,4557.853988802355,65.16166401440115,3767.402235584121,3832.5638995985214,801.1624776584836,3619.4768728569175,-4.670373615340325,-5.559907996939746,5.887232719722023,-0.9331143059452585,4.899183803044754
257,res50,GBGBLGLBBLGLGBGGGG,"((3, 6), (0,), (2, 7), (4,), (3,), (3, 2), (1,), (6,), (0,), (0,), (4, 3), (5,), (1, 7), (4,), (0, 3), (2, 0), (1, 7), (3, 0))",15.0001,942.4948000000002,957.4949,4485.268498445999,4330.763346479276,67.27947600353984,4081.721934087317,4149.001410090857,915.4671517930313,3913.0170626908757,-4.389344340838649,-5.687738423661156,6.030751811690308,-1.3580014422776459,4.590852672829761
258,res50,GBGBLGLBBLGLGBGGGG,"((3, 7), (6,), (1, 1), (5,), (0,), (3, 5), (5,), (7,), (1,), (2,), (2, 0), (4,), (4, 0), (7,), (0, 3), (4, 2), (2, 1), (0, 4))",12.1648,825.7976000000001,837.9624000000001,4879.480158730159,4601.189817083467,59.35790023492064,3799.651508091966,3859.009408326887,801.4383191379387,3651.646775448399,-4.3586777714681935,-5.373467927573472,5.678605999700644,-1.061037355464891,4.557316513309259
259,res50,GBGBLGLBBLGLGBGGGG,"((4, 3), (4,), (4, 3), (2,), (3,), (0, 3), (5,), (0,), (6,), (0,), (1, 2), (3,), (1, 5), (0,), (1, 0), (3, 6), (1, 1), (0, 7))",17.8334,931.02,948.8534,4394.665974025976,4308.995409726166,78.37183618119484,4011.7609063632553,4090.13274254445,884.6796749967293,3809.772577236641,-6.763291885055231,-6.854549300847347,7.35897378712206,-0.09787713191204638,7.253893902729007
260,res50,GGGLBGLLBLBLLLGGLG,"((0, 5), (4, 5), (2, 2), (1,), (6,), (3, 0), (0,), (3,), (7,), (1,), (1,), (2,), (1,), (0,), (0, 7), (2, 4), (0,), (2, 0))",17.9641,877.93557,895.89967,4034.3226619214106,4249.686297245725,72.4729757310224,3730.9507616936144,3803.423737424637,864.1802579682575,3685.2977881112997,-3.540509400091925,-3.105779357451299,3.205329829638449,0.4506866456964746,3.6704624688276297
261,res50,GGGLBGLLBLBLLLGGLG,"((3, 6), (1, 3), (1, 5), (2,), (4,), (3, 3), (1,), (5,), (0,), (5,), (5,), (0,), (3,), (3,), (2, 0), (0, 7), (2,), (1, 3))",15.1872,806.0726200000001,821.2598200000001,4425.823987401487,4259.553379094197,67.21587406146386,3433.509352316313,3500.7252263777773,806.8924555122599,3430.8453808208674,-1.7494298561617498,-1.9961533978836448,2.0368112753653267,-0.2511166513951915,1.780579851700193
262,res50,GGGLBGLLBLBLLLGGLG,"((1, 4), (0, 5), (2, 0), (5,), (7,), (3, 2), (3,), (5,), (3,), (2,), (7,), (0,), (1,), (5,), (3, 1), (3, 6), (1,), (3, 5))",17.5695,700.1752700000002,717.7447700000001,4178.22893273393,4592.249259553363,73.4093932336688,3215.379365215077,3288.7887584487457,717.7226909617028,3256.684917810742,-0.0030761684682573715,-0.9761600089251903,0.9857828266538469,-0.973113775076035,0.0030762630992981054
263,res50,GGGLBGLLBLBLLLGGLG,"((1, 3), (1, 2), (3, 3), (2,), (2,), (4, 4), (5,), (5,), (7,), (0,), (0,), (4,), (4,), (5,), (3, 4), (3, 5), (3,), (1, 0))",23.1054,685.1027199999999,708.2081199999999,3681.6168259638544,4606.6298891685465,85.06522941062524,3156.0146671026687,3241.079896513294,704.3344527781281,3200.3962475700455,-0.5469673550017693,-1.2552498007536121,1.271206619309659,-0.7121778259694433,0.5499755416752288
264,res50,GGGLBGLLBLBLLLGGLG,"((2, 7), (2, 6), (1, 6), (4,), (3,), (3, 7), (1,), (2,), (4,), (4,), (2,), (3,), (1,), (0,), (4, 6), (0, 1), (2,), (0, 3))",13.6082,747.9151,761.5233000000001,4714.580335497834,4410.13409776066,64.15695212152163,3298.405884740074,3362.562836861596,753.4963707762716,3318.9786994879273,-1.054062196616757,-1.2961583021106482,1.3131791831141586,-0.2446751335815046,1.0652910266122317
265,res50,GGGLBGLLBLBLLLGGLG,"((4, 4), (2, 6), (3, 5), (2,), (1,), (2, 3), (4,), (5,), (3,), (0,), (6,), (2,), (2,), (0,), (0, 0), (0, 3), (4,), (0, 7))",17.3022,840.8396999999999,858.1418999999999,4475.323141025642,4205.913714827908,77.43293605065386,3536.499226201783,3613.932162252437,837.0379982191708,3525.0751009281184,-2.45925548919462,-2.458736283221686,2.5207139927578766,0.0005322965039249614,2.5212597069342575
266,res50,GGGLBGLLBLBLLLGGLG,"((4, 5), (4, 7), (2, 2), (1,), (2,), (3, 6), (4,), (5,), (3,), (0,), (2,), (5,), (5,), (5,), (2, 6), (0, 3), (0,), (3, 7))",14.8378,737.95537,752.79317,4858.319830447332,4432.146782741998,72.08677798021142,3270.726518952681,3342.8132969328926,730.2576799982295,3243.2912048677226,-2.993583217787502,-2.9771956500377628,3.06855246040816,0.01689328221095849,3.085964121846025
267,res50,GGGLBGLLBLBLLLGGLG,"((1, 6), (4, 6), (3, 6), (4,), (5,), (3, 2), (0,), (0,), (7,), (1,), (3,), (2,), (3,), (4,), (1, 3), (2, 5), (4,), (0, 2))",14.9719,692.0006,706.9725,4375.551958041959,4559.70337965556,65.5103263606084,3155.317474543675,3220.827800904284,700.0720673313688,3168.1828947098634,-0.9760539014786569,-1.6345147722470523,1.6616750971771566,-0.6649511524346702,0.9856746170341162
268,res50,GGGLBGLLBLBLLLGGLG,"((2, 5), (1, 6), (3, 7), (1,), (4,), (1, 2), (1,), (5,), (0,), (0,), (5,), (3,), (0,), (2,), (4, 2), (0, 4), (0,), (3, 2))",16.9559,866.1381600000001,883.0940600000001,4187.1000616050615,4209.1727970132015,70.99604993456927,3645.725181527068,3716.7212314616377,859.94491606789,3638.8271956660924,-2.621367867892824,-2.0957728854179543,2.1406357490214933,0.5397436490603377,2.691933343586703
269,res50,GGGLBGLLBLBLLLGGLG,"((3, 4), (0, 3), (3, 2), (2,), (0,), (3, 2), (2,), (1,), (2,), (2,), (3,), (4,), (4,), (4,), (1, 7), (2, 6), (0,), (1, 4))",18.1648,820.62418,838.78898,4071.983613608614,4199.915078272158,73.96676794447777,3446.5518671767254,3520.518635121204,818.6528425282773,3435.296216913984,-2.4006201740660313,-2.4207347564369868,2.480788055120847,-0.0206093342056324,2.459667447013978
270,res50,BBGBLBGLBLGGGGBBLG,"((3,), (6,), (2, 4), (5,), (3,), (3,), (2, 0), (4,), (6,), (0,), (2, 5), (0, 2), (1, 5), (3, 7), (0,), (0,), (1,), (2, 0))",28.1826,890.9898999999999,919.1725,3665.423271915937,4211.546516938982,103.30115790309809,3752.445409972811,3855.746567875909,875.7139365475718,3675.2511657191008,-4.728009536015075,-4.681205026819004,4.911103867958167,0.04912725027378588,4.962643808520372
271,res50,BBGBLBGLBLGGGGBBLG,"((6,), (0,), (2, 4), (3,), (5,), (0,), (0, 5), (4,), (3,), (2,), (3, 1), (1, 3), (4, 2), (0, 2), (5,), (3,), (2,), (3, 4))",17.7069,831.46497,849.17187,4484.799661449663,4295.490474986851,79.41189912532305,3571.549858920228,3650.961758045551,812.0448156316689,3482.554920636885,-4.37214840481363,-4.61267053914085,4.835726679017272,-0.2515189145369567,4.572044997227272
272,res50,BBGBLBGLBLGGGGBBLG,"((7,), (5,), (1, 7), (2,), (5,), (4,), (1, 4), (2,), (4,), (4,), (1, 6), (2, 7), (4, 4), (0, 3), (3,), (5,), (0,), (2, 2))",16.9494,770.87145,787.82085,4719.250122377621,4472.5036094213465,79.98845802422726,3447.725342524867,3527.7138005490942,741.476130646985,3332.165683389701,-5.882646968916217,-5.543196761850576,5.868499220617046,0.3606669717470125,6.250331930790045
273,res50,BBGBLBGLBLGGGGBBLG,"((7,), (7,), (0, 6), (7,), (0,), (2,), (3, 7), (0,), (3,), (3,), (2, 6), (2, 4), (1, 3), (1, 5), (1,), (6,), (4,), (2, 5))",16.0457,828.7784899999999,844.8241899999999,4832.808661616161,4384.85227427258,77.54579794169443,3634.0712467446942,3711.617044686389,793.847860231738,3506.674740830089,-6.033957167853109,-5.521644646763833,5.844348820552044,0.5452102755933018,6.4214230864565245
274,res50,BBGBLBGLBLGGGGBBLG,"((0,), (7,), (2, 0), (5,), (2,), (7,), (2, 0), (3,), (4,), (4,), (1, 2), (1, 3), (2, 2), (4, 4), (3,), (0,), (2,), (4, 4))",58.0179,782.62175,840.63965,3423.275032983086,4405.318572664102,198.6112285361094,3447.698130645882,3646.309359181992,813.4681905442185,3493.8182326709593,-3.232236244838258,-4.182067715319754,4.364598166128867,-0.9815577353680742,3.3401993798434235
275,res50,BBGBLBGLBLGGGGBBLG,"((2,), (7,), (0, 3), (5,), (2,), (7,), (2, 3), (1,), (2,), (3,), (2, 4), (4, 7), (1, 5), (0, 7), (0,), (4,), (0,), (0, 3))",32.1994,904.0847,936.2841,3579.11784141557,4237.206897580243,115.2454470228765,3830.793926836765,3946.039373859641,881.7561460748143,3730.1971345529473,-5.823868409725816,-5.4698450485955785,5.786349394441903,0.3759162275537908,6.184017448352328
276,res50,BBGBLBGLBLGGGGBBLG,"((3,), (5,), (2, 7), (5,), (0,), (2,), (1, 4), (4,), (1,), (1,), (4, 0), (1, 6), (0, 2), (1, 2), (4,), (0,), (4,), (3, 7))",23.8606,872.18248,896.04308,4104.733213347112,4199.683272020619,97.9413973103901,3662.890171405458,3760.831568715849,857.8391238379459,3597.793454832161,-4.2636293962623055,-4.335161277625573,4.531614055407012,-0.07471756126972075,4.453510582628933
277,res50,BBGBLBGLBLGGGGBBLG,"((2,), (2,), (4, 2), (5,), (0,), (7,), (3, 7), (0,), (6,), (0,), (2, 4), (2, 4), (2, 6), (1, 3), (6,), (2,), (3,), (2, 6))",28.836,758.3884899999999,787.22449,3793.9625659960952,4492.298630680641,109.4027045530634,3406.907575150958,3516.310279704021,748.0008312779396,3340.431720355156,-4.982525216162972,-5.001792940857009,5.26514457030021,-0.020278085413101502,5.243798814374028
278,res50,BBGBLBGLBLGGGGBBLG,"((5,), (1,), (2, 3), (2,), (5,), (3,), (3, 2), (1,), (7,), (5,), (2, 5), (0, 0), (4, 2), (2, 2), (3,), (5,), (3,), (3, 4))",19.407,720.99558,740.4025800000001,4247.639556832055,4570.961947034407,82.43394087943969,3295.643360160001,3378.0773010394414,705.6414649148753,3209.29211126346,-4.694893835340868,-4.996486898746986,5.259265405713825,-0.316450057654891,4.926172399650317
279,res50,BBGBLBGLBLGGGGBBLG,"((6,), (1,), (3, 7), (0,), (2,), (0,), (2, 5), (5,), (2,), (3,), (1, 2), (3, 6), (0, 1), (2, 0), (7,), (0,), (0,), (0, 1))",18.6979,925.2557,943.9536,4300.518008658008,4182.193524986004,80.41065567408657,3869.598397496393,3950.00905317048,892.7953735518632,3744.969363673219,-5.419570034812813,-5.1908663179565515,5.47506987603631,0.24180870920171635,5.730117781033174
280,res50,BBBBBGLBLBBLBBLLLG,"((7,), (1,), (6,), (6,), (2,), (0, 4), (1,), (6,), (3,), (3,), (4,), (4,), (1,), (7,), (2,), (5,), (3,), (2, 2))",15.9975,670.95631,686.95381,4713.018813131315,4586.872914859693,75.39651846306822,3077.591325393204,3152.9878438562723,624.3676119565313,2857.079701074968,-9.110685046417998,-9.385007409968093,10.357013935241982,-0.30182025652872047,10.023934112685211
281,res50,BBBBBGLBLBBLBBLLLG,"((0,), (3,), (0,), (6,), (7,), (1, 5), (0,), (7,), (4,), (7,), (4,), (2,), (4,), (6,), (3,), (3,), (5,), (4, 2))",57.7406,679.3956299999999,737.1362299999998,3389.129549561724,4642.759904496578,195.69037366942368,3154.270790254192,3349.9611639236155,685.9568666541953,3086.5571740941273,-6.942999307713383,-7.862896820003082,8.53390930322859,-0.9885312286515061,7.461017716089873
282,res50,BBBBBGLBLBBLBBLLLG,"((4,), (0,), (3,), (2,), (1,), (1, 2), (4,), (7,), (1,), (0,), (3,), (0,), (6,), (5,), (2,), (1,), (5,), (0, 4))",20.9396,801.2935999999997,822.2331999999998,3960.2029578754577,4209.63370645809,82.92506585672893,3373.1525473291454,3456.0776131858743,747.3447689290572,3149.1652362401956,-9.107930824362557,-8.880367031536695,9.745832750017994,0.25036705060165704,10.020600154632444
283,res50,BBBBBGLBLBBLBBLLLG,"((2,), (5,), (1,), (3,), (6,), (4, 4), (3,), (5,), (0,), (5,), (2,), (2,), (2,), (0,), (5,), (4,), (1,), (3, 2))",30.6709,695.05044,725.7213399999999,3603.135931607092,4427.611043006493,110.51142184472796,3077.4130035905214,3187.9244254352493,672.9923647228276,2933.423823292979,-7.265733053567416,-7.983269619307973,8.675889250008732,-0.7737555807229707,7.835003492036474
284,res50,BBBBBGLBLBBLBBLLLG,"((6,), (1,), (7,), (2,), (2,), (1, 4), (5,), (1,), (2,), (0,), (3,), (3,), (2,), (5,), (4,), (4,), (5,), (0, 5))",15.96,709.6731999999998,725.6331999999999,4531.958885281384,4409.350474322776,72.33006380909089,3129.1978610341616,3201.5279248432525,662.2497770022065,2913.985919902507,-8.73491221154067,-8.981399247199253,9.867652515986276,-0.2700781225674244,9.570924022762197
285,res50,BBBBBGLBLBBLBBLLLG,"((5,), (4,), (1,), (1,), (0,), (2, 5), (5,), (4,), (5,), (7,), (2,), (4,), (2,), (0,), (4,), (5,), (5,), (4, 7))",16.8416,729.54602,746.38762,4728.7831993007,4414.304912033648,79.64027512934267,3220.438579640598,3300.078854769941,678.1635135895305,2985.9257074328525,-9.14057315292415,-9.519564869882146,10.52113073527142,-0.4171187625868102,10.060126362351498
286,res50,BBBBBGLBLBBLBBLLLG,"((5,), (5,), (6,), (3,), (7,), (1, 0), (3,), (4,), (4,), (3,), (2,), (2,), (2,), (6,), (4,), (5,), (5,), (4, 2))",19.7424,587.21482,606.95722,4182.118939948942,4833.014739888765,82.56506496004799,2838.0178805411283,2920.5829455011763,553.722602284287,2642.400427836689,-8.770736381670039,-9.52489701047511,10.52764428638219,-0.8266652594722345,9.613950648953617
287,res50,BBBBBGLBLBBLBBLLLG,"((4,), (7,), (7,), (5,), (1,), (2, 5), (3,), (1,), (5,), (2,), (0,), (4,), (2,), (0,), (1,), (4,), (0,), (2, 6))",20.1819,757.8297599999999,778.0116599999999,4133.256935841939,4344.163107845488,83.41697815346842,3292.1360854194,3375.5530635728683,720.2049485670263,3100.2434292618755,-7.430057209293438,-8.155985971068995,8.880258618160829,-0.7841948907939056,8.02642519299403
288,res50,BBBBBGLBLBBLBBLLLG,"((3,), (4,), (1,), (2,), (1,), (3, 0), (5,), (7,), (1,), (2,), (0,), (4,), (1,), (6,), (4,), (2,), (1,), (2, 5))",24.3799,734.12794,758.50784,3805.910726038668,4309.026709816971,92.78772290975012,3163.3769018829103,3256.164624792661,695.9021849693486,2975.049725304262,-8.253791421674878,-8.633313480159162,9.449082383308696,-0.41366511419410246,8.996329711683394
289,res50,BBBBBGLBLBBLBBLLLG,"((3,), (5,), (6,), (4,), (1,), (4, 7), (1,), (2,), (5,), (5,), (3,), (2,), (7,), (1,), (2,), (0,), (2,), (2, 7))",22.5384,662.78661,685.32501,4153.500601922588,4542.516349473637,93.61325796637207,3010.719012137208,3104.3322701035795,634.9119792964018,2841.2519271272995,-7.356076309486826,-8.47461934116679,9.259310674441739,-1.2073571445619804,7.940160580914707
290,res50,BLGGBBBLBBBLBGLLLG,"((7,), (4,), (2, 5), (4, 5), (4,), (6,), (0,), (2,), (0,), (4,), (1,), (3,), (1,), (2, 1), (1,), (4,), (0,), (0, 7))",14.0776,783.7732,797.8507999999999,5028.008181818182,4237.89028234006,70.78228798036363,3321.5448278385725,3392.327115818936,754.2161316690036,3218.7110683039155,-5.469026079938292,-5.117904069611168,5.39396186332769,0.3714359386840171,5.785432914891014
291,res50,BLGGBBBLBBBLBGLLLG,"((3,), (3,), (4, 2), (3, 5), (3,), (0,), (3,), (4,), (0,), (5,), (5,), (4,), (1,), (1, 0), (2,), (0,), (0,), (3, 5))",24.1531,772.6521799999999,796.8052799999999,3869.726448892954,4196.613408583785,93.4658898927564,3242.522498759492,3335.9883886522484,771.132935877703,3222.395870529577,-3.2219093882381125,-3.4050633542091853,3.5250950748023078,-0.18925147707845266,3.329172303226376
292,res50,BLGGBBBLBBBLBGLLLG,"((6,), (0,), (4, 2), (2, 6), (0,), (3,), (6,), (1,), (5,), (4,), (0,), (5,), (7,), (4, 7), (4,), (0,), (5,), (0, 3))",16.4496,729.4808999999998,745.9304999999998,4453.961753246753,4488.149034824826,73.26588925620779,3274.0189972581443,3347.284886514352,708.6873383200615,3178.2261525705912,-4.992846073453002,-5.050622808499805,5.319279554949978,-0.06081303634406173,5.255231703196919
293,res50,BLGGBBBLBBBLBGLLLG,"((6,), (1,), (4, 5), (0, 4), (6,), (6,), (2,), (1,), (3,), (6,), (4,), (5,), (2,), (3, 4), (4,), (2,), (4,), (0, 0))",17.763,662.2579,680.0209,4380.622224025975,4573.162372696531,77.81299256537339,3028.612909301022,3106.425901866395,627.0664660214171,2877.0742376903413,-7.787177420367944,-7.383136486154567,7.971697816187488,0.4381613347367891,8.444788048476866
294,res50,BLGGBBBLBBBLBGLLLG,"((3,), (2,), (1, 7), (3, 1), (5,), (0,), (6,), (3,), (7,), (2,), (6,), (1,), (1,), (2, 2), (5,), (3,), (2,), (2, 1))",26.4281,675.8686299999999,702.2967299999999,3706.301458978327,4542.684163628688,97.95050558802514,3070.257722194417,3168.208227782442,673.8919312061474,3024.385694233294,-4.044558030884251,-4.539554322469996,4.755429633970948,-0.5158605717693996,4.215037675701633
295,res50,BLGGBBBLBBBLBGLLLG,"((4,), (2,), (2, 4), (3, 6), (6,), (5,), (5,), (3,), (0,), (1,), (3,), (5,), (1,), (2, 0), (0,), (5,), (2,), (1, 7))",20.761,757.86643,778.62743,4087.630908258409,4286.654278187261,84.86330528635283,3248.7113744540065,3333.5746797403594,721.0905231999837,3102.607350365486,-7.38952990649408,-6.928518229351998,7.444297756455258,0.49779649825402744,7.979151708260532
296,res50,BLGGBBBLBBBLBGLLLG,"((5,), (4,), (1, 5), (4, 3), (1,), (0,), (1,), (2,), (0,), (0,), (0,), (5,), (0,), (2, 3), (4,), (0,), (3,), (2, 0))",20.0327,915.04802,935.08072,4080.730412920413,4015.7347857519135,81.74804814291075,3674.5901645474128,3756.3382126903234,887.9494559958289,3582.222002433419,-5.040341758321266,-4.635264462307312,4.860564480331644,0.4265783002114343,5.307876893883986
297,res50,BLGGBBBLBBBLBGLLLG,"((0,), (0,), (0, 5), (0, 4), (3,), (2,), (2,), (0,), (1,), (0,), (0,), (0,), (5,), (0, 6), (2,), (0,), (4,), (2, 1))",60.1834,1023.1232700000002,1083.3066700000002,3321.7456540700805,3873.058286600052,199.91394739716128,3962.616059086843,4162.530006484004,1049.9455776755415,4060.6037857216675,-3.0795612404434554,-2.4486603244556853,2.5101247533861946,0.6509472347240709,3.177411575780551
298,res50,BLGGBBBLBBBLBGLLLG,"((3,), (0,), (4, 6), (4, 2), (4,), (5,), (7,), (1,), (4,), (2,), (4,), (4,), (7,), (0, 4), (1,), (2,), (1,), (3, 7))",22.9003,690.34573,713.24603,4069.7069946719935,4478.2010065866,93.19751109008706,3091.5069429787613,3184.7044540688485,675.0105075394072,3017.5686896115735,-5.360776064970575,-5.248077706040779,5.538755920707453,0.11908208271780042,5.664433669332267
299,res50,BLGGBBBLBBBLBGLLLG,"((7,), (3,), (4, 0), (2, 4), (3,), (4,), (3,), (4,), (7,), (7,), (4,), (0,), (3,), (3, 5), (0,), (0,), (5,), (0, 2))",15.232,690.2777000000001,705.5097000000001,4794.207937062938,4581.317807861286,73.02537529734268,3162.381519379532,3235.406894676874,655.7877746012043,3031.120370989217,-7.047660067437166,-6.314090633353223,6.739637450326247,0.7891887763300474,7.582014688979603
300,res50,LLLBBGBLBGGBGLLGGB,"((3,), (2,), (1,), (2,), (1,), (2, 0), (5,), (2,), (5,), (1, 5), (3, 0), (5,), (4, 1), (2,), (2,), (2, 0), (4, 0), (7,))",51.3276,711.64196,762.96956,3407.32319784261,4604.468768071301,174.88972216958635,3276.7331788690467,3451.622901038633,728.2010836913947,3242.394952677258,-4.556993900071881,-6.061726740149268,6.4528828663705555,-1.5765773748806238,4.774570800191208
301,res50,LLLBBGBLBGGBGLLGGB,"((0,), (1,), (3,), (4,), (2,), (1, 3), (7,), (4,), (5,), (4, 0), (3, 7), (5,), (1, 3), (3,), (0,), (2, 1), (4, 5), (4,))",-1.0,857.5709600000001,856.5709600000001,3246.261573097357,4640.248747949749,-3.246261573097357,3979.3425734180646,3976.096311844967,828.8822675532426,3617.781208663673,-3.2325042220387084,-9.011730981310928,9.904277857467452,-5.972280994573821,3.340485558762282
302,res50,LLLBBGBLBGGBGLLGGB,"((4,), (1,), (5,), (1,), (7,), (1, 2), (1,), (5,), (2,), (3, 5), (2, 7), (4,), (0, 4), (5,), (3,), (0, 7), (3, 4), (0,))",43.5226,785.8721999999999,829.3947999999999,3506.8239180806427,4558.500557402204,152.62609465705657,3582.3988617468963,3735.0249564039527,795.9270299376423,3512.078989391747,-4.035203748848879,-5.969062311884947,6.347977015483283,-2.015174979348609,4.204879191623857
303,res50,LLLBBGBLBGGBGLLGGB,"((1,), (5,), (1,), (5,), (4,), (3, 4), (0,), (4,), (6,), (4, 7), (1, 0), (4,), (4, 1), (3,), (2,), (3, 6), (4, 6), (2,))",83.8166,666.54883,750.36543,3326.246153970069,4892.269887683743,278.79464338884765,3260.93676967983,3539.7314130686777,726.7227576814536,3350.693944657431,-3.150821103065259,-5.3404466709909375,5.641740831407781,-2.2608612616693815,3.253327636797323
304,res50,LLLBBGBLBGGBGLLGGB,"((2,), (4,), (0,), (0,), (4,), (2, 4), (4,), (2,), (2,), (3, 5), (4, 5), (2,), (3, 1), (2,), (2,), (0, 7), (1, 4), (6,))",62.5952,803.21639,865.81159,3364.98131242741,4408.443785595989,210.6316782476562,3540.9343029843444,3751.565981232001,830.1328419931396,3523.3521825755893,-4.120844352159859,-6.083160999915749,6.477178176652955,-2.0466561626422672,4.297956447692897
305,res50,LLLBBGBLBGGBGLLGGB,"((5,), (3,), (5,), (4,), (7,), (1, 6), (5,), (3,), (3,), (4, 1), (4, 5), (0,), (2, 4), (5,), (4,), (2, 3), (2, 2), (4,))",37.4091,655.1752499999999,692.5843499999999,3662.713844481604,4909.755420694619,137.0188284795968,3216.750235192452,3353.769063672049,662.3098670412166,3114.119698819342,-4.371234053842426,-7.145672832652182,7.695573325057656,-2.901259627643696,4.57104513541834
306,res50,LLLBBGBLBGGBGLLGGB,"((5,), (3,), (3,), (1,), (6,), (4, 3), (4,), (0,), (3,), (4, 3), (3, 5), (1,), (3, 2), (0,), (4,), (0, 6), (4, 0), (2,))",37.4917,740.5634799999999,778.05518,3602.7465440356737,4675.995515478969,135.07309260502228,3462.8715114074985,3597.944604012521,737.3468122335318,3334.745481705677,-5.232066929554817,-7.315263331550949,7.892629999822989,-2.1982081222005676,5.520925443911067
307,res50,LLLBBGBLBGGBGLLGGB,"((4,), (3,), (0,), (1,), (0,), (2, 6), (0,), (5,), (2,), (1, 0), (1, 6), (2,), (1, 6), (3,), (2,), (3, 0), (0, 0), (7,))",43.5519,930.16265,973.71455,3542.593335227991,4209.303957959442,154.28667067651594,3915.337324191044,4069.6239948675593,926.6808830725147,3795.954041334836,-4.8303342008687595,-6.724698740666573,7.209517042426787,-1.990512968487386,5.075497702244588
308,res50,LLLBBGBLBGGBGLLGGB,"((3,), (1,), (3,), (6,), (7,), (1, 5), (3,), (5,), (6,), (2, 1), (4, 0), (0,), (2, 5), (0,), (5,), (2, 0), (3, 0), (1,))",50.4675,724.5481600000002,775.0156600000001,3396.993092691621,4748.461575510053,171.43774890541437,3440.489097366511,3611.9268462719256,726.9030851214048,3325.7690300531895,-6.207948737267488,-7.922580616883086,8.604260056332274,-1.8281206739071345,6.618843125498588
309,res50,LLLBBGBLBGGBGLLGGB,"((0,), (4,), (4,), (4,), (1,), (2, 5), (4,), (1,), (5,), (2, 7), (0, 3), (1,), (2, 2), (5,), (2,), (0, 4), (0, 1), (6,))",122.028,908.0442499999996,1030.0722499999997,3234.949854779698,4268.885622184116,394.754460879057,3876.337043131957,4271.091504011014,971.0191658088597,3961.1451066825834,-5.7329070063910565,-7.2568428243075,7.824666579508555,-1.6166148435486039,6.081557014577419
310,res50,BGGBGBLLGBLGBGGBLL,"((1,), (0, 4), (0, 6), (6,), (2, 5), (5,), (4,), (1,), (0, 7), (0,), (2,), (1, 6), (2,), (3, 2), (0, 4), (2,), (2,), (3,))",41.9558,1064.2389,1106.1947,3517.7183858019766,4156.234100768339,147.58868905103057,4423.226007544187,4570.814696595218,1031.0615713151246,4213.807968166913,-6.792034773342828,-7.81057102783532,8.472306548502022,-1.092756667325234,7.28696818649178
311,res50,BGGBGBLLGBLGBGGBLL,"((5,), (2, 3), (1, 4), (5,), (0, 4), (6,), (5,), (4,), (1, 3), (0,), (2,), (1, 1), (7,), (0, 2), (4, 1), (1,), (0,), (3,))",19.3134,949.3784,968.6918,4245.168076923075,4362.115030884557,81.98862913684613,4141.297788637132,4223.2864177739775,908.1888456766532,3920.1029700871386,-6.2458414867707965,-7.1788512001192135,7.734068467086712,-0.9951662178448928,6.661935412592376
312,res50,BGGBGBLLGBLGBGGBLL,"((6,), (4, 3), (4, 6), (7,), (2, 3), (5,), (1,), (4,), (1, 3), (5,), (1,), (4, 3), (5,), (2, 0), (3, 2), (1,), (0,), (4,))",17.1912,748.0878000000001,765.2790000000001,4519.086375291375,4707.112631454381,77.68851769490907,3521.333532816919,3599.022050511828,709.6057453094131,3316.163355658295,-7.274896435233029,-7.859320973410175,8.529697259059859,-0.6302765008711401,7.845660080769434
313,res50,BGGBGBLLGBLGBGGBLL,"((4,), (3, 1), (3, 6), (1,), (2, 0), (1,), (2,), (3,), (2, 1), (6,), (1,), (0, 3), (2,), (2, 5), (0, 0), (7,), (3,), (4,))",22.5263,900.6081,923.1344,4061.193160597573,4339.423929706393,91.48365549356907,3908.120340427408,3999.6039959209775,858.1749073311119,3676.7323626315833,-7.036840211879026,-8.072590026879585,8.781483160724328,-1.1141508285230435,7.569493364809456
314,res50,BGGBGBLLGBLGBGGBLL,"((5,), (1, 5), (1, 7), (1,), (0, 4), (0,), (5,), (0,), (2, 7), (2,), (3,), (0, 7), (6,), (4, 4), (0, 5), (0,), (1,), (0,))",19.6903,1087.1728999999998,1106.8631999999998,4179.408956043956,4195.679166265106,82.29381616719232,4561.428686658016,4643.722502825209,1038.776643004261,4295.628567910253,-6.151307315641073,-7.49601068330801,8.103445849935234,-1.432841874728699,6.554494409772702
315,res50,BGGBGBLLGBLGBGGBLL,"((0,), (2, 3), (3, 2), (3,), (0, 7), (2,), (0,), (4,), (3, 6), (0,), (3,), (3, 5), (2,), (1, 3), (2, 6), (6,), (0,), (1,))",61.3633,920.4484,981.8117,3389.8734434467974,4331.436401917294,208.01382107225888,3986.86370584653,4194.877526918789,932.2345414860151,3914.5250367885233,-5.049558740640883,-6.683210375779185,7.1618520125820195,-1.7205308511162627,5.318099288077989
316,res50,BGGBGBLLGBLGBGGBLL,"((3,), (0, 1), (4, 1), (5,), (3, 0), (0,), (1,), (3,), (1, 0), (0,), (0,), (2, 0), (2,), (1, 3), (4, 0), (3,), (1,), (2,))",26.0691,943.6534,969.7225,3803.210612745099,4278.126448921085,99.14627778471323,4037.068569154309,4136.214846939022,895.9641683714344,3804.1495392107377,-7.606127694115124,-8.028241278956465,8.729028769914747,-0.45686318183944735,8.23228586949339
317,res50,BGGBGBLLGBLGBGGBLL,"((0,), (1, 6), (3, 5), (5,), (2, 3), (6,), (5,), (3,), (4, 6), (0,), (3,), (0, 1), (0,), (1, 1), (3, 5), (1,), (4,), (4,))",61.4019,890.1472,951.5491,3428.398240194764,4417.588616421695,210.5101659046149,3932.304137659646,4142.814303564261,913.2116160090369,3903.8310370718177,-4.028954889554628,-5.768621255527535,6.121762551273199,-1.8126991989832637,4.198094211559358
318,res50,BGGBGBLLGBLGBGGBLL,"((6,), (0, 5), (3, 6), (0,), (2, 7), (1,), (3,), (5,), (4, 5), (1,), (3,), (1, 0), (6,), (3, 1), (3, 4), (2,), (3,), (1,))",17.2802,825.8788999999997,843.1590999999997,4532.681020646023,4569.830328566893,78.3256345729674,3774.126444943464,3852.45207951643,800.2965185614845,3584.857861935118,-5.083569807704768,-6.946075176486068,7.464569806872734,-1.9622581306608151,5.355837548257721
319,res50,BGGBGBLLGBLGBGGBLL,"((4,), (3, 7), (3, 3), (3,), (1, 3), (3,), (5,), (4,), (3, 1), (0,), (3,), (2, 6), (1,), (3, 5), (2, 0), (5,), (4,), (1,))",22.309,763.7493,786.0582999999999,3998.1220599008857,4576.153043809292,89.19410503432887,3495.033683902216,3584.227788936545,739.9760916184247,3312.907891236298,-5.8624415493832,-7.569828528692614,8.189780899673506,-1.8137149586316124,6.227526659785373
320,res50,BLGLGLGLBGLBLBBLLB,"((7,), (5,), (4, 1), (1,), (4, 1), (0,), (3, 1), (1,), (2,), (0, 7), (5,), (2,), (3,), (3,), (4,), (0,), (1,), (2,))",14.4603,736.8173300000001,751.27763,4971.348419913421,4469.363720300247,71.88718955647404,3293.104643190495,3364.991832746969,713.065404527369,3141.1889220970843,-5.086298852347177,-6.650919876592571,7.1247835198804825,-1.6484669814017476,5.358866834657157
321,res50,BLGLGLGLBGLBLBBLLB,"((4,), (4,), (4, 4), (5,), (2, 0), (0,), (3, 3), (5,), (3,), (1, 6), (1,), (7,), (0,), (7,), (3,), (5,), (0,), (7,))",19.4858,701.3810899999997,720.8668899999998,4326.838653291154,4600.208478678967,84.31191263030077,3226.4992370030945,3310.8111496333954,690.3390455784273,3092.969345035338,-4.234879538103418,-6.579710975728078,7.043128472893693,-2.4485234564682994,4.422152363697383
322,res50,BLGLGLGLBGLBLBBLLB,"((2,), (2,), (2, 3), (5,), (4, 7), (2,), (1, 4), (1,), (5,), (4, 1), (5,), (2,), (3,), (7,), (6,), (3,), (3,), (4,))",27.8472,614.8948800000001,642.7420800000001,3750.658399647309,4863.351335179729,104.44533458665856,2990.4498356431795,3094.895170229838,617.447931774914,2883.6515880392867,-3.9353496545746824,-6.825548865839735,7.325558436627387,-3.0085980648163377,4.09656376244968
323,res50,BLGLGLGLBGLBLBBLLB,"((6,), (2,), (4, 5), (2,), (3, 2), (4,), (1, 7), (3,), (3,), (1, 0), (1,), (2,), (1,), (5,), (1,), (1,), (2,), (7,))",15.2525,724.62984,739.88234,4967.802323232323,4402.718258556185,75.771404935101,3190.3410272626465,3266.112432197748,708.9366411234614,3046.391106296142,-4.182516219611159,-6.727304416576896,7.212512058858639,-2.6558704075326482,4.36508667791504
324,res50,BLGLGLGLBGLBLBBLLB,"((1,), (5,), (0, 1), (3,), (0, 0), (2,), (1, 5), (0,), (3,), (3, 0), (3,), (5,), (3,), (5,), (4,), (3,), (3,), (4,))",37.5429,772.97926,810.52216,3589.848214387279,4324.020095894975,134.77331252792018,3342.3778539500267,3477.151166477947,778.9045841285637,3263.7551299502857,-3.900889751297647,-6.1370940264243075,6.538359283434107,-2.3269770857809213,4.059236075341622
325,res50,BLGLGLGLBGLBLBBLLB,"((4,), (4,), (1, 5), (5,), (2, 2), (4,), (2, 1), (4,), (7,), (3, 6), (4,), (3,), (3,), (6,), (0,), (5,), (5,), (3,))",20.5021,677.98121,698.4833100000001,4053.339693778444,4674.3485877195535,83.10197573581503,3169.120511463894,3252.222487199709,680.4479983529948,3071.1431923344617,-2.5820676584248377,-5.567863071421162,5.896152784970089,-3.0649340847507114,2.6505055038238488
326,res50,BLGLGLGLBGLBLBBLLB,"((5,), (0,), (1, 7), (0,), (3, 7), (5,), (1, 0), (0,), (6,), (0, 2), (4,), (6,), (5,), (4,), (7,), (4,), (0,), (7,))",16.3486,767.59883,783.94743,4632.458576701078,4544.77309029854,75.73421228705524,3488.562506728644,3564.2967190157,745.9487623967534,3316.7515143045175,-4.847093841897873,-6.945134600902238,7.463483581557641,-2.2049150611525796,5.094005046828679
327,res50,BLGLGLGLBGLBLBBLLB,"((2,), (1,), (0, 6), (1,), (2, 2), (3,), (3, 6), (2,), (1,), (1, 2), (0,), (2,), (0,), (1,), (4,), (2,), (2,), (3,))",29.3063,857.8944100000001,887.2007100000001,3698.651649719389,4126.069143246505,108.39379484217132,3539.731653264666,3648.125448106837,837.2704840983706,3385.5644498345177,-5.627838812440699,-7.197148289091134,7.755309407421061,-1.662894498655725,5.9634522952756095
328,res50,BLGLGLGLBGLBLBBLLB,"((1,), (0,), (0, 0), (3,), (3, 4), (3,), (2, 3), (4,), (0,), (3, 7), (0,), (4,), (2,), (5,), (4,), (4,), (3,), (4,))",36.9314,791.7221999999999,828.6536,3574.3985744980127,4286.468850837294,132.00754351421588,3393.6925488163733,3525.700092330589,793.2193944273126,3304.6729071342565,-4.276117978934424,-6.2690296794423945,6.688322608847935,-2.081937817847177,4.467138073227524
329,res50,BLGLGLGLBGLBLBBLLB,"((7,), (5,), (3, 0), (1,), (4, 7), (1,), (1, 6), (4,), (0,), (4, 7), (3,), (2,), (0,), (2,), (2,), (1,), (3,), (4,))",14.4194,748.55414,762.97354,4992.158367465868,4444.034348902063,71.98392836383734,3326.600310172844,3398.5842385366814,726.5912002763976,3172.774720376268,-4.768492983859231,-6.644223073830286,7.117099008329027,-1.9696528478260233,5.00726401720285
330,res50,GBLLLBBBBBGLLBLLLG,"((1, 3), (4,), (3,), (1,), (1,), (1,), (0,), (4,), (1,), (0,), (2, 3), (1,), (3,), (3,), (4,), (0,), (3,), (0, 7))",21.6864,799.29505,820.98145,3921.6593794440846,4172.135540440872,85.0466739663762,3334.767285403464,3419.81395936984,782.4022349443883,3196.941142799474,-4.699157947553104,-6.517103538913976,6.97143946714021,-1.9075860739618649,4.93086718474851
331,res50,GBLLLBBBBBGLLBLLLG,"((1, 6), (4,), (1,), (4,), (2,), (6,), (5,), (7,), (7,), (6,), (3, 4), (1,), (2,), (1,), (5,), (5,), (2,), (0, 6))",13.859,594.0786999999999,607.9377,4669.454444444445,4929.088091230844,64.71396914555555,2928.2662454239007,2992.980214569456,572.0142457373383,2747.255939183273,-5.909068357277664,-8.210020039224718,8.944353231946572,-2.445455307727336,6.280167763366715
332,res50,GBLLLBBBBBGLLBLLLG,"((0, 0), (5,), (1,), (0,), (1,), (4,), (5,), (6,), (4,), (4,), (0, 3), (0,), (1,), (1,), (1,), (2,), (5,), (1, 6))",52.4771,795.8785200000002,848.3556200000002,3465.464828178862,4257.60314963981,181.8575443348249,3388.534893482672,3570.392437817497,796.6427444485437,3305.2879542938767,-6.095660160942467,-7.425079683556379,8.020616877849466,-1.4157168080755302,6.491350848522885
333,res50,GBLLLBBBBBGLLBLLLG,"((3, 7), (2,), (3,), (0,), (0,), (7,), (0,), (0,), (2,), (3,), (3, 0), (4,), (2,), (7,), (5,), (3,), (0,), (1, 6))",12.7558,738.3233299999999,751.07913,5138.720357142856,4443.998983156935,65.54848913164285,3281.108127761042,3346.6566168926847,723.3526287260753,3138.421088880617,-3.691555279125472,-6.222195816594146,6.635041064114806,-2.627641371224597,3.833054608891786
334,res50,GBLLLBBBBBGLLBLLLG,"((2, 4), (1,), (1,), (2,), (4,), (1,), (0,), (0,), (5,), (0,), (3, 5), (2,), (3,), (5,), (1,), (0,), (1,), (1, 1))",19.6699,822.7943999999999,842.4642999999999,3999.53815018315,4184.111587142194,78.67051546028753,3442.663582875709,3521.3340983359963,790.7438222770252,3251.426298320295,-6.1391892478974714,-7.6649301792535445,8.301212306584874,-1.6255356406261243,6.540737501311158
335,res50,GBLLLBBBBBGLLBLLLG,"((1, 6), (0,), (5,), (3,), (3,), (4,), (1,), (4,), (1,), (6,), (2, 5), (5,), (0,), (3,), (3,), (1,), (2,), (2, 0))",15.7978,724.8222,740.62,4420.42265956266,4388.001601864675,69.83295309123899,3180.5209746670776,3250.3539277583163,694.4605344182949,2990.4298745020988,-6.232543758162776,-7.996792319643799,8.69186251356236,-1.8815147943555433,6.646809040109095
336,res50,GBLLLBBBBBGLLBLLLG,"((2, 2), (5,), (3,), (3,), (0,), (2,), (3,), (2,), (0,), (4,), (1, 4), (2,), (4,), (1,), (5,), (3,), (3,), (4, 0))",28.5551,724.19536,752.7504600000001,3709.20356195748,4344.177374466488,105.91667863205204,3146.033097605613,3251.949776237665,714.3333774362978,3019.0504587736295,-5.103561486193213,-7.161836236397467,7.714323448526972,-2.168969439147903,5.378032691343495
337,res50,GBLLLBBBBBGLLBLLLG,"((2, 4), (1,), (1,), (0,), (3,), (1,), (6,), (5,), (6,), (6,), (0, 6), (1,), (0,), (1,), (1,), (2,), (3,), (1, 4))",18.5434,787.03673,805.58013,4068.491355866356,4309.225386371635,75.44366260837218,3391.518656922918,3466.96231953129,744.3247419075645,3169.085175460023,-7.603885176814814,-8.591877171354378,9.399467908843048,-1.069300366611996,8.229658997422202
338,res50,GBLLLBBBBBGLLBLLLG,"((1, 1), (2,), (3,), (4,), (2,), (4,), (2,), (1,), (1,), (5,), (0, 1), (0,), (4,), (7,), (3,), (3,), (4,), (0, 0))",36.5573,730.2574000000002,766.8147000000001,3529.356407732364,4381.643598536733,129.02374100439434,3199.7276619940794,3328.7514029984736,723.7597734757908,3075.9060106246043,-5.614775841439834,-7.595802803000284,8.220192408367048,-2.098874033749688,5.948786890633887
339,res50,GBLLLBBBBBGLLBLLLG,"((2, 5), (1,), (4,), (2,), (0,), (7,), (4,), (6,), (7,), (7,), (0, 7), (2,), (5,), (5,), (5,), (3,), (5,), (2, 4))",16.0726,639.9469300000001,656.01953,4352.448066378067,4885.347138743497,69.95515679166812,3126.3629034231853,3196.3180602148536,622.0289519969363,2952.2528987113114,-5.181336293915483,-7.635822121129471,8.267081780496492,-2.5886104394197407,5.464468799071456
340,res50,LGLBLLLGBLGGGLBBLB,"((1,), (0, 7), (1,), (0,), (3,), (4,), (0,), (0, 3), (2,), (5,), (0, 5), (2, 3), (4, 6), (1,), (7,), (5,), (3,), (4,))",83.308,855.30221,938.61021,3297.156886450551,4331.227763017246,274.6795458964225,3704.5086777220063,3979.1882236184288,896.0175856637982,3727.108762410245,-4.537839444150291,-6.334946904797533,6.763405021890713,-1.8825338230176105,4.753547811748361
341,res50,LGLBLLLGBLGGGLBBLB,"((0,), (2, 0), (2,), (6,), (1,), (2,), (0,), (0, 5), (2,), (3,), (3, 1), (3, 0), (2, 1), (1,), (7,), (2,), (2,), (5,))",121.84,775.7226700000001,897.5626700000001,3237.016859680599,4363.319459433843,394.39813418348416,3384.725821134978,3779.1239553184623,855.5350162903775,3545.753087025115,-4.682419970699389,-6.175263660376062,6.58170105378504,-1.5661787565502368,4.912441093510768
342,res50,LGLBLLLGBLGGGLBBLB,"((2,), (2, 4), (4,), (7,), (2,), (0,), (5,), (4, 6), (2,), (5,), (0, 7), (1, 6), (4, 5), (2,), (6,), (5,), (5,), (7,))",62.2792,693.4958300000001,755.77503,3404.499233449478,4705.653323066413,212.02948865984675,3263.3509569722005,3475.380445632047,717.2245119997285,3228.2303201350815,-5.100792758431235,-7.111455259742592,7.655901252009316,-2.118734771085245,5.374958239057791
343,res50,LGLBLLLGBLGGGLBBLB,"((0,), (3, 7), (2,), (0,), (1,), (4,), (0,), (1, 1), (0,), (5,), (2, 6), (1, 5), (0, 2), (2,), (2,), (4,), (4,), (5,))",121.776,917.6380900000004,1039.4140900000002,3229.626679363964,4124.992906278041,393.29101850622607,3785.250611780533,4178.541630286759,987.9920530918342,3914.2117131907676,-4.947213762338547,-6.325889281085162,6.753081756032962,-1.4504314637337328,5.204701469738066
344,res50,LGLBLLLGBLGGGLBBLB,"((5,), (3, 3), (3,), (6,), (5,), (3,), (1,), (2, 3), (3,), (0,), (4, 4), (1, 6), (3, 2), (5,), (7,), (4,), (4,), (0,))",36.4414,629.0955899999999,665.53699,3621.065528985508,4830.947196036019,131.95669736797248,3039.127576549125,3171.084273917097,631.2964003228064,2955.485948408187,-5.144806403201346,-6.798883501213013,7.294851989569777,-1.7437918107496118,5.423853147219741
345,res50,LGLBLLLGBLGGGLBBLB,"((4,), (2, 5), (0,), (4,), (3,), (5,), (1,), (1, 0), (7,), (1,), (0, 6), (1, 5), (1, 5), (5,), (6,), (3,), (1,), (2,))",43.2994,783.70969,827.00909,3483.884043970079,4457.374657052483,150.85008877347803,3493.287710692458,3644.137799465936,776.1508380230268,3373.366411012257,-6.149660577125359,-7.430327922653253,8.026741108518591,-1.3645846710872345,6.552624758676646
346,res50,LGLBLLLGBLGGGLBBLB,"((2,), (0, 3), (4,), (4,), (2,), (5,), (3,), (2, 2), (3,), (2,), (3, 2), (2, 2), (2, 0), (2,), (2,), (6,), (4,), (7,))",62.3159,711.1178600000001,773.43376,3390.725701590902,4433.489740265533,211.2961237477685,3152.733736429582,3364.0298601773507,740.2045534030186,3148.7643699196296,-4.2963222341085014,-6.399036251312356,6.83650679975191,-2.1971088951748103,4.489192405560501
347,res50,LGLBLLLGBLGGGLBBLB,"((0,), (2, 6), (1,), (7,), (3,), (5,), (2,), (1, 1), (1,), (5,), (3, 0), (2, 2), (3, 1), (2,), (2,), (7,), (2,), (4,))",121.905,722.2099299999999,844.1149299999998,3234.285751875292,4490.734596537727,394.2756045823575,3243.253118614089,3637.528723196447,810.7041250240007,3428.6972834411395,-3.9580871974387546,-5.741025175240371,6.090693417697067,-1.8564165641587187,4.121208212060096
348,res50,LGLBLLLGBLGGGLBBLB,"((3,), (3, 5), (4,), (6,), (5,), (2,), (3,), (2, 0), (7,), (0,), (0, 5), (2, 4), (0, 1), (3,), (2,), (3,), (4,), (2,))",50.9986,760.12473,811.12333,3402.4142156862745,4473.40111514159,173.51836162009806,3400.3428148287,3573.861176448798,766.171590110122,3324.885190981794,-5.541911843403396,-6.966582448913171,7.488258125192123,-1.5082568717121234,5.8670590857352405
349,res50,LGLBLLLGBLGGGLBBLB,"((4,), (0, 1), (5,), (3,), (0,), (4,), (5,), (1, 2), (6,), (3,), (3, 0), (2, 5), (2, 1), (5,), (1,), (4,), (1,), (1,))",42.8181,762.4404400000001,805.25854,3452.059204524723,4407.741892998741,147.81061622526005,3360.640668304393,3508.451284529653,769.5083415080154,3295.566139906931,-4.4395925924591415,-6.0677811193055184,6.4597442619899805,-1.7038317133816243,4.645849377269187
350,res50,LBGGGBGLBGBBBLBLGG,"((3,), (7,), (4, 2), (4, 6), (1, 4), (7,), (2, 6), (4,), (6,), (0, 3), (3,), (6,), (7,), (2,), (2,), (0,), (4, 3), (3, 4))",51.4079,722.5074000000001,773.9153000000001,3420.285022195608,4794.625360293297,175.82967039252958,3464.1523030395733,3639.981973432103,734.6605036519137,3394.6993113645053,-5.072234177058705,-6.7385680439599325,7.2254606246408875,-1.755370362354543,5.343256667937812
351,res50,LBGGGBGLBGBBBLBLGG,"((5,), (4,), (2, 7), (3, 0), (2, 1), (1,), (0, 7), (4,), (6,), (3, 1), (3,), (6,), (4,), (2,), (6,), (3,), (3, 6), (1, 0))",36.5821,694.788,731.3701,3601.341804347825,4741.158744059832,131.74464602083256,3294.100201467843,3425.8448474886754,697.0628189411744,3186.8140543988493,-4.690823573294224,-6.977280166819239,7.5006193963493155,-2.3989889318614877,4.921691435348353
352,res50,LBGGGBGLBGBBBLBLGG,"((4,), (2,), (3, 6), (4, 5), (1, 2), (5,), (0, 6), (5,), (1,), (0, 1), (4,), (2,), (1,), (1,), (5,), (4,), (0, 0), (4, 1))",43.5414,869.2425999999999,912.784,3485.937482211275,4302.351550075509,151.78259828795402,3739.7872475016657,3891.56984578962,865.0916742078595,3615.759168325555,-5.224930081173699,-7.087388596210629,7.628015711892459,-1.9651354693086498,5.512979400224965
353,res50,LBGGGBGLBGBBBLBLGG,"((2,), (3,), (3, 1), (3, 2), (0, 6), (2,), (4, 2), (4,), (3,), (2, 5), (5,), (6,), (5,), (2,), (3,), (3,), (3, 1), (3, 6))",62.6726,707.7646999999998,770.4372999999998,3373.368670150987,4600.320295371122,211.4177853169048,3255.9443137572525,3467.3620990741574,738.8592572569816,3243.204640791609,-4.098716760340949,-6.4647836562094865,6.911603895208891,-2.4671900270152665,4.273891466184224
354,res50,LBGGGBGLBGBBBLBLGG,"((1,), (0,), (1, 7), (1, 7), (4, 6), (5,), (1, 6), (3,), (0,), (4, 4), (1,), (5,), (6,), (5,), (2,), (5,), (1, 2), (3, 4))",83.64,853.0257,936.6657,3293.3283698621435,4418.860131625467,275.45398485526965,3769.4012569819065,4044.855241837176,889.4494899224754,3751.5798031025806,-5.0408817230656116,-7.250579345860334,7.8173850518135035,-2.3269988842466476,5.3084757046338655
355,res50,LBGGGBGLBGBBBLBLGG,"((0,), (6,), (2, 2), (2, 1), (4, 3), (4,), (0, 4), (4,), (1,), (1, 7), (7,), (3,), (2,), (2,), (5,), (0,), (0, 6), (2, 7))",121.981,857.2004000000002,979.1814000000002,3244.881588529459,4389.815260014576,395.8139010504119,3762.9513968106,4158.765297861011,932.2492509676956,3879.19021633983,-4.7929984201399805,-6.72255011998335,7.207047500366502,-2.026690965816044,5.034291953958448
356,res50,LBGGGBGLBGBBBLBLGG,"((2,), (3,), (4, 6), (1, 0), (0, 0), (5,), (2, 2), (0,), (3,), (2, 6), (7,), (3,), (2,), (2,), (1,), (0,), (3, 7), (4, 6))",62.7512,852.4787,915.2299,3387.954506793074,4317.442183080832,212.5982108466735,3680.5274995579102,3893.125710404584,868.9228818912353,3636.3778806262244,-5.059605035714494,-6.594902114056771,7.060537661562963,-1.617116801462474,5.329243719301799
357,res50,LBGGGBGLBGBBBLBLGG,"((2,), (7,), (4, 4), (4, 7), (4, 5), (1,), (2, 3), (5,), (0,), (4, 2), (3,), (2,), (0,), (4,), (6,), (0,), (2, 7), (2, 1))",61.9039,766.6657999999999,828.5696999999999,3325.216878629501,4609.048555018386,205.84389313299275,3533.5998976720143,3739.443790805007,780.858290929801,3454.4528373493017,-5.758285521447249,-7.621212388764217,8.249959309746624,-1.97675400710258,6.110123901404301
358,res50,LBGGGBGLBGBBBLBLGG,"((3,), (6,), (2, 4), (2, 1), (3, 0), (0,), (4, 2), (3,), (5,), (0, 2), (4,), (0,), (3,), (3,), (0,), (1,), (3, 4), (3, 1))",50.9603,865.5044,916.4647,3396.6285873440293,4296.545201553799,173.09321179962794,3718.678776743701,3891.771988543329,882.129075448412,3660.6771587839826,-3.74652995926499,-5.938036206634089,6.312898399270801,-2.2768075233460667,3.8923583302289577
359,res50,LBGGGBGLBGBBBLBLGG,"((3,), (1,), (3, 7), (2, 1), (4, 5), (0,), (4, 6), (5,), (7,), (1, 4), (3,), (7,), (0,), (4,), (5,), (5,), (2, 1), (2, 2))",51.064,731.1275,782.1915,3398.6523507130123,4717.4301668677945,173.54878363680928,3449.042924326633,3622.591707963443,750.9882766128014,3384.5353931563727,-3.9892051226839707,-6.571436529370878,7.033648260509458,-2.689521954262024,4.154954792095439
360,res50,BBBLGGBGBGLGGBLGGL,"((4,), (7,), (7,), (3,), (1, 4), (3, 0), (3,), (3, 5), (7,), (3, 0), (5,), (1, 0), (1, 6), (4,), (4,), (1, 1), (3, 1), (5,))",22.4262,712.5333099999999,734.9595099999999,4038.4531058651546,4855.573405251719,90.56715704275314,3459.7577903919782,3550.324947434732,691.8821038482192,3274.1542832969417,-5.861194469309021,-7.77874330453431,8.434870205923776,-2.0369377159774285,6.2261194374281414
361,res50,BBBLGGBGBGLGGBLGGL,"((5,), (4,), (5,), (2,), (1, 3), (4, 2), (3,), (3, 1), (7,), (1, 3), (2,), (3, 4), (1, 1), (3,), (0,), (1, 7), (1, 3), (1,))",19.3701,813.8351400000001,833.2052400000001,4230.172527472529,4547.143223243606,81.93886487439563,3700.624941688513,3782.563806562908,777.9568707442451,3465.353418634512,-6.630823547839791,-8.386121269865242,9.153767296075408,-1.8799541655214436,7.1017265009692325
362,res50,BBBLGGBGBGLGGBLGGL,"((7,), (7,), (6,), (0,), (1, 5), (4, 4), (4,), (4, 7), (6,), (4, 2), (4,), (3, 6), (1, 1), (1,), (5,), (4, 2), (0, 7), (2,))",16.0871,734.02614,750.11324,4858.7382800532805,4960.167203231551,78.16300858504513,3640.892385942651,3719.055394527696,708.9962174174212,3435.49530807153,-5.48144205301306,-7.624519034414033,8.253834193571903,-2.2673610642716033,5.799328906485716
363,res50,BBBLGGBGBGLGGBLGGL,"((7,), (7,), (7,), (2,), (2, 4), (2, 0), (4,), (3, 4), (2,), (2, 7), (5,), (2, 3), (0, 7), (1,), (1,), (4, 0), (0, 3), (0,))",15.8537,830.9595999999999,846.8132999999999,4822.430823065824,4621.869747105129,76.45337153963865,3840.5870363065774,3917.0404078462175,786.277599291927,3565.445575475704,-7.148647843399828,-8.97603281462796,9.861175130224884,-1.9680757778800353,7.699023953192562
364,res50,BBBLGGBGBGLGGBLGGL,"((1,), (4,), (2,), (4,), (2, 0), (3, 1), (0,), (1, 6), (1,), (3, 0), (0,), (4, 7), (2, 5), (2,), (0,), (3, 2), (1, 0), (3,))",41.854,908.54744,950.40144,3553.4748619707248,4313.699693365321,148.7271368729227,3919.200813335848,4067.92795020877,872.0998698995239,3674.6490747429425,-8.238789084797268,-9.6677935371408,10.702487978211618,-1.5573077535605933,8.97850954954244
365,res50,BBBLGGBGBGLGGBLGGL,"((6,), (4,), (5,), (5,), (1, 6), (2, 7), (7,), (1, 1), (7,), (3, 3), (2,), (4, 4), (0, 7), (6,), (2,), (3, 4), (2, 2), (5,))",17.5392,720.2188199999999,737.75802,4562.785225607726,4932.571862283471,80.02760262897903,3552.531086219004,3632.558688847983,700.1878781387433,3353.0259333053277,-5.092474882381723,-7.695202734117567,8.336731093132306,-2.742383018111884,5.365722977256712
366,res50,BBBLGGBGBGLGGBLGGL,"((4,), (1,), (4,), (0,), (4, 3), (0, 4), (0,), (4, 5), (5,), (1, 1), (4,), (2, 2), (4, 6), (2,), (0,), (4, 4), (2, 3), (3,))",22.7188,857.64661,880.36541,4015.1711752420256,4508.693198586228,91.21987089608854,3866.865437297536,3958.085308193624,813.7629825657965,3599.2644155771113,-7.5653162513737895,-9.06551690216778,9.969284031025497,-1.6229845659165465,8.184499523953022
367,res50,BBBLGGBGBGLGGBLGGL,"((7,), (0,), (4,), (4,), (1, 1), (4, 3), (1,), (1, 6), (4,), (1, 2), (3,), (4, 2), (0, 2), (5,), (2,), (3, 2), (3, 6), (4,))",16.6158,815.0334099999998,831.6492099999998,4834.486916416918,4574.540829431339,80.32886770580022,3728.403611395652,3808.732479101452,782.4229832563002,3494.8983625075475,-5.9191094215913,-8.239857178626094,8.979778066242035,-2.466757853552241,6.291510832009181
368,res50,BBBLGGBGBGLGGBLGGL,"((3,), (1,), (0,), (4,), (4, 7), (0, 7), (2,), (1, 7), (2,), (4, 0), (2,), (2, 2), (1, 3), (1,), (0,), (1, 1), (0, 7), (0,))",26.2864,983.4249299999998,1009.7113299999996,3773.830135878914,4288.578071616759,99.20040848376748,4217.494589879246,4316.694998363013,932.2776205935207,3906.515369387411,-7.66889576315628,-9.502168421237807,10.499885196661172,-1.9855417881485615,8.305863800225282
369,res50,BBBLGGBGBGLGGBLGGL,"((2,), (4,), (0,), (3,), (3, 1), (1, 1), (7,), (2, 6), (1,), (4, 7), (5,), (2, 2), (4, 7), (3,), (4,), (0, 0), (2, 3), (2,))",31.9176,808.13569,840.05329,3670.0622717861856,4559.569396293448,117.13957956596276,3684.750760176489,3801.890339742452,785.9688677511714,3477.5571438007873,-6.43821325297453,-8.530840370415197,9.326466324782952,-2.2366258599771798,6.881242307163636
370,res50,GLGLBGBLGBLLLLLGLB,"((1, 5), (5,), (1, 1), (5,), (7,), (3, 3), (3,), (5,), (2, 6), (7,), (1,), (3,), (2,), (5,), (2,), (0, 7), (3,), (6,))",13.8059,682.68794,696.49384,4574.276857864357,4709.866628093,63.15200887198953,3215.3691460075565,3278.521154879546,664.6750178103533,3046.474669252857,-4.5684283711176334,-7.077779116395986,7.616885443646175,-2.6294764955111503,4.787124735704341
371,res50,GLGLBGBLGBLLLLLGLB,"((4, 6), (5,), (3, 5), (3,), (0,), (0, 1), (6,), (1,), (1, 6), (7,), (4,), (5,), (0,), (4,), (5,), (2, 1), (3,), (5,))",13.6347,715.66439,729.29909,4908.871984126984,4585.39118904047,66.93099684197618,3281.601188216023,3348.532185057999,698.755023125806,3125.957743156771,-4.188139995374732,-6.646925566205149,7.120199957548354,-2.5662643129062666,4.3712124941239585
372,res50,GLGLBGBLGBLLLLLGLB,"((2, 6), (3,), (4, 2), (4,), (7,), (3, 2), (3,), (3,), (4, 3), (5,), (1,), (3,), (5,), (5,), (1,), (1, 4), (4,), (6,))",12.4767,605.29436,617.77106,4827.20873015873,4899.342352958727,60.22763516357142,2965.5442939550467,3025.771929118618,585.3525121192811,2789.38188306057,-5.247663734963395,-7.812553344921356,8.474639040771129,-2.7069407584669722,5.538294823976568
373,res50,GLGLBGBLGBLLLLLGLB,"((2, 7), (5,), (1, 3), (2,), (6,), (3, 5), (4,), (5,), (2, 5), (4,), (2,), (5,), (4,), (4,), (1,), (1, 5), (3,), (1,))",13.6576,645.6783100000001,659.3359100000001,4851.468421300922,4692.537807042442,66.25941511075948,3029.8698808622707,3096.1292959730304,628.5325033764686,2869.9879432350303,-4.671883656925569,-7.304002227301359,7.879522744025709,-2.761114633696441,4.900845454778552
374,res50,GLGLBGBLGBLLLLLGLB,"((0, 6), (4,), (3, 7), (1,), (0,), (4, 6), (2,), (2,), (3, 6), (5,), (1,), (4,), (4,), (5,), (0,), (0, 7), (2,), (3,))",13.8715,810.7268200000001,824.5983200000001,4558.68905844156,4387.827260251109,63.235855274172096,3557.329241412694,3620.565096686866,777.7480123378602,3330.9575734897007,-5.681591451961703,-7.99895915314937,8.694422453833775,-2.4569622588652713,6.0238415166514985
375,res50,GLGLBGBLGBLLLLLGLB,"((4, 1), (2,), (1, 0), (3,), (1,), (2, 1), (6,), (3,), (1, 2), (4,), (0,), (4,), (0,), (5,), (0,), (4, 5), (2,), (0,))",36.1684,774.9113699999999,811.0797699999999,3766.328462052441,4370.961223201007,136.2220743468975,3387.107549687568,3523.3296240344653,767.9165385835513,3284.11914580231,-5.321699913246343,-6.789330087096482,7.283855049470681,-1.5501230720295365,5.620823259786111
376,res50,GLGLBGBLGBLLLLLGLB,"((2, 7), (5,), (2, 6), (4,), (0,), (3, 3), (7,), (2,), (0, 3), (7,), (1,), (4,), (4,), (1,), (2,), (2, 3), (3,), (6,))",11.5597,753.3716099999999,764.9313099999999,5138.453401875901,4456.446438615382,59.39897978966485,3357.360228338436,3416.759208128101,722.1512425118309,3152.1644759308615,-5.592667855126631,-7.744026314988694,8.39406491055968,-2.2788044222674104,5.923976165902419
377,res50,GLGLBGBLGBLLLLLGLB,"((0, 5), (1,), (4, 5), (5,), (7,), (0, 7), (6,), (5,), (0, 4), (0,), (3,), (3,), (0,), (0,), (2,), (0, 0), (5,), (6,))",14.1399,867.58943,881.72933,4579.032959817961,4339.973278094369,64.74706814852999,3765.314942557125,3830.062010705655,851.3163795733223,3599.972564749878,-3.449238830092876,-6.007460070166989,6.391422207179047,-2.649612710532896,3.5724615614609294
378,res50,GLGLBGBLGBLLLLLGLB,"((0, 7), (4,), (2, 7), (0,), (4,), (4, 3), (0,), (4,), (1, 6), (1,), (2,), (4,), (0,), (0,), (1,), (0, 7), (4,), (2,))",12.9022,876.6721699999999,889.5743699999999,4874.740865800866,4240.203442922003,62.89488159873594,3717.268353547903,3780.163235146639,851.7195680488995,3542.4016766342625,-4.255383611276975,-6.28971670592827,6.711874604188899,-2.124749329395101,4.444514764151463
379,res50,GLGLBGBLGBLLLLLGLB,"((3, 0), (2,), (0, 5), (1,), (7,), (3, 6), (3,), (3,), (4, 2), (3,), (5,), (0,), (5,), (4,), (4,), (2, 1), (1,), (6,))",39.7667,668.3779800000001,708.1446800000001,3740.395724515861,4682.793921962596,148.74319465810487,3129.876342317638,3278.619536975743,686.9633950449094,3080.9850459163818,-2.991095683313012,-6.02797881335334,6.414652720282133,-3.1305199779665385,3.0833207573900028
380,res50,LBGLGBLGLLBGBGLLLG,"((1,), (2,), (2, 2), (2,), (4, 0), (2,), (4,), (0, 4), (2,), (0,), (4,), (4, 1), (0,), (0, 7), (5,), (4,), (5,), (0, 7))",83.2869,806.0605899999998,889.3474899999999,3282.348833574721,4360.361990957755,273.37665906705445,3514.715959044982,3788.092618112036,828.0002279082915,3462.5767992047345,-6.89800812185441,-8.593132526668173,9.400970369294452,-1.8207176566451766,7.409087585239531
381,res50,LBGLGBLGLLBGBGLLLG,"((2,), (1,), (3, 5), (0,), (2, 5), (7,), (2,), (1, 4), (2,), (3,), (2,), (1, 5), (1,), (4, 3), (4,), (5,), (4,), (3, 3))",62.5655,731.05434,793.6198400000001,3346.0862543554026,4437.108491218357,209.3495595468729,3243.767419556032,3453.116979102905,742.1539796015595,3166.0643680255057,-6.484951333681445,-8.312855104954297,9.066543749911737,-1.9546626958354005,6.934660705595215
382,res50,LBGLGBLGLLBGBGLLLG,"((5,), (4,), (4, 6), (0,), (0, 3), (6,), (2,), (3, 0), (2,), (4,), (0,), (1, 5), (3,), (3, 3), (0,), (2,), (4,), (4, 3))",37.7063,810.63842,848.3447199999999,3664.071967670012,4296.887118540712,138.15859683455577,3483.221784692196,3621.380381526752,786.370455043339,3303.253829329355,-7.30531628188373,-8.7846765233559,9.630702593084843,-1.595949392276787,7.881052061301732
383,res50,LBGLGBLGLLBGBGLLLG,"((1,), (6,), (3, 4), (3,), (1, 3), (1,), (1,), (1, 5), (1,), (5,), (0,), (1, 2), (7,), (0, 2), (5,), (3,), (4,), (3, 0))",83.4323,813.1606200000001,896.59292,3270.6064429959674,4334.883541183956,272.87421793397243,3524.956587976942,3797.8308059109145,835.6611679908127,3471.93696036529,-6.795921610577444,-8.581052242727768,9.386513904657324,-1.9152924024330207,7.291442314555073
384,res50,LBGLGBLGLLBGBGLLLG,"((4,), (4,), (2, 6), (5,), (1, 5), (7,), (4,), (3, 1), (1,), (4,), (4,), (4, 7), (0,), (0, 0), (1,), (4,), (3,), (0, 3))",43.3361,742.2350000000002,785.5711000000002,3469.733967341726,4475.504536109525,150.36473818211778,3321.8761093592548,3472.2408475413727,737.1339025814833,3186.3516234259564,-6.165857860417332,-8.233565488921915,8.972306195385586,-2.203577057728919,6.571017456785964
385,res50,LBGLGBLGLLBGBGLLLG,"((2,), (6,), (0, 0), (4,), (0, 1), (2,), (4,), (0, 4), (0,), (4,), (4,), (3, 6), (1,), (4, 1), (2,), (5,), (3,), (3, 0))",62.2743,823.24693,885.5212300000001,3326.5178542392573,4287.168751171787,207.1565708102518,3529.398512794108,3736.55508360436,827.4696673636952,3436.8706462464215,-6.555637591693299,-8.020340411223282,8.71968916506178,-1.5674598036529346,7.01555173874303
386,res50,LBGLGBLGLLBGBGLLLG,"((3,), (3,), (1, 0), (2,), (3, 3), (4,), (5,), (1, 0), (3,), (4,), (4,), (0, 3), (2,), (3, 0), (4,), (5,), (1,), (1, 3))",51.1761,713.34444,764.52054,3395.3188308505214,4433.288360796982,173.75917601948936,3162.46160309124,3336.2207791107294,711.2349420747996,3046.078154319184,-6.969805928981367,-8.696745329572678,9.525120830538707,-1.8563213995587091,7.491982574668898
387,res50,LBGLGBLGLLBGBGLLLG,"((0,), (4,), (1, 2), (1,), (2, 2), (4,), (1,), (1, 4), (0,), (4,), (2,), (4, 6), (7,), (2, 2), (4,), (0,), (1,), (0, 2))",121.821,800.0029,921.8239,3222.458826574464,4305.538281915698,392.5631567121278,3444.4431115935754,3837.006268305703,869.5058108758819,3562.3972089713143,-5.675497144749452,-7.156857198871537,7.708546892043112,-1.5704933599230002,6.0169913150340255
388,res50,LBGLGBLGLLBGBGLLLG,"((3,), (6,), (4, 3), (5,), (0, 2), (3,), (0,), (0, 5), (2,), (5,), (4,), (3, 3), (3,), (1, 5), (0,), (0,), (5,), (2, 4))",51.2127,822.64442,873.85712,3406.315234752993,4310.479973436047,174.44660022283458,3545.992297668912,3720.4388978917455,812.2052101263376,3413.154795721292,-7.055147627985495,-8.259350861657254,9.002934837753708,-1.2956104646354174,7.590681407236045
389,res50,LBGLGBLGLLBGBGLLLG,"((2,), (2,), (2, 1), (5,), (4, 4), (2,), (1,), (1, 6), (1,), (1,), (2,), (1, 1), (1,), (3, 3), (1,), (4,), (5,), (2, 1))",61.9568,763.79866,825.7554600000001,3319.326614848565,4335.125096900964,205.6548552108496,3311.162739945327,3516.8175951561766,758.6308633368003,3186.2332225678015,-8.128871065920627,-9.400100051924767,10.375397828598217,-1.3837088982723622,8.848123627340376
390,res50,BGLBLGLBGBLBGBBLLG,"((5,), (3, 3), (5,), (4,), (4,), (4, 1), (2,), (0,), (1, 2), (7,), (1,), (5,), (1, 1), (6,), (5,), (4,), (0,), (3, 0))",20.4433,719.93523,740.3785300000001,4150.235809900883,4609.551876278915,84.84451573254672,3318.5787902457923,3403.423305978339,698.8030790165441,3156.7353369141406,-5.615431741849131,-7.2482305868586705,7.814654785261399,-1.7299425903434567,5.949523153499401
391,res50,BGLBLGLBGBLBGBBLLG,"((7,), (1, 5), (4,), (4,), (5,), (1, 6), (5,), (1,), (4, 6), (1,), (3,), (6,), (2, 5), (5,), (4,), (2,), (5,), (0, 1))",15.9678,677.9888000000001,693.9566000000001,4814.545442335442,4785.585761073294,76.87769871412388,3244.57354744717,3321.451246161294,653.422660122114,3074.426770120134,-5.840990614958635,-7.43724528025676,8.03481411370575,-1.6952755511377668,6.203326323318948
392,res50,BGLBLGLBGBLBGBBLLG,"((0,), (0, 2), (5,), (2,), (4,), (4, 2), (5,), (7,), (4, 0), (5,), (4,), (3,), (4, 4), (4,), (7,), (3,), (3,), (2, 5))",60.2382,666.6673,726.9055,3456.344590583167,4872.234319440252,208.2039767164669,3248.15929870857,3456.363275425037,695.8052502464187,3217.35824203484,-4.27844468828221,-6.91492804270715,7.428611158918919,-2.7543256540694743,4.469677361958258
393,res50,BGLBLGLBGBLBGBBLLG,"((6,), (4, 4), (0,), (6,), (3,), (1, 2), (2,), (3,), (2, 5), (2,), (0,), (0,), (3, 7), (2,), (1,), (2,), (1,), (1, 2))",16.8195,817.43057,834.2500699999999,4543.734569319571,4335.9378793701335,76.42334358867052,3544.328172218119,3620.7515158067895,786.708018071602,3350.5306096184486,-5.698777097902777,-7.463116565957696,8.065018281361503,-1.8709613870931954,6.043163516362044
394,res50,BGLBLGLBGBLBGBBLLG,"((0,), (0, 2), (4,), (5,), (5,), (1, 0), (5,), (0,), (0, 3), (6,), (1,), (7,), (1, 7), (6,), (5,), (3,), (1,), (2, 3))",60.7612,852.5901299999998,913.3513299999998,3424.993440345684,4403.518829743824,208.1067114275322,3754.396691508734,3962.503402936266,869.4522849549921,3686.6030376872945,-4.80637007940939,-6.962779263344625,7.4838642085547376,-2.2652872736695744,5.0490459113900865
395,res50,BGLBLGLBGBLBGBBLLG,"((3,), (2, 7), (4,), (1,), (0,), (4, 4), (3,), (7,), (3, 7), (0,), (1,), (2,), (2, 2), (0,), (3,), (0,), (2,), (3, 6))",23.1267,837.75486,860.88156,4087.277243320404,4320.824926047073,94.525234623098,3619.792081005076,3714.317315628174,814.4301170008296,3442.0022988010187,-5.395799510349654,-7.331495768586504,7.911529196886748,-2.046099695592904,5.703551726479579
396,res50,BGLBLGLBGBLBGBBLLG,"((4,), (2, 5), (1,), (1,), (4,), (0, 7), (1,), (0,), (0, 0), (2,), (1,), (6,), (1, 6), (7,), (3,), (1,), (4,), (1, 4))",20.9271,888.5503199999999,909.47742,4058.67895770896,4254.58876271294,84.93638041587117,3780.416206576986,3865.352586992857,845.6802339828088,3546.546323268356,-7.014708074576637,-8.247792576472929,8.98920342962564,-1.3261070394716337,7.543889930681313
397,res50,BGLBLGLBGBLBGBBLLG,"((5,), (3, 3), (3,), (3,), (1,), (0, 7), (1,), (7,), (0, 4), (7,), (4,), (6,), (0, 4), (5,), (2,), (2,), (3,), (2, 1))",19.1141,792.5842500000001,811.6983500000001,4230.454437033555,4471.62322998702,80.86132915490309,3544.13814402184,3624.9994731767433,776.04902704996,3385.1299818956923,-4.391942271416477,-6.617090376315092,7.085975798977218,-2.3273646152455654,4.593694690341394
398,res50,BGLBLGLBGBLBGBBLLG,"((1,), (2, 4), (4,), (2,), (3,), (3, 7), (3,), (4,), (4, 4), (5,), (0,), (7,), (3, 5), (6,), (5,), (1,), (5,), (4, 3))",39.7891,654.0586000000001,693.8477,3631.431363818274,4824.625544017742,144.4913856781017,3155.587828844483,3300.0792145225846,657.3918355599487,3052.9332065348194,-5.2541594416254895,-7.489093198131587,8.095362435665079,-2.3588726885895435,5.545530453538289
399,res50,BGLBLGLBGBLBGBBLLG,"((7,), (2, 2), (3,), (3,), (1,), (0, 5), (3,), (2,), (4, 6), (6,), (1,), (1,), (2, 3), (3,), (7,), (2,), (2,), (0, 3))",14.9173,735.4350000000001,750.3523,4968.659595959595,4604.550308718636,74.11898579080805,3386.3474562924903,3460.4664420832983,694.3519798905602,3158.5842723900414,-7.4632036324057145,-8.723742152850217,9.557515128916544,-1.3622024642360977,8.06511995807462
400,res50,LLGGGLBGBBLBLGLBGB,"((1,), (2,), (4, 6), (3, 7), (2, 2), (2,), (2,), (2, 3), (4,), (5,), (0,), (2,), (0,), (3, 0), (3,), (4,), (2, 1), (0,))",82.9552,752.2391600000001,835.1943600000001,3272.6490239684017,4409.112922492192,271.48325431310354,3316.7074011606724,3588.190655473776,770.9711650576395,3264.585274570699,-7.6896107083817675,-9.018622809504786,9.912603093072283,-1.4397210447510227,8.330168215507658
401,res50,LLGGGLBGBBLBLGLBGB,"((0,), (5,), (3, 5), (4, 2), (1, 0), (3,), (4,), (4, 6), (5,), (7,), (1,), (3,), (2,), (0, 4), (0,), (3,), (1, 2), (0,))",121.989,806.5000899999999,928.48909,3226.7857934718654,4411.878956517262,393.6323721598394,3558.1807755002774,3951.813147660117,877.1930882645817,3663.619373962715,-5.524674687929653,-7.29269737533118,7.866367771324469,-1.8714121190494952,5.8477434924733975
402,res50,LLGGGLBGBBLBLGLBGB,"((1,), (0,), (2, 3), (0, 2), (2, 0), (5,), (2,), (3, 6), (6,), (3,), (5,), (2,), (4,), (3, 0), (5,), (0,), (0, 2), (3,))",83.5265,853.5321899999999,937.05869,3284.878515012921,4302.918081125139,274.3744052842268,3672.679093173337,3947.053498457564,888.2957484965312,3668.1235281438167,-5.20383002941563,-7.066789705859014,7.604159679292323,-1.9652267354487711,5.489493964819893
403,res50,LLGGGLBGBBLBLGLBGB,"((4,), (2,), (1, 0), (1, 6), (1, 0), (4,), (2,), (3, 3), (5,), (0,), (2,), (2,), (5,), (2, 1), (3,), (0,), (0, 4), (1,))",42.7819,891.1009500000002,933.8828500000002,3473.4882138295925,4191.503554956658,148.60242541523624,3735.052799750256,3883.655225165493,872.903487603571,3569.2575962437236,-6.5296586607655565,-8.095405248244509,8.808488052323286,-1.6751266391510697,6.9858080833012925
404,res50,LLGGGLBGBBLBLGLBGB,"((4,), (3,), (0, 6), (0, 3), (1, 1), (4,), (6,), (2, 6), (2,), (5,), (5,), (5,), (5,), (0, 4), (5,), (4,), (1, 2), (7,))",43.4875,825.3139,868.8014,3521.0308064221854,4396.823995406819,153.12082719428477,3628.759959262784,3781.880786457069,811.2280981755621,3456.9402480642307,-6.626750581253421,-8.59203546437666,9.399657358115856,-2.104762226180679,7.097054694471156
405,res50,LLGGGLBGBBLBLGLBGB,"((1,), (3,), (1, 3), (3, 5), (0, 4), (4,), (5,), (1, 6), (3,), (2,), (1,), (6,), (2,), (1, 2), (0,), (5,), (2, 1), (7,))",83.4677,843.80035,927.26805,3296.618661185077,4275.566180536791,275.16117742619764,3607.724239585107,3882.885417011305,871.1962221060743,3579.4654590107325,-6.046992333438613,-7.81429080217664,8.47668350135245,-1.8810451231217118,6.436188136626082
406,res50,LLGGGLBGBBLBLGLBGB,"((4,), (0,), (1, 5), (2, 4), (3, 0), (0,), (3,), (4, 6), (1,), (5,), (5,), (7,), (3,), (2, 2), (1,), (1,), (4, 7), (2,))",43.9613,777.09141,821.05271,3591.647033476347,4467.13953351225,157.89347273276374,3471.375758763776,3629.26923149654,767.3198485922929,3350.6376445297014,-6.544386341250503,-7.677346848471315,8.3157779660757,-1.2122979699836869,7.00266798862092
407,res50,LLGGGLBGBBLBLGLBGB,"((4,), (5,), (2, 0), (3, 3), (1, 2), (2,), (2,), (3, 5), (5,), (6,), (1,), (7,), (2,), (3, 2), (2,), (6,), (4, 3), (7,))",43.7913,660.1084199999999,703.8997199999999,3528.4598048503226,4761.365764705863,154.51584185214193,3143.0176319820785,3297.5334738342203,662.2348190113032,3048.9022603693247,-5.9191529425095775,-7.539914770775584,8.154778088385767,-1.7227330311722044,6.291560001466117
408,res50,LLGGGLBGBBLBLGLBGB,"((5,), (3,), (0, 4), (0, 3), (0, 1), (1,), (5,), (1, 5), (0,), (4,), (1,), (7,), (0,), (3, 1), (4,), (2,), (1, 5), (0,))",36.4686,955.6426800000002,992.1112800000002,3605.146971014493,4174.516000979776,131.47466282713913,3989.345658879197,4120.8203217063365,928.6927645638914,3794.1774530895414,-6.392278438373244,-7.926646713913016,8.609056182936698,-1.639147123701363,6.828793962434904
409,res50,LLGGGLBGBBLBLGLBGB,"((5,), (4,), (1, 4), (4, 7), (1, 1), (4,), (4,), (1, 2), (5,), (0,), (4,), (1,), (2,), (4, 0), (5,), (4,), (0, 3), (7,))",37.4468,774.5662399999998,812.0130399999998,3675.178189976689,4458.138520050021,137.62366264441908,3453.1235908743083,3590.747253518728,768.1349006101623,3324.0657809582844,-5.403624970091312,-7.426907374199365,8.022749552313686,-2.1388582844409805,5.7122960244331145
410,res50,GBBGBGLGBLLLGGGBLL,"((2, 7), (7,), (7,), (2, 3), (3,), (3, 1), (5,), (1, 5), (1,), (2,), (2,), (2,), (3, 0), (3, 1), (2, 1), (0,), (0,), (0,))",14.6521,797.4828,812.1349,4654.949044289043,4475.04518252886,68.20477889182749,3568.771562289626,3636.976341181454,757.0198332367958,3345.0197441313176,-6.786442346364409,-8.027453842476621,8.728097870344724,-1.3313637279284933,7.280531413232376
411,res50,GBBGBGLGBLLLGGGBLL,"((1, 1), (0,), (1,), (3, 4), (5,), (1, 6), (2,), (3, 1), (6,), (3,), (2,), (1,), (3, 4), (2, 5), (4, 7), (4,), (1,), (3,))",36.3679,751.8529000000002,788.2208000000002,3569.8020767949342,4629.890321750558,129.8262049486705,3480.996465090091,3610.822670038761,750.6029336148567,3363.383889814117,-4.772503641764264,-6.852698203038246,7.356840263581047,-2.184447392640158,5.011686565622405
412,res50,GBBGBGLGBLLLGGGBLL,"((2, 7), (4,), (0,), (3, 3), (4,), (0, 3), (1,), (0, 5), (4,), (1,), (0,), (3,), (3, 3), (0, 4), (0, 6), (3,), (2,), (4,))",14.3592,957.2041,971.5633,4890.594407536907,4219.012936829561,70.22502321670395,4038.456481086297,4108.681504303001,918.7947387577057,3809.997213467437,-5.431304500931063,-7.269589782579967,7.83948843268928,-1.9438623658153484,5.743237201558467
413,res50,GBBGBGLGBLLLGGGBLL,"((4, 5), (5,), (0,), (4, 2), (3,), (0, 1), (4,), (4, 6), (7,), (5,), (1,), (1,), (2, 3), (0, 0), (1, 4), (1,), (4,), (2,))",18.3027,820.2334000000001,838.5361,4438.042037545787,4502.937476572694,81.22815200058928,3693.459716396642,3774.6878683972313,797.49239077373,3513.095346426413,-4.89468601605465,-6.9301762447948585,7.4462118495279315,-2.1402486816707422,5.14659571691328
414,res50,GBBGBGLGBLLLGGGBLL,"((3, 5), (6,), (0,), (1, 5), (4,), (0, 3), (3,), (1, 5), (6,), (1,), (1,), (5,), (2, 6), (0, 0), (3, 2), (0,), (5,), (0,))",18.0585,873.3764,891.4349,4218.332497918751,4398.746593144056,76.17675741366577,3841.76146403242,3917.9382214460857,847.1253529580288,3651.709780337112,-4.970586976342434,-6.79511585077292,7.290514775913995,-1.9199622689201103,5.230577374086268
415,res50,GBBGBGLGBLLLGGGBLL,"((3, 5), (6,), (3,), (0, 5), (2,), (2, 6), (4,), (4, 0), (4,), (0,), (2,), (5,), (3, 1), (4, 4), (0, 2), (2,), (0,), (3,))",17.8437,854.6818,872.5255,4286.597407592409,4393.079021751789,76.48875816185667,3754.684685853058,3831.173444014915,805.5412462626107,3489.009500697882,-7.677053992965167,-8.931048106202654,9.806907755584854,-1.3582691708537251,8.315434380072967
416,res50,GBBGBGLGBLLLGGGBLL,"((3, 4), (2,), (7,), (4, 6), (2,), (2, 3), (2,), (3, 7), (0,), (1,), (1,), (1,), (2, 3), (4, 4), (1, 5), (5,), (1,), (5,))",20.6139,783.3412000000001,803.9551,4100.926410695854,4517.011552359292,84.53608693744329,3538.361249838991,3622.897336776434,762.2516615574506,3348.86859637498,-5.187284519066978,-7.563800873399246,8.182725971932129,-2.506537590741386,5.471085278756876
417,res50,GBBGBGLGBLLLGGGBLL,"((0, 3), (5,), (1,), (1, 7), (7,), (1, 5), (4,), (3, 5), (3,), (0,), (3,), (1,), (1, 2), (3, 4), (1, 6), (3,), (4,), (4,))",23.1751,823.6333999999999,846.8085,3849.747692577032,4465.353844871108,89.21828775024197,3677.814569454263,3767.032857204505,797.6434958609144,3466.4043290896357,-5.805917647152286,-7.98051250176682,8.672633067990128,-2.308632135157467,6.163781738860753
418,res50,GBBGBGLGBLLLGGGBLL,"((1, 1), (7,), (0,), (3, 7), (5,), (2, 6), (5,), (4, 0), (1,), (3,), (2,), (3,), (1, 1), (3, 2), (1, 2), (1,), (1,), (1,))",36.4192,807.0007999999999,843.42,3544.9326842650103,4456.392230487403,129.10361241478424,3596.312095117118,3725.415707531902,805.5804350819661,3457.936270404236,-4.4864438735189855,-7.179854763238543,7.735233278211835,-2.8199252534926864,4.69718022809028
419,res50,GBBGBGLGBLLLGGGBLL,"((4, 0), (6,), (1,), (3, 7), (3,), (2, 3), (3,), (0, 6), (2,), (2,), (0,), (2,), (0, 0), (1, 4), (0, 4), (2,), (2,), (2,))",53.0772,919.2489000000002,972.3261,3674.8585687124537,4254.134576734254,195.05120322326465,3910.6085301149287,4105.659733338193,927.054753051379,3826.7914526607806,-4.65598392850105,-6.792289151801505,7.287260989451487,-2.2406285274352373,4.883352013417923
420,res50,LBGBGBGBGLGGGGBLBG,"((0,), (0,), (1, 1), (6,), (4, 5), (6,), (1, 0), (7,), (1, 5), (0,), (2, 0), (3, 1), (4, 3), (2, 7), (2,), (3,), (4,), (1, 0))",121.838,857.8262200000001,979.66422,3219.896244246352,4472.846520036742,392.305718606487,3836.925022923273,4229.23074152976,912.7009623006599,3899.665450644922,-6.835327485915546,-7.792558766032956,8.451117026726854,-1.0274616485907753,7.336823391808954
421,res50,LBGBGBGBGLGGGGBLBG,"((1,), (1,), (4, 1), (2,), (0, 7), (7,), (0, 3), (3,), (0, 5), (2,), (2, 3), (4, 6), (1, 2), (0, 5), (2,), (2,), (6,), (0, 2))",83.4285,974.0351,1057.4636,3297.947735894434,4288.490020479492,275.1428326840688,4177.139805946745,4452.282638630813,994.435682031453,4123.008606964752,-5.9602919635765295,-7.395622838700127,7.986256228275584,-1.5263029895495543,6.338058771160783
422,res50,LBGBGBGBGLGGGGBLBG,"((5,), (0,), (3, 5), (5,), (2, 7), (2,), (1, 1), (0,), (4, 6), (0,), (0, 2), (2, 7), (3, 1), (3, 5), (6,), (4,), (1,), (3, 1))",37.1026,875.1407299999998,912.24333,3607.869217391306,4455.723582552747,133.86132842518268,3899.385188713425,4033.246517138608,849.4774450637906,3712.323448072728,-6.88038847444458,-7.956941578010942,8.644803545674046,-1.156097073354866,7.388764151530365
423,res50,LBGBGBGBGLGGGGBLBG,"((1,), (6,), (1, 3), (7,), (1, 4), (7,), (4, 7), (7,), (2, 5), (0,), (4, 0), (1, 0), (2, 3), (4, 6), (2,), (1,), (2,), (3, 5))",83.6486,797.06072,880.7093199999999,3293.967367598289,4644.448751053235,275.53575874528224,3701.907665517592,3977.4434242628745,824.3022261501752,3672.2583698377894,-6.404734521240757,-7.672894919470639,8.310555077816195,-1.3549407566108982,6.843011223355381
424,res50,LBGBGBGBGLGGGGBLBG,"((5,), (2,), (1, 7), (3,), (2, 2), (3,), (2, 4), (2,), (3, 3), (3,), (3, 4), (4, 6), (3, 2), (3, 0), (3,), (1,), (3,), (1, 1))",36.5756,740.00478,776.58038,3604.491007246375,4598.0184074770605,131.83642128464052,3402.555600061012,3534.3920213456527,719.4992900741973,3229.3313592288796,-7.350313167299262,-8.631206167125372,9.446558069829571,-1.3825119583394159,7.933446316523289
425,res50,LBGBGBGBGLGGGGBLBG,"((4,), (6,), (1, 5), (6,), (4, 7), (3,), (4, 3), (4,), (0, 4), (0,), (4, 7), (3, 1), (4, 7), (4, 0), (2,), (3,), (3,), (2, 5))",43.2987,752.9908600000001,796.2895600000002,3499.04855865718,4757.2771484670175,151.50425382672964,3582.1862112825274,3733.690465109257,733.0774570426502,3394.457617785836,-7.938331246908472,-9.085724981583171,9.993727585401343,-1.246331671167069,8.622840922207255
426,res50,LBGBGBGBGLGGGGBLBG,"((4,), (3,), (3, 0), (3,), (0, 1), (3,), (3, 1), (7,), (1, 1), (3,), (1, 5), (4, 4), (0, 7), (1, 7), (0,), (4,), (5,), (0, 0))",42.6961,934.3324,977.0285,3460.797272395548,4348.414379650013,147.76254642192757,4062.864443532908,4210.626989954835,913.9963386328502,3872.0165114038787,-6.451414812070457,-8.041806585070804,8.745068042806105,-1.700070364298303,6.896325368374321
427,res50,LBGBGBGBGLGGGGBLBG,"((2,), (2,), (0, 7), (7,), (1, 0), (2,), (2, 3), (4,), (0, 5), (4,), (1, 2), (4, 5), (3, 0), (2, 6), (4,), (0,), (0,), (4, 1))",62.3916,952.88314,1015.27474,3339.9228057714645,4306.860884708351,208.38312772857088,4103.935123364071,4312.318251092642,938.4400781551715,3933.130279050995,-7.567868953858587,-8.793135152897618,9.64086987052815,-1.3255847129905243,8.18748726033458
428,res50,LBGBGBGBGLGGGGBLBG,"((1,), (7,), (1, 4), (4,), (0, 5), (5,), (3, 4), (0,), (2, 2), (1,), (2, 2), (3, 0), (2, 6), (0, 6), (4,), (1,), (7,), (4, 0))",83.4264,887.0048200000001,970.4312200000002,3281.635892255892,4427.313860606218,273.77506860169694,3927.0487340105246,4200.823802612222,912.8842398602599,3887.088760533805,-5.930042124957634,-7.468417072939961,8.071208593531885,-1.6353520111339295,6.303863910340856
429,res50,LBGBGBGBGLGGGGBLBG,"((5,), (3,), (2, 6), (1,), (4, 1), (7,), (0, 2), (4,), (3, 6), (1,), (2, 3), (4, 7), (1, 5), (4, 4), (1,), (5,), (6,), (2, 7))",37.1648,778.4913900000001,815.6561900000002,3659.931858366271,4691.738744255979,136.0206355298108,3652.478216532693,3788.498852062504,758.4210178765906,3461.4975154912327,-7.017070773828074,-8.63142234801649,9.446817023783579,-1.7361805953237577,7.546622624417142
430,res50,LLLGGLLGLBBGLBBGBG,"((4,), (3,), (0,), (4, 6), (0, 6), (3,), (3,), (3, 3), (3,), (2,), (4,), (4, 2), (1,), (6,), (7,), (4, 6), (3,), (2, 3))",43.4091,673.27202,716.68112,3491.613070872398,4767.20346866627,151.56778095480703,3209.6247090999464,3361.1924900547533,698.6869283817737,3187.203344208268,-2.5107667993578926,-5.176411239799334,5.458991066969595,-2.734296242699234,2.575429836636928
431,res50,LLLGGLLGLBBGLBBGBG,"((3,), (0,), (5,), (3, 0), (2, 4), (2,), (5,), (1, 5), (5,), (7,), (7,), (3, 7), (3,), (4,), (0,), (1, 1), (3,), (1, 7))",51.0425,747.664,798.7065,3437.95671791444,4553.816400029776,175.4819057741478,3404.7245849118617,3580.2064906860096,774.7405079573543,3369.553966530065,-3.0006006014281423,-5.883809347420664,6.251644171554036,-2.9723985549079273,3.0934218356328502
432,res50,LLLGGLLGLBBGLBBGBG,"((2,), (0,), (3,), (0, 2), (4, 1), (4,), (4,), (4, 0), (3,), (1,), (6,), (2, 0), (3,), (3,), (7,), (3, 6), (5,), (3, 5))",62.6267,682.00122,744.62792,3369.205333467346,4689.516543658897,211.00221165745944,3198.2560039855507,3409.2582156430103,717.083156434042,3199.9270335367537,-3.6991311803025013,-6.140080007602922,6.541748605901524,-2.5347111165430736,3.841223060228376
433,res50,LLLGGLLGLBBGLBBGBG,"((4,), (5,), (3,), (2, 1), (1, 5), (4,), (1,), (3, 6), (3,), (1,), (4,), (0, 4), (4,), (3,), (0,), (0, 7), (6,), (1, 0))",42.7787,851.20824,893.98694,3471.2240695128608,4300.558578002233,148.49445310246983,3660.670898198184,3809.1653513006536,858.7429183838374,3561.724025013127,-3.942341888815806,-6.495946052933529,6.947234669216525,-2.658407683812139,4.10414116514546
434,res50,LLLGGLLGLBBGLBBGBG,"((5,), (4,), (1,), (3, 4), (4, 3), (1,), (4,), (3, 2), (5,), (0,), (5,), (0, 2), (1,), (3,), (1,), (1, 0), (5,), (4, 3))",37.614,774.4063400000001,812.0203400000001,3660.9899393939377,4410.830606233648,137.70447558036355,3415.775186133381,3553.4796617137445,773.9497083892354,3311.105016768614,-4.688383989342524,-6.8207691620286335,7.3200530855306365,-2.2372773245683493,4.919005873133324
435,res50,LLLGGLLGLBBGLBBGBG,"((2,), (2,), (2,), (2, 6), (3, 5), (0,), (3,), (4, 2), (3,), (6,), (4,), (3, 6), (0,), (2,), (5,), (1, 1), (1,), (4, 6))",62.736,725.3903100000001,788.1263100000001,3391.7529632359506,4475.146764141916,212.78501390157052,3246.2280985364014,3459.013112437972,750.2760447809567,3214.3920670504167,-4.802563337727352,-7.071989536782705,7.61018072110986,-2.3839152382920585,5.044845224945685
436,res50,LLLGGLLGLBBGLBBGBG,"((0,), (4,), (3,), (1, 4), (0, 0), (2,), (2,), (4, 7), (5,), (2,), (5,), (1, 0), (0,), (0,), (2,), (1, 0), (6,), (3, 2))",122.119,870.1878200000001,992.30682,3240.59288130958,4238.438702883652,395.7379620726446,3688.237735065953,4083.9756971385978,949.7445498263183,3836.284742053127,-4.289224795782585,-6.064946842338294,6.45653208090361,-1.8553000357241467,4.481444003175935
437,res50,LLLGGLLGLBBGLBBGBG,"((5,), (1,), (2,), (3, 4), (0, 0), (2,), (0,), (1, 7), (3,), (7,), (3,), (1, 3), (2,), (3,), (0,), (1, 2), (3,), (4, 0))",37.3157,868.6454800000001,905.96118,3616.428106060607,4225.0831656112605,134.9495462773258,3670.099394432313,3805.048940709639,875.2351430282646,3587.618481279596,-3.3915401288756573,-5.714261835210253,6.060579199393927,-2.4042632595873097,3.51060366079736
438,res50,LLLGGLLGLBBGLBBGBG,"((3,), (3,), (0,), (1, 1), (0, 0), (1,), (5,), (0, 6), (1,), (2,), (2,), (1, 3), (3,), (7,), (1,), (3, 0), (7,), (1, 7))",51.1769,864.7724,915.9493,3425.204228736949,4269.376753321376,175.291334293648,3692.039181473934,3867.3305157675823,878.9554104572352,3643.1237006406577,-4.038857777691931,-5.797456778333421,6.1542465628465015,-1.8326157441596922,4.2088471272417065
439,res50,LLLGGLLGLBBGLBBGBG,"((1,), (2,), (4,), (2, 4), (1, 6), (4,), (2,), (4, 6), (0,), (1,), (6,), (3, 3), (3,), (7,), (7,), (0, 4), (4,), (0, 1))",82.9578,753.3447999999999,836.3025999999999,3263.4814141414145,4547.730273314671,270.73123845806066,3426.008953204185,3696.7401916622457,802.0484525014848,3467.6132338141147,-4.095903504128179,-6.198081173378422,6.607627275551396,-2.1919581603490053,4.270832689930497
440,res50,LLLLGBLLGBLGGGBGLB,"((5,), (1,), (3,), (5,), (2, 4), (7,), (4,), (0,), (2, 7), (2,), (3,), (1, 0), (0, 2), (1, 0), (7,), (3, 1), (2,), (2,))",37.3534,759.388,796.7414,3621.254114570616,4574.670910141892,135.26615344320206,3473.950193110831,3609.2163465540334,759.8016015215917,3391.6801439890623,-4.63635986261142,-6.02724197380597,6.413818323950802,-1.458503586053057,4.861768967639982
441,res50,LLLLGBLLGBLGGGBGLB,"((5,), (4,), (0,), (5,), (3, 3), (2,), (5,), (5,), (3, 6), (2,), (5,), (0, 1), (2, 5), (2, 3), (2,), (0, 2), (3,), (5,))",37.4755,773.31655,810.79205,3661.198614269786,4501.41064268769,137.20524866906737,3481.015348336527,3618.2205970055934,774.8050871357449,3399.521859803543,-4.438494785963322,-6.044372678190031,6.43322050044675,-1.6804652549474786,4.644647210215116
442,res50,LLLLGBLLGBLGGGBGLB,"((2,), (3,), (0,), (1,), (3, 7), (5,), (2,), (2,), (2, 3), (3,), (2,), (4, 5), (0, 6), (0, 1), (4,), (3, 7), (2,), (5,))",62.4363,777.02183,839.45813,3362.1733042973287,4472.379745539167,209.92166107909927,3475.136694333777,3685.058355412877,808.9182551654429,3480.816018011715,-3.6380462280539296,-5.542445131191915,5.867656789221142,-1.9762975205390918,3.775396913042959
443,res50,LLLLGBLLGBLGGGBGLB,"((1,), (4,), (1,), (0,), (0, 0), (5,), (2,), (0,), (4, 3), (0,), (2,), (1, 5), (4, 5), (0, 6), (6,), (0, 6), (4,), (4,))",83.4113,903.45088,986.86218,3285.5924122174106,4340.918446157203,274.0555343731901,3921.8065901889577,4195.862124562148,954.2655374305948,3987.0560418988753,-3.3030592548804703,-4.976476263148478,5.237099264946047,-1.7305790600748134,3.415888061636719
444,res50,LLLLGBLLGBLGGGBGLB,"((1,), (3,), (1,), (5,), (4, 3), (4,), (4,), (4,), (4, 1), (4,), (4,), (2, 0), (4, 0), (4, 4), (5,), (1, 2), (4,), (2,))",83.5147,624.2276999999999,707.7424,3286.289217171717,4947.529386166671,274.45345808533085,3088.384889409233,3362.838347494564,673.2429627745669,3140.975056316912,-4.874575442340759,-6.597500927838186,7.063516494072633,-1.811214502862055,5.124366556057878
445,res50,LLLLGBLLGBLGGGBGLB,"((3,), (1,), (5,), (0,), (1, 3), (5,), (0,), (3,), (0, 2), (0,), (5,), (1, 4), (3, 0), (4, 0), (7,), (0, 2), (2,), (4,))",51.2931,879.15563,930.44873,3421.999567577031,4349.109788048829,175.52496601968542,3823.544355651234,3999.06932167092,883.3135976527938,3741.4009946178185,-5.065849501154803,-6.443207314681926,6.8869476280080475,-1.4508559946969628,5.336171940798511
446,res50,LLLLGBLLGBLGGGBGLB,"((1,), (3,), (3,), (0,), (2, 6), (4,), (5,), (5,), (2, 6), (2,), (3,), (4, 2), (4, 3), (3, 0), (0,), (1, 1), (2,), (7,))",83.5458,779.67068,863.2164799999999,3309.248451178453,4473.436257589378,276.4738092524648,3487.8070888913658,3764.280898143831,822.3323194401846,3517.635593548517,-4.736258112196296,-6.552255564055671,7.011678669833553,-1.9062839815783874,4.971732180932387
447,res50,LLLLGBLLGBLGGGBGLB,"((3,), (2,), (5,), (1,), (2, 3), (4,), (1,), (4,), (0, 6), (2,), (3,), (1, 0), (0, 6), (4, 2), (4,), (4, 2), (3,), (5,))",51.2486,787.5536699999999,838.8022699999999,3434.862251718866,4473.580400463114,176.0318815934395,3523.1846624247946,3699.2165440182334,799.5185899954561,3472.9186043527534,-4.6833063535395345,-6.117455871336107,6.516073811285174,-1.5046152598578135,4.913416710519154
448,res50,LLLLGBLLGBLGGGBGLB,"((4,), (4,), (3,), (0,), (1, 1), (1,), (5,), (0,), (3, 3), (6,), (0,), (1, 1), (1, 0), (4, 5), (3,), (4, 6), (3,), (2,))",43.35,775.5765200000002,818.9265200000002,3497.617724867725,4509.573792144887,151.62172837301588,3497.519548394936,3649.1412767679512,777.7234211810068,3425.191142968562,-5.031354805678225,-6.137063950501314,6.538325146003232,-1.1642886371187127,5.297911532151721
449,res50,LLLLGBLLGBLGGGBGLB,"((0,), (1,), (0,), (4,), (1, 7), (3,), (5,), (2,), (4, 7), (7,), (4,), (3, 1), (4, 3), (2, 6), (1,), (4, 6), (1,), (4,))",122.04,748.9628899999999,871.0028899999999,3238.7707614471005,4678.214681087169,395.25958372700416,3503.809187587474,3899.068771314478,839.814457770474,3692.500006270135,-3.5807495689854623,-5.297900015615861,5.5942793417352465,-1.7809207590334626,3.7137289005865015
450,res50,LBBBGBGLBGLGBBGBLB,"((3,), (5,), (3,), (4,), (1, 1), (2,), (2, 4), (4,), (4,), (3, 4), (0,), (4, 5), (1,), (2,), (3, 2), (5,), (0,), (2,))",50.9653,764.3458900000002,815.3111900000001,3401.2385680332727,4538.458215075213,173.34514399138615,3468.951883629476,3642.2970276208616,766.3351467562742,3378.8486844524778,-6.007036803177685,-7.233027432155021,7.796985534765784,-1.3043429925813665,6.390943107729121
451,res50,LBBBGBGLBGLGBBGBLB,"((4,), (7,), (6,), (3,), (4, 5), (0,), (2, 6), (1,), (6,), (3, 5), (3,), (2, 0), (6,), (2,), (2, 4), (2,), (3,), (7,))",43.4909,709.33614,752.82704,3577.1286033570523,4791.258845022759,155.57254237574122,3398.613054869302,3554.185597245043,715.9463898173522,3304.8573707517194,-4.8989539725682345,-7.015059277899993,7.544296123030918,-2.2251125447362385,5.151314498849086
452,res50,LBBBGBGLBGLGBBGBLB,"((5,), (5,), (2,), (1,), (0, 0), (1,), (4, 3), (5,), (1,), (3, 3), (2,), (0, 6), (7,), (1,), (1, 5), (7,), (3,), (2,))",37.2348,867.57792,904.81272,3640.983333890747,4456.555541044719,135.57128624075517,3866.409186664052,4001.9804729048064,858.0939719521997,3717.3479508094674,-5.163361103919971,-7.112291627168803,7.656870593277643,-2.0550396407283387,5.444479226618168
453,res50,LBBBGBGLBGLGBBGBLB,"((4,), (5,), (0,), (3,), (1, 1), (5,), (2, 6), (4,), (3,), (0, 1), (0,), (1, 4), (6,), (1,), (4, 5), (1,), (1,), (2,))",43.3087,872.9060300000002,916.2147300000004,3477.5271200510865,4398.675167565551,150.6071787841565,3839.630077779231,3990.237256563388,869.3969421029684,3731.962278468822,-5.1099143425725035,-6.472672211902673,6.920621346701648,-1.4361435758947405,5.385087711924224
454,res50,LBBBGBGLBGLGBBGBLB,"((4,), (1,), (2,), (7,), (1, 7), (1,), (3, 4), (3,), (1,), (1, 3), (0,), (4, 4), (0,), (5,), (1, 6), (1,), (2,), (2,))",43.3073,907.66654,950.97384,3488.82127805145,4334.718285359437,151.09142973495756,3934.478747946933,4085.5701776818905,889.1089432762984,3760.0133505882923,-6.505425714307933,-7.968455146652646,8.658395509225029,-1.5648281662571315,6.958078331293576
455,res50,LBBBGBGLBGLGBBGBLB,"((2,), (0,), (4,), (5,), (1, 6), (2,), (1, 5), (5,), (7,), (1, 6), (3,), (3, 1), (3,), (0,), (2, 3), (0,), (5,), (1,))",61.7591,874.6707500000001,936.42985,3333.254638836773,4421.414890745414,205.85880656538416,3867.28227854946,4073.141085114844,885.076954033594,3782.902482446659,-5.483902074074847,-7.125670253084331,7.672378656730991,-1.7370249248928638,5.802082602238543
456,res50,LBBBGBGLBGLGBBGBLB,"((3,), (0,), (4,), (0,), (4, 6), (4,), (1, 1), (5,), (1,), (2, 7), (3,), (1, 5), (5,), (6,), (4, 1), (1,), (1,), (7,))",51.0423,813.4072900000001,864.4495900000001,3459.020309714796,4537.839400346802,176.55635235455554,3691.1116490913178,3867.6680014458734,833.5288036048902,3658.0840524365685,-3.576933432880669,-5.4188712405241315,5.729336614605845,-1.910266778708284,3.709624221908361
457,res50,LBBBGBGLBGLGBBGBLB,"((5,), (4,), (0,), (4,), (2, 4), (2,), (2, 5), (2,), (0,), (2, 2), (4,), (4, 1), (4,), (4,), (4, 4), (6,), (0,), (5,))",37.1934,786.70298,823.89638,3646.175164437013,4571.079824277285,135.6136513609716,3596.0821195768167,3731.695770937789,784.386919174844,3497.3461370501577,-4.795440517065507,-6.279976940047774,6.700784672268506,-1.5593123176504837,5.036986193844091
458,res50,LBBBGBGLBGLGBBGBLB,"((0,), (3,), (3,), (5,), (0, 1), (5,), (4, 7), (5,), (4,), (0, 4), (0,), (0, 3), (0,), (2,), (2, 3), (6,), (5,), (5,))",121.734,927.39946,1049.13346,3242.762237263635,4316.18741704907,394.75441819105134,4002.829879830103,4397.584298021154,993.5297099365367,4105.863873750593,-5.299969182515948,-6.633651671028362,7.104970677074161,-1.4083231832129326,5.5965865446555325
459,res50,LBBBGBGLBGLGBBGBLB,"((1,), (5,), (5,), (2,), (3, 4), (7,), (1, 5), (2,), (2,), (3, 2), (2,), (4, 4), (4,), (0,), (3, 6), (2,), (1,), (3,))",83.3278,735.1857299999999,818.51353,3280.3767131937,4644.911687599096,273.34657468166205,3414.872789833073,3688.219364514735,791.4733107304546,3487.7065545198648,-3.3035763342293603,-5.436574947901777,5.749130749977163,-2.205871254396227,3.416441072989525
460,res50,BGGBGGBGBLBBGBLBLL,"((7,), (3, 6), (0, 0), (1,), (3, 1), (3, 4), (6,), (0, 7), (2,), (1,), (1,), (1,), (2, 2), (3,), (1,), (0,), (3,), (1,))",15.7514,904.4114,920.1628,4847.587631812632,4209.703286428661,76.3562918237335,3807.303642863546,3883.65993468728,848.2146626115207,3544.789699268668,-7.819066081402037,-8.72553830967434,9.55967107127752,-0.9833619488741534,8.482302954650896
461,res50,BGGBGGBGBLBBGBLBLL,"((5,), (4, 4), (1, 5), (1,), (4, 3), (2, 1), (3,), (0, 4), (2,), (0,), (0,), (1,), (2, 2), (0,), (4,), (4,), (1,), (1,))",19.6687,907.072,926.7407,4190.020324699811,4199.672871468495,82.41225276042317,3809.405670868671,3891.817923629094,841.6348089305352,3507.019783558842,-9.183355286917338,-9.887362348941297,10.97222610132436,-0.7751960714339584,10.111973764204059
462,res50,BGGBGGBGBLBBGBLBLL,"((4,), (1, 4), (2, 7), (3,), (3, 6), (4, 5), (0,), (2, 0), (7,), (5,), (4,), (0,), (0, 0), (2,), (4,), (0,), (1,), (3,))",22.4395,882.3158000000001,904.7553,3981.029039628672,4316.935880888704,89.33230113474758,3808.9007352950216,3898.233036429769,844.5045363396565,3579.6458488266358,-6.659343544087946,-8.172604988615923,8.89996388071636,-1.6212243431593447,7.134451156590469
463,res50,BGGBGGBGBLBBGBLBLL,"((2,), (4, 4), (0, 3), (3,), (1, 5), (4, 4), (3,), (0, 4), (6,), (4,), (6,), (1,), (4, 3), (6,), (5,), (3,), (3,), (1,))",31.8256,750.7258,782.5514000000001,3657.01251082251,4597.705484941439,116.38661736443288,3451.61612834705,3568.002745711483,729.9342309977163,3265.53121206093,-6.723797184732368,-8.477334666126723,9.262552216111192,-1.8799408943213745,7.208480814821295
464,res50,BGGBGGBGBLBBGBLBLL,"((6,), (3, 1), (0, 0), (0,), (3, 4), (2, 5), (7,), (2, 5), (6,), (3,), (3,), (7,), (1, 3), (6,), (5,), (4,), (0,), (3,))",17.2133,779.2941000000001,796.5074000000001,4522.067802197803,4576.799572368701,77.83970969957144,3566.672903629452,3644.512613329023,735.2207762198925,3321.5359043524154,-7.694419886131323,-8.862000032470455,9.723715723000064,-1.2649074356055194,8.33581228419715
465,res50,BGGBGGBGBLBBGBLBLL,"((1,), (3, 2), (1, 3), (6,), (2, 3), (3, 3), (3,), (2, 3), (7,), (4,), (4,), (7,), (4, 1), (0,), (2,), (1,), (3,), (3,))",41.9938,751.5509,793.5446999999999,3514.306197774131,4560.914693604939,147.5790716080873,3427.7595428020163,3575.338614410104,731.8622800042135,3246.5207321348416,-7.773024001771597,-9.196831901459332,10.12831610839704,-1.5438085053499713,8.428145797516887
466,res50,BGGBGGBGBLBBGBLBLL,"((6,), (2, 5), (0, 6), (1,), (4, 7), (1, 1), (0,), (1, 6), (6,), (1,), (0,), (3,), (2, 1), (1,), (3,), (7,), (4,), (1,))",17.3692,880.1351000000002,897.5043000000002,4493.076248751249,4354.45499787796,78.0411399798102,3832.5086850028174,3910.549824982629,821.1286123765867,3536.448831555266,-8.509785147927808,-9.566455106578898,10.578436483777452,-1.1549540684318849,9.301306332799658
467,res50,BGGBGGBGBLBBGBLBLL,"((0,), (4, 2), (0, 4), (3,), (0, 0), (0, 7), (4,), (0, 5), (1,), (4,), (7,), (6,), (3, 1), (5,), (1,), (6,), (2,), (3,))",61.4677,911.1689,972.6366,3403.043812874118,4310.89777419183,209.17727617660245,3927.955982922818,4137.133259099421,906.545916427516,3784.8126086047337,-6.795002735089762,-8.516057579720815,9.308800380068751,-1.8465263613917706,7.2903845657296555
468,res50,BGGBGGBGBLBBGBLBLL,"((0,), (4, 7), (4, 6), (7,), (3, 7), (3, 2), (0,), (3, 6), (1,), (0,), (0,), (0,), (1, 2), (4,), (3,), (1,), (0,), (1,))",61.4474,943.6144,1005.0618,3365.4668366389715,4209.894099390449,206.7991868976896,3972.516694659859,4179.315881557548,916.6992111798571,3776.8437689968946,-8.791756767608005,-9.630095545940405,10.65630820804503,-0.919148038183745,9.639212922024209
469,res50,BGGBGGBGBLBBGBLBLL,"((0,), (0, 1), (2, 2), (2,), (0, 0), (3, 6), (6,), (3, 5), (4,), (3,), (0,), (2,), (3, 1), (2,), (5,), (6,), (0,), (5,))",61.4915,913.4982,974.9897,3386.3879294879844,4216.743893507449,208.2340733661104,3851.987956580046,4060.222029946157,899.856146526308,3703.4057815204633,-7.7060868923735315,-8.7880969512011,9.634813722173313,-1.1723525662692618,8.349507169976894
470,res50,GLLBGLGBBBBLLLGLGB,"((2, 2), (1,), (2,), (4,), (0, 5), (3,), (1, 2), (3,), (6,), (7,), (7,), (1,), (0,), (2,), (1, 1), (3,), (1, 1), (4,))",25.4589,824.7886300000001,850.2475300000001,3756.872688154208,4424.081749881045,95.64584608044916,3648.93232549239,3744.57817157284,809.1358951774283,3498.860595922458,-4.835254837208615,-6.561956097371923,7.022788388218137,-1.8144337561242565,5.080930788956884
471,res50,GLLBGLGBBBBLLLGLGB,"((0, 1), (5,), (3,), (0,), (1, 3), (5,), (1, 2), (2,), (4,), (0,), (3,), (4,), (4,), (3,), (1, 2), (3,), (2, 1), (5,))",34.1119,849.60744,883.71934,3581.62327518441,4287.020104189186,122.17597500076306,3642.2841759487073,3764.460150949472,849.3503139189928,3541.757499401258,-3.88913363387602,-5.915925328417777,6.2879136018166815,-2.108805977069152,4.04650772687949
472,res50,GLLBGLGBBBBLLLGLGB,"((2, 2), (4,), (1,), (0,), (0, 3), (0,), (2, 0), (7,), (1,), (5,), (7,), (3,), (1,), (2,), (2, 6), (0,), (4, 1), (7,))",24.4231,878.73289,903.15599,3813.206702599086,4358.240202908028,93.13032861824774,3829.729008815558,3922.8593374338056,847.5708744018137,3638.2723224871,-6.154542096120764,-7.254581173253898,7.822037212216261,-1.1721814797470929,6.558167260928636
473,res50,GLLBGLGBBBBLLLGLGB,"((4, 6), (5,), (5,), (3,), (1, 5), (0,), (0, 2), (3,), (0,), (3,), (5,), (5,), (3,), (0,), (2, 3), (2,), (4, 0), (5,))",13.2958,805.4330700000002,818.7288700000001,4759.072772227772,4461.416869160966,63.275679764986,3593.3726854781057,3656.648365243092,787.558236349547,3455.394658947329,-3.8071985479702413,-5.503775211439667,5.824333431049362,-1.763725183027848,3.9578830125545834
474,res50,GLLBGLGBBBBLLLGLGB,"((3, 7), (4,), (2,), (5,), (0, 0), (4,), (4, 3), (2,), (3,), (7,), (5,), (1,), (4,), (4,), (0, 5), (4,), (1, 4), (7,))",12.3489,793.8714600000001,806.22036,5223.645595238096,4509.165945893919,64.50627709103573,3579.698152849087,3644.204429940122,764.8959390778028,3383.1737345359734,-5.1256980067083875,-7.162899349431871,7.715556926311702,-2.1472635897416454,5.402619991945584
475,res50,GLLBGLGBBBBLLLGLGB,"((4, 5), (5,), (5,), (2,), (0, 6), (1,), (3, 5), (7,), (5,), (3,), (6,), (4,), (5,), (3,), (1, 4), (0,), (2, 4), (5,))",15.2941,750.54472,765.8388199999999,4659.694141414142,4645.94517161683,71.26582816820203,3486.989617966505,3558.255446134707,719.3173146532811,3281.375587920306,-6.074581769923712,-7.7813372987364575,8.43792034150789,-1.8171391312114598,6.467452457910415
476,res50,GLLBGLGBBBBLLLGLGB,"((2, 0), (2,), (5,), (1,), (3, 5), (3,), (2, 1), (0,), (2,), (2,), (4,), (2,), (1,), (3,), (1, 6), (4,), (3, 2), (5,))",48.6856,780.2502499999997,828.9358499999997,3495.527952672473,4409.724078185286,170.18187569263094,3440.688314435088,3610.870190127719,797.8200699915358,3392.1009191091016,-3.753701810395095,-6.05863017775445,6.449373890564404,-2.394822877050985,3.900099932155626
477,res50,GLLBGLGBBBBLLLGLGB,"((1, 5), (0,), (4,), (7,), (2, 1), (5,), (2, 0), (5,), (5,), (4,), (1,), (4,), (4,), (1,), (2, 5), (3,), (3, 6), (4,))",15.2675,705.70224,720.96974,4564.561464646465,4673.38775690371,69.68944216148991,3298.020208435524,3367.709650597013,693.3971218654686,3159.5326792788223,-3.824379388590061,-6.1815593657631975,6.588853240337681,-2.4509121565195167,3.9764540787755003
478,res50,GLLBGLGBBBBLLLGLGB,"((0, 6), (4,), (5,), (7,), (0, 5), (1,), (4, 5), (5,), (7,), (0,), (0,), (1,), (3,), (2,), (1, 3), (0,), (3, 7), (3,))",14.3967,882.54788,896.94458,4868.069357864359,4439.189785624819,70.0841341243658,3917.797534220838,3987.881668345204,849.0971722050544,3706.203833357255,-5.334488759043008,-7.063344863611089,7.600171163084471,-1.8262787385867896,5.635092114450061
479,res50,GLLBGLGBBBBLLLGLGB,"((2, 0), (2,), (3,), (0,), (4, 7), (5,), (0, 0), (7,), (5,), (1,), (7,), (5,), (5,), (1,), (0, 4), (0,), (3, 4), (3,))",46.8326,850.8137200000001,897.6463200000001,3553.362127363256,4496.053106678154,166.41318716595242,3825.3036690103977,3991.71685617635,857.0521920582759,3719.1958047901117,-4.522285340814876,-6.827163879736833,7.327418767122901,-2.4140487098475343,4.736482599062538
480,res50,BBLBGLLBBGBLBBGBBB,"((7,), (5,), (5,), (3,), (3, 7), (0,), (0,), (1,), (3,), (0, 3), (4,), (1,), (7,), (5,), (3, 0), (2,), (0,), (6,))",9.51744,810.73076,820.2482,5157.200277777778,4531.32357633599,49.08334421173334,3673.683406848795,3722.766751060528,796.3810110926037,3538.5630791878502,-2.9097520613146517,-4.948031509634666,5.205606562620752,-2.0993657875992042,2.996956051808845
481,res50,BBLBGLLBBGBLBBGBBB,"((3,), (2,), (5,), (7,), (1, 4), (3,), (0,), (0,), (7,), (1, 6), (6,), (5,), (6,), (4,), (4, 7), (6,), (1,), (7,))",15.8078,731.5906999999999,747.3984999999999,4105.4692395104885,4905.480986011007,64.8984366443339,3588.8042683924823,3653.702705036816,733.0654641183589,3477.5560565429305,-1.9177233940984588,-4.821044915642928,5.065242533257533,-2.9600878181183794,1.9552190879540268
482,res50,BBLBGLLBBGBLBBGBBB,"((1,), (4,), (1,), (7,), (4, 0), (0,), (3,), (5,), (1,), (4, 4), (0,), (1,), (5,), (6,), (4, 6), (7,), (0,), (0,))",37.3235,778.2892,815.6127,3508.1573064267345,4721.95983301501,130.93670922641823,3675.050340869386,3805.987050095805,790.5264501067016,3596.1064912738366,-3.075755182980644,-5.5144843127273715,5.836327687493561,-2.5161187836446244,3.1733599666288623
483,res50,BBLBGLLBBGBLBBGBBB,"((0,), (6,), (2,), (3,), (4, 2), (0,), (5,), (2,), (7,), (1, 1), (1,), (2,), (1,), (4,), (2, 6), (4,), (0,), (7,))",38.7842,826.7645,865.5487,3555.083358506838,4493.676422381731,137.88106399300088,3715.2121405122207,3853.093204505221,860.8523819692588,3701.6406023426284,-0.542582760593515,-3.9306758005621782,4.091499376431728,-3.40657653698477,0.5455427816785674
484,res50,BBLBGLLBBGBLBBGBBB,"((2,), (2,), (4,), (4,), (1, 3), (3,), (2,), (7,), (6,), (2, 4), (5,), (1,), (4,), (0,), (4, 5), (7,), (7,), (7,))",18.3131,695.3373,713.6504,3976.612489672165,4939.794542395163,72.82410218461531,3434.823399663788,3507.6475018484034,701.4199170639471,3331.2788248909133,-1.7137919261381915,-5.028118614101054,5.294323478409702,-3.372117770045772,1.7436748855447508
485,res50,BBLBGLLBBGBLBBGBBB,"((4,), (2,), (0,), (0,), (4, 7), (0,), (0,), (3,), (7,), (3, 6), (4,), (0,), (3,), (0,), (1, 4), (3,), (4,), (6,))",13.2391,869.4643,882.7034,4258.980335497835,4432.862900747125,56.38506655968939,3854.2160389940686,3910.601105553758,851.5234413469334,3678.7482493189364,-3.532325654695178,-5.928829097540752,6.302493144991504,-2.4842554349007413,3.6616676816020863
486,res50,BBLBGLLBBGBLBBGBBB,"((0,), (1,), (5,), (5,), (3, 2), (0,), (5,), (2,), (3,), (1, 4), (6,), (3,), (6,), (4,), (3, 3), (1,), (2,), (0,))",55.3843,763.8236999999998,819.2079999999999,3411.426936966014,4566.638845038789,188.93949290500683,3488.106979181254,3677.046472086261,806.2368744712935,3513.0165083321353,-1.5833738841303253,-4.460916254372475,4.669205606209964,-2.9238376520388956,1.608847962605578
487,res50,BBLBGLLBBGBLBBGBBB,"((1,), (4,), (0,), (1,), (0, 0), (0,), (1,), (6,), (5,), (0, 0), (2,), (3,), (7,), (4,), (2, 5), (3,), (6,), (2,))",34.1192,866.3364000000001,900.4556000000001,3541.25372498516,4405.017023533493,120.82474409351369,3816.226590106722,3937.051334200236,869.7047574011374,3719.8268206218468,-3.41503152391553,-5.517441738475977,5.839640500846635,-2.176746804116861,3.535779508755694
488,res50,BBLBGLLBBGBLBBGBBB,"((5,), (4,), (1,), (2,), (2, 1), (5,), (2,), (4,), (1,), (2, 2), (4,), (5,), (2,), (7,), (1, 5), (1,), (5,), (3,))",14.0602,757.6863,771.7465,4284.148968253968,4569.089108175038,60.23599132344444,3461.936220743444,3522.1722120668883,745.4168052561744,3307.0194595483968,-3.411702514209731,-6.108524500346198,6.505941532859094,-2.7920794302572784,3.5322110473182806
489,res50,BBLBGLLBBGBLBBGBBB,"((0,), (2,), (5,), (6,), (4, 3), (3,), (4,), (5,), (6,), (1, 0), (4,), (2,), (2,), (2,), (2, 1), (3,), (1,), (5,))",41.9166,736.8541,778.7707,3476.9004499385574,4634.439154308588,145.7398453998945,3414.905492052816,3560.64533745271,781.9287541524603,3438.810513618224,0.40551784401497065,-3.421706243892487,3.542935074555605,-3.811766693791905,-0.4038800383908806
490,res50,BLLLLGGLBBGLLLBGLG,"((7,), (5,), (0,), (5,), (1,), (2, 1), (1, 7), (5,), (7,), (4,), (1, 4), (4,), (4,), (3,), (1,), (3, 3), (5,), (4, 4))",16.322,659.15769,675.47969,5006.859339826842,4733.766968551892,81.72195814465373,3120.298899988968,3202.020858133622,654.3269318972473,3021.848366301411,-3.1315165231322837,-5.626836920020225,5.962327357038527,-2.5759878830805003,3.2327506436911326
491,res50,BLLLLGGLBBGLLLBGLG,"((6,), (2,), (2,), (5,), (3,), (1, 3), (1, 6), (4,), (2,), (5,), (4, 7), (1,), (0,), (2,), (3,), (3, 6), (2,), (1, 2))",17.8131,663.1851200000002,680.9982200000002,4514.19498889999,4577.882220864284,80.4118067567744,3035.983369989748,3116.395176746522,652.4994889767319,2918.9948666453074,-4.184846624601794,-6.334251560076472,6.762612444333602,-2.2432828835053313,4.36762503338674
492,res50,BLLLLGGLBBGLLLBGLG,"((4,), (4,), (0,), (4,), (1,), (1, 2), (2, 3), (4,), (0,), (0,), (2, 3), (1,), (1,), (4,), (6,), (0, 2), (1,), (1, 5))",22.0812,834.1031000000002,856.1843000000001,4080.097705766456,4210.978707475613,90.09345346057026,3512.390393939403,3602.483847399973,818.6782394337631,3373.100601068526,-4.380605970728149,-6.367363631539949,6.800367776128105,-2.0777768788239706,4.581294427976749
493,res50,BLLLLGGLBBGLLLBGLG,"((5,), (1,), (5,), (0,), (5,), (4, 7), (0, 5), (1,), (6,), (6,), (2, 2), (1,), (2,), (2,), (7,), (4, 6), (5,), (3, 6))",18.5436,639.1642899999999,657.7078899999999,4531.156173271173,4876.123187303873,84.02394761467134,3116.643814965617,3200.667762580288,631.8665026171045,3008.205339047,-3.9290067484054956,-6.013195926906525,6.397915096921544,-2.1694260754053705,4.0896909831212565
494,res50,BLLLLGGLBBGLLLBGLG,"((2,), (5,), (3,), (4,), (3,), (0, 6), (1, 4), (3,), (3,), (6,), (0, 3), (5,), (0,), (0,), (5,), (3, 0), (0,), (2, 1))",33.1858,752.5847000000001,785.7705000000001,3652.023771880294,4415.1296431141855,121.19533048886504,3322.759017924197,3443.9543484130622,755.87522246602,3237.1314488307926,-3.8045813038260032,-6.005390276952175,6.389079431944948,-2.2878521690074125,3.9550545705741844
495,res50,BLLLLGGLBBGLLLBGLG,"((5,), (2,), (2,), (4,), (1,), (0, 3), (4, 7), (0,), (4,), (6,), (4, 0), (2,), (2,), (2,), (1,), (2, 4), (4,), (3, 0))",21.6747,694.6831999999999,716.3579,4155.451792986425,4491.737603539219,90.06817097744288,3120.334651986956,3210.402822964398,687.8256662396875,3006.743886707743,-3.982957926521431,-6.343719074748447,6.773404850243264,-2.4586897255389353,4.148178115582234
496,res50,BLLLLGGLBBGLLLBGLG,"((7,), (0,), (0,), (0,), (2,), (4, 0), (1, 6), (2,), (4,), (2,), (3, 5), (1,), (1,), (3,), (3,), (0, 2), (1,), (0, 5))",15.3814,789.9133999999999,805.2947999999999,4991.019823232323,4293.011636157706,76.76887230906564,3391.107417756896,3467.8762900659617,773.4503667677894,3266.252634900184,-3.954382076254617,-5.814038284564716,6.172935094224243,-1.936221816789766,4.11719156140384
497,res50,BLLLLGGLBBGLLLBGLG,"((6,), (3,), (5,), (1,), (1,), (2, 4), (3, 2), (0,), (6,), (0,), (1, 3), (5,), (3,), (3,), (3,), (1, 7), (2,), (2, 7))",16.6135,716.5161400000001,733.1296400000001,4775.039004329004,4474.49446082399,79.33011049841988,3206.047499520987,3285.377610019407,698.510596331426,3062.8747968435714,-4.722090307053215,-6.772518705224909,7.26450893145009,-2.15205014969329,4.956122906423055
498,res50,BLLLLGGLBBGLLLBGLG,"((7,), (4,), (1,), (3,), (2,), (1, 7), (3, 1), (0,), (0,), (1,), (4, 5), (4,), (4,), (2,), (2,), (2, 3), (4,), (1, 4))",15.7835,719.92189,735.70539,4925.906994949495,4437.252977445502,77.74805305478536,3194.475549930693,3272.2236029854785,705.227359132336,3065.9665764930437,-4.142695062715792,-6.303268098923681,6.727308382088045,-2.2539471953874077,4.321731208097497
499,res50,BLLLLGGLBBGLLLBGLG,"((3,), (2,), (0,), (0,), (2,), (2, 6), (0, 2), (2,), (0,), (3,), (4, 2), (1,), (0,), (1,), (5,), (3, 2), (3,), (4, 6))",24.6693,797.47915,822.14845,4081.639821159234,4254.440997963836,100.6911972401235,3392.827990781352,3493.519188021475,797.6224547962329,3313.206869390094,-2.983158966457595,-5.161337577581743,5.442229409133569,-2.245155158547242,3.0748877562671875
500,res50,GLLGLLBLGGGLGBLGLB,"((4, 0), (5,), (4,), (4, 7), (1,), (0,), (0,), (1,), (0, 6), (1, 1), (1, 0), (5,), (3, 4), (7,), (0,), (2, 5), (1,), (2,))",49.1247,863.4887400000001,912.61344,3686.113224347247,4359.968191007311,181.0792063120912,3764.783439692983,3945.862646005074,858.4929121100936,3664.3736162708105,-5.930279515706715,-7.133776691878838,7.681777548129254,-1.2793672288768658,6.30413217470641
501,res50,GLLGLLBLGGGLGBLGLB,"((4, 6), (0,), (2,), (0, 5), (5,), (4,), (1,), (4,), (4, 1), (1, 3), (0, 6), (1,), (4, 3), (3,), (4,), (1, 6), (4,), (4,))",14.0082,797.7805099999998,811.7887099999998,4786.135291375291,4505.117469981591,67.04514038864336,3594.0949128118227,3661.140053200466,765.8931701506641,3399.221364627415,-5.653631207723463,-7.154019916394321,7.705255424039148,-1.5902983102341601,5.9924205669972554
502,res50,GLLGLLBLGGGLGBLGLB,"((1, 2), (0,), (3,), (0, 2), (2,), (1,), (2,), (5,), (0, 0), (0, 7), (0, 4), (5,), (2, 5), (2,), (1,), (0, 1), (2,), (6,))",22.8631,1005.29138,1028.15448,4002.661846179276,4087.104924470951,91.5132580553814,4108.731349726199,4200.24460778158,984.4766100947608,3961.3912034887417,-4.248181645353446,-5.6866546260264705,6.02953336399809,-1.5022931213120014,4.436658977711509
503,res50,GLLGLLBLGGGLGBLGLB,"((4, 5), (1,), (0,), (2, 6), (3,), (1,), (2,), (3,), (0, 6), (0, 6), (4, 3), (2,), (0, 3), (1,), (3,), (1, 4), (2,), (7,))",13.4906,902.45669,915.94729,5005.765721500721,4240.924188636444,67.53078304247764,3827.250405817781,3894.781188860258,865.8777277229445,3626.7046389074067,-5.46642397697966,-6.882968181103381,7.391739241098305,-1.4984561715710105,5.782521096682624
504,res50,GLLGLLBLGGGLGBLGLB,"((4, 1), (0,), (1,), (2, 0), (3,), (2,), (5,), (4,), (0, 5), (2, 4), (4, 3), (4,), (4, 3), (7,), (0,), (2, 4), (3,), (6,))",27.8116,775.2311399999999,803.0427399999999,4035.4030073788135,4505.346668388265,112.2310142800166,3492.6850338298364,3604.916048109853,754.4455735301632,3338.913634623775,-6.05162889211061,-7.378879561579512,7.966735369483452,-1.412744738218721,6.44144099652455
505,res50,GLLGLLBLGGGLGBLGLB,"((3, 0), (2,), (5,), (3, 1), (5,), (3,), (2,), (2,), (4, 0), (2, 6), (3, 0), (1,), (4, 3), (6,), (3,), (3, 0), (4,), (6,))",38.0269,612.47159,650.49849,3757.927347668725,4927.207990758692,142.90232745706382,3017.774912360682,3160.677239817745,627.7921573224049,2971.967271178042,-3.490604978590345,-5.970554862811124,6.349665101288303,-2.569646078157081,3.616855102879867
506,res50,GLLGLLBLGGGLGBLGLB,"((0, 7), (5,), (4,), (2, 2), (3,), (3,), (0,), (1,), (2, 5), (0, 4), (2, 4), (4,), (1, 2), (6,), (3,), (1, 2), (2,), (6,))",11.6569,835.6064799999999,847.2633799999999,5201.440079365079,4349.864429874002,60.6326668611508,3634.774904724221,3695.407571585373,798.9062313862855,3428.918075646701,-5.707451750565964,-7.2113695384443055,7.7718245248076325,-1.5949487163078726,6.052919193007628
507,res50,GLLGLLBLGGGLGBLGLB,"((3, 0), (5,), (5,), (0, 1), (0,), (3,), (1,), (3,), (3, 3), (4, 2), (2, 3), (0,), (4, 1), (0,), (0,), (0, 5), (0,), (3,))",48.9996,933.8444900000002,982.8440900000002,3549.692440280899,4238.830224106171,173.93350969678795,3958.4082488270137,4132.341758523802,906.5052578533315,3782.9254376376102,-7.767135492127612,-8.455649152576722,9.236669520623634,-0.7464949333654834,8.421223317275008
508,res50,GLLGLLBLGGGLGBLGLB,"((2, 7), (4,), (3,), (1, 7), (1,), (0,), (7,), (1,), (3, 0), (3, 5), (0, 0), (3,), (4, 3), (1,), (0,), (4, 6), (2,), (6,))",11.285,800.6819299999999,811.9669299999998,5133.87376984127,4485.420467717564,57.93576549265872,3591.395116953601,3649.33088244626,766.4580967384071,3400.5589959877248,-5.604764378962174,-6.816917798689053,7.315617425019178,-1.284125635951825,5.937550070284522
509,res50,GLLGLLBLGGGLGBLGLB,"((1, 5), (2,), (2,), (4, 6), (3,), (1,), (6,), (2,), (4, 1), (1, 6), (2, 2), (4,), (2, 1), (0,), (3,), (3, 1), (3,), (6,))",14.1237,714.71561,728.83931,4626.387907647907,4593.268558458262,65.34171489124674,3282.880739652317,3348.2224545435643,696.8564683070891,3131.925381029507,-4.38818835017431,-6.460056834650882,6.906201368148725,-2.1669587143319795,4.589588121440345
510,res50,GBBGBGLLLBGBLGBGGL,"((0, 3), (2,), (2,), (2, 7), (5,), (3, 3), (1,), (2,), (5,), (0,), (4, 3), (5,), (1,), (1, 1), (0,), (2, 7), (0, 7), (0,))",22.9464,937.64118,960.58758,3727.868489483513,4273.439540324259,85.54116150708448,4006.952893248296,4092.49405475538,896.9607639732526,3756.784340712847,-6.6237391937492465,-8.203059297116054,8.936092242623445,-1.6913507670260792,7.093600810909562
511,res50,GBBGBGLLLBGBLGBGGL,"((3, 2), (7,), (2,), (1, 7), (4,), (0, 0), (1,), (3,), (3,), (2,), (2, 1), (5,), (2,), (3, 3), (5,), (1, 5), (0, 3), (2,))",27.9641,809.8304999999999,837.7946,3739.671981424147,4444.921461102986,104.576561255743,3599.632969305761,3704.209530561504,784.3046726229525,3407.3677223497675,-6.384611141805817,-8.013634373613296,8.711763226043301,-1.740123340485279,6.8200444602938575
512,res50,GBBGBGLLLBGBLGBGGL,"((4, 2), (1,), (0,), (2, 0), (1,), (4, 4), (2,), (5,), (5,), (1,), (2, 1), (5,), (5,), (2, 0), (4,), (0, 7), (1, 2), (0,))",28.213,849.3007600000002,877.5137600000002,3863.8199120349886,4390.674906310323,109.00995117824314,3729.003534842287,3838.0134860205294,820.9004013731183,3528.825629156689,-6.451563634384708,-8.055934612789073,8.761777694800097,-1.7150163495346948,6.896495425289693
513,res50,GBBGBGLLLBGBLGBGGL,"((2, 2), (1,), (0,), (1, 4), (1,), (1, 3), (0,), (4,), (5,), (2,), (1, 4), (4,), (0,), (4, 6), (4,), (2, 6), (2, 4), (2,))",27.6527,893.3822099999999,921.03491,3682.492342308533,4284.903513580534,101.83085599415516,3828.056570599342,3929.887426593498,848.1498991404097,3569.223779971544,-7.913382008461573,-9.177454910828935,10.104820231384574,-1.372699888363277,8.593411486985776
514,res50,GBBGBGLLLBGBLGBGGL,"((1, 6), (7,), (2,), (2, 3), (7,), (2, 3), (5,), (3,), (5,), (3,), (3, 1), (2,), (1,), (4, 5), (2,), (3, 0), (1, 6), (1,))",15.423,708.1406900000001,723.5636900000001,4459.510411810412,4750.39448054074,68.77902908135198,3363.947625222311,3432.726654303663,682.4702721245345,3162.5339393498743,-5.679309015003993,-7.871081567623332,8.543551472820946,-2.3237452246485275,6.021275878807355
515,res50,GBBGBGLLLBGBLGBGGL,"((0, 7), (4,), (3,), (1, 4), (5,), (3, 1), (5,), (2,), (4,), (0,), (3, 0), (4,), (3,), (2, 0), (4,), (0, 4), (2, 2), (4,))",13.8074,821.3949300000002,835.2023300000002,4861.23853923854,4430.669547805049,67.12106500668223,3639.32950307246,3706.450568079143,776.2834677039941,3372.6958438860133,-7.0544418016657175,-9.004699187613802,9.895784845175315,-2.0982792763334306,7.589864366205012
516,res50,GBBGBGLLLBGBLGBGGL,"((2, 7), (6,), (5,), (3, 6), (1,), (0, 1), (4,), (5,), (3,), (2,), (0, 6), (2,), (2,), (1, 5), (2,), (2, 6), (4, 3), (2,))",14.7567,821.9617100000002,836.7184100000002,4757.9537407037415,4486.465775262696,70.21169596544291,3687.703080491402,3757.914776456845,781.4241734838449,3437.342979741153,-6.608464192410352,-8.53057655069931,9.32615100108026,-2.0581226571206623,7.076084717169096
517,res50,GBBGBGLLLBGBLGBGGL,"((0, 0), (7,), (5,), (1, 0), (4,), (1, 5), (2,), (4,), (2,), (5,), (4, 5), (3,), (5,), (1, 6), (5,), (0, 3), (0, 7), (0,))",52.5544,839.0944900000001,891.64889,3399.149300970183,4502.446156273873,178.6402520229074,3777.977761251087,3956.618013273994,841.0716059861746,3643.133227208364,-5.672331854058094,-7.923049053861782,8.604812575186688,-2.386062588043012,6.013433773515924
518,res50,GBBGBGLLLBGBLGBGGL,"((2, 0), (5,), (6,), (2, 5), (4,), (4, 1), (5,), (1,), (5,), (0,), (3, 6), (3,), (1,), (0, 5), (7,), (0, 3), (4, 3), (5,))",52.5206,795.15894,847.67954,3455.344492873318,4628.711216087779,181.4767659724024,3680.561104150469,3862.037870122872,800.8803891545092,3564.7912633401634,-5.520854124365296,-7.696625894899667,8.338401460965002,-2.3029121933409464,5.843463203649763
519,res50,GBBGBGLLLBGBLGBGGL,"((1, 4), (2,), (2,), (1, 3), (1,), (4, 1), (1,), (4,), (3,), (1,), (1, 1), (3,), (0,), (2, 4), (0,), (2, 5), (3, 2), (4,))",20.5368,929.54723,950.08403,3967.342491919843,4191.270443749854,81.47651928805942,3895.983831168548,3977.460350456607,875.3625918377456,3607.2283181972784,-7.864718888312894,-9.308251990917434,10.263615152709624,-1.5667538918719566,8.536055670985835
520,res50,GBBGLBLLBGBLLBLGGB,"((3, 4), (1,), (3,), (2, 0), (1,), (3,), (3,), (2,), (7,), (3, 4), (3,), (4,), (4,), (1,), (4,), (1, 4), (1, 2), (1,))",19.9409,717.8486600000001,737.78956,4061.671718697969,4550.116883615638,80.99338957538433,3266.295307746862,3347.288697322246,698.5023900951857,3094.3243446511333,-5.324983170650231,-7.557291155479914,8.17510785863119,-2.3578638373557235,5.624486109411979
521,res50,GBBGLBLLBGBLLBLGGB,"((2, 2), (0,), (5,), (3, 5), (2,), (2,), (5,), (4,), (2,), (0, 2), (3,), (5,), (4,), (5,), (5,), (2, 3), (2, 3), (2,))",26.0837,735.92793,762.01163,3737.334680512555,4523.521656649504,97.48351660608532,3328.98592908824,3426.469445694325,726.2558446341378,3174.20854925327,-4.692288668332025,-7.362123037695369,7.947206131128301,-2.8012784401803645,4.923304318999961
522,res50,GBBGLBLLBGBLLBLGGB,"((2, 1), (7,), (0,), (2, 1), (3,), (5,), (5,), (0,), (3,), (4, 6), (7,), (5,), (5,), (3,), (4,), (2, 6), (3, 3), (2,))",34.4337,674.4821400000002,708.9158400000002,3620.7863914409377,4796.4889984393485,124.67707236695982,3235.146164153829,3359.823236520789,676.505251040789,3114.883988245954,-4.571852839289255,-7.290242105965022,7.863511103434871,-2.848624171752722,4.790885053641235
523,res50,GBBGLBLLBGBLLBLGGB,"((1, 6), (2,), (7,), (1, 3), (2,), (0,), (2,), (4,), (4,), (3, 0), (5,), (1,), (0,), (6,), (2,), (3, 6), (1, 2), (3,))",14.0623,765.58039,779.64269,4619.23967893218,4500.590516378374,64.957134137048,3445.5638427592567,3510.5209768963045,740.9810306805358,3255.030028988212,-4.958894608434565,-7.277864157187724,7.849111855582742,-2.439964833320382,5.217631453258159
524,res50,GBBGLBLLBGBLLBLGGB,"((1, 1), (2,), (2,), (2, 6), (5,), (7,), (0,), (3,), (0,), (4, 0), (4,), (4,), (2,), (7,), (2,), (3, 5), (1, 1), (5,))",35.094,755.00031,790.0943100000001,3626.1612559746095,4562.090908750949,127.25650311717295,3444.380050355148,3571.636553472321,754.9440133960711,3314.5500339497053,-4.448873528013251,-7.198003371106667,7.756302269972512,-2.8771297049013786,4.656013688459818
525,res50,GBBGLBLLBGBLLBLGGB,"((2, 6), (7,), (1,), (4, 6), (1,), (1,), (1,), (4,), (7,), (0, 2), (3,), (3,), (1,), (6,), (0,), (3, 6), (3, 5), (6,))",13.7151,762.2877399999999,776.0028399999999,4818.455,4598.347616406906,66.0855921705,3505.2640122452067,3571.349604415707,735.1355960417461,3313.352862124674,-5.26637814344259,-7.224068513820068,7.786576106644833,-2.066521190693791,5.559143670677739
526,res50,GBBGLBLLBGBLLBLGGB,"((4, 7), (3,), (7,), (0, 3), (0,), (4,), (5,), (1,), (1,), (0, 1), (4,), (2,), (3,), (5,), (0,), (1, 1), (4, 1), (5,))",12.5007,851.1325,863.6332000000001,5155.644191919191,4408.116835678954,64.44916134992422,3751.8915026435175,3816.340663993442,812.4059846030183,3514.6552721371036,-5.931594037489737,-7.905095965428122,8.58364102584937,-2.097943414417916,6.30561767981239
527,res50,GBBGLBLLBGBLLBLGGB,"((2, 7), (0,), (0,), (1, 6), (2,), (3,), (5,), (1,), (7,), (1, 6), (4,), (4,), (0,), (6,), (4,), (1, 5), (1, 4), (4,))",12.7572,824.77769,837.53489,5037.048712121212,4459.271919235365,64.25863783027272,3677.907992628811,3742.166630459084,800.1303472859157,3478.885181719444,-4.4660280020196295,-7.035535152194463,7.5679832758812875,-2.6896266285559074,4.674806153892603
528,res50,GBBGLBLLBGBLLBLGGB,"((0, 7), (5,), (5,), (0, 6), (3,), (6,), (0,), (5,), (4,), (2, 1), (1,), (1,), (4,), (1,), (2,), (4, 2), (2, 5), (3,))",13.007,789.2253900000001,802.23239,4976.9542063492045,4495.572640331083,64.7352433619841,3548.020070338629,3612.755313700613,753.4906649277882,3326.6949490000725,-6.075761298071225,-7.918066402552005,8.598935853331668,-1.9614799437740444,6.468789507416527
529,res50,GBBGLBLLBGBLLBLGGB,"((2, 4), (0,), (3,), (3, 5), (0,), (5,), (5,), (4,), (4,), (0, 1), (7,), (5,), (0,), (1,), (5,), (3, 2), (2, 0), (2,))",18.4226,788.5980200000001,807.0206200000001,4073.668804806304,4489.387565860563,75.0475709234246,3540.32214545026,3615.3697163736847,764.1198345373821,3342.1070938267476,-5.31594663127914,-7.558359005701554,8.176357455800387,-2.3683104964781694,5.614405427466919
530,res50,GBGGGLLLBLBBBGBBLG,"((4, 7), (1,), (0, 2), (0, 2), (3, 2), (1,), (1,), (1,), (4,), (2,), (1,), (2,), (7,), (3, 6), (4,), (5,), (5,), (1, 2))",14.0991,769.77522,783.87432,4993.494744699745,4452.430573048974,70.40378175499617,3427.3707239035,3497.7745056584963,757.5779169550515,3289.826098235354,-3.3546708157180776,-5.945163334192511,6.32095439739761,-2.6804115008340537,3.4711153079332293
531,res50,GBGGGLLLBLBBBGBBLG,"((3, 5), (0,), (3, 7), (1, 3), (3, 6), (2,), (3,), (5,), (4,), (5,), (2,), (5,), (0,), (1, 6), (5,), (3,), (3,), (3, 0))",17.4993,728.0947,745.5939999999999,4285.354517149517,4523.388375177382,74.99070430195455,3293.455102008263,3368.445806310217,721.1428510311646,3157.612331342878,-3.27941868749418,-6.259072791742055,6.676990486595763,-3.0806825846306256,3.3906110188671557
532,res50,GBGGGLLLBLBBBGBBLG,"((2, 0), (3,), (0, 2), (4, 4), (4, 7), (3,), (1,), (3,), (0,), (3,), (2,), (4,), (5,), (1, 3), (4,), (1,), (0,), (0, 1))",52.8509,820.9209000000001,873.7718000000001,3435.336580595513,4304.139847683412,181.5606300873954,3533.358357486129,3714.918987573525,839.6923837141806,3493.2888355259565,-3.9002650675862442,-5.965948457797482,6.344455396692073,-2.149520382823119,4.058559651937926
533,res50,GBGGGLLLBLBBBGBBLG,"((4, 0), (6,), (3, 2), (0, 3), (1, 6), (2,), (4,), (3,), (5,), (2,), (4,), (7,), (2,), (2, 0), (5,), (7,), (3,), (3, 4))",47.7779,681.30754,729.0854400000001,3750.343707717036,4735.388715874798,179.18354663293377,3226.256036956418,3405.439583589352,696.9085405870406,3168.5773428754783,-4.413323548603496,-6.955408689536039,7.475349820526138,-2.659455517553374,4.617090699714373
534,res50,GBGGGLLLBLBBBGBBLG,"((2, 5), (5,), (4, 0), (1, 6), (0, 5), (3,), (0,), (2,), (5,), (0,), (7,), (7,), (2,), (2, 2), (7,), (7,), (1,), (0, 7))",15.5336,753.4816000000001,769.0152,4522.644040404041,4668.557296402398,70.25294346602021,3517.672021384953,3587.924964850973,729.6270466084582,3335.0007924133515,-5.121895300839553,-7.049316106534768,7.583931404543813,-2.031470603050814,5.398395464454168
535,res50,GBGGGLLLBLBBBGBBLG,"((1, 6), (6,), (4, 6), (1, 0), (2, 5), (5,), (2,), (2,), (4,), (0,), (1,), (0,), (4,), (1, 4), (6,), (3,), (2,), (4, 5))",14.1428,763.7671700000001,777.90997,4772.341396103894,4446.278525969158,67.49426989681815,3395.921566811236,3463.4158367080536,748.1951405350998,3244.871958535619,-3.819828850490279,-6.310067530907832,6.735053985645141,-2.5891393731734316,3.9715346779248852
536,res50,GBGGGLLLBLBBBGBBLG,"((4, 2), (7,), (4, 3), (4, 0), (3, 7), (5,), (1,), (4,), (7,), (1,), (1,), (1,), (7,), (2, 3), (6,), (6,), (2,), (3, 3))",26.1288,611.35509,637.48389,3998.3269842923687,5065.546868301149,104.47148610717844,3096.847861569467,3201.319347676645,612.1682194210282,2989.8675938506976,-3.9711859352197556,-6.605144031613353,7.072278192547489,-2.7428830836302587,4.135410786746593
537,res50,GBGGGLLLBLBBBGBBLG,"((2, 5), (7,), (1, 0), (0, 3), (3, 2), (3,), (4,), (4,), (6,), (4,), (4,), (0,), (1,), (4, 7), (6,), (1,), (1,), (2, 1))",17.0712,753.1031,770.1743,4242.586934731934,4552.639001571139,72.4260500801958,3428.6065452641296,3501.0325953443253,738.0006294835599,3266.4393031180166,-4.177453144884229,-6.700688606506291,7.181927182984083,-2.6332377341600135,4.359572232201842
538,res50,GBGGGLLLBLBBBGBBLG,"((2, 5), (3,), (3, 4), (1, 1), (0, 7), (5,), (0,), (5,), (2,), (5,), (0,), (2,), (7,), (0, 7), (7,), (0,), (4,), (2, 7))",15.3975,864.8108299999999,880.2083299999999,4553.61176046176,4401.619848880919,70.11423708170996,3806.5685148551815,3876.682751936892,854.0605602114725,3650.0962379141856,-2.970634212076521,-5.844855731604501,6.207686023976917,-2.962218186409833,3.0615826332096336
539,res50,GBGGGLLLBLBBBGBBLG,"((3, 7), (0,), (3, 0), (0, 3), (3, 3), (5,), (0,), (2,), (1,), (0,), (2,), (2,), (2,), (4, 3), (5,), (2,), (4,), (2, 2))",14.021,815.0114599999999,829.0324599999999,4899.613084415584,4323.37469067749,68.6974750565909,3523.59991877611,3592.297393832701,789.1467812907689,3341.207305534787,-4.811111824165607,-6.989679883658532,7.514950894605595,-2.288678963734334,5.054278830611455
540,res50,GLGLBLLGBLGGBLGGGL,"((3, 4), (3,), (0, 3), (4,), (7,), (1,), (3,), (2, 6), (1,), (5,), (2, 0), (4, 6), (4,), (5,), (0, 1), (3, 1), (0, 1), (2,))",20.4272,866.44347,886.87067,4075.0357703979016,4476.242000278293,83.24157068907202,3878.410651280865,3961.652221969937,857.6040461638923,3731.955410056282,-3.299987791467686,-5.798005454386855,6.1548648543523505,-2.58326509569846,3.412603283183978
541,res50,GLGLBLLGBLGGBLGGGL,"((4, 1), (0,), (3, 6), (5,), (3,), (2,), (3,), (1, 1), (2,), (0,), (4, 1), (0, 6), (0,), (0,), (1, 0), (3, 0), (2, 7), (3,))",37.0679,904.86158,941.92948,3774.9265111128807,4352.171079623835,139.92859842128115,3938.112399538729,4078.04099796001,898.9604533240033,3823.9035051305923,-4.561809306148556,-6.231852327049845,6.646022643836007,-1.7498686938214214,4.779857280385831
542,res50,GLGLBLLGBLGGBLGGGL,"((0, 5), (4,), (4, 1), (5,), (7,), (0,), (3,), (1, 4), (2,), (3,), (2, 3), (1, 1), (2,), (2,), (0, 6), (2, 0), (1, 1), (0,))",17.6157,902.53457,920.15027,4140.56046953047,4398.441652775142,72.9388710631079,3969.7456457575017,4042.6845168206096,878.2403152115537,3775.541915721274,-4.554685919773329,-6.608049675600983,7.075609463821864,-2.1513510386708874,4.772037227458721
543,res50,GLGLBLLGBLGGBLGGGL,"((4, 0), (0,), (0, 3), (4,), (0,), (3,), (1,), (2, 4), (5,), (1,), (0, 5), (4, 3), (5,), (1,), (2, 5), (2, 3), (1, 5), (3,))",53.9357,915.36176,969.29746,3674.4342714231257,4339.150592189023,198.18318453319628,3971.892522971186,4170.075707504383,927.6798527492118,3920.9386707006083,-4.293584680474473,-5.974400808969314,6.354015140952416,-1.7562209627048164,4.486203632368737
544,res50,GLGLBLLGBLGGBLGGGL,"((3, 0), (0,), (4, 1), (2,), (3,), (2,), (1,), (0, 4), (4,), (2,), (0, 1), (1, 6), (3,), (2,), (3, 1), (0, 4), (4, 5), (5,))",53.0946,867.2094300000001,920.30403,3528.204167504323,4403.51854277305,187.32858899197504,3818.772805472648,4006.101394464623,902.1957182916938,3851.8428274409425,-1.9676445085550962,-3.850590682423193,4.004799103554438,-1.9207394991467066,2.0071378461642655
545,res50,GLGLBLLGBLGGBLGGGL,"((0, 5), (1,), (4, 3), (2,), (6,), (2,), (4,), (1, 6), (7,), (3,), (0, 2), (0, 0), (6,), (2,), (2, 1), (1, 2), (3, 3), (5,))",17.2916,842.2864199999998,859.5780199999998,4223.700271395271,4528.335997197699,73.03453561285845,3814.155915636779,3887.190451249637,838.8737439786784,3702.494416371507,-2.4086558217625726,-4.751401743610341,4.9884216992050066,-2.4005673265131606,2.4681039512720457
546,res50,GLGLBLLGBLGGBLGGGL,"((2, 2), (5,), (4, 1), (0,), (2,), (0,), (5,), (1, 1), (0,), (3,), (0, 5), (0, 0), (2,), (0,), (4, 2), (1, 3), (3, 5), (4,))",28.2942,950.8126499999998,979.10685,3692.113523877897,4319.733086243554,104.465398467306,4107.256863023911,4211.722261491217,940.7825766772015,3987.1681720347974,-3.9142074557846764,-5.331645239515705,5.631919190953546,-1.4751793643985023,4.073658916830492
547,res50,GLGLBLLGBLGGBLGGGL,"((0, 1), (2,), (3, 7), (2,), (6,), (1,), (2,), (2, 6), (6,), (2,), (3, 2), (0, 4), (5,), (1,), (4, 0), (1, 1), (2, 6), (5,))",36.2219,788.0793999999999,824.3012999999999,3530.4186277490635,4626.207078280513,127.8784704924638,3645.818498527059,3773.696969019523,808.906817337383,3610.755499855843,-1.867579568613666,-4.3178207074219594,4.512669693923769,-2.4968722141338344,1.9031218840866742
548,res50,GLGLBLLGBLGGBLGGGL,"((3, 7), (1,), (2, 0), (5,), (5,), (1,), (3,), (0, 5), (7,), (2,), (4, 4), (0, 6), (5,), (2,), (3, 5), (1, 5), (1, 5), (4,))",14.8737,795.1959699999999,810.0696699999999,4836.9687975912975,4663.376328305151,71.94362280473368,3708.298062861653,3780.241685666386,785.2862434890894,3580.473784125363,-3.0594191374811546,-5.284527237993443,5.579370596894945,-2.2953319246848123,3.1559735977031282
549,res50,GLGLBLLGBLGGBLGGGL,"((4, 3), (2,), (1, 4), (4,), (6,), (3,), (5,), (4, 6), (0,), (2,), (4, 7), (0, 2), (7,), (3,), (3, 3), (1, 3), (4, 1), (3,))",23.7441,758.488,782.2321000000001,4014.481648422529,4777.592380003986,95.32025370830937,3623.746489124464,3719.066742832773,770.8534241520335,3550.7401031645686,-1.4546418956683724,-4.526045142712113,4.7406071629456665,-3.116740662499793,1.476114069348987
550,res50,LBLBLGGBBBBLGLLGLB,"((4,), (2,), (5,), (0,), (0,), (2, 4), (4, 1), (0,), (4,), (6,), (1,), (3,), (1, 0), (5,), (2,), (0, 1), (5,), (0,))",42.7436,819.21513,861.9587300000001,3480.420190276087,4316.669903177536,148.76568844508495,3536.281295898673,3685.0469843437577,819.7200167313923,3434.051175860691,-4.900317358420134,-6.811196968436071,7.309029354233755,-2.0093438347400485,5.152821988785073
551,res50,LBLBLGGBBBBLGLLGLB,"((5,), (6,), (3,), (5,), (2,), (0, 3), (3, 4), (0,), (1,), (0,), (2,), (1,), (3, 4), (3,), (1,), (4, 6), (5,), (5,))",37.3123,772.3279,809.6402,3680.2905975473823,4422.719506758803,137.3201068628672,3415.7896689440618,3553.109775806929,774.887443357267,3321.2910952093785,-4.2923704434059795,-6.52438835906508,6.979776055520251,-2.332121196606649,4.484878022047144
552,res50,LBLBLGGBBBBLGLLGLB,"((5,), (6,), (0,), (6,), (3,), (2, 6), (3, 7), (1,), (4,), (5,), (3,), (4,), (4, 2), (5,), (3,), (2, 3), (5,), (5,))",37.4435,625.1024400000001,662.5459400000001,3686.705474916388,4816.626764955137,138.0431564500318,3010.885143342763,3148.928299792795,622.8493926357851,2892.8797512746023,-5.991516205535121,-8.131291796483298,8.850991763670015,-2.276151581836465,6.373378192796572
553,res50,LBLBLGGBBBBLGLLGLB,"((5,), (6,), (4,), (5,), (3,), (1, 5), (0, 7), (7,), (4,), (5,), (2,), (0,), (2, 4), (1,), (4,), (0, 5), (3,), (2,))",37.277,740.92917,778.20617,3649.703562886388,4548.674015785127,136.0499997137159,3370.2452631162414,3506.295262829957,730.9043013960595,3229.6471913605296,-6.078320942114932,-7.890039221800815,8.56589141406762,-1.928967090302216,6.471691097397009
554,res50,LBLBLGGBBBBLGLLGLB,"((4,), (3,), (4,), (4,), (5,), (4, 5), (0, 5), (1,), (3,), (0,), (7,), (3,), (3, 1), (3,), (3,), (1, 6), (5,), (5,))",43.3787,697.72064,741.09934,3543.110582922825,4607.159914238328,153.69553104343433,3214.510563944712,3368.206094988146,710.17092018595,3136.2617427493747,-4.17331633489918,-6.886287409309725,7.3955674386870545,-2.831122784016986,4.3550670599060615
555,res50,LBLBLGGBBBBLGLLGLB,"((1,), (5,), (3,), (0,), (1,), (3, 7), (0, 4), (5,), (2,), (7,), (2,), (5,), (2, 5), (5,), (4,), (1, 0), (3,), (5,))",83.3095,742.86119,826.1706899999999,3315.839226032252,4484.673721933038,276.2409080011339,3331.4900578369056,3607.73096583804,789.0149370592496,3354.7148900439806,-4.497345813702286,-7.013163625278423,7.542103698438053,-2.6342909870007416,4.709131753479108
556,res50,LBLBLGGBBBBLGLLGLB,"((4,), (2,), (0,), (4,), (3,), (0, 7), (2, 6), (2,), (1,), (6,), (1,), (0,), (4, 6), (5,), (1,), (1, 7), (4,), (5,))",43.484,803.2050799999998,846.6890799999999,3530.840211640212,4369.089706578779,153.535055762963,3509.275047299784,3662.810103062747,794.1294911537635,3369.313540800063,-6.207661122337417,-8.012879565262471,8.71087118217533,-1.9246971176181924,6.618516177994389
557,res50,LBLBLGGBBBBLGLLGLB,"((4,), (6,), (4,), (4,), (0,), (2, 4), (1, 3), (4,), (7,), (5,), (3,), (3,), (3, 6), (5,), (3,), (4, 6), (3,), (2,))",43.3085,624.7549100000001,668.0634100000001,3511.501368363437,4895.990132350538,152.07785701176792,3058.793874497549,3210.8717315093168,632.8622586817692,2969.4162390489946,-5.269133257609622,-7.519935788491385,8.131412810541244,-2.375996977840983,5.562213710066039
558,res50,LBLBLGGBBBBLGLLGLB,"((4,), (3,), (4,), (2,), (2,), (4, 7), (1, 5), (3,), (2,), (2,), (4,), (2,), (3, 4), (3,), (5,), (3, 2), (1,), (5,))",43.2918,649.8789800000001,693.17078,3517.959060390439,4617.489882576751,152.29878005061082,3000.8096150493,3153.10839509991,663.4766884688594,2936.8320235534393,-4.28380600970235,-6.8591480040005965,7.3642744907414155,-2.6906021718323894,4.475528989521453
559,res50,LBLBLGGBBBBLGLLGLB,"((2,), (6,), (4,), (1,), (3,), (0, 0), (4, 7), (3,), (3,), (5,), (4,), (3,), (3, 6), (5,), (5,), (4, 4), (2,), (7,))",62.3282,635.167,697.4952000000001,3398.832656794427,4795.051794585294,211.8431215992144,3045.6586632113576,3257.501784810572,665.8964731519357,3024.1998103523247,-4.530314595435842,-7.161990687038543,7.71450264825813,-2.7565567860108344,4.745291215989753
560,res50,LGGGLBGGBGBGLGLLGL,"((3,), (3, 1), (2, 2), (3, 6), (1,), (0,), (1, 7), (2, 4), (3,), (4, 6), (7,), (3, 0), (5,), (1, 7), (0,), (0,), (0, 7), (5,))",49.4755,867.83079,917.30629,3411.8569601476943,4369.717187210076,168.80332903178723,3792.175118653098,3960.978447684885,857.4257611484103,3644.734146672064,-6.527866374010114,-7.983994489989198,8.676745361567109,-1.557820560516455,6.983756677824501
561,res50,LGGGLBGGBGBGLGLLGL,"((2,), (2, 4), (1, 5), (0, 1), (1,), (2,), (3, 6), (1, 3), (0,), (3, 7), (2,), (0, 0), (5,), (1, 2), (3,), (5,), (4, 4), (1,))",61.2802,904.87374,966.15394,3329.6244903064417,4256.514847493127,204.0400546908768,3851.608509416635,4055.648564107512,911.3612219467053,3765.237527259273,-5.671220266751147,-7.160655866940158,7.712953956974657,-1.5789832163640574,6.012184492144092
562,res50,LGGGLBGGBGBGLGLLGL,"((3,), (1, 0), (1, 3), (4, 6), (4,), (1,), (2, 0), (2, 5), (4,), (3, 0), (5,), (2, 7), (5,), (0, 0), (2,), (2,), (3, 7), (5,))",49.7405,768.9575900000002,818.6980900000002,3418.006823752229,4467.588057138397,170.01336841684775,3435.385745529925,3605.399113946773,772.269633482792,3343.002847571085,-5.671010728412502,-7.277870163130065,7.84911884135356,-1.703463004454736,6.0119490012606835
563,res50,LGGGLBGGBGBGLGLLGL,"((0,), (2, 3), (0, 7), (3, 1), (1,), (6,), (4, 2), (0, 0), (5,), (0, 2), (7,), (0, 4), (3,), (0, 0), (5,), (2,), (2, 7), (3,))",121.458,916.5296999999996,1037.9876999999997,3226.5963658560377,4319.014025649256,391.8959414041426,3958.504629224103,4350.400570628246,997.9950470877454,4108.387924913802,-3.8529023910643887,-5.562996827197799,5.890696062240079,-1.77862304600078,4.007299738506425
564,res50,LGGGLBGGBGBGLGLLGL,"((1,), (0, 3), (3, 6), (4, 7), (4,), (4,), (2, 5), (4, 4), (2,), (1, 4), (7,), (0, 6), (3,), (4, 1), (2,), (1,), (4, 7), (5,))",82.6915,770.43185,853.1233500000001,3285.4980613830626,4574.51719710965,271.6827629428575,3524.3537470260026,3796.03650996886,819.07007784211,3580.1061321596817,-3.9916000608692856,-5.688311406966679,6.0313959932500545,-1.7672530186661835,4.157552946825436
565,res50,LGGGLBGGBGBGLGLLGL,"((3,), (3, 0), (1, 1), (2, 1), (4,), (2,), (3, 6), (3, 1), (2,), (2, 1), (7,), (0, 1), (2,), (0, 4), (1,), (3,), (2, 7), (5,))",49.3847,834.0429,883.4276,3413.960037878788,4332.562565161496,168.5973922826326,3613.543046278734,3782.1404385613664,822.3979407102684,3468.917286439937,-6.908280801927813,-8.28163726888396,9.02942117835512,-1.475272428940805,7.420940188277088
566,res50,LGGGLBGGBGBGLGLLGL,"((2,), (2, 3), (4, 2), (4, 5), (0,), (4,), (3, 6), (3, 5), (3,), (2, 3), (0,), (1, 7), (5,), (4, 1), (1,), (3,), (0, 6), (1,))",61.3564,818.2305599999999,879.5869599999999,3323.5771106941843,4401.031586789359,203.92272663459664,3601.0585398363446,3804.981266470941,817.4404782532636,3485.309451234201,-7.065416448049242,-8.401403130513458,9.17197797525667,-1.4375560005790384,7.602569654922522
567,res50,LGGGLBGGBGBGLGLLGL,"((5,), (4, 2), (4, 0), (2, 5), (4,), (7,), (4, 7), (0, 6), (3,), (1, 1), (0,), (1, 5), (3,), (3, 3), (3,), (5,), (0, 0), (0,))",36.6171,793.24263,829.85973,3605.255268115941,4500.068938016682,132.0139926781282,3569.64651957366,3701.660512251788,781.7349441093809,3422.978523518652,-5.7991470306215644,-7.528566917758995,8.141505616186723,-1.835885591927294,6.156151295685902
568,res50,LGGGLBGGBGBGLGLLGL,"((5,), (4, 3), (1, 6), (2, 2), (3,), (5,), (3, 6), (0, 0), (2,), (2, 0), (5,), (1, 5), (1,), (4, 0), (4,), (4,), (3, 5), (5,))",35.5891,733.2251099999999,768.8142099999999,3641.034465932618,4577.314487903952,129.58113971152255,3356.2019188979684,3485.783058609491,724.6550452143304,3228.1673792635293,-5.743801845919254,-7.390467938321064,7.980245417284832,-1.7470109389623418,6.093818717926487
569,res50,LGGGLBGGBGBGLGLLGL,"((0,), (3, 2), (0, 4), (4, 1), (0,), (4,), (3, 5), (3, 7), (1,), (3, 4), (3,), (4, 3), (0,), (1, 3), (2,), (5,), (0, 4), (4,))",121.556,876.45859,998.01459,3233.033118704814,4300.980688996865,392.9945737772824,3769.631470295421,4162.626044072703,948.2024132757869,3875.2259101785803,-4.991127106089015,-6.904298653090898,7.416345280393699,-2.0136767111616884,5.253327351501401
570,res50,GLBLLBGLLLGLLBLLGB,"((0, 7), (2,), (4,), (4,), (2,), (2,), (1, 1), (4,), (4,), (4,), (0, 0), (2,), (5,), (2,), (2,), (5,), (2, 0), (7,))",11.4908,710.2575700000001,721.7483700000001,5251.293928571428,4387.735499400829,60.34156827442857,3116.42235360717,3176.7639218815984,684.5619217432512,2954.3834538353944,-5.152273257887497,-7.000220145867432,7.527136254351428,-1.9483301829725836,5.43215260382186
571,res50,GLBLLBGLLLGLLBLLGB,"((1, 4), (2,), (5,), (4,), (1,), (4,), (4, 4), (2,), (2,), (3,), (2, 7), (3,), (0,), (5,), (4,), (3,), (4, 2), (0,))",19.9582,615.4380799999999,635.3962799999999,3997.619931710447,4647.544339406293,79.78529812106345,2860.2757649590767,2940.06106308014,617.4973635281514,2789.5261255834284,-2.8169690373145664,-5.120129625437241,5.396434043621898,-2.3699205152461076,2.898622330884265
572,res50,GLBLLBGLLLGLLBLLGB,"((3, 6), (0,), (7,), (1,), (0,), (2,), (0, 6), (3,), (0,), (4,), (0, 2), (3,), (5,), (6,), (4,), (0,), (2, 6), (4,))",14.1121,797.9266899999999,812.03879,4770.332756132757,4315.772933465914,67.31941288782107,3443.6704115920465,3510.989824479868,771.9814928574858,3279.8632735440533,-4.932929022087003,-6.582945621896085,7.046834933642554,-1.7356342031326781,5.188893453163257
573,res50,GLBLLBGLLLGLLBLLGB,"((3, 7), (3,), (1,), (5,), (2,), (5,), (0, 1), (4,), (1,), (2,), (3, 6), (3,), (3,), (3,), (1,), (1,), (0, 6), (0,))",14.9928,734.0557200000001,749.04852,4756.556282606282,4347.771798197438,71.31409703385948,3191.5067577215154,3262.820854755375,703.7036871860334,3008.9747772909536,-6.053657620732847,-7.779957550977866,8.436297950392404,-1.8375382016213506,6.443739551129994
574,res50,GLBLLBGLLLGLLBLLGB,"((3, 2), (5,), (1,), (0,), (2,), (2,), (4, 1), (0,), (1,), (5,), (1, 1), (5,), (0,), (3,), (5,), (3,), (4, 5), (7,))",22.5285,694.49561,717.0241100000001,4146.094619008443,4480.138676920898,93.40529262433172,3111.436643312773,3204.8419359371046,680.3005693468135,2997.276294716774,-5.121660504998436,-6.476626472364164,6.925142056012716,-1.4281088545369491,5.398134634584595
575,res50,GLBLLBGLLLGLLBLLGB,"((3, 6), (3,), (3,), (1,), (1,), (0,), (3, 6), (2,), (4,), (3,), (0, 1), (0,), (5,), (7,), (3,), (3,), (0, 2), (1,))",15.3557,763.50298,778.8586799999999,4502.326648629147,4333.102490227987,69.13637731835459,3308.336663934489,3377.473041252844,735.1134311871278,3124.5271821319143,-5.616583590346851,-7.489204385391674,8.095492353769222,-1.9840570158184123,5.950816153940791
576,res50,GLBLLBGLLLGLLBLLGB,"((0, 1), (2,), (3,), (4,), (0,), (0,), (1, 7), (2,), (5,), (4,), (3, 1), (3,), (3,), (2,), (3,), (0,), (1, 4), (7,))",33.4042,764.5172699999998,797.9214699999999,3706.075634583787,4278.26411779548,123.79849171276376,3270.806803675958,3394.605295388721,766.2811351258399,3183.569771419076,-3.965344468567813,-6.216791220361279,6.628895834614489,-2.34441071229394,4.129076578267057
577,res50,GLBLLBGLLLGLLBLLGB,"((2, 1), (2,), (3,), (3,), (3,), (2,), (1, 3), (3,), (1,), (2,), (4, 4), (0,), (2,), (5,), (1,), (5,), (0, 5), (7,))",32.7537,729.1342000000001,761.8879000000001,3772.070614103768,4337.386877633538,123.5492692731706,3162.5371111138275,3286.086380386998,724.0299314237066,3048.0347143440863,-4.96896834511921,-7.24423032406338,7.81000508040927,-2.394230536407433,5.228785017471715
578,res50,GLBLLBGLLLGLLBLLGB,"((3, 7), (0,), (6,), (0,), (0,), (7,), (3, 2), (0,), (3,), (1,), (2, 6), (0,), (3,), (6,), (1,), (5,), (4, 3), (5,))",12.4234,733.22387,745.64727,5044.523838383839,4466.994086265218,62.67013745377779,3275.306691198497,3337.976828652276,701.6777512169826,3111.7544874165956,-5.896825557078404,-6.77722922741254,7.269928978988703,-0.9355727641984619,6.26634073928626
579,res50,GLBLLBGLLLGLLBLLGB,"((4, 4), (3,), (5,), (5,), (0,), (6,), (0, 2), (4,), (4,), (5,), (2, 4), (1,), (2,), (3,), (4,), (1,), (4, 2), (1,))",19.7879,636.5345,656.3224,4223.090253496502,4654.9740409595615,83.56608762716343,2963.0515736751736,3046.617661302337,629.3877300174884,2866.157936249732,-4.103877908557083,-5.923280999279189,6.29622404160778,-1.8972645098069618,4.279503507601464
580,res50,LBBBBGGLLGLGGGBGLL,"((0,), (4,), (2,), (7,), (0,), (1, 0), (0, 1), (4,), (0,), (1, 4), (1,), (3, 5), (3, 5), (1, 0), (3,), (1, 6), (2,), (0,))",121.645,901.7001,1023.3451,3221.0396882565924,4242.107915895261,391.8233728779732,3825.109131973548,4216.932504851521,974.2089641784421,3948.7569978816846,-4.801521580702141,-6.359492514079948,6.791390483478711,-1.6365502466497213,5.043695719120657
581,res50,LBBBBGGLLGLGGGBGLL,"((2,), (3,), (7,), (6,), (3,), (4, 5), (2, 7), (3,), (0,), (3, 1), (3,), (1, 1), (0, 2), (0, 4), (6,), (4, 5), (5,), (4,))",60.769,746.4858999999999,807.2548999999999,3362.0082301438392,4637.627425962737,204.30587813761096,3461.923482934477,3666.229361072088,774.937673222429,3454.341566262585,-4.003348481077156,-5.779447326981814,6.133956088157042,-1.8501674983471286,4.170300127903948
582,res50,LBBBBGGLLGLGGGBGLL,"((2,), (1,), (0,), (6,), (4,), (3, 5), (4, 3), (5,), (2,), (3, 5), (4,), (3, 7), (3, 7), (0, 7), (1,), (1, 7), (3,), (2,))",60.8614,770.3656000000001,831.2270000000001,3348.977288930582,4524.017155215176,203.82344637251973,3485.1471901876325,3688.970636560152,789.7406945078849,3434.169944610914,-4.990971839475282,-6.907094608560812,7.4195714265418085,-2.0167796747148126,5.2531553433455525
583,res50,LBBBBGGLLGLGGGBGLL,"((4,), (1,), (0,), (4,), (7,), (3, 5), (0, 0), (3,), (1,), (2, 1), (5,), (1, 0), (0, 7), (0, 6), (3,), (2, 1), (0,), (3,))",41.7691,908.6344,950.4035,3483.83783068783,4285.9268283319225,145.51677073378306,3894.34055210528,4039.857322839063,895.1566319643473,3745.352557789194,-5.812990801870228,-7.289979361026086,7.863205412729124,-1.5681446642486532,6.171754312361852
584,res50,LBBBBGGLLGLGGGBGLL,"((2,), (1,), (3,), (4,), (2,), (1, 7), (1, 0), (2,), (5,), (4, 3), (4,), (2, 4), (4, 3), (3, 4), (6,), (2, 2), (0,), (3,))",60.8319,714.5696999999999,775.4015999999999,3345.540989892332,4612.971613409178,203.51561494303127,3296.289741902312,3499.805356845344,722.8398559003467,3220.460434365379,-6.778647877390658,-7.981727381883909,8.674067828906955,-1.2905621696099283,7.271561421330852
585,res50,LBBBBGGLLGLGGGBGLL,"((0,), (1,), (4,), (6,), (5,), (1, 3), (3, 5), (1,), (1,), (3, 7), (1,), (2, 1), (2, 6), (2, 5), (6,), (3, 7), (2,), (2,))",120.859,728.5095999999999,849.3685999999999,3241.661613560877,4577.185898212021,391.7839809533541,3334.52386783208,3726.307848785433,810.2884211039726,3497.801816201533,-4.601085900282551,-6.132237105916531,6.532846758940971,-1.6049985684674777,4.822996093512318
586,res50,LBBBBGGLLGLGGGBGLL,"((0,), (6,), (1,), (3,), (5,), (0, 1), (3, 7), (1,), (4,), (2, 4), (5,), (2, 2), (0, 3), (4, 5), (5,), (3, 4), (2,), (3,))",120.14,751.2911,871.4311,3243.979826337212,4550.997325739413,389.7317363361527,3419.1237869518222,3808.855523287975,841.3241825132245,3599.441087018844,-3.454882145791618,-5.4980934558619055,5.8179709351090825,-2.11632794643818,3.5785156438555346
587,res50,LBBBBGGLLGLGGGBGLL,"((4,), (5,), (0,), (5,), (4,), (1, 4), (1, 4), (4,), (4,), (3, 7), (5,), (1, 6), (4, 0), (1, 6), (0,), (0, 3), (3,), (4,))",41.5222,845.7374000000001,887.2596000000001,3513.0243386243383,4397.051065276586,145.8684991932275,3718.7505356142506,3864.619034807478,840.7624455839457,3582.3858307452283,-5.2405355113716885,-7.303001965271577,7.8783586524943825,-2.1765281864244708,5.530355769370768
588,res50,LBBBBGGLLGLGGGBGLL,"((4,), (5,), (0,), (0,), (3,), (3, 5), (2, 5), (2,), (5,), (3, 1), (5,), (2, 6), (3, 1), (2, 3), (2,), (4, 1), (1,), (0,))",42.7855,731.6118,774.3973,3467.8536535303765,4556.716289641883,148.3738524931239,3333.74740675422,3482.1212592473435,745.8591429544771,3285.032360056991,-3.6852087482126934,-5.660024005969082,5.999602974593927,-2.050375889403958,3.8262126723389485
589,res50,LBBBBGGLLGLGGGBGLL,"((0,), (6,), (5,), (4,), (1,), (4, 6), (4, 7), (1,), (1,), (1, 6), (4,), (2, 2), (0, 4), (0, 7), (6,), (1, 4), (4,), (2,))",120.043,814.9707999999999,935.0138,3243.4410268452853,4477.9425115717,389.3523911855886,3649.3923910095978,4038.7447821951855,893.8630444871326,3783.7088606962097,-4.4010853650360415,-6.314732305524779,6.740368534910172,-2.001745467295132,4.603698045988476
590,res50,GBGGLLGBGBLGLGLBLL,"((1, 4), (4,), (0, 2), (1, 0), (2,), (2,), (3, 1), (5,), (4, 7), (6,), (2,), (2, 2), (2,), (1, 3), (3,), (6,), (5,), (4,))",19.9393,730.5638,750.5031,4076.0625206492855,4571.843566019619,81.2738334179823,3340.023408596844,3421.297242014826,704.8652674204455,3144.515007128289,-6.08096523246266,-8.089979189400626,8.802064364746249,-2.1390913587544444,6.474688807773503
591,res50,GBGGLLGBGBLGLGLBLL,"((4, 5), (3,), (4, 1), (3, 3), (3,), (2,), (2, 6), (5,), (1, 4), (1,), (4,), (3, 4), (5,), (3, 5), (0,), (2,), (3,), (4,))",18.1931,702.9697,721.1628,4410.932573676324,4570.5169044514605,80.24853740615073,3212.934897167172,3293.1834345733228,675.1669758181174,3019.90018318821,-6.37800843053504,-8.29845214560665,9.049413384802625,-2.051274153516263,6.812510953479062
592,res50,GBGGLLGBGBLGLGLBLL,"((1, 2), (5,), (1, 5), (1, 1), (0,), (4,), (3, 3), (7,), (3, 7), (2,), (1,), (3, 4), (2,), (1, 5), (0,), (2,), (2,), (0,))",27.6939,825.12,852.8139,3636.723292366388,4345.010281354885,100.7150511864655,3585.1548833515426,3685.869934538008,794.0033154247562,3374.5852352350953,-6.8960630889393055,-8.44535224604797,9.224383964366709,-1.6640425834931596,7.406843703641548
593,res50,GBGGLLGBGBLGLGLBLL,"((4, 1), (7,), (0, 0), (0, 3), (5,), (3,), (0, 5), (5,), (4, 7), (7,), (1,), (2, 3), (1,), (0, 2), (3,), (4,), (0,), (2,))",36.8396,851.0289000000001,887.8685000000002,3757.579743775548,4448.100447031238,138.42773472879367,3785.462030526504,3923.889765255297,824.7650461777212,3594.390178853571,-7.107297288087028,-8.397269192405256,9.167051154886567,-1.3886687184878206,7.651082464603061
594,res50,GBGGLLGBGBLGLGLBLL,"((0, 7), (2,), (3, 7), (3, 1), (3,), (5,), (0, 4), (7,), (2, 7), (3,), (2,), (2, 3), (3,), (2, 6), (0,), (4,), (1,), (3,))",13.9414,794.4611,808.4025,4914.614259906761,4430.782499147899,68.51660324306411,3520.084338133789,3588.6009413768534,753.0676851356227,3283.921141212611,-6.84495840430693,-8.49021123110291,9.277926815615817,-1.7661446966409329,7.347920506562671
595,res50,GBGGLLGBGBLGLGLBLL,"((4, 2), (3,), (0, 7), (4, 5), (4,), (2,), (3, 7), (7,), (4, 2), (0,), (3,), (2, 2), (3,), (1, 4), (2,), (1,), (5,), (5,))",28.2667,735.027,763.2937000000001,3978.897079463363,4614.8012181838185,112.47029007606704,3392.0034949979977,3504.473785074065,724.1118824046383,3243.7469755698776,-5.1332557304431745,-7.439827645869435,8.037828211258098,-2.4313809156054877,5.411017074494953
596,res50,GBGGLLGBGBLGLGLBLL,"((2, 3), (1,), (3, 5), (1, 4), (0,), (4,), (3, 6), (0,), (3, 0), (4,), (3,), (2, 2), (4,), (1, 7), (5,), (0,), (0,), (4,))",23.0322,870.1426000000001,893.1748000000001,3805.2259337068176,4286.703039029292,87.64272475032216,3730.04292780885,3817.685652559172,826.6699305088126,3463.2206835502957,-7.445896311806769,-9.284812875341427,10.235125087249694,-1.986855785163042,8.044912127171962
597,res50,GBGGLLGBGBLGLGLBLL,"((3, 2), (6,), (4, 7), (1, 4), (4,), (3,), (3, 4), (0,), (1, 6), (3,), (1,), (0, 1), (5,), (4, 0), (5,), (2,), (1,), (4,))",28.3051,764.9666,793.2717,3810.019007813652,4502.688327333318,107.8429690180662,3444.406180619855,3552.249149637921,745.2797329412011,3265.795496521399,-6.049877621853757,-8.064007929897606,8.77132856058017,-2.1438293607932035,6.439456882773594
598,res50,GBGGLLGBGBLGLGLBLL,"((4, 1), (5,), (0, 3), (0, 1), (3,), (3,), (1, 6), (1,), (2, 5), (2,), (4,), (1, 5), (4,), (2, 4), (0,), (4,), (1,), (0,))",36.7794,869.9831999999999,906.7626,3641.748454849498,4253.633824365422,133.94132312029163,3700.5899661496674,3834.531289269959,838.7606143667949,3500.9168400852577,-7.499425498273208,-8.7002667084304,9.529345152242351,-1.298198650792998,8.107436671253552
599,res50,GBGGLLGBGBLGLGLBLL,"((1, 3), (2,), (3, 2), (2, 7), (1,), (4,), (2, 3), (5,), (0, 5), (1,), (3,), (1, 4), (1,), (1, 3), (2,), (6,), (0,), (4,))",22.8627,869.5876,892.4503,3826.363848039215,4239.377037066109,87.48100874856617,3686.509703157428,3773.9907119059935,821.8732445889998,3421.1577759074576,-7.908233703434261,-9.349067417824761,10.31326115630396,-1.5645630139729816,8.587340672744984
600,res50,BBLBBGGLBGBLBGLBBB,"((0,), (0,), (3,), (7,), (7,), (1, 2), (0, 3), (2,), (6,), (1, 3), (5,), (1,), (5,), (0, 4), (2,), (5,), (0,), (3,))",48.5797,846.0518,894.6315,3405.285890438281,4381.163907557256,165.42776697172457,3706.69161008385,3872.119377055574,901.1181926865399,3790.6366048667533,0.7250686664330489,-2.1043455599961858,2.1495801545367486,-2.809046708917406,-0.7198492649672151
601,res50,BBLBBGGLBGBLBGLBBB,"((2,), (4,), (0,), (7,), (7,), (2, 3), (2, 5), (2,), (7,), (3, 5), (2,), (1,), (3,), (0, 1), (4,), (2,), (3,), (1,))",27.0029,731.9244000000001,758.9273000000001,3659.572961263452,4631.899862200715,98.81908271570086,3390.2005275013416,3489.0196102170426,725.209200625322,3260.1112328347535,-4.442862890118474,-6.560822321318201,7.02148979080223,-2.2164324876793566,4.649430722280446
602,res50,BBLBBGGLBGBLBGLBBB,"((2,), (5,), (1,), (0,), (7,), (0, 0), (3, 0), (1,), (3,), (4, 6), (5,), (5,), (3,), (3, 1), (2,), (6,), (6,), (0,))",28.2861,715.3513999999999,743.6374999999999,3646.190079500369,4668.210227639509,103.13649720775538,3339.410721836241,3442.5472190439964,701.4019347079527,3171.161393860572,-5.679590565570891,-7.883285483555079,8.557931668467978,-2.3363924427365785,6.021592356974763
603,res50,BBLBBGGLBGBLBGLBBB,"((1,), (4,), (2,), (2,), (6,), (1, 4), (4, 6), (0,), (5,), (1, 7), (6,), (1,), (6,), (4, 3), (1,), (1,), (2,), (3,))",32.1675,754.1332,786.3007,3531.714811487219,4552.809131942366,113.6064361985151,3433.4245196609186,3547.0309558594336,746.3693318830994,3281.1949732036287,-5.078383895232518,-7.494605656504446,8.101803910672611,-2.545491596566461,5.350081576389699
604,res50,BBLBBGGLBGBLBGLBBB,"((2,), (7,), (1,), (3,), (7,), (3, 3), (0, 7), (3,), (1,), (1, 5), (1,), (5,), (6,), (3, 6), (2,), (7,), (2,), (2,))",24.8718,735.9193999999999,760.7911999999999,3666.342078726228,4666.087330616489,91.188526913663,3433.864188694888,3525.0527156085504,724.5339330164779,3258.1476607798854,-4.765731646675456,-7.57166137251901,8.191926291172999,-2.946344603009279,5.004219310001234
605,res50,BBLBBGGLBGBLBGLBBB,"((7,), (4,), (3,), (2,), (7,), (3, 3), (4, 7), (5,), (3,), (1, 1), (2,), (4,), (6,), (4, 3), (5,), (2,), (7,), (4,))",10.4195,613.4313999999999,623.8508999999999,4992.481944444446,5081.734447103346,52.0191656201389,3117.295476314831,3169.31464193497,592.2874484031191,2914.739959405968,-5.059454365919931,-8.03248371621367,8.734044411319802,-3.1314643606035264,5.329076562736534
606,res50,BBLBBGGLBGBLBGLBBB,"((3,), (0,), (0,), (3,), (4,), (4, 2), (3, 4), (1,), (3,), (0, 4), (3,), (1,), (2,), (1, 0), (4,), (4,), (1,), (0,))",23.5598,837.0026,860.5624,3766.526123108488,4276.709878454524,88.73860215521135,3579.6172877121207,3668.355889867332,810.3126607410259,3377.4616975549466,-5.8391743886293614,-7.9298247238194115,8.612805069646614,-2.2202973706058753,6.201277814543967
607,res50,BBLBBGGLBGBLBGLBBB,"((6,), (6,), (2,), (5,), (1,), (1, 6), (1, 0), (3,), (2,), (2, 3), (2,), (0,), (5,), (1, 0), (4,), (5,), (4,), (4,))",11.7464,749.6655999999999,761.4119999999999,4603.299437229437,4496.784801849116,54.07219650947185,3371.084876549098,3425.15707305857,716.6311093022866,3155.1307434258038,-5.881295632024883,-7.883618878582996,8.558324570080247,-2.1274445499479606,6.248806410499262
608,res50,BBLBBGGLBGBLBGLBBB,"((5,), (5,), (1,), (2,), (4,), (1, 4), (3, 1), (4,), (7,), (1, 5), (0,), (1,), (0,), (2, 2), (5,), (4,), (5,), (7,))",10.5646,761.1202999999999,771.6849,4705.612068487068,4553.584469124876,49.712909258738485,3465.825577215666,3515.538486474404,726.5972100306212,3231.801209607383,-5.842759132565474,-8.07094782090041,8.779539905596197,-2.366454951108903,6.205321097706744
609,res50,BBLBBGGLBGBLBGLBBB,"((4,), (6,), (3,), (1,), (4,), (2, 6), (2, 6), (3,), (3,), (1, 1), (4,), (1,), (2,), (0, 2), (1,), (7,), (4,), (0,))",19.7674,773.8008000000001,793.5682,3977.890501165501,4440.469004073055,78.63255269273891,3436.038467726933,3514.6710204196725,737.5426771525899,3206.7083945148065,-7.0599505937120615,-8.762203464155043,9.603699121243691,-1.8315601092501754,7.596241489876393
610,res50,BGGBGGLBLGBGBGGGGG,"((5,), (1, 7), (1, 6), (4,), (0, 1), (4, 4), (4,), (4,), (2,), (0, 5), (2,), (0, 6), (7,), (0, 0), (4, 1), (0, 0), (0, 3), (1, 0))",18.9375,1033.3270000000002,1052.2645000000002,4208.47378996004,4334.476819669985,79.69797239736828,4478.931928639128,4558.629901036496,1032.2913365061172,4385.064393801173,-1.8981124511834255,-3.8074050976557716,3.9581062362659925,-1.9462343632504158,1.9348378493114218
611,res50,BGGBGGLBLGBGBGGGGG,"((2,), (3, 2), (0, 5), (1,), (0, 7), (4, 3), (2,), (0,), (4,), (2, 3), (2,), (0, 2), (7,), (0, 0), (0, 6), (2, 7), (1, 1), (0, 2))",27.6206,1101.0594999999998,1128.6800999999998,3672.462898294946,4218.671196511912,101.43562872864538,4645.007998295807,4746.443627024452,1089.4389173434324,4485.43311589504,-3.476732039181642,-5.499075342290329,5.819070408261558,-2.0951873530946217,3.6019626279053787
612,res50,BGGBGGLBLGBGBGGGGG,"((0,), (0, 5), (3, 1), (1,), (2, 4), (2, 3), (2,), (5,), (5,), (1, 4), (1,), (3, 7), (1,), (4, 3), (3, 1), (4, 4), (0, 7), (1, 5))",52.9138,893.8796,946.7934,3462.0653818107344,4501.76967075803,183.1910352000569,4024.040072589319,4207.231107789376,947.4864194933896,4075.9778894213596,0.07319648546235709,-3.119705454853936,3.220165121814482,-3.190566557729698,-0.07314294739549386
613,res50,BGGBGGLBLGBGBGGGGG,"((6,), (1, 5), (3, 2), (4,), (4, 3), (2, 4), (3,), (7,), (5,), (3, 2), (7,), (3, 6), (4,), (1, 6), (2, 3), (1, 5), (4, 5), (1, 2))",14.7456,711.2170000000001,725.9626000000001,4527.519467199466,4996.410821717182,66.76099105553645,3553.53231538923,3620.293306444767,718.2513941052124,3469.5516547980974,-1.0622042918998398,-4.163796656428987,4.344701178845589,-3.1348913146194257,1.07360820432437
614,res50,BGGBGGLBLGBGBGGGGG,"((2,), (4, 7), (2, 3), (3,), (3, 4), (2, 0), (5,), (4,), (4,), (3, 3), (1,), (3, 3), (0,), (4, 1), (0, 4), (4, 5), (2, 2), (0, 5))",28.0684,817.6378999999998,845.7062999999998,3760.10928067074,4630.110234835758,105.5402513335786,3785.753609179616,3891.293860513194,835.5124607975271,3714.161673465441,-1.2053639901314157,-4.552012605503727,4.76910276451381,-3.387480080434753,1.220070277915719
615,res50,BGGBGGLBLGBGBGGGGG,"((7,), (0, 6), (2, 2), (7,), (2, 4), (3, 1), (5,), (7,), (3,), (2, 0), (2,), (2, 5), (4,), (4, 4), (4, 0), (0, 5), (4, 7), (2, 3))",13.176,777.0800999999999,790.2561,4976.0032323232335,4905.049626533503,65.56381858909093,3811.616454291617,3877.180272880708,781.77684579881,3723.57872498632,-1.0729754824024738,-3.9616818688769215,4.125105422471019,-2.9200376748019785,1.0846131152075624
616,res50,BGGBGGLBLGBGBGGGGG,"((3,), (3, 4), (4, 2), (0,), (1, 2), (3, 5), (0,), (0,), (5,), (4, 7), (6,), (0, 7), (0,), (0, 5), (4, 2), (2, 4), (4, 0), (0, 5))",21.6078,933.0458,954.6536,3927.9602635926176,4545.1902441344855,84.87457978365656,4240.870667490656,4325.7452472743125,926.6405175749293,4098.463835960307,-2.93437142279364,-5.254156181694185,5.545526822020901,-2.389913703649885,3.0230798129119574
617,res50,BGGBGGLBLGBGBGGGGG,"((2,), (0, 3), (3, 4), (1,), (1, 5), (1, 7), (5,), (3,), (3,), (1, 0), (4,), (3, 1), (4,), (4, 4), (0, 3), (3, 5), (4, 2), (3, 6))",25.3451,896.4541,921.7992,3900.444804633361,4487.182975451724,98.857163617913,4022.5535757938974,4121.41073941181,903.0324507047377,3917.7770502559983,-2.0358825756479657,-4.940873454046305,5.197684466054691,-2.965362170124781,2.078192127051075
618,res50,BGGBGGLBLGBGBGGGGG,"((6,), (2, 3), (1, 4), (2,), (3, 4), (2, 5), (2,), (3,), (2,), (0, 1), (4,), (0, 7), (7,), (1, 6), (3, 1), (4, 6), (0, 2), (4, 6))",13.1901,883.415,896.6051,4881.486691919191,4532.382632837255,64.38729761508331,4003.974803587924,4068.362101203007,886.8429992135513,3919.4629824936105,-1.0887848827146691,-3.6599278777414477,3.798967342578792,-2.5994453631754575,1.1007698989681154
619,res50,BGGBGGLBLGBGBGGGGG,"((1,), (4, 6), (0, 1), (5,), (1, 3), (0, 6), (0,), (6,), (1,), (4, 5), (3,), (4, 6), (7,), (4, 3), (3, 2), (3, 4), (0, 6), (1, 7))",35.6795,852.7402,888.4196999999999,3666.534246732724,4650.800190072809,130.82010865630022,3965.9242842427248,4096.744392899025,877.1297678186447,3925.491360250384,-1.2707881400373269,-4.180222543185213,4.362588448996548,-2.946883043363717,1.2871450263776179
620,res50,LBLGGLGLGGGGLBLLLL,"((1,), (2,), (3,), (4, 4), (2, 7), (4,), (3, 2), (5,), (3, 0), (1, 2), (1, 5), (1, 7), (3,), (0,), (4,), (3,), (5,), (2,))",77.2335,721.2104999999999,798.444,3255.457624041492,4535.553774783111,251.4303864064086,3271.0890056882145,3522.519392094623,769.0662419837859,3320.309407708728,-3.6793761386163717,-5.740493149298274,6.090094613364236,-2.1398501463695703,3.8199255684965423
621,res50,LBLGGLGLGGGGLBLLLL,"((0,), (4,), (2,), (1, 2), (1, 2), (4,), (2, 0), (3,), (1, 7), (2, 4), (1, 2), (1, 0), (1,), (4,), (5,), (1,), (3,), (2,))",117.711,801.4404999999999,919.1515,3220.92976506502,4316.753463156308,379.1388635755686,3459.621053888722,3838.759917464291,886.0871903255002,3632.6339670884427,-3.597264398143276,-5.3695973389241205,5.674283515579707,-1.83846747679502,3.7314961818096037
622,res50,LBLGGLGLGGGGLBLLLL,"((2,), (3,), (1,), (2, 7), (3, 0), (4,), (1, 3), (4,), (0, 6), (3, 7), (3, 1), (4, 5), (0,), (0,), (0,), (1,), (4,), (5,))",56.8014,837.8348999999998,894.6362999999999,3324.2298423780267,4303.372009361592,188.82090896885128,3605.515257126268,3794.336166095119,837.971449770099,3511.9361409764865,-6.333842057370234,-7.442672782713928,8.041149206093236,-1.1838114743884713,6.762145684730311
623,res50,LBLGGLGLGGGGLBLLLL,"((1,), (2,), (0,), (4, 5), (2, 1), (1,), (2, 5), (1,), (4, 6), (1, 6), (1, 2), (2, 5), (4,), (7,), (2,), (4,), (2,), (4,))",80.0298,741.8767,821.9065,3275.573986102689,4509.544017847447,262.143530993001,3345.5256344654053,3607.669165458408,780.1661010550562,3379.3287395565585,-5.078485076458683,-6.329306137272577,6.75697582271361,-1.317742412583096,5.350193873906635
624,res50,LBLGGLGLGGGGLBLLLL,"((3,), (0,), (0,), (1, 5), (3, 2), (0,), (1, 1), (2,), (2, 0), (2, 0), (4, 0), (3, 2), (0,), (2,), (5,), (4,), (2,), (0,))",49.8261,813.6397,863.4658,3354.091122671209,4297.434463336836,167.12127968732793,3496.563287519044,3663.684567206372,800.5888811881542,3384.231392186855,-7.281923477669379,-7.627653797515794,8.257507913456756,-0.37288340398556186,7.8538336328790965
625,res50,LBLGGLGLGGGGLBLLLL,"((5,), (0,), (5,), (1, 1), (2, 1), (0,), (3, 5), (4,), (2, 6), (1, 0), (3, 4), (0, 4), (1,), (1,), (0,), (5,), (1,), (0,))",36.1258,889.4971999999999,925.623,3554.7348326745728,4202.278908515623,128.41763961823509,3737.9153227437023,3866.3329623619375,858.6373336523893,3566.4694147266373,-7.2368195634303305,-7.7557610933775845,8.407854176376963,-0.5594261942130192,7.801392243530049
626,res50,LBLGGLGLGGGGLBLLLL,"((4,), (0,), (1,), (1, 1), (2, 4), (1,), (4, 4), (4,), (1, 2), (2, 2), (4, 2), (0, 1), (3,), (0,), (0,), (3,), (5,), (5,))",39.6523,881.0892000000001,920.7415,3490.754949559299,4200.182981382227,138.41646248641015,3700.7358629196815,3839.152325406092,858.6620879783787,3558.7627871631307,-6.7423280064623174,-7.3034231121137605,7.878848774477431,-0.601661068367994,7.22978374039781
627,res50,LBLGGLGLGGGGLBLLLL,"((3,), (2,), (5,), (0, 1), (3, 7), (0,), (4, 4), (3,), (1, 6), (3, 4), (1, 7), (0, 2), (2,), (2,), (2,), (4,), (5,), (2,))",48.6358,796.4351,845.0709,3390.794713110165,4380.937820189623,164.9140135078834,3489.1326509165046,3654.046664424388,801.1236306859737,3421.853389555758,-5.200423930586932,-6.354414603657141,6.785599744785507,-1.2172951830768197,5.48570378287255
628,res50,LBLGGLGLGGGGLBLLLL,"((0,), (1,), (5,), (0, 6), (2, 4), (4,), (1, 5), (5,), (0, 1), (3, 3), (4, 0), (2, 5), (2,), (2,), (1,), (0,), (0,), (0,))",119.447,884.5126999999999,1003.9597,3186.5747624097708,4211.906084250041,380.6267956455599,3725.484422726431,4106.111218371991,968.4902920529364,3914.4675180844856,-3.532951367177745,-4.667279820138158,4.895779551168287,-1.1758714183098449,3.662340060412795
629,res50,LBLGGLGLGGGGLBLLLL,"((4,), (6,), (0,), (2, 3), (4, 7), (5,), (3, 7), (4,), (4, 2), (3, 7), (3, 7), (1, 4), (1,), (5,), (1,), (3,), (4,), (5,))",39.7476,657.2121,696.9597,3504.032791016552,4773.763874996103,139.2768937642095,3137.3753811903266,3276.652274954536,650.0758976137477,3034.7989838668655,-6.726902916517603,-7.381109461516676,7.969334785380319,-0.7013882517630426,7.2120505556889665
630,res50,BGLGGGGLLGGLLLBGGL,"((5,), (3, 6), (1,), (4, 2), (0, 0), (1, 2), (1, 0), (2,), (0,), (1, 6), (4, 0), (5,), (2,), (0,), (6,), (3, 5), (3, 5), (2,))",19.5859,775.8592600000001,795.4451600000001,4179.004392372333,4469.361888422461,81.84956212856527,3467.595807423653,3549.4453695522184,781.8318201131256,3428.120390875976,-1.7114114927639437,-3.4181390624290113,3.5391107908331088,-1.7364452939920207,1.7412107740645317
631,res50,BGLGGGGLLGGLLLBGGL,"((5,), (0, 2), (3,), (2, 2), (1, 1), (3, 1), (3, 1), (3,), (0,), (2, 1), (0, 0), (3,), (2,), (1,), (7,), (3, 2), (2, 3), (1,))",19.4951,810.5979400000001,830.0930400000001,4199.653069430571,4348.139951754839,81.87265655385593,3524.593287724172,3606.465944278028,805.0682145538054,3443.9802008088723,-3.014701273268675,-4.505400743543787,4.717963925315062,-1.5370365301192073,3.10841056618591
632,res50,BGLGGGGLLGGLLLBGGL,"((4,), (0, 4), (2,), (1, 2), (3, 0), (3, 7), (4, 1), (3,), (2,), (2, 3), (4, 1), (3,), (0,), (4,), (2,), (2, 7), (3, 1), (2,))",22.4846,732.1091299999999,754.5937299999999,3991.457904995333,4479.769332314152,89.74633441065806,3279.6800284811943,3369.4263628918525,737.5419052279987,3228.734593771707,-2.259735814661657,-4.175540699438083,4.357489444674179,-1.9600979194650145,2.3119804652632006
633,res50,BGLGGGGLLGGLLLBGGL,"((0,), (1, 4), (4,), (4, 3), (1, 6), (0, 7), (3, 2), (1,), (2,), (3, 0), (4, 5), (5,), (0,), (3,), (6,), (4, 1), (1, 7), (5,))",61.3714,770.1206999999999,831.4920999999999,3420.555745331904,4549.796087153354,209.9242948690624,3503.892147495802,3713.816442364865,816.8921355385658,3560.7939818098375,-1.7558753067448487,-4.12035605231977,4.297425274720636,-2.406740100700638,1.7872573166356531
634,res50,BGLGGGGLLGGLLLBGGL,"((1,), (0, 5), (3,), (2, 7), (3, 3), (0, 3), (2, 6), (3,), (5,), (0, 4), (0, 3), (1,), (4,), (3,), (3,), (2, 3), (4, 3), (4,))",42.2806,858.7118599999999,900.99246,3509.012032967032,4305.048199982643,148.3631341610659,3696.795947196747,3845.1590813578127,872.2020409068324,3657.745730991909,-3.1954117677264087,-4.8740077172496,5.1237391592849,-1.7340045344705792,3.300888755457856
635,res50,BGLGGGGLLGGLLLBGGL,"((3,), (3, 0), (5,), (1, 2), (1, 3), (0, 7), (4, 6), (4,), (1,), (2, 6), (4, 1), (3,), (4,), (4,), (2,), (1, 2), (2, 5), (4,))",26.4253,754.92515,781.35045,3785.057601049191,4461.061183600295,100.02128262500518,3367.7672831886307,3467.788565813636,755.6083826723416,3283.8295439512954,-3.294561016463028,-5.304793483543279,5.6019662226739975,-2.0787170692875607,3.4068001252999647
636,res50,BGLGGGGLLGGLLLBGGL,"((4,), (0, 1), (0,), (2, 4), (3, 0), (4, 1), (0, 0), (5,), (5,), (0, 4), (1, 5), (1,), (1,), (5,), (7,), (3, 7), (0, 7), (2,))",22.3085,867.11227,889.42077,3979.923688141923,4399.891125539667,88.78612759691408,3815.1995816195554,3903.985709216469,854.5215280831407,3690.528697175264,-3.9238168360807784,-5.467668888676486,5.78391416396749,-1.6069040231976093,4.084068191370794
637,res50,BGLGGGGLLGGLLLBGGL,"((5,), (4, 0), (5,), (1, 1), (2, 7), (0, 7), (2, 4), (4,), (1,), (2, 2), (4, 3), (0,), (0,), (4,), (0,), (4, 1), (4, 5), (5,))",20.2259,819.9116599999999,840.1375599999999,4224.008950289905,4441.173092867365,85.4343826276686,3641.369602920215,3726.803985547884,815.7262123105245,3577.0837277433166,-2.9056369875280197,-4.017390192378389,4.185539651849917,-1.1450234291228223,2.9925908130781886
638,res50,BGLGGGGLLGGLLLBGGL,"((5,), (1, 4), (1,), (2, 1), (0, 0), (4, 4), (3, 0), (5,), (1,), (1, 6), (1, 5), (5,), (2,), (1,), (6,), (0, 5), (0, 1), (3,))",19.4578,887.38092,906.83872,4249.716648351648,4273.606594915865,82.69013660029668,3792.316951914507,3875.007088514804,873.7786121782876,3666.5495385424933,-3.645643607025551,-5.379539835944074,5.6853875225473045,-1.7994995699488228,3.7835794285803255
639,res50,BGLGGGGLLGGLLLBGGL,"((7,), (2, 7), (4,), (2, 6), (1, 4), (2, 4), (0, 0), (3,), (1,), (4, 4), (3, 3), (0,), (4,), (4,), (0,), (4, 7), (2, 1), (0,))",16.0759,825.81944,841.89534,4776.481940836942,4405.271507637039,76.7862460327006,3637.958849484775,3714.7450955174754,805.8820172979117,3511.6793117385896,-4.277648419112086,-5.4664796253159365,5.7825833668835385,-1.2419577941514077,4.468808327903803
640,res50,BLLBGGLBBGLGLGGBBL,"((6,), (0,), (0,), (7,), (4, 1), (2, 3), (4,), (6,), (4,), (4, 2), (2,), (3, 5), (4,), (1, 2), (2, 6), (0,), (7,), (5,))",17.6145,743.65857,761.2730700000001,4550.922276473525,4744.027297955514,80.16222043894291,3527.9365564385616,3608.098776877504,740.4769847067888,3434.180765339754,-2.731751077601006,-4.820212036663275,5.064323150751326,-2.147114790488779,2.808471528854613
641,res50,BLLBGGLBBGLGLGGBBL,"((7,), (0,), (1,), (0,), (4, 5), (4, 7), (0,), (1,), (5,), (4, 7), (2,), (0, 2), (0,), (3, 6), (0, 1), (3,), (1,), (1,))",15.5422,947.93275,963.47495,4880.505497280497,4326.354843955966,75.85379253983294,4101.093444707,4176.9472372468335,915.2961145003891,3919.572146219252,-5.000528088416928,-6.1617989504992225,6.566407797234716,-1.2223971762317891,5.263743037509703
642,res50,BLLBGGLBBGLGLGGBBL,"((6,), (5,), (3,), (5,), (2, 4), (3, 3), (0,), (1,), (2,), (2, 0), (5,), (3, 3), (4,), (2, 0), (3, 0), (5,), (3,), (5,))",17.5989,700.15534,717.75424,4550.369098401598,4694.988823241722,80.0814907258599,3287.221495833008,3367.302986558868,688.8438286689103,3171.4065128057887,-4.027898369655006,-5.817607578974373,6.176958802413708,-1.8648223587025203,4.196947134875964
643,res50,BLLBGGLBBGLGLGGBBL,"((3,), (1,), (4,), (0,), (2, 3), (3, 1), (0,), (4,), (4,), (4, 3), (2,), (3, 7), (0,), (0, 5), (2, 3), (6,), (5,), (5,))",26.3509,814.9096999999999,841.2606,3824.772018403851,4467.062009688765,100.78618497975802,3640.252162196869,3741.0383471766254,800.1463295260568,3500.1248479160354,-4.887221685402024,-6.439749526823436,6.882997313768083,-1.6323020617547503,5.138343944950172
644,res50,BLLBGGLBBGLGLGGBBL,"((4,), (5,), (0,), (7,), (4, 4), (1, 2), (4,), (0,), (5,), (1, 5), (0,), (1, 3), (3,), (0, 6), (0, 3), (0,), (4,), (5,))",22.6057,974.02531,996.63101,4018.161297493356,4301.543733793905,90.83334884274556,4189.812468787165,4280.64581762991,948.1159430384533,4003.3245407244467,-4.867906624894865,-6.47849153422858,6.927274421155951,-1.692998495243017,5.116997274201419
645,res50,BLLBGGLBBGLGLGGBBL,"((1,), (3,), (5,), (1,), (3, 7), (0, 7), (5,), (1,), (6,), (1, 6), (1,), (3, 7), (4,), (1, 1), (2, 4), (0,), (6,), (3,))",42.0187,843.1674,885.1861,3522.463069765485,4484.266490742271,148.009318989555,3780.987317906285,3928.99663689584,845.1613893684685,3675.1561639046863,-4.521615356537065,-6.460694585671721,6.906930254671377,-2.0309091281504257,4.7357476495038755
646,res50,BLLBGGLBBGLGLGGBBL,"((0,), (4,), (2,), (4,), (1, 0), (1, 5), (0,), (7,), (3,), (2, 1), (3,), (2, 5), (3,), (0, 2), (4, 1), (1,), (2,), (0,))",61.2899,854.19198,915.48188,3399.669854596624,4407.292948064837,208.36542542124164,3764.674289747541,3973.039715168782,883.7043569997803,3765.4118039526816,-3.4711252832464283,-5.225920859119329,5.51408244373554,-1.8178970603584046,3.5959450407267433
647,res50,BLLBGGLBBGLGLGGBBL,"((0,), (5,), (4,), (6,), (2, 2), (0, 5), (2,), (0,), (7,), (4, 5), (5,), (2, 2), (5,), (2, 2), (3, 7), (0,), (2,), (4,))",61.3711,800.28292,861.65402,3413.109523139462,4631.687003329146,209.46628585554424,3706.659999550299,3916.126285405843,855.619852871578,3768.173356362289,-0.7003004672829041,-3.778042847977806,3.926383291091061,-3.0994478283198186,0.7052392611240251
648,res50,BLLBGGLBBGLGLGGBBL,"((7,), (0,), (3,), (1,), (3, 5), (2, 2), (3,), (0,), (7,), (0, 1), (4,), (0, 7), (2,), (3, 5), (3, 2), (3,), (6,), (0,))",16.1801,824.46091,840.64101,4778.277466977467,4569.655150499434,77.31300724344212,3767.502043766952,3844.815051010392,803.4808318912835,3614.6469386965687,-4.420457444577505,-5.98645472565284,6.367651287038874,-1.6384230759079792,4.624899143050705
649,res50,BLLBGGLBBGLGLGGBBL,"((7,), (1,), (3,), (1,), (1, 3), (1, 4), (1,), (0,), (6,), (0, 6), (0,), (3, 5), (4,), (0, 5), (0, 4), (4,), (0,), (3,))",15.8725,1031.07359,1046.94609,4900.394811854813,4205.422871558168,77.78151665116553,4336.100457645589,4413.881974296754,1000.9365479478937,4143.257507008853,-4.394642903925092,-6.131212136251527,6.531683508208346,-1.816393228447783,4.5966492228138085
650,res50,LGLBGLGBBBBLGGBLBB,"((0,), (2, 3), (0,), (2,), (4, 6), (5,), (1, 0), (6,), (0,), (7,), (6,), (5,), (4, 3), (0, 5), (1,), (0,), (1,), (2,))",122.111,894.3912,1016.5022,3201.0780619642314,4333.8282776648175,390.8868432245143,3876.1378738545695,4267.024717079084,982.497491890227,4041.8987342785963,-3.345266553262058,-5.275947474581167,5.569807597880575,-1.9975027114249146,3.461047828666854
651,res50,LGLBGLGBBBBLGGBLBB,"((3,), (1, 0), (1,), (1,), (3, 6), (4,), (4, 7), (6,), (0,), (2,), (4,), (0,), (1, 1), (4, 1), (3,), (1,), (0,), (6,))",51.0342,875.2183,926.2525,3410.7899286987526,4251.899149843245,174.06693537919787,3721.33994569725,3895.406881076448,874.8631862847932,3619.1863756094326,-5.548089070227272,-7.090928211090626,7.632116083563208,-1.633465247739131,5.8739828719319656
652,res50,LGLBGLGBBBBLGGBLBB,"((2,), (3, 5), (5,), (6,), (0, 2), (3,), (2, 1), (5,), (6,), (5,), (3,), (3,), (2, 2), (1, 4), (0,), (4,), (1,), (2,))",62.3328,826.9479,889.2807,3306.0155956848025,4363.704959431874,206.07320892270167,3608.556652421773,3814.629861344475,842.2965089127897,3558.1134113634917,-5.283392643876148,-6.724543646564274,7.2093387794147095,-1.5215399315027918,5.57810587958581
653,res50,LGLBGLGBBBBLGGBLBB,"((5,), (4, 2), (5,), (4,), (1, 7), (0,), (1, 6), (5,), (2,), (1,), (2,), (1,), (1, 7), (3, 4), (2,), (0,), (1,), (7,))",37.3308,847.6183000000001,884.9491,3650.495268115942,4310.731106252311,136.27590875498262,3653.854572038704,3790.130480793687,824.8378337154832,3491.997164083172,-6.792624150306146,-7.8660436156826865,8.537616232251171,-1.151646482471019,7.28764659275457
654,res50,LGLBGLGBBBBLGGBLBB,"((1,), (3, 6), (3,), (4,), (1, 4), (1,), (0, 5), (1,), (4,), (4,), (7,), (4,), (1, 5), (0, 3), (0,), (4,), (1,), (5,))",83.3964,916.4392,999.8356,3256.358400673402,4205.862756505276,271.5685677259193,3854.4174998814897,4125.986067607409,954.5406973176641,3874.6518715707684,-4.530235038873978,-6.091494055441266,6.4866265245850405,-1.6353439407785386,4.745203929975766
655,res50,LGLBGLGBBBBLGGBLBB,"((5,), (4, 3), (3,), (3,), (0, 1), (4,), (0, 3), (5,), (0,), (2,), (4,), (0,), (0, 4), (2, 7), (3,), (2,), (5,), (2,))",37.1636,900.1360999999999,937.2997,3627.483533546165,4225.548803482196,134.81034704729626,3803.5690203261297,3938.379367373426,882.1176630730097,3659.859159954382,-5.88734178907668,-7.071949688909573,7.610134577487806,-1.2587126135338602,6.255632240120233
656,res50,LGLBGLGBBBBLGGBLBB,"((4,), (2, 7), (1,), (4,), (2, 4), (5,), (0, 4), (6,), (7,), (3,), (4,), (4,), (1, 0), (2, 1), (7,), (2,), (7,), (3,))",43.3215,711.3342,754.6557,3535.0644088669947,4750.606149288064,153.14429278873152,3379.268624718906,3532.4129175076373,709.1653155297923,3264.467738501841,-6.027965398022924,-7.585330063701908,8.207928534431302,-1.657263963981707,6.4146375286590755
657,res50,LGLBGLGBBBBLGGBLBB,"((5,), (2, 1), (2,), (7,), (3, 4), (5,), (2, 2), (7,), (0,), (2,), (4,), (5,), (0, 3), (4, 1), (5,), (4,), (7,), (0,))",36.3823,715.7668,752.1491,3615.738572463768,4723.219707945371,131.54888546494854,3380.723856052992,3512.2727415179406,726.267735272422,3300.8834929124077,-3.44098859223231,-6.018588650782692,6.404020289096049,-2.6694557255409324,3.563612077283046
658,res50,LGLBGLGBBBBLGGBLBB,"((4,), (1, 4), (2,), (1,), (0, 5), (3,), (1, 4), (3,), (6,), (0,), (6,), (1,), (2, 6), (3, 1), (3,), (2,), (2,), (5,))",43.3136,853.0191000000001,896.3327,3509.265909505564,4298.159443390928,151.99893989796018,3666.412100057831,3818.411039955791,844.9319862483164,3538.306251915982,-5.7345574641741415,-7.3356373923288185,7.916352291103489,-1.6984802543585136,6.08341435621513
659,res50,LGLBGLGBBBBLGGBLBB,"((0,), (2, 5), (0,), (7,), (3, 7), (0,), (2, 0), (3,), (7,), (0,), (7,), (0,), (4, 3), (0, 2), (4,), (5,), (3,), (5,))",121.998,835.8949999999998,957.8929999999998,3245.189801572616,4482.628414445768,395.906665412256,3747.006678493144,4142.9133439054,913.7859359665249,3885.0797366170746,-4.604591956875654,-6.223485404724245,6.63650747906743,-1.6970349842381869,4.8268486411778895
660,res50,GGBBLBBLGBLLLGBLLB,"((2, 1), (1, 3), (6,), (0,), (0,), (3,), (2,), (2,), (2, 7), (4,), (2,), (3,), (2,), (4, 0), (2,), (1,), (4,), (3,))",33.126,770.18205,803.30805,3598.6337553509497,4324.434840911312,119.20834177975556,3330.602090864498,3449.810432644254,765.0045327639617,3235.8691370775377,-4.768222755397293,-6.201537729211742,6.611555860381191,-1.5050805679421364,5.006966049945821
661,res50,GGBBLBBLGBLLLGBLLB,"((4, 3), (1, 7), (4,), (0,), (0,), (1,), (2,), (2,), (2, 2), (2,), (1,), (1,), (1,), (2, 1), (1,), (0,), (0,), (6,))",19.6756,915.01577,934.69137,4092.4308824508817,4070.4694044242274,80.52103307075056,3724.5436963506754,3805.064729421426,867.0804580691754,3524.1525515341073,-7.233501249810899,-7.382586049463405,7.971056127097381,-0.16070974075885938,7.797536122700921
662,res50,GGBBLBBLGBLLLGBLLB,"((3, 4), (3, 1), (4,), (5,), (3,), (3,), (7,), (1,), (1, 2), (5,), (3,), (2,), (4,), (4, 6), (5,), (5,), (2,), (2,))",18.2138,598.9236500000001,617.1374500000001,4082.1495615495633,4827.260625829912,74.35145568415143,2891.160553523336,2965.512009207487,581.1337482993647,2744.669106824515,-5.833984260821533,-7.4470412427023325,8.046248702033147,-1.7129927067835768,6.195424341814071
663,res50,GGBBLBBLGBLLLGBLLB,"((1, 4), (3, 0), (4,), (1,), (2,), (2,), (4,), (5,), (1, 3), (6,), (0,), (3,), (5,), (2, 7), (5,), (3,), (0,), (3,))",17.6849,732.14711,749.83201,4069.646996891997,4459.283617845076,71.97130017533527,3264.851613475617,3336.822913650952,699.4076202536934,3067.29339735168,-6.724758222352576,-8.077429437343707,8.78721013555423,-1.4501932015525325,7.209585410009736
664,res50,GGBBLBBLGBLLLGBLLB,"((2, 3), (1, 6), (4,), (2,), (4,), (6,), (0,), (1,), (0, 5), (0,), (3,), (1,), (3,), (4, 6), (4,), (1,), (3,), (7,))",17.8081,800.90467,818.71277,4233.086672910422,4324.78284266334,75.38323077985608,3463.738775424944,3539.1220062048,781.036535892082,3300.4849773240126,-4.601886704163407,-6.742831370673526,7.230362523094136,-2.2442211827302105,4.82387601303247
665,res50,GGBBLBBLGBLLLGBLLB,"((3, 6), (2, 4), (7,), (7,), (3,), (4,), (6,), (1,), (4, 2), (5,), (5,), (0,), (4,), (3, 5), (3,), (4,), (5,), (0,))",15.8155,590.0450599999999,605.86056,4458.250800310801,5003.63908247225,70.50946553231549,2952.372522635684,3022.8819881679988,573.1969389125421,2805.95021923403,-5.3912770105810885,-7.176322786766777,7.731133911320316,-1.8867665895726422,5.698498870113746
666,res50,GGBBLBBLGBLLLGBLLB,"((2, 1), (4, 3), (1,), (6,), (0,), (4,), (7,), (3,), (4, 4), (5,), (5,), (4,), (2,), (2, 0), (2,), (1,), (4,), (6,))",29.2052,670.98529,700.19049,3790.3485125579737,4676.0290491679325,110.69788637895812,3137.546707604369,3248.2445939833274,658.8769242236085,2993.868217823851,-5.9003323190509835,-7.831195244060555,8.496578929061037,-2.0519338405702774,6.270300910154581
667,res50,GGBBLBBLGBLLLGBLLB,"((2, 3), (3, 2), (7,), (4,), (2,), (4,), (5,), (0,), (1, 3), (5,), (0,), (3,), (3,), (2, 5), (4,), (2,), (3,), (1,))",21.7059,690.5610800000001,712.2669800000001,3835.493983932735,4532.90851716435,83.25284886584555,3130.2502011542124,3213.503050020058,661.2325806473931,2944.618917873408,-7.165066019571342,-8.36732151677813,9.13137284130595,-1.2950464288155235,7.718070894607274
668,res50,GGBBLBBLGBLLLGBLLB,"((0, 1), (3, 2), (2,), (4,), (2,), (6,), (3,), (0,), (2, 2), (7,), (2,), (3,), (2,), (0, 6), (2,), (5,), (0,), (6,))",32.3375,784.13455,816.47205,3652.951278315901,4363.142898395509,118.12731196254045,3421.2910932190584,3539.4184051815987,779.170542995144,3306.850925622827,-4.568620200147197,-6.57078234148017,7.032898814904052,-2.098012357708843,4.787335370953373
669,res50,GGBBLBBLGBLLLGBLLB,"((3, 5), (2, 1), (6,), (7,), (2,), (0,), (0,), (5,), (2, 7), (3,), (1,), (3,), (1,), (0, 3), (6,), (4,), (2,), (1,))",16.8675,753.19204,770.05954,4270.204591242092,4477.53205661593,72.02767594277599,3372.441503887948,3444.469179830724,728.9385786902473,3194.8614532959655,-5.339971674106227,-7.246623891900386,7.812787195427585,-2.014210487271332,5.641210729117756
670,res50,BGBLBGLBGLGBLGBGLG,"((1,), (0, 3), (1,), (4,), (4,), (4, 6), (0,), (3,), (2, 6), (5,), (1, 2), (2,), (1,), (4, 6), (0,), (0, 6), (1,), (1, 5))",41.4149,969.23461,1010.64951,3546.417413547502,4213.90738790619,146.87452254032843,4084.264883693376,4231.139406233703,942.4070745802682,3883.2029600009037,-6.752334488316509,-8.223232865364528,8.960037624011246,-1.5774104037636278,7.241290654585309
671,res50,BGBLBGLBGLGBLGBGLG,"((6,), (4, 3), (5,), (0,), (7,), (1, 7), (4,), (4,), (4, 2), (2,), (0, 7), (5,), (0,), (2, 5), (3,), (0, 4), (4,), (4, 4))",16.9479,802.14843,819.09633,4674.197113442112,4616.526825329446,79.21782525890558,3703.139744990899,3782.3575702498047,768.5951160620385,3497.2068339029975,-6.165479210236657,-7.538968250639892,8.15367091195373,-1.4637353383842109,6.570587411055715
672,res50,BGBLBGLBGLGBLGBGLG,"((1,), (2, 0), (5,), (3,), (0,), (0, 0), (0,), (4,), (0, 7), (3,), (2, 3), (1,), (5,), (2, 1), (5,), (1, 0), (5,), (1, 6))",41.3133,935.18184,976.49514,3569.103205389119,4253.157759207828,147.45143145520228,3977.4758990662535,4124.927330521456,905.4482506033605,3768.1865815965466,-7.275703327785069,-8.648412937733168,9.467173166721524,-1.480420622440187,7.846598560359036
673,res50,BGBLBGLBGLGBLGBGLG,"((4,), (2, 6), (6,), (5,), (2,), (3, 5), (0,), (3,), (4, 7), (5,), (3, 3), (3,), (0,), (0, 1), (2,), (0, 4), (2,), (1, 7))",20.8738,835.5927800000002,856.4665800000001,4167.457712287712,4440.247368989476,86.99067879475123,3710.238642941603,3797.229321736354,800.4102829358566,3505.030734462314,-6.545065315233147,-7.69504716508475,8.336548504441705,-1.230520200704861,7.003445390348132
674,res50,BGBLBGLBGLGBLGBGLG,"((5,), (0, 4), (7,), (3,), (5,), (3, 0), (5,), (7,), (1, 0), (4,), (0, 0), (6,), (3,), (4, 6), (4,), (4, 1), (3,), (0, 6))",17.7958,735.8304899999999,753.6262899999999,4406.530416250415,4766.985244937841,78.41773398150914,3507.693088605381,3586.1108225868907,712.2886743227865,3333.498400642447,-5.485161044104953,-7.04418894010136,7.577997394441797,-1.6495059540057149,5.803491922220353
675,res50,BGBLBGLBGLGBLGBGLG,"((3,), (2, 0), (5,), (2,), (4,), (3, 7), (3,), (2,), (0, 5), (0,), (3, 7), (7,), (4,), (3, 5), (1,), (0, 7), (1,), (1, 2))",25.3084,864.2063400000002,889.5147400000002,3800.411633986927,4395.921957210374,96.18233779759474,3798.983625566416,3895.165963364009,833.0449727911572,3584.0272514592675,-6.348379028417559,-7.987816561121068,8.681259657779067,-1.7505703752858326,6.77871772272251
676,res50,BGBLBGLBGLGBLGBGLG,"((7,), (2, 4), (4,), (1,), (2,), (0, 0), (5,), (2,), (2, 4), (0,), (3, 5), (5,), (5,), (2, 3), (0,), (4, 0), (4,), (3, 2))",16.2042,847.6609199999999,863.8651199999999,4843.740372405372,4413.271244928863,78.48893774253112,3740.957563685945,3819.446501428476,802.316799344172,3519.787400290421,-7.124760478328836,-7.845615877221539,8.513556844749496,-0.7761545516386034,7.671323934154009
677,res50,BGBLBGLBGLGBLGBGLG,"((3,), (3, 4), (4,), (3,), (5,), (0, 5), (3,), (4,), (2, 7), (5,), (4, 5), (1,), (2,), (0, 7), (5,), (3, 6), (1,), (4, 7))",23.0209,760.0821,783.103,4185.7513024638765,4618.661357758539,96.35976215889066,3510.5618239939618,3606.921586152852,737.0216924665564,3321.551896827846,-5.88445038946902,-7.911724236549913,8.59145658984103,-2.1540264658392276,6.252367875255532
678,res50,BGBLBGLBGLGBLGBGLG,"((6,), (2, 2), (0,), (4,), (1,), (1, 7), (5,), (5,), (2, 7), (4,), (1, 6), (4,), (2,), (4, 4), (4,), (3, 3), (3,), (4, 3))",17.0111,766.2477899999999,783.2588899999998,4606.38001165501,4582.910109390641,78.35959101626453,3511.6447430892363,3590.0043341055007,725.1569827037778,3273.6271117345686,-7.4179697208699515,-8.81272535983614,9.664424553329647,-1.506507941941956,8.012321287948819
679,res50,BGBLBGLBGLGBLGBGLG,"((4,), (2, 4), (5,), (5,), (5,), (4, 6), (4,), (4,), (0, 7), (3,), (3, 3), (0,), (1,), (3, 5), (1,), (4, 2), (2,), (3, 2))",22.2707,779.3369999999999,801.6076999999999,4035.7751610644254,4567.181318631712,89.8795378795175,3559.373387318482,3649.252925198,766.0206456042047,3410.4794286777696,-4.439460149371723,-6.543078855168008,7.001170994096903,-2.2013466113570366,4.64570434230603
680,res50,BBBGGGGGBGLLBBBLBB,"((4,), (0,), (3,), (3, 5), (3, 4), (1, 1), (4, 2), (2, 1), (4,), (1, 3), (0,), (0,), (7,), (2,), (0,), (2,), (2,), (6,))",14.8217,843.9501,858.7718,4249.100274309025,4282.47760442898,62.97888953572607,3614.1974025055983,3677.176292041325,833.7050259157801,3480.8901884478773,-2.918909783043633,-5.33795738915967,5.638962821776658,-2.491780428824986,3.0066718209699554
681,res50,BBBGGGGGBGLLBBBLBB,"((5,), (4,), (2,), (1, 4), (4, 4), (0, 5), (1, 3), (4, 7), (4,), (1, 6), (1,), (3,), (5,), (1,), (6,), (3,), (6,), (0,))",19.1662,710.7015999999999,729.8677999999999,4136.369137529137,4636.168962009745,79.27847816371096,3294.9326991706644,3374.2111773343754,695.4972746888909,3138.8157017495987,-4.709143945123894,-6.976311298059862,7.499499746148366,-2.3792076667150086,4.941863406507745
682,res50,BBBGGGGGBGLLBBBLBB,"((5,), (0,), (5,), (4, 5), (1, 4), (2, 2), (1, 1), (3, 3), (1,), (2, 7), (0,), (5,), (3,), (4,), (1,), (2,), (2,), (2,))",16.9994,815.5743,832.5737,4210.504823509822,4305.156679450211,71.57605569677288,3511.1751452329304,3582.7512009297034,798.6192579952839,3361.4418812960366,-4.0782506106926215,-6.177077536844821,6.583761595435909,-2.188061560088843,4.251643278669415
683,res50,BBBGGGGGBGLLBBBLBB,"((0,), (1,), (5,), (0, 3), (4, 3), (2, 6), (2, 4), (1, 4), (4,), (3, 4), (5,), (3,), (6,), (4,), (5,), (2,), (0,), (2,))",53.9764,768.7763,822.7527,3396.6888066380266,4449.651744097876,183.3410337026168,3420.786804116112,3604.127837818729,810.3563401434021,3451.3153084539504,-1.506693306092813,-4.239930885949455,4.4276606368147915,-2.7750490582582072,1.529741823751771
684,res50,BBBGGGGGBGLLBBBLBB,"((7,), (5,), (2,), (0, 0), (2, 7), (4, 6), (4, 6), (4, 0), (6,), (1, 2), (2,), (4,), (2,), (5,), (0,), (4,), (0,), (6,))",11.4004,805.0743,816.4747,5097.079325396824,4454.145467276106,58.10874314125395,3585.9180441654835,3644.026787306737,784.4096025921814,3430.0405453646326,-3.9272616050220046,-5.872246677425204,6.238592200645724,-2.024492176341341,4.087800213288492
685,res50,BBBGGGGGBGLLBBBLBB,"((6,), (6,), (7,), (3, 0), (0, 6), (2, 3), (1, 7), (1, 2), (0,), (2, 5), (1,), (5,), (7,), (4,), (2,), (0,), (2,), (7,))",11.1417,832.5370999999999,843.6787999999999,4925.744159451658,4419.598591633221,54.88116370136254,3679.4797946424055,3734.360958343768,804.0932050642059,3486.828260819863,-4.692022003610143,-6.628515568931199,7.099079134620235,-2.031827351740065,4.923010751301299
686,res50,BBBGGGGGBGLLBBBLBB,"((2,), (7,), (1,), (3, 6), (1, 4), (2, 0), (4, 5), (4, 1), (0,), (0, 2), (1,), (2,), (6,), (5,), (1,), (4,), (0,), (6,))",23.4827,864.8643999999999,888.3471,3786.150076492565,4290.575619724074,88.90902640125196,3710.7661090072897,3799.675135408542,857.2530787814306,3575.323206519131,-3.5002108093299693,-5.904502908649017,6.275011122919852,-2.4914998462519846,3.6271693841880075
687,res50,BBBGGGGGBGLLBBBLBB,"((4,), (7,), (3,), (0, 1), (1, 5), (3, 3), (4, 0), (1, 7), (4,), (3, 4), (3,), (2,), (0,), (5,), (3,), (2,), (3,), (0,))",21.6163,742.1388000000001,763.7551000000001,3914.1149312533857,4474.95325298347,84.60868258845257,3321.036437225249,3405.645119813701,736.4148560792817,3209.9424018198965,-3.5797134344135206,-5.746421341883973,6.096767277906601,-2.2471494170437065,3.7126143905188997
688,res50,BBBGGGGGBGLLBBBLBB,"((1,), (3,), (5,), (4, 4), (0, 1), (0, 2), (0, 2), (0, 4), (2,), (1, 2), (5,), (3,), (5,), (2,), (1,), (5,), (0,), (4,))",33.7408,929.9076,963.6484,3538.8017525144714,4160.237346518084,119.40200217124028,3868.636326331,3988.038328502241,937.0241872400684,3785.06096122891,-2.762855493760136,-5.089654375251745,5.3625917614660965,-2.3929115702716928,2.841358112467846
689,res50,BBBGGGGGBGLLBBBLBB,"((6,), (7,), (0,), (3, 6), (0, 4), (3, 6), (4, 0), (0, 0), (4,), (4, 5), (4,), (5,), (7,), (4,), (1,), (4,), (4,), (6,))",10.3146,738.1279999999999,748.4426,4731.576626984126,4636.692640127578,48.80432027669047,3422.4726650720886,3471.276985348779,729.7650949619549,3292.360024714068,-2.4955160272872057,-5.154211588123502,5.434307283883675,-2.726741840488424,2.559385912944876
690,res50,BBLGGGBBLGBGGBLBLL,"((4,), (6,), (5,), (4, 5), (3, 0), (2, 0), (1,), (4,), (0,), (4, 2), (0,), (3, 3), (4, 2), (7,), (0,), (2,), (1,), (4,))",22.1899,774.1114,796.3013,4012.533122890181,4501.966110239631,89.03770874362084,3485.023288350156,3574.060997093776,734.0140529202213,3266.1396454226788,-7.822070249009854,-8.61544757969944,9.427684823661261,-0.8607020496476925,8.48583849750197
691,res50,BBLGGGBBLGBGGBLBLL,"((3,), (1,), (5,), (1, 0), (0, 0), (3, 6), (3,), (2,), (1,), (2, 4), (6,), (2, 3), (3, 5), (3,), (5,), (7,), (1,), (2,))",26.0283,778.5647000000001,804.5930000000001,3815.867290161679,4454.254740195918,99.32053858851523,3467.9255055242133,3567.2460441127287,752.2492314393921,3280.3798097294275,-6.505620675373504,-8.041672226583199,8.744909157545463,-1.6429346473078352,6.958301367812726
692,res50,BBLGGGBBLGBGGBLBLL,"((5,), (0,), (1,), (1, 4), (1, 0), (3, 1), (2,), (6,), (2,), (3, 5), (2,), (1, 2), (3, 2), (0,), (5,), (7,), (4,), (1,))",19.3775,798.9075999999999,818.2850999999999,4247.599656177157,4411.2017699027065,82.30786233757286,3524.142619108723,3606.450481446296,771.1041209313188,3335.0346927639,-5.765836267662842,-7.525842655506264,8.13831979833054,-1.8676946004875143,6.118626238399196
693,res50,BBLGGGBBLGBGGBLBLL,"((7,), (7,), (0,), (2, 0), (1, 5), (3, 6), (5,), (2,), (5,), (3, 0), (2,), (4, 4), (0, 5), (0,), (1,), (2,), (0,), (3,))",15.6821,855.199,870.8811,4907.002611832611,4370.462840046424,76.95210565902019,3737.615450344862,3814.567556003882,796.0688218553597,3465.330313062984,-8.590412416188643,-9.155356087250874,10.078036186749834,-0.618035466514097,9.397714882273478
694,res50,BBLGGGBBLGBGGBLBLL,"((7,), (7,), (1,), (2, 2), (2, 5), (0, 1), (2,), (7,), (1,), (1, 0), (7,), (3, 5), (2, 1), (2,), (3,), (7,), (5,), (1,))",15.8226,736.4619,752.2845,4877.622298257298,4661.600946259742,77.17666657640594,3433.091489924248,3510.2681565006537,698.3365135880802,3221.66691568567,-7.17122131479777,-8.221629458151906,8.958134045758733,-1.1315544147319199,7.725213469754419
695,res50,BBLGGGBBLGBGGBLBLL,"((7,), (5,), (0,), (0, 4), (4, 6), (2, 4), (4,), (1,), (5,), (2, 1), (7,), (1, 2), (0, 1), (0,), (2,), (1,), (4,), (0,))",15.9369,865.2285999999999,881.1655,4778.260843600844,4367.249682428712,76.15066523838229,3778.66932857824,3854.819993816621,818.8534685147089,3542.3172942009937,-7.071546887082061,-8.10680395237395,8.821984979358412,-1.1140366923292526,7.609668137367332
696,res50,BBLGGGBBLGBGGBLBLL,"((1,), (6,), (3,), (3, 1), (4, 0), (3, 1), (4,), (2,), (3,), (2, 4), (2,), (4, 3), (4, 7), (7,), (4,), (7,), (4,), (2,))",41.8602,614.7686000000001,656.6288000000001,3552.1027939174483,4984.884989714927,148.69173337394315,3064.55076628806,3213.242499662003,610.0544021753824,2934.893971023621,-7.09295690725379,-8.662543479605452,9.484108502267317,-1.6894161304700979,7.634466312928614
697,res50,BBLGGGBBLGBGGBLBLL,"((3,), (0,), (1,), (2, 5), (2, 6), (4, 2), (5,), (3,), (1,), (4, 7), (3,), (1, 4), (3, 4), (1,), (1,), (4,), (1,), (4,))",26.1505,792.272,818.4225,3793.547670851965,4374.495876141854,99.2031683666143,3465.790596782659,3564.9937651492733,761.3543002350705,3258.1636163454255,-6.9729509837436705,-8.606751344234125,9.417272578471959,-1.7562637724915382,7.495616659327941
698,res50,BBLGGGBBLGBGGBLBLL,"((3,), (7,), (5,), (1, 3), (4, 4), (0, 3), (0,), (1,), (0,), (1, 4), (0,), (4, 3), (1, 4), (4,), (4,), (5,), (4,), (0,))",26.5017,857.2530999999999,883.7547999999999,3774.9460268317857,4368.858345133379,100.04248711928794,3745.2173598264585,3845.259846945746,816.8058296094817,3504.809279991992,-7.575514202640619,-8.853772709903364,9.713811501735462,-1.3830301529243236,8.196436406743928
699,res50,BBLGGGBBLGBGGBLBLL,"((2,), (5,), (4,), (0, 3), (2, 6), (1, 4), (5,), (3,), (0,), (0, 4), (3,), (2, 7), (4, 5), (7,), (3,), (2,), (0,), (4,))",31.7566,852.1431,883.8997,3656.626740071522,4345.183540729773,116.12203273375528,3702.718172466445,3818.8402052002,818.145481651174,3491.8707134492474,-7.439104046400971,-8.56201030107809,9.363734186709753,-1.2131540464344917,8.036983620091807
700,res50,BLGLGGBLLBGGGLBLGB,"((7,), (4,), (3, 1), (0,), (1, 7), (0, 6), (0,), (5,), (5,), (3,), (0, 6), (0, 3), (1, 2), (1,), (6,), (4,), (3, 1), (4,))",14.2234,872.8913400000001,887.1147400000001,4958.620386835386,4370.725990384132,70.52844121011442,3815.168866519233,3885.6973077293474,846.0473688015624,3655.3823924627127,-4.629318998626687,-5.927247982196068,6.300706479889409,-1.3609308122175363,4.854027411799672
701,res50,BLGLGGBLLBGGGLBLGB,"((1,), (5,), (0, 0), (0,), (0, 0), (2, 0), (5,), (4,), (5,), (4,), (0, 1), (3, 7), (3, 1), (3,), (2,), (3,), (1, 7), (1,))",40.657,875.2883099999999,915.94531,3512.0027360181043,4281.865462654553,142.78749523828805,3747.866784454272,3890.65427969256,873.7993036419152,3652.698594342429,-4.601367122900026,-6.116084037385469,6.514517395951977,-1.5877763326407646,4.823305097912531
702,res50,BLGLGGBLLBGGGLBLGB,"((7,), (5,), (3, 3), (4,), (3, 2), (3, 0), (0,), (5,), (3,), (0,), (2, 6), (3, 3), (3, 3), (5,), (6,), (1,), (1, 6), (1,))",15.5167,715.6225000000001,731.1392000000001,4876.9471581196585,4646.525659851578,75.67412596839532,3325.158309017136,3400.832434985532,686.9681552213882,3146.6134473308107,-6.041400157263058,-7.47519886717979,8.079129893453183,-1.525989863957694,6.429853326225427
703,res50,BLGLGGBLLBGGGLBLGB,"((4,), (2,), (2, 0), (0,), (2, 4), (2, 7), (6,), (4,), (5,), (3,), (1, 2), (1, 1), (1, 4), (1,), (4,), (1,), (4, 1), (4,))",20.7688,765.1235000000001,785.8923000000002,4066.894542679544,4444.634495809255,84.4645193780029,3400.694301654313,3485.158821032316,752.1606449964925,3288.79101579309,-4.292147283222871,-5.634400477079585,5.970820410790743,-1.4024483422784229,4.484634396640751
704,res50,BLGLGGBLLBGGGLBLGB,"((4,), (4,), (0, 3), (4,), (0, 7), (1, 5), (7,), (5,), (2,), (7,), (1, 6), (2, 3), (0, 0), (3,), (4,), (4,), (3, 5), (7,))",19.8282,806.3482399999999,826.17644,4307.94492979243,4488.140125182111,85.41879365691025,3619.003890813974,3704.422684470884,801.9471727144662,3507.1837810101524,-2.932698890025689,-5.324416792056873,5.623854231098262,-2.4639789864162833,3.021304658201043
705,res50,BLGLGGBLLBGGGLBLGB,"((0,), (3,), (2, 2), (4,), (2, 2), (0, 7), (3,), (3,), (2,), (5,), (0, 0), (2, 3), (2, 1), (1,), (4,), (4,), (2, 5), (1,))",60.0487,817.5652600000001,877.6139600000001,3413.845068448399,4311.072638233612,204.99695836173737,3524.58322235635,3729.580180718087,841.4401100524291,3501.056873246007,-4.121840763286292,-6.1273198697683045,6.5272663582926675,-2.0916954627077176,4.2990403613297
706,res50,BLGLGGBLLBGGGLBLGB,"((1,), (5,), (2, 0), (4,), (3, 6), (1, 5), (1,), (3,), (4,), (1,), (3, 4), (1, 5), (3, 1), (5,), (0,), (2,), (3, 1), (3,))",40.1303,794.5247599999999,834.6550599999999,3537.943878559925,4380.978622696819,141.97874922977334,3480.79598876332,3622.774737993093,799.4867333035793,3396.8598330696427,-4.213516263403549,-6.235963350252359,6.650698469335945,-2.1114117649524844,4.398863074450369
707,res50,BLGLGGBLLBGGGLBLGB,"((3,), (3,), (4, 5), (2,), (0, 4), (3, 7), (4,), (5,), (0,), (6,), (2, 2), (1, 7), (1, 2), (0,), (1,), (1,), (2, 3), (7,))",23.5704,855.58047,879.1508699999999,3991.368887966608,4301.340329424775,94.07816123692814,3680.142780679204,3774.220941916132,842.3956536885742,3541.2851058993315,-4.180763230254869,-6.171759406817908,6.577720489907992,-2.077866870665467,4.363177344337752
708,res50,BLGLGGBLLBGGGLBLGB,"((0,), (2,), (0, 5), (4,), (4, 5), (3, 2), (2,), (0,), (4,), (5,), (0, 4), (0, 3), (3, 4), (2,), (7,), (5,), (3, 4), (1,))",58.7419,812.38622,871.12812,3456.196845395405,4469.197216809327,203.0235694725324,3630.714233398249,3833.7378028707817,844.10427509434,3630.0678735555302,-3.102166522377901,-5.312568041631309,5.610636947010119,-2.2811671220325875,3.201481819605722
709,res50,BLGLGGBLLBGGGLBLGB,"((2,), (0,), (1, 6), (3,), (1, 6), (1, 5), (2,), (0,), (0,), (6,), (3, 7), (1, 7), (4, 3), (0,), (3,), (5,), (3, 7), (0,))",30.9394,843.4007500000002,874.3401500000002,3839.890485635591,4364.724867450603,118.8039076912738,3681.21222675149,3800.016134442764,837.9428471583402,3581.073680730247,-4.162831003661447,-5.761619055457582,6.1138773795872075,-1.6682338058809012,4.3436498044099014
710,res50,GLGBGGGBBLGLLLGBBG,"((2, 4), (4,), (1, 2), (3,), (3, 6), (4, 0), (4, 4), (1,), (7,), (1,), (3, 4), (2,), (0,), (5,), (0, 0), (7,), (5,), (0, 2))",19.1377,790.1453000000001,809.2830000000001,4017.922228327226,4596.524154398884,76.89379022905796,3631.921956934753,3708.815747163812,766.246515735145,3446.988569132267,-5.3178534906645964,-7.059589795793122,7.595823797508462,-1.8395614900395172,5.616532458038722
711,res50,GLGBGGGBBLGLLLGBBG,"((4, 4), (5,), (1, 7), (2,), (4, 6), (0, 5), (1, 2), (4,), (7,), (0,), (3, 3), (0,), (1,), (4,), (2, 2), (4,), (5,), (2, 2))",19.3443,777.2538300000001,796.5981300000001,4219.27171078921,4609.183174270285,81.61885775501972,3582.505275373137,3664.1241331281567,751.6573162473893,3398.3836637109557,-5.641591670898194,-7.252496360987954,7.819613549078166,-1.7072190158944567,5.978896603704407
712,res50,GLGBGGGBBLGLLLGBBG,"((1, 6), (4,), (3, 6), (1,), (1, 3), (4, 1), (0, 6), (1,), (2,), (2,), (0, 2), (5,), (5,), (3,), (4, 1), (3,), (4,), (0, 7))",13.7045,807.6602,821.3647000000001,4760.427222222222,4492.920142169636,65.23927486694443,3628.752780608757,3693.992055475701,798.0413294583188,3496.2304744284224,-2.839587645010948,-5.353600605451527,5.656422895850689,-2.587486919317804,2.9225767740014543
713,res50,GLGBGGGBBLGLLLGBBG,"((1, 5), (2,), (2, 4), (6,), (2, 2), (3, 5), (2, 5), (0,), (5,), (5,), (1, 5), (1,), (4,), (1,), (2, 6), (0,), (3,), (4, 1))",17.7966,845.6149,863.4115,4243.414595404598,4362.471796301955,75.51835218857747,3688.971151782698,3764.489503971276,817.3326236310893,3494.164273775506,-5.336838386900192,-7.18092665447986,7.736477423932861,-1.9480526914119913,5.6377140758434665
714,res50,GLGBGGGBBLGLLLGBBG,"((1, 6), (0,), (4, 4), (6,), (4, 2), (1, 3), (0, 0), (1,), (7,), (3,), (4, 5), (5,), (4,), (5,), (3, 0), (4,), (4,), (2, 2))",14.7938,712.1735100000001,726.9673100000001,4522.5372655122665,4810.861847837956,66.90551179853536,3426.168368299843,3493.0738800983786,695.6857009838471,3274.132204694697,-4.303028291073083,-6.267879893726017,6.687013893017093,-2.053201441555785,4.496514585812846
715,res50,GLGBGGGBBLGLLLGBBG,"((3, 5), (4,), (2, 7), (0,), (4, 7), (1, 6), (2, 0), (0,), (4,), (3,), (0, 0), (4,), (2,), (1,), (3, 4), (3,), (4,), (2, 7))",15.0623,815.73039,830.7926900000001,4724.940761183262,4437.105938443958,71.16847522717066,3619.4821576382055,3690.650632865376,793.6356479610549,3456.4867626794585,-4.472480618353199,-6.344785607737556,6.7746207714215165,-1.9599639993834914,4.681876643823404
716,res50,GLGBGGGBBLGLLLGBBG,"((4, 2), (2,), (1, 7), (2,), (2, 1), (4, 0), (1, 0), (5,), (0,), (2,), (3, 4), (1,), (0,), (5,), (4, 1), (5,), (4,), (4, 6))",25.9024,773.3939100000002,799.2963100000002,4106.996422357743,4561.469398220096,106.3810641304792,3527.8126532347883,3634.1937173652673,772.8719923090875,3426.622877149072,-3.3059476642539014,-5.711606379823939,6.0575922025272,-2.4879076400862563,3.4189772632289963
717,res50,GLGBGGGBBLGLLLGBBG,"((0, 2), (5,), (1, 7), (2,), (0, 3), (2, 7), (4, 0), (6,), (1,), (2,), (4, 1), (4,), (0,), (3,), (2, 6), (1,), (0,), (3, 5))",25.2098,912.61621,937.82601,3826.366488567761,4298.609149372254,96.46193390349556,3922.9803901714304,4019.442324074926,912.604298936271,3806.1853216640034,-2.689380630819677,-5.3056365838015545,5.602906437506043,-2.6885616081182757,2.7637072379702103
718,res50,GLGBGGGBBLGLLLGBBG,"((2, 1), (2,), (1, 4), (5,), (1, 5), (3, 2), (4, 2), (3,), (1,), (4,), (4, 3), (5,), (4,), (1,), (0, 1), (0,), (4,), (4, 2))",35.3327,857.5041499999999,892.8368499999999,3623.813935466134,4341.543771822091,128.0391306376443,3722.891801744096,3850.93093238174,864.1328341402116,3632.025714484544,-3.214922845062717,-5.684475305866019,6.027083371799933,-2.551583914997496,3.3217133669440964
719,res50,GLGBGGGBBLGLLLGBBG,"((4, 0), (5,), (2, 7), (6,), (4, 5), (4, 4), (2, 3), (4,), (3,), (3,), (1, 3), (0,), (1,), (4,), (1, 4), (4,), (7,), (4, 4))",51.8726,709.87312,761.74572,3733.2953612107935,4730.641337379883,193.655736953943,3358.15512576683,3551.810862720773,726.2002489618193,3314.2286778844414,-4.6663171324652435,-6.6890438150847356,7.168551356208354,-2.1217334962607604,4.894720304626259
720,res50,LBLBLBLLLGGLBLGBLG,"((1,), (6,), (5,), (0,), (4,), (6,), (0,), (2,), (3,), (1, 0), (0, 3), (0,), (5,), (2,), (4, 6), (3,), (2,), (0, 5))",83.3293,779.5024000000001,862.8317000000001,3265.7589472317045,4469.222048636764,272.13340704155485,3483.769313045275,3755.9027200868295,833.0410135266343,3571.9980263453717,-3.452664809761368,-4.896417917267203,5.148510508266343,-1.4953836940823264,3.5761368275552776
721,res50,LBLBLBLLLGGLBLGBLG,"((4,), (3,), (2,), (5,), (1,), (4,), (0,), (3,), (1,), (1, 0), (1, 4), (3,), (7,), (2,), (1, 2), (5,), (0,), (4, 2))",43.8965,789.3327600000002,833.2292600000003,3497.1929675241745,4355.322452563105,153.51453109892492,3437.7986921716056,3591.3132232705307,778.893545659578,3317.9837918290955,-6.5211001280034635,-7.610849136476045,8.237816957229855,-1.1657700400462696,6.976012915142354
722,res50,LBLBLBLLLGGLBLGBLG,"((1,), (5,), (2,), (6,), (4,), (5,), (0,), (1,), (1,), (2, 1), (3, 0), (2,), (7,), (2,), (0, 5), (0,), (3,), (1, 1))",82.8853,821.0523999999999,903.9377,3254.4911784511787,4345.681151043636,269.74947767327944,3568.03193869914,3837.781416372419,863.3930477951578,3607.8961052366362,-4.485337009933552,-5.990057436701977,6.371727578355658,-1.5753816007547736,4.695966953681261
723,res50,LBLBLBLLLGGLBLGBLG,"((3,), (3,), (2,), (5,), (1,), (5,), (2,), (3,), (5,), (1, 0), (0, 5), (5,), (7,), (2,), (0, 0), (2,), (2,), (3, 6))",51.4515,804.4952200000002,855.9467200000003,3437.617998631269,4377.988484538023,176.87060245657673,3522.0708090258845,3698.941411482461,809.1886783109632,3444.0448731840397,-5.46272806431656,-6.891067198500549,7.4010806387306864,-1.5108740763703619,5.7783855536185
724,res50,LBLBLBLLLGGLBLGBLG,"((4,), (0,), (1,), (7,), (2,), (4,), (2,), (5,), (4,), (0, 5), (3, 4), (3,), (1,), (4,), (4, 6), (3,), (5,), (0, 0))",42.8643,719.2853000000002,762.1496000000002,3458.7695311074626,4618.788743598816,148.2577348122496,3322.2268470760982,3470.484581888348,724.0827231656325,3256.356342247958,-4.994672546487944,-6.169981009507313,6.575700480389414,-1.2370974286620589,5.257255230167948
725,res50,LBLBLBLLLGGLBLGBLG,"((5,), (0,), (1,), (2,), (0,), (7,), (3,), (3,), (2,), (2, 3), (2, 4), (1,), (7,), (0,), (1, 6), (4,), (4,), (4, 6))",37.7437,793.5320800000001,831.27578,3712.737498834498,4391.654576783571,140.13245033475962,3484.918790956588,3625.051241291347,784.2366381114739,3376.9535172371543,-5.658668641654176,-6.843978403069783,7.346791206565792,-1.2564055905818523,5.998080120536259
726,res50,LBLBLBLLLGGLBLGBLG,"((4,), (3,), (5,), (4,), (1,), (6,), (5,), (0,), (2,), (1, 1), (3, 2), (2,), (1,), (3,), (3, 5), (4,), (1,), (3, 0))",43.4244,692.48888,735.91328,3464.6910326582733,4547.313830398965,150.45212927856593,3148.964261421489,3299.416390700055,703.3813150252687,3102.539405170987,-4.420624801706431,-5.967024534520663,6.345672361193373,-1.617921993741855,4.6250823386689754
727,res50,LBLBLBLLLGGLBLGBLG,"((4,), (6,), (3,), (3,), (1,), (7,), (4,), (0,), (4,), (3, 6), (0, 2), (0,), (2,), (1,), (0, 3), (7,), (3,), (1, 1))",42.8067,814.2413300000001,857.04803,3465.6744207261463,4397.670753061745,148.35408522569793,3580.765282875097,3729.119368100795,808.7442749570345,3468.8206463507677,-5.6360616152359135,-6.9801659870865125,7.503954464289285,-1.4243835037597674,5.972685871010556
728,res50,LBLBLBLLLGGLBLGBLG,"((5,), (5,), (4,), (2,), (2,), (6,), (5,), (1,), (1,), (3, 4), (3, 3), (4,), (6,), (2,), (0, 6), (5,), (1,), (3, 0))",37.3372,716.57283,753.91003,3595.299652173913,4576.833203496415,134.23842217314782,3279.634321067392,3413.8727432405394,715.3815522234181,3180.2760782278824,-5.110487491004981,-6.842570962118548,7.345169389911025,-1.825368710740675,5.3857242553759885
729,res50,LBLBLBLLLGGLBLGBLG,"((5,), (2,), (2,), (1,), (3,), (2,), (2,), (3,), (2,), (1, 1), (1, 2), (3,), (1,), (4,), (1, 0), (6,), (0,), (4, 5))",37.6863,803.9774100000001,841.66371,3669.3420691192873,4288.174097234154,138.2839260194502,3447.595104323404,3585.8790303428536,778.174079465451,3277.191749329727,-7.543348938562299,-8.608413122726352,9.419262119046323,-1.1519605911924238,8.158795340261358
730,res50,GLLLBBBGLBLBGBLGLG,"((0, 2), (1,), (5,), (4,), (3,), (4,), (4,), (2, 0), (0,), (1,), (3,), (0,), (1, 6), (2,), (0,), (1, 4), (3,), (1, 1))",27.397,884.0951699999999,911.49217,3646.186773372826,4142.569470037717,99.89457903009531,3662.4256598498055,3762.320238879901,845.4053193322179,3454.6389386383503,-7.250402454667501,-8.177966805216771,8.90632293870987,-1.0000737200998737,7.817179423472728
731,res50,GLLLBBBGLBLBGBLGLG,"((0, 3), (1,), (2,), (3,), (4,), (6,), (4,), (2, 3), (3,), (3,), (1,), (4,), (4, 5), (7,), (3,), (0, 5), (0,), (1, 4))",21.5248,761.1757899999999,782.7005899999999,3829.525343406592,4427.533847972815,82.42976711175821,3370.131574482447,3452.5613415942053,727.6336631867944,3164.224489978566,-7.035503424522212,-8.351389681102695,9.112401870626845,-1.4154718253243344,7.567946564213462
732,res50,GLLLBBBGLBLBGBLGLG,"((4, 2), (0,), (0,), (0,), (4,), (0,), (7,), (1, 7), (4,), (0,), (5,), (0,), (2, 0), (1,), (5,), (0, 0), (5,), (2, 5))",24.9699,899.2590799999999,924.22898,4034.85566854542,4224.456200910532,100.74994255801228,3798.8805967311,3899.630539289112,866.1036921043984,3619.6507593174965,-6.289057057657028,-7.179648870599289,7.734994301616199,-0.9503605288554353,6.711123440008988
733,res50,GLLLBBBGLBLBGBLGLG,"((1, 6), (5,), (0,), (2,), (3,), (0,), (5,), (2, 6), (5,), (1,), (5,), (2,), (3, 6), (1,), (1,), (1, 5), (5,), (4, 1))",16.6193,777.37556,793.9948599999999,4433.899966699966,4370.053216049529,73.68831371657674,3397.172566056304,3470.8608797728803,747.8412290302089,3215.482782380385,-5.812837499954476,-7.357773942504038,7.942138542674513,-1.6402834542858358,6.171581503956744
734,res50,GLLLBBBGLBLBGBLGLG,"((3, 7), (2,), (1,), (4,), (3,), (2,), (1,), (4, 7), (0,), (4,), (4,), (2,), (4, 6), (0,), (1,), (4, 0), (0,), (0, 6))",12.7399,762.8305,775.5704000000001,5084.613611111113,4401.884695313066,64.77746894419447,3357.891903068014,3422.6693720122084,738.7155867540256,3205.3119560715163,-4.751962329399687,-6.350523299681336,6.781162611301306,-1.6783138103170339,4.989039612378759
735,res50,GLLLBBBGLBLBGBLGLG,"((2, 3), (5,), (1,), (3,), (4,), (4,), (2,), (4, 0), (2,), (4,), (3,), (5,), (0, 4), (5,), (3,), (3, 2), (5,), (2, 4))",21.6725,650.1329900000001,671.8054900000001,3896.7373672161175,4644.321072766987,84.45204059099132,3019.4263455580085,3103.878386149,646.6572354670603,2911.8499432235876,-3.7433833017559506,-6.186725735851503,6.594723171511567,-2.538363094305729,3.8889620580485706
736,res50,GLLLBBBGLBLBGBLGLG,"((0, 2), (0,), (3,), (0,), (4,), (1,), (4,), (1, 2), (0,), (1,), (5,), (5,), (2, 5), (4,), (0,), (1, 5), (1,), (1, 7))",26.5756,898.66632,925.24192,3773.324637082904,4150.35464240591,100.27836622526044,3729.783933185836,3830.062299411096,862.7065153297128,3530.317281735306,-6.758816620661461,-7.826113369536524,8.490597126399136,-1.1446623800696722,7.248746075180298
737,res50,GLLLBBBGLBLBGBLGLG,"((4, 7), (5,), (3,), (2,), (1,), (7,), (6,), (2, 4), (2,), (5,), (4,), (6,), (4, 0), (1,), (1,), (1, 5), (4,), (2, 1))",15.1031,663.90975,679.0128500000001,4863.412004939504,4701.565428405878,73.45259785180183,3121.41512818159,3194.867726033392,632.9924928094986,2928.4302370641503,-6.777538479647549,-8.339546792443857,9.098304122018442,-1.6755707662313726,7.2702848316956965
738,res50,GLLLBBBGLBLBGBLGLG,"((1, 4), (2,), (2,), (4,), (3,), (1,), (6,), (1, 0), (0,), (6,), (4,), (7,), (2, 0), (3,), (2,), (1, 3), (5,), (1, 0))",19.7934,743.8753,763.6687000000001,3947.455817932068,4461.524276909827,78.13357198665659,3318.8177099435807,3396.951281930237,709.3743747006729,3098.86521621894,-7.109670109476422,-8.775105704251278,9.61920073681052,-1.7929052429221175,7.653832339550912
739,res50,GLLLBBBGLBLBGBLGLG,"((2, 6), (2,), (0,), (3,), (0,), (6,), (3,), (1, 2), (5,), (2,), (5,), (5,), (1, 6), (2,), (1,), (0, 0), (5,), (4, 7))",13.4541,823.3942599999998,836.8483599999998,5122.935151515153,4306.648836019301,68.92448182200002,3546.069931413973,3614.994413235973,785.7716237862011,3338.0666614420707,-6.103463740288476,-7.660530560710038,8.296052172734854,-1.6582792959634036,6.500201161208649
740,res50,BGGGGBGBGLGBGBBBBB,"((7,), (3, 6), (3, 1), (2, 4), (0, 4), (5,), (2, 2), (4,), (1, 7), (1,), (4, 2), (0,), (0, 4), (4,), (2,), (0,), (2,), (0,))",16.9801,946.8653,963.8454,4692.479763014762,4283.486785913425,79.67877562396697,4055.885000589951,4135.563776213918,914.3201681261726,3852.116959513019,-5.1382962323446755,-6.85388575872459,7.358208997286816,-1.8085164594786252,5.416618116969413
741,res50,BGGGGBGBGLGBGBBBBB,"((6,), (3, 6), (3, 4), (1, 1), (3, 6), (0,), (4, 1), (7,), (2, 6), (0,), (4, 3), (2,), (2, 7), (6,), (7,), (2,), (1,), (6,))",12.7709,778.0312,790.8021,4620.7093670218665,4700.89691151289,59.01061725529955,3657.444465140668,3716.455082395968,744.760975737868,3430.58074280648,-5.822079160150439,-7.692124168098037,8.33311794770994,-1.9856511922020712,6.182000099631551
742,res50,BGGGGBGBGLGBGBBBBB,"((0,), (3, 5), (3, 5), (3, 0), (0, 0), (2,), (3, 5), (3,), (2, 4), (2,), (4, 4), (7,), (2, 2), (3,), (6,), (4,), (2,), (4,))",55.968,779.7366999999998,835.7046999999998,3399.773078483392,4556.121741960985,190.2784996565585,3552.575331874909,3742.853831531467,805.6635786888658,3519.4981224752514,-3.5947053200890253,-5.967524223750547,6.346237482835498,-2.461295213649672,3.728742629773925
743,res50,BGGGGBGBGLGBGBBBBB,"((5,), (3, 2), (0, 5), (0, 4), (4, 7), (1,), (4, 6), (1,), (1, 0), (4,), (3, 6), (1,), (4, 6), (1,), (1,), (6,), (4,), (4,))",16.4176,871.2449999999999,887.6625999999999,4210.998018215445,4448.919341477224,69.1344810638539,3876.098731665324,3945.233212729178,845.3750693141662,3653.3097990399165,-4.763919386243563,-7.399395623746125,7.990655864060001,-2.767308587793654,5.002221170319189
744,res50,BGGGGBGBGLGBGBBBBB,"((2,), (3, 5), (2, 6), (0, 3), (2, 4), (6,), (3, 2), (2,), (0, 5), (1,), (0, 6), (4,), (2, 1), (4,), (2,), (2,), (6,), (0,))",34.38,904.4141,938.7941,3573.355791499415,4310.604874325927,122.8519721117499,3898.571827869097,4021.423799980847,888.2913747823408,3729.6046676861715,-5.379531594591316,-7.2566122549944945,7.824398516632034,-1.9837997972707893,5.685378317450621
745,res50,BGGGGBGBGLGBGBBBBB,"((1,), (1, 3), (4, 4), (3, 4), (2, 0), (2,), (1, 6), (7,), (4, 2), (2,), (3, 4), (4,), (0, 4), (6,), (3,), (1,), (3,), (6,))",35.3294,797.4235,832.7529,3538.3518977335743,4544.149589146092,125.00784953578854,3623.6116699004383,3748.619519436226,801.8842289680756,3513.846522624294,-3.706822399768809,-6.262918805033611,6.681367421722024,-2.6544937751214728,3.8495171642979464
746,res50,BGGGGBGBGLGBGBBBBB,"((7,), (4, 0), (0, 1), (2, 4), (3, 6), (4,), (3, 0), (0,), (1, 6), (3,), (1, 2), (1,), (1, 0), (0,), (0,), (1,), (3,), (6,))",12.3202,1021.8705,1034.1907,4949.716129148628,4167.305333216289,60.98149265433693,4258.446384506396,4319.427877160732,962.4223026035256,3959.9202571452265,-6.939570951128692,-8.323037917045141,9.07865807062187,-1.4866329115997328,7.457058840212649
747,res50,BGGGGBGBGLGBGBBBBB,"((5,), (1, 6), (4, 0), (3, 3), (3, 0), (1,), (0, 2), (4,), (2, 4), (3,), (4, 4), (7,), (1, 3), (7,), (6,), (7,), (6,), (1,))",21.3115,717.2469000000001,738.5584000000001,4189.988492883537,4887.347053794958,89.2949397660875,3505.4345235585674,3594.7294633246547,690.6367808592987,3300.6373211752807,-6.488534845816038,-8.181203763728501,8.910162296918296,-1.810119128303189,6.938758616515728
748,res50,BGGGGBGBGLGBGBBBBB,"((1,), (2, 4), (4, 4), (3, 0), (1, 3), (7,), (1, 0), (2,), (2, 4), (3,), (1, 1), (4,), (0, 4), (3,), (5,), (4,), (6,), (1,))",45.5553,808.2434000000001,853.7987,3482.4687320395774,4478.756836740235,158.64490782868256,3619.925653500172,3778.570561328855,802.240487098746,3487.4315598428584,-6.038684868137422,-7.705003698107688,8.348235556459652,-1.7734094373113127,6.42677772194111
749,res50,BGGGGBGBGLGBGBBBBB,"((5,), (3, 4), (3, 5), (3, 5), (4, 1), (3,), (1, 4), (7,), (0, 7), (1,), (2, 1), (5,), (4, 2), (3,), (4,), (3,), (6,), (1,))",19.8603,732.5381,752.3984,4170.645146471176,4737.901583562737,82.8302638024615,3470.6934240100386,3553.5236878125,704.0752781929095,3265.4781044217757,-6.422544466746673,-8.105914261346639,8.820931397478443,-1.798905286542831,6.863345909704058
750,res50,LBBGGBBBLLLBLLGGLB,"((2,), (7,), (0,), (0, 3), (4, 4), (3,), (2,), (4,), (4,), (1,), (5,), (5,), (2,), (1,), (0, 0), (2, 5), (4,), (0,))",61.7854,821.4997000000001,883.2851,3321.7249824934,4391.098970526724,205.2341067333477,3607.286486958013,3812.520593691361,831.3202622072289,3528.3260872452383,-5.883133066862688,-7.454241871280215,8.054655364011696,-1.6693169413869937,6.250880696062894
751,res50,LBBGGBBBLLLBLLGGLB,"((2,), (7,), (4,), (2, 5), (0, 1), (0,), (6,), (7,), (3,), (1,), (4,), (7,), (3,), (3,), (3, 1), (1, 0), (0,), (1,))",61.9187,770.4032199999999,832.32192,3326.941557223264,4542.809036632344,205.9998961992401,3499.794709666656,3705.794605865896,782.6273219166488,3431.4674780102414,-5.970598261229398,-7.402653331661246,7.994455130745545,-1.5229864743905819,6.3497141860125
752,res50,LBBGGBBBLLLBLLGGLB,"((4,), (3,), (0,), (1, 1), (4, 4), (7,), (7,), (4,), (2,), (4,), (1,), (3,), (2,), (2,), (2, 4), (3, 4), (3,), (5,))",43.3297,687.3338799999999,730.6635799999999,3537.7831107462152,4638.555868592693,153.2910808537003,3188.236602756585,3341.5276836102853,693.3531683616732,3111.4684170619053,-5.106373529432895,-6.884852927503423,7.393912960415648,-1.8741821386941504,5.3811554256667735
753,res50,LBBGGBBBLLLBLLGGLB,"((4,), (3,), (2,), (4, 1), (2, 1), (6,), (2,), (2,), (4,), (0,), (1,), (5,), (1,), (2,), (0, 5), (2, 1), (4,), (2,))",43.4019,779.10084,822.5027399999999,3494.789646049991,4402.306611677705,151.6805107388971,3429.840779095654,3581.521289834551,775.5009842786321,3312.136178496307,-5.714480139162549,-7.521527572734004,8.133274020772415,-1.9165694119718564,6.060824766726569
754,res50,LBBGGBBBLLLBLLGGLB,"((4,), (5,), (1,), (1, 3), (4, 0), (3,), (6,), (0,), (1,), (4,), (0,), (1,), (1,), (1,), (2, 2), (4, 6), (1,), (3,))",43.3626,790.37363,833.7362300000001,3491.0108629812075,4396.671891022573,151.3793076471089,3475.0135224264754,3626.392830073584,782.974223805663,3363.862027460585,-6.088497101096004,-7.239447432055277,7.8044462130091015,-1.2255690681452232,6.483228266137204
755,res50,LBBGGBBBLLLBLLGGLB,"((5,), (6,), (2,), (4, 6), (0, 4), (3,), (4,), (1,), (2,), (0,), (0,), (4,), (4,), (0,), (1, 7), (4, 3), (1,), (5,))",37.1904,805.0851700000001,842.27557,3655.49682218506,4426.469680659587,135.94938901579124,3563.6850953536696,3699.634484369461,805.0027509174344,3479.113804209018,-4.425252305794131,-5.960607219229851,6.338415256599485,-1.6064441188462686,4.630148038635531
756,res50,LBBGGBBBLLLBLLGGLB,"((3,), (6,), (4,), (3, 6), (2, 1), (5,), (3,), (0,), (3,), (4,), (1,), (5,), (2,), (0,), (4, 4), (1, 0), (2,), (3,))",51.1435,700.80227,751.94577,3416.603459035332,4623.358665475878,174.7370590071735,3240.060247789666,3414.79730679684,719.5553350829781,3201.7305531561497,-4.3075493219440455,-6.239513930053788,6.654737183635191,-2.018931059263569,4.501451568458826
757,res50,LBBGGBBBLLLBLLGGLB,"((4,), (3,), (1,), (1, 7), (2, 3), (4,), (6,), (1,), (4,), (2,), (4,), (5,), (2,), (2,), (1, 5), (0, 0), (0,), (1,))",42.7753,810.89358,853.6688800000001,3464.262935595693,4345.390854129267,148.18488634898645,3523.649546204139,3671.834432553125,799.1659020170869,3385.147521361946,-6.384557204769277,-7.8077297998384445,8.468963594113509,-1.5202327229089052,6.81998291535566
758,res50,LBBGGBBBLLLBLLGGLB,"((1,), (6,), (5,), (4, 0), (4, 4), (2,), (5,), (3,), (5,), (0,), (2,), (3,), (0,), (0,), (3, 2), (1, 0), (3,), (6,))",83.3745,713.9631300000001,797.3376300000001,3300.7073124098115,4595.724367569801,275.1948218185118,3281.1777540874064,3556.372575905918,752.1080782318353,3308.402069372707,-5.672572078175315,-6.972568290881199,7.495174447772857,-1.3781741338089626,6.013703758440807
759,res50,LBBGGBBBLLLBLLGGLB,"((5,), (7,), (1,), (1, 5), (4, 6), (3,), (1,), (4,), (4,), (2,), (3,), (1,), (1,), (4,), (3, 1), (0, 3), (2,), (4,))",37.3081,744.1483099999999,781.4564099999999,3631.799780379042,4526.893552065373,135.49554938635936,3368.680186319344,3504.175735705704,731.3518235630326,3229.265191030105,-6.411693063848225,-7.8452271064605945,8.513099061644581,-1.5317448189231253,6.850955288914923
760,res50,BLBLGLLBGBBLBBBLLL,"((2,), (0,), (6,), (2,), (4, 0), (3,), (0,), (4,), (2, 1), (0,), (0,), (2,), (0,), (7,), (1,), (5,), (5,), (2,))",32.1055,823.2596,855.3651,3658.932542443064,4326.707236218147,117.47185874140578,3562.0032686060567,3679.475127347463,816.2637580637711,3454.2148749127555,-4.571304339659041,-6.122075693907405,6.521315569298423,-1.6250576868073552,4.79028274255121
761,res50,BLBLGLLBGBBLBBBLLL,"((4,), (5,), (2,), (3,), (0, 0), (0,), (2,), (3,), (1, 0), (4,), (2,), (5,), (6,), (5,), (0,), (0,), (1,), (0,))",22.3456,869.3497,891.6953,3937.4364896214897,4221.656466854426,87.98438082248597,3670.095782962955,3758.080163785441,835.8170474531652,3477.1436263719193,-6.266518680409643,-7.475533388583704,8.07952065260685,-1.2898429580907715,6.685464566330937
762,res50,BLBLGLLBGBBLBBBLLL,"((6,), (1,), (1,), (5,), (1, 7), (0,), (0,), (7,), (2, 2), (5,), (1,), (2,), (1,), (5,), (2,), (3,), (1,), (2,))",17.1702,784.7538999999999,801.9241,4503.981958041958,4373.830247127339,77.33427101597204,3432.3803443711427,3509.7146153871145,751.0662464454109,3245.1451941183104,-6.3419784434199,-7.538203251879571,8.152776083742715,-1.277226220006151,6.771420469936602
763,res50,BLBLGLLBGBBLBBBLLL,"((6,), (0,), (2,), (5,), (0, 5), (1,), (4,), (4,), (4, 1), (3,), (5,), (0,), (0,), (2,), (7,), (1,), (5,), (0,))",17.3233,797.0202999999999,814.3435999999999,4444.649600399601,4460.598378567071,76.99599842260241,3555.1874578650404,3632.183456287643,748.7475586515269,3319.689743417964,-8.055081583311152,-8.603467215531845,9.413340915043898,-0.5964284287419106,8.760768644990247
764,res50,BLBLGLLBGBBLBBBLLL,"((1,), (2,), (1,), (3,), (1, 6), (1,), (3,), (0,), (3, 2), (3,), (2,), (4,), (7,), (5,), (1,), (1,), (4,), (3,))",41.8155,788.0971,829.9126,3509.873682862476,4339.717263988838,146.76712298573585,3420.118590569537,3566.885713555273,776.4059883850896,3282.5904774114465,-6.4472586167399335,-7.970404968777563,8.660697644136617,-1.6281151460839702,6.891576367951914
765,res50,BLBLGLLBGBBLBBBLLL,"((0,), (4,), (4,), (4,), (2, 5), (0,), (1,), (3,), (4, 4), (2,), (3,), (4,), (3,), (0,), (2,), (2,), (1,), (3,))",61.2584,767.4513,828.7097,3385.8748367283115,4344.854986069039,207.4132750982376,3334.4646073701656,3541.877882468403,793.3547301027039,3326.197934931581,-4.266267173812022,-6.089423596572747,6.484278799880215,-1.9044033580836048,4.456388618584178
766,res50,BLBLGLLBGBBLBBBLLL,"((1,), (2,), (0,), (5,), (2, 2), (0,), (1,), (6,), (3, 2), (4,), (1,), (3,), (6,), (0,), (7,), (4,), (4,), (2,))",41.9405,752.296,794.2365000000001,3506.124452584452,4483.498323089383,147.0486126036182,3372.9178544668507,3519.9664670704688,746.6532708220383,3259.8459828753994,-5.991065529972723,-7.389856881550282,7.979532946081889,-1.4879344814013744,6.372868242520976
767,res50,BLBLGLLBGBBLBBBLLL,"((3,), (0,), (6,), (1,), (2, 3), (3,), (1,), (6,), (1, 2), (2,), (6,), (2,), (3,), (6,), (3,), (4,), (4,), (3,))",26.0028,700.9799,726.9827,3809.604597523221,4517.946009387036,99.0603864284768,3166.989341865524,3266.0497282940005,686.3317316183031,3032.1634417720034,-5.591738067728006,-7.161136724154108,7.713511854272392,-1.6623530868007987,5.922932965061346
768,res50,BLBLGLLBGBBLBBBLLL,"((3,), (3,), (3,), (0,), (0, 6), (2,), (5,), (6,), (3, 1), (5,), (0,), (3,), (7,), (7,), (2,), (4,), (5,), (1,))",26.2715,737.4462000000002,763.7177000000001,3755.457906408177,4582.233694359316,98.66151238820242,3379.15082541724,3477.8123378054424,717.6995566483859,3209.1637374678735,-6.025543646770828,-7.724643374722475,8.37129614799714,-1.8080442216820187,6.411895190031377
769,res50,BLBLGLLBGBBLBBBLLL,"((7,), (5,), (7,), (4,), (4, 3), (2,), (0,), (5,), (3, 0), (7,), (5,), (1,), (1,), (0,), (3,), (1,), (3,), (1,))",15.822,683.3421,699.1641,4841.612378732377,4722.762873864526,76.60399105630367,3227.26270002862,3303.866691084924,657.9162149346627,3058.3626787293356,-5.899599974503454,-7.430808664830529,8.027302126822587,-1.627207418791202,6.269473852294953
770,res50,GLBLGGLGBGLBLBGLGB,"((1, 3), (1,), (5,), (0,), (0, 2), (3, 6), (4,), (4, 1), (4,), (3, 0), (1,), (5,), (2,), (3,), (0, 0), (3,), (0, 2), (5,))",20.8321,926.8279599999998,947.6600599999998,3935.992345432345,4259.021201397922,81.99498613928115,3947.379931688384,4029.374917827665,904.5599401939246,3779.412024063626,-4.54805701171739,-6.203515405282758,6.613803739113855,-1.7343370304872516,4.764761061255387
771,res50,GLBLGGLGBGLBLBGLGB,"((4, 6), (5,), (6,), (4,), (3, 2), (3, 3), (0,), (2, 7), (1,), (3, 5), (1,), (7,), (4,), (4,), (2, 4), (5,), (3, 4), (1,))",16.5698,685.9720900000001,702.5418900000001,4649.982533577535,4821.264946475863,77.04928058487303,3307.253191777787,3384.30247236266,675.9598709582045,3183.3170769688477,-3.783691680192272,-5.938753909708896,6.313709584506437,-2.2398097236837957,3.932484779623709
772,res50,GLBLGGLGBGLBLBGLGB,"((0, 3), (3,), (5,), (2,), (0, 0), (4, 6), (0,), (0, 6), (3,), (3, 5), (2,), (1,), (5,), (6,), (2, 6), (3,), (0, 1), (4,))",21.0296,904.32177,925.35137,3889.685123210125,4328.440747938579,81.79852226705964,3914.30319851594,3996.101720782999,890.8139916652526,3765.080716578512,-3.7323528612431147,-5.781159248349186,6.135884502747821,-2.128239806414918,3.8770583598697974
773,res50,GLBLGGLGBGLBLBGLGB,"((2, 5), (3,), (4,), (5,), (4, 2), (4, 0), (4,), (2, 7), (4,), (4, 5), (1,), (0,), (0,), (5,), (4, 2), (5,), (2, 2), (5,))",15.2683,701.5128600000003,716.7811600000002,4441.069595959596,4822.254165172767,67.8075829119899,3382.8733110572616,3450.6808939692514,687.8269231095265,3251.925157084709,-4.039480737813152,-5.759899074756735,6.111940690010307,-1.7928397534438036,4.209523634169113
774,res50,GLBLGGLGBGLBLBGLGB,"((0, 2), (3,), (4,), (2,), (3, 0), (0, 5), (5,), (0, 3), (2,), (2, 0), (0,), (7,), (5,), (6,), (4, 0), (3,), (0, 7), (0,))",27.6008,856.11151,883.71231,3675.68662366701,4510.818953500198,101.4518913625084,3861.764025617674,3963.215916980183,848.2138699097208,3730.157853030848,-4.016967930465882,-5.880529066075114,6.247941055898457,-1.9415526842902764,4.185081304324529
775,res50,GLBLGGLGBGLBLBGLGB,"((4, 0), (5,), (3,), (0,), (0, 6), (0, 2), (0,), (0, 0), (5,), (4, 1), (3,), (5,), (1,), (0,), (1, 0), (3,), (3, 4), (2,))",47.2786,921.4846199999998,968.7632199999998,3752.9580323739897,4318.656773071936,177.4346016293969,3979.5757954446185,4157.010397074016,928.8575621260555,3916.3945394408042,-4.119237503044788,-5.788194751751716,6.1438104667454665,-1.7406591324927483,4.296208536280262
776,res50,GLBLGGLGBGLBLBGLGB,"((4, 1), (1,), (3,), (1,), (1, 1), (3, 4), (4,), (4, 0), (3,), (1, 4), (5,), (7,), (5,), (6,), (0, 2), (5,), (4, 4), (3,))",32.0899,774.3824500000001,806.47235,3910.892722584964,4650.092605133713,125.50015637847925,3600.9501042903275,3726.450260668807,778.1254156884692,3511.7753586385893,-3.5149294717333888,-5.760841739819407,6.113002117351859,-2.3277303481143816,3.64297756377102
777,res50,GLBLGGLGBGLBLBGLGB,"((0, 6), (4,), (1,), (3,), (2, 5), (1, 5), (4,), (3, 7), (7,), (2, 6), (0,), (2,), (2,), (0,), (2, 7), (0,), (0, 6), (6,))",13.3236,935.27674,948.60034,4866.490674603175,4328.163022888401,64.83917515214286,4048.03020223561,4112.869377387753,889.2006827427332,3812.770715700442,-6.261821206733573,-7.2965765296907055,7.870881415752278,-1.1038782023269555,6.680118269145836
778,res50,GLBLGGLGBGLBLBGLGB,"((4, 3), (5,), (5,), (4,), (0, 3), (4, 1), (0,), (4, 5), (4,), (3, 4), (0,), (4,), (2,), (4,), (3, 6), (1,), (3, 3), (6,))",20.0828,738.2342,758.317,4242.877163114663,4668.481048248323,85.20885349139914,3446.432371868762,3531.641225360161,730.9036209513662,3341.4663917148155,-3.615028945498232,-5.38488542606565,5.691358563919263,-1.8362369788611912,3.7506147545078106
779,res50,GLBLGGLGBGLBLBGLGB,"((3, 5), (0,), (1,), (0,), (2, 7), (3, 1), (3,), (0, 7), (4,), (1, 4), (5,), (0,), (1,), (6,), (0, 0), (1,), (2, 7), (0,))",18.0404,970.30457,988.34497,4222.822964257965,4261.358812318305,76.1814154043994,4134.815930002224,4210.997345406624,926.150950403001,3884.1721594388523,-6.2927440807432795,-7.7612299215594165,8.414281668065623,-1.5670993952501102,6.715322115680627
780,res50,GLGBBGLBLBGLLLLBBB,"((2, 4), (5,), (1, 1), (0,), (6,), (0, 4), (0,), (2,), (2,), (6,), (0, 0), (3,), (0,), (2,), (1,), (0,), (7,), (5,))",14.0691,890.8217000000001,904.8908,4239.137415639915,4201.186475726477,59.64084821437953,3742.508078323669,3802.1489265380487,856.7229218557814,3525.865268810304,-5.323059770772193,-7.266513307760094,7.83591080951794,-2.0527211085217667,5.622340305764239
781,res50,GLGBBGLBLBGLLLLBBB,"((0, 1), (0,), (2, 5), (4,), (5,), (3, 6), (4,), (5,), (0,), (3,), (4, 3), (2,), (5,), (1,), (2,), (3,), (5,), (3,))",28.25,711.6946,739.9446,3543.362314971938,4451.097886853732,100.09998539795724,3167.822330145212,3267.9223155431696,710.603613432613,3057.870082765183,-3.9652950460598078,-6.427699697110868,6.869233390976505,-2.564077905203201,4.12902299013844
782,res50,GLGBBGLBLBGLLLLBBB,"((2, 3), (3,), (3, 4), (3,), (5,), (0, 6), (5,), (3,), (1,), (4,), (0, 0), (0,), (3,), (2,), (4,), (3,), (5,), (5,))",16.442,738.5713999999999,755.0133999999999,3969.438944943945,4380.433692023983,65.26551513276834,3235.2630445253217,3300.52855965809,708.5613239046528,3031.958596998749,-6.152483663912077,-8.137180388075878,8.857969331282813,-2.11481006812816,6.555830035904978
783,res50,GLGBBGLBLBGLLLLBBB,"((0, 6), (1,), (0, 6), (1,), (3,), (0, 2), (2,), (6,), (5,), (5,), (1, 6), (0,), (4,), (0,), (5,), (3,), (2,), (7,))",8.26762,850.5036800000001,858.7713000000001,5020.517420634921,4261.139617431832,41.50773023718969,3624.1149256195663,3665.622655856756,807.7871994803419,3376.4350972616394,-5.9368659059354005,-7.8891797041102025,8.564878348458535,-2.075535561277888,6.311575691278195
784,res50,GLGBBGLBLBGLLLLBBB,"((3, 6), (2,), (1, 5), (7,), (2,), (0, 1), (4,), (1,), (3,), (4,), (3, 2), (4,), (0,), (1,), (3,), (1,), (0,), (6,))",8.71978,784.7706199999999,793.4903999999999,4819.604404761905,4287.91457552789,42.02589009655477,3365.0293799440583,3407.055270040613,764.1494478603461,3201.589376072294,-3.6977072614430924,-6.030600553359085,6.417621682027952,-2.422469108029829,3.8396876712807795
785,res50,GLGBBGLBLBGLLLLBBB,"((4, 0), (5,), (4, 3), (5,), (6,), (2, 7), (2,), (4,), (5,), (7,), (1, 3), (0,), (2,), (0,), (0,), (3,), (2,), (7,))",26.8609,699.4181,726.279,3869.339378922564,4581.432467702968,103.93393812330108,3204.3367918391214,3308.2707299624226,701.2463089749931,3113.8934138974346,-3.4467045068089397,-5.8754960500828135,6.242259776698659,-2.515493159366215,3.5697429996597103
786,res50,GLGBBGLBLBGLLLLBBB,"((1, 0), (4,), (2, 6), (2,), (7,), (3, 2), (3,), (3,), (5,), (2,), (4, 2), (0,), (5,), (0,), (0,), (1,), (6,), (0,))",47.6356,742.9474,790.583,3372.5897550486006,4466.55911349731,160.6553365355931,3318.4184803191315,3479.073816854725,745.4275582281319,3216.3169838068184,-5.7116636421309375,-7.552493763568757,8.169494311997461,-1.952341289012651,6.057656612428149
787,res50,GLGBBGLBLBGLLLLBBB,"((3, 0), (0,), (1, 5), (7,), (1,), (0, 1), (2,), (3,), (3,), (4,), (4, 6), (0,), (2,), (4,), (0,), (5,), (6,), (3,))",39.1673,766.4956999999999,805.6629999999999,3465.8428500790005,4380.969456721722,135.74770666189923,3357.994250408536,3493.741957070435,770.4656872702731,3273.8105169818837,-4.368738880862946,-6.295010987959966,6.7179037683373855,-2.014270317628956,4.568316709135918
788,res50,GLGBBGLBLBGLLLLBBB,"((2, 0), (1,), (2, 6), (7,), (5,), (2, 3), (4,), (1,), (2,), (7,), (0, 6), (5,), (2,), (0,), (5,), (4,), (6,), (4,))",39.2535,693.7058,732.9593,3441.058504970909,4612.057830528996,135.0735900248756,3199.4112669733818,3334.4848569982573,711.3595768458347,3137.2935157171314,-2.946919856827699,-5.913697309713978,6.285396641826529,-3.0568606874812265,3.036400135349048
789,res50,GLGBBGLBLBGLLLLBBB,"((0, 1), (1,), (3, 1), (1,), (7,), (4, 3), (4,), (5,), (0,), (0,), (3, 4), (0,), (0,), (4,), (1,), (2,), (1,), (0,))",32.8871,856.9996,889.8867,3475.9529738905894,4208.784925183798,114.3140130476372,3606.926997368545,3721.2410104161822,835.225344610194,3436.3259505276687,-6.142507286579963,-7.656452755707126,8.29126991997843,-1.6130256896482167,6.5445039165228955
790,res50,BGGGLBBLBBBGBBBBBL,"((2,), (1, 6), (4, 4), (1, 0), (2,), (3,), (0,), (2,), (7,), (7,), (6,), (3, 4), (3,), (5,), (5,), (4,), (6,), (2,))",31.2246,676.69495,707.91955,3663.1900621118007,4785.368028412809,114.38164441341613,3238.234378718404,3352.61602313182,692.6345110368306,3192.297723360772,-2.159149152353444,-4.781886701754999,5.022034711795891,-2.6806160480815513,2.2067971952896936
791,res50,BGGGLBBLBBBGBBBBBL,"((1,), (1, 1), (4, 7), (4, 2), (5,), (1,), (2,), (0,), (2,), (1,), (3,), (3, 4), (3,), (7,), (3,), (4,), (0,), (5,))",42.0789,776.22233,818.30123,3525.156114169324,4398.300704233294,148.33469161251955,3414.0592206806086,3562.3939122931283,801.3989314140637,3407.2594839727585,-2.0655350335885925,-4.354780300545403,4.553055881129665,-2.3375277209529406,2.1090992168048484
792,res50,BGGGLBBLBBBGBBBBBL,"((5,), (4, 4), (4, 3), (3, 7), (4,), (3,), (5,), (2,), (5,), (5,), (6,), (0, 5), (3,), (5,), (2,), (6,), (6,), (1,))",18.6533,620.9120599999999,639.5653599999999,4250.707167832167,4923.271866277295,79.28971601372376,3056.918876430279,3136.2085924440025,625.6227850493713,2974.3477873803904,-2.1800078338558992,-5.161034423972301,5.441892362095566,-3.047461489317255,2.228591298753357
793,res50,BGGGLBBLBBBGBBBBBL,"((7,), (2, 5), (4, 3), (3, 4), (0,), (0,), (0,), (4,), (3,), (0,), (3,), (1, 4), (5,), (4,), (4,), (7,), (1,), (5,))",15.85,807.33443,823.18443,5005.240492840494,4395.944600169854,79.33306181152183,3548.9974280897072,3628.330489901229,804.2942107279208,3459.857656853512,-2.2947736356091193,-4.643260406311652,4.869357348097687,-2.403644982044108,2.348670302498227
794,res50,BGGGLBBLBBBGBBBBBL,"((5,), (1, 0), (4, 2), (2, 5), (0,), (1,), (5,), (1,), (4,), (6,), (4,), (1, 7), (0,), (3,), (3,), (3,), (5,), (3,))",19.0301,783.8379100000001,802.86801,4265.372450049949,4395.49439127409,81.17046426169554,3445.3551370730056,3526.525601334701,765.0152441382614,3301.721573106517,-4.714693497594777,-6.3746603212834,6.808691261530901,-1.742101573285819,4.947975370657759
795,res50,BGGGLBBLBBBGBBBBBL,"((6,), (4, 1), (0, 4), (4, 7), (2,), (6,), (5,), (3,), (6,), (0,), (3,), (3, 3), (6,), (5,), (3,), (7,), (5,), (2,))",16.4809,648.52789,665.00879,4593.074545454546,4892.086073998193,75.69800227618181,3172.654259268432,3248.352261544613,664.841832214835,3126.574789895381,-0.025106102005806864,-3.7488998065538066,3.8949163168205305,-3.7247288387697095,0.025112406752259172
796,res50,BGGGLBBLBBBGBBBBBL,"((7,), (4, 6), (3, 7), (2, 6), (3,), (4,), (0,), (1,), (5,), (0,), (6,), (3, 1), (3,), (1,), (4,), (4,), (4,), (2,))",15.5892,699.87466,715.46386,4906.31925074925,4632.225791475516,76.48559206378022,3241.9774508521577,3318.463042915938,706.968085871618,3179.1017785268173,-1.187449793534223,-4.19957259089026,4.3836679067789905,-3.0483200677062805,1.2017196105687848
797,res50,BGGGLBBLBBBGBBBBBL,"((4,), (1, 6), (2, 7), (3, 4), (4,), (2,), (2,), (0,), (3,), (2,), (3,), (4, 0), (3,), (6,), (5,), (2,), (4,), (2,))",22.2791,696.7815700000001,719.0606700000001,4006.2524823134377,4573.190509176256,89.2556996787093,3186.5148628929314,3275.7705625716408,704.5705869883928,3116.655248794711,-2.015140532106592,-4.857339997952005,5.105322888646844,-2.900651673411542,2.0565835814326774
798,res50,BGGGLBBLBBBGBBBBBL,"((3,), (4, 4), (0, 4), (1, 5), (4,), (2,), (5,), (2,), (3,), (2,), (7,), (2, 5), (2,), (6,), (5,), (7,), (7,), (3,))",25.5191,680.81629,706.33539,3821.4882460440313,4777.29930489959,97.52094069962224,3252.463188981318,3349.9841296809404,690.708427415654,3179.0155023152356,-2.2123997757419405,-5.103565293068664,5.378036918699851,-2.9565768161774764,2.2624543098186423
799,res50,BGGGLBBLBBBGBBBBBL,"((4,), (4, 1), (3, 1), (4, 0), (0,), (3,), (5,), (4,), (1,), (0,), (1,), (0, 6), (0,), (2,), (5,), (1,), (2,), (5,))",22.0417,859.1538499999999,881.1955499999999,4018.5788782051263,4264.1625003498975,88.57631005973393,3663.57162920124,3752.147939260974,857.8053292431827,3557.3877819178006,-2.6543734539759374,-5.190631086404699,5.474808181810819,-2.6054150786421193,2.7267516252730393
800,res50,GBBBGGLGLLBGBBGBBG,"((1, 0), (1,), (6,), (3,), (1, 7), (0, 6), (1,), (0, 2), (0,), (4,), (2,), (4, 7), (5,), (3,), (4, 6), (1,), (5,), (1, 0))",52.814,865.1725900000001,917.98659,3429.7101252113825,4463.914468685355,181.136710552914,3862.056442410983,4043.193152963897,880.9180136691924,3797.5438379633433,-4.038030264778438,-6.075626508728089,6.4686367157856886,-2.123337244506114,4.20794849868149
801,res50,GBBBGGLGLLBGBBGBBG,"((3, 0), (5,), (7,), (7,), (1, 2), (2, 0), (3,), (4, 2), (0,), (2,), (0,), (4, 6), (1,), (3,), (1, 6), (6,), (5,), (2, 5))",46.8082,775.3408400000001,822.14904,3612.739168923301,4627.540230399489,169.10581756679565,3587.9209293717336,3757.0267469385294,792.3441931897371,3526.5957434958978,-3.625236466889618,-6.133334121999581,6.534091804188652,-2.6024423439942144,3.7616034882867817
802,res50,GBBBGGLGLLBGBBGBBG,"((1, 6), (7,), (3,), (4,), (4, 3), (1, 4), (5,), (4, 2), (0,), (2,), (2,), (0, 1), (2,), (6,), (2, 7), (7,), (0,), (4, 0))",17.1861,820.87544,838.06154,4419.1847835497865,4551.355701732515,75.94855160856498,3736.096114256187,3812.044665864752,802.4100126134649,3575.220764937941,-4.254046473309719,-6.212516423206391,6.624035730865484,-2.0454858693852893,4.443056146622276
803,res50,GBBBGGLGLLBGBBGBBG,"((4, 1), (3,), (6,), (1,), (2, 3), (3, 0), (1,), (0, 6), (5,), (1,), (6,), (4, 4), (1,), (5,), (1, 3), (5,), (7,), (4, 3))",35.6093,746.4057400000002,782.0150400000001,3845.246634134745,4680.929440439224,136.9265409688944,3493.872602878825,3630.79914384772,750.5708992262269,3397.610365307169,-4.020912535617378,-6.422519376641432,6.863317257376836,-2.502218873372062,4.189363164251285
804,res50,GBBBGGLGLLBGBBGBBG,"((0, 0), (2,), (7,), (2,), (2, 1), (0, 6), (0,), (1, 1), (3,), (3,), (6,), (1, 6), (0,), (5,), (2, 4), (0,), (7,), (2, 2))",52.3085,919.20318,971.51168,3431.682046501789,4328.213785736783,179.50614032943884,3978.5078755690897,4158.014015898529,933.7841496803811,3914.3377368956417,-3.8833841214980387,-5.860400616043369,6.225223661873905,-2.056893572953526,4.040283863517317
805,res50,GBBBGGLGLLBGBBGBBG,"((0, 1), (5,), (7,), (4,), (3, 2), (3, 6), (1,), (0, 6), (3,), (4,), (5,), (3, 1), (6,), (7,), (4, 1), (5,), (4,), (0, 6))",35.8671,683.6175300000001,719.4846300000002,3587.91890649206,4935.4731254434055,128.6882462110414,3373.9759473970016,3502.664193608043,695.3586882560257,3299.5750079221766,-3.353225453054418,-5.798134632959702,6.1550104240169015,-2.529736963666268,3.469567886536766
806,res50,GBBBGGLGLLBGBBGBBG,"((3, 2), (3,), (5,), (1,), (4, 4), (1, 4), (2,), (2, 0), (0,), (5,), (7,), (0, 7), (5,), (6,), (4, 0), (4,), (0,), (0, 7))",24.176,804.6447999999999,828.8208,4009.07705463568,4625.10736905392,96.9234468728722,3721.568593950917,3818.4920408237895,793.2408056850537,3578.561799468727,-4.292845246517251,-6.283376756844068,6.704655523643134,-2.079814738463311,4.485396371435893
807,res50,GBBBGGLGLLBGBBGBBG,"((3, 7), (2,), (7,), (7,), (2, 1), (3, 2), (0,), (3, 3), (1,), (2,), (7,), (0, 4), (1,), (2,), (0, 7), (6,), (5,), (4, 6))",12.61,832.8965999999999,845.5065999999999,5306.760317460318,4566.198166535803,66.9182476031746,3803.170927833904,3870.089175437078,808.2694796028755,3614.3179047878966,-4.40411942344677,-6.60892447317562,7.076612444919703,-2.3063808151892498,4.60701799793554
808,res50,GBBBGGLGLLBGBBGBBG,"((2, 3), (2,), (6,), (3,), (1, 2), (0, 5), (3,), (0, 7), (1,), (2,), (7,), (1, 0), (2,), (7,), (1, 7), (7,), (2,), (1, 4))",21.5668,854.7057200000002,876.2725200000001,3893.8858333333337,4493.554081763529,83.97865699033335,3840.666376812637,3924.6450338029695,834.6389977489869,3651.3439347959397,-4.751207107466206,-6.963715104247321,7.484945375936021,-2.322872479105761,4.988207160616549
809,res50,GBBBGGLGLLBGBBGBBG,"((3, 7), (0,), (1,), (0,), (0, 5), (0, 4), (2,), (3, 3), (4,), (0,), (2,), (4, 6), (1,), (5,), (3, 5), (6,), (3,), (0, 3))",13.9565,886.8184,900.7749,4826.465833333333,4374.658265079026,67.36057040291665,3879.5274431841576,3946.888013587074,881.6765922844334,3753.783994267825,-2.120208690935621,-4.892563930227881,5.144249632214483,-2.832408204200482,2.1661352793865998
810,res50,LBBGBLGLLBLGGLLGGG,"((1,), (1,), (0,), (0, 0), (7,), (3,), (3, 1), (2,), (5,), (6,), (5,), (1, 7), (2, 3), (1,), (5,), (4, 4), (3, 4), (2, 2))",83.329,754.5261,837.8551,3277.441490337873,4594.52126992562,273.1059219483646,3466.6862151640253,3739.79213711239,794.7470994640978,3494.1251091893632,-5.145042446587984,-6.569002204296674,7.030859521227099,-1.5011969795114573,5.424115490949281
811,res50,LBBGBLGLLBLGGLLGGG,"((4,), (7,), (3,), (1, 4), (1,), (2,), (0, 5), (5,), (4,), (3,), (3,), (4, 4), (4, 0), (4,), (4,), (4, 3), (1, 6), (2, 0))",42.7333,689.7135999999999,732.4468999999999,3460.347039773764,4711.730100768534,147.8720481547642,3249.744330029428,3397.6163781841924,690.6596134397071,3146.416142665409,-5.705162594079222,-7.393425494759172,7.983693959375161,-1.7904086237641117,6.05034459046747
812,res50,LBBGBLGLLBLGGLLGGG,"((2,), (0,), (3,), (1, 1), (0,), (1,), (1, 3), (1,), (1,), (3,), (1,), (4, 4), (4, 6), (2,), (0,), (4, 4), (1, 6), (1, 0))",61.8852,888.1715999999999,950.0568,3316.392180603948,4229.911692027083,205.23559337511145,3756.887435366401,3962.123028741512,889.2428255155022,3666.8621574573435,-6.401088280668877,-7.452087407239144,8.052139911605146,-1.1228753703054015,6.8388490454498
813,res50,LBBGBLGLLBLGGLLGGG,"((0,), (3,), (7,), (4, 4), (3,), (2,), (4, 5), (5,), (3,), (5,), (1,), (0, 1), (4, 7), (0,), (4,), (2, 3), (2, 7), (2, 0))",121.754,722.9856,844.7396,3219.2347890295373,4604.734171882859,391.9547125035023,3329.156498099232,3721.1112106027344,799.6493424160196,3463.3656953313093,-5.3377700754149995,-6.926573829264196,7.442053134004069,-1.678392485698838,5.638753787722363
814,res50,LBBGBLGLLBLGGLLGGG,"((0,), (5,), (7,), (2, 7), (6,), (0,), (1, 2), (3,), (0,), (6,), (4,), (3, 4), (2, 4), (2,), (0,), (1, 2), (3, 4), (2, 4))",121.905,779.6494,901.5544,3226.47827433974,4476.6776390180985,393.3238340333861,3490.2390352538773,3883.5628692872633,862.5157110642164,3648.002073761578,-4.330153447843372,-6.065584708016255,6.457254978552964,-1.8139793495192595,4.526142357176961
815,res50,LBBGBLGLLBLGGLLGGG,"((1,), (1,), (4,), (1, 1), (0,), (2,), (4, 2), (2,), (0,), (7,), (4,), (3, 6), (3, 4), (3,), (5,), (0, 7), (3, 5), (4, 7))",83.7519,805.9652,889.7171,3306.511636604136,4426.206928215588,276.926631937706,3567.3687521406623,3844.295384078368,842.8718577175425,3574.8785184619514,-5.265183987410992,-7.008224881267977,7.536392194169718,-1.839915848493725,5.5578130712908305
816,res50,LBBGBLGLLBLGGLLGGG,"((0,), (4,), (0,), (3, 2), (7,), (5,), (3, 3), (3,), (4,), (5,), (1,), (1, 1), (3, 2), (4,), (2,), (3, 1), (1, 3), (1, 2))",121.881,721.2533,843.1342999999999,3220.5166084544467,4544.447450968431,392.5197847550364,3277.697720687569,3670.217505442605,802.2956897929473,3429.320545928318,-4.843666092940666,-6.563560855918169,7.0246264905247084,-1.8074411784898807,5.090219320210004
817,res50,LBBGBLGLLBLGGLLGGG,"((3,), (7,), (6,), (4, 3), (1,), (5,), (1, 2), (2,), (5,), (7,), (4,), (0, 6), (4, 7), (2,), (1,), (1, 3), (2, 3), (0, 1))",50.5494,715.765,766.3144,3375.188051470587,4694.222082502684,170.61373088900731,3359.9598688825336,3530.573599771541,728.3048495869622,3274.8441447611876,-4.960046478708713,-7.243283500077758,7.8089045983897325,-2.4023970306946225,5.218906675493632
818,res50,LBBGBLGLLBLGGLLGGG,"((3,), (1,), (2,), (4, 5), (5,), (1,), (0, 1), (2,), (5,), (6,), (2,), (4, 5), (3, 0), (5,), (5,), (3, 3), (0, 5), (4, 5))",51.6385,699.2808,750.9193,3439.358641774892,4664.575824891341,177.60332122329277,3261.848314490677,3439.4516357139696,713.936672059559,3199.0622445493004,-4.924980346149185,-6.989177829063108,7.514370549502574,-2.171124960509343,5.180099214367832
819,res50,LBBGBLGLLBLGGLLGGG,"((1,), (2,), (6,), (3, 7), (4,), (1,), (3, 3), (2,), (4,), (1,), (3,), (1, 1), (1, 6), (4,), (0,), (3, 1), (3, 1), (2, 6))",83.3661,732.3458,815.7119,3279.204302549301,4478.897443665034,273.37447380675525,3280.1017314988244,3553.47620530558,779.9540674199004,3330.594814752022,-4.383635028506952,-6.272207204336449,6.691939516820272,-1.9751557972242069,4.5846074882828765
820,res50,GBBGBLGLBLGBBBGLGG,"((0, 6), (1,), (0,), (0, 4), (0,), (0,), (4, 3), (1,), (6,), (1,), (3, 0), (6,), (0,), (4,), (0, 6), (0,), (2, 6), (3, 5))",12.7286,1103.2173,1115.9459,4694.916619769118,4143.375921420721,59.7597156863932,4571.043996914781,4630.803712601174,1036.715489220727,4250.749719940549,-7.09984335076395,-8.207084908963775,8.94086967477211,-1.191861884991705,7.64244497194003
821,res50,GBBGBLGLBLGBBBGLGG,"((1, 4), (1,), (2,), (0, 7), (4,), (1,), (2, 1), (4,), (1,), (4,), (3, 6), (6,), (5,), (4,), (3, 3), (1,), (4, 7), (4, 5))",16.0478,784.9766999999997,801.0244999999998,4272.664953379953,4579.331501253414,68.56687263885081,3594.6685300599497,3663.235402698801,767.984219603985,3453.793861313697,-4.124752787962758,-5.717392369346584,6.064100806104274,-1.6611582527256077,4.30220824238448
822,res50,GBBGBLGLBLGBBBGLGG,"((0, 2), (0,), (1,), (3, 3), (3,), (1,), (4, 5), (2,), (7,), (1,), (2, 0), (1,), (7,), (4,), (1, 3), (2,), (1, 7), (3, 7))",22.7121,879.2565000000002,901.9686000000002,3979.911608949616,4427.502941533541,90.39215045362458,3892.910740112487,3983.3028905661113,852.3079384215147,3680.4185434085007,-5.505808248589304,-7.603849254721485,8.229616919523073,-2.220285678141553,5.826610235551453
823,res50,GBBGBLGLBLGBBBGLGG,"((2, 2), (0,), (7,), (3, 6), (7,), (1,), (0, 6), (4,), (5,), (0,), (2, 4), (0,), (1,), (6,), (2, 0), (0,), (0, 6), (4, 0))",27.6408,951.0569,978.6977,3682.542322523109,4359.348759686011,101.78841582839674,4145.988717405823,4247.77713323422,911.2181117431626,3902.9406529537373,-6.8948346621063346,-8.118045496843832,8.83529909734885,-1.3137948150333616,7.405426580881797
824,res50,GBBGBLGLBLGBBBGLGG,"((1, 5), (1,), (6,), (1, 5), (7,), (2,), (4, 4), (5,), (6,), (2,), (4, 7), (3,), (6,), (1,), (4, 4), (5,), (4, 2), (3, 0))",17.5395,674.5120000000001,692.0515,4171.582404262403,5108.80347639817,73.1674695795604,3445.9492504722825,3519.116720051843,671.9396133705025,3320.547204417523,-2.9061257188948475,-5.642595328051371,5.980023875888619,-2.8183751337740683,2.993109236202752
825,res50,GBBGBLGLBLGBBBGLGG,"((0, 0), (4,), (5,), (0, 0), (6,), (0,), (0, 6), (1,), (5,), (3,), (4, 3), (2,), (6,), (1,), (0, 0), (5,), (0, 2), (0, 2))",51.9548,986.1943,1038.1491,3403.8990618651105,4302.097573474265,176.84889497938946,4242.704105004152,4419.552999983541,979.331234302505,4086.6402493023365,-5.665647227117483,-7.532724478752581,8.146367929940457,-1.9792124467427414,6.005921555170887
826,res50,GBBGBLGLBLGBBBGLGG,"((4, 4), (7,), (5,), (1, 1), (7,), (1,), (1, 3), (0,), (3,), (1,), (1, 7), (1,), (3,), (6,), (4, 1), (0,), (4, 5), (3, 2))",19.7458,775.4394,795.1852,4255.305708458208,4734.746690736567,84.02441545807407,3671.509133016749,3755.533548474823,756.0467705144122,3527.534531279419,-4.921926299129792,-6.071015323188841,6.463409930468074,-1.2085741531472907,5.176720675489185
827,res50,GBBGBLGLBLGBBBGLGG,"((3, 5), (3,), (6,), (3, 0), (1,), (4,), (1, 7), (1,), (1,), (5,), (1, 0), (7,), (3,), (4,), (1, 7), (1,), (2, 0), (0, 1))",17.2776,816.3788999999999,833.6564999999999,4235.659075369074,4520.386894166366,73.1820232405967,3690.348480233954,3763.530503474551,781.1394363881238,3448.5713567168496,-6.299604646743124,-8.368715132424894,9.133032614918909,-2.2082195895557013,6.723135610040041
828,res50,GBBGBLGLBLGBBBGLGG,"((4, 6), (1,), (7,), (2, 1), (7,), (4,), (3, 5), (2,), (6,), (0,), (2, 4), (2,), (1,), (4,), (1, 0), (3,), (0, 0), (1, 2))",15.0215,819.8579000000001,834.8794,4648.743452658453,4569.333261772808,69.83109977410895,3746.203972397205,3816.0350721713135,789.0458575810569,3524.7170047408517,-5.489839900103311,-7.6340511007070635,8.265005872489345,-2.268762637093548,5.808729870207179
829,res50,GBBGBLGLBLGBBBGLGG,"((2, 0), (1,), (1,), (1, 3), (3,), (5,), (4, 5), (3,), (1,), (3,), (4, 0), (0,), (0,), (3,), (2, 6), (0,), (0, 0), (2, 4))",50.3599,958.9300999999998,1009.2899999999998,3452.647348942482,4221.882096870506,173.8749752280085,4048.489821340243,4222.364796568251,946.7168092701165,3894.458818265472,-6.199723640369302,-7.765931986011404,8.419808594838939,-1.6697267923148302,6.609494002554455
830,res50,GGLBLLBGBLLBGBBBGG,"((2, 5), (1, 6), (4,), (7,), (0,), (2,), (1,), (2, 6), (6,), (1,), (5,), (1,), (4, 3), (5,), (1,), (2,), (3, 5), (3, 2))",16.1199,777.3234,793.4433,4285.4372416472415,4476.895490035568,69.08081979162937,3479.995623759114,3549.0764435507435,759.9197029338039,3347.831306582485,-4.225077843142174,-5.670352278096294,6.011209004843561,-1.5090322209681322,4.411465703122634
831,res50,GGLBLLBGBLLBGBBBGG,"((4, 4), (3, 2), (0,), (0,), (0,), (2,), (1,), (1, 5), (7,), (1,), (1,), (0,), (4, 2), (5,), (0,), (3,), (0, 3), (4, 5))",18.1975,982.4992,1000.6967,4381.220036907538,4159.6356831833,79.72725162162493,4086.8387310190456,4166.565982640671,936.125002905785,3863.23729390228,-6.4526741313541836,-7.2800644464088995,7.851671167524807,-0.8844617495710065,6.897764389774943
832,res50,GGLBLLBGBLLBGBBBGG,"((0, 7), (2, 2), (4,), (1,), (3,), (4,), (3,), (2, 1), (0,), (4,), (4,), (5,), (1, 7), (6,), (0,), (5,), (2, 7), (4, 7))",12.3159,850.7821999999999,863.0980999999999,5309.830595238096,4323.968616173326,65.39534262789286,3678.755531998898,3744.15087462679,837.873117247216,3551.0426680248447,-2.9226090003887095,-5.1575968241716215,5.438070579685711,-2.3022742996789654,3.0105969786522304
833,res50,GGLBLLBGBLLBGBBBGG,"((3, 5), (1, 2), (1,), (5,), (4,), (0,), (6,), (4, 0), (4,), (0,), (5,), (6,), (2, 6), (6,), (4,), (5,), (4, 4), (2, 1))",18.065,680.4567999999999,698.5218,4248.965433455432,4756.846614870944,76.75756055537238,3236.8286256459146,3313.586186201287,664.6572890661888,3115.0632597554963,-4.8480249197392515,-5.991180409687139,6.372998231226064,-1.2013996440784647,5.095033409080507
834,res50,GGLBLLBGBLLBGBBBGG,"((0, 1), (2, 2), (5,), (0,), (4,), (0,), (1,), (2, 3), (3,), (2,), (0,), (2,), (3, 5), (5,), (2,), (6,), (4, 2), (1, 3))",35.3956,811.6590000000001,847.0546,3541.8585739712817,4350.2699704078495,125.3662093408579,3530.935773911265,3656.301983252123,822.9232650883043,3490.1661663320056,-2.848852353991787,-4.543820988559236,4.760111954632767,-1.7446717569857693,2.932391868773613
835,res50,GGLBLLBGBLLBGBBBGG,"((4, 1), (2, 0), (0,), (6,), (3,), (2,), (3,), (0, 3), (4,), (4,), (4,), (1,), (3, 0), (7,), (7,), (2,), (1, 3), (4, 3))",35.1831,735.1983,770.3814,3820.335847394787,4597.782687982319,134.41125815247554,3380.282015974032,3514.693274126507,731.4869646449177,3277.3984330077287,-5.048724612910208,-6.751509238818345,7.240341568754846,-1.7933246488437051,5.317174089898172
836,res50,GGLBLLBGBLLBGBBBGG,"((4, 6), (0, 5), (2,), (5,), (1,), (2,), (3,), (0, 1), (7,), (2,), (4,), (5,), (3, 0), (4,), (1,), (2,), (4, 1), (4, 6))",12.5383,766.7522,779.2905000000001,5047.535674603173,4523.731386850485,63.287516548876965,3468.580993076661,3531.8685096255376,757.7201748881555,3369.973808324867,-2.767944060891871,-4.583825837781124,4.804034408242009,-1.8675752141109152,2.8467402382454052
837,res50,GGLBLLBGBLLBGBBBGG,"((4, 1), (3, 4), (0,), (7,), (4,), (5,), (2,), (0, 3), (3,), (0,), (1,), (3,), (0, 7), (1,), (2,), (4,), (1, 1), (0, 6))",30.5885,843.5779000000001,874.1664000000001,3923.2769099724014,4318.763031613462,120.0071557606908,3643.2130488061184,3763.220204566809,836.1286138743162,3539.3353629897583,-4.351320998574625,-5.9492888910768,6.3256181914315635,-1.6706638389416357,4.549274536776179
838,res50,GGLBLLBGBLLBGBBBGG,"((2, 2), (0, 2), (2,), (3,), (4,), (2,), (2,), (3, 5), (5,), (3,), (0,), (1,), (2, 4), (7,), (5,), (5,), (2, 2), (1, 6))",25.9528,757.2155999999999,783.1683999999999,3793.10250807543,4474.19607910821,98.44163077158,3387.93106855957,3486.37269933115,741.4811011910082,3245.0661408291553,-5.322903581016769,-6.921421755863589,7.436106015402751,-1.6883895211284723,5.6221660595301985
839,res50,GGLBLLBGBLLBGBBBGG,"((0, 6), (1, 1), (3,), (6,), (3,), (1,), (5,), (4, 3), (3,), (0,), (5,), (1,), (0, 1), (2,), (7,), (7,), (0, 5), (0, 7))",13.8346,837.0350999999999,850.8697,4763.745833333332,4439.467192449254,65.9045181058333,3715.98986537848,3781.8943834843135,813.1048992347232,3546.0228633881384,-4.438376494694397,-6.236861640722587,6.651720228075615,-1.882016106526635,4.64451767549551
840,res50,LBBBGGGLGLBGBLLGLL,"((0,), (5,), (2,), (4,), (1, 4), (2, 5), (0, 7), (5,), (0, 2), (1,), (7,), (2, 7), (6,), (5,), (4,), (0, 3), (4,), (0,))",121.313,840.4759,961.7889,3210.0060139284933,4398.942353019179,389.4154595677073,3697.205033201913,4086.62049276962,918.5752779847054,3850.534059438189,-4.493046448684802,-5.777057932076981,6.13126464243968,-1.344416752548055,4.704418140895597
841,res50,LBBBGGGLGLBGBLLGLL,"((3,), (7,), (2,), (2,), (4, 6), (3, 2), (2, 4), (2,), (3, 4), (5,), (0,), (3, 1), (0,), (2,), (2,), (4, 3), (0,), (3,))",49.3564,738.2634,787.6198,3396.1155898268403,4543.9910309134,167.62003949772944,3354.662268051632,3522.2823075493616,742.7931726529448,3294.984883274329,-5.691404323133478,-6.453129091551304,6.898284281327577,-0.8076938935956208,6.034873366828817
842,res50,LBBBGGGLGLBGBLLGLL,"((2,), (6,), (5,), (1,), (2, 4), (0, 5), (3, 7), (4,), (2, 5), (4,), (3,), (4, 5), (3,), (2,), (3,), (4, 0), (5,), (0,))",61.691,667.9137999999999,729.6048,3311.693946216386,4706.805233778718,204.30171123603503,3143.740169553031,3348.041880789066,705.8694967942573,3181.6284778461654,-3.253172567634237,-4.970469572013845,5.230447366864023,-1.775042189967563,3.3625625294105728
843,res50,LBBBGGGLGLBGBLLGLL,"((2,), (4,), (6,), (6,), (1, 3), (2, 7), (1, 0), (5,), (0, 2), (4,), (1,), (0, 2), (7,), (4,), (0,), (1, 1), (2,), (0,))",61.7334,850.0579000000001,911.7913,3303.546158536585,4331.15674848809,203.93913642340243,3681.7340101906143,3885.673146614017,869.6682971851922,3652.7867368540683,-4.619807494851928,-5.993463705584351,6.375581892320382,-1.4401902267688154,4.843571158238726
844,res50,LBBBGGGLGLBGBLLGLL,"((2,), (1,), (7,), (1,), (1, 5), (3, 2), (0, 3), (0,), (2, 2), (1,), (6,), (4, 3), (2,), (5,), (4,), (0, 0), (2,), (4,))",60.9524,817.5862999999999,878.5387,3335.328214509069,4365.165771631047,203.29625946204257,3568.899732114473,3772.195991576516,832.9550718983758,3537.2459729865686,-5.188573719248131,-6.228467956452988,6.642173611454403,-1.0968026513234463,5.472519423855024
845,res50,LBBBGGGLGLBGBLLGLL,"((3,), (2,), (0,), (1,), (0, 2), (4, 2), (3, 0), (0,), (2, 4), (4,), (1,), (2, 6), (1,), (3,), (3,), (1, 2), (4,), (1,))",50.152,854.3690999999999,904.5211,3383.9263647504467,4223.307022587415,169.7106750449644,3608.263019911689,3777.9736949566536,853.039376836105,3524.6251351149795,-5.691600026123771,-6.705937634766431,7.18795758781904,-1.0755538307548949,6.035093403875347
846,res50,LBBBGGGLGLBGBLLGLL,"((4,), (0,), (7,), (3,), (0, 0), (4, 1), (1, 4), (4,), (2, 6), (4,), (1,), (4, 5), (2,), (5,), (1,), (0, 4), (1,), (0,))",42.8274,843.7636,886.591,3438.2162493158185,4341.224958174461,147.2498625959483,3662.967599119133,3810.217461715081,838.550562909991,3562.28395899856,-5.418556819323572,-6.507069614995655,6.959958991764949,-1.1508735319175902,5.728985133978817
847,res50,LBBBGGGLGLBGBLLGLL,"((0,), (3,), (5,), (2,), (4, 6), (3, 1), (1, 0), (4,), (3, 7), (2,), (6,), (3, 4), (0,), (4,), (4,), (1, 5), (0,), (2,))",121.264,739.2195,860.4835,3215.3473564813667,4530.089579835001,389.9058818363564,3348.73055416084,3738.636435997196,823.7776477128209,3532.5313587191054,-4.265724129187735,-5.512840866087495,5.8344868409837325,-1.302685715806399,4.455796098509261
848,res50,LBBBGGGLGLBGBLLGLL,"((5,), (5,), (6,), (7,), (1, 5), (4, 0), (3, 0), (0,), (2, 0), (4,), (2,), (1, 6), (4,), (3,), (0,), (1, 6), (4,), (2,))",36.0876,736.2697,772.3572999999999,3618.540789855073,4559.353794033347,130.58445260797396,3356.9140501267943,3487.4985027347684,732.585377981953,3271.0292592904602,-5.149420095860672,-6.207006061065286,6.617771541770441,-1.1150021078136398,5.428981141775773
849,res50,LBBBGGGLGLBGBLLGLL,"((1,), (6,), (4,), (1,), (2, 6), (3, 0), (4, 3), (0,), (3, 1), (0,), (7,), (3, 0), (2,), (5,), (0,), (1, 6), (2,), (2,))",82.807,761.4676999999999,844.2746999999999,3262.885242510192,4484.410867106778,270.18973827654145,3414.734028830804,3684.9237671073447,805.2050113688766,3472.4770498896983,-4.627603862951633,-5.765294769840423,6.1180164523879075,-1.1928932825111738,4.852141762593283
850,res50,GGBLBLGBLBLBLGLBBL,"((3, 7), (2, 0), (2,), (0,), (1,), (5,), (0, 7), (2,), (4,), (6,), (3,), (7,), (5,), (0, 6), (1,), (2,), (5,), (5,))",15.0044,793.14812,808.15252,4828.398132145632,4380.253996971878,72.44721693396593,3474.190222820731,3546.637439754697,755.8417943359102,3273.6903048035138,-6.472877875093401,-7.695941284882551,8.337597925823525,-1.3077098728171401,6.920856461774571
851,res50,GGBLBLGBLBLBLGLBBL,"((1, 3), (0, 1), (4,), (1,), (7,), (0,), (1, 1), (1,), (2,), (6,), (1,), (4,), (5,), (2, 4), (3,), (5,), (3,), (3,))",22.9838,767.7724900000001,790.75629,3813.115542717088,4372.203929173131,87.639885010701,3356.8578974890384,3444.4977824997395,748.6320379767163,3210.2827274321376,-5.327084027783541,-6.799686626525492,7.295776570275711,-1.5554634433929497,5.626829989420503
852,res50,GGBLBLGBLBLBLGLBBL,"((4, 5), (2, 2), (3,), (3,), (3,), (2,), (2, 2), (5,), (1,), (2,), (1,), (4,), (1,), (3, 4), (3,), (3,), (1,), (3,))",18.0737,709.28482,727.35852,4391.067398851148,4357.469297425051,79.362834846616,3090.686826279654,3170.0496611262697,686.0144138601931,2944.715383636034,-5.684144064168913,-7.108225472094906,7.652158125108868,-1.5099066787824984,6.026710999724346
853,res50,GGBLBLGBLBLBLGLBBL,"((1, 0), (2, 4), (1,), (3,), (1,), (5,), (2, 0), (1,), (4,), (7,), (1,), (7,), (5,), (4, 1), (1,), (0,), (3,), (3,))",53.7291,788.8579900000001,842.5870900000001,3372.023712690819,4347.897229943478,181.1757992615363,3429.87346953978,3611.049268801317,792.2242909978964,3347.3773923645276,-5.9771624322067,-7.301807779662745,7.876968908203574,-1.40885489283486,6.357138953498383
854,res50,GGBLBLGBLBLBLGLBBL,"((2, 0), (4, 0), (3,), (0,), (5,), (1,), (2, 4), (5,), (3,), (3,), (2,), (7,), (3,), (0, 5), (0,), (4,), (6,), (1,))",54.071,746.1178900000001,800.1888900000001,3396.9304615135425,4426.50118237073,183.6754269844988,3302.691722272955,3486.367149257453,760.3699561900738,3261.932737097768,-4.976191785157915,-6.437486430753181,6.880412020983936,-1.5378194928700157,5.236784210865444
855,res50,GGBLBLGBLBLBLGLBBL,"((1, 3), (2, 6), (6,), (1,), (6,), (4,), (4, 7), (5,), (1,), (4,), (3,), (6,), (1,), (2, 5), (4,), (6,), (3,), (2,))",23.3931,649.55165,672.94475,3772.3184342596674,4690.163752114247,88.24622236447982,3046.503603956,3134.74982632048,636.7826459226616,2908.314723278023,-5.373710706166952,-7.223386732211521,7.785784022275191,-1.9547168549545253,5.67887713474691
856,res50,GGBLBLGBLBLBLGLBBL,"((3, 2), (3, 1), (0,), (0,), (0,), (5,), (0, 2), (1,), (2,), (0,), (1,), (1,), (0,), (0, 0), (5,), (3,), (0,), (0,))",28.4951,1044.3237300000003,1072.8188300000004,3683.8076856356574,3943.21031942154,104.97046838295662,4117.988108952795,4222.958577335752,985.3527392143017,3868.205586325155,-8.152922780605808,-8.400579463756179,9.17099629514824,-0.26964024403170844,8.876627354326148
857,res50,GGBLBLGBLBLBLGLBBL,"((3, 6), (1, 2), (3,), (5,), (4,), (4,), (2, 2), (1,), (0,), (4,), (1,), (6,), (3,), (0, 4), (1,), (5,), (7,), (3,))",16.6074,764.3270500000001,780.9344500000001,4448.435598845599,4387.085267720818,73.8769493642684,3353.167940775513,3427.0448901397817,730.56925856258,3169.428334202743,-6.449349422018722,-7.51716315938106,8.12817103819579,-1.1414284462642363,6.89396533554058
858,res50,GGBLBLGBLBLBLGLBBL,"((1, 0), (2, 0), (5,), (1,), (4,), (0,), (0, 4), (6,), (5,), (1,), (0,), (3,), (2,), (4, 6), (4,), (6,), (4,), (3,))",53.7414,725.0238499999999,778.7652499999999,3417.5773435177766,4452.113622726928,183.66539104892624,3227.8885593869245,3411.5539504358508,758.0550081750721,3249.7729038050684,-2.659369023582888,-4.742151200924543,4.978226215172062,-2.1396842782396277,2.7320236132711937
859,res50,GGBLBLGBLBLBLGLBBL,"((0, 0), (2, 2), (4,), (0,), (7,), (2,), (3, 2), (3,), (3,), (7,), (3,), (7,), (4,), (3, 7), (5,), (5,), (6,), (4,))",53.5948,648.74818,702.34298,3411.2769887024524,4794.64173859657,182.8267079541102,3110.5151016665604,3293.3418096206706,673.1709026846523,3090.0123623744043,-4.153537252603803,-6.173955179881126,6.58021468529095,-2.1079733871891846,4.333532123715899
860,res50,GBBBGGLLGBLGLLLBGB,"((0, 6), (2,), (5,), (0,), (3, 5), (4, 2), (2,), (5,), (0, 1), (6,), (1,), (0, 7), (1,), (4,), (2,), (4,), (1, 1), (3,))",14.0123,850.47354,864.4858399999999,4534.850404040402,4318.205077446902,63.54368431653533,3672.51915866224,3736.062842978776,828.3376868513586,3521.6620465473616,-4.181462723396524,-5.7386828177780895,6.088057104787035,-1.62517623274323,4.363939214940963
861,res50,GBBBGGLLGBLGLLLBGB,"((1, 1), (4,), (3,), (5,), (4, 0), (3, 7), (3,), (2,), (4, 7), (4,), (0,), (1, 7), (4,), (4,), (5,), (6,), (4, 2), (0,))",35.6379,622.4810299999999,658.11893,3549.975951815495,4980.9025418649,126.51368797320544,3100.5173445896803,3227.0310325628857,640.9339594378625,3067.702832632548,-2.611225688666551,-4.937299899586038,5.193729921799829,-2.3884418172093,2.6812388872653465
862,res50,GBBBGGLLGBLGLLLBGB,"((1, 6), (7,), (2,), (5,), (1, 4), (3, 2), (3,), (0,), (2, 4), (3,), (4,), (4, 7), (5,), (0,), (3,), (6,), (4, 3), (2,))",14.7202,669.74899,684.46919,4539.183726551228,4765.246143441315,66.81769229157939,3191.5187916712166,3258.336483962796,669.7033074250321,3119.9811825699426,-2.1572749790195695,-4.246194402383683,4.434491533660127,-2.134976742436572,2.2048394283345862
863,res50,GBBBGGLLGBLGLLLBGB,"((4, 2), (0,), (4,), (5,), (3, 7), (2, 1), (4,), (5,), (0, 4), (1,), (3,), (0, 3), (4,), (0,), (5,), (5,), (3, 3), (2,))",25.4218,784.1894000000002,809.6112000000002,3936.2636137383424,4462.184233705762,100.0669063357334,3499.1975769191827,3599.264483254916,775.4966530859638,3387.6101381168096,-4.213695032138437,-5.880488808832999,6.247895611027018,-1.7401170002891446,4.399057917050072
864,res50,GBBBGGLLGBLGLLLBGB,"((1, 1), (0,), (7,), (6,), (1, 0), (3, 6), (0,), (0,), (3, 7), (2,), (2,), (3, 3), (4,), (3,), (3,), (1,), (0, 2), (7,))",33.2506,826.7464000000001,859.9970000000001,3656.633539930539,4377.772397055403,121.58525918281438,3619.3075692849256,3740.89282846774,824.1194394100428,3503.3639386489026,-4.171823923799418,-6.349524049747465,6.780023257031124,-2.27250503465327,4.353441852511191
865,res50,GBBBGGLLGBLGLLLBGB,"((4, 3), (6,), (5,), (3,), (2, 1), (2, 6), (2,), (3,), (1, 7), (2,), (3,), (3, 0), (1,), (3,), (3,), (1,), (1, 3), (3,))",20.9186,707.9922300000002,728.9108300000001,4077.8025038850046,4524.869978215222,85.30191945776886,3203.572786336647,3288.874705794416,695.266493325268,3081.068443049606,-4.61569993063927,-6.318460912441949,6.744616894622649,-1.7851585434547033,4.83905624645028
866,res50,GBBBGGLLGBLGLLLBGB,"((3, 0), (1,), (7,), (2,), (4, 0), (1, 6), (3,), (1,), (1, 1), (1,), (1,), (4, 7), (1,), (0,), (4,), (4,), (4, 4), (1,))",49.2616,734.5169800000001,783.7785800000001,3558.388587463638,4565.397778993854,175.29191524019876,3353.3621891252737,3528.6541043654724,755.2336707193679,3348.129568425739,-3.6419608814306046,-5.115960096978556,5.391802564696283,-1.5297106801168672,3.7796129048964255
867,res50,GBBBGGLLGBLGLLLBGB,"((4, 5), (2,), (3,), (6,), (1, 1), (0, 2), (1,), (1,), (0, 3), (3,), (2,), (1, 2), (2,), (2,), (0,), (7,), (2, 4), (0,))",17.9336,848.43262,866.36622,4314.119368964368,4289.79232382999,77.36769111525938,3639.599740562967,3716.967431678226,825.3229962905311,3490.1917984032452,-4.737398892291629,-6.101092824819044,6.497512067351996,-1.431510284907669,4.972989228937091
868,res50,GBBBGGLLGBLGLLLBGB,"((3, 6), (7,), (4,), (7,), (0, 0), (4, 5), (5,), (0,), (4, 2), (7,), (0,), (1, 1), (4,), (5,), (1,), (7,), (4, 4), (2,))",15.6833,690.20357,705.88687,4577.428391885893,4892.073459073068,71.78918269846402,3376.5265661544804,3448.3157488529446,679.0550940083547,3271.7303351631062,-3.8011439413294896,-5.120917762492547,5.3973095457158085,-1.3719225729234856,3.951340064804131
869,res50,GBBBGGLLGBLGLLLBGB,"((1, 5), (3,), (6,), (7,), (0, 7), (1, 1), (0,), (1,), (2, 1), (7,), (2,), (0, 3), (5,), (2,), (2,), (2,), (3, 7), (3,))",15.7203,802.30798,818.02828,4630.696482683985,4472.090488014332,72.79593791673705,3587.993885815993,3660.78982373273,787.0577386090736,3452.978813779869,-3.7859988643578957,-5.676671427723921,6.01831117884493,-1.96507009484052,3.93497705081449
870,res50,BGGBLBBLBBBLGGGLBG,"((6,), (2, 7), (1, 5), (3,), (1,), (0,), (5,), (0,), (6,), (1,), (2,), (1,), (4, 2), (1, 0), (2, 4), (1,), (3,), (3, 2))",17.4424,838.38274,855.82514,4505.1502547452565,4371.479575973975,78.58063280336866,3664.9730247591,3743.553657562468,817.4828981261992,3534.533694964311,-4.480149049349128,-5.583463781156419,5.913650304025948,-1.1550632887579637,4.6902806115806746
871,res50,BGGBLBBLBBBLGGGLBG,"((3,), (1, 3), (2, 5), (1,), (5,), (0,), (6,), (5,), (0,), (2,), (0,), (4,), (4, 0), (0, 3), (4, 6), (1,), (0,), (2, 4))",24.8862,937.10008,961.98628,3833.285875031832,4289.368752387362,95.39591894321715,4019.5678010116976,4114.963719954915,929.6045122062243,3915.860340202043,-3.3661361359307205,-4.8385209032913075,5.084537303559687,-1.5236736983131791,3.483391847671244
872,res50,BGGBLBBLBBBLGGGLBG,"((4,), (2, 0), (0, 7), (6,), (4,), (4,), (3,), (3,), (0,), (1,), (0,), (0,), (4, 2), (4, 7), (0, 4), (5,), (6,), (2, 0))",22.8467,898.0029300000001,920.84963,3942.5070239890833,4354.025948467733,90.07327522497138,3909.9280590200538,4000.001334245025,892.9463758958897,3807.3886850230833,-3.0301640132179206,-4.815314624346151,5.0589174144371265,-1.8409339285379012,3.124852158800134
873,res50,BGGBLBBLBBBLGGGLBG,"((4,), (3, 3), (1, 7), (3,), (5,), (2,), (6,), (5,), (1,), (6,), (5,), (5,), (2, 0), (0, 5), (3, 3), (3,), (2,), (3, 5))",20.5613,737.9378400000002,758.4991400000001,4168.556329226329,4632.499574994619,85.71093725212131,3418.496730172448,3504.207667424569,730.7719073411986,3303.870381246336,-3.655539103024103,-5.717049478562207,6.063715069313924,-2.139729006053118,3.79423899307826
874,res50,BGGBLBBLBBBLGGGLBG,"((7,), (1, 0), (4, 1), (3,), (0,), (2,), (3,), (5,), (6,), (5,), (5,), (5,), (3, 1), (4, 2), (0, 4), (5,), (3,), (4, 5))",14.8015,754.69856,769.5000600000001,5127.611432178932,4655.605827307643,75.89634061339646,3513.579013796687,3589.475354410084,737.977959159646,3380.4572745930273,-4.096439036061157,-5.823081625571102,6.183130353044342,-1.8003946591296882,4.2714149452713945
875,res50,BGGBLBBLBBBLGGGLBG,"((2,), (2, 4), (2, 1), (3,), (5,), (7,), (7,), (5,), (2,), (3,), (1,), (1,), (2, 7), (2, 3), (4, 7), (3,), (3,), (2, 5))",30.5841,702.09435,732.67845,3712.872227441628,4750.056902118577,113.55485549129747,3334.988113155956,3448.542968647253,712.5998996760595,3285.1126762122044,-2.740431402607853,-4.73911138474684,4.974876314546595,-2.054995730458718,2.8176470882283415
876,res50,BGGBLBBLBBBLGGGLBG,"((4,), (3, 3), (3, 7), (6,), (0,), (6,), (3,), (3,), (5,), (7,), (0,), (3,), (3, 7), (4, 2), (4, 5), (3,), (1,), (1, 2))",21.6093,680.62386,702.23316,4022.6700948071534,4885.117391426583,86.92708487971622,3324.927455505892,3411.8545403856083,690.1419461973995,3267.570889249908,-1.7218232477942887,-4.228892217644,4.415624206054236,-2.5509925526710915,1.7519894087327421
877,res50,BGGBLBBLBBBLGGGLBG,"((2,), (3, 0), (3, 5), (0,), (3,), (1,), (4,), (4,), (3,), (2,), (3,), (4,), (2, 1), (0, 2), (1, 4), (3,), (2,), (2, 3))",30.6354,823.4747599999998,854.1101599999998,3682.5243653809216,4317.89513118472,112.8156069431907,3555.6776568575056,3668.493263800696,827.94275639142,3479.2743255838277,-3.063703586968207,-5.15794699922197,5.4384598772652515,-2.1604326653150463,3.160532948271722
878,res50,BGGBLBBLBBBLGGGLBG,"((3,), (3, 6), (2, 4), (5,), (4,), (4,), (7,), (3,), (6,), (6,), (4,), (3,), (3, 7), (4, 5), (1, 0), (0,), (6,), (0, 6))",24.7862,667.58046,692.36666,3895.825325630253,4880.732110828974,96.56270568613655,3258.2813876839778,3354.8440933701145,664.7699747235807,3152.6854186536702,-3.9858483764107433,-6.025873903230042,6.412269156964428,-2.1247133806034646,4.151313435582635
879,res50,BGGBLBBLBBBLGGGLBG,"((4,), (1, 5), (3, 1), (5,), (5,), (7,), (3,), (5,), (4,), (7,), (2,), (0,), (2, 5), (0, 0), (0, 5), (3,), (7,), (0, 4))",20.9964,814.1288000000001,835.1252000000001,4044.540848800322,4574.141420493524,84.92079747775108,3723.940265696688,3808.861063174439,803.6542490555147,3589.5369693428643,-3.768411125000822,-5.758259232716207,6.110094301988099,-2.067770189578929,3.915981403877497
880,res50,GGGGLLBGGGGGLBGLBG,"((2, 2), (3, 1), (0, 7), (2, 1), (4,), (5,), (6,), (3, 5), (3, 6), (3, 6), (1, 2), (0, 3), (1,), (4,), (4, 4), (5,), (4,), (1, 7))",26.574,756.61432,783.18832,3805.7963467823015,4678.019827861555,101.13523211939288,3539.456791003988,3640.592023123381,769.8437351328643,3515.4504656177883,-1.7038794535566775,-3.4373958057027663,3.559758805578877,-1.7635653803112412,1.733414751349847
881,res50,GGGGLLBGGGGGLBGLBG,"((3, 5), (3, 1), (0, 5), (2, 3), (2,), (0,), (1,), (0, 3), (4, 1), (1, 0), (0, 1), (2, 6), (3,), (7,), (1, 7), (5,), (2,), (4, 6))",15.3212,904.8724000000004,920.1936000000004,4676.982716450217,4372.846420219656,71.65698759527706,3956.86803509557,4028.525022690847,892.9746521775112,3847.707991001226,-2.9579588276303164,-4.48841773778643,4.69934392403228,-1.5771091494640372,3.0481209915775276
882,res50,GGGGLLBGGGGGLBGLBG,"((1, 1), (3, 1), (4, 4), (0, 6), (3,), (2,), (0,), (4, 2), (4, 4), (1, 5), (2, 6), (0, 3), (3,), (1,), (3, 7), (1,), (0,), (0, 6))",35.6681,911.8624,947.5305,3588.7911552824844,4347.1262410993895,128.00536180573118,3963.980967311868,4091.9863291175993,915.1775124192154,3912.4870556212536,-3.414453421898772,-4.3866049165187,4.587856034908804,-1.0065186035198659,3.5351598068948986
883,res50,GGGGLLBGGGGGLBGLBG,"((3, 3), (4, 6), (3, 1), (4, 6), (4,), (3,), (0,), (0, 6), (4, 4), (0, 5), (3, 4), (1, 7), (2,), (4,), (0, 3), (5,), (2,), (3, 5))",21.4407,856.50544,877.94614,4014.025999417249,4475.458806124847,86.06352724570542,3833.254813941837,3919.318341187542,856.5654443143434,3750.4512855775797,-2.4353083533867617,-4.30858228165248,4.502579629799293,-1.9200326436236557,2.496095987478371
884,res50,GGGGLLBGGGGGLBGLBG,"((0, 5), (1, 4), (4, 5), (4, 0), (0,), (5,), (5,), (3, 5), (1, 2), (0, 3), (1, 1), (0, 0), (0,), (0,), (0, 1), (1,), (0,), (2, 4))",15.984,1116.2856200000003,1132.2696200000005,4297.187452269954,4062.379773579087,68.68624423708293,4534.776124225193,4603.462368462276,1089.3835773698459,4388.108989302886,-3.7876175314281255,-4.678074065180767,4.907657938405084,-0.9255113644478307,3.936725642009085
885,res50,GGGGLLBGGGGGLBGLBG,"((4, 2), (0, 3), (3, 7), (1, 7), (5,), (3,), (4,), (1, 5), (2, 6), (2, 0), (0, 2), (2, 5), (2,), (4,), (1, 2), (5,), (0,), (3, 7))",23.201,896.7683099999999,919.96931,4252.98258494773,4333.59353910258,98.6734489533723,3886.229354287939,3984.902803241311,895.8747942518165,3824.1212963884886,-2.6190564713711404,-4.034766085688293,4.204403950383708,-1.4537850661725615,2.68949588745888
886,res50,GGGGLLBGGGGGLBGLBG,"((0, 5), (2, 0), (0, 0), (4, 5), (5,), (1,), (0,), (1, 2), (1, 5), (1, 3), (2, 1), (4, 6), (4,), (0,), (2, 7), (5,), (0,), (2, 0))",17.5891,971.5442499999998,989.1333499999998,4149.148305028302,4239.647133915478,72.9797844519733,4119.004794984561,4191.984579436535,959.5488307362934,4019.542437950718,-2.990953572003856,-4.113615835604897,4.290093814104187,-1.1572758468812723,3.083169747703739
887,res50,GGGGLLBGGGGGLBGLBG,"((3, 5), (3, 0), (2, 4), (0, 7), (3,), (2,), (2,), (3, 4), (0, 3), (0, 0), (3, 5), (4, 6), (1,), (3,), (4, 5), (4,), (7,), (3, 2))",16.8639,804.9606099999999,821.8245099999999,4312.748912198913,4558.675516362278,72.72976638043124,3669.554224443044,3742.283990823475,807.0190948174705,3628.8600733005237,-1.8015300106502512,-3.0308741346482595,3.125607359662958,-1.2518974319369147,1.8345805294579856
888,res50,GGGGLLBGGGGGLBGLBG,"((2, 5), (4, 6), (0, 5), (2, 3), (2,), (1,), (5,), (3, 6), (1, 7), (2, 6), (1, 4), (1, 4), (5,), (4,), (4, 6), (0,), (2,), (3, 7))",14.9407,827.2188600000002,842.1595600000002,4697.321482683983,4497.902106157639,70.18127107633659,3720.7494526473215,3790.930723723658,823.1881866364033,3662.179271652465,-2.2527053381186875,-3.396301896667905,3.5157058822272638,-1.169952132695894,2.3046216735829446
889,res50,GGGGLLBGGGGGLBGLBG,"((3, 1), (1, 3), (4, 0), (0, 7), (3,), (4,), (4,), (0, 4), (4, 2), (0, 2), (2, 4), (3, 5), (4,), (3,), (2, 3), (1,), (6,), (3, 1))",36.414,816.2692799999999,852.6832799999999,3632.097446488296,4496.826815944191,132.25919641642483,3670.621587335457,3802.880783751882,833.7068988861163,3656.137802392975,-2.225489998336027,-3.8587320955702396,4.013606414475479,-1.6704170618767757,2.276145386254716
890,res50,GGBGLGBBLGBGLBGLLB,"((1, 1), (3, 4), (3,), (1, 5), (4,), (2, 2), (6,), (4,), (3,), (0, 5), (7,), (3, 5), (3,), (3,), (3, 4), (1,), (0,), (7,))",31.4652,750.0810399999999,781.5462399999999,3774.713484952037,4520.211208241569,118.77211474671284,3390.5247240974923,3509.296838844205,764.8016236961694,3363.472128866983,-2.142498478891093,-4.155382592976937,4.3355409050570906,-2.0569543293026284,2.189406479409173
891,res50,GGBGLGBBLGBGLBGLLB,"((1, 2), (0, 6), (4,), (2, 5), (2,), (1, 2), (1,), (4,), (1,), (4, 5), (0,), (0, 4), (1,), (5,), (4, 4), (0,), (1,), (4,))",25.6226,908.73201,934.35461,3739.124427736008,4270.205589606107,95.80608956210862,3880.472508555993,3976.278598118102,897.6657359133951,3775.911458751914,-3.9266541518540663,-5.0390618871881365,5.30645756806006,-1.1578734200559186,4.087142086277045
892,res50,GGBGLGBBLGBGLBGLLB,"((1, 3), (2, 7), (5,), (1, 2), (5,), (0, 7), (6,), (0,), (1,), (4, 7), (6,), (2, 3), (4,), (5,), (3, 5), (0,), (5,), (4,))",19.385,781.1609100000001,800.54591,3930.031612831613,4570.301917801842,76.18366281474081,3570.141205084833,3646.324867899573,768.2820290380715,3447.657409706116,-4.030234938297108,-5.448430005302764,5.762389779046863,-1.4777519420765899,4.1994840101003765
893,res50,GGBGLGBBLGBGLBGLLB,"((2, 2), (3, 7), (1,), (2, 2), (4,), (0, 4), (6,), (4,), (2,), (0, 3), (3,), (4, 7), (1,), (7,), (1, 1), (5,), (5,), (3,))",24.6772,787.45678,812.13398,3750.0260451476624,4506.059045012039,92.54014272131788,3548.326746075055,3640.8668887963727,779.4943355505421,3421.606870255965,-4.01899751189549,-6.022192660080807,6.408100838422877,-2.087074625453696,4.18728436639698
894,res50,GGBGLGBBLGBGLBGLLB,"((4, 0), (0, 4), (6,), (0, 3), (1,), (4, 2), (0,), (5,), (0,), (1, 7), (1,), (0, 6), (1,), (5,), (3, 4), (1,), (2,), (4,))",44.101,936.75258,980.85358,3716.461586088988,4236.259919617591,163.89967240811046,3968.32740925237,4132.227081660481,944.1021591244069,3933.2750043917085,-3.7468814535593697,-4.814645307169968,5.058178669089559,-1.1093290999142027,3.892737721273479
895,res50,GGBGLGBBLGBGLBGLLB,"((1, 5), (4, 5), (7,), (4, 0), (1,), (1, 6), (7,), (3,), (0,), (3, 2), (7,), (2, 3), (2,), (0,), (2, 6), (2,), (0,), (5,))",14.981,806.42459,821.40559,4417.500371572873,4487.455499526084,66.1785730665332,3618.794461348568,3684.9730344151008,772.3546196842535,3440.885314055176,-5.971589542718651,-6.623867205548432,7.093747628346861,-0.6937027433066317,6.3508353631391605
896,res50,GGBGLGBBLGBGLBGLLB,"((2, 7), (4, 5), (6,), (0, 7), (5,), (0, 7), (3,), (0,), (1,), (1, 3), (6,), (0, 1), (5,), (2,), (4, 3), (2,), (2,), (4,))",11.9351,842.01076,853.94586,4994.3115115440105,4473.467492067802,59.60760732142892,3766.707762831304,3826.3153701527326,819.572792148876,3629.945512336366,-4.025204578089295,-5.132087630521901,5.40971915829049,-1.1533059774357324,4.19402256643973
897,res50,GGBGLGBBLGBGLBGLLB,"((0, 3), (3, 2), (5,), (0, 1), (0,), (3, 2), (7,), (7,), (1,), (3, 0), (2,), (4, 2), (5,), (5,), (1, 7), (2,), (1,), (3,))",20.2067,821.5103,841.717,3817.3713838612366,4459.067750260503,77.13647834226884,3663.1700852368313,3740.3065635791,796.4566164558111,3494.9886343173116,-5.3771497479781125,-6.558765306848098,7.019133820722918,-1.2487634389820548,5.682718004854441
898,res50,GGBGLGBBLGBGLBGLLB,"((0, 1), (1, 4), (3,), (3, 2), (0,), (3, 5), (4,), (0,), (5,), (2, 1), (4,), (3, 7), (2,), (4,), (2, 1), (0,), (1,), (5,))",34.2812,838.92612,873.20732,3576.9534696643927,4301.177348104326,122.62225728425898,3608.370024077051,3730.99228136131,840.9273351984222,3537.621424309701,-3.696714865099599,-5.182826510191931,5.46612635605408,-1.5431577884499104,3.838617613014227
899,res50,GGBGLGBBLGBGLBGLLB,"((2, 7), (1, 7), (2,), (2, 1), (0,), (4, 4), (7,), (6,), (5,), (2, 6), (1,), (4, 1), (4,), (5,), (1, 3), (1,), (5,), (5,))",11.9949,764.5230100000001,776.5179100000001,5052.13218253968,4578.933813859696,60.5998203163452,3500.7002619627947,3561.30008227914,735.2043616270217,3325.052921479593,-5.320360012427582,-6.633733618099238,7.105064682532072,-1.3871763832689392,5.619328519971058
900,res50,LLGLGGGLBBGBLLGBGG,"((1,), (5,), (0, 7), (1,), (0, 4), (1, 0), (1, 6), (0,), (5,), (1,), (1, 5), (1,), (5,), (5,), (3, 7), (2,), (1, 4), (4, 6))",83.6434,919.6375,1003.2809,3296.1948987542733,4310.295939258236,275.70494839446314,3963.909781839596,4239.61473023406,983.0626416027991,4071.31896460535,-2.015214123701636,-3.9696004551672597,4.133691491426128,-1.9945814179080275,2.0566602311564526
901,res50,LLGLGGGLBBGBLLGBGG,"((4,), (1,), (0, 5), (3,), (1, 1), (4, 5), (4, 1), (1,), (5,), (3,), (3, 3), (1,), (2,), (4,), (2, 5), (1,), (0, 1), (0, 4))",43.473,848.957,892.43,3448.9436389345,4341.029743100958,149.9359268153995,3685.34758761376,3835.283514429159,863.9996915871125,3649.226676976103,-3.1857185900168625,-4.8511886214687925,5.098527823084699,-1.7202730911146242,3.290546129786551
902,res50,LLGLGGGLBBGBLLGBGG,"((1,), (4,), (2, 2), (0,), (1, 7), (1, 1), (1, 2), (1,), (3,), (3,), (3, 7), (7,), (4,), (3,), (1, 7), (2,), (4, 4), (1, 7))",83.4395,810.9715,894.411,3274.547079296701,4490.0277677264085,273.22657102297705,3641.284553834737,3914.511124857714,870.0551702417378,3739.312413249498,-2.7231138434413475,-4.475621757610515,4.685318910167416,-1.8015666243147097,2.799343144124426
903,res50,LLGLGGGLBBGBLLGBGG,"((2,), (4,), (1, 5), (1,), (1, 5), (2, 2), (1, 7), (5,), (2,), (6,), (3, 1), (5,), (3,), (4,), (2, 5), (4,), (0, 5), (1, 5))",62.629,807.5002000000001,870.1292000000001,3321.8330635624548,4450.324337316026,208.04308293785297,3593.6377924475587,3801.680875385412,832.7253359949063,3573.1347065828218,-4.298656338058041,-6.011713668086893,6.396237129866315,-1.790003425740927,4.49174084038228
904,res50,LLGLGGGLBBGBLLGBGG,"((4,), (0,), (3, 4), (5,), (3, 2), (2, 4), (4, 4), (5,), (7,), (5,), (4, 0), (1,), (5,), (0,), (4, 3), (5,), (0, 2), (0, 7))",43.509,715.3083,758.8173,3498.4909400656807,4832.534024156815,152.21584231131772,3456.75169751177,3608.967539823088,742.9634109373592,3465.8502185442876,-2.0892893536613966,-3.965602896107399,4.129356788502884,-1.9163516739485296,2.133872116614582
905,res50,LLGLGGGLBBGBLLGBGG,"((0,), (1,), (4, 0), (5,), (3, 7), (2, 3), (2, 2), (4,), (7,), (2,), (1, 7), (4,), (1,), (4,), (0, 3), (1,), (4, 5), (4, 0))",121.906,831.406,953.312,3222.679279965619,4525.731674937482,392.8639403034888,3762.720468933072,4155.5844092365605,926.1849975926714,3963.77844959357,-2.8455534397268294,-4.615619387171302,4.838967719365294,-1.8219093516696039,2.928896762292298
906,res50,LLGLGGGLBBGBLLGBGG,"((5,), (4,), (4, 2), (2,), (2, 1), (1, 6), (3, 3), (0,), (6,), (7,), (4, 0), (4,), (2,), (2,), (0, 0), (3,), (2, 6), (0, 0))",36.5891,791.5437000000001,828.1328000000001,3578.147659420289,4552.828411115494,130.92120252529492,3603.76264599948,3734.683848524775,790.7870256218866,3513.1094972929927,-4.509635939804998,-5.932881074238869,6.30707216505818,-1.49045942848924,4.722608384823234
907,res50,LLGLGGGLBBGBLLGBGG,"((1,), (3,), (2, 7), (2,), (0, 5), (2, 3), (2, 1), (1,), (1,), (6,), (0, 1), (5,), (4,), (1,), (0, 0), (6,), (4, 5), (2, 6))",83.3317,927.4127000000002,1010.7444000000002,3267.625679413179,4307.003691038817,272.29680282915524,3994.369922016276,4266.666724845431,978.5896728697275,4055.289015079079,-3.1812916430971767,-4.954165005095634,5.212395688207937,-1.8311268473682942,3.2858232640018072
908,res50,LLGLGGGLBBGBLLGBGG,"((0,), (1,), (4, 3), (1,), (4, 7), (1, 2), (4, 5), (4,), (4,), (7,), (2, 7), (2,), (2,), (1,), (0, 3), (1,), (3, 2), (0, 3))",122.009,834.2207,956.2297,3214.508286692315,4452.875923937105,392.19894155104265,3714.681270279958,4106.880211831,932.1724413588655,3927.694038755778,-2.51584516158978,-4.363072790850519,4.562121471457205,-1.8949003890147038,2.5807734249325494
909,res50,LLGLGGGLBBGBLLGBGG,"((5,), (1,), (0, 4), (3,), (4, 2), (0, 4), (4, 2), (4,), (7,), (2,), (2, 3), (4,), (2,), (0,), (0, 6), (6,), (3, 7), (2, 0))",36.6544,842.1107000000001,878.7651000000001,3592.739464426877,4532.675078752736,131.68970942488855,3817.014183441022,3948.7038928659103,852.8845583037288,3756.841491296784,-2.9451034976549795,-4.858870322380017,5.107013484960736,-1.9718395399852946,3.0344718337665846
910,res50,LGGBBLLLBGLGLLLGBL,"((4,), (3, 4), (4, 4), (3,), (1,), (0,), (2,), (5,), (2,), (1, 5), (3,), (4, 4), (3,), (3,), (4,), (1, 4), (1,), (1,))",42.4133,707.8081,750.2214,3449.138104360519,4447.603012184802,146.28932916167398,3148.0494376088013,3294.338766770475,711.2838909782206,3079.1958197167983,-5.190135741499699,-6.53068680197049,6.9869849028784445,-1.4139362723015463,5.474257116694861
911,res50,LGGBBLLLBGLGLLLGBL,"((5,), (3, 6), (1, 3), (5,), (2,), (5,), (4,), (2,), (2,), (0, 3), (2,), (2, 1), (1,), (3,), (5,), (1, 3), (0,), (2,))",35.8968,778.20161,814.09841,3608.585050724639,4320.313665961253,129.53665584885223,3362.0750505560486,3491.611706404901,772.3675290914812,3270.3126930542103,-5.126024126311557,-6.338018999785878,6.766906841070759,-1.2774787419976161,5.4029823026876755
912,res50,LGGBBLLLBGLGLLLGBL,"((0,), (4, 0), (1, 6), (6,), (2,), (3,), (5,), (4,), (6,), (4, 1), (5,), (2, 6), (5,), (0,), (5,), (1, 4), (7,), (5,))",121.453,651.0265199999998,772.4795199999998,3212.5937577085365,4800.87022024269,390.1791496549749,3125.493832456232,3515.6729821112062,747.9003877429387,3347.1026232447443,-3.18184904851083,-4.7948247668141555,5.03630685524207,-1.6659848411188023,3.286417905362699
913,res50,LGGBBLLLBGLGLLLGBL,"((3,), (1, 0), (1, 5), (6,), (7,), (3,), (3,), (4,), (6,), (0, 7), (5,), (0, 6), (3,), (3,), (2,), (2, 2), (6,), (3,))",49.4187,719.67023,769.0889299999999,3380.682362299466,4614.450890896401,167.06892745776864,3320.8829339751173,3487.951861432886,731.1877070830219,3262.422241553372,-4.928067670532976,-6.465961367564981,6.912950046960506,-1.617610644225168,5.183514786945739
914,res50,LGGBBLLLBGLGLLLGBL,"((3,), (2, 7), (4, 7), (5,), (4,), (1,), (5,), (2,), (7,), (2, 4), (4,), (2, 5), (1,), (2,), (0,), (0, 6), (1,), (2,))",49.6466,747.9077300000001,797.5543300000002,3385.4822916666662,4494.042218517702,168.07768514145832,3361.128914175739,3529.2065993171973,756.6237521420594,3302.426145755523,-5.132011239653197,-6.425819718390811,6.867086304205346,-1.363798785706332,5.409634278868876
915,res50,LGGBBLLLBGLGLLLGBL,"((5,), (0, 6), (4, 0), (4,), (6,), (2,), (4,), (3,), (3,), (3, 7), (0,), (1, 7), (4,), (1,), (2,), (0, 2), (5,), (5,))",35.4215,750.8235,786.245,3625.247743741765,4451.364351007289,128.41171295494894,3342.188961798521,3470.6006747534702,744.7043059041255,3239.8600379681143,-5.283428714443276,-6.648435196358231,7.121932246494989,-1.4411485375665245,5.57814608651162
916,res50,LGGBBLLLBGLGLLLGBL,"((3,), (1, 2), (3, 3), (4,), (4,), (4,), (5,), (0,), (4,), (4, 5), (5,), (3, 1), (2,), (5,), (1,), (1, 2), (2,), (0,))",50.2924,663.06787,713.36027,3369.4088736631024,4578.033611415314,169.4556588378142,3035.54699550956,3205.0026543473737,685.2412489292383,3018.9639171817153,-3.941769993829588,-5.804635977861334,6.162337221285198,-1.9393090877398897,4.103521367795752
917,res50,LGGBBLLLBGLGLLLGBL,"((5,), (2, 5), (2, 4), (3,), (0,), (3,), (1,), (4,), (6,), (0, 0), (4,), (2, 2), (2,), (1,), (3,), (3, 7), (3,), (2,))",35.9001,740.09035,775.9904499999999,3597.5738188405794,4422.24337735599,129.1532598537587,3272.859648932576,3402.0129087863347,747.7364179374731,3216.7657117252606,-3.641028322259223,-5.445223226009476,5.758802899006277,-1.872368366262905,3.7786085289869393
918,res50,LGGBBLLLBGLGLLLGBL,"((1,), (4, 7), (1, 7), (5,), (6,), (0,), (1,), (1,), (6,), (4, 4), (1,), (0, 5), (3,), (5,), (3,), (0, 7), (7,), (3,))",82.7404,737.95222,820.69262,3253.897448065561,4615.249066761342,269.2287764119238,3405.8332946694604,3675.062071081384,785.5520440398802,3466.9183223074556,-4.2818194173745345,-5.66367981677878,6.0037107720321465,-1.4436759986378986,4.47336064195078
919,res50,LGGBBLLLBGLGLLLGBL,"((5,), (0, 5), (2, 0), (1,), (1,), (1,), (1,), (3,), (7,), (0, 5), (0,), (0, 6), (3,), (4,), (0,), (4, 5), (5,), (2,))",35.9681,882.0730599999998,918.04116,3600.708369565217,4279.258294255496,129.51063870735868,3774.618458144325,3904.129096851684,874.3198777447209,3687.424122628105,-4.762453380116324,-5.550661078249984,5.87686599145878,-0.8276228505544914,5.000604855062505
920,res50,BBGBGLLBBBLLLLGBBB,"((3,), (5,), (0, 3), (7,), (0, 3), (0,), (2,), (4,), (1,), (1,), (3,), (4,), (1,), (2,), (2, 1), (4,), (2,), (6,))",16.7975,827.1684,843.9659,3958.6660982889657,4283.73288382212,66.4956937860089,3543.368475538529,3609.8641693245377,817.7379614548657,3432.497183068009,-3.1077012169726634,-4.913397788308391,5.167287161412785,-1.86361206619657,3.2073769081811045
921,res50,BBGBGLLBBBLLLLGBBB,"((3,), (0,), (0, 3), (0,), (4, 0), (3,), (2,), (7,), (4,), (7,), (2,), (4,), (4,), (3,), (0, 1), (0,), (5,), (7,))",18.007,878.1083,896.1152999999999,4090.086689903234,4333.509428340793,73.65019102508754,3805.290597154306,3878.9407881793936,864.8178883279716,3654.4566118406515,-3.4925652616385836,-5.787254526360153,6.142751171580482,-2.3777331466146907,3.618959794245071
922,res50,BBGBGLLBBBLLLLGBBB,"((3,), (2,), (3, 7), (3,), (3, 1), (2,), (3,), (3,), (6,), (0,), (1,), (2,), (1,), (0,), (2, 5), (5,), (2,), (6,))",16.8438,730.3352,747.179,3959.044763406528,4469.702963668209,66.68535818586689,3264.381407911214,3331.0667660970807,727.8085896102791,3168.2297413768815,-2.5924725386715712,-4.888434731405606,5.139684871761606,-2.357068547546835,2.6614704286594413
923,res50,BBGBGLLBBBLLLLGBBB,"((7,), (6,), (4, 3), (2,), (1, 6), (3,), (5,), (7,), (1,), (5,), (4,), (2,), (5,), (5,), (4, 1), (7,), (3,), (5,))",9.69824,613.90716,623.6054,5010.4886507936535,5099.660029761504,48.592921452673046,3130.7178058364007,3179.310727289074,598.2168222538373,2983.4117695976092,-4.07125687913586,-6.161680140604036,6.566272872144858,-2.1791417185925055,4.24404276203884
924,res50,BBGBGLLBBBLLLLGBBB,"((6,), (1,), (2, 0), (4,), (4, 7), (0,), (3,), (6,), (4,), (5,), (2,), (4,), (2,), (2,), (1, 7), (2,), (0,), (6,))",13.9611,752.5056,766.4667,4768.809480519481,4526.355540197896,66.57782603848054,3406.1078915899416,3472.685717628422,731.9319965533953,3241.4191971596765,-4.50570174106777,-6.65958682338472,7.134730388201395,-2.2555117128320097,4.7182939957845385
925,res50,BBGBGLLBBBLLLLGBBB,"((2,), (4,), (1, 6), (3,), (2, 1), (1,), (0,), (3,), (0,), (2,), (2,), (4,), (2,), (1,), (3, 5), (2,), (2,), (5,))",22.2329,796.2066,818.4395,3751.441074283904,4304.494984728851,83.40541426044662,3427.26731650801,3510.672730768457,796.6597442240934,3335.757914221421,-2.661132041636132,-4.9823731791926,5.243630414584869,-2.384701184884697,2.7338843130725676
926,res50,BBGBGLLBBBLLLLGBBB,"((4,), (6,), (2, 2), (3,), (1, 2), (0,), (0,), (2,), (6,), (7,), (3,), (2,), (0,), (0,), (1, 4), (6,), (5,), (6,))",14.4648,774.1399,788.6047,4241.912841880341,4494.952719267354,61.35842087523076,3479.722248598357,3541.0806694735884,751.4312951330163,3315.8467453662893,-4.713819847508349,-6.360598504545846,6.792651814262864,-1.7282450134973026,4.947013134501326
927,res50,BBGBGLLBBBLLLLGBBB,"((3,), (2,), (4, 6), (0,), (0, 1), (4,), (4,), (4,), (2,), (3,), (5,), (3,), (2,), (4,), (2, 1), (7,), (1,), (0,))",24.3992,761.7812,786.1804,3737.5917438770366,4445.656313885295,91.19424847720458,3386.617401579117,3477.811650056321,761.9401280337726,3289.415820445105,-3.083296399430385,-5.417079720466317,5.72733396733416,-2.4080300240651478,3.1813880217571393
928,res50,BBGBGLLBBBLLLLGBBB,"((4,), (7,), (0, 3), (1,), (1, 2), (3,), (3,), (5,), (3,), (5,), (2,), (0,), (2,), (4,), (0, 3), (6,), (7,), (0,))",20.0173,807.5764000000001,827.5937000000001,3915.2533462615816,4439.353474479721,78.37280080812195,3585.1170972478253,3663.4898980559474,787.344839339292,3419.262778198054,-4.86335996283057,-6.6665154443989,7.142683546147359,-1.8953323145150633,5.111973642258631
929,res50,BBGBGLLBBBLLLLGBBB,"((1,), (2,), (2, 5), (0,), (0, 1), (1,), (4,), (3,), (5,), (2,), (1,), (0,), (3,), (0,), (2, 6), (6,), (3,), (0,))",37.9354,863.1104000000001,901.0458,3486.4224254830347,4238.553536179221,132.25882927966913,3658.3396380330623,3790.5984673127314,860.1053920014391,3567.2761034028235,-4.543654495538505,-5.891480351603364,6.260304990042142,-1.411981413013419,4.7599292341713895
930,res50,LLLBGBGLBBLGBGBLGL,"((4,), (3,), (3,), (6,), (0, 0), (1,), (0, 4), (0,), (1,), (0,), (0,), (2, 6), (4,), (2, 2), (2,), (4,), (0, 6), (5,))",34.5477,985.9932,1020.5409,3435.4680093358534,4117.034543328903,118.68751814613226,4059.368063887404,4178.055582033536,947.0761512159123,3847.0379991602117,-7.198608971388373,-7.9227663771818895,8.604479158916114,-0.7803303353182052,7.75700546252477
931,res50,LLLBGBGLBBLGBGBLGL,"((1,), (5,), (3,), (4,), (1, 6), (5,), (2, 6), (2,), (7,), (4,), (2,), (1, 4), (1,), (3, 1), (3,), (2,), (4, 6), (5,))",70.6719,725.7388000000001,796.4107,3250.8313569683105,4641.800734337402,229.7424285765288,3368.734894777145,3598.477323353674,763.8637539341304,3401.6871153282646,-4.086703765515661,-5.46870774336315,5.785076679705725,-1.4408888361722352,4.260831319491604
932,res50,LLLBGBGLBBLGBGBLGL,"((4,), (5,), (5,), (1,), (0, 3), (3,), (1, 0), (2,), (5,), (3,), (5,), (3, 6), (4,), (3, 5), (7,), (2,), (1, 4), (3,))",36.8764,745.6205,782.4969,3446.876273166447,4605.254710254245,127.10838819979516,3433.772319687125,3560.8807078869204,732.0951220184603,3277.5514162439927,-6.441147304422508,-7.9567195557938115,8.64454147808969,-1.6199132500082,6.88459415527546
933,res50,LLLBGBGLBBLGBGBLGL,"((4,), (2,), (1,), (6,), (1, 0), (1,), (3, 5), (0,), (4,), (0,), (1,), (1, 2), (3,), (3, 5), (1,), (5,), (4, 6), (2,))",38.322,828.7826000000001,867.1046000000001,3438.0283659818456,4353.638998342197,131.7521230411563,3608.2202485074417,3739.972371548598,821.4110850809466,3507.678756674852,-5.269665841820414,-6.211105104435859,6.622431271156408,-0.9938097136271443,5.562807192278231
934,res50,LLLBGBGLBBLGBGBLGL,"((3,), (1,), (4,), (5,), (1, 3), (1,), (1, 3), (0,), (7,), (7,), (1,), (2, 6), (5,), (3, 5), (7,), (1,), (0, 1), (0,))",48.1748,801.759,849.9338,3348.0947776148573,4566.8320808288445,161.29379629264022,3661.4987222932536,3822.792518585894,785.8062106295826,3495.3475148891544,-7.5450099019967745,-8.565597063004251,9.368024275180657,-1.1038746096080245,8.160738424176989
935,res50,LLLBGBGLBBLGBGBLGL,"((3,), (5,), (4,), (3,), (1, 7), (6,), (1, 7), (4,), (4,), (0,), (5,), (0, 5), (3,), (0, 1), (3,), (4,), (3, 7), (2,))",45.0089,816.8803999999999,861.8892999999999,3363.0918522745324,4452.92968583801,151.3690648698392,3637.510982939228,3788.880047809068,814.6135342246622,3516.3470600491814,-5.485131997268992,-7.192969540365354,7.750457594367104,-1.8069512016321119,5.803459406101582
936,res50,LLLBGBGLBBLGBGBLGL,"((5,), (4,), (3,), (4,), (1, 7), (0,), (4, 1), (0,), (2,), (4,), (2,), (1, 5), (4,), (4, 2), (5,), (2,), (3, 0), (2,))",32.5409,748.4529000000001,780.9938000000001,3597.6820431018264,4548.427878775673,117.07181159637224,3404.284036310501,3521.355847906874,735.456679149519,3260.257609072167,-5.830663553344607,-7.414707576057847,8.008515588098346,-1.6821229526349695,6.191679556590627
937,res50,LLLBGBGLBBLGBGBLGL,"((4,), (3,), (0,), (5,), (2, 2), (3,), (1, 7), (1,), (4,), (1,), (5,), (0, 3), (4,), (2, 1), (2,), (1,), (4, 0), (3,))",37.1931,804.8421000000001,842.0352,3447.106292522294,4397.303685440169,128.20856904841094,3539.1351325274054,3667.343701575816,795.4316258224243,3416.098872207668,-5.534634915212067,-6.850866725695514,7.354729437493692,-1.393348566749379,5.858903853538724
938,res50,LLLBGBGLBBLGBGBLGL,"((5,), (3,), (1,), (3,), (0, 7), (6,), (2, 6), (4,), (0,), (7,), (5,), (2, 3), (7,), (0, 2), (1,), (0,), (4, 2), (1,))",33.9078,889.1217000000003,923.0295000000002,3560.011524185958,4410.667898299503,120.71215875979264,3921.6205398714815,4042.332698631275,864.4373673149836,3731.7031461929014,-6.3478071594696175,-7.68441332262315,8.324069205646193,-1.4272022070316008,6.778065699196769
939,res50,LLLBGBGLBBLGBGBLGL,"((5,), (3,), (0,), (6,), (0, 3), (7,), (0, 1), (5,), (0,), (3,), (4,), (4, 4), (3,), (0, 7), (6,), (3,), (2, 2), (5,))",30.0347,854.7897999999999,884.8245,3592.1188746055263,4440.797670151386,107.8882127631146,3795.948552309169,3903.836765072284,837.0217188183368,3619.725460338684,-5.40251554762138,-7.277745506050614,7.848973847508785,-1.9823253961613045,5.711056249430266
940,res50,GGBBGGGGBGGBLGBBLL,"((4, 2), (2, 1), (5,), (1,), (3, 4), (3, 0), (1, 4), (3, 5), (7,), (0, 0), (0, 3), (5,), (4,), (0, 7), (1,), (5,), (2,), (1,))",28.5082,850.8075999999999,879.3157999999999,3802.621398192452,4408.255321914674,108.40589134395006,3750.5771306254505,3858.9830219694,847.476535376901,3671.937571778,-3.6209135128811374,-4.847014074084808,5.093916945348012,-1.2721645388987424,3.7569494014296203
941,res50,GGBBGGGGBGGBLGBBLL,"((0, 1), (2, 0), (7,), (1,), (3, 1), (1, 7), (2, 2), (2, 2), (7,), (3, 7), (3, 1), (1,), (2,), (3, 4), (5,), (3,), (2,), (4,))",36.5137,753.3525000000002,789.8662000000002,3548.672255509386,4582.9386464474965,129.57515413599307,3452.5682866478387,3582.143440783832,762.1667081813191,3391.833320108929,-3.506858733628689,-5.312744277857839,5.610833514330568,-1.8715170016529663,3.634308809522451
942,res50,GGBBGGGGBGGBLGBBLL,"((3, 0), (2, 4), (5,), (2,), (1, 4), (3, 3), (4, 3), (4, 6), (6,), (1, 5), (2, 3), (7,), (0,), (0, 4), (4,), (3,), (2,), (0,))",53.3229,773.7184,827.0413,3489.466304064711,4535.094344211987,186.06846278501217,3508.8859398527475,3694.95440263776,790.6064060517205,3486.347593471916,-4.405450362428034,-5.645720797445387,5.983534446090627,-1.2974279806951354,4.608474415257381
943,res50,GGBBGGGGBGGBLGBBLL,"((3, 0), (2, 7), (7,), (6,), (2, 0), (3, 7), (2, 7), (1, 1), (7,), (1, 7), (2, 2), (4,), (0,), (3, 7), (6,), (5,), (1,), (0,))",53.4773,734.1008999999999,787.5781999999999,3495.700538320076,4742.075873017289,186.9406263979042,3481.162166250277,3668.102792648181,738.3458935449831,3412.750309198016,-6.251100710382384,-6.961432050430998,7.482307825507806,-0.7576956587556202,6.667919045183577
944,res50,GGBBGGGGBGGBLGBBLL,"((3, 7), (4, 3), (2,), (6,), (4, 2), (3, 5), (3, 2), (3, 7), (7,), (3, 4), (1, 3), (2,), (2,), (3, 1), (2,), (6,), (3,), (4,))",15.2356,646.0667000000001,661.3023000000001,4899.533227050726,4925.83662053068,74.64732843405405,3182.419010165409,3257.066338599463,628.0806066613842,3039.5495763759955,-5.0236772711384585,-6.678303098886211,7.156216957737842,-1.7421456003001712,5.289399638560506
945,res50,GGBBGGGGBGGBLGBBLL,"((1, 2), (0, 7), (3,), (6,), (2, 6), (1, 6), (2, 0), (0, 2), (1,), (0, 3), (3, 3), (7,), (2,), (1, 1), (0,), (3,), (2,), (5,))",27.8765,1002.539,1030.4155,3672.011947024425,4160.014341528089,102.36284104122636,4170.5766179412285,4272.939458982455,974.4263971782229,3982.3123441622893,-5.433643304257081,-6.801573427613573,7.29794877205447,-1.4465293695914128,5.745852430097567
946,res50,GGBBGGGGBGGBLGBBLL,"((0, 4), (4, 4), (1,), (3,), (1, 7), (4, 3), (4, 7), (4, 6), (5,), (3, 6), (4, 1), (6,), (2,), (0, 2), (0,), (0,), (0,), (2,))",19.7842,911.6312,931.4154,3961.350930295193,4349.050736844167,78.37215907514614,3964.730342090132,4043.102501165278,889.5510492875317,3803.0359315627793,-4.494702440228958,-5.93768200369168,6.312498065298285,-1.5108895530738984,4.706233638417789
947,res50,GGBBGGGGBGGBLGBBLL,"((3, 5), (2, 0), (7,), (5,), (3, 0), (1, 0), (3, 7), (2, 0), (4,), (1, 2), (0, 4), (4,), (4,), (3, 0), (2,), (5,), (0,), (1,))",18.2843,783.0529999999999,801.3372999999999,4172.917735597735,4483.6852072527,76.29887975298968,3510.963152594848,3587.2620323478377,758.3087344508308,3348.315778985428,-5.369594744830812,-6.660964579886599,7.136311779852862,-1.3646457833226469,5.6742806187417125
948,res50,GGBBGGGGBGGBLGBBLL,"((2, 7), (3, 3), (0,), (4,), (2, 0), (0, 3), (1, 7), (1, 0), (3,), (3, 7), (2, 3), (2,), (5,), (3, 7), (0,), (0,), (4,), (4,))",14.4709,929.5948,944.0657,4860.6797940947945,4224.4198457851935,70.33841123236635,3926.998721658718,3997.337132891085,905.6998730661173,3762.647385877086,-4.0638937453063555,-5.87115219987109,6.237356917762106,-1.8838146815827468,4.2360419908198255
949,res50,GGBBGGGGBGGBLGBBLL,"((1, 0), (4, 0), (5,), (5,), (4, 1), (3, 1), (1, 6), (0, 3), (4,), (4, 5), (0, 1), (5,), (2,), (4, 6), (7,), (4,), (4,), (1,))",53.3413,709.7237,763.065,3430.7987426194245,4796.34285069513,183.0032649696855,3404.078194463896,3587.081459433581,734.4852144791241,3381.3204284843337,-3.7453933178531225,-5.736168338416776,6.085227215259188,-2.0682386944217868,3.8911314969279376
950,res50,GLGBLLLLBLLBLGBLBG,"((3, 3), (2,), (4, 3), (2,), (5,), (0,), (5,), (5,), (6,), (0,), (3,), (4,), (0,), (0, 6), (5,), (4,), (6,), (0, 4))",21.0972,695.8127599999999,716.90996,3965.184928184562,4582.93374571506,83.65429946689535,3188.8637785031333,3272.518077970029,672.7864362238546,3025.9073014906967,-6.154681373954598,-7.5358109750246856,8.149977904407084,-1.4717085745892333,6.558325406171577
951,res50,GLGBLLLLBLLBLGBLBG,"((3, 5), (1,), (3, 2), (1,), (0,), (4,), (5,), (2,), (6,), (3,), (0,), (6,), (0,), (2, 6), (2,), (5,), (3,), (2, 6))",15.1851,733.9793500000001,749.1644500000001,4539.746829004328,4404.375345815262,68.93650957311363,3232.720553477512,3301.6570630506253,699.3966338620629,3044.214792693907,-6.6431096854552,-7.797365548281685,8.456770887999681,-1.2363906498357826,7.115821513626643
952,res50,GLGBLLLLBLLBLGBLBG,"((4, 5), (2,), (4, 6), (4,), (5,), (0,), (5,), (4,), (1,), (2,), (5,), (6,), (5,), (0, 2), (7,), (1,), (0,), (4, 7))",15.2535,612.0645900000001,627.3180900000001,4860.352900432899,4573.62735838258,74.13739296675324,2799.355353921217,2873.4927468879705,690.2579377198415,3092.6103790300954,10.033163194742462,7.625480606465148,-7.085200050671905,-2.1881426638767825,-9.118308429418896
953,res50,GLGBLLLLBLLBLGBLBG,"((3, 3), (5,), (4, 6), (2,), (4,), (3,), (1,), (4,), (1,), (3,), (4,), (5,), (3,), (1, 7), (5,), (5,), (5,), (2, 6))",20.6116,616.11848,636.7300799999999,4091.156767676768,4732.178011491351,84.32528683264647,2915.5823235294733,2999.90761036212,598.8444270646235,2750.7628470847603,-5.950033479708776,-8.305081210393855,9.057297089111167,-2.5040388825412183,6.32645996575135
954,res50,GLGBLLLLBLLBLGBLBG,"((2, 4), (0,), (0, 4), (6,), (0,), (1,), (5,), (2,), (7,), (3,), (5,), (5,), (5,), (1, 7), (5,), (4,), (2,), (3, 0))",21.1503,726.5211199999999,747.6714199999999,3975.402514095383,4544.004356387701,84.08095579387158,3301.315134287671,3385.3960900815423,705.7703179171477,3134.528497177218,-5.604213423438355,-7.4102877840294825,8.003359775808114,-1.9132997627243291,5.936931749483278
955,res50,GLGBLLLLBLLBLGBLBG,"((1, 2), (2,), (4, 3), (4,), (2,), (4,), (3,), (2,), (6,), (5,), (3,), (3,), (2,), (1, 5), (3,), (0,), (4,), (4, 3))",26.0143,672.20475,698.21905,3803.219672342621,4508.027432478459,98.93809752222263,3030.3174532423245,3129.255550764547,658.9151380140672,2890.658542764768,-5.629166374926724,-7.624721091937812,8.25407098313222,-2.114588417157836,5.9649429370210765
956,res50,GLGBLLLLBLLBLGBLBG,"((1, 5), (1,), (4, 4), (1,), (0,), (5,), (4,), (3,), (6,), (5,), (0,), (7,), (5,), (3, 7), (3,), (3,), (1,), (0, 1))",17.2112,708.5783000000001,725.7895000000001,4184.6970779220765,4550.196388186283,72.02365834753245,3224.170421407177,3296.194079754709,683.2478917201572,3038.9241503188828,-5.8614251487301585,-7.805060115118324,8.46582266322212,-2.064653060086089,6.226379736458362
957,res50,GLGBLLLLBLLBLGBLBG,"((1, 5), (0,), (2, 3), (0,), (1,), (3,), (1,), (3,), (7,), (2,), (1,), (4,), (1,), (0, 4), (1,), (5,), (2,), (1, 1))",16.9709,862.0381300000001,879.0090300000002,4206.274487179488,4185.080404033738,71.38426369447437,3607.698885392888,3679.0831490873625,819.4656482049995,3383.1500013714917,-6.773921514207952,-8.043665655919742,8.747266529592324,-1.3620053126071432,7.266122982144228
958,res50,GLGBLLLLBLLBLGBLBG,"((1, 6), (5,), (3, 1), (7,), (3,), (2,), (3,), (2,), (1,), (5,), (1,), (3,), (3,), (4, 2), (4,), (5,), (3,), (3, 3))",14.8386,636.2597200000001,651.0983200000002,4545.666944444446,4637.369278228126,67.45133352183335,2950.5712785020305,3018.022612023864,613.0895860565158,2784.5895552326933,-5.837633545650116,-7.734635779770787,8.383032837012278,-2.0146076458691535,6.199539970652933
959,res50,GLGBLLLLBLLBLGBLBG,"((4, 7), (2,), (3, 1), (6,), (4,), (3,), (3,), (4,), (0,), (2,), (3,), (0,), (4,), (4, 0), (2,), (0,), (6,), (4, 3))",13.4773,722.0745400000001,735.5518400000001,5181.395432900433,4443.614023334367,69.831220667829,3208.6205518367124,3278.451772504541,684.9867278412823,3007.8665473383053,-6.874445743853721,-8.253445343791803,8.995918565791419,-1.480796126211576,7.381911225940438
960,res50,BLBGGBBBGBLBBBLLBL,"((3,), (4,), (7,), (2, 6), (0, 6), (2,), (1,), (6,), (2, 4), (3,), (3,), (3,), (4,), (6,), (3,), (3,), (7,), (4,))",26.076,715.97287,742.04887,3780.74628279701,4639.339620670791,98.58674007021484,3321.641303116377,3420.2280431865925,691.4832898189833,3134.6494967413664,-6.814319410124119,-8.349693144412539,9.1103820935036,-1.6476498584002799,7.312625037439972
961,res50,BLBGGBBBGBLBBBLLBL,"((4,), (2,), (1,), (2, 0), (3, 5), (1,), (2,), (6,), (2, 1), (4,), (4,), (1,), (3,), (7,), (4,), (1,), (5,), (4,))",22.3398,731.0500999999999,753.3898999999999,3995.836058500325,4508.365296899483,89.26617837968556,3295.8409011348967,3385.1070795145824,683.5161164703061,3042.454229695351,-9.274584584913313,-10.122363688074742,11.262383061504348,-0.9344449945835672,10.222697292131711
962,res50,BLBGGBBBGBLBBBLLBL,"((1,), (3,), (3,), (3, 3), (1, 2), (3,), (2,), (3,), (4, 5), (3,), (5,), (0,), (1,), (5,), (4,), (4,), (6,), (5,))",41.8686,721.0005099999998,762.8691099999999,3508.635528679493,4552.705604685022,146.9016574960702,3282.503062857759,3429.404720353829,711.9746092305097,3139.9491385061074,-6.671459114328297,-8.4404030859868,9.218479952367503,-1.8953944365480488,7.14835895966798
963,res50,BLBGGBBBGBLBBBLLBL,"((0,), (5,), (2,), (2, 4), (4, 7), (7,), (4,), (1,), (3, 2), (4,), (3,), (2,), (4,), (2,), (5,), (1,), (0,), (5,))",61.2855,747.0687000000001,808.3542000000001,3398.358952693646,4530.984963459363,208.2701275953065,3384.9570463711343,3593.2271739664407,764.3594954837876,3323.7025770835703,-5.442503362537431,-7.5009061168084,8.109167130091674,-2.1768794939262923,5.7557608397822
964,res50,BLBGGBBBGBLBBBLLBL,"((3,), (5,), (4,), (1, 2), (2, 7), (0,), (6,), (4,), (2, 3), (0,), (1,), (3,), (0,), (5,), (1,), (4,), (1,), (3,))",26.1982,865.7995399999998,891.9977399999998,3786.840224888202,4251.633380648873,99.2083975796661,3681.062225214438,3780.270622794104,815.6211443784039,3417.8093926540437,-8.562420306311084,-9.588234978588781,10.60507443507834,-1.1218742618889626,9.364224572648062
965,res50,BLBGGBBBGBLBBBLLBL,"((7,), (4,), (5,), (3, 5), (1, 7), (7,), (0,), (6,), (1, 2), (1,), (1,), (2,), (3,), (0,), (4,), (5,), (3,), (0,))",15.6436,788.28061,803.92421,4798.918278943279,4478.037975342696,75.07235798847708,3529.9505068063054,3605.0228647947824,743.9389356817237,3291.5922285193883,-7.46155838723607,-8.694275959695926,9.522158715764744,-1.3321140392857147,8.063198663383263
966,res50,BLBGGBBBGBLBBBLLBL,"((4,), (5,), (4,), (4, 1), (2, 5), (0,), (2,), (5,), (3, 6), (1,), (0,), (2,), (5,), (3,), (3,), (4,), (5,), (0,))",22.4168,730.0781000000001,752.4949,3932.3120256098377,4540.803409879109,88.14985221569061,3315.1411259580614,3403.290978173752,689.8683764293751,3078.4907446830866,-8.322518009175205,-9.543710354880007,10.550632125551582,-1.33205266897166,9.078039479758106
967,res50,BLBGGBBBGBLBBBLLBL,"((0,), (0,), (0,), (1, 6), (0, 4), (7,), (3,), (4,), (3, 2), (0,), (4,), (7,), (6,), (0,), (0,), (5,), (3,), (2,))",61.2914,960.1262,1021.4176,3369.212552488162,4229.4124748894055,206.5037542395729,4060.7697277481607,4267.273481987733,941.1633266894694,3888.200729988969,-7.857146118348715,-8.88325422776017,9.749310242011061,-1.1136057395502375,8.52713562403923
968,res50,BLBGGBBBGBLBBBLLBL,"((4,), (2,), (4,), (2, 2), (4, 2), (3,), (6,), (4,), (1, 7), (5,), (4,), (0,), (3,), (1,), (5,), (5,), (1,), (3,))",22.2813,731.63932,753.92062,4011.5169729045474,4558.412048346887,89.3818131283781,3335.113491332323,3424.495304460701,694.241152979523,3101.8770430072173,-7.9158820487595865,-9.420899512790848,10.400743065582981,-1.6343941794916121,8.596359746803607
969,res50,BLBGGBBBGBLBBBLLBL,"((7,), (0,), (1,), (0, 3), (3, 5), (6,), (4,), (4,), (2, 2), (3,), (4,), (6,), (3,), (1,), (3,), (4,), (5,), (0,))",15.7812,740.84933,756.63053,4803.684015429014,4533.083193189274,75.80789818428835,3358.3316465085345,3434.1395446928227,694.1962837256325,3117.8848798804825,-8.251616052866321,-9.20913843763529,10.143243801370344,-1.043639510120087,8.99374539133134
970,res50,BGLLLBLBLLGBBGLGLG,"((2,), (4, 6), (0,), (2,), (1,), (6,), (4,), (5,), (3,), (1,), (3, 6), (3,), (0,), (1, 6), (1,), (0, 1), (5,), (0, 0))",32.1766,780.2495,812.4261,3628.621654526634,4348.002452867921,116.75670752904168,3392.5267398489696,3509.283447378012,778.2314671807567,3294.243534624702,-4.2089530136025095,-6.127744195584395,6.527747887886766,-2.0031007514244683,4.393889769468959
971,res50,BGLLLBLBLLGBBGLGLG,"((6,), (0, 6), (4,), (2,), (2,), (7,), (2,), (3,), (5,), (2,), (0, 1), (1,), (6,), (1, 4), (0,), (2, 2), (4,), (2, 0))",18.2387,797.92674,816.16544,4407.600260425849,4367.728193406164,80.38889886982895,3485.12711857067,3565.516017440499,768.3737148523969,3309.550877109283,-5.8556418595233675,-7.178908721183089,7.734135229695811,-1.4055721317736527,6.21985424849986
972,res50,BGLLLBLBLLGBBGLGLG,"((3,), (2, 6), (1,), (0,), (5,), (6,), (4,), (3,), (1,), (2,), (0, 2), (5,), (1,), (1, 1), (0,), (0, 7), (0,), (2, 7))",24.618,894.84771,919.46571,3924.906048069577,4178.70516242951,96.62333709137684,3739.304745365225,3835.928082456602,862.2111106916525,3554.7798532123234,-6.226942308522572,-7.329340467306834,7.90901942887449,-1.175602231518638,6.640438588458781
973,res50,BGLLLBLBLLGBBGLGLG,"((5,), (2, 0), (3,), (3,), (4,), (4,), (3,), (4,), (0,), (5,), (4, 5), (2,), (1,), (3, 3), (0,), (0, 3), (3,), (1, 5))",17.8023,758.1956399999999,775.9979399999999,4344.633531468532,4382.163711987849,77.34446951726224,3322.5374201954023,3399.8818897126644,730.216568522825,3149.168580164358,-5.899676934345322,-7.374177035587992,7.961253999784959,-1.5669447810651111,6.269560764662902
974,res50,BGLLLBLBLLGBBGLGLG,"((3,), (2, 2), (2,), (2,), (0,), (3,), (1,), (3,), (1,), (5,), (1, 4), (3,), (0,), (4, 0), (3,), (4, 7), (4,), (0, 2))",25.4853,737.5965999999999,763.0818999999999,3800.973254379349,4401.378164295659,96.86894367983402,3246.441569298719,3343.310512978553,730.0282276091094,3150.8230464886306,-4.331602202973296,-5.757391236700763,6.109117003712304,-1.49034484381401,4.527725249630887
975,res50,BGLLLBLBLLGBBGLGLG,"((0,), (0, 1), (5,), (4,), (4,), (1,), (5,), (0,), (1,), (5,), (2, 7), (4,), (5,), (0, 2), (4,), (1, 0), (3,), (1, 6))",60.875,828.67702,889.55202,3434.846116755324,4286.631445885889,209.0962573574804,3552.232972415009,3761.3292297724897,846.6249506380527,3512.7146658853244,-4.825695226002326,-6.609752794817251,7.077562157315338,-1.874515997833003,5.0703761245868915
976,res50,BGLLLBLBLLGBBGLGLG,"((0,), (3, 4), (0,), (0,), (2,), (5,), (5,), (2,), (0,), (2,), (3, 6), (5,), (7,), (1, 2), (2,), (0, 5), (1,), (1, 6))",61.0229,831.8170999999999,892.8399999999999,3431.137697685867,4281.376780436911,209.3779726121149,3561.322417510368,3770.700390122482,854.6653505210525,3542.337943800085,-4.275642833984528,-6.056234192475289,6.446658956469241,-1.8601235998928318,4.466619531922527
977,res50,BGLLLBLBLLGBBGLGLG,"((7,), (1, 7), (0,), (2,), (2,), (6,), (5,), (5,), (4,), (0,), (4, 2), (1,), (1,), (4, 2), (1,), (0, 4), (1,), (2, 4))",14.7416,779.0757400000001,793.8173400000001,4981.945454545454,4418.472844355091,73.44184711272726,3442.325000885848,3515.7668479985755,751.1699168826091,3276.963035513964,-5.372447913192597,-6.792367719735333,7.2873514255908365,-1.5005352830433183,5.677466863207169
978,res50,BGLLLBLBLLGBBGLGLG,"((2,), (4, 2), (1,), (2,), (1,), (5,), (3,), (7,), (5,), (5,), (0, 0), (0,), (3,), (0, 6), (0,), (0, 4), (0,), (2, 6))",30.5612,893.20827,923.76947,3726.799132300449,4217.499482845358,113.89545364206047,3767.105416798197,3881.000870440257,871.5880093137682,3613.4047333962085,-5.648753545214233,-6.895029039601654,7.405650813783526,-1.320889274085686,5.98694109242232
979,res50,BGLLLBLBLLGBBGLGLG,"((7,), (4, 7), (1,), (2,), (2,), (3,), (4,), (1,), (2,), (3,), (2, 0), (3,), (5,), (3, 5), (5,), (1, 2), (3,), (1, 5))",14.5918,655.773,670.3648000000001,5024.64196969697,4610.8914573034735,73.31857069342423,3023.698123630271,3097.016694323695,631.2902869584339,2871.0465390289382,-5.828843197251139,-7.296381569686778,7.8706545582916885,-1.5583735214271057,6.189626840265161
980,res50,LBLGGGGLLGGBGGLBBL,"((5,), (7,), (1,), (2, 6), (1, 2), (0, 6), (3, 1), (4,), (3,), (2, 1), (4, 3), (1,), (2, 2), (4, 1), (5,), (2,), (4,), (2,))",35.7655,724.8912,760.6567,3631.835655518396,4594.798255663817,129.89441813744318,3330.728821306051,3460.623239443494,727.6242808989031,3239.692675902007,-4.342618569072873,-6.384126449344864,6.8194914037633225,-2.1341875030795547,4.539763167371068
981,res50,LBLGGGGLLGGBGGLBBL,"((2,), (7,), (1,), (0, 1), (0, 5), (3, 7), (1, 5), (4,), (2,), (3, 2), (0, 1), (6,), (0, 7), (4, 5), (4,), (6,), (2,), (0,))",61.5852,862.75746,924.34266,3321.702047249926,4393.529687881862,204.56768492029616,3790.550513951548,3995.118198871844,881.6132143712183,3744.538281481356,-4.622684582012229,-6.272152785398129,6.691877570853867,-1.7294135362870764,4.846733798024699
982,res50,LBLGGGGLLGGBGGLBBL,"((0,), (1,), (5,), (1, 5), (3, 1), (3, 0), (1, 3), (4,), (5,), (0, 3), (3, 0), (2,), (4, 6), (3, 1), (0,), (3,), (0,), (1,))",121.614,852.2935299999999,973.90753,3193.7919421206225,4307.876293282352,388.4098132490574,3671.5750928049306,4059.984906053988,938.9900079040145,3850.7256850646318,-3.585301583609834,-5.154187166492234,5.434280135845217,-1.6272265626002387,3.7186255233884116
983,res50,LBLGGGGLLGGBGGLBBL,"((3,), (5,), (5,), (3, 2), (1, 0), (3, 3), (0, 0), (2,), (0,), (0, 5), (1, 7), (5,), (4, 5), (4, 4), (0,), (5,), (1,), (3,))",49.3402,845.88798,895.22818,3387.813920454545,4369.219941159343,167.15541639801137,3695.870630202995,3863.0260466010063,855.7640674620013,3630.075920113271,-4.408274160672493,-6.030249956318653,6.417224642521162,-1.696774256772403,4.611564570015202
984,res50,LBLGGGGLLGGBGGLBBL,"((0,), (0,), (5,), (0, 2), (0, 6), (0, 4), (2, 4), (1,), (2,), (1, 1), (0, 1), (5,), (1, 1), (0, 3), (0,), (6,), (2,), (3,))",121.551,1083.7212900000002,1205.27229,3207.0736709251446,4019.855149527904,389.8230117746223,4356.402608259524,4746.225620034146,1151.4070269876358,4485.084520806867,-4.469136431599557,-5.502079339106529,5.822434293396555,-1.0812661677316235,4.678212113512028
985,res50,LBLGGGGLLGGBGGLBBL,"((4,), (6,), (0,), (4, 6), (0, 5), (2, 2), (4, 5), (3,), (5,), (4, 0), (2, 5), (3,), (2, 3), (0, 0), (3,), (6,), (7,), (5,))",41.4948,749.9268900000002,791.4216900000002,3485.4898314648303,4613.018710675827,144.62970345866682,3459.426775208933,3604.0564786676,747.8712984832652,3357.892562929659,-5.5028048974415995,-6.830190292382609,7.330905057997754,-1.4046823225815068,5.823246807981306
986,res50,LBLGGGGLLGGBGGLBBL,"((1,), (1,), (1,), (3, 6), (3, 5), (3, 0), (4, 6), (0,), (0,), (1, 6), (4, 3), (0,), (2, 3), (0, 6), (2,), (5,), (1,), (1,))",82.6233,867.47548,950.09878,3253.63228236673,4269.504950964756,268.825836155671,3703.690856700528,3972.516692856199,911.7642715794949,3750.210928501932,-4.034791879272293,-5.59609390072648,5.927820290446165,-1.626945902612963,4.204431958503516
987,res50,LBLGGGGLLGGBGGLBBL,"((2,), (6,), (5,), (0, 2), (4, 6), (1, 2), (4, 5), (2,), (2,), (2, 4), (2, 4), (7,), (0, 2), (3, 0), (4,), (2,), (4,), (3,))",60.867,749.7037099999998,810.5707099999997,3331.642062226392,4547.07614146025,202.78705740153376,3408.959852905233,3611.746910306767,772.377406232512,3385.8289095794553,-4.711902773724417,-6.255089471596533,6.672457668730012,-1.6194957636813674,4.944901735770112
988,res50,LBLGGGGLLGGBGGLBBL,"((4,), (0,), (4,), (3, 3), (0, 3), (1, 0), (1, 7), (4,), (2,), (1, 6), (0, 2), (5,), (0, 1), (1, 3), (4,), (5,), (4,), (4,))",41.5163,902.9566,944.4729,3484.8795433632386,4231.540866542122,144.67930458613122,3820.897753613928,3965.57705820006,903.9609537655627,3728.9979113642603,-4.289370953304984,-5.965818930352117,6.344308912451126,-1.7515797291743278,4.481603554410149
989,res50,LBLGGGGLLGGBGGLBBL,"((5,), (6,), (5,), (3, 3), (4, 0), (1, 0), (3, 3), (4,), (2,), (0, 3), (3, 4), (2,), (1, 0), (0, 1), (4,), (2,), (2,), (3,))",35.6342,765.3919800000001,801.0261800000001,3619.4165513834,4456.94885626235,128.97501327530634,3411.312909853376,3540.2879231286825,769.3125518470564,3334.3926643960735,-3.9591250504376356,-5.815777224996201,6.174895384431306,-1.9331895669772188,4.122333384110514
990,res50,LLBBGLLGBLBGLLBBLG,"((2,), (5,), (2,), (5,), (0, 1), (3,), (4,), (3, 1), (3,), (4,), (7,), (3, 1), (4,), (1,), (7,), (3,), (0,), (3, 6))",62.6179,698.5511300000001,761.16903,3352.3685018281003,4590.360790486517,209.91827561062175,3206.6017173020496,3416.519992912671,708.1104272440426,3130.852178219559,-6.970672828866592,-8.361368154897669,9.124283052404103,-1.4948999077170602,7.492984245756823
991,res50,LLBBGLLGBLBGLLBBLG,"((2,), (1,), (3,), (4,), (1, 0), (1,), (0,), (2, 6), (5,), (3,), (7,), (0, 1), (5,), (3,), (3,), (2,), (0,), (0, 3))",62.3409,796.2699,858.6108,3312.311924417045,4311.324981283935,206.49250644889057,3432.9783117144607,3639.470818163352,793.9417689038086,3327.027385729804,-7.531821297401741,-8.584858844704836,9.39106884943815,-1.138810736923821,8.145311612145012
992,res50,LLBBGLLGBLBGLLBBLG,"((3,), (3,), (4,), (0,), (2, 5), (0,), (2,), (0, 3), (1,), (4,), (0,), (2, 7), (2,), (2,), (1,), (4,), (2,), (2, 6))",50.9879,873.4738500000001,924.46175,3411.840403615992,4125.637463599085,173.9625773155318,3603.636439034128,3777.59901634966,863.4850958384538,3474.7994215367794,-6.595908826032685,-8.015662686863983,8.714160389694161,-1.5200124994385598,7.061691563111139
993,res50,LLBBGLLGBLBGLLBBLG,"((3,), (3,), (1,), (6,), (0, 0), (4,), (2,), (4, 0), (4,), (4,), (6,), (2, 0), (1,), (4,), (2,), (0,), (0,), (2, 1))",50.453,806.2645200000001,856.71752,3371.7576147504465,4279.859858373702,170.11528693700427,3450.6991543789413,3620.8144413159457,793.6463038531143,3322.965480850195,-7.361961752210427,-8.22602111467222,8.963348014964776,-0.932726317185817,7.9470181919424325
994,res50,LLBBGLLGBLBGLLBBLG,"((4,), (5,), (1,), (0,), (4, 0), (2,), (2,), (1, 2), (4,), (0,), (3,), (3, 2), (1,), (5,), (5,), (7,), (0,), (4, 3))",43.7802,750.92583,794.70603,3497.350295566502,4448.894262434695,153.11469540996058,3340.789616601011,3493.904312010972,726.6399992793112,3168.9600494163014,-8.564931956120793,-9.300319458595693,10.253971571983763,-0.8042729318274019,9.367228722365617
995,res50,LLBBGLLGBLBGLLBBLG,"((0,), (4,), (3,), (5,), (0, 5), (2,), (0,), (2, 3), (6,), (3,), (2,), (1, 0), (2,), (1,), (0,), (5,), (4,), (3, 1))",121.74,850.2339800000001,971.97398,3224.3488728707616,4215.365912358477,392.5322317832865,3584.047336820879,3976.5795686041656,927.1761140213969,3736.3445555267617,-4.608957328117272,-6.04124748248731,6.429680386998865,-1.5014933417770695,4.83164582231345
996,res50,LLBBGLLGBLBGLLBBLG,"((4,), (2,), (6,), (6,), (0, 5), (4,), (5,), (4, 6), (5,), (3,), (1,), (1, 6), (2,), (4,), (2,), (7,), (5,), (2, 2))",43.4985,686.2713299999999,729.76983,3474.385410509031,4659.171243655743,151.13055377902708,3197.45564608138,3348.5861998604078,684.4274201532871,3084.0507763870896,-6.213248065724069,-7.899913804946871,8.577531391464861,-1.7984051099293745,6.62486751868559
997,res50,LLBBGLLGBLBGLLBBLG,"((2,), (3,), (0,), (7,), (2, 1), (1,), (1,), (2, 4), (7,), (3,), (3,), (3, 5), (5,), (5,), (7,), (6,), (0,), (1, 6))",62.3641,705.8070999999998,768.1711999999998,3337.9551393728207,4677.4020357805575,208.16856810736053,3301.3435664083704,3509.512134515731,692.4076457800475,3146.74641347456,-9.862847529294555,-10.336642448772382,11.528279479013165,-0.5256377714303972,10.942044716245016
998,res50,LLBBGLLGBLBGLLBBLG,"((1,), (5,), (6,), (4,), (3, 3), (1,), (5,), (3, 6), (4,), (5,), (2,), (3, 6), (0,), (1,), (3,), (1,), (2,), (2, 3))",83.2875,694.22512,777.51262,3270.338048340549,4515.815096523458,272.3782802011635,3134.992277281809,3407.3705574829723,725.8686604419383,3127.0431842499097,-6.642202098026605,-8.227087970148474,8.964614708392828,-1.6976470179663168,7.114780176157308
999,res50,LLBBGLLGBLBGLLBBLG,"((4,), (3,), (0,), (7,), (1, 2), (1,), (3,), (2, 2), (5,), (3,), (0,), (1, 0), (4,), (0,), (4,), (2,), (4,), (1, 4))",43.3244,793.07472,836.3991199999999,3487.252505929576,4316.92779774005,151.0831224678953,3423.6463044529064,3574.729426920802,772.3348922255021,3256.808675224899,-7.659528357047745,-8.893561266530684,9.761726383081104,-1.336394418965613,8.29487679753729
