,graph,order,freq,input_time,task_time,total_time,input_power,task_power,input_e,task_e,total_e,Predicted_Time,Predicted_Energy,Error_Time,Error_Energy,Error_EE,Error_Power,Error_FPS
0,mobile,BLBBGBLBLGLGBL,"((0,), (0,), (6,), (5,), (1, 4), (7,), (2,), (6,), (1,), (2, 7), (5,), (1, 1), (3,), (0,))",61.281,201.47858,262.75958,3273.4306243539027,4225.5193987280745,200.5991020910315,851.3516482181863,1051.9507503092177,253.84504343751405,986.3917042430971,-3.3926590088498303,-6.232140244859343,6.646350104538541,-2.9391982088293176,3.5118024924840996
1,mobile,BLBBGBLBLGLGBL,"((0,), (4,), (7,), (3,), (1, 0), (5,), (2,), (7,), (1,), (4, 4), (3,), (2, 3), (5,), (3,))",61.3331,167.38404,228.71714,3297.8816599591246,4470.460230147683,202.269305638439,748.283693981449,950.552999619888,220.53616814519984,874.4120416692346,-3.5768949606488447,-8.01017491724303,8.70767490865085,-4.597736149219562,3.7095828423997443
2,mobile,BLBBGBLBLGLGBL,"((4,), (0,), (6,), (6,), (2, 6), (3,), (4,), (7,), (2,), (3, 4), (0,), (2, 6), (3,), (4,))",22.7783,172.19163,194.96993,3892.79595661949,4446.087755182954,88.67127413866572,765.5790976879939,854.2503718266596,192.98279701582194,799.818201110058,-1.0191997218125177,-6.371922390880354,6.805567895436217,-5.407839352706684,1.0296943639049605
3,mobile,BLBBGBLBLGLGBL,"((1,), (4,), (3,), (3,), (1, 7), (5,), (4,), (4,), (3,), (3, 1), (1,), (0, 6), (4,), (2,))",41.8739,188.09806000000003,229.97196,3411.0421047534846,4249.255374006735,142.83363599023696,799.2766922952414,942.1103282854784,216.00809633734724,857.1952471994227,-6.071985324929508,-9.013284170293558,9.90615397874466,-3.131439385298438,6.464509386187506
4,mobile,BLBBGBLBLGLGBL,"((0,), (0,), (6,), (6,), (2, 1), (2,), (0,), (7,), (1,), (0, 7), (1,), (0, 0), (7,), (4,))",61.3614,227.32687,288.68827,3311.188302183259,4126.3668189810005,203.17914988558783,938.0340534308076,1141.2132033163953,277.8486544036889,1071.743980364994,-3.754782137947999,-6.087313286379954,6.481885993681319,-2.4235293973516296,3.90126618377
5,mobile,BLBBGBLBLGLGBL,"((5,), (0,), (4,), (0,), (0, 5), (4,), (2,), (7,), (2,), (3, 4), (2,), (3, 6), (5,), (4,))",20.655,191.73448000000005,212.38948000000005,4106.842820684218,4275.436423745221,84.82683846123253,819.7485794798498,904.5754179410824,211.98438815434167,854.5891078960508,-0.19073065467196199,-5.52594167977792,5.849163016843849,-5.345406353639127,0.19109513166763534
6,mobile,BLBBGBLBLGLGBL,"((5,), (2,), (1,), (4,), (2, 7), (4,), (1,), (7,), (5,), (0, 3), (5,), (1, 0), (6,), (3,))",20.4427,189.76357,210.20627,4082.198459661254,4340.83478706772,83.45115845131711,823.7323059741603,907.1834644254776,197.25555740946757,817.0742758647798,-6.160954471306884,-9.932851743253972,11.028273832917773,-4.019539255430463,6.565448781576803
7,mobile,BLBBGBLBLGLGBL,"((4,), (1,), (4,), (0,), (2, 3), (3,), (3,), (1,), (0,), (4, 4), (3,), (4, 6), (6,), (2,))",22.7992,192.50078,215.29998000000003,3888.5457036019534,4212.330092345781,88.65573120556165,810.8768283940349,899.5325595995965,207.83975470835418,832.5580881183441,-3.46503761479488,-7.445474959912995,8.044420255723038,-4.123311644577943,3.589412094002044
8,mobile,BLBBGBLBLGLGBL,"((6,), (2,), (6,), (3,), (3, 4), (3,), (0,), (3,), (0,), (4, 0), (4,), (3, 4), (0,), (4,))",17.4202,173.88442000000003,191.30462000000003,4429.319059274059,4348.004894748772,77.15962387636598,756.0503092805513,833.2099331569174,185.80811573896148,771.3055896558558,-2.8731685941711977,-7.429621400037154,8.025916618688367,-4.691240041413018,2.9581615631690137
9,mobile,BLBBGBLBLGLGBL,"((0,), (5,), (4,), (7,), (3, 3), (3,), (3,), (4,), (3,), (4, 2), (4,), (1, 6), (0,), (5,))",61.3614,171.11432999999997,232.47573,3336.194451038928,4501.153431532852,204.7135621879801,770.2118536639447,974.9254158519248,222.880425286327,890.5266984202513,-4.12744363193224,-8.656940937161114,9.477393275394483,-4.7244983098599365,4.305135680419772
10,mobile,GBLBLGLGBGGGGG,"((0, 1), (7,), (0,), (3,), (0,), (3, 1), (2,), (3, 2), (3,), (0, 4), (3, 1), (3, 1), (2, 6), (1, 5))",32.2592,220.99157,253.25077,3481.1066183451635,4227.193409827103,112.2977146225203,934.1741083313448,1046.4718229538653,253.574949213909,1009.0104333511181,0.12800719773093658,-3.579780055329662,3.7126860500669587,-3.7030470862548333,-0.1278435487866508
11,mobile,GBLBLGLGBGGGGG,"((1, 2), (4,), (4,), (3,), (0,), (1, 6), (5,), (4, 5), (4,), (4, 5), (4, 5), (4, 4), (1, 4), (1, 6))",24.8529,181.44372,206.29662,3697.704874731391,4615.973749850285,91.8986894812118,837.5394485951851,929.438138076397,209.25765749034412,885.5919122821886,1.435330103975589,-4.717498023585985,4.951064388248049,-6.06576438530308,-1.415019897410802
12,mobile,GBLBLGLGBGGGGG,"((4, 4), (3,), (0,), (5,), (0,), (1, 7), (5,), (2, 5), (4,), (0, 7), (4, 3), (2, 3), (0, 2), (3, 6))",15.3234,214.29728000000003,229.62068,4419.021242368744,4386.979953175098,67.71443010531323,940.1178713799508,1007.832301485264,225.774714552655,951.523654190639,-1.674921199320976,-5.587104839926415,5.917734892520444,-3.978825838051026,1.70345268953847
13,mobile,GBLBLGLGBGGGGG,"((3, 6), (2,), (5,), (7,), (2,), (0, 7), (4,), (2, 1), (5,), (3, 2), (0, 3), (4, 6), (0, 6), (2, 7))",11.8346,210.91543,222.75003,4947.480436507938,4462.956133572457,58.551451973896846,941.306311983572,999.8577639574688,221.21014197218994,944.3631504048503,-0.6913076634872124,-5.550250800970834,5.876406076288316,-4.8927672121780095,0.6961199943552577
14,mobile,GBLBLGLGBGGGGG,"((0, 3), (7,), (4,), (7,), (1,), (2, 6), (3,), (3, 4), (1,), (0, 1), (4, 2), (4, 6), (4, 1), (4, 4))",19.3755,178.52316000000002,197.89866,3860.170289987792,4733.960864301858,74.79272945365845,845.121652811499,919.9143822651574,198.4014924112341,859.9928433542847,0.2540858089863243,-6.513816944934,6.967678786390477,-6.750750056027832,-0.25344184921343443
15,mobile,GBLBLGLGBGGGGG,"((1, 0), (7,), (1,), (4,), (3,), (2, 2), (1,), (1, 4), (2,), (3, 2), (0, 1), (0, 7), (2, 2), (2, 7))",46.9822,232.71253,279.69473,3436.05697070764,4216.295400218102,161.43351580918048,981.1847698121172,1142.6182856212977,287.01853043084867,1126.5431153288425,2.6184978282746614,-1.4068714368345927,1.4269467429804301,-3.9226546385871366,-2.5516820882103985
16,mobile,GBLBLGLGBGGGGG,"((3, 4), (6,), (1,), (4,), (4,), (2, 3), (0,), (2, 2), (1,), (1, 1), (0, 7), (4, 1), (3, 6), (1, 7))",14.6763,225.4661,240.1424,4487.257144522146,4279.963796315582,65.85633203015037,964.9867452964688,1030.843077326619,233.88439076116072,967.7498478516837,-2.6059576479785713,-6.120546459754173,6.519580407581224,-3.608628132583785,2.67568486228303
17,mobile,GBLBLGLGBGGGGG,"((3, 1), (0,), (1,), (4,), (1,), (3, 7), (1,), (4, 2), (3,), (3, 1), (0, 0), (1, 7), (4, 0), (4, 5))",29.3585,205.10904,234.46754,3715.799079633212,4412.095952851437,109.09028727941164,904.9607652772436,1014.0510525566552,239.05668392994602,986.9275886828539,1.9572619433572784,-2.674763149785891,2.748272941685635,-4.543104635073969,-1.9196886087865261
18,mobile,GBLBLGLGBGGGGG,"((3, 0), (3,), (2,), (7,), (3,), (3, 2), (3,), (2, 6), (4,), (0, 4), (2, 2), (2, 2), (0, 4), (2, 6))",41.1683,210.90768000000003,252.07598,3575.2277846400843,4359.817104545331,147.18605000639835,919.5189107439734,1066.7049607503718,253.57615045353708,1026.300148466974,0.5951263002278498,-3.78781516633945,3.93693914433825,-4.357011743776071,-0.5916055003019541
19,mobile,GBLBLGLGBGGGGG,"((4, 7), (5,), (2,), (2,), (3,), (2, 7), (2,), (0, 1), (1,), (0, 4), (0, 3), (4, 7), (3, 6), (0, 7))",11.1493,263.12524,274.27454,5342.698412698412,4164.026967695273,59.5673474126984,1095.660595241291,1155.2279426539894,271.01904043671937,1100.4186124348646,-1.18694923826347,-4.744460222560697,4.98077091751927,-3.6002440536678613,1.2012069550665971
20,mobile,GBLGGLBLLGBGBG,"((0, 1), (4,), (5,), (3, 7), (3, 2), (4,), (6,), (1,), (4,), (0, 2), (4,), (1, 5), (6,), (3, 6))",32.9141,184.02415,216.93825,3628.919646602189,4431.45752974493,119.4426241402291,815.4952051724105,934.9378293126396,216.44065010567274,874.0692100967781,-0.22937397822987218,-6.510445647558375,6.96382145861448,-6.295511935504907,0.22990131201524577
21,mobile,GBLGGLBLLGBGBG,"((2, 5), (0,), (2,), (0, 4), (1, 3), (0,), (5,), (0,), (4,), (3, 2), (7,), (2, 0), (0,), (1, 1))",16.9486,242.61170000000004,259.56030000000004,4114.533648018648,4047.416219314316,69.73558498680886,981.9505295754192,1051.686114562228,245.63013734493828,967.0722526204638,-5.366831004225901,-8.045543320402725,8.7494870949391,-2.830627299711844,5.671194424933155
22,mobile,GBLGGLBLLGBGBG,"((2, 0), (4,), (1,), (1, 7), (3, 1), (4,), (0,), (3,), (1,), (2, 1), (6,), (0, 7), (5,), (2, 3))",52.9312,208.10990000000004,261.04110000000003,3376.8499809708564,4271.597448390253,178.74072171276458,888.9617178247508,1067.7024395375154,255.5413864144961,1001.9085139815418,-2.1068381896582338,-6.162196799369759,6.566859612212632,-4.142637273856152,2.152181164339163
23,mobile,GBLGGLBLLGBGBG,"((4, 2), (6,), (4,), (0, 6), (4, 3), (2,), (3,), (1,), (4,), (3, 2), (7,), (1, 2), (2,), (1, 2))",26.797,202.23537,229.03237,3816.603463622292,4304.6424459885,102.27352301468656,870.5509577821892,972.8244807968758,222.55228358656677,897.3159290752715,-2.8293321216704928,-7.761785729297496,8.414934949323769,-5.076072559059778,2.9117141864386284
24,mobile,GBLGGLBLLGBGBG,"((3, 4), (0,), (1,), (0, 5), (3, 6), (3,), (4,), (0,), (3,), (0, 1), (1,), (1, 3), (6,), (0, 0))",20.6718,266.88557999999995,287.55738,3909.611028579262,3962.4614734204647,80.8186972605848,1057.523828561475,1138.3425258220598,277.0943786684721,1065.1250989635282,-3.6385786139545253,-6.431932849531139,6.874068307072978,-2.8988304607772544,3.775970260315646
25,mobile,GBLGGLBLLGBGBG,"((0, 2), (6,), (4,), (4, 4), (2, 5), (0,), (3,), (1,), (5,), (4, 3), (0,), (2, 1), (6,), (0, 6))",26.7103,211.03697000000005,237.74727,3659.3383860906033,4286.648803894715,97.74202609399585,904.6413750280648,1002.3834011220608,240.1997664300411,952.1007037833973,1.0315560847622447,-5.0163138458176215,5.281237282868636,-5.986119748077418,-1.0210236531414043
26,mobile,GBLGGLBLLGBGBG,"((3, 3), (1,), (0,), (4, 5), (0, 2), (1,), (7,), (4,), (2,), (2, 2), (0,), (2, 2), (1,), (4, 4))",21.551,203.31049,224.86149,3967.4980354733,4267.945414158963,85.50355016248508,867.7180734459116,953.2216236083968,214.79364923784888,871.8090530650933,-4.477352152274327,-8.540780918829588,9.3383488341942,-4.253890420869452,4.687215286799572
27,mobile,GBLGGLBLLGBGBG,"((4, 1), (6,), (2,), (1, 7), (2, 6), (5,), (0,), (5,), (5,), (1, 6), (6,), (2, 4), (4,), (1, 6))",32.1822,194.24293000000003,226.42513,3836.4871992995945,4453.905413126314,123.46659834529942,865.1396373885158,988.6062357338152,218.901153454339,902.5950823655693,-3.322942354349531,-8.700243864474736,9.529317747092444,-5.562127810958605,3.437157103528193
28,mobile,GBLGGLBLLGBGBG,"((4, 7), (3,), (5,), (4, 2), (1, 6), (2,), (4,), (3,), (4,), (2, 7), (0,), (2, 1), (7,), (0, 0))",15.4364,211.44128,226.87768,4695.242146464646,4323.399760739009,72.47763586968686,914.14517936235,986.6228152320368,218.6183303994727,896.7349185468239,-3.6404416690647077,-9.11066471375617,10.023909499462553,-5.676886797160941,3.777976707367278
29,mobile,GBLGGLBLLGBGBG,"((3, 4), (1,), (5,), (4, 7), (3, 4), (0,), (3,), (3,), (4,), (3, 5), (3,), (4, 6), (7,), (0, 4))",18.3664,180.8755,199.2419,4076.5783799533806,4533.291104195584,74.87206915757577,819.9612951169283,894.8333642745041,201.2370327234545,832.9812281079419,1.001362024481047,-6.912140140942276,7.425393763921291,-7.835045000190419,-0.9914341791136673
30,mobile,BLLBLGGGGLGLBG,"((5,), (2,), (4,), (4,), (1,), (0, 1), (2, 3), (2, 2), (4, 1), (5,), (3, 2), (1,), (3,), (4, 5))",17.83,173.41458999999998,191.24459,4370.642179487181,4458.350254570834,77.92855006025643,773.1429814727968,851.0715315330532,190.5897130392088,805.2168118240145,-0.34242901239255935,-5.387880807908076,5.694704710047775,-5.062788251324044,0.3436056177158435
31,mobile,BLLBLGGGGLGLBG,"((2,), (1,), (2,), (7,), (3,), (4, 0), (1, 7), (1, 6), (3, 0), (2,), (0, 1), (5,), (0,), (1, 4))",30.3142,217.02531,247.33951,3634.5193377382857,4233.070648699979,110.17754610806594,918.683469786014,1028.86101589408,244.4202856159089,977.1674055544942,-1.1802499261404216,-5.024353099302162,5.29014885737541,-3.8900150731899075,1.1943461962394037
32,mobile,BLLBLGGGGLGLBG,"((0,), (4,), (1,), (1,), (5,), (3, 2), (1, 5), (4, 6), (0, 5), (0,), (1, 4), (4,), (6,), (1, 3))",60.8193,226.64765,287.46695,3345.1864251123247,4136.969090946514,203.451896744834,937.6343225856638,1141.0862193304977,279.6675210410246,1077.208122476775,-2.7131567503587446,-5.598007913126966,5.9299679904799305,-2.965304522591606,2.788821858878383
33,mobile,BLLBLGGGGLGLBG,"((2,), (1,), (3,), (0,), (4,), (4, 2), (1, 5), (1, 7), (0, 6), (2,), (3, 0), (5,), (0,), (3, 2))",29.9142,223.71075,253.62495,3616.019629035825,4159.698024107756,108.17033438690348,930.5691647466642,1038.7394991335675,249.48525489108897,988.9988846396417,-1.6322113060686818,-4.788555218648701,5.029390352856636,-3.2087169534743567,1.6592944984737554
34,mobile,BLLBLGGGGLGLBG,"((3,), (2,), (4,), (0,), (4,), (2, 6), (3, 5), (1, 1), (3, 0), (3,), (3, 4), (5,), (7,), (2, 1))",26.0366,190.97616,217.01276,3697.787194149589,4326.324920740589,96.2778060591952,826.2249202753419,922.5027263345372,214.95209374749427,866.0154021452448,-0.9495599486895203,-6.123269078427393,6.522669694945976,-5.223307566385147,0.9586630288544148
35,mobile,BLLBLGGGGLGLBG,"((0,), (5,), (1,), (3,), (0,), (4, 2), (2, 3), (2, 2), (2, 4), (5,), (4, 2), (0,), (1,), (2, 3))",60.4183,194.4779,254.8962,3340.748641669676,4292.482857356139,201.842353656991,834.7930518846215,1036.6354055416125,251.25912647348414,981.3008046725798,-1.4268841695230643,-5.337903815866864,5.638903036209744,-3.967633176037428,1.4475388725430682
36,mobile,BLLBLGGGGLGLBG,"((2,), (3,), (3,), (7,), (3,), (0, 2), (3, 5), (2, 2), (4, 6), (5,), (1, 0), (4,), (2,), (4, 3))",30.0598,175.67659,205.73639,3685.5369705513776,4533.341357607395,110.78650422738028,796.4019510104378,907.188455237818,203.02219343688455,845.9471088308522,-1.3192593508204604,-6.750675237694839,7.239382435103405,-5.504028294825661,1.3368964826789766
37,mobile,BLLBLGGGGLGLBG,"((0,), (3,), (5,), (1,), (5,), (2, 5), (4, 5), (4, 5), (1, 5), (3,), (1, 2), (1,), (4,), (3, 2))",58.7675,187.42884000000004,246.19634,3367.3459935697024,4340.5219396201,197.89050567710748,813.5389921375456,1011.4294978146532,244.79145289520866,961.8987217243547,-0.5706368765641797,-4.8971061450469175,5.149271432808118,-4.35129938739693,0.5739118290999774
38,mobile,BLLBLGGGGLGLBG,"((5,), (4,), (0,), (1,), (0,), (2, 2), (3, 3), (1, 3), (3, 7), (0,), (0, 2), (3,), (0,), (0, 3))",18.201,260.363,278.564,4180.706864801866,3957.948621502633,76.09304564625876,1030.50337694029,1106.596422586549,266.9820749768094,1035.441917615059,-4.157724983555179,-6.430032080274929,6.871897279895774,-2.3708818434556806,4.338090871530118
39,mobile,BLLBLGGGGLGLBG,"((5,), (3,), (4,), (0,), (2,), (1, 7), (4, 4), (2, 5), (0, 1), (5,), (3, 2), (1,), (0,), (2, 1))",19.2912,222.32781,241.61901,4133.836959706959,4139.184895227529,79.74667555709888,920.255912941016,1000.0025884981148,235.66194679718964,942.1250747946285,-2.465477862362883,-5.787736388803901,6.143294054253136,-3.4062385846857035,2.5278002171207534
40,mobile,BGGBLGGGBLBLLG,"((2,), (0, 1), (3, 3), (5,), (3,), (1, 2), (1, 5), (1, 3), (4,), (1,), (0,), (5,), (1,), (4, 6))",26.9033,200.00748,226.91078,3817.7092410096784,4286.838912123331,102.70897702365568,857.3998479797289,960.1088250033846,220.3745190309447,888.7696537202407,-2.8805422858514222,-7.4303213787137485,8.026733471887786,-4.684724564930822,2.965978552237934
41,mobile,BGGBLGGGBLBLLG,"((7,), (3, 6), (2, 4), (3,), (2,), (3, 5), (0, 6), (3, 0), (7,), (0,), (6,), (5,), (1,), (0, 7))",13.8304,200.41893,214.24933,5042.8220959595965,4437.4135344212,69.7442467159596,889.341672536215,959.0859192521746,208.2138013033715,882.3194158321883,-2.8170583761585113,-8.004132046880974,8.700534301127396,-5.337432253079632,2.898716924069119
42,mobile,BGGBLGGGBLBLLG,"((5,), (4, 3), (1, 2), (6,), (5,), (0, 1), (4, 4), (3, 5), (2,), (0,), (6,), (1,), (5,), (1, 2))",18.3315,190.46604,208.79754,4165.736185342436,4422.446295845623,76.36419288160486,842.3258330823843,918.6900259639892,204.58990656166122,840.2463746209494,-2.0151738561377566,-8.538641884212062,9.335791704954056,-6.657630864697863,2.056618290243297
43,mobile,BGGBLGGGBLBLLG,"((3,), (4, 6), (0, 6), (3,), (0,), (2, 0), (2, 1), (1, 6), (7,), (5,), (0,), (4,), (4,), (0, 6))",22.8402,224.58845,247.42865000000003,3839.9565047942265,4235.524127249755,87.70537456080109,951.2497986766252,1038.9551732374264,237.6252715444302,950.7927891145074,-3.9621031984654267,-8.485677379920196,9.27251291051823,-4.710197049403214,4.125562231598267
44,mobile,BGGBLGGGBLBLLG,"((2,), (3, 2), (2, 5), (6,), (3,), (1, 6), (3, 3), (4, 1), (1,), (5,), (4,), (4,), (2,), (4, 2))",29.5193,158.34708,187.86638,3639.61894706128,4700.1520874826565,107.43900358398604,744.2553586087832,851.6943621927693,181.6232809166756,770.6952019286151,-3.3231593025449158,-9.510355341042063,10.509882514054713,-6.399874048283854,3.4373892222487563
45,mobile,BGGBLGGGBLBLLG,"((6,), (2, 2), (3, 0), (7,), (3,), (2, 1), (4, 5), (0, 7), (0,), (5,), (7,), (1,), (4,), (4, 6))",14.8837,182.39046,197.27416,4743.024570707069,4637.187471588815,70.59375480303281,845.7787560493209,916.3725108523536,190.42690625577066,823.9881254468839,-3.470932910944512,-10.08153172551404,11.2118588305342,-6.848298666836547,3.5957385848785934
46,mobile,BGGBLGGGBLBLLG,"((7,), (1, 5), (4, 5), (2,), (1,), (0, 3), (2, 3), (3, 4), (2,), (0,), (3,), (0,), (1,), (2, 5))",14.1198,209.6177,223.7375,4924.89590909091,4215.911846535845,69.53854525718184,883.7297446735969,953.2682899307788,210.8383460521457,864.0850098207087,-5.765307088822527,-9.355527824863039,10.321123396015748,-3.809871529400051,6.1180303248366394
47,mobile,BGGBLGGGBLBLLG,"((7,), (3, 1), (2, 1), (5,), (3,), (0, 0), (3, 0), (3, 4), (4,), (3,), (2,), (1,), (5,), (1, 4))",14.4735,189.12296,203.59646,4885.582979797981,4374.52625390255,70.71148525810608,827.3233537357619,898.034838993868,195.60817521186078,815.5996732380427,-3.92358727069185,-9.1795064262967,10.107307354421359,-5.470561406589151,4.083819492455879
48,mobile,BGGBLGGGBLBLLG,"((0,), (3, 2), (1, 2), (2,), (1,), (0, 6), (2, 3), (2, 4), (2,), (1,), (3,), (1,), (0,), (0, 7))",55.3884,243.9587,299.3471,3416.158313849068,4021.588673770093,189.21554315079769,981.101544787676,1170.3170879384736,289.2476820498102,1097.822291721699,-3.373815196536005,-6.194457635791252,6.603509216694992,-2.919128438106485,3.4916158631309715
49,mobile,BGGBLGGGBLBLLG,"((6,), (3, 2), (0, 5), (6,), (4,), (0, 2), (0, 4), (0, 0), (2,), (4,), (7,), (4,), (2,), (0, 5))",15.8405,229.52712,245.36762,4544.5257215007205,4212.887152361953,71.98755969143217,966.9718549666402,1038.9594146580723,241.79086494758607,974.3044244708925,-1.4577127383042292,-6.223052534584149,6.636015249781033,-4.835832340307607,1.4792763379167462
50,mobile,LGBLGLLBLBGGGG,"((4,), (1, 6), (1,), (1,), (3, 7), (3,), (3,), (7,), (4,), (2,), (2, 6), (2, 5), (4, 4), (0, 0))",41.454,212.94959,254.40359,3384.33031837256,4272.517491017143,140.29402901781611,909.8308479799292,1050.124876997745,248.33090682424177,978.3230516157507,-2.3870273119016296,-6.837455902127776,7.339275637368453,-4.559259356281004,2.4453996699074723
51,mobile,LGBLGLLBLBGGGG,"((5,), (1, 7), (4,), (4,), (1, 4), (2,), (3,), (4,), (0,), (3,), (4, 4), (3, 3), (1, 3), (3, 0))",36.0736,175.53228,211.60588,3536.12930769231,4473.012344330549,127.56091419396932,785.1580552684862,912.7189694624556,209.59150717800702,855.6509189490199,-0.9519455801478638,-6.252532534417005,6.669548205888827,-5.351530613413782,0.961094678460497
52,mobile,LGBLGLLBLBGGGG,"((2,), (2, 4), (7,), (3,), (4, 3), (3,), (5,), (0,), (3,), (3,), (4, 2), (3, 1), (1, 0), (1, 0))",59.8176,185.52725,245.34485,3253.062885226671,4412.6420996410125,194.5904144433349,818.6653539806231,1013.255768423958,247.31233725306032,962.6014883283408,0.8019272681127452,-4.999160298332775,5.262227485600883,-5.754937156127766,-0.7955475553356935
53,mobile,LGBLGLLBLBGGGG,"((0,), (1, 3), (1,), (5,), (4, 4), (0,), (3,), (5,), (1,), (7,), (2, 2), (0, 7), (4, 3), (3, 6))",118.062,202.5648,320.6268,3186.5977188978013,4396.0965857581,376.21609988851225,890.4944256747725,1266.7105255632848,320.24025947415913,1213.3982726726802,-0.12055777178977908,-4.208716341635956,4.393631843003781,-4.093093111698917,0.12070328898546127
54,mobile,LGBLGLLBLBGGGG,"((2,), (3, 6), (1,), (0,), (4, 1), (2,), (0,), (0,), (0,), (5,), (0, 2), (3, 6), (3, 3), (2, 6))",60.3872,226.21078,286.59798,3281.57664650604,4133.665135007752,198.16522526788955,935.0796144489088,1133.2448397167984,284.0131557853298,1083.3341687832062,-0.9018989647694727,-4.404226622912754,4.607135302457188,-3.534202594758266,0.9101072122954532
55,mobile,LGBLGLLBLBGGGG,"((1,), (1, 5), (2,), (5,), (0, 0), (1,), (1,), (3,), (0,), (3,), (0, 7), (0, 2), (1, 6), (1, 6))",80.6893,254.6556,335.34489999999994,3209.1920980487034,4019.5744243854574,258.94746395708125,1023.6071367865331,1282.5546007436146,327.5771515553621,1229.9743753241482,-2.3163460797041635,-4.099648107689201,4.274904134129579,-1.8255889869149573,2.371272968140779
56,mobile,LGBLGLLBLBGGGG,"((5,), (4, 4), (4,), (1,), (4, 2), (4,), (1,), (4,), (2,), (6,), (1, 5), (0, 5), (2, 2), (0, 0))",35.4787,219.66058,255.13928,3522.89393939394,4237.481419140603,124.9876972075758,930.807626267648,1055.7953234752238,254.4852648292071,1003.4920667004691,-0.2563365275597379,-4.9539201028656645,5.212124590753401,-4.709656144326298,0.256995300388741
57,mobile,LGBLGLLBLBGGGG,"((0,), (2, 1), (7,), (0,), (3, 0), (2,), (5,), (3,), (1,), (1,), (1, 1), (3, 6), (4, 7), (4, 0))",117.935,190.26298000000003,308.19798000000003,3161.190201903361,4367.148350123348,372.81496646147286,830.9066591965517,1203.7216256580243,306.74057628136813,1151.8729378236294,-0.4728790625531986,-4.307365318459857,4.501250626858097,-3.8527048906766397,0.4751258331388924
58,mobile,LGBLGLLBLBGGGG,"((0,), (2, 7), (0,), (2,), (4, 6), (1,), (2,), (6,), (4,), (7,), (4, 6), (4, 1), (3, 7), (0, 0))",117.675,205.11821999999995,322.79322,3154.6273174194216,4417.921588042504,371.2207695773304,906.1962122388512,1277.4169818161818,320.63891125547127,1208.6483865328173,-0.6673959089130646,-5.38341013641387,5.6897105932219905,-4.7477001842982745,0.6718800086032835
59,mobile,LGBLGLLBLBGGGG,"((2,), (0, 7), (5,), (3,), (2, 3), (5,), (5,), (0,), (2,), (6,), (0, 1), (3, 2), (0, 1), (4, 7))",60.6441,205.99421,266.63831,3331.3160167538927,4346.898594594786,202.0246616516248,895.4359419436632,1097.460603595288,267.06794221923724,1043.2616393253177,0.1611292162920057,-4.938579489087271,5.195145898877394,-5.091504803591772,-0.16087000770932844
60,mobile,LBLLBGBBLLGLBG,"((4,), (0,), (4,), (3,), (2,), (3, 0), (0,), (2,), (5,), (5,), (3, 1), (5,), (6,), (0, 5))",42.0709,198.70324,240.77414,3408.0939490968794,4224.979550603691,143.3815797230599,839.5171256386973,982.8987053617572,232.9173538465103,907.6938586591048,-3.263135382184183,-7.651332359317042,8.285265564509727,-4.536219976189605,3.373207716702462
61,mobile,LBLLBGBBLLGLBG,"((1,), (2,), (1,), (3,), (3,), (4, 7), (3,), (3,), (1,), (3,), (4, 1), (5,), (0,), (4, 6))",80.8437,162.74784999999997,243.59155,3247.859194577352,4477.816654971745,262.56895436865307,728.7550332908432,991.3239876594964,235.62640688465993,912.2920795407713,-3.2698766091599167,-7.972359097787847,8.663004962019201,-4.861445766617561,3.380411907413691
62,mobile,LBLLBGBBLLGLBG,"((4,), (6,), (2,), (4,), (5,), (1, 3), (1,), (1,), (0,), (2,), (3, 1), (5,), (2,), (3, 3))",42.2845,179.13003999999998,221.41454,3419.8196533479304,4268.003195962283,144.60536413199057,764.5275832128516,909.132947344842,210.31690289746786,827.2030100623688,-5.012153719684413,-9.011876373169931,9.904453475851824,-4.210773072675071,5.276626343219966
63,mobile,LBLLBGBBLLGLBG,"((5,), (2,), (3,), (2,), (1,), (0, 4), (7,), (0,), (2,), (5,), (4, 1), (2,), (7,), (1, 2))",36.015,198.06874,234.08374,3534.3939347826085,4224.321294348807,127.29119756119564,836.7059961268374,963.997193688033,223.85788048220277,875.3844171595783,-4.368462122912609,-9.192223494908987,10.122727203207795,-5.044111471046523,4.568014088121523
64,mobile,LBLLBGBBLLGLBG,"((5,), (2,), (1,), (4,), (2,), (4, 2), (2,), (3,), (2,), (1,), (0, 4), (2,), (2,), (0, 5))",36.2211,222.57941,258.80051,3547.4096785243764,4025.250894301402,128.4910807067993,895.9379691555785,1024.4290498623775,243.07098178012046,936.5726164067974,-6.077858277744319,-8.576136479864843,9.380632309392658,-2.6599459470466162,6.47116661342499
65,mobile,LBLLBGBBLLGLBG,"((0,), (0,), (4,), (1,), (3,), (3, 5), (4,), (4,), (4,), (0,), (4, 3), (5,), (3,), (4, 4))",117.901,169.02692000000002,286.92792000000003,3178.6773910300226,4410.530936551401,374.7692430798307,745.4984597699989,1120.2677028498297,282.47126880220344,1056.3632092811404,-1.5532302321072793,-5.7043948875901505,6.0494811829140325,-4.216659079084105,1.577736106293089
66,mobile,LBLLBGBBLLGLBG,"((5,), (5,), (2,), (4,), (3,), (2, 7), (1,), (6,), (3,), (2,), (1, 0), (5,), (4,), (4, 0))",36.0423,158.01094999999998,194.05325,3551.0258234519106,4544.783337006232,127.9871380366008,718.1255326245248,846.1126706611255,187.7017269359538,768.696334248071,-3.27308255030318,-9.1496486339773,10.071120800749267,-6.075419581865874,3.383838373641295
67,mobile,LBLLBGBBLLGLBG,"((1,), (7,), (3,), (1,), (7,), (3, 0), (4,), (4,), (2,), (3,), (2, 5), (0,), (1,), (1, 2))",80.6057,190.80442,271.41012,3193.22217249906,4219.634849606484,257.39190846980745,805.1249800909524,1062.5168885607598,259.78020174473335,975.4790125524693,-4.284998015279113,-8.19166988735476,8.92257802456911,-4.081566934198331,4.476830096041931
68,mobile,LBLLBGBBLLGLBG,"((4,), (7,), (3,), (4,), (5,), (2, 6), (0,), (4,), (2,), (5,), (1, 2), (5,), (6,), (2, 1))",41.4402,171.08056999999997,212.52077,3394.129161579162,4431.570784341202,140.65339128167278,758.1556557804397,898.8090470621125,203.68825745991256,808.6015461072978,-4.156070270255202,-10.036336555542134,11.155989175272325,-6.13525165533986,4.336289509387031
69,mobile,LBLLBGBBLLGLBG,"((0,), (4,), (5,), (1,), (1,), (1, 5), (1,), (2,), (4,), (2,), (3, 5), (1,), (4,), (1, 5))",117.839,195.69949,313.53849,3167.2470362415715,4136.018000344624,373.2252235036705,809.4166132982627,1182.641836801933,303.38429081964676,1111.783928092121,-3.238581387680109,-5.991493494042466,6.373352494077519,-2.845051411856682,3.3469759271054875
70,mobile,GGGLLBLBLBBBBG,"((0, 2), (1, 4), (1, 6), (4,), (2,), (2,), (4,), (3,), (3,), (2,), (5,), (1,), (5,), (3, 6))",24.1536,172.14334,196.29694,3836.0844594612495,4354.854908797532,92.65524960004323,749.6592692158024,842.3145188158456,197.6978667388606,797.7391385687716,0.7136773190965638,-5.2920113866420815,5.587713839269177,-5.963131190921057,-0.7086200584607499
71,mobile,GGGLLBLBLBBBBG,"((2, 3), (1, 2), (2, 0), (3,), (4,), (2,), (1,), (2,), (2,), (0,), (1,), (4,), (5,), (1, 4))",21.5504,199.99774,221.54814,3796.6680874272793,4118.481431616923,81.81971595129284,823.6869785553491,905.506694506642,214.52650127074574,842.956597516898,-3.1693512431448307,-6.907745394839287,7.42032237175653,-3.860755039534729,3.2730868623044778
72,mobile,GGGLLBLBLBBBBG,"((1, 4), (2, 3), (3, 5), (2,), (0,), (3,), (4,), (6,), (1,), (6,), (4,), (6,), (7,), (3, 6))",17.5471,151.00002,168.54712,4225.8772832722825,4701.873198696096,74.15189127730707,709.9829470405743,784.1348383178814,165.5836627848944,705.908242320153,-1.7582366373899598,-9.976166365154665,11.081694660571758,-8.365006333846393,1.7897038664710405
73,mobile,GGGLLBLBLBBBBG,"((4, 3), (3, 7), (1, 4), (0,), (4,), (0,), (2,), (7,), (0,), (1,), (3,), (0,), (7,), (0, 6))",20.0757,233.84657,253.92227,4149.296935286934,4103.848108064393,83.3000404837399,959.670803871848,1042.9708443555878,249.28542453085558,978.6255183507511,-1.8260885384903098,-6.169427108443596,6.575071342230672,-4.424127046884694,1.860054785742376
74,mobile,GGGLLBLBLBBBBG,"((4, 3), (0, 2), (4, 2), (5,), (2,), (5,), (2,), (6,), (3,), (6,), (7,), (2,), (5,), (0, 2))",22.4352,183.18057,205.61577000000003,3914.678713369962,4498.360363021317,87.82659987019777,824.0122153636518,911.8388152338496,202.99359622731887,831.000245722321,-1.2752785317396378,-8.865445094130674,9.727863490733647,-7.688212688279146,1.291751967261443
75,mobile,GGGLLBLBLBBBBG,"((2, 1), (0, 3), (0, 6), (1,), (5,), (2,), (2,), (2,), (2,), (3,), (2,), (1,), (1,), (3, 6))",32.0823,203.28593,235.36823,3658.290222691601,4114.129598433301,117.36636441145872,836.3446615580402,953.7110259694988,235.10066317213256,911.188348778377,-0.1136800951714915,-4.458654249896632,4.666727493622126,-4.349919146951272,0.11380947388971516
76,mobile,GGGLLBLBLBBBBG,"((3, 1), (2, 6), (0, 6), (5,), (0,), (0,), (1,), (6,), (5,), (5,), (1,), (1,), (2,), (4, 4))",33.9434,193.1045900000001,227.04799000000008,3671.481170370512,4310.542629844223,124.62255395835442,832.3855672135908,957.0081211719452,218.88527046514696,879.8481872820342,-3.595151639463147,-8.06262059672194,8.769687203455865,-4.6340708307026865,3.7292228561139713
77,mobile,GGGLLBLBLBBBBG,"((4, 0), (1, 5), (4, 3), (2,), (4,), (7,), (1,), (3,), (0,), (7,), (1,), (0,), (7,), (4, 6))",51.8709,177.68815999999995,229.55906,3657.418966100111,4523.046682061204,189.71361344868225,803.6918425295601,993.4054559782423,224.8613611516824,914.3232480663821,-2.04640097773427,-7.960718097122298,8.649261415927446,-6.037876278587425,2.0891534340347278
78,mobile,GGGLLBLBLBBBBG,"((0, 4), (1, 6), (2, 1), (1,), (2,), (6,), (5,), (1,), (3,), (5,), (5,), (6,), (3,), (0, 1))",19.7113,193.06133,212.77263,3863.1491608391616,4298.270438256585,76.14769205404896,829.8298075094992,905.9774995635482,206.4030003128466,831.1829433115894,-2.993632069666764,-8.255674813998239,8.998567265343917,-5.4244302272099105,3.086016035376862
79,mobile,GGGLLBLBLBBBBG,"((1, 3), (0, 7), (2, 2), (0,), (5,), (0,), (2,), (1,), (1,), (0,), (5,), (7,), (7,), (3, 4))",21.2778,209.6912,230.969,3861.1387912087903,4222.300328984063,82.15653897158239,885.3792227450629,967.5357617166452,222.7147603790655,886.9339743274945,-3.5737434984497916,-8.330626172012844,9.087687440349324,-4.93318194249983,3.7061933420513262
80,mobile,LBBGGBGGLLGGLL,"((0,), (3,), (1,), (0, 1), (2, 7), (4,), (0, 5), (2, 7), (0,), (5,), (3, 3), (4, 5), (4,), (2,))",117.32,199.638,316.958,3165.926362223964,4203.262383242505,371.4264808161154,839.1308956657673,1210.5573764818828,302.24682452923014,1122.4683796081697,-4.641364304030782,-7.276730420636235,7.847793173867673,-2.7636365572676156,4.867272135508298
81,mobile,LBBGGBGGLLGGLL,"((5,), (4,), (7,), (3, 1), (1, 7), (1,), (3, 1), (0, 7), (1,), (4,), (2, 1), (4, 4), (2,), (2,))",34.812,180.3166,215.1286,3558.380869565216,4371.140884861694,123.87435483130427,788.1892624792521,912.0636173105564,207.85394053344615,840.4980391282477,-3.381539909874306,-7.84655552792879,8.514663312782437,-4.621286257190948,3.4998900900718186
82,mobile,LBBGGBGGLLGGLL,"((3,), (0,), (6,), (1, 1), (1, 5), (4,), (1, 3), (0, 7), (0,), (2,), (1, 2), (1, 3), (5,), (2,))",47.9292,230.5491,278.4783,3331.036870363981,4036.934287980152,159.65393236704932,930.7115668529648,1090.3654992200145,258.44017151818196,993.6424953727907,-7.195579864505793,-8.870695552676048,9.734185514170846,-1.804995587197891,7.753488307992518
83,mobile,LBBGGBGGLLGGLL,"((4,), (7,), (0,), (1, 5), (1, 4), (2,), (3, 2), (1, 5), (0,), (0,), (0, 0), (2, 1), (5,), (5,))",40.097,221.5987,261.6957,3473.644729344729,4079.798934834714,139.2827327125356,904.0781402207574,1043.360872933293,249.37390523446635,961.6274582148942,-4.708443725110363,-7.833666839414283,8.499488447441337,-3.2796432721578377,4.941092274249148
84,mobile,LBBGGBGGLLGGLL,"((5,), (0,), (5,), (0, 3), (1, 0), (3,), (3, 1), (4, 7), (3,), (2,), (2, 1), (2, 7), (0,), (1,))",35.4073,206.5678,241.9751,3522.147463768117,4137.91808882948,124.70973189387686,854.7606361897103,979.4703680835872,224.43112717630228,886.9909867565017,-7.250321551142127,-9.441774283384285,10.426191777354912,-2.362760463315806,7.817085376894255
85,mobile,LBBGGBGGLLGGLL,"((4,), (4,), (6,), (4, 6), (0, 6), (3,), (0, 6), (1, 2), (2,), (2,), (1, 0), (3, 3), (4,), (1,))",40.9035,179.88639999999995,220.7899,3398.421932013236,4305.089281324868,139.00735149610338,774.4270124961176,913.434363992221,215.1731996674484,855.615074993411,-2.543911805998192,-6.329878892021021,6.7576285982636835,-3.884792788405646,2.6103159414054566
86,mobile,LBBGGBGGLLGGLL,"((3,), (0,), (7,), (3, 5), (0, 7), (2,), (2, 2), (1, 0), (5,), (1,), (1, 7), (3, 5), (5,), (5,))",47.6204,187.141,234.7614,3370.480947580646,4346.540747908955,160.50365091616936,813.4159821044298,973.9196330205992,224.96240264439615,896.8874265864575,-4.174024075339412,-7.909503394569355,8.58883781293773,-3.898190739186225,4.355837793523822
87,mobile,LBBGGBGGLLGGLL,"((0,), (5,), (5,), (1, 2), (1, 1), (5,), (2, 6), (2, 4), (0,), (0,), (2, 3), (1, 6), (4,), (5,))",117.237,202.2111,319.4481,3174.8048788930364,4159.972438718789,372.2045995867829,841.1926028030089,1213.3972023897918,303.5772495256159,1127.1848319562503,-4.968209381863313,-7.105041141000314,7.648467934395313,-2.2485441400587427,5.22794461679346
88,mobile,LBBGGBGGLLGGLL,"((1,), (4,), (7,), (0, 7), (1, 3), (2,), (1, 5), (2, 3), (0,), (0,), (4, 0), (1, 1), (3,), (2,))",79.7864,208.56240000000005,288.34880000000004,3198.0255357295323,4145.276747059771,255.1589446039308,864.5488670309791,1119.7078116349098,277.6328018580406,1052.3491950106036,-3.716331797447903,-6.0157315975097525,6.400785684416041,-2.3881514310657592,3.859773798428461
89,mobile,LBBGGBGGLLGGLL,"((5,), (7,), (7,), (2, 3), (3, 0), (5,), (4, 7), (3, 1), (1,), (0,), (1, 4), (1, 3), (2,), (0,))",35.681,188.3598,224.0408,3515.745604743084,4312.416827439362,125.44531892283798,812.2859711331128,937.7312900559508,212.71133384556245,854.0969837762856,-5.056876316473402,-8.918792319991272,9.792132259955588,-4.0676100108005455,5.326216497078239
90,mobile,LLGGGGGBBGBGBB,"((2,), (4,), (4, 4), (1, 5), (1, 5), (0, 5), (4, 0), (1,), (6,), (2, 3), (6,), (1, 5), (0,), (2,))",60.2657,208.47936,268.74506,3281.93941097426,4298.435102452028,197.78837595995148,896.1349991607333,1093.9233751206848,261.1008369115154,1013.342547573849,-2.8444143637410995,-7.366222294861003,7.951983042630848,-4.654192449674603,2.927689998586705
91,mobile,LLGGGGGBBGBGBB,"((4,), (3,), (2, 7), (2, 3), (2, 0), (1, 6), (1, 0), (7,), (3,), (3, 3), (5,), (1, 2), (1,), (4,))",41.8614,175.42595999999998,217.28736,3446.0993404488227,4478.238916407088,144.25854293026435,785.599361020073,929.8579039503376,212.95815916080585,861.738604606895,-1.992385032978521,-7.325775159199023,7.904868016736584,-5.441811973503406,2.0328879890087617
92,mobile,LLGGGGGBBGBGBB,"((5,), (4,), (1, 1), (2, 0), (1, 0), (0, 5), (1, 4), (1,), (2,), (1, 7), (7,), (2, 5), (7,), (2,))",35.9397,202.96081,238.90051,3552.546383500559,4300.750975327657,127.67745125909504,872.8839015607914,1000.5613528198865,226.6278214193625,911.728497778122,-5.137154617475488,-8.878301644512495,9.743345223742562,-3.9437432136377737,5.415349494062143
93,mobile,LLGGGGGBBGBGBB,"((5,), (4,), (0, 3), (0, 0), (1, 5), (0, 3), (2, 0), (0,), (4,), (2, 6), (3,), (0, 4), (0,), (1,))",35.3886,267.04470000000003,302.43330000000003,3533.160589591569,3932.886368346992,125.03360684082018,1050.2564603693122,1175.2900672101323,284.69329222885534,1087.6468895335215,-5.865758754457492,-7.457152929459829,8.058054366725568,-1.6905582431490518,6.231270021242402
94,mobile,LLGGGGGBBGBGBB,"((4,), (1,), (0, 6), (4, 7), (0, 0), (4, 5), (0, 0), (1,), (0,), (3, 0), (2,), (3, 4), (2,), (7,))",41.75,207.0211,248.7711,3513.860571835573,4285.403725597647,146.70367887413516,887.1689932173231,1033.8726720914583,245.38345149322782,974.5574612647041,-1.3617532369202718,-5.7371872212042625,6.0863738860281815,-4.4358391677352005,1.380552961561739
95,mobile,LLGGGGGBBGBGBB,"((4,), (3,), (2, 2), (3, 4), (4, 6), (0, 6), (3, 1), (5,), (3,), (0, 4), (3,), (1, 0), (1,), (2,))",41.866,205.93,247.796,3413.0598799348804,4223.059555836787,142.89116493335368,869.6546543334696,1012.5458192668232,234.61370542557188,924.5330495937421,-5.31981733943571,-8.692225872485496,9.51969967020168,-3.5618948319313275,5.618723147702056
96,mobile,LLGGGGGBBGBGBB,"((5,), (4,), (0, 0), (0, 3), (3, 6), (1, 4), (0, 6), (1,), (1,), (1, 0), (2,), (2, 1), (0,), (7,))",35.9003,235.77419999999995,271.6745,3664.396376811594,4065.504865371271,131.55292924644928,958.541157229019,1090.0940864754682,260.5697925178078,1016.0066110711341,-4.087504525523089,-6.796429438845633,7.292026901894536,-2.824371214534202,4.261701778587144
97,mobile,LLGGGGGBBGBGBB,"((3,), (0,), (3, 5), (2, 3), (2, 1), (2, 6), (3, 4), (1,), (4,), (0, 7), (6,), (2, 3), (5,), (3,))",49.3194,197.30616,246.62556,3346.471911656892,4328.958800882678,165.04598679977093,854.1302378003658,1019.1762246001368,241.87098850174175,953.7178109220791,-1.9278502594209044,-6.422678639676826,6.863499132387056,-4.583185330540484,1.9657469164492438
98,mobile,LLGGGGGBBGBGBB,"((1,), (0,), (2, 3), (2, 2), (1, 3), (1, 0), (2, 3), (1,), (4,), (4, 3), (3,), (0, 2), (2,), (1,))",80.1536,226.1983,306.3519,3192.703447024673,4059.572303199913,255.90667501143685,918.2683537109048,1174.1750287223415,299.0021764687898,1120.9811783451585,-2.399111456860624,-4.530316952410835,4.745293801962862,-2.1835923088018077,2.4580836226713383
99,mobile,LLGGGGGBBGBGBB,"((4,), (0,), (4, 2), (0, 4), (2, 5), (1, 2), (0, 0), (6,), (6,), (0, 2), (0,), (2, 3), (4,), (4,))",41.953,229.0345,270.9875,3437.881070621588,4150.838888670333,144.2294245557875,950.6853094471654,1094.9147340029529,266.73850131351855,1034.8595209164869,-1.5679685175447047,-5.484921448349422,5.803223710333177,-3.9793478523328956,1.5929453999170775
100,mobile,LBGLBGLGGBBGGB,"((0,), (2,), (3, 0), (2,), (4,), (1, 0), (1,), (2, 1), (2, 5), (4,), (7,), (0, 2), (3, 4), (7,))",117.768,193.69484000000003,311.46284,3096.66465555084,4251.347471979242,364.6880031549113,823.4640683694239,1188.1520715243353,309.9059528248913,1173.305114920742,-0.49986289700200737,-1.2495838672019022,1.265396052125481,-0.7534873740161907,0.5023740786252059
101,mobile,LBGLBGLGGBBGGB,"((5,), (4,), (0, 2), (1,), (5,), (4, 1), (5,), (3, 1), (0, 3), (6,), (1,), (4, 0), (2, 1), (1,))",35.29,199.13299000000004,234.42299000000003,3443.3299565217376,4229.1654125226805,121.51511416565212,842.166353800225,963.6814679658772,233.30620304440478,935.601324269981,-0.4763982216911596,-2.913840789650895,3.0012937099897896,-2.4491100848512217,0.4786786382112291
102,mobile,LBGLBGLGGBBGGB,"((5,), (1,), (4, 6), (2,), (3,), (0, 6), (4,), (2, 3), (0, 7), (7,), (2,), (2, 4), (3, 6), (5,))",35.8677,195.62742000000003,231.49512,3498.892446488293,4347.066571553546,125.49722460290816,850.4054179612658,975.902642564174,225.67184493165507,928.6005907122291,-2.5155066198997686,-4.8470052020413945,5.09390714641529,-2.3916609722234745,2.580417185009718
103,mobile,LBGLBGLGGBBGGB,"((0,), (6,), (3, 4), (1,), (6,), (2, 4), (1,), (4, 7), (4, 6), (3,), (0,), (2, 0), (1, 2), (2,))",117.773,182.2923,300.0653,3062.872314089419,4399.834484419597,360.72366104725313,802.0559477841626,1162.7796088314158,301.7787414672393,1140.4286631494156,0.5710228631032334,-1.9221996595264277,1.9598723185609634,-2.4790664862019227,-0.5677807054627547
104,mobile,LBGLBGLGGBBGGB,"((5,), (3,), (2, 4), (4,), (2,), (0, 5), (5,), (1, 4), (3, 3), (2,), (5,), (0, 1), (1, 7), (5,))",35.9004,202.67953,238.57993,3488.787532938078,4199.871053242171,125.24886794749015,851.2278911317281,976.4767590792184,231.7133948995702,934.9078315182767,-2.8780858056374594,-4.257031944123243,4.446312904816971,-1.4198094734070128,2.963374259570051
105,mobile,LBGLBGLGGBBGGB,"((2,), (7,), (0, 5), (2,), (2,), (1, 4), (3,), (4, 3), (2, 0), (5,), (2,), (1, 3), (2, 1), (0,))",59.7843,216.85507,276.63937,3154.8252024291496,4116.691880470818,188.60901634958503,892.725505907931,1081.334522257516,268.7345064284801,1038.440709193533,-2.8574615288922582,-3.966747771488246,4.130598182855815,-1.1419160545469023,2.941514164510057
106,mobile,LBGLBGLGGBBGGB,"((5,), (0,), (1, 2), (0,), (4,), (0, 2), (2,), (4, 0), (4, 1), (7,), (3,), (1, 5), (2, 0), (3,))",35.8416,208.53481,244.37641,3465.997019104085,4181.917638308816,124.22687875992098,872.0754001403777,996.3022789002988,237.3685494242186,954.3212938894349,-2.8676501859493695,-4.213679512727988,4.399041002193959,-1.3857683144240383,2.9523121714229856
107,mobile,LBGLBGLGGBBGGB,"((1,), (1,), (0, 6), (0,), (6,), (4, 5), (1,), (2, 7), (4, 2), (0,), (1,), (3, 1), (1, 3), (4,))",80.4675,207.46203,287.92953,3119.365884534752,4177.04018349961,251.0075743138001,866.5772358604016,1117.5848101742015,286.2542963038508,1098.5012660465452,-0.5818207309785759,-1.7075701059932697,1.737234604775377,-1.1323375496230543,0.5852256953974125
108,mobile,LBGLBGLGGBBGGB,"((3,), (6,), (1, 2), (3,), (1,), (2, 7), (3,), (3, 4), (3, 2), (4,), (2,), (0, 7), (0, 5), (2,))",49.276,202.35941000000005,251.63541000000004,3239.046248778104,4190.120523456926,159.60724295478985,847.9103169556349,1007.5175599104248,241.8841487824519,962.3821659185287,-3.8751546205473018,-4.479861769943636,4.689965752723339,-0.6290851725266748,4.031376701049695
109,mobile,LBGLBGLGGBBGGB,"((1,), (2,), (3, 5), (0,), (6,), (0, 7), (4,), (1, 2), (3, 6), (0,), (0,), (1, 7), (1, 3), (5,))",80.4916,222.41222,302.90381999999994,3131.144979225363,4106.0812874908,252.03086920981625,913.2426546512868,1165.273523861103,306.5726866730115,1166.9013318853276,1.2112315628807735,0.1396932128716766,-0.13949834315422413,-1.0587148614463466,-1.1967363149101289
110,mobile,GBBGGBLGLLGBLL,"((4, 4), (0,), (1,), (3, 0), (2, 3), (2,), (4,), (1, 0), (0,), (1,), (4, 4), (7,), (5,), (0,))",21.7084,190.18697,211.89537,3889.744552179848,4157.311105125331,84.44013063654101,790.6664024311382,875.1065330676792,202.17224826268222,811.5464882062874,-4.5886428463811155,-7.263120826967485,7.83196597916093,-2.8031023353753035,4.809325622517974
111,mobile,GBBGGBLGLLGBLL,"((0, 6), (5,), (6,), (3, 7), (0, 6), (5,), (4,), (1, 6), (0,), (0,), (4, 2), (3,), (3,), (5,))",15.8189,173.94347999999997,189.76238,4357.951652236652,4356.722778897613,68.93800139156637,757.8235215567213,826.7615229482876,176.4760533865101,746.6102486232666,-7.001559852637759,-9.694606255888177,10.735356830798722,-2.89579739077677,7.528685257025088
112,mobile,GBBGGBLGLLGBLL,"((1, 0), (0,), (3,), (3, 2), (2, 0), (7,), (3,), (1, 4), (0,), (2,), (2, 5), (2,), (5,), (3,))",53.9645,190.25518,244.21968,3269.8708417595817,4133.718503823026,176.45694504013494,786.4613580141805,962.9183030543154,236.61235071651427,911.0241517714737,-3.1149534236904,-5.389257958669675,5.696243198595128,-2.347425753867981,3.2151023648804045
113,mobile,GBBGGBLGLLGBLL,"((1, 3), (5,), (4,), (0, 3), (2, 0), (2,), (3,), (1, 1), (2,), (3,), (1, 4), (0,), (4,), (5,))",23.4449,202.33744,225.78234,3675.182889822596,4007.6124782801658,86.16429533360179,810.8900493672643,897.0543447008661,212.3524356311782,833.8245026287567,-5.948164222596775,-7.048607751093848,7.583111538791165,-1.1700393930656914,6.3243467535015165
114,mobile,GBBGGBLGLLGBLL,"((0, 4), (4,), (3,), (4, 7), (1, 3), (7,), (4,), (1, 0), (2,), (2,), (4, 0), (3,), (0,), (0,))",20.0603,181.08215,201.14245,3748.754931318681,4243.455104830913,75.20114854873215,768.4139738112572,843.6151223599893,184.4919269060406,757.5678231505843,-8.277975680399342,-10.199828918273786,11.358362456783102,-2.0953018123300824,9.025068670045016
115,mobile,GBBGGBLGLLGBLL,"((2, 1), (0,), (3,), (2, 7), (2, 5), (0,), (3,), (1, 3), (0,), (4,), (0, 3), (6,), (0,), (1,))",37.7277,229.44638,267.17408,3365.896282980304,3897.366879216541,126.98752519539602,894.2367219681325,1021.2242471635286,252.1478968044983,963.7189971016983,-5.624117128241526,-5.631011036170787,5.967014268139607,-0.00730473476856217,5.959273658805174
116,mobile,GBBGGBLGLLGBLL,"((1, 2), (7,), (5,), (2, 4), (1, 0), (1,), (0,), (0, 5), (5,), (4,), (4, 5), (4,), (3,), (2,))",28.1028,176.09996,204.20276,3503.430538847117,4297.172579301811,98.45620774711276,756.7319193281458,855.1881270752585,195.8641498705288,787.0165991246693,-4.083495310969949,-7.971524135132202,8.66201907639694,-4.0535555760373,4.257343743090936
117,mobile,GBBGGBLGLLGBLL,"((3, 2), (0,), (4,), (2, 4), (1, 0), (0,), (5,), (0, 5), (5,), (4,), (2, 6), (5,), (0,), (4,))",29.0864,201.81427,230.90067,3613.411873422415,4088.724432750913,105.10114311511374,825.1629366267895,930.2640797419032,219.45401054245133,864.6139080077601,-4.957395514507889,-7.057154324646974,7.593004360225258,-2.2092816390144274,5.215971870030807
118,mobile,GBBGGBLGLLGBLL,"((3, 4), (6,), (4,), (2, 1), (0, 4), (7,), (5,), (1, 4), (1,), (4,), (1, 3), (5,), (1,), (2,))",20.8033,176.16088000000002,196.96418000000003,3872.369156162467,4257.7131457740215,80.55805726639466,750.04249454712,830.6005518135146,181.56774604119948,740.4034330628695,-7.816870031292259,-10.859265450006115,12.182158364328702,-3.3003819893581716,8.479718614399133
119,mobile,GBBGGBLGLLGBLL,"((0, 0), (5,), (1,), (0, 5), (1, 3), (1,), (3,), (1, 3), (5,), (1,), (1, 5), (6,), (0,), (2,))",53.9572,214.32270000000003,268.27990000000005,3240.1679154098792,3980.3315025425545,174.83038824535393,853.0753945199773,1027.9057827653312,253.66656003976394,963.9979562336333,-5.447049875982552,-6.217284463539973,6.629456641317745,-0.814606616236906,5.760846032660105
120,mobile,GLBBLBGBLBGBLG,"((3, 5), (2,), (4,), (1,), (5,), (2,), (2, 1), (2,), (0,), (7,), (0, 4), (3,), (4,), (0, 2))",17.0256,243.92029,260.94589,4062.733900543901,3984.751571890441,69.17048229710025,971.9617589934722,1041.1322412905724,239.39803053945695,949.6732125931958,-8.257596799299298,-8.784573666070063,9.630578970174067,-0.5744092681090225,9.000850763887813
121,mobile,GLBBLBGBLBGBLG,"((0, 4), (1,), (2,), (1,), (0,), (5,), (3, 2), (5,), (4,), (0,), (3, 5), (0,), (3,), (2, 0))",20.9231,222.18341,243.10651,3722.4472933275847,4036.584034356498,77.88513696302239,896.8620055048839,974.7471424679064,231.44361389538963,919.5294727778963,-4.797442941618616,-5.664819857815397,6.004991827308999,-0.911085734456561,5.039195468958528
122,mobile,GLBBLBGBLBGBLG,"((0, 2), (3,), (5,), (2,), (1,), (6,), (1, 5), (5,), (3,), (1,), (0, 4), (2,), (0,), (1, 1))",27.2049,219.31702,246.52192,3480.060150683081,4051.678945109858,94.67468839331814,888.6021522382376,983.2768406315556,232.83772052546706,921.7796206622256,-5.550905767135406,-6.254313884768253,6.671575134753903,-0.744748399490827,5.877140286226181
123,mobile,GLBBLBGBLBGBLG,"((2, 5), (1,), (6,), (7,), (0,), (4,), (4, 5), (2,), (2,), (3,), (2, 4), (6,), (4,), (1, 0))",18.5329,187.71004,206.24294,3962.484293623043,4340.533239679749,73.4363251652865,814.7616680416153,888.1979932069017,195.28488592773445,815.8914184663674,-5.313177785511375,-8.140817170670054,8.862279110184678,-2.9863071956870435,5.611317035728304
124,mobile,GLBBLBGBLBGBLG,"((3, 5), (2,), (3,), (6,), (0,), (1,), (4, 0), (0,), (1,), (7,), (4, 7), (1,), (3,), (1, 2))",16.7028,214.15989,230.86269,4092.89812909313,4230.423973857411,68.36285887061673,905.987132894666,974.3499917652828,214.45745170532945,881.2555793798949,-7.106058711639607,-9.554514617147339,10.563838069643163,-2.6357541423581736,7.649647127772351
125,mobile,GLBBLBGBLBGBLG,"((1, 7), (1,), (3,), (3,), (4,), (0,), (0, 5), (4,), (3,), (4,), (2, 6), (1,), (2,), (1, 5))",12.6553,216.38687,229.04217,4768.76888888889,4087.388688537873,60.35020091955557,884.4572447861151,944.8074457056708,219.3108983733736,897.8766585140149,-4.248681204263131,-4.9672329959893124,5.22686348360212,-0.7504353994946382,4.437203850243261
126,mobile,GLBBLBGBLBGBLG,"((1, 5), (3,), (1,), (6,), (0,), (7,), (3, 1), (5,), (2,), (2,), (1, 0), (3,), (4,), (1, 1))",17.392,200.93374,218.32574,3989.212116217116,4206.335891365051,69.38037712524807,845.1948023482134,914.5751794734616,203.59258625665638,838.9761025016244,-6.748244042751725,-8.266031996993519,9.010873700266199,-1.6276239934158976,7.236586564488393
127,mobile,GLBBLBGBLBGBLG,"((2, 7), (1,), (1,), (5,), (5,), (0,), (2, 0), (3,), (3,), (3,), (4, 7), (1,), (3,), (0, 5))",12.8824,224.78222000000008,237.66462000000007,4713.634126984126,4111.146587660594,60.722920277460304,924.1126567197732,984.8355769972336,227.18717461223244,922.8775977488453,-4.408500258796462,-6.291200348112759,6.713564117226498,-1.969526678013593,4.611812002878563
128,mobile,GLBBLBGBLBGBLG,"((4, 0), (2,), (1,), (6,), (3,), (6,), (2, 4), (0,), (2,), (4,), (3, 7), (2,), (2,), (0, 1))",51.1743,216.96991,268.14421,3500.363207736795,4140.536294283149,179.1286369016851,898.3717871223483,1077.5004240240337,259.6461194808582,1019.039305350233,-3.1692239482410542,-5.425623727874905,5.736885551603736,-2.3302506410025305,3.272951098261375
129,mobile,GLBBLBGBLBGBLG,"((1, 4), (2,), (0,), (4,), (5,), (7,), (4, 7), (7,), (2,), (2,), (1, 3), (3,), (3,), (2, 4))",17.8621,193.14097000000004,211.00307000000004,3920.1886907536905,4331.3179975632165,70.02280241311149,836.5549594278175,906.577761840929,198.07035552165564,824.1064225708827,-6.129159390119012,-9.09699561817809,10.007365191108274,-3.1616167584917494,6.529353897650985
130,mobile,LLGBGBLBGBBBBG,"((0,), (1,), (4, 1), (5,), (1, 2), (7,), (0,), (6,), (0, 7), (7,), (3,), (1,), (7,), (4, 0))",117.738,197.4354,315.1734,3070.082288685004,4492.204932030876,361.465348505195,886.9202776374888,1248.3856261426838,305.8290233025352,1181.0716314208494,-2.964836720822518,-5.392083448591453,5.699399844263006,-2.5014094331820447,3.055425085741814
131,mobile,LLGBGBLBGBBBBG,"((4,), (5,), (4, 3), (3,), (3, 1), (1,), (0,), (7,), (1, 7), (1,), (2,), (0,), (3,), (2, 4))",42.4351,215.78073,258.21583,3317.934444444443,4193.035095009168,140.7968799434444,904.7761737166976,1045.573053660142,240.4597387452148,958.759434679986,-6.876453412939552,-8.30297019192064,9.054786408347852,-1.531854006062208,7.384226293948989
132,mobile,LLGBGBLBGBBBBG,"((1,), (3,), (1, 7), (2,), (0, 2), (0,), (4,), (1,), (1, 4), (7,), (0,), (3,), (7,), (4, 6))",80.8954,232.92361,313.81901,3150.943678035434,4114.362084787506,254.89684921214769,958.332069635832,1213.2289188479797,292.05890517733985,1121.1332775307394,-6.93396643583196,-7.590953354844987,8.214513221842635,-0.7059363054943557,7.450587685195665
133,mobile,LLGBGBLBGBBBBG,"((4,), (3,), (2, 5), (5,), (3, 3), (4,), (2,), (7,), (4, 0), (3,), (0,), (1,), (2,), (3, 7))",42.3361,185.82844000000009,228.16454000000004,3377.750760669726,4417.53522941296,143.0007939787896,820.9036803268529,963.9044743056425,214.60887456744732,882.1200150522791,-5.941179743597636,-8.484705843105207,9.271352861040835,-2.7041866914490127,6.316451479406292
134,mobile,LLGBGBLBGBBBBG,"((2,), (1,), (3, 4), (4,), (0, 4), (5,), (3,), (6,), (0, 5), (1,), (4,), (5,), (5,), (3, 5))",60.6631,197.34057,258.00367,3193.0170290642186,4303.362545653804,193.6983113358256,849.2280176759728,1042.9263290117983,248.31409688547367,981.1632503237204,-3.7555950713903896,-5.9220941086605965,6.294883004199368,-2.251038944941509,3.902143791294818
135,mobile,LLGBGBLBGBBBBG,"((5,), (4,), (0, 6), (2,), (0, 3), (7,), (2,), (2,), (1, 2), (1,), (4,), (5,), (2,), (4, 5))",36.4943,205.18701,241.68131,3511.4715790513847,4269.275883070653,128.14869724737497,875.999953312377,1004.148650559752,222.9595707152638,908.8911502331644,-7.746457218696888,-9.486394297645809,10.480627994028822,-1.8860382230237343,8.396921121024791
136,mobile,LLGBGBLBGBBBBG,"((1,), (3,), (0, 7), (1,), (4, 4), (4,), (5,), (0,), (4, 5), (3,), (5,), (6,), (2,), (1, 3))",80.5652,213.90415,294.46935,3099.923414234265,4257.214304816627,249.7459498524664,910.6358072396414,1160.3817570921078,278.53693224792204,1069.830946328382,-5.410552151549212,-7.803536225064782,8.464029861399386,-2.5298636665577754,5.7200377786514665
137,mobile,LLGBGBLBGBBBBG,"((3,), (3,), (3, 2), (2,), (4, 2), (7,), (0,), (3,), (0, 4), (2,), (0,), (2,), (2,), (1, 6))",49.6099,228.68306,278.29296,3250.232925579324,4068.372262545201,161.2437304146977,930.36781821796,1091.6115486326578,261.93461414115046,1021.3285134149984,-5.878102650835843,-6.43846570748498,6.881530701875262,-0.5953588616795067,6.245202037342951
138,mobile,LLGBGBLBGBBBBG,"((5,), (0,), (3, 1), (6,), (0, 6), (0,), (3,), (6,), (0, 6), (5,), (7,), (7,), (2,), (4, 0))",36.2095,210.42191,246.63141,3452.293772068511,4415.911585378673,125.00583133971476,929.2045501865084,1054.2103815262233,233.9399602752559,966.7154691936041,-5.145917839396075,-8.299568460514418,9.050740897484953,-3.3247389561776513,5.425088432865935
139,mobile,LLGBGBLBGBBBBG,"((5,), (5,), (1, 4), (1,), (1, 4), (2,), (4,), (3,), (2, 4), (4,), (1,), (6,), (3,), (3, 5))",36.4951,196.28258,232.77768000000003,3497.0157819499327,4254.177988433742,127.62394066384098,835.021031348985,962.644972012826,210.65346086797987,857.6783927047002,-9.50444180559758,-10.903976269532446,12.238454437112756,-1.5465228259362593,10.502661119764745
140,mobile,LGLBLBBGGLBBLB,"((5,), (3, 4), (0,), (7,), (4,), (4,), (7,), (1, 4), (0, 3), (5,), (1,), (5,), (1,), (6,))",35.8397,186.58716,222.42686,3537.7349799331105,4315.614905655897,126.7913603603087,805.2383289000019,932.0296892603104,218.12523804483308,880.3387186243006,-1.933948964242413,-5.546064812273687,5.871713869042012,-3.6833499563617567,1.972088142447221
141,mobile,LGLBLBBGGLBBLB,"((2,), (4, 2), (0,), (4,), (5,), (7,), (1,), (2, 5), (3, 1), (3,), (3,), (1,), (4,), (0,))",59.7784,188.13834,247.91674,3158.6094599303133,4189.379667458814,188.81661973949824,788.1829362654532,976.9995560049516,246.3911320797247,942.9135514044473,-0.6153710799340502,-3.4888454545348417,3.6149660326478643,-2.891266391819904,0.6191813428503096
142,mobile,LGLBLBBGGLBBLB,"((5,), (2, 4), (1,), (0,), (5,), (6,), (5,), (1, 2), (1, 7), (4,), (4,), (4,), (5,), (6,))",35.8363,190.55694000000005,226.39324,3538.490628081258,4217.611593252595,126.80641169510838,803.6951593187395,930.501571013848,214.8424264927053,858.7078298307373,-5.102101770925092,-7.715595912953298,8.360671544972657,-2.7540063487175215,5.376411771111188
143,mobile,LGLBLBBGGLBBLB,"((0,), (1, 4), (0,), (6,), (3,), (1,), (1,), (1, 3), (0, 7), (1,), (5,), (2,), (0,), (7,))",117.789,222.00962,339.79862,3088.200213821269,4015.051349499803,363.7560149857935,891.3800243829385,1255.136039368732,329.72385305068,1222.1558268062438,-2.964922856166987,-2.627620554906194,2.6985276213650136,0.3476086289505624,3.0555165651820326
144,mobile,LGLBLBBGGLBBLB,"((5,), (0, 5), (5,), (1,), (1,), (7,), (3,), (0, 0), (1, 3), (1,), (3,), (5,), (4,), (2,))",35.842,212.00793,247.84993,3451.1040513834,4028.339213772503,123.6944714096838,854.0398580497359,977.7343294594198,238.7396292394567,926.8187459086387,-3.675732634075511,-5.207506990056475,5.493585857595516,-1.5902268430051352,3.8159985376393757
145,mobile,LGLBLBBGGLBBLB,"((5,), (2, 1), (0,), (4,), (2,), (5,), (3,), (0, 0), (3, 0), (3,), (7,), (4,), (4,), (2,))",35.8646,188.03618,223.90078,3453.962763504612,4192.58470897571,123.87499292798752,788.3576130022042,912.2326059301917,215.9323767031011,856.9040991713744,-3.5588993021368145,-6.065175307168454,6.456791000570537,-2.5987633767095426,3.6902309040274908
146,mobile,LGLBLBBGGLBBLB,"((1,), (1, 3), (3,), (1,), (3,), (0,), (0,), (1, 4), (4, 0), (1,), (1,), (1,), (5,), (3,))",80.5048,221.19639,301.70119,3117.248376605925,3903.5198581410073,250.95345710898468,863.444500914103,1114.3979580230875,291.7032753985671,1078.8793895121787,-3.3138465915341304,-3.1872427847873874,3.2921723091743154,0.1309430588389224,3.427426239137119
147,mobile,LGLBLBBGGLBBLB,"((0,), (0, 6), (5,), (6,), (2,), (3,), (7,), (4, 1), (1, 3), (4,), (6,), (6,), (0,), (2,))",117.798,181.1233100000001,298.92131000000006,3071.21941786284,4365.9561566786615,361.7835049854068,790.7764304125183,1152.559935397925,298.39714704712475,1118.0029808032823,-0.17535148393244865,-2.9982783136316353,3.090953708353592,-2.827885569008359,0.17565950548198225
148,mobile,LGLBLBBGGLBBLB,"((5,), (3, 1), (0,), (2,), (1,), (2,), (6,), (0, 5), (1, 6), (4,), (7,), (3,), (2,), (2,))",35.8304,203.84303000000003,239.67343,3448.995471014492,4100.898382210893,123.57888732463763,835.9395519519666,959.5184392766042,232.20760378987185,912.2042193162824,-3.1149995267010375,-4.931038114910299,5.186801262088536,-1.8744269797570439,3.2151514800885166
149,mobile,LGLBLBBGGLBBLB,"((4,), (4, 7), (5,), (1,), (2,), (6,), (4,), (3, 4), (4, 1), (3,), (1,), (3,), (5,), (1,))",41.2545,171.63197,212.88647,3304.4978937728943,4330.573823497131,136.32540835865387,743.264916557245,879.5903249158989,205.54512740518004,815.9565449457359,-3.448477770719747,-7.234479298785748,7.798672657793908,-3.921224068405067,3.57164516011531
150,mobile,BBBGBBLGGGLGBG,"((4,), (6,), (4,), (1, 0), (5,), (0,), (1,), (1, 1), (4, 0), (2, 5), (2,), (4, 5), (1,), (1, 7))",21.0093,212.64574,233.65504,4021.4606684981673,4194.776527490033,84.48807362267854,892.0013588227484,976.4894324454268,225.73026176480494,927.4994923411357,-3.391657306084678,-5.01694524042164,5.281937134071493,-1.6823473925915275,3.5107292098266107
151,mobile,BBBGBBLGGGLGBG,"((7,), (3,), (1,), (3, 4), (5,), (0,), (0,), (3, 0), (1, 3), (2, 4), (3,), (3, 4), (1,), (2, 4))",15.5993,204.32602999999995,219.92533,4601.70517871018,4174.03378744801,71.78337959425372,852.8637528751154,924.6471324693692,212.28471259241218,885.7570489997328,-3.4741870832194843,-4.20593782254819,4.3906038922924004,-0.7580881395524512,3.5992311053777404
152,mobile,BBBGBBLGGGLGBG,"((7,), (5,), (5,), (1, 4), (2,), (6,), (3,), (0, 4), (4, 5), (2, 1), (0,), (0, 5), (4,), (0, 7))",14.175,240.46498,254.63998,4880.392907647907,4139.797688470213,69.17956946590908,995.476368362036,1064.655937827945,246.81982947535502,1021.5991824465985,-3.071061553117066,-4.044194359089253,4.214642701478202,-1.003965195085114,3.1683639605730356
153,mobile,BBBGBBLGGGLGBG,"((1,), (1,), (0,), (1, 2), (5,), (4,), (0,), (0, 3), (0, 0), (1, 1), (5,), (0, 6), (3,), (0, 5))",41.25,297.44407,338.69407,3371.2298470239857,3803.901923203886,139.0632311897394,1131.4480699185913,1270.5113011083306,321.7275192311471,1230.808570345037,-5.0094029602741275,-3.1249411735778305,3.2257437687620016,1.9838403435954863,5.27357771862319
154,mobile,BBBGBBLGGGLGBG,"((3,), (1,), (5,), (1, 1), (0,), (5,), (3,), (2, 2), (2, 1), (4, 5), (0,), (4, 0), (7,), (1, 0))",26.7675,217.75629000000004,244.52379,3572.35535167576,4146.996926323554,95.62302187598092,903.0346653176208,998.6576871936016,229.50256280311064,930.2650316333895,-6.1430534823991385,-6.8484583293407715,7.351953823323472,-0.7515744685017496,6.545123946949581
155,mobile,BBBGBBLGGGLGBG,"((7,), (2,), (6,), (2, 6), (7,), (6,), (0,), (3, 3), (0, 7), (3, 6), (2,), (4, 1), (5,), (0, 6))",14.4965,206.6397,221.1362,4818.817023809524,4370.833441792552,69.85598098565475,903.1877111619804,973.043692147635,218.79363632837786,935.6179354325485,-1.0593307073297564,-3.846256547070666,4.000111081430274,-2.8167646930880097,1.0706726717162451
156,mobile,BBBGBBLGGGLGBG,"((4,), (4,), (6,), (0, 6), (6,), (0,), (1,), (1, 3), (1, 6), (2, 2), (1,), (1, 3), (0,), (0, 6))",19.6953,269.55309000000005,289.24839000000003,3982.540985680987,3911.7117860516646,78.43733947528274,1054.4139991196453,1132.851338594928,275.06331857087747,1087.9259813348372,-4.90411422138687,-3.965688676840119,4.129449799973463,0.9868203412410987,5.157020391822031
157,mobile,BBBGBBLGGGLGBG,"((2,), (6,), (4,), (3, 3), (2,), (6,), (2,), (4, 3), (1, 3), (1, 4), (5,), (1, 7), (1,), (0, 2))",30.8833,215.9526,246.8359,3469.640920862763,4196.928285997319,107.15396145128096,906.3375753746648,1013.4915368259456,241.86841615339148,979.1666922599981,-2.012464089141219,-3.38679143522462,3.5055159491508863,-1.4025532260895404,2.0537959960254577
158,mobile,BBBGBBLGGGLGBG,"((4,), (5,), (3,), (2, 6), (6,), (0,), (1,), (3, 5), (3, 7), (1, 1), (5,), (4, 5), (4,), (3, 2))",23.0528,174.97828,198.03108,3809.376972096531,4476.946397482024,87.81680546234692,783.3683802836009,871.1851857459478,193.48993359492647,823.9639621744,-2.2931483305921136,-5.4203428093322,5.730981661738397,-3.200588725671968,2.346967783130499
159,mobile,BBBGBBLGGGLGBG,"((6,), (0,), (6,), (3, 6), (7,), (5,), (2,), (1, 1), (4, 3), (2, 5), (3,), (4, 7), (7,), (4, 4))",17.5041,160.00331,177.50741,4378.377692307691,4795.162571367915,76.63956096392307,767.2418834069776,843.8814443709007,178.40510378176117,801.6348116401721,0.505721863533008,-5.006228423735843,5.270059647770355,-5.484215410892716,-0.5031771864886265
160,mobile,BGBGBLBLLBGBLG,"((7,), (3, 6), (6,), (4, 2), (1,), (4,), (1,), (3,), (0,), (3,), (1, 7), (7,), (1,), (0, 2))",15.6786,208.17626,223.85486,4621.75222943723,4242.356456292181,72.46260450445456,883.1579006577598,955.6205051622144,208.46397852623386,871.3378561561528,-6.875384109938977,-8.819677743494502,9.672786326290103,-2.0878407013789775,7.382993255033409
161,mobile,BGBGBLBLLBGBLG,"((3,), (2, 3), (2,), (4, 3), (4,), (3,), (2,), (1,), (2,), (3,), (3, 7), (5,), (0,), (4, 2))",25.1975,166.92478000000003,192.12228,3688.257307096927,4453.501353105191,92.93486349557485,743.3997335967864,836.3345970923613,179.79090290888905,752.8265958746542,-6.418504449932063,-9.984999007339255,11.092594453399341,-3.8111108787517196,6.858732500698322
162,mobile,BGBGBLBLLBGBLG,"((5,), (1, 4), (0,), (0, 6), (1,), (3,), (5,), (2,), (1,), (3,), (3, 4), (5,), (0,), (2, 1))",19.9951,224.13988,244.13498,3973.0577619929095,4013.2493460652977,79.44168725682442,899.5292268371544,978.9709140939788,221.92374220272782,883.0401748256897,-9.097933363450082,-9.799140902676491,10.863689105337201,-0.7713878959760363,10.00850002654614
163,mobile,BGBGBLBLLBGBLG,"((5,), (2, 4), (0,), (2, 5), (4,), (2,), (2,), (1,), (1,), (7,), (0, 1), (1,), (2,), (4, 2))",18.9874,209.27127,228.25867,4107.68224053724,4137.974880152674,77.9942057739768,865.9592583976478,943.9534641716244,214.274251809897,870.5392893460638,-6.126566053374002,-7.777308692858704,8.433183398386102,-1.7584768875327241,6.526410929909533
164,mobile,BGBGBLBLLBGBLG,"((5,), (3, 6), (0,), (1, 6), (3,), (0,), (1,), (2,), (2,), (1,), (2, 2), (1,), (2,), (4, 0))",20.404,211.33786,231.74186,4000.578355419093,4078.311034267815,81.62780076397117,861.9015263965467,943.529327160518,214.84024017738852,866.3147213448052,-7.293296007295133,-8.1835936195099,8.912997079843032,-0.9603378977693119,7.8670642932889
165,mobile,BGBGBLBLLBGBLG,"((1,), (1, 1), (7,), (4, 6), (7,), (0,), (4,), (4,), (1,), (5,), (3, 6), (1,), (0,), (2, 0))",42.2271,188.82672000000005,231.0538200000001,3343.548245427396,4318.960599136144,141.1883461144872,815.5351637441132,956.7235098586004,221.91146417202958,883.4763996107608,-3.9568079108021244,-7.656037454192508,8.29078289811823,-3.851631191052887,4.1198213269789274
166,mobile,BGBGBLBLLBGBLG,"((2,), (1, 1), (1,), (3, 2), (6,), (5,), (0,), (4,), (3,), (5,), (2, 6), (6,), (3,), (3, 2))",30.3392,174.92761,205.26681,3523.7979104010024,4383.86394386352,106.9092095632381,766.8588422652197,873.7680518284577,192.8436871518173,792.5955455629271,-6.052182936044403,-9.289937540708662,10.241352821113722,-3.4463329812763326,6.442068719834468
167,mobile,BGBGBLBLLBGBLG,"((3,), (4, 4), (4,), (2, 2), (6,), (0,), (5,), (5,), (4,), (1,), (3, 7), (3,), (2,), (0, 7))",24.4698,199.54192000000003,224.01172000000005,3787.3925560224097,4264.181555406434,92.67673836735716,850.8829747943864,943.5597131617436,215.4339564585419,870.5211431253358,-3.8291583768287443,-7.740746983745758,8.390212071608676,-4.067333238325926,3.981620948928203
168,mobile,BGBGBLBLLBGBLG,"((2,), (1, 0), (2,), (1, 7), (0,), (2,), (4,), (2,), (0,), (2,), (4, 0), (6,), (0,), (1, 1))",31.1712,238.19061,269.36181,3480.432846956965,3965.4792947035535,108.48926835906494,944.5399321478092,1053.029200506874,241.18198296717105,942.6750344519751,-10.461700948931455,-10.479687173136336,11.706490786515152,-0.020087743898986907,11.684051472727411
169,mobile,BGBGBLBLLBGBLG,"((7,), (0, 4), (3,), (1, 5), (2,), (2,), (3,), (2,), (3,), (7,), (1, 1), (3,), (0,), (0, 3))",15.0703,229.59408,244.66438,4682.901067821067,4028.5216720377457,70.57272396238382,924.924727051568,995.4974510139516,231.9338312106167,930.5408382133356,-5.20327020606077,-6.525040594976432,6.980522523367641,-1.3943206604160479,5.488870995203294
170,mobile,BBBGGGBGBLGGLB,"((5,), (3,), (7,), (0, 5), (3, 7), (4, 7), (1,), (1, 2), (4,), (1,), (1, 1), (1, 4), (0,), (6,))",17.0322,203.51220000000004,220.5444,4345.293805361305,4194.469625528537,74.00991315167482,853.6257413244889,927.6356544761636,206.79384532019904,855.3167455172505,-6.234823772356477,-7.796046714024982,8.45521958244584,-1.6650349356547596,6.649402286857055
171,mobile,BBBGGGBGBLGGLB,"((0,), (2,), (0,), (4, 6), (2, 6), (2, 3), (0,), (1, 2), (7,), (2,), (3, 4), (0, 2), (3,), (6,))",53.3257,207.2119700000001,260.53767000000005,3353.008428060226,4161.686060370067,178.80152153221118,862.3511670908209,1041.1526886230322,259.4494307804494,1014.7317523209238,-0.4176897795818332,-2.5376620154581957,2.603736035822052,-2.1288642844135195,0.4194417448814942
172,mobile,BBBGGGBGBLGGLB,"((4,), (0,), (1,), (1, 1), (2, 1), (3, 5), (5,), (4, 0), (7,), (5,), (3, 0), (3, 1), (0,), (6,))",19.6842,170.52790000000002,190.2121,4086.2374554612056,4448.096881212198,80.43431532078947,758.5246201496658,838.9589354704552,186.25292813523873,785.2465843447729,-2.0814511089259096,-6.402262238921445,6.840189081561053,-4.412658458411252,2.125696441070983
173,mobile,BBBGGGBGBLGGLB,"((6,), (3,), (4,), (0, 7), (4, 5), (1, 2), (3,), (0, 5), (7,), (5,), (0, 6), (4, 6), (4,), (5,))",13.9153,200.60327,214.51857,4468.386998556999,4328.098699150013,62.17894560102021,868.230751932239,930.4096975332592,208.2950564695833,875.5180869170575,-2.9011537464643316,-5.899724687063406,6.2696146928831835,-3.0881633060494584,2.9878354464574324
174,mobile,BBBGGGBGBLGGLB,"((7,), (2,), (6,), (2, 5), (4, 2), (4, 7), (5,), (3, 1), (4,), (5,), (1, 3), (4, 6), (5,), (7,))",11.1625,144.95799000000002,156.12049000000002,5108.188253968254,4940.914561624575,57.02015138492063,716.2250436148297,773.2451949997503,153.92153218738062,703.4613142833689,-1.4085004553978773,-9.024806253908109,9.920073684147326,-7.725114065299988,1.4286226113851468
175,mobile,BBBGGGBGBLGGLB,"((5,), (4,), (5,), (4, 4), (3, 6), (3, 7), (6,), (3, 7), (5,), (0,), (2, 7), (1, 3), (2,), (7,))",15.7197,155.59222,171.31192,4520.288724608725,4714.624453301926,71.05758266423177,733.558885155533,804.6164678197647,165.65654303737915,735.3514835715664,-3.3012162624882353,-8.608447256353415,9.419302985802332,-5.4884154575011195,3.413917047239559
176,mobile,BBBGGGBGBLGGLB,"((2,), (5,), (6,), (3, 6), (0, 3), (4, 2), (4,), (2, 1), (3,), (4,), (3, 6), (1, 2), (5,), (3,))",28.2223,165.61337999999998,193.83568,3533.789195437346,4435.105307884782,99.7316588103914,734.5127806947393,834.2444395051307,192.05084949475153,790.9415573376577,-0.9207956477612712,-5.19067075750124,5.4748523156669515,-4.309557326035877,0.9293530905715818
177,mobile,BBBGGGBGBLGGLB,"((2,), (2,), (4,), (0, 5), (0, 7), (2, 0), (3,), (0, 4), (3,), (2,), (0, 1), (3, 2), (1,), (4,))",29.0436,231.86096,260.90456,3570.99523047532,3942.996108940566,103.714557075833,914.2268630952244,1017.9414201710572,247.73362928167805,966.5535338155039,-5.048179578893507,-5.048216462880345,5.316610467782143,-3.884494965459735e-05,5.316569557597827
178,mobile,BBBGGGBGBLGGLB,"((2,), (3,), (5,), (4, 4), (4, 2), (2, 7), (7,), (0, 6), (0,), (3,), (3, 1), (2, 7), (0,), (2,))",30.0563,189.34854,219.40484,3511.509514376232,4299.100221592298,105.54298341694634,814.0283502721782,919.5713336891243,211.65380810818397,861.2244149738782,-3.5327533758216276,-6.345012787770442,6.7748797759078885,-2.9152479316683975,3.662127301699306
179,mobile,BBBGGGBGBLGGLB,"((6,), (1,), (6,), (3, 5), (3, 6), (4, 4), (5,), (0, 1), (2,), (0,), (3, 5), (2, 7), (5,), (1,))",16.7255,193.44443,210.16993,4192.243441003439,4252.730514756948,70.11736767250302,822.6670303707645,892.7843980432675,196.79383439401286,819.3461012246853,-6.364419308693272,-8.225759430780638,8.963037318272841,-1.9878555868882202,6.797009493298483
180,mobile,GLGBBGBGBGGGGG,"((3, 5), (3,), (4, 0), (5,), (3,), (2, 1), (3,), (0, 5), (1,), (0, 4), (2, 3), (3, 3), (0, 2), (4, 2))",16.2548,224.58592000000004,240.84072000000003,4178.579264624264,4226.376874489876,67.92197023061449,949.1847386240336,1017.106708854648,233.47919283068921,975.2639369625002,-3.0565957323623754,-4.113901867707315,4.290404915665075,-1.090642672735069,3.152969256086617
181,mobile,GLGBBGBGBGGGGG,"((0, 5), (5,), (0, 0), (5,), (2,), (4, 0), (6,), (0, 4), (4,), (1, 6), (4, 0), (3, 1), (2, 2), (4, 3))",15.1544,203.3578,218.5122,4112.089125874127,4439.450715187522,62.31624344914687,902.796930648961,965.113174098108,216.5029680346108,925.1949785963379,-0.9195056227474735,-4.136115491229649,4.314571136381653,-3.246461262329616,0.9280389934737459
182,mobile,GLGBBGBGBGGGGG,"((4, 4), (2,), (1, 7), (6,), (5,), (1, 4), (4,), (4, 5), (7,), (3, 6), (0, 3), (2, 7), (3, 7), (2, 6))",16.5503,192.26548000000005,208.81578,4344.197731712733,4572.299751037787,71.89777571916525,879.0954063371609,950.993182056326,211.3296320437656,920.3249971552056,1.2038611467800038,-3.2248585457581105,3.332321190440125,-4.376038268060718,-1.189540728128932
183,mobile,GLGBBGBGBGGGGG,"((2, 3), (3,), (3, 5), (5,), (3,), (3, 3), (2,), (1, 3), (4,), (4, 7), (0, 6), (4, 0), (2, 0), (1, 4))",20.0379,203.28909,223.32699,3782.253594322344,4388.41202438966,75.78841929767171,892.1162869832317,967.9047062809034,223.71874228308508,939.0200017344665,0.17541645238897582,-2.9842508626106423,3.0760478470196455,-3.1541344442539425,-0.1751092818988749
184,mobile,GLGBBGBGBGGGGG,"((1, 6), (3,), (3, 0), (2,), (5,), (4, 7), (4,), (1, 7), (3,), (2, 4), (2, 4), (4, 4), (3, 6), (1, 5))",13.1202,197.36666,210.48686,4453.574325396826,4474.441329058512,58.43178586407144,883.1055404822393,941.5373263463108,207.40289613520932,892.4736022468005,-1.465157428254994,-5.211022731292541,5.4974986348047,-3.8015642033528505,1.4869434912713055
185,mobile,GLGBBGBGBGGGGG,"((4, 6), (1,), (4, 0), (6,), (6,), (1, 5), (5,), (2, 0), (0,), (1, 0), (1, 2), (0, 6), (4, 7), (4, 4))",12.5748,221.44536,234.02016,4704.558968253969,4333.581094623328,59.158888114000014,959.6514255880568,1018.8103137020568,234.6881739947878,1002.4340220617321,0.28545147340630783,-1.6073935864290618,1.6336528170345834,-1.8874572852048306,-0.2846389672803002
186,mobile,GLGBBGBGBGGGGG,"((1, 7), (3,), (0, 3), (2,), (7,), (0, 7), (2,), (4, 7), (4,), (4, 7), (3, 0), (3, 0), (3, 1), (0, 4))",12.3447,220.70566,233.05036,4690.861349206349,4376.905867501167,57.90727609754761,966.0078982447176,1023.9151743422652,230.81568740184505,979.1849251294343,-0.9588797022905085,-4.368550279720623,4.568110483003829,-3.4426817539835173,0.9681632229201335
187,mobile,GLGBBGBGBGGGGG,"((4, 2), (0,), (2, 5), (1,), (7,), (2, 2), (3,), (3, 0), (0,), (4, 0), (4, 1), (3, 3), (1, 5), (4, 4))",24.3964,192.39091,216.78731,3845.194240342992,4506.148600772854,93.80889676510375,866.942029897916,960.7509266630198,227.19601713787506,953.6331281730924,4.801345216136069,-0.7408578323884292,0.7463875026618626,-5.288293806815715,-4.581377468231974
188,mobile,GLGBBGBGBGGGGG,"((3, 1), (2,), (1, 5), (5,), (7,), (1, 0), (3,), (3, 5), (1,), (3, 0), (3, 7), (3, 0), (1, 4), (2, 0))",36.9348,190.88214,227.81694,3452.622056951905,4420.114189213389,127.52190514910724,843.7208554814166,971.242760630524,230.67379998609934,949.3165788255062,1.254015608364923,-2.2575387630980606,2.3096807002090927,-3.4680643037853764,-1.2384848154716779
189,mobile,GLGBBGBGBGGGGG,"((2, 6), (0,), (2, 3), (4,), (6,), (1, 6), (1,), (0, 0), (2,), (0, 7), (2, 2), (0, 2), (1, 6), (0, 7))",12.2527,290.5185,302.7712,4824.610039682539,3952.9711520142414,59.11449943321825,1148.4112496264495,1207.5257490596678,302.62104822772005,1208.1654722294845,-0.049592488413683,0.052978014780631466,-0.052949962941437195,0.10262139569809185,0.04961709476565591
190,mobile,GLGLBBBBBBLLGG,"((3, 1), (5,), (3, 6), (1,), (6,), (1,), (3,), (7,), (7,), (1,), (0,), (3,), (0, 0), (0, 7))",29.1961,213.76966,242.96576,3746.748370054176,4233.338590465688,109.39044008693874,904.9593511487292,1014.349791235668,234.00805796419118,936.8788381729889,-3.68681662626405,-7.637498793025329,8.269047170897297,-4.101912145745379,3.8279459749114797
191,mobile,GLGLBBBBBBLLGG,"((1, 6), (1,), (1, 6), (1,), (0,), (1,), (5,), (1,), (5,), (0,), (1,), (1,), (1, 3), (0, 6))",13.0987,257.8336,270.9323,4521.00103174603,3861.2917385225214,59.219236214531726,995.5707495935204,1054.789985808052,251.95472179621513,983.4345900512218,-7.004546229366109,-6.764891278538866,7.255733780231777,0.25770609326595695,7.532138341560526
192,mobile,GLGLBBBBBBLLGG,"((4, 3), (3,), (4, 7), (0,), (7,), (7,), (7,), (1,), (0,), (7,), (0,), (3,), (4, 5), (2, 2))",21.5263,183.2561,204.7824,3874.157619684238,4500.086666762517,83.3962791686088,824.6683322128986,908.0646113815072,201.98372342193827,835.0728842399994,-1.3666587451176129,-8.038164490350525,8.740761257975429,-6.763945802051664,1.3855951017475643
193,mobile,GLGLBBBBBBLLGG,"((0, 2), (5,), (4, 1), (1,), (3,), (3,), (2,), (2,), (2,), (3,), (3,), (1,), (1, 4), (2, 5))",24.1443,179.60429999999997,203.74859999999995,3652.775500904325,4214.878309198837,88.1937075264843,757.0102683088405,845.2039758353249,198.85519284912291,800.1591342282895,-2.4016887236903908,-5.329463998618438,5.629485396111695,-2.999821653306324,2.4607892209230986
194,mobile,GLGLBBBBBBLLGG,"((2, 2), (2,), (2, 0), (0,), (2,), (4,), (5,), (2,), (7,), (1,), (3,), (3,), (1, 5), (4, 5))",24.1194,174.1404,198.2598,3739.5433710407247,4365.49761594661,90.19554238347963,760.2095010399889,850.4050434234686,192.7224445100338,791.5060281397512,-2.792979459258113,-6.925995528743353,7.441385559898478,-4.251767049842851,2.8732281307680925
195,mobile,GLGLBBBBBBLLGG,"((3, 3), (0,), (2, 3), (3,), (3,), (1,), (5,), (4,), (2,), (4,), (3,), (5,), (3, 1), (0, 2))",21.9137,198.9723,220.886,3739.855425554836,4119.313449730237,81.95406983898101,819.6292715137596,901.5833413527406,222.5402558090044,877.0666260682074,0.7489183601515764,-2.7192955060314468,2.7953081961901773,-3.442432854499789,-0.743351266039796
196,mobile,GLGLBBBBBBLLGG,"((4, 2), (5,), (3, 6), (2,), (0,), (7,), (2,), (5,), (1,), (6,), (5,), (2,), (3, 2), (4, 0))",27.4653,155.53426000000002,182.99956,3759.552005933952,4675.263497636831,103.25722370857775,727.1636484099564,830.4208721185341,179.079055027292,759.3584176918939,-2.1423575951264673,-8.557402253793155,9.358223043426324,-6.555486624259005,2.1892593592871705
197,mobile,GLGLBBBBBBLLGG,"((1, 4), (4,), (4, 7), (3,), (0,), (0,), (1,), (3,), (4,), (5,), (2,), (1,), (1, 7), (1, 2))",18.4087,200.70462,219.11332,3849.646200670674,4140.747486842874,70.86698201428624,831.067150862754,901.9341328770404,211.20413329595715,846.1177198051055,-3.609632999054023,-6.188524309850494,6.596766828709328,-2.675465807461005,3.7448067803482816
198,mobile,GLGLBBBBBBLLGG,"((2, 5), (3,), (1, 1), (1,), (0,), (6,), (2,), (3,), (1,), (7,), (0,), (5,), (3, 5), (2, 0))",17.5285,196.5418,214.0703,4016.024340659339,4216.396560398793,70.39488265524723,828.6981694945873,899.0930521498345,198.23036060253548,810.324644831412,-7.39941009914244,-9.873105693139003,10.954672042202398,-2.6713605136263365,7.9906727452434065
199,mobile,GLGLBBBBBBLLGG,"((0, 2), (1,), (2, 1), (1,), (2,), (3,), (0,), (1,), (6,), (0,), (2,), (3,), (0, 3), (3, 7))",21.8687,207.72290000000004,229.59160000000003,3868.386402233386,4064.127931955676,84.59658171452125,844.2124399968359,928.8090217113572,231.74173661451053,911.0974728018025,0.9365049132940843,-1.9069096547878794,1.9439795892626504,-2.8170329164106667,-0.9278158720658526
200,mobile,GBLLLLBGBLBLBG,"((4, 5), (6,), (5,), (2,), (3,), (4,), (7,), (4, 3), (5,), (0,), (3,), (5,), (3,), (3, 6))",15.4121,149.80542999999997,165.21752999999998,4628.084184704185,4681.257558004121,71.32849626307937,701.2778014175572,772.6062976806365,154.57013019153413,669.3987450984613,-6.44447342147401,-13.358362841722133,15.417948321219876,-7.39014537473096,6.888394151749914
201,mobile,GBLLLLBGBLBLBG,"((3, 1), (6,), (5,), (0,), (2,), (4,), (1,), (3, 5), (4,), (3,), (5,), (2,), (3,), (2, 0))",37.5078,176.65324999999996,214.16105,3515.027609639404,4297.967710670127,131.84095257683285,759.2499644849374,891.0909170617703,197.55930901968,785.0943207152075,-7.751988972934148,-11.895149452995168,13.501128915313235,-4.491327708784303,8.403421262556748
202,mobile,GBLLLLBGBLBLBG,"((1, 3), (0,), (3,), (1,), (3,), (0,), (6,), (4, 0), (2,), (2,), (3,), (5,), (1,), (2, 5))",20.7262,197.52294,218.24914,3865.98798992674,4153.269002867637,80.12724027681959,820.3659040572841,900.4931443341037,200.40346744708233,798.1198375880988,-8.176743584381445,-11.368582580571214,12.826808948312182,-3.476068177916267,8.90487214630152
203,mobile,GBLLLLBGBLBLBG,"((3, 1), (0,), (2,), (4,), (3,), (3,), (6,), (3, 2), (6,), (5,), (1,), (1,), (3,), (3, 7))",36.0938,169.69606,205.78986,3639.800043413108,4377.775711460966,131.37421480694405,742.8912897986227,874.2655046055668,193.8736534894215,783.1318577811378,-5.790473112027235,-10.42402409157671,11.637075662154716,-4.9183465118759795,6.146377445364798
204,mobile,GBLLLLBGBLBLBG,"((2, 7), (0,), (4,), (4,), (3,), (1,), (4,), (3, 3), (6,), (5,), (7,), (3,), (4,), (2, 6))",12.7283,165.78403,178.51233,4965.209325396826,4554.7553923858,63.19867385644842,755.1057046139493,818.3043784703978,164.94566802029567,710.1561599485642,-7.599845892832345,-13.216135874035999,15.228793978167642,-6.078225772967599,8.224927724706912
205,mobile,GBLLLLBGBLBLBG,"((2, 5), (1,), (3,), (1,), (3,), (5,), (4,), (0, 2), (1,), (4,), (6,), (5,), (7,), (4, 4))",16.314,173.43660999999997,189.75061,4339.401212121211,4444.574064393851,70.79299137454544,770.851858622391,841.6448499969364,177.31478136047312,742.4448594634433,-6.553775315677181,-11.786443003109229,13.36126033725707,-5.599656599406641,7.013419041611309
206,mobile,GBLLLLBGBLBLBG,"((3, 6), (4,), (2,), (0,), (1,), (2,), (7,), (2, 4), (3,), (1,), (7,), (0,), (6,), (3, 5))",14.0974,175.73353000000003,189.83093,4639.375555555557,4400.984967965223,65.40313295688891,773.4006238974657,838.8037568543547,177.16497714640735,737.467406323748,-6.672228205167959,-12.081055873024914,13.741129392519902,-5.795517844085576,7.149241942511928
207,mobile,GBLLLLBGBLBLBG,"((2, 7), (1,), (1,), (2,), (1,), (2,), (4,), (3, 5), (0,), (2,), (1,), (0,), (5,), (4, 5))",13.2273,193.75704,206.98434000000003,4948.228412698415,4204.971402563678,65.45170168328573,814.7428122453865,880.1945139286722,188.20302097158623,778.0077231622773,-9.073787431654878,-11.609569151969941,13.134418557061133,-2.788834648104399,9.979286693410359
208,mobile,GBLLLLBGBLBLBG,"((2, 6), (0,), (4,), (3,), (0,), (0,), (0,), (3, 3), (1,), (5,), (4,), (4,), (1,), (3, 7))",13.6187,197.98141,211.60011,4859.090277777778,4182.66166862279,66.17449276597223,828.0892547068928,894.263747472865,191.36277419867233,783.4202411418729,-9.56395334639839,-12.39494574662443,14.14866511100509,-3.130380534069148,10.575377518470415
209,mobile,GBLLLLBGBLBLBG,"((1, 4), (7,), (0,), (1,), (5,), (4,), (2,), (2, 5), (6,), (0,), (1,), (1,), (3,), (1, 3))",18.9619,201.69712000000004,220.65902000000003,3921.079836829837,4129.85724809462,74.35112375798369,832.9803129518107,907.3314367097944,200.11347985964983,796.1950869919615,-9.310990387046129,-12.248704852643534,13.958431989037756,-3.2393279826685735,10.266944613006533
210,mobile,BLLGBBGBLGGLBB,"((2,), (2,), (3,), (1, 1), (0,), (2,), (1, 3), (5,), (3,), (4, 0), (4, 6), (1,), (7,), (2,))",29.1464,180.30066,209.44706,3562.121717931622,4351.545508895864,103.82302443952224,784.5865272739602,888.4095517134824,202.6607931176363,811.3347646663383,-3.240086961527983,-8.67559189323093,9.499751570344849,-5.617517379890338,3.348583994943973
211,mobile,BLLGBBGBLGGLBB,"((3,), (1,), (5,), (4, 1), (0,), (0,), (2, 1), (6,), (0,), (4, 5), (1, 2), (3,), (2,), (5,))",21.0355,197.54803,218.58353,3836.2200164296473,4257.753822480619,80.69680615560584,841.1108798560161,921.807686011622,214.5306756159096,855.9576744574155,-1.85414444724651,-7.143573714287329,7.693138751977226,-5.389355706617431,1.889172433012107
212,mobile,BLLGBBGBLGGLBB,"((2,), (0,), (4,), (3, 7), (1,), (2,), (3, 4), (6,), (0,), (1, 7), (4, 0), (4,), (1,), (5,))",24.3409,180.14237,204.48327,3708.0773090327607,4400.729206188926,90.25793897143554,792.7577889310918,883.0157279025274,214.05530040697855,858.1612744755112,4.6810824215489815,-2.8147237519827955,2.8962450493011067,-7.160612022854606,-4.471755844765093
213,mobile,BLLGBBGBLGGLBB,"((6,), (2,), (0,), (4, 1), (3,), (4,), (1, 5), (7,), (1,), (1, 7), (3, 6), (1,), (1,), (0,))",18.48,194.40527,212.88527,4254.198168824639,4274.433236386463,78.61758215987933,830.9723474166842,909.5899295765636,206.58120086441096,841.0213160942617,-2.961251915451469,-7.5384094802173385,8.153017310041239,-4.716834929463282,3.051618012292735
214,mobile,BLLGBBGBLGGLBB,"((0,), (5,), (0,), (0, 6), (6,), (1,), (3, 3), (1,), (2,), (1, 5), (4, 5), (4,), (1,), (1,))",56.6801,217.22010000000003,273.90020000000004,3301.925416800806,4100.020928485712,187.15346281681136,890.6069560877594,1077.7604189045708,267.3594567594007,1015.2614708348184,-2.38800236020249,-5.7989648695093035,6.155946016385447,-3.4944090806273254,2.446422999163042
215,mobile,BLLGBBGBLGGLBB,"((6,), (2,), (5,), (3, 3), (1,), (0,), (2, 4), (7,), (1,), (3, 4), (3, 2), (3,), (3,), (3,))",15.6852,170.65383999999997,186.33904,4380.602784160283,4399.497386617148,68.71063079011087,750.7911230961807,819.5017538862916,183.22683411437743,756.6830851458857,-1.6701845655223866,-7.665470933100916,8.301846568738178,-6.097119516687708,1.698553544662473
216,mobile,BLLGBBGBLGGLBB,"((7,), (2,), (1,), (1, 5), (7,), (1,), (0, 7), (2,), (0,), (2, 0), (0, 0), (0,), (1,), (7,))",12.3734,225.1349,237.5083,5225.410158730159,4093.204520759746,64.65609005803175,921.5231904607932,986.1792805188252,225.43097734368976,907.3362957416166,-5.085010779122342,-7.994792258840562,8.689499708899632,-3.0656711901919222,5.357437029560173
217,mobile,BLLGBBGBLGGLBB,"((4,), (4,), (4,), (1, 1), (5,), (4,), (1, 6), (2,), (1,), (0, 7), (0, 3), (3,), (7,), (0,))",23.22,222.4598,245.6798,3804.632245564893,4090.599326404671,88.3435607420168,909.993908032118,998.3374687741348,233.802171844323,917.8294288604178,-4.834596965512429,-8.064210993961122,8.771568810304556,-3.3936850215180603,5.080204371919054
218,mobile,BLLGBBGBLGGLBB,"((6,), (4,), (0,), (0, 5), (4,), (4,), (1, 0), (1,), (1,), (4, 2), (3, 1), (1,), (7,), (1,))",18.1339,196.1636,214.2975,4235.616875901874,4207.860408578971,76.808252865917,825.4290460443218,902.2372989102388,203.9487115730171,823.9591001142055,-4.829168994963966,-8.676010057507163,9.500252959786891,-4.042037903756087,5.074211230443531
219,mobile,BLLGBBGBLGGLBB,"((4,), (4,), (4,), (0, 0), (4,), (1,), (4, 6), (3,), (0,), (4, 6), (0, 3), (2,), (0,), (1,))",22.7549,222.83769000000004,245.59259000000003,3829.785130114983,4062.66142431965,87.14637765725342,905.3140870475008,992.460464704754,233.62138891798088,909.2909531533207,-4.8744146075494985,-8.38013346719814,9.146633567947692,-3.685358513364663,5.124188815700427
220,mobile,LLGBLLLBLGBGBB,"((3,), (1,), (0, 4), (6,), (4,), (1,), (5,), (1,), (4,), (3, 3), (7,), (1, 3), (0,), (5,))",49.287,198.4778,247.7648,3353.232916189201,4229.811078006468,165.27079074021717,839.5235971783521,1004.7943879185692,233.92527514184295,914.1394667624143,-5.585751026036411,-9.022236016260656,9.916968302137239,-3.6397948694925537,5.9162161291743045
221,mobile,LLGBLLLBLGBGBB,"((5,), (0,), (1, 2), (3,), (5,), (2,), (2,), (3,), (5,), (4, 2), (7,), (1, 1), (6,), (2,))",35.8568,185.26192,221.11872,3523.9789871794883,4311.017207539905,126.35860974749748,798.6673250218813,925.0259347693788,211.99041723647363,848.7779447538564,-4.128236073149466,-8.242794839534087,8.983267117954405,-4.291731577530997,4.305997828828174
222,mobile,LLGBLLLBLGBGBB,"((3,), (2,), (2, 2), (0,), (4,), (2,), (4,), (5,), (1,), (1, 7), (3,), (4, 4), (7,), (4,))",49.2099,189.6947,238.9046,3341.298856315253,4271.447010498129,164.42498258938798,810.2708592223395,974.6958418117274,219.9832253121717,862.1437444182765,-7.920054568990422,-11.54740715670269,13.054910868650374,-3.939351365526206,8.601280693551756
223,mobile,LLGBLLLBLGBGBB,"((2,), (1,), (0, 4), (7,), (0,), (2,), (3,), (5,), (2,), (2, 6), (5,), (2, 7), (3,), (6,))",60.2,182.58853,242.78853,3278.2296187584334,4397.994186603839,197.3494230492577,803.0232934805406,1000.3727165297984,234.8685468732819,921.0705970223338,-3.2620911402684913,-7.927257330903264,8.60977646706289,-4.8224798795260195,3.3720918497406043
224,mobile,LLGBLLLBLGBGBB,"((0,), (1,), (1, 1), (1,), (0,), (3,), (4,), (7,), (3,), (1, 4), (2,), (3, 4), (6,), (6,))",117.812,192.43768,310.24968,3153.790177804651,4218.724350706397,371.5543284275216,811.8415266094454,1183.395855036967,300.27934355765956,1114.2441992711153,-3.213649226758414,-5.843493153327934,6.206149048035199,-2.7171640479874184,3.3203537493500495
225,mobile,LLGBLLLBLGBGBB,"((0,), (5,), (2, 6), (7,), (0,), (1,), (2,), (1,), (3,), (1, 5), (0,), (1, 7), (6,), (5,))",117.828,208.45439,326.28239,3145.015726378884,4182.920748050736,370.5709130077712,871.9481929532598,1242.519105961031,308.422153987523,1152.743447256913,-5.473858399920695,-7.225294023521736,7.787999916004697,-1.8528584727503234,5.790840826952883
226,mobile,LLGBLLLBLGBGBB,"((1,), (2,), (3, 7), (6,), (2,), (4,), (2,), (2,), (5,), (0, 0), (1,), (1, 0), (0,), (4,))",80.5509,210.63055,291.18145,3180.89522523249,4106.466507746148,256.2239731981797,864.9472990831504,1121.1712722813302,274.97529399450247,1039.113702216998,-5.565655369013898,-7.31891478965239,7.896880763795002,-1.8565908700797098,5.893677126433598
227,mobile,LLGBLLLBLGBGBB,"((1,), (2,), (1, 2), (6,), (0,), (0,), (0,), (0,), (3,), (4, 4), (1,), (0, 2), (2,), (3,))",80.5876,226.4654,307.053,3171.4860062893085,3993.80181988376,255.58244568044023,904.4579266607036,1160.040372341144,291.22876022065174,1088.9136111042503,-5.15358579116578,-6.131403952204575,6.531901200570441,-1.0309490023374224,5.433611627972087
228,mobile,LLGBLLLBLGBGBB,"((0,), (1,), (0, 7), (6,), (4,), (3,), (1,), (6,), (0,), (2, 2), (6,), (1, 1), (2,), (3,))",117.81,203.2579000000001,321.06790000000007,3127.313136863137,4181.8283168887065,368.4287606538462,849.9896418513334,1218.4184025051795,309.2292293033191,1148.9629839577524,-3.6872794498238504,-5.700457117573114,6.045052757764139,-2.090251065746248,3.828444912323801
229,mobile,LLGBLLLBLGBGBB,"((2,), (0,), (4, 6), (7,), (2,), (5,), (4,), (5,), (3,), (0, 7), (1,), (2, 4), (4,), (1,))",59.7225,200.66821,260.39071,3212.753603238866,4283.912903757711,191.8736770694332,859.6451341929622,1051.5188112623955,251.76829221410424,975.0713083630403,-3.3113384828113785,-7.2701983150997105,7.840196121419687,-4.0944406202009,3.424743326519943
230,mobile,GGGLLGLBBBLGLG,"((2, 1), (2, 3), (2, 3), (4,), (0,), (4, 6), (1,), (4,), (3,), (4,), (3,), (3, 2), (1,), (4, 3))",32.9576,156.31820999999997,189.27581,3528.881380461856,4551.941951822089,116.30346098470967,711.551417932735,827.8548789174447,191.51275322822482,785.4725268687916,1.1818431675050376,-5.119538838023747,5.39577777692697,-6.227779419966614,-1.168038780978227
231,mobile,GGGLLGLBBBLGLG,"((3, 2), (4, 1), (2, 0), (4,), (2,), (1, 7), (1,), (3,), (7,), (2,), (3,), (1, 7), (5,), (2, 7))",22.8105,175.91115000000002,198.72165,4029.078216246689,4498.674578841968,91.9052886516951,791.3670186398563,883.2723072915513,189.44542860649608,795.753769035577,-4.667947047291491,-9.908443583422136,10.998193368539557,-5.49709816773829,4.896513714654959
232,mobile,GGGLLGLBBBLGLG,"((4, 1), (1, 4), (3, 1), (4,), (4,), (2, 5), (5,), (5,), (1,), (2,), (4,), (4, 3), (3,), (3, 6))",31.5846,155.39125,186.97585,3867.9100715789127,4616.093913149488,122.16639244679132,717.3006032816904,839.4669957284817,188.7379228574697,788.7788299847177,0.94240665704672,-6.038136817967127,6.4261569678215045,-6.915372543801483,-0.9336082705542721
233,mobile,GGGLLGLBBBLGLG,"((0, 3), (1, 6), (0, 1), (3,), (4,), (2, 1), (3,), (6,), (1,), (4,), (4,), (2, 4), (5,), (1, 7))",21.3733,195.98871,217.36201,3867.6490842490857,4282.209457100857,82.66442417238099,839.2647074469974,921.9291316193784,212.6951083561608,859.4132490188764,-2.1470640816392876,-6.780985702305791,7.274251667852612,-4.73559794315482,2.1941744123350375
234,mobile,GGGLLGLBBBLGLG,"((4, 5), (3, 1), (3, 1), (4,), (4,), (4, 7), (2,), (5,), (3,), (4,), (2,), (2, 5), (5,), (1, 3))",16.7292,160.23300000000003,176.96220000000002,4308.00696969697,4597.232549249517,72.06951019745455,736.6283630638981,808.6978732613526,175.42160415366325,744.506472964681,-0.870579053796105,-7.937624472511298,8.622007011041342,-7.12910995672049,0.8782246940275779
235,mobile,GGGLLGLBBBLGLG,"((2, 3), (3, 3), (1, 5), (5,), (0,), (4, 4), (0,), (7,), (5,), (5,), (4,), (2, 7), (3,), (2, 2))",21.6485,165.42488000000003,187.07338,3734.5006623033846,4631.250596075672,80.84633758787481,766.1240741057466,846.9704116936214,181.05028956730354,764.7231396554622,-3.2196405670846646,-9.710760954883376,10.755169782781108,-6.707063732593518,3.326749958307829
236,mobile,GGGLLGLBBBLGLG,"((4, 1), (1, 5), (4, 2), (3,), (3,), (0, 0), (5,), (1,), (6,), (7,), (1,), (0, 6), (4,), (4, 6))",33.1002,189.59055000000004,222.69075000000004,3818.371329411069,4462.370910577417,126.38885467777229,846.0233552403735,972.4122099181458,221.12234563279156,909.0912773295503,-0.7042970429658495,-6.511737711924209,6.965299763363751,-5.8486324141048405,0.7092925695592334
237,mobile,GGGLLGLBBBLGLG,"((3, 6), (1, 7), (3, 4), (2,), (0,), (4, 2), (4,), (7,), (5,), (1,), (4,), (0, 0), (0,), (0, 4))",13.9224,216.46895,230.39135,4477.535454545454,4240.629725181679,62.33803961236362,917.9646639488666,980.3027035612304,227.56672275085148,924.6349212699256,-1.2260127166877168,-5.67863192553439,6.0205148011118474,-4.5078864702254995,1.2412303587291222
238,mobile,GGGLLGLBBBLGLG,"((3, 2), (0, 2), (2, 6), (2,), (2,), (4, 6), (1,), (6,), (0,), (3,), (4,), (1, 1), (4,), (1, 4))",24.7009,204.47428,229.17517999999995,3750.586873143198,4206.75532165329,92.64287129482284,860.1732655312247,952.8161368260476,226.18580575510526,898.9803040820481,-1.3044057584659436,-5.6501806238644905,5.988544187180101,-4.403210597996185,1.3216453768683203
239,mobile,GGGLLGLBBBLGLG,"((3, 0), (4, 3), (4, 2), (2,), (4,), (2, 1), (1,), (4,), (7,), (2,), (0,), (1, 0), (3,), (3, 5))",49.0522,168.89106999999998,217.94327,3469.556327195398,4493.057918538341,170.18937087285408,758.8373594339132,929.0267303067671,216.55040141416976,871.7638875703614,-0.6390968557231692,-6.163745441156191,6.568618355596207,-5.560183543632818,0.6432075751114762
240,mobile,BBBLGGGGLLLGGL,"((0,), (2,), (7,), (2,), (4, 5), (2, 4), (3, 6), (1, 1), (3,), (1,), (1,), (1, 3), (4, 3), (3,))",61.5011,174.5551,236.0562,3315.50796831863,4274.582859588914,203.9073871103609,746.150238513829,950.05762562419,228.54577201996128,888.4054786112354,-3.1816270786527587,-6.489306053666906,6.93964056922858,-3.4163752965578302,3.2861811065937188
241,mobile,BBBLGGGGLLLGGL,"((5,), (1,), (3,), (5,), (1, 7), (2, 3), (1, 4), (1, 0), (3,), (5,), (1,), (4, 2), (4, 4), (1,))",19.3847,161.76958,181.15428,4108.5606955596,4448.20810358724,79.64321651521418,719.5847566699042,799.2279731851183,173.8950593936955,728.7331965327669,-4.00720347667441,-8.820359023647855,9.67360578436085,-5.014079932345629,4.174483525647358
242,mobile,BBBLGGGGLLLGGL,"((0,), (2,), (4,), (1,), (3, 6), (3, 1), (1, 3), (2, 3), (2,), (5,), (3,), (3, 6), (0, 4), (2,))",61.4794,167.6079,229.0873,3309.268617580559,4295.549774806888,203.4518490476822,719.9680771008555,923.4199261485376,223.18504300860332,868.1359206662628,-2.576422608934098,-5.986875950669275,6.368127866411312,-3.500644744388049,2.6445575885518373
243,mobile,BBBLGGGGLLLGGL,"((7,), (0,), (5,), (3,), (0, 3), (3, 4), (2, 5), (1, 6), (3,), (0,), (0,), (4, 5), (1, 6), (1,))",15.8407,189.7252,205.5659,4745.702614607615,4241.321117956831,75.17525140721484,804.6854973685834,879.8607487757982,199.94084056277674,821.1782294432552,-2.7363776955337715,-6.66952349155153,7.146136761605187,-4.043799421438111,2.8133619031461117
244,mobile,BBBLGGGGLLLGGL,"((6,), (5,), (1,), (3,), (0, 3), (3, 7), (2, 0), (1, 7), (3,), (5,), (1,), (0, 6), (1, 5), (1,))",17.7625,190.62860000000003,208.3911,4350.34701141995,4236.451825731265,77.27303879034685,807.5888805065952,884.861919296942,199.13374449326375,818.2414089561223,-4.442298882599231,-7.528915968465717,8.141913818051725,-3.2301081438473687,4.648813052902443
245,mobile,BBBLGGGGLLLGGL,"((5,), (3,), (0,), (4,), (3, 7), (2, 2), (4, 3), (1, 1), (1,), (2,), (3,), (1, 0), (1, 4), (0,))",19.9142,194.6172,214.5314,4051.810767345399,4137.965623679176,80.68856998306975,805.3192833766949,886.0078533597647,197.516905081183,794.3090797678628,-7.931004467792118,-10.349656974729708,11.544470021506093,-2.626999993816038,8.61419680093898
246,mobile,BBBLGGGGLLLGGL,"((2,), (0,), (5,), (4,), (2, 7), (0, 7), (0, 4), (1, 5), (4,), (0,), (3,), (2, 3), (2, 0), (4,))",31.8679,194.4372,226.3051,3579.7821224689287,4159.751416408712,114.08013870062756,808.8104181025441,922.8905568031716,217.5279912720295,863.4330653481297,-3.8784405335851906,-6.442528966923067,6.886172633551993,-2.667547683965514,4.034933010986303
247,mobile,BBBLGGGGLLLGGL,"((5,), (5,), (3,), (0,), (3, 4), (3, 4), (2, 6), (2, 7), (4,), (3,), (0,), (1, 4), (2, 3), (3,))",19.3733,165.1323,184.5056,4155.205168532448,4344.743074032045,80.50003629152967,717.4574167239819,797.9574530155115,177.98259758130789,738.4923372457368,-3.5353953585647817,-7.452166220774523,8.052231928574137,-4.06031919870363,3.6649664109504774
248,mobile,BBBLGGGGLLLGGL,"((1,), (6,), (4,), (2,), (0, 5), (3, 4), (4, 5), (2, 2), (2,), (3,), (1,), (1, 4), (3, 7), (2,))",41.9349,166.0001,207.935,3423.055480049963,4319.680364683812,143.5454892503472,717.0673725055492,860.6128617558963,204.41102680952088,810.3213214951105,-1.6947474886282374,-5.843689130810422,6.206370106119602,-4.220467916200355,1.7239643308298243
249,mobile,BBBLGGGGLLLGGL,"((5,), (0,), (0,), (2,), (0, 5), (3, 6), (1, 3), (3, 1), (3,), (5,), (0,), (4, 7), (4, 1), (1,))",19.406,183.85,203.25600000000003,4103.52358974359,4279.6358560294375,79.6329787825641,786.811052131012,866.4440309135762,195.04088556056982,799.6133097018492,-4.041757409095037,-7.713218491592685,8.357880040371764,-3.8261028790929843,4.21199607242298
250,mobile,GGBLGBBBLBLGGB,"((1, 1), (2, 5), (2,), (5,), (2, 3), (7,), (0,), (4,), (1,), (6,), (5,), (2, 1), (1, 6), (3,))",33.6834,175.47991000000002,209.16331,3470.029966156605,4439.47889328413,116.8824073620394,779.0393566403989,895.9217640024383,199.12891916081927,804.7112570397205,-4.797395317171415,-10.180633022602802,11.334563318804877,-5.654506747337292,5.039142923824545
251,mobile,GGBLGBBBLBLGGB,"((1, 1), (2, 6), (0,), (1,), (1, 5), (1,), (0,), (6,), (5,), (2,), (2,), (3, 5), (3, 7), (7,))",30.7146,197.93095,228.64555,3705.557798429032,4288.727835359111,113.81472555562834,848.8719747440724,962.6867002997008,214.94900787603592,863.6650133921183,-5.990294639000875,-10.28597225626523,11.465288667728487,-4.569398022011519,6.37199597211588
252,mobile,GGBLGBBBLBLGGB,"((4, 4), (2, 1), (4,), (5,), (4, 2), (2,), (7,), (7,), (1,), (5,), (1,), (3, 4), (1, 6), (2,))",19.0362,162.85137999999998,181.88758,4073.231310078812,4639.104264582506,77.5388458649223,755.4845314511463,833.0233773160686,172.18890323483856,728.6297093151809,-5.332236959313797,-12.531901365989913,14.327396572808478,-7.6051912239458375,5.632579442087498
253,mobile,GGBLGBBBLBLGGB,"((2, 5), (1, 5), (3,), (5,), (0, 7), (4,), (5,), (4,), (0,), (4,), (4,), (1, 5), (4, 7), (6,))",11.8873,178.61745999999997,190.50476,4557.374574314573,4501.865345143568,54.17487877724962,804.1117532115674,858.286631988817,178.6839254234045,760.1264969530215,-6.205007463643167,-11.436754503369043,12.913657848959609,-5.57785325021263,6.615499714697444
254,mobile,GGBLGBBBLBLGGB,"((1, 4), (3, 2), (6,), (3,), (4, 0), (3,), (3,), (5,), (3,), (2,), (4,), (3, 2), (2, 3), (0,))",20.3135,175.12125,195.43475,3819.086807971441,4400.980168765068,77.57901987372787,770.7051483793496,848.2841682530775,184.3059937784259,753.4927670841225,-5.694358972278022,-11.174486653943404,12.580266899678422,-5.811028504704667,6.038195499465524
255,mobile,GGBLGBBBLBLGGB,"((2, 5), (0, 5), (3,), (3,), (2, 7), (2,), (5,), (2,), (3,), (2,), (1,), (1, 0), (2, 7), (0,))",18.4734,209.66642,228.13982,4005.070784215783,4138.828447027137,73.98727462513186,867.7733434823396,941.7606181074714,212.8368718303624,849.6013488075785,-6.7077059014237745,-9.785848710162982,10.847354400889214,-3.2994609452809938,7.189989233554668
256,mobile,GGBLGBBBLBLGGB,"((3, 5), (1, 6), (0,), (3,), (4, 7), (1,), (4,), (0,), (5,), (3,), (5,), (0, 1), (3, 6), (0,))",18.6335,231.79469,250.42819,4053.613845182595,4103.396743857647,75.5330135842099,951.1455761894928,1026.6785897737027,234.7851083807702,927.2735289211478,-6.246533834401712,-9.682198678601594,10.720144353544692,-3.664573678941554,6.662723086278587
257,mobile,GGBLGBBBLBLGGB,"((0, 4), (4, 0), (7,), (2,), (1, 0), (6,), (3,), (4,), (3,), (2,), (1,), (4, 0), (2, 6), (6,))",15.1214,161.38601999999997,176.50741999999997,4224.246744366744,4646.520450481656,63.87652472026728,749.8834423518414,813.7599670721087,173.83332723373786,739.1911350157874,-1.5150030328821908,-9.163492316366753,10.087895880235171,-7.766146640628149,1.5383084525940722
258,mobile,GGBLGBBBLBLGGB,"((3, 7), (4, 3), (1,), (0,), (1, 1), (4,), (6,), (3,), (4,), (2,), (0,), (0, 3), (0, 7), (7,))",11.4196,207.36829,218.78789,5340.643769841268,4229.285133724532,60.98801559407936,877.0196261028775,938.0076416969569,203.51054854150607,848.3044804938789,-6.982718037316387,-9.563158892905737,10.574406155541364,-2.7741520727562765,7.5069039752394495
259,mobile,GGBLGBBBLBLGGB,"((0, 3), (2, 0), (1,), (5,), (1, 5), (7,), (6,), (2,), (4,), (5,), (0,), (2, 0), (4, 2), (5,))",17.4511,176.78142000000005,194.23252,3879.878625679876,4454.5130365286,67.70814988460208,787.4751400060381,855.1832898906403,183.37263954924123,759.0048977936214,-5.59117518053041,-11.246523784312725,12.671643144412286,-5.990275394907818,5.922301428094211
260,mobile,LLLBGLLGGGBLGB,"((3,), (3,), (1,), (4,), (3, 3), (3,), (5,), (1, 5), (3, 2), (4, 1), (2,), (2,), (1, 6), (7,))",49.2735,167.36088999999998,216.63439,3390.40907308378,4454.430105980672,167.05732146259362,745.4973869797195,912.5547084423132,203.40672065020902,822.3194086557204,-6.105987765742536,-9.888207134520197,10.97326645057596,-4.0281795172852615,6.503064061751482
261,mobile,LLLBGLLGGGBLGB,"((4,), (0,), (1,), (0,), (1, 2), (4,), (0,), (2, 6), (4, 7), (0, 4), (3,), (4,), (3, 1), (1,))",41.2338,230.59103,271.82483,3382.2837629994524,4021.571260402248,139.46441222676685,927.3382591545524,1066.8026713813192,257.96307909508903,990.3265734717105,-5.099516076184427,-7.168720135522889,7.722310999038682,-2.180393580500164,5.373540645249219
262,mobile,LLLBGLLGGGBLGB,"((2,), (2,), (1,), (1,), (1, 4), (0,), (2,), (1, 3), (1, 7), (1, 7), (6,), (1,), (0, 6), (3,))",60.2846,228.34225,288.62685,3244.540759159069,4035.208294676986,195.5958418496008,921.408541225206,1117.0043830748068,267.22836878441205,1024.1905124740194,-7.4138914018525774,-8.309176938526976,9.062168558522144,-0.9669760941786801,8.007563460768377
263,mobile,LLLBGLLGGGBLGB,"((2,), (0,), (3,), (6,), (1, 1), (3,), (3,), (0, 4), (0, 2), (0, 0), (1,), (3,), (4, 2), (4,))",60.1446,237.85072,297.99532,3252.504935897435,3985.221219197993,195.6206083675769,947.8877363455204,1143.5083447130974,288.13771757006225,1088.9805828324384,-3.307972229207406,-4.768462087116631,5.007229948841909,-1.510455299759881,3.421142678948586
264,mobile,LLLBGLLGGGBLGB,"((2,), (3,), (5,), (0,), (4, 5), (5,), (0,), (3, 2), (2, 1), (1, 2), (0,), (1,), (3, 5), (5,))",60.1898,205.68402,265.87382,3258.6131275303646,4142.053359142295,196.13527242342715,851.9541859628911,1048.0894583863185,253.24908872543517,969.5531021212487,-4.748392028430949,-7.4932874895991795,8.100263522775913,-2.881731363514132,4.985104324798655
265,mobile,LLLBGLLGGGBLGB,"((3,), (4,), (1,), (0,), (1, 4), (4,), (0,), (3, 1), (3, 6), (4, 0), (4,), (3,), (0, 3), (2,))",49.2815,201.50815,250.78965,3312.5908164304337,4147.701429370858,163.24944431991642,835.7956417848773,999.0450861047937,228.9441145123373,893.3862262037524,-8.71070057622501,-10.575985145274847,11.826784071880693,-2.0432674813189005,9.541863757535245
266,mobile,LLLBGLLGGGBLGB,"((5,), (2,), (1,), (0,), (3, 6), (0,), (3,), (1, 6), (2, 3), (1, 5), (3,), (1,), (0, 0), (1,))",35.4178,236.5647,271.9825,3513.08308629776,3944.283305408519,124.4256741338768,933.0781968589746,1057.5038709928515,251.69385630305413,970.5805738805213,-7.459540116347883,-8.21966703826068,8.955804335213331,-0.8213995509299132,8.060841847691808
267,mobile,LLLBGLLGGGBLGB,"((4,), (5,), (2,), (5,), (0, 0), (0,), (3,), (1, 7), (1, 5), (0, 3), (4,), (0,), (0, 0), (2,))",41.968,237.5827,279.5507,3381.8119159895,3985.3460979233696,141.92788249024736,946.8492863790984,1088.7771688693458,257.39961985629134,995.1597286419287,-7.92381494437634,-8.59840221710704,9.407277800034631,-0.7326403372633012,8.605715950969866
268,mobile,LLLBGLLGGGBLGB,"((0,), (5,), (0,), (5,), (2, 7), (0,), (3,), (1, 2), (1, 7), (4, 6), (0,), (5,), (1, 5), (3,))",117.83,205.70955,323.53955,3134.489929807034,4235.161170858462,369.3369484291629,871.2130986347674,1240.5500470639304,315.3290763638461,1176.9885239717703,-2.537703237874285,-5.123656497583005,5.40035198284436,-2.653285778828089,2.603779432848796
269,mobile,LLLBGLLGGGBLGB,"((0,), (0,), (2,), (3,), (0, 2), (2,), (1,), (4, 5), (4, 0), (0, 3), (0,), (1,), (4, 1), (2,))",117.805,226.14113000000003,343.94613000000004,3124.24413919414,4029.883858681914,368.05158081776574,911.3224895710885,1279.3740703888543,338.9075032095766,1242.713520416663,-1.4649464991577168,-2.8655067208802114,2.9500403246517855,-1.4213827180907965,1.4867262432096897
270,mobile,BBLGLBGGBGGLBB,"((3,), (3,), (2,), (1, 3), (4,), (0,), (1, 1), (4, 3), (2,), (4, 4), (3, 5), (4,), (1,), (1,))",25.2409,194.65246,219.89336000000003,3651.25267601035,4226.741263130352,92.16090366990964,822.7455846518304,914.90648832174,210.12076447405406,842.0424056115507,-4.444243121277501,-7.964101647573574,8.65325572971236,-3.6835651155622227,4.650942304730042
271,mobile,BBLGLBGGBGGLBB,"((7,), (4,), (0,), (1, 7), (1,), (4,), (0, 6), (0, 2), (2,), (4, 2), (4, 7), (3,), (3,), (5,))",11.57,193.01217000000003,204.58217,4889.464808802309,4369.069604688503,56.57110783784271,843.2836052819704,899.8547131198131,198.54420507042065,835.6686231398925,-2.9513642022564066,-7.132939244979481,7.680806506621192,-4.308741702910461,3.041118690640078
272,mobile,BBLGLBGGBGGLBB,"((7,), (5,), (4,), (4, 2), (2,), (6,), (1, 2), (2, 5), (4,), (1, 7), (0, 3), (5,), (1,), (7,))",11.0304,178.29716000000002,189.32756,5253.549314574315,4571.412871912268,57.94875035948052,815.0699322494012,873.0186826088817,188.68945827907083,813.5657564391785,-0.33703583404823434,-6.8100405356775795,7.30769771209611,-6.494894824571886,0.33817560702592464
273,mobile,BBLGLBGGBGGLBB,"((5,), (1,), (2,), (1, 1), (2,), (7,), (4, 1), (1, 0), (2,), (3, 7), (2, 7), (4,), (5,), (4,))",15.6993,179.00343,194.70273,4221.233624708624,4430.622452327382,66.2704130443881,793.096616001613,859.3670290460011,194.65898183234438,809.9416432002162,-0.022469211220418804,-5.7513709713360734,6.102339132791943,-5.730189288450207,0.022474261009603848
274,mobile,BBLGLBGGBGGLBB,"((1,), (2,), (4,), (3, 0), (3,), (3,), (0, 0), (2, 6), (6,), (1, 7), (2, 3), (5,), (5,), (6,))",31.0971,179.95262000000002,211.04972000000004,3570.483176671142,4438.024024925207,111.03167239326018,798.6340509082365,909.6657233014968,211.3178915516547,857.3520434324648,0.12706558040193575,-5.750868536539687,6.10177350946651,-5.870474764110261,-0.12690432868012963
275,mobile,BBLGLBGGBGGLBB,"((5,), (6,), (3,), (1, 4), (2,), (5,), (1, 1), (0, 6), (0,), (4, 1), (4, 0), (1,), (5,), (3,))",17.0432,199.0299,216.0731,4133.913061938062,4289.7469331537695,70.45510709722278,853.7879031309014,924.2430102281244,206.99541520575207,846.9134324082871,-4.201210050787416,-8.366801475809975,9.130753493889262,-4.348271441874092,4.385452105412472
276,mobile,BBLGLBGGBGGLBB,"((3,), (4,), (3,), (0, 0), (2,), (3,), (3, 3), (2, 6), (4,), (3, 3), (3, 3), (1,), (3,), (6,))",19.3502,176.69598,196.04618,3959.617052857272,4364.598763543691,76.61938189619879,771.2070558311407,847.8264377273395,197.3406938445296,801.7089917030967,0.6603106699297093,-5.439491383149593,5.7523922647136505,-6.059788622231521,-0.6559791694811032
277,mobile,BBLGLBGGBGGLBB,"((0,), (3,), (4,), (3, 6), (2,), (0,), (2, 0), (2, 2), (0,), (4, 1), (0, 1), (1,), (3,), (4,))",51.0239,226.5861,277.61,3359.3404635840707,4054.744461248303,171.40665187986724,918.748733970854,1090.1553858507214,274.62697805653175,1042.935415181554,-1.074536919948222,-4.3314899217159315,4.527602570763918,-3.292330306437019,1.08620863273461
278,mobile,BBLGLBGGBGGLBB,"((6,), (6,), (1,), (4, 6), (4,), (7,), (0, 0), (3, 6), (2,), (3, 7), (4, 6), (0,), (2,), (5,))",13.6759,161.40392999999997,175.07982999999996,4571.586298701298,4746.082470579196,62.52055706240908,766.0363628555915,828.5569199180006,174.88211915445294,758.328279601846,-0.11292611236087081,-8.47601880183499,9.260981319729709,-8.37254748185095,0.11305377959905161
279,mobile,BBLGLBGGBGGLBB,"((4,), (3,), (5,), (0, 5), (4,), (0,), (4, 2), (0, 5), (7,), (2, 7), (0, 7), (3,), (4,), (7,))",15.2187,223.24105,238.45975,4328.648456820957,4280.256349783177,65.8764022698211,955.5289217947636,1021.4053240645848,233.24661082094582,944.9530384316353,-2.1861715358898914,-7.485009509125617,8.090591016019097,-5.41726876090939,2.2350331954259928
280,mobile,GBBBBLBBGLBLLB,"((1, 4), (5,), (5,), (1,), (3,), (1,), (6,), (1,), (1, 5), (0,), (0,), (0,), (3,), (7,))",15.5237,205.4004,220.9241,4429.75557137307,4119.07200194469,68.76619656332412,846.05903682824,914.825233391564,203.50552892395243,811.4242570084467,-7.884414183897357,-11.302812013588122,12.743145831545036,-3.7109874506092466,8.559261838314319
281,mobile,GBBBBLBBGLBLLB,"((4, 6), (2,), (5,), (2,), (1,), (0,), (6,), (2,), (1, 7), (5,), (7,), (2,), (3,), (1,))",16.4966,176.06947999999997,192.56608,4369.464865967366,4364.143088055384,72.08131410791725,768.3924041595056,840.4737182674229,179.7680105946435,748.408550760301,-6.646066329727697,-10.953961498868493,12.301458530049377,-4.6145834457885355,7.119214015342632
282,mobile,GBBBBLBBGLBLLB,"((4, 4), (1,), (7,), (6,), (0,), (3,), (7,), (2,), (2, 5), (5,), (5,), (4,), (2,), (3,))",18.3497,154.67547000000002,173.02517,4150.99734154734,4586.619409580218,76.16955591819121,709.4375128879428,785.6070688061341,160.81420343803396,683.4354111079646,-7.057335393437872,-13.005440220062813,14.949716686838332,-6.399757153298752,7.593213970475723
283,mobile,GBBBBLBBGLBLLB,"((3, 1), (2,), (3,), (6,), (5,), (0,), (2,), (7,), (1, 3), (1,), (3,), (4,), (0,), (5,))",28.9355,169.87789999999998,198.8134,3745.70142714286,4368.052812892379,108.38374364509224,742.0356389432502,850.4193825883424,187.2974985642051,762.6359127961898,-5.792316531881094,-10.322374065014158,11.510534492179389,-4.808586058340026,6.148454477008024
284,mobile,GBBBBLBBGLBLLB,"((0, 5), (7,), (3,), (4,), (4,), (3,), (0,), (7,), (1, 5), (2,), (0,), (3,), (5,), (7,))",13.435,172.85879999999997,186.2938,4685.529552669551,4457.42188365459,62.95008954011542,770.5045979022719,833.4546874423874,172.8007417692482,728.2993171998216,-7.242891728415982,-12.61680710744513,14.438482607242992,-5.79353483432755,7.808449253516491
285,mobile,GBBBBLBBGLBLLB,"((0, 1), (2,), (3,), (0,), (5,), (1,), (7,), (1,), (1, 1), (5,), (3,), (3,), (4,), (2,))",33.6096,199.11914,232.72874,3444.249865509343,4093.9387116035673,115.75986027982282,815.1815554672103,930.941415747033,217.48428534145106,838.675951706604,-6.55031031343569,-9.910984996450148,11.00132462993364,-3.5962395319731444,7.009451112578133
286,mobile,GBBBBLBBGLBLLB,"((3, 6), (6,), (7,), (0,), (0,), (0,), (6,), (0,), (3, 7), (4,), (6,), (2,), (4,), (7,))",11.8796,186.25036,198.12996,5100.894047619049,4357.567750765065,60.59658092809525,811.5985623043837,872.1951432324789,186.42409924769498,772.234530369784,-5.908172975104335,-11.460808242089803,12.94433348050737,-5.90129391952001,6.2791563963797765
287,mobile,GBBBBLBBGLBLLB,"((0, 7), (2,), (3,), (4,), (4,), (0,), (3,), (0,), (1, 7), (0,), (7,), (5,), (4,), (5,))",12.3692,189.54170000000005,201.91090000000003,4796.468730158731,4273.739103002693,59.32848101707937,810.0517749396057,869.3802559566851,183.05644343187018,768.2336089010166,-9.338008283916245,-11.634339101060503,13.166131484453281,-2.532848411642468,10.299804920632099
288,mobile,GBBBBLBBGLBLLB,"((3, 1), (3,), (6,), (1,), (7,), (5,), (0,), (7,), (4, 0), (0,), (7,), (1,), (3,), (1,))",35.1102,168.29575000000003,203.40595,3537.3138280401267,4519.842242051132,124.19579596525443,760.670240007677,884.8660359729314,196.51927278497612,793.7165833850589,-3.3856813013699285,-10.300932444271236,11.483879069168056,-7.157584130435275,3.5043266329196077
289,mobile,GBBBBLBBGLBLLB,"((3, 0), (2,), (0,), (0,), (1,), (3,), (5,), (0,), (4, 6), (2,), (2,), (1,), (0,), (1,))",49.5645,229.5746,279.1391,3427.8212264898734,3937.896974521247,169.89824518035732,904.0411227669256,1073.9393679472828,256.19308656877615,965.7477213274277,-8.220279219652078,-10.074278851202887,11.202889142844143,-2.020053684830769,8.956531083075841
290,mobile,GGGBBGLGBGBGLG,"((2, 3), (1, 0), (4, 0), (0,), (3,), (0, 4), (0,), (4, 6), (0,), (1, 2), (4,), (4, 7), (3,), (4, 4))",20.0447,217.3677600000001,237.41246000000007,3911.1441576479065,4321.702585356,78.39771129680499,939.3988103650428,1017.796521661848,238.04127119341643,971.5762408263482,0.264860232447938,-4.541210335444239,4.757246924460425,-4.793374824190714,-0.2641605761319612
291,mobile,GGGBBGLGBGBGLG,"((1, 4), (1, 2), (0, 1), (0,), (6,), (2, 2), (2,), (2, 2), (1,), (0, 7), (0,), (0, 5), (2,), (1, 7))",16.9608,289.45474,306.41554,4173.207006327007,3937.221660750175,70.78092939291109,1139.6474721348102,1210.4284015277212,297.5105250933425,1163.0922949351477,-2.9061890616440427,-3.9106903417690027,4.0698495552507215,-1.0345677756563723,2.9931764275780224
292,mobile,GGGBBGLGBGBGLG,"((0, 3), (2, 1), (2, 3), (3,), (5,), (0, 1), (1,), (2, 1), (0,), (1, 7), (4,), (4, 7), (3,), (4, 3))",20.0938,205.00586,225.09966,3779.308371212121,4350.3441401732425,75.94066654946212,891.8460417521762,967.7867083016384,220.7964823661022,912.397510234449,-1.9116766475337206,-5.723285677728674,6.070730952888794,-3.885894773120423,1.948933962979857
293,mobile,GGGBBGLGBGBGLG,"((1, 5), (3, 3), (4, 7), (5,), (3,), (0, 2), (3,), (1, 6), (1,), (4, 3), (4,), (1, 1), (0,), (1, 2))",15.9301,216.13129,232.06139,4123.840262237761,4315.201780449494,65.69318776147375,932.650127418846,998.3433151803196,221.00781504961247,916.9272169965648,-4.763211558108617,-8.155120282349918,8.879232361586647,-3.5615530298051485,5.00144076258399
294,mobile,GGGBBGLGBGBGLG,"((3, 3), (4, 7), (4, 6), (6,), (5,), (0, 2), (2,), (3, 0), (6,), (1, 7), (4,), (0, 1), (1,), (2, 6))",18.8513,199.22539,218.07669,4079.467263847265,4493.269095328167,76.90326123096393,895.1732878917013,972.0765491226653,213.39463464704525,907.304409905284,-2.1469765305749835,-6.663275569793392,7.138964443492885,-4.615390387635353,2.194082977155873
295,mobile,GGGBBGLGBGBGLG,"((3, 6), (2, 7), (0, 4), (3,), (6,), (1, 2), (4,), (0, 3), (0,), (2, 5), (6,), (4, 0), (4,), (1, 7))",13.2128,227.94392,241.15672,4893.778477633479,4260.89179945622,64.66051626927563,971.2443794639046,1035.9048957331802,233.9333005870821,969.724302441134,-2.9953216368666427,-6.388674632646241,6.824681316684186,-3.4981333406175628,3.0878115235367987
296,mobile,GGGBBGLGBGBGLG,"((1, 0), (1, 6), (4, 3), (6,), (4,), (1, 3), (2,), (0, 5), (1,), (3, 4), (3,), (4, 7), (4,), (2, 5))",46.4224,201.32188,247.74427999999995,3420.601959679849,4408.71578296009,158.79255241304185,887.5709498111972,1046.363502224239,253.50456307500468,1015.3798939710553,2.3250922584387164,-2.9610750171735147,3.0514301531035617,-5.1660518050266155,-2.2722601144266026
297,mobile,GGGBBGLGBGBGLG,"((1, 0), (4, 5), (4, 1), (1,), (2,), (0, 2), (0,), (4, 7), (1,), (1, 3), (4,), (3, 3), (4,), (0, 7))",52.1413,233.63842,285.77971999999994,3388.4659818173945,4248.573937417028,176.67902129773532,992.6301019912931,1169.3091232890283,282.4198550511145,1108.2284783557657,-1.175683477079985,-5.22365247279139,5.511557059414826,-4.09612647791251,1.1896702334463543
298,mobile,GGGBBGLGBGBGLG,"((1, 2), (1, 3), (1, 7), (7,), (0,), (2, 7), (1,), (2, 1), (3,), (3, 7), (3,), (3, 4), (3,), (3, 5))",23.6064,186.15091,209.75731,3785.244897055559,4540.938113789333,89.35600513785235,845.2997621355679,934.6557672734202,213.1390618212811,890.0708986447645,1.6122212004344991,-4.7701913570510355,5.0091367661319195,-6.281146580681429,-1.586641037257047
299,mobile,GGGBBGLGBGBGLG,"((2, 3), (4, 4), (1, 1), (2,), (1,), (2, 2), (2,), (4, 0), (0,), (4, 4), (2,), (2, 5), (1,), (0, 3))",20.8561,230.68313,251.53923,3753.39516927517,4179.194719797592,78.28118498991986,964.0697188423816,1042.3509038323014,244.18670435824458,978.291962158369,-2.9230134964456322,-6.145621540540105,6.548039251247806,-3.3196416165807596,3.0110261986125897
300,mobile,LBGBLBGGLBBGGG,"((0,), (3,), (1, 7), (0,), (0,), (2,), (2, 1), (3, 3), (0,), (3,), (1,), (0, 2), (2, 5), (3, 5))",117.862,247.1262,364.9882,3222.71080897276,4084.9465609587023,379.8351413671474,1009.4973208127924,1389.33246217994,349.8606202041188,1296.9421631720215,-4.144676402108676,-6.649977706772424,7.123702323159358,-2.6136277158411896,4.323887549006052
301,mobile,LBGBLBGGLBBGGG,"((5,), (0,), (4, 3), (7,), (4,), (3,), (2, 2), (3, 4), (4,), (1,), (2,), (2, 4), (1, 5), (4, 4))",36.4451,175.12814999999998,211.57325,3654.9780408769975,4632.39338767772,133.20604019756624,811.2624840562318,944.468524253798,211.2474934978719,884.0892220756514,-0.15396866197788012,-6.392939587462789,6.829548496970589,-6.248591798669781,0.15420609103293584
302,mobile,LBGBLBGGLBBGGG,"((4,), (7,), (2, 3), (1,), (0,), (1,), (1, 3), (2, 5), (3,), (1,), (4,), (3, 2), (2, 4), (2, 2))",42.0453,205.7676,247.8129,3443.6615088487506,4300.758237217747,144.78978123799837,884.9567006525264,1029.7464818905248,235.456483805577,936.2075650824936,-4.986187641734154,-9.083684038065554,9.991258380804586,-4.312527089094253,5.247855567496735
303,mobile,LBGBLBGGLBBGGG,"((3,), (0,), (3, 6), (6,), (0,), (1,), (4, 0), (2, 4), (2,), (1,), (1,), (0, 0), (4, 4), (2, 6))",49.4721,225.572,275.0441,3395.832710166177,4249.071768154258,167.9989754206121,958.4716168860924,1126.4705923067045,270.1088650925139,1062.8635903565305,-1.794343128060598,-5.646574565246678,5.984493450268389,-3.922616639293392,1.8271280751173342
304,mobile,LBGBLBGGLBBGGG,"((2,), (3,), (1, 1), (6,), (2,), (6,), (2, 4), (4, 6), (2,), (0,), (7,), (0, 6), (2, 7), (0, 0))",59.8551,226.91494,286.77004,3290.7139507422426,4369.328901874466,196.966012593072,991.4660056091104,1188.4320182021825,288.5314097231736,1126.416160828594,0.6142098118665498,-5.218292373795502,5.505590165536103,-5.796897075043322,-0.6104603047770489
305,mobile,LBGBLBGGLBBGGG,"((0,), (4,), (0, 2), (4,), (4,), (1,), (2, 6), (3, 5), (5,), (5,), (6,), (0, 4), (4, 0), (4, 3))",117.831,193.03846,310.86946,3221.238404577878,4536.262956887144,379.561742449816,875.6732153525408,1255.2349578023568,309.1662832059098,1186.5981352353574,-0.5478752380790997,-5.468045814081496,5.784335954091603,-4.947275473280058,0.5508934468626622
306,mobile,LBGBLBGGLBBGGG,"((1,), (3,), (3, 1), (0,), (1,), (1,), (3, 0), (3, 7), (1,), (1,), (7,), (4, 7), (4, 2), (2, 3))",80.6061,204.79219999999995,285.39829999999995,3247.880681879267,4424.150230985723,261.79899503162835,906.0314589340744,1167.8304539657026,277.08512439682147,1075.884132526882,-2.9128329086678093,-7.873259438182193,8.546117435793978,-5.109250458248515,3.0002244332947035
307,mobile,LBGBLBGGLBBGGG,"((1,), (6,), (4, 5), (7,), (2,), (1,), (4, 3), (3, 3), (5,), (2,), (1,), (3, 4), (1, 0), (0, 6))",80.717,205.47056,286.18756,3261.042975986278,4475.260956413536,263.2216058926844,919.5343748604248,1182.7559807531093,282.864671891124,1101.7199717702638,-1.161087543035079,-6.85145628528097,7.355408911452824,-5.7572150490056275,1.1747271536811197
308,mobile,LBGBLBGGLBBGGG,"((2,), (3,), (2, 1), (6,), (2,), (2,), (3, 1), (2, 3), (2,), (0,), (5,), (2, 0), (0, 1), (1, 2))",60.4871,216.84703,277.33413,3306.3273847964183,4246.728455509617,199.9901551569194,920.8904527937474,1120.880607950667,272.9867505187099,1054.9933615769596,-1.5675602138438893,-5.878168103396002,6.245275920525394,-4.379255354146342,1.5925239862482305
309,mobile,LBGBLBGGLBBGGG,"((4,), (3,), (1, 2), (0,), (5,), (1,), (2, 1), (3, 6), (2,), (3,), (4,), (1, 7), (0, 2), (3, 5))",42.6102,220.62397,263.23417,3498.3168482028814,4244.589728014276,149.06398056529443,936.4582368157298,1085.5222173810243,248.10573747755151,984.145762055586,-5.747138573403481,-9.338957204397284,10.300959393829336,-3.810832452859889,6.097574637433482
310,mobile,LGLGGGGLLLLGLL,"((4,), (0, 2), (3,), (4, 2), (3, 4), (0, 4), (4, 4), (2,), (3,), (2,), (0,), (0, 5), (2,), (0,))",41.4549,209.39288,250.84778,3424.0820361247934,4087.972992096989,141.9449783993497,855.9924381774057,997.9374165767554,243.50550880714357,925.5155268180188,-2.926982727475774,-7.257157468568204,7.82503239116126,-4.460739825296491,3.0152382296498654
311,mobile,LGLGGGGLLLLGLL,"((5,), (0, 7), (0,), (1, 2), (4, 4), (1, 6), (0, 1), (2,), (0,), (1,), (4,), (1, 3), (2,), (0,))",35.4821,221.1915,256.6736,3586.019846153847,4013.552632026094,127.23951478321544,887.7637270067997,1015.0032417900152,245.63681913213512,936.3265523623127,-4.299928340064932,-7.751373216202912,8.402697673071918,-3.6065227708527696,4.493129697273899
312,mobile,LGLGGGGLLLLGLL,"((3,), (0, 6), (4,), (2, 5), (4, 2), (0, 5), (4, 4), (5,), (0,), (3,), (3,), (4, 7), (4,), (5,))",47.5768,168.26373000000004,215.84053000000003,3412.6466461459945,4447.92630151118,162.36280695435877,748.424670257376,910.7874772117348,213.82743864052225,837.0167503719119,-0.9326753225994133,-8.099664157182195,8.813530530547258,-7.234462884630353,0.9414560508589052
313,mobile,LGLGGGGLLLLGLL,"((4,), (4, 7), (0,), (2, 2), (0, 0), (1, 0), (1, 4), (3,), (5,), (3,), (1,), (4, 0), (2,), (3,))",40.3274,167.65120000000002,207.97860000000003,3474.22678062678,4335.131941861232,140.1065330730484,726.7900722113658,866.8966052844141,206.28754940383763,805.3835928590737,-0.8130887486320217,-7.095772673508055,7.637728527219213,-6.334186482482475,0.819754076796907
314,mobile,LGLGGGGLLLLGLL,"((0,), (3, 3), (0,), (3, 3), (3, 0), (4, 4), (4, 5), (1,), (1,), (2,), (3,), (2, 0), (5,), (2,))",117.297,161.1903,278.4873,3206.373915558126,4342.199043138478,376.0980411732215,699.9203664232043,1076.0184075964255,275.99491002215376,1010.6122532825665,-0.894974376873288,-6.078534888632727,6.471933632450385,-5.230370991952834,0.9030565011674248
315,mobile,LGLGGGGLLLLGLL,"((3,), (3, 6), (5,), (3, 0), (3, 5), (4, 0), (1, 3), (3,), (5,), (4,), (4,), (1, 5), (3,), (3,))",47.614,141.52268,189.13668,3378.126108870969,4621.603737863078,160.8460965477823,654.0617468804004,814.9078434281827,186.33803099474127,744.5726519979163,-1.4796965904544472,-8.631060800001366,9.44638394138377,-7.258772011510098,1.5019204562367303
316,mobile,LGLGGGGLLLLGLL,"((5,), (1, 5), (2,), (3, 4), (3, 0), (0, 4), (2, 0), (2,), (0,), (5,), (4,), (1, 7), (1,), (1,))",35.1616,190.04484,225.20644,3577.2891963109346,4184.05071710244,125.78321180500656,795.1572490836185,920.940460888625,215.5427768413859,841.4790400208055,-4.291024341317282,-8.62829077909622,9.443065969397738,-4.531723809527002,4.483408490986194
317,mobile,LGLGGGGLLLLGLL,"((2,), (3, 4), (1,), (0, 3), (1, 6), (4, 2), (0, 3), (3,), (2,), (0,), (1,), (1, 4), (4,), (3,))",58.7271,192.2347,250.9618,3305.4970389113814,4115.421810058021,194.1222551538526,791.1268770299606,985.2491321838132,246.76264478670333,926.9202522379799,-1.6732248546578312,-5.9202163230072475,6.292761411243592,-4.319262441050982,1.7016980900518257
318,mobile,LGLGGGGLLLLGLL,"((5,), (3, 0), (1,), (0, 5), (1, 3), (1, 3), (2, 3), (3,), (5,), (3,), (5,), (3, 0), (3,), (1,))",35.0883,175.3284,210.4167,3587.001926877471,4250.792696430185,125.86179971085474,745.28468219679,871.1464819076447,203.57190134940691,797.6043925190928,-3.2529731008009715,-8.441988909546957,9.220371662733966,-5.363488651855361,3.3623494230889874
319,mobile,LGLGGGGLLLLGLL,"((0,), (0, 3), (4,), (2, 1), (0, 2), (3, 4), (2, 4), (5,), (0,), (2,), (4,), (2, 0), (0,), (1,))",117.394,203.40676,320.80076,3199.798538714227,4047.245768542767,375.637149653818,823.2371487029941,1198.874298356812,309.13561129042375,1114.7242004108593,-3.636259686409805,-7.019092665618868,7.548961251127152,-3.5104832670468475,3.773472962523635
320,mobile,BBGBGGLBBBLBLL,"((5,), (5,), (2, 2), (1,), (3, 2), (3, 6), (4,), (4,), (3,), (4,), (1,), (6,), (0,), (1,))",20.402,165.10800999999998,185.51001,4141.863453188968,4454.836730307892,84.50229817196133,735.5292274160427,820.031525588004,167.30806076665164,693.5660065941915,-9.811842085151287,-15.42203135460314,18.234099969061482,-6.220538703926875,10.879302019246413
321,mobile,BBGBGGLBBBLBLL,"((6,), (1,), (3, 1), (1,), (1, 1), (4, 7), (3,), (1,), (4,), (2,), (2,), (5,), (1,), (2,))",17.7268,173.95139,191.67819,4455.668991841493,4389.425187014032,78.98475308457579,763.5466125821009,842.5313656666767,177.9122615240804,732.7345556868797,-7.181791770842366,-13.031777148488374,14.984527360917394,-6.302626919066425,7.737481586706944
322,mobile,BBGBGGLBBBLBLL,"((5,), (6,), (1, 0), (5,), (1, 6), (3, 7), (1,), (0,), (6,), (5,), (1,), (4,), (4,), (4,))",19.6959,160.59930999999995,180.29521,4241.381692792502,4606.4943334554255,83.53782968307185,739.799811471851,823.3376411549228,169.76744284069233,714.7095443975734,-5.839182948514091,-13.193626931106081,15.198915084996075,-7.8105141956984925,6.201287468991802
323,mobile,BBGBGGLBBBLBLL,"((2,), (2,), (3, 4), (4,), (4, 3), (2, 7), (5,), (3,), (2,), (6,), (5,), (7,), (3,), (2,))",33.8075,140.59863,174.40613000000002,3618.4780214568063,4870.211217907375,122.33169571040098,684.7450250484085,807.0767207588094,165.09464772171782,692.258562205178,-5.338965022778843,-14.226424279178806,16.586022163146687,-9.388719718243742,5.640087311599309
324,mobile,BBGBGGLBBBLBLL,"((4,), (6,), (3, 7), (3,), (3, 0), (4, 4), (1,), (0,), (0,), (5,), (0,), (0,), (3,), (2,))",22.4756,197.81991,220.29551,3974.22145209366,4283.099988585708,89.32301166867626,847.2824542630258,936.605465931702,202.53252900722848,809.7345398313688,-8.063251490133199,-13.545823798297667,15.668212217642935,-5.963417672505643,8.770433608784668
325,mobile,BBGBGGLBBBLBLL,"((1,), (4,), (3, 4), (0,), (4, 5), (2, 0), (0,), (2,), (5,), (7,), (3,), (7,), (3,), (4,))",42.022,168.88114,210.90314,3521.4024469145143,4605.601246870124,147.97637362424172,777.7991889568478,925.7755625810896,196.20767120657192,790.0482280451097,-6.967875771516768,-14.660932954156634,17.17962647316137,-8.269248118796064,7.489752415417234
326,mobile,BBGBGGLBBBLBLL,"((7,), (0,), (3, 0), (0,), (1, 0), (3, 7), (2,), (2,), (4,), (3,), (4,), (4,), (5,), (0,))",16.5684,190.73098,207.29938,4730.04327061827,4301.596922671239,78.36924892491174,820.4477966260695,898.8170455509812,199.036657743106,805.0899812638935,-3.985888552534032,-10.427824522356756,11.641812277920472,-6.709363730713094,4.151357016634895
327,mobile,BBGBGGLBBBLBLL,"((6,), (7,), (3, 6), (2,), (4, 3), (4, 0), (4,), (3,), (0,), (1,), (0,), (6,), (5,), (0,))",18.7762,177.43282000000005,196.20902000000004,4350.838867676442,4508.368805943551,81.6922207472664,799.9325908385972,881.6248115858637,182.0447566787509,754.834296857951,-7.218966447744927,-14.381459444164497,16.797132199170964,-7.71978142751081,7.780648879794101
328,mobile,BBGBGGLBBBLBLL,"((3,), (2,), (2, 0), (3,), (0, 1), (0, 0), (0,), (0,), (4,), (3,), (2,), (1,), (1,), (3,))",26.719,209.3,236.019,3776.821927981719,4081.5898583615567,100.91290509374356,854.2767573550739,955.1896624488174,215.40366959599473,838.22505231554,-8.734606283394674,-12.245171271369873,13.953843279936656,-3.8465456018040047,9.570556733165608
329,mobile,BBGBGGLBBBLBLL,"((5,), (2,), (3, 3), (5,), (4, 4), (3, 2), (5,), (2,), (1,), (6,), (4,), (2,), (1,), (4,))",19.9715,148.40512000000004,168.37662000000003,4252.273233849483,4702.428318718942,84.92427488982496,697.8644389308831,782.788713820708,159.03078538208737,675.1059539635673,-5.550553644509942,-13.756299491283244,15.95049772927227,-8.687976651433614,5.8767455593320355
330,mobile,BLGGLBLLLGBLLB,"((0,), (4,), (4, 7), (3, 2), (0,), (0,), (0,), (5,), (5,), (1, 2), (2,), (5,), (3,), (0,))",60.4996,205.50230000000005,266.00190000000003,3371.722543614031,4190.34601240232,203.98786519963144,861.1257433445055,1065.113608544137,251.1266696078864,952.028669675665,-5.592151932792066,-10.617171535630213,11.878312331392014,-5.322671478816975,5.923397309947239
331,mobile,BLGGLBLLLGBLLB,"((2,), (0,), (4, 4), (2, 3), (5,), (3,), (5,), (5,), (0,), (4, 5), (1,), (3,), (1,), (5,))",28.0004,166.73215999999996,194.73256,3788.1383777179126,4468.253631687974,106.06938983145264,745.0015794391802,851.0709692706329,200.784848310522,796.902229241277,3.1080001775368165,-6.364773560044986,6.797413539792636,-9.187234473824613,-3.014315254088238
332,mobile,BLGGLBLLLGBLLB,"((4,), (1,), (3, 1), (2, 1), (3,), (2,), (3,), (2,), (1,), (0, 0), (7,), (3,), (0,), (2,))",21.6735,193.21709000000004,214.89059000000003,3957.10568070818,4187.806905384946,85.76432997082874,809.1558637403847,894.9201937112134,208.44654413076455,816.2987230446255,-2.9987566552986245,-8.785305239403135,9.631458245254406,-5.965437539332941,3.091462080173874
333,mobile,BLGGLBLLLGBLLB,"((3,), (3,), (2, 6), (4, 7), (1,), (5,), (3,), (2,), (4,), (2, 3), (5,), (4,), (4,), (5,))",22.8283,146.16859000000005,168.99689000000004,3951.1524467117865,4634.093244584975,90.19809339927068,677.3588754895112,767.5569688887819,163.1648355511144,678.2423853538935,-3.4509832985007165,-11.636215571619667,13.168534651264208,-8.477799725734382,3.5743329309817082
334,mobile,BLGGLBLLLGBLLB,"((0,), (4,), (3, 4), (4, 7), (0,), (6,), (0,), (0,), (1,), (2, 1), (1,), (2,), (3,), (3,))",56.6162,188.5854,245.2016,3411.725233712112,4234.3375385004965,193.1589181768917,798.5342384331315,991.6931566100232,236.9621888951223,902.2939907288721,-3.3602599268837223,-9.014801129287884,9.907986399082024,-5.851155226748346,3.477099508278284
335,mobile,BLGGLBLLLGBLLB,"((0,), (0,), (4, 0), (0, 3), (4,), (0,), (5,), (4,), (3,), (4, 6), (6,), (5,), (1,), (1,))",60.2779,204.44479,264.72269,3378.978680534827,4234.4034501093565,203.67773900741028,865.7017241328829,1069.3794631402932,257.96762920972503,975.2829926550776,-2.5517498293308245,-8.799165659016493,9.64811969385938,-6.411008734116883,2.618569163491124
336,mobile,BLGGLBLLLGBLLB,"((7,), (5,), (0, 6), (2, 0), (3,), (1,), (5,), (3,), (3,), (1, 5), (3,), (4,), (2,), (2,))",15.6365,181.71029,197.34679000000003,4757.86722222222,4310.051464541178,74.39639082027776,783.1807015367021,857.5770923569798,186.12981373536442,758.8240941040445,-5.683890913369102,-11.515349364279407,13.013951325509046,-6.182887003485298,6.0264264168789525
337,mobile,BLGGLBLLLGBLLB,"((3,), (2,), (4, 3), (1, 0), (2,), (2,), (4,), (3,), (4,), (1, 6), (3,), (5,), (3,), (3,))",23.5423,162.87514,186.41744,3807.297726042074,4422.17587379743,89.63254525580031,720.2625145493787,809.895059805179,186.42143304543518,745.7066032139022,0.0021419913475801515,-7.925527611776938,8.607736114261638,-7.927499796764782,-0.0021419454673004923
338,mobile,BLGGLBLLLGBLLB,"((3,), (0,), (0, 6), (0, 2), (0,), (7,), (5,), (5,), (3,), (4, 5), (3,), (4,), (4,), (4,))",24.0748,183.9276,208.0024,3878.826268249724,4386.458675427926,93.38196664285844,806.7908166706375,900.1727833134959,208.79710551716278,827.4961787193821,0.38206555172574086,-8.073628301290606,8.782711807393078,-8.423510521069351,-0.38061136680721613
339,mobile,BLGGLBLLLGBLLB,"((7,), (4,), (4, 3), (3, 2), (2,), (2,), (1,), (1,), (1,), (4, 3), (5,), (1,), (5,), (2,))",15.4035,161.40260999999998,176.80611,4844.460974858476,4466.264006981508,74.62165462623253,720.8666676758735,795.488322302106,168.29897406566496,700.9196557106845,-4.8115621877179615,-11.88812757398426,13.492083696174184,-7.434269905996105,5.05477587226159
340,mobile,BBGLLLGLBGBGBG,"((0,), (3,), (0, 3), (4,), (5,), (1,), (0, 1), (1,), (4,), (3, 1), (1,), (0, 6), (5,), (1, 0))",60.7794,231.61517999999995,292.39458,3373.220016848293,4134.899676582922,205.02228869202915,957.7055328736952,1162.7278215657243,279.7554209058153,1071.5881553409656,-4.322637955253725,-7.8384351465874795,8.505102055346924,-3.6746385102982737,4.517931789582697
341,mobile,BBGLLLGLBGBGBG,"((3,), (3,), (1, 7), (2,), (0,), (3,), (1, 3), (5,), (3,), (4, 0), (1,), (1, 3), (1,), (0, 7))",24.8189,224.71699,249.53589,3910.2375258448974,4231.509403246267,97.04779413019192,950.8920562541972,1047.9398503843893,234.37129905344065,943.511119344101,-6.077118183905066,-9.965145518798943,11.068097545356313,-4.139595442255267,6.470327641569101
342,mobile,BBGLLLGLBGBGBG,"((1,), (0,), (1, 0), (3,), (0,), (2,), (3, 1), (2,), (6,), (2, 5), (0,), (4, 6), (5,), (4, 5))",37.093,192.82659,229.91959,3684.887405648432,4423.910142875129,136.6835285377173,853.047507317024,989.7310358547412,231.11865626779678,928.3547909930866,0.5215154862605577,-6.201305469687482,6.611291874305829,-6.6879423011354575,-0.5188098127428645
343,mobile,BBGLLLGLBGBGBG,"((1,), (7,), (3, 2), (0,), (2,), (1,), (3, 0), (0,), (6,), (1, 6), (5,), (1, 3), (1,), (4, 0))",42.3793,193.33904,235.71834,3510.235530419772,4435.77129421245,148.76132461431865,857.6077636825927,1006.3690882969112,228.56979232719704,921.9753780767742,-3.0326650326839126,-8.385960101671778,9.153575271845211,-5.520720014417487,3.127511995360196
344,mobile,BBGLLLGLBGBGBG,"((1,), (1,), (0, 4), (5,), (4,), (4,), (2, 4), (5,), (1,), (4, 1), (7,), (1, 0), (7,), (2, 1))",41.7169,195.01561,236.73251,3497.958340396346,4471.620701435983,145.9239782904803,872.0358387791662,1017.9598170696464,222.01214039809022,898.2650101607937,-6.218144521810615,-11.758303707253647,13.325110691712993,-5.907495812696406,6.630434522866486
345,mobile,BBGLLLGLBGBGBG,"((1,), (0,), (2, 5), (2,), (1,), (5,), (4, 4), (3,), (1,), (1, 2), (6,), (4, 5), (1,), (2, 6))",41.4269,195.12055000000004,236.54745000000003,3569.944933907096,4407.833335749769,147.8917517824759,860.0588647798296,1007.9506165623056,230.70060692751707,920.9855983483399,-2.47174216948141,-8.627904659711085,9.44260348586617,-6.312183388867307,2.534385648287419
346,mobile,BBGLLLGLBGBGBG,"((0,), (2,), (2, 2), (2,), (0,), (1,), (1, 0), (1,), (0,), (2, 4), (4,), (3, 5), (7,), (3, 5))",52.849,201.64891000000003,254.49791,3510.5824607939594,4259.170984615248,185.53077247049995,858.8571865512916,1044.3879590217916,250.56470966791906,974.8289861743294,-1.545474511787122,-6.660261854475365,7.135505184395797,-5.195075916851158,1.569734356164403
347,mobile,BBGLLLGLBGBGBG,"((5,), (3,), (2, 7), (4,), (0,), (1,), (3, 5), (1,), (3,), (3, 4), (5,), (3, 7), (3,), (0, 2))",19.1959,196.39165,215.58755,4182.175178155179,4382.818228773999,80.28061650234902,860.7489035990033,941.0295201013524,206.69508941976332,845.8131278010114,-4.124756081803738,-10.118321504949794,11.257379339558074,-6.25142130356398,4.302211825737928
348,mobile,BBGLLLGLBGBGBG,"((5,), (5,), (4, 7), (0,), (5,), (2,), (2, 3), (2,), (2,), (0, 1), (2,), (0, 5), (2,), (4, 7))",17.2987,203.57886,220.87756,4665.483146853147,4359.051472747509,80.70679331246853,887.410729503259,968.1175228157276,214.47076426150394,888.6974589894763,-2.9006096130797734,-8.203556071917953,8.936681772057579,-5.461359167866122,2.9872583149301684
349,mobile,BBGLLLGLBGBGBG,"((3,), (1,), (2, 3), (1,), (4,), (1,), (3, 6), (2,), (3,), (4, 0), (3,), (1, 1), (3,), (0, 0))",26.4296,216.89605000000003,243.32565,3736.028212934296,4174.051006221407,98.74173125656829,905.3351757479488,1004.076907004517,233.6694429813609,921.8114603986962,-3.968429558757613,-8.193141982644034,8.924324565268465,-4.399295361384666,4.132421807249031
350,mobile,BGBGLGBGGBGLLG,"((1,), (4, 6), (1,), (0, 6), (0,), (1, 4), (0,), (1, 4), (0, 3), (4,), (0, 2), (0,), (2,), (0, 4))",40.6484,305.69620000000003,346.3446,3518.135663749742,3965.373263999348,143.006585714365,1212.1995383861977,1355.2061241005626,326.81799693577983,1237.74253926836,-5.637911797735603,-8.667580727630064,9.490146868640112,-3.2106844895170137,5.974763705579284
351,mobile,BGBGLGBGGBGLLG,"((0,), (1, 4), (2,), (0, 5), (1,), (2, 5), (2,), (1, 4), (1, 5), (1,), (0, 6), (4,), (2,), (0, 7))",59.0871,284.9535,344.0406,3440.125611284027,4035.94930134754,203.26704600650044,1150.0578792415365,1353.3249252480368,329.53551414889614,1251.9444597875342,-4.216097126648379,-7.491213940504467,8.097840496670889,-3.419276846743809,4.401676064738174
352,mobile,BGBGLGBGGBGLLG,"((0,), (0, 0), (0,), (4, 1), (2,), (1, 3), (7,), (1, 4), (3, 0), (3,), (2, 6), (5,), (4,), (4, 4))",55.3496,214.60733,269.95693,3462.739209078108,4360.330901471803,191.6612301267897,935.7589726813568,1127.4202028081463,267.32242240253333,1049.8986779708403,-0.9758992286164558,-6.876009906884553,7.383714873051697,-5.9582572649557966,0.9855168802486775
353,mobile,BGBGLGBGGBGLLG,"((7,), (1, 2), (2,), (4, 6), (2,), (3, 3), (3,), (1, 1), (4, 0), (5,), (0, 0), (1,), (0,), (4, 0))",17.1973,205.76615000000004,222.96345000000005,4694.279490509492,4444.517854168992,80.72893268213886,914.531327458615,995.260260140754,210.7365486418601,893.0814630381083,-5.483814211764276,-10.266540441210337,11.441150816752062,-5.060219251929832,5.801984248550622
354,mobile,BGBGLGBGGBGLLG,"((5,), (4, 0), (7,), (4, 5), (1,), (3, 4), (3,), (0, 1), (3, 7), (1,), (4, 1), (0,), (4,), (0, 7))",17.3675,221.41876,238.78626,4485.423356643357,4469.889028824475,77.9005901465035,989.7172860999194,1067.6178762464228,234.70357774339504,971.9127118868795,-1.7097643124880613,-8.964365105615101,9.847094619612532,-7.380794991876033,1.7395057612068556
355,mobile,BGBGLGBGGBGLLG,"((0,), (2, 0), (4,), (3, 2), (4,), (2, 5), (4,), (4, 2), (1, 2), (2,), (0, 3), (0,), (1,), (2, 0))",61.0676,226.67988,287.74748,3376.543194267519,4211.991972257481,206.1973891702512,954.7738348322893,1160.9712240025403,277.4819142016056,1071.7691246308689,-3.5675606258634796,-7.6834031307115565,8.322883848925372,-4.26810991359403,3.699544104678448
356,mobile,BGBGLGBGGBGLLG,"((0,), (0, 2), (6,), (4, 0), (4,), (0, 0), (1,), (4, 2), (4, 6), (1,), (2, 2), (1,), (5,), (0, 4))",59.6762,237.84337000000005,297.51957000000004,3406.264421626693,4269.86836208342,203.27291687787888,1015.559880694301,1218.83279757218,292.64860736731316,1129.6541413452424,-1.6371906670498624,-7.31672600249801,7.894332695557575,-5.774067835154416,1.6644407354288797
357,mobile,BGBGLGBGGBGLLG,"((7,), (3, 6), (6,), (2, 4), (2,), (1, 2), (5,), (0, 7), (2, 6), (7,), (3, 3), (0,), (3,), (2, 4))",14.9668,199.15638,214.12318,4905.82303030303,4541.345617289789,73.42447212993939,904.4379534682998,977.8624255982392,211.00728320456474,899.4403125675317,-1.4551889222994203,-8.019749095352568,8.71899023592178,-6.661497547422478,1.4766773677733545
358,mobile,BGBGLGBGGBGLLG,"((0,), (0, 1), (0,), (2, 0), (4,), (3, 0), (1,), (1, 6), (4, 1), (3,), (2, 6), (3,), (2,), (2, 0))",60.9135,236.38715,297.30065,3387.6354286176893,4168.210901848483,206.3527306811036,985.3114956868926,1191.6642263679962,279.8529303875957,1077.8222185715229,-5.868712232013062,-9.55319504248657,10.56222499730543,-3.914195691824552,6.234603149675535
359,mobile,BGBGLGBGGBGLLG,"((7,), (3, 1), (4,), (1, 3), (1,), (0, 0), (6,), (3, 7), (3, 1), (3,), (0, 4), (5,), (2,), (1, 6))",14.0209,224.62637,238.64727,5050.105396825397,4332.062741265367,70.8070227583492,973.0955281826886,1043.9025509410378,226.02047763055674,937.5417496060003,-5.290985465470966,-10.188767259851735,11.3446469322284,-5.171399806504312,5.586570076222233
360,mobile,BGBLBLLLBLGLBB,"((5,), (2, 7), (4,), (5,), (7,), (2,), (5,), (4,), (0,), (0,), (2, 2), (2,), (5,), (3,))",18.3316,171.82335999999998,190.15496,4342.822655677655,4397.570940395247,79.61088779482051,755.6054148170709,835.2163026118915,179.57790312850005,729.8316987445223,-5.562335513888218,-12.617642105142108,14.43957614456248,-7.470860942660724,5.889954547431888
361,mobile,BGBLBLLLBLGLBB,"((0,), (3, 4), (1,), (5,), (4,), (3,), (3,), (3,), (0,), (0,), (2, 3), (3,), (4,), (6,))",51.6713,186.23132,237.90262,3489.310283418286,4234.745039513949,180.29719844759128,788.642158572135,968.9393570197263,230.87114717515354,881.6508074945672,-2.95560966283031,-9.008670036238614,9.900580681507183,-6.237413983824961,3.045626493774014
362,mobile,BGBLBLLLBLGLBB,"((4,), (2, 3), (3,), (4,), (7,), (5,), (4,), (4,), (6,), (5,), (0, 0), (1,), (6,), (0,))",23.1717,183.28636,206.45806,3950.4610173718606,4333.473976205988,91.53889755623555,794.2666712535222,885.8055688097577,193.3187004085765,770.8551991688726,-6.364178560732141,-12.976930117445756,14.912057383127639,-7.062202750047587,6.796734906480137
363,mobile,BGBLBLLLBLGLBB,"((7,), (3, 5), (5,), (3,), (3,), (4,), (3,), (2,), (2,), (5,), (4, 0), (5,), (4,), (3,))",14.4906,139.08765999999997,153.57825999999997,4965.67073232323,4739.717304650253,71.955548313803,659.2361889653107,731.1917372791137,149.7717319023994,649.5363323343543,-2.4785592033667805,-11.167440875168092,12.571337564951898,-8.909714213432007,2.5415531016768487
364,mobile,BGBLBLLLBLGLBB,"((3,), (1, 5), (4,), (1,), (4,), (4,), (0,), (4,), (6,), (2,), (1, 6), (2,), (4,), (3,))",23.5516,172.13033,195.68193,3819.222213227948,4329.204558081526,89.94879387705934,745.1874092200771,835.1362030971364,186.39122141787206,744.1549612977714,-4.747862299869965,-10.894180070503166,12.226115060860177,-6.452682237938695,4.984520467999417
365,mobile,BGBLBLLLBLGLBB,"((7,), (0, 5), (4,), (0,), (3,), (4,), (0,), (0,), (7,), (5,), (4, 3), (4,), (1,), (3,))",14.6192,181.29869,195.91789,4860.670476190474,4405.815153154191,71.05911382552378,798.7685156490041,869.827629474528,185.7839460485774,767.870204231954,-5.17254649456596,-11.721566640067246,13.277950450565365,-6.9062490907509115,5.454693027551941
366,mobile,BGBLBLLLBLGLBB,"((5,), (4, 5), (1,), (4,), (3,), (4,), (1,), (2,), (7,), (0,), (3, 0), (5,), (3,), (6,))",16.1512,159.3731,175.52429999999998,4524.877836330334,4583.793470705069,73.08220691013848,730.533375186026,803.6155820961644,163.64516929261396,689.1639003634172,-6.767798366030246,-14.242093394233292,16.60732398670235,-8.016859944536312,7.259078137616721
367,mobile,BGBLBLLLBLGLBB,"((0,), (2, 5), (2,), (2,), (7,), (0,), (1,), (5,), (7,), (3,), (3, 0), (5,), (4,), (5,))",55.5851,168.52123999999998,224.10634,3453.8998168238736,4477.620159357642,191.9853667081367,754.5741015039473,946.559468212084,218.45417706690571,849.74196977012,-2.5220897066518844,-10.228358776531856,11.393752678610879,-7.905656826955842,2.587344865171987
368,mobile,BGBLBLLLBLGLBB,"((5,), (1, 7), (0,), (2,), (6,), (5,), (5,), (3,), (3,), (1,), (0, 7), (0,), (2,), (0,))",20.1931,222.90839,243.10149,4140.64806970807,4097.679378436564,83.61252053642202,913.4071129834952,997.0196335199172,223.1839059297438,870.2577160107644,-8.19311476464263,-12.714084381831835,14.56602052208462,-4.9244341593761565,8.924292272457178
369,mobile,BGBLBLLLBLGLBB,"((1,), (4, 2), (7,), (5,), (6,), (3,), (2,), (5,), (1,), (3,), (3, 4), (1,), (4,), (1,))",40.6277,159.90524,200.53294,3500.949306662076,4500.658380516803,142.2355181462748,719.6788584945507,861.9143766408255,193.01921143550578,762.456190649794,-3.7468799711878833,-11.539218823411893,13.044445990564975,-8.095674041414423,3.892736121246047
370,mobile,BGGLLLLLBBGLGL,"((2,), (0, 4), (4, 2), (4,), (0,), (3,), (4,), (3,), (3,), (1,), (2, 1), (1,), (3, 2), (1,))",31.8233,172.41825000000003,204.24155,3638.9518620365134,4264.934879318941,115.80345679114656,735.3526082561332,851.1560650472798,198.7599826506632,779.7889393743548,-2.6838649380289104,-8.384728559616233,9.152107970418859,-5.8580867581280325,2.7578827871861322
371,mobile,BGGLLLLLBBGLGL,"((2,), (0, 1), (4, 7), (3,), (2,), (0,), (2,), (4,), (1,), (7,), (2, 4), (3,), (2, 3), (0,))",32.0716,185.51197,217.58357,3615.358521739131,4298.42612064666,115.9503323658087,797.4094975406194,913.359829906428,205.88018972364512,810.3960535703765,-5.378797800015365,-11.273079126613217,12.705364973388283,-6.229345209692131,5.684558719352481
372,mobile,BGGLLLLLBBGLGL,"((2,), (1, 7), (3, 1), (2,), (4,), (4,), (3,), (4,), (7,), (0,), (3, 5), (0,), (4, 5), (3,))",31.7914,155.12128999999996,186.91269,3665.869798579039,4581.892503115886,116.54313311454568,710.7490757246651,827.2922088392107,189.7397143082628,767.1841339846151,1.5124838812510766,-7.26564014653715,7.834895456245329,-8.647334487506832,-1.4899486481094997
373,mobile,BGGLLLLLBBGLGL,"((1,), (2, 1), (2, 0), (5,), (0,), (0,), (0,), (5,), (1,), (5,), (1, 0), (0,), (0, 2), (1,))",41.9427,209.6956,251.6383,3492.31576951146,4084.8211210047607,146.47715262588832,856.5690158617659,1003.0461684876544,231.6439684235992,886.0637148724014,-7.945663111060909,-11.662718755172916,13.202487772800772,-4.037893020289227,8.631492420229067
374,mobile,BGGLLLLLBBGLGL,"((6,), (1, 4), (4, 6), (3,), (4,), (2,), (4,), (5,), (1,), (2,), (0, 3), (4,), (4, 4), (1,))",17.3578,168.06143000000003,185.41923000000003,4472.104637494856,4416.846271246097,77.62589787670824,742.301500435787,819.9273983124953,179.54979718751088,739.221012120168,-3.1654930356949227,-9.843113714510611,10.917761382465631,-6.895910237119491,3.268972120508431
375,mobile,BGGLLLLLBBGLGL,"((2,), (4, 5), (3, 3), (3,), (2,), (0,), (3,), (0,), (2,), (2,), (1, 5), (2,), (1, 1), (2,))",31.9,176.4973,208.3973,3651.27559570864,4236.1562200663575,116.4756915031056,747.6701352199178,864.1458267230234,201.48305484499465,790.3528017280352,-3.3178189712656287,-8.539418083499056,9.336719605933757,-5.400787463288145,3.4316757606859905
376,mobile,BGGLLLLLBBGLGL,"((4,), (3, 4), (1, 0), (0,), (4,), (2,), (1,), (1,), (1,), (0,), (1, 6), (3,), (3, 0), (2,))",22.3901,193.74614,216.13624,3985.2943265639583,4124.827024953253,89.2311385011997,799.1693142523766,888.4004527535762,207.8897302050577,814.6022933534186,-3.815422066629032,-8.30685747304855,9.059409726967218,-4.669600369334506,3.966771127562733
377,mobile,BGGLLLLLBBGLGL,"((1,), (2, 1), (1, 0), (2,), (2,), (5,), (0,), (1,), (6,), (5,), (2, 2), (5,), (4, 2), (1,))",41.8636,164.27567000000002,206.13927,3487.451171880482,4417.658191053141,145.99726087913575,725.7137591662429,871.7110200453786,196.26953096440204,775.9751950543098,-4.787898509390264,-10.982518608756964,12.337485218759909,-6.506126849828695,5.028665930519839
378,mobile,BGGLLLLLBBGLGL,"((1,), (1, 6), (2, 6), (3,), (1,), (5,), (0,), (2,), (3,), (3,), (3, 3), (5,), (4, 4), (4,))",41.8552,155.89878,197.75398,3524.2216069498845,4478.463682221634,147.50700020320883,698.1870243326605,845.6940245358693,189.51956829719666,756.9853256521931,-4.163967624218413,-10.489455560758042,11.718681443031649,-6.600323260187603,4.344887325772347
379,mobile,BGGLLLLLBBGLGL,"((6,), (4, 7), (2, 0), (1,), (5,), (0,), (0,), (0,), (1,), (7,), (3, 4), (0,), (4, 3), (1,))",17.3933,175.75158999999996,193.14489,4473.059045954044,4396.724793497435,77.80125790399248,772.7313732495957,850.5326311535881,190.0553393334365,776.4436865054583,-1.5996025919005659,-8.71088797000557,9.542088619663085,-7.226886847430221,1.625605824808293
380,mobile,GLGGLGGBBLGGBB,"((2, 3), (3,), (1, 0), (0, 3), (4,), (4, 3), (1, 6), (4,), (6,), (3,), (0, 3), (0, 6), (0,), (0,))",24.0507,259.46029,283.51099,3731.616453621799,4100.955933080255,89.7479878411218,1064.0352156742233,1153.7832035153451,259.9496351878036,1012.1548901711259,-8.31056136913648,-12.27512351650694,13.992750983031257,-4.3239027379495365,9.063815302211982
381,mobile,GLGGLGGBBLGGBB,"((4, 4), (4,), (1, 3), (0, 6), (5,), (0, 6), (3, 2), (6,), (3,), (5,), (3, 2), (1, 3), (6,), (4,))",16.4495,192.81509,209.26459,4294.677753912754,4451.57171272562,70.64530171298786,858.3302004306446,928.9755021436324,206.06976588166322,850.1930398447629,-1.526691218202173,-8.48057479632963,9.26642051942162,-7.061693837805572,1.5503604348108997
382,mobile,GLGGLGGBBLGGBB,"((0, 5), (2,), (2, 0), (2, 5), (2,), (2, 6), (1, 0), (0,), (5,), (4,), (1, 3), (0, 6), (6,), (4,))",14.7089,218.39863,233.10753,4327.484213564214,4248.462618079415,63.65253254889466,927.8584153947576,991.510947943652,223.1027467815601,903.8294881004026,-4.291917647808238,-8.843216509620666,9.701106347783734,-4.755396566263146,4.484383703368558
383,mobile,GLGGLGGBBLGGBB,"((3, 5), (4,), (4, 0), (0, 1), (0,), (1, 5), (0, 2), (3,), (3,), (2,), (0, 7), (0, 1), (1,), (7,))",12.8613,239.03629,251.89759,4967.265876623377,4196.295918996508,63.88549661901624,1003.0670082190658,1066.952504838082,241.21145000987462,971.1616007038336,-4.242255747712943,-8.977991400731122,9.863539092240197,-4.9455380241009275,4.430195991810461
384,mobile,GLGGLGGBBLGGBB,"((0, 7), (0,), (1, 6), (4, 3), (5,), (2, 4), (4, 1), (7,), (5,), (1,), (3, 1), (3, 5), (3,), (2,))",13.3354,175.03727,188.37267,4701.212370129871,4637.658321386795,62.69254744062987,811.7630517683273,874.4555992089571,187.37093921103903,798.9717429694347,-0.5317813825970453,-8.632097079349258,9.44762526381488,-8.143621962216356,0.5346244157065961
385,mobile,GLGGLGGBBLGGBB,"((4, 7), (2,), (2, 3), (3, 2), (4,), (1, 4), (3, 2), (4,), (1,), (1,), (0, 6), (0, 4), (3,), (7,))",10.7108,212.30003,223.01083000000003,5516.807896825398,4347.878359700931,59.08942602131747,923.0547062008584,982.1441322221758,212.96978369862842,886.2823384998003,-4.5024926822484845,-9.760460871000769,10.81616879386761,-5.505869562916756,4.714775085455593
386,mobile,GLGGLGGBBLGGBB,"((0, 0), (1,), (4, 5), (0, 7), (2,), (1, 5), (2, 1), (5,), (0,), (2,), (2, 1), (1, 1), (7,), (5,))",44.6625,216.33822,261.00072,3471.900369187653,4286.3215172740365,155.06375023884354,927.2951673947643,1082.358917633608,266.7330501705519,1034.4584347786774,2.1962890257742984,-4.425563653104709,4.630488886214055,-6.479543183029819,-2.149088823783401
387,mobile,GLGGLGGBBLGGBB,"((0, 0), (3,), (1, 6), (0, 0), (2,), (3, 7), (1, 7), (6,), (6,), (4,), (3, 4), (0, 7), (0,), (3,))",50.3203,214.84534,265.16564,3428.7968829723227,4353.771355994862,172.53808779023217,935.3874872609772,1107.9255750512093,261.92447531080995,1026.1571549482026,-1.2223169974775174,-7.380317048753689,7.968411047831575,-6.234201759033881,1.237442467086723
388,mobile,GLGGLGGBBLGGBB,"((3, 6), (3,), (3, 7), (1, 5), (3,), (2, 5), (0, 1), (7,), (7,), (5,), (2, 7), (3, 6), (1,), (3,))",13.794,168.81940999999998,182.61341,4537.938593073592,4790.245392363138,62.59632495285712,808.6864008939634,871.2827258468205,181.22743824861698,782.2870314749459,-0.7589649365744885,-10.214330174557007,11.376347912105821,-9.52767696542014,0.7647692671579234
389,mobile,GLGGLGGBBLGGBB,"((4, 7), (2,), (2, 1), (4, 0), (0,), (0, 0), (4, 1), (6,), (5,), (4,), (4, 1), (4, 6), (3,), (5,))",11.5551,162.35635,173.91145,5164.635833333334,4820.566444385715,59.67788351775,782.6495728429427,842.3274563606927,173.22302275056936,758.7605407503705,-0.39584929539179037,-9.920953541200733,11.013608526305187,-9.56295915223166,0.3974224895162664
390,mobile,GGLBGGBBLGLGGB,"((1, 1), (1, 3), (0,), (4,), (3, 7), (2, 2), (0,), (7,), (0,), (3, 0), (3,), (4, 7), (3, 7), (2,))",34.9886,185.71252000000007,220.7011200000001,3567.580500834786,4507.319287010245,124.824647111508,837.0656232352761,961.890270346784,219.89481582070184,884.2336127261771,-0.36533760195609855,-8.073338510078687,8.782368878873998,-7.73626439092939,0.3666772116881927
391,mobile,GGLBGGBBLGLGGB,"((1, 6), (1, 3), (5,), (2,), (1, 0), (0, 0), (3,), (6,), (1,), (0, 2), (2,), (2, 0), (4, 7), (1,))",15.7384,223.2746,239.013,4324.7356632256615,4214.443819113567,68.06441976211076,940.978257935054,1009.0426776971648,227.8158505504243,909.4686867420821,-4.684744950933926,-9.86816446479055,10.948589259491575,-5.438184591950482,4.915000173395472
392,mobile,GGLBGGBBLGLGGB,"((3, 1), (2, 7), (5,), (7,), (1, 3), (3, 4), (1,), (1,), (5,), (4, 7), (1,), (0, 7), (1, 5), (5,))",29.2238,179.08713,208.31093,3845.0558090395366,4606.858645691961,112.3671419522096,825.0290931726602,937.3962351248698,212.00556596190142,882.9418077268621,1.773615989281701,-5.809115223377647,6.167385768967159,-7.450586420608208,-1.7427070582502258
393,mobile,GGLBGGBBLGLGGB,"((4, 5), (4, 4), (1,), (4,), (4, 7), (2, 3), (0,), (6,), (0,), (4, 5), (1,), (0, 2), (0, 1), (7,))",13.9374,194.5916,208.529,5083.223033910533,4467.665420511127,70.84691271282466,869.3701624419331,940.2170751547576,206.66200414848606,869.2809125166054,-0.8953171268811216,-7.544657985122874,8.160326727155324,-6.709411367326343,0.9034054707862521
394,mobile,GGLBGGBBLGLGGB,"((1, 2), (4, 5), (4,), (6,), (0, 4), (0, 1), (2,), (6,), (4,), (2, 4), (0,), (0, 0), (0, 4), (7,))",23.4561,210.54796,234.00406,4034.956651506817,4336.205680587847,94.64434671340904,912.9792601881828,1007.623606901592,235.12536388260452,946.9728922950821,0.47918137941901856,-6.019183571235365,6.404693851322054,-6.467374496330665,-0.4768961817170693
395,mobile,GGLBGGBBLGLGGB,"((0, 1), (4, 2), (2,), (7,), (1, 6), (1, 4), (4,), (6,), (3,), (1, 1), (1,), (3, 5), (2, 2), (1,))",35.3466,181.6836,217.0302,3515.2992911672627,4474.508206104277,124.2538779251728,812.9447591145671,937.19863703974,216.57307265220774,870.9769009768742,-0.21062845069131667,-7.065923214745118,7.603156408464167,-6.869764442465098,0.21107303054538348
396,mobile,GGLBGGBBLGLGGB,"((0, 3), (1, 4), (4,), (5,), (1, 6), (0, 4), (5,), (7,), (4,), (0, 0), (0,), (4, 6), (1, 6), (2,))",21.8074,206.33797,228.14537,3812.371314102565,4372.147583079453,83.13790619516028,902.1400568330208,985.277963028181,222.2839874491174,895.6582776299678,-2.569143766048204,-9.095878397886178,10.006013190137532,-6.698837395173796,2.636889241616799
397,mobile,GGLBGGBBLGLGGB,"((3, 5), (1, 5), (2,), (4,), (0, 7), (2, 5), (1,), (7,), (2,), (0, 7), (3,), (4, 6), (1, 1), (6,))",13.3871,190.54982,203.93692,4724.769844877344,4532.384408813626,63.2509663903575,863.6450332702428,926.8959996606004,204.4241867083846,859.4960870448936,0.2389301105384076,-7.27157228431092,7.841794003674892,-7.4926003166306,-0.23836059530456777
398,mobile,GGLBGGBBLGLGGB,"((2, 6), (0, 6), (4,), (2,), (0, 4), (0, 4), (4,), (0,), (4,), (0, 5), (5,), (2, 0), (1, 0), (2,))",15.4109,239.73948,255.15038,4449.78413059163,4105.698597808125,68.57517825813454,984.2980468752488,1052.8732251333836,244.4248889494411,968.1338724021679,-4.203595954103184,-8.048390889651552,8.752854863032265,-4.013506533821763,4.388051927386746
399,mobile,GGLBGGBBLGLGGB,"((2, 7), (3, 1), (2,), (6,), (3, 3), (0, 2), (5,), (0,), (5,), (0, 4), (2,), (1, 1), (1, 3), (4,))",13.2351,208.18656,221.42166,4849.819974747474,4282.604906959305,64.1878523477803,891.5807834189776,955.768635766758,219.173355853536,899.9871583418538,-1.0153948563406099,-5.83629503390786,6.198030372752944,-4.87035349645588,1.0258108873263097
400,mobile,LGBGGBBBBLGBLB,"((0,), (4, 6), (0,), (3, 2), (1, 4), (1,), (1,), (0,), (7,), (2,), (3, 7), (5,), (3,), (5,))",117.795,201.27001,319.06501,3242.2351759340886,4405.954962043217,381.919092549156,886.786599269988,1268.705691819144,304.78993984363103,1131.2487313616239,-4.474031845851396,-10.834424511836655,12.150905158768273,-6.658286525525288,4.683576552327352
401,mobile,LGBGGBBBBLGBLB,"((1,), (1, 0), (2,), (3, 5), (4, 2), (4,), (1,), (2,), (3,), (1,), (2, 3), (1,), (3,), (6,))",80.4858,181.68314000000004,262.16894,3305.5274749373434,4323.476244221602,266.048023242312,785.5027397655878,1051.5507630078998,252.81890016124922,959.4828351238394,-3.566417836815758,-8.755443020240453,9.595578421387527,-5.380931691040848,3.6983152101315624
402,mobile,LGBGGBBBBLGBLB,"((0,), (2, 2), (5,), (3, 1), (4, 1), (1,), (7,), (3,), (5,), (3,), (4, 7), (6,), (0,), (1,))",117.684,171.45577000000006,289.13977000000006,3219.5307860945218,4613.672916522693,378.88726103074765,791.0408424305444,1169.928103461292,283.14058670928887,1056.040469591069,-2.0748385082796412,-9.734583991382088,10.784400517749454,-7.8220401849938135,2.1188001905466143
403,mobile,LGBGGBBBBLGBLB,"((2,), (1, 2), (0,), (0, 4), (0, 6), (4,), (4,), (6,), (4,), (2,), (0, 2), (3,), (4,), (5,))",60.1844,223.78983000000005,283.97423000000003,3360.3604251012143,4166.82010115332,202.2412759684615,932.4919620776844,1134.733238046146,265.70282821697197,1005.3237492535015,-6.4341760106288755,-11.404397478958993,12.872419346378402,-5.3120052348331015,6.876630522016011
404,mobile,LGBGGBBBBLGBLB,"((0,), (3, 3), (4,), (0, 6), (3, 5), (5,), (5,), (0,), (0,), (3,), (3, 5), (1,), (2,), (6,))",117.813,204.8722,322.68519999999995,3242.772436335594,4280.85921573269,382.0407490420054,877.0290454174308,1259.0697944594365,317.7977262336869,1170.1368485659157,-1.5146259469951102,-7.0633849120098136,7.6002175303268515,-5.63409442099327,1.5379196774740689
405,mobile,LGBGGBBBBLGBLB,"((5,), (2, 0), (1,), (4, 7), (1, 7), (6,), (7,), (6,), (5,), (3,), (0, 1), (6,), (5,), (5,))",35.814,170.28409000000002,206.09809,3675.7069169960473,4719.578001232022,131.64176752529642,803.6690451238138,935.3108126491102,193.42516352226096,799.7243062201239,-6.148978128685741,-14.49641173771533,16.954155997812833,-8.894344933692183,6.551849949078907
406,mobile,LGBGGBBBBLGBLB,"((0,), (0, 4), (4,), (4, 1), (0, 3), (1,), (5,), (0,), (5,), (5,), (1, 3), (2,), (5,), (0,))",117.736,230.18034999999992,347.9163499999999,3225.3085765112064,4145.410463026637,379.7349305641234,954.1920312731332,1333.9269618372566,336.59507559094675,1223.5119956548788,-3.2540219535681962,-8.277437171694922,9.02442857728409,-5.19237628226345,3.3634700059639426
407,mobile,LGBGGBBBBLGBLB,"((4,), (2, 0), (1,), (3, 4), (0, 5), (7,), (4,), (7,), (6,), (5,), (4, 3), (5,), (4,), (2,))",41.781,159.51030000000003,201.29130000000004,3484.878968253968,4826.373860445161,145.60172817261903,769.8563423917659,915.4580705643848,190.91338976988305,782.4147373320868,-5.155667547537812,-14.532979446046728,17.004195714149645,-9.887055616326897,5.435925810455709
408,mobile,LGBGGBBBBLGBLB,"((3,), (4, 3), (6,), (2, 5), (4, 2), (1,), (3,), (1,), (3,), (5,), (1, 2), (3,), (2,), (6,))",49.2282,176.81931000000003,226.04751,3451.6136424731176,4471.589224452065,169.91672671439514,790.6633212710493,960.5800479854444,216.3612575964824,852.7025600763469,-4.285051582084486,-11.23045269734065,12.651244755197949,-7.256338983677649,4.476888566428384
409,mobile,LGBGGBBBBLGBLB,"((0,), (3, 6), (0,), (0, 5), (0, 4), (7,), (4,), (7,), (3,), (1,), (3, 7), (7,), (0,), (1,))",117.677,206.87252999999987,324.5495299999999,3222.032984559301,4432.515260082712,379.1591755239849,916.965646116918,1296.124821640903,313.4845612570509,1162.172280388483,-3.40933131006197,-10.334848852198917,11.526048548296414,-7.16996541805533,3.5296694352599833
410,mobile,GGBBBGLBGLLGLL,"((2, 4), (2, 2), (7,), (3,), (0,), (2, 4), (1,), (0,), (1, 1), (2,), (0,), (2, 7), (4,), (2,))",19.9151,203.462,223.3771,4010.565942594988,4198.821748411255,79.87082180337345,854.3006705752506,934.171492378624,210.22853175736654,838.8396757995919,-5.886265083857509,-10.204958870698835,11.364724312564343,-4.588802889067546,6.254416625907281
411,mobile,GGBBBGLBGLLGLL,"((2, 5), (3, 4), (5,), (3,), (6,), (0, 7), (2,), (2,), (3, 2), (1,), (0,), (0, 2), (3,), (3,))",17.4337,190.19986,207.63356,4265.990896187146,4292.38523435716,74.37200548685786,816.411070640799,890.7830761276568,200.70838479418725,818.6452241357688,-3.335287034433516,-8.098251294297164,8.811857672295451,-4.927303991023388,3.4503666665017727
412,mobile,GGBBBGLBGLLGLL,"((0, 1), (0, 5), (4,), (6,), (0,), (4, 2), (3,), (0,), (0, 2), (0,), (3,), (1, 4), (0,), (3,))",36.8823,234.07173,270.95403,3530.530024570437,4085.630742565974,130.21406752521423,956.330656053602,1086.5447235788165,255.37099243350045,986.9578798829846,-5.751173941387601,-9.165461994773382,10.09028305317741,-3.622631916139163,6.10211732272507
413,mobile,GGBBBGLBGLLGLL,"((3, 2), (1, 4), (4,), (0,), (1,), (2, 6), (1,), (4,), (0, 0), (2,), (0,), (4, 3), (1,), (0,))",29.3242,235.90277,265.22697,3710.16523344904,4028.456233972041,108.79762733870632,950.3239844177726,1059.121611756479,239.24807401327857,927.5165689748136,-9.794967678709835,-12.425866994009093,14.188969467912461,-2.916577099522102,10.858560134231034
414,mobile,GGBBBGLBGLLGLL,"((0, 4), (4, 6), (2,), (3,), (4,), (4, 4), (1,), (2,), (2, 1), (3,), (0,), (2, 7), (2,), (2,))",20.0552,177.61291,197.66811,3985.962087912088,4375.85445907667,79.9392668654945,777.2082442130832,857.1475110785776,184.82310487363335,762.123760944876,-6.498268803382932,-11.086043989573042,12.468283368555735,-4.906620580685133,6.949891430050917
415,mobile,GGBBBGLBGLLGLL,"((1, 2), (1, 0), (5,), (6,), (7,), (4, 1), (4,), (2,), (4, 7), (3,), (4,), (1, 5), (4,), (4,))",28.1542,149.63626000000002,177.79046000000002,3707.4152661336366,4781.59384791216,104.37931088577965,715.4998202405844,819.8791311263641,177.2015239390092,746.5405103825216,-0.33125290355332787,-8.945052747359071,9.823796528639066,-8.64242813795021,0.3323538352827747
416,mobile,GGBBBGLBGLLGLL,"((4, 7), (3, 1), (6,), (3,), (1,), (2, 7), (4,), (0,), (0, 1), (0,), (4,), (2, 7), (4,), (3,))",15.4038,199.22119000000004,214.62499000000005,4951.19496975247,4288.490608089862,76.26721707507309,854.3582022474861,930.6254193225592,200.03623138562432,828.2945330551557,-6.797325238955506,-10.995926410638381,12.354408025603773,-4.5048075953263655,7.293058119182391
417,mobile,GGBBBGLBGLLGLL,"((0, 3), (3, 6), (7,), (2,), (2,), (4, 0), (5,), (2,), (2, 2), (1,), (0,), (2, 1), (4,), (1,))",23.3309,178.60368999999997,201.93459,3778.439821428572,4379.978143851439,88.15440162976788,782.2802586112177,870.4346602409856,191.9634219674698,776.2085603077235,-4.9378207232996525,-10.825177837837368,12.139276059504764,-6.193164473329839,5.194306253938256
418,mobile,GGBBBGLBGLLGLL,"((2, 2), (3, 6), (4,), (1,), (5,), (4, 7), (0,), (6,), (0, 0), (2,), (0,), (2, 7), (3,), (4,))",28.248,193.64467,221.89267,3718.697439775912,4334.918098031219,105.04576527878996,839.4337845702831,944.4795498490732,206.69380071569387,834.4643800128111,-6.849649104815469,-11.64823207171001,13.183926416915856,-5.151438422700147,7.353326143154188
419,mobile,GGBBBGLBGLLGLL,"((2, 7), (1, 2), (5,), (1,), (5,), (4, 6), (5,), (6,), (1, 3), (0,), (4,), (3, 4), (2,), (4,))",14.2535,180.35445,194.60795,4937.827498889999,4459.625240722857,70.38132425542861,804.3132574966885,874.6945817521171,178.98945710123778,757.778704836452,-8.025619148016416,-13.366480066844442,15.428762535745664,-5.806900649239688,8.72592897464809
420,mobile,BGLGBGGGGLBLGL,"((1,), (0, 3), (0,), (1, 1), (5,), (1, 7), (1, 1), (0, 1), (0, 4), (4,), (1,), (0,), (2, 4), (1,))",41.9253,257.23944,299.16474,3507.183562953548,3983.850865236248,147.0397230318964,1024.803565616888,1171.8432886487842,287.5248844490216,1086.7089598956813,-3.890784572733532,-7.264992646863949,7.834142525269629,-3.510805971237948,4.048295010459223
421,mobile,BGLGBGGGGLBLGL,"((5,), (0, 6), (2,), (3, 2), (4,), (4, 7), (1, 7), (1, 7), (1, 7), (4,), (1,), (2,), (0, 7), (0,))",19.6731,215.53858,235.21168000000003,4161.990241057961,4300.3129172117415,81.87925021135737,926.8833397314764,1008.7625899428338,226.3609556818455,920.9704332620768,-3.762876196519889,-8.702955240016598,9.532570591848124,-5.133236373090843,3.9100048378459755
422,mobile,BGLGBGGGGLBLGL,"((4,), (4, 1), (0,), (0, 4), (3,), (4, 5), (3, 4), (3, 2), (1, 7), (2,), (1,), (1,), (2, 1), (5,))",22.4545,188.59454,211.04904,4056.135444115567,4385.604144943472,91.078493329893,827.1009963377076,918.1794896676006,210.0078717638885,853.7665208082211,-0.49333000335443494,-7.015291626988778,7.544564853445264,-6.554295931975416,0.49577581419523775
423,mobile,BGLGBGGGGLBLGL,"((0,), (4, 0), (3,), (2, 7), (0,), (4, 4), (3, 4), (2, 3), (2, 5), (2,), (4,), (3,), (2, 3), (4,))",61.4724,178.24569,239.71809,3420.296857410882,4446.277404537592,210.2538565375047,792.5297839032122,1002.7836404407168,237.35461267261653,927.4954228411383,-0.9859403299031225,-7.507922403529622,8.117368101823388,-6.586925225929494,0.9957579087133227
424,mobile,BGLGBGGGGLBLGL,"((3,), (1, 2), (2,), (0, 5), (4,), (4, 1), (0, 7), (0, 3), (0, 6), (5,), (1,), (1,), (2, 3), (5,))",26.0871,226.87257,252.95967,3835.7510147918815,4194.747020261248,100.0636202979773,951.6730369865112,1051.7366572844885,249.23240597680157,981.3869350445974,-1.4734617669284655,-6.6889103610336464,7.168398083136729,-5.293445489546843,1.495497348585305
425,mobile,BGLGBGGGGLBLGL,"((5,), (2, 5), (2,), (0, 2), (4,), (1, 7), (3, 1), (3, 5), (3, 6), (1,), (7,), (1,), (4, 0), (4,))",19.3387,176.96431,196.30301,4288.328905677654,4532.986938064457,82.93070620822844,802.1769057335895,885.1076119418179,195.9212853709929,814.5553630915426,-0.19445683945808853,-7.97103627834499,8.661443045749893,-7.791730992714423,0.19483571082348872
426,mobile,BGLGBGGGGLBLGL,"((7,), (4, 0), (3,), (2, 7), (7,), (4, 4), (4, 4), (1, 2), (3, 0), (4,), (6,), (4,), (2, 0), (2,))",15.6585,153.01349,168.67199,4894.283838383838,4891.053863533565,76.63714348333333,748.3972214372544,825.0343649205878,168.99984601209022,741.2484404448523,0.19437490011840303,-10.155446613887424,11.303352547420173,-10.329743086199542,-0.19399781705527236
427,mobile,BGLGBGGGGLBLGL,"((7,), (0, 5), (1,), (1, 7), (3,), (1, 1), (0, 0), (1, 1), (3, 4), (4,), (1,), (0,), (1, 4), (2,))",15.8853,219.28797,235.17327,4897.65914918415,4187.8913634601895,77.80078488253498,918.3541956737172,996.1549805562522,227.28476291910255,916.2333693171493,-3.354338305921185,-8.023009752405674,8.722844410116478,-4.8307097956063965,3.470759315135083
428,mobile,BGLGBGGGGLBLGL,"((2,), (0, 4), (2,), (1, 3), (7,), (3, 5), (4, 4), (3, 7), (0, 5), (2,), (5,), (0,), (0, 0), (2,))",32.1201,211.53829,243.65839,3659.3638951628086,4268.927998228663,117.53913424901891,903.0417288784142,1020.5808631274332,241.83656838068725,949.9815789120745,-0.7476950082912159,-6.9175590848349495,7.431647705864928,-6.216343365586459,0.7533276011611636
429,mobile,BGLGBGGGGLBLGL,"((3,), (0, 6), (5,), (0, 0), (6,), (2, 2), (0, 2), (2, 0), (4, 5), (3,), (0,), (4,), (0, 2), (5,))",26.1491,215.03839,241.18749000000005,3834.2931587547296,4242.86324864422,100.2633152375933,912.3784819786227,1012.641797216216,236.64325513704136,934.7116257110438,-1.8841088577847416,-7.695729301259803,8.337349120472323,-5.923220363000455,1.920289196633593
430,mobile,BGBBLBGLBLBGGB,"((6,), (4, 2), (3,), (5,), (0,), (4,), (2, 1), (0,), (3,), (1,), (3,), (1, 5), (2, 3), (2,))",16.7553,186.37148,203.12678,4522.150367132867,4359.031732872639,75.76998604642132,812.3991954224383,888.1691814688596,192.0138068408488,796.4942673553712,-5.470954228266312,-10.321785086246278,11.509802125491749,-5.13157709186404,5.787590664437079
431,mobile,BGBBLBGLBLBGGB,"((4,), (1, 7), (6,), (6,), (2,), (5,), (0, 2), (2,), (7,), (0,), (6,), (0, 7), (3, 0), (7,))",19.7596,188.97252,208.73212,4363.544954767453,4644.405777489258,86.22190288822296,877.6650636747044,963.8869665629272,199.44449192282713,855.0783719490754,-4.44954426619769,-11.288522242586861,12.724985005272927,-7.157451970132037,4.656748345182007
432,mobile,BGBBLBGLBLBGGB,"((6,), (0, 4), (5,), (2,), (3,), (3,), (2, 2), (2,), (7,), (5,), (6,), (3, 0), (4, 5), (5,))",15.687,161.92791999999997,177.61491999999998,4737.821497113996,4765.21090418756,74.32220582522726,771.6206900764108,845.942895901638,172.4714429369501,747.3751551937239,-2.895858671698237,-11.651819666013852,13.1885225275337,-9.017082973539079,2.982219534703024
433,mobile,BGBBLBGLBLBGGB,"((0,), (2, 7), (7,), (1,), (0,), (6,), (2, 7), (1,), (5,), (4,), (5,), (4, 5), (1, 6), (2,))",61.147,188.24997,249.39697,3416.348628691571,4520.925851266727,208.89946959860347,851.0641558731858,1059.963625471789,233.65832884281798,925.9829121142319,-6.3106785768816795,-12.640123692727895,14.469026545171173,-6.755780722608999,6.735750116474293
434,mobile,BGBBLBGLBLBGGB,"((4,), (2, 3), (7,), (3,), (5,), (6,), (2, 2), (3,), (2,), (2,), (2,), (2, 5), (1, 5), (3,))",20.9966,168.90833,189.90493,4054.9367538017536,4544.98804848107,85.1398850448739,767.6863411388966,852.8262261837706,180.90777213185075,755.2870568120117,-4.737716850294123,-11.437168133094065,12.914185208397669,-7.032637746327852,4.973339598473345
435,mobile,BGBBLBGLBLBGGB,"((7,), (0, 2), (1,), (5,), (3,), (4,), (4, 7), (1,), (6,), (5,), (3,), (2, 5), (3, 1), (6,))",13.5182,174.57678,188.09498,5210.98380952381,4628.767849474368,70.44312133390477,808.0753865287599,878.5185078626646,178.81919305468412,771.7630496210928,-4.931437800900307,-12.151759728010243,13.832672903164353,-7.594857606017639,5.187243487045201
436,mobile,BGBBLBGLBLBGGB,"((4,), (4, 7), (4,), (5,), (3,), (3,), (2, 6), (0,), (2,), (1,), (4,), (0, 1), (2, 0), (5,))",20.0286,190.63688,210.66548000000003,4152.265559718059,4395.065747838251,83.16406598936912,837.8616215627509,921.02568755212,198.98854284285346,819.249243823747,-5.542881138925355,-11.050337151710938,12.42313551042705,-5.830641543159742,5.86814546723333
437,mobile,BGBBLBGLBLBGGB,"((2,), (2, 0), (5,), (7,), (2,), (1,), (0, 1), (3,), (6,), (5,), (1,), (3, 4), (2, 0), (5,))",29.6452,180.02899999999997,209.6742,3778.520337533124,4519.252348483392,112.01499111023696,813.5964810451164,925.6114721553532,196.21188896697123,808.4019171912632,-6.420585381047731,-12.662932395507054,14.49892095398865,-6.67064123010136,6.861108724810721
438,mobile,BGBBLBGLBLBGGB,"((7,), (0, 6), (0,), (2,), (3,), (3,), (1, 0), (5,), (2,), (4,), (1,), (1, 1), (3, 5), (2,))",15.0277,219.47097,234.49867000000003,4901.119198301697,4232.749187682072,73.65254897631841,928.9655699872964,1002.6181189636148,212.48124885204453,868.8332192888619,-9.389145425837809,-13.343554953210262,15.398225655351391,-4.364167566851378,10.36205371857858
439,mobile,BGBBLBGLBLBGGB,"((3,), (1, 2), (1,), (6,), (3,), (4,), (0, 6), (1,), (2,), (3,), (5,), (3, 6), (3, 5), (6,))",22.56,179.24247000000005,201.80247000000003,4011.627376047156,4506.279657757689,90.50231360362385,807.7166963672431,898.219009970867,186.32955415166626,777.2947135941455,-7.667357019135478,-13.462673917427285,15.557071759510327,-6.2765634245874065,8.304058858928698
440,mobile,GGBLBGGBBGLBBG,"((1, 4), (4, 6), (1,), (0,), (7,), (1, 3), (1, 7), (4,), (5,), (3, 5), (5,), (1,), (5,), (2, 6))",18.3211,181.0776,199.3987,4178.287104562102,4609.903299140827,76.55081587139274,834.7502256405029,911.3010415118956,194.72127999422665,813.9487322457028,-2.345762537957039,-10.682782618648202,11.960496455052608,-8.53728450230505,2.402110342491601
441,mobile,GGBLBGGBBGLBBG,"((2, 6), (1, 2), (1,), (5,), (0,), (4, 6), (3, 5), (0,), (1,), (4, 0), (3,), (3,), (6,), (0, 0))",15.6702,221.06675,236.73695,4423.947079587078,4288.039024695728,69.32413552654543,947.9428510626544,1017.2669865891996,227.83827988375282,918.7177228201369,-3.7588851745564806,-9.687649856748923,10.726827329133426,-6.160324195065373,3.9056957947485516
442,mobile,GGBLBGGBBGLBBG,"((0, 4), (2, 6), (6,), (1,), (0,), (2, 1), (3, 3), (0,), (5,), (2, 5), (5,), (5,), (5,), (4, 6))",17.5047,180.46597,197.97067,4350.336818736819,4585.395922487544,76.1513409109424,827.5079229857595,903.659263896702,196.1444543656558,823.7767325779754,-0.9224677748194763,-8.83989513638827,9.69710944235307,-7.9911430813338,0.9310564707273192
443,mobile,GGBLBGGBBGLBBG,"((0, 7), (3, 4), (2,), (2,), (5,), (0, 3), (4, 1), (6,), (6,), (4, 0), (1,), (3,), (6,), (3, 7))",12.4007,171.26119999999997,183.6619,5231.2375,4734.351715754339,64.87100686625,810.810756062147,875.681762928397,180.44245031284504,787.4611751179358,-1.7529219109434038,-10.074503266510858,11.203166657359164,-8.470054802061698,1.7841974998528358
444,mobile,GGBLBGGBBGLBBG,"((1, 0), (0, 0), (3,), (5,), (3,), (3, 2), (2, 0), (0,), (6,), (1, 4), (1,), (7,), (5,), (2, 1))",52.9154,205.7028,258.6182,3415.6529122286324,4403.046042979484,180.74064011174292,905.7188995698,1086.459539681543,256.82146828136337,1000.0969410795025,-0.6947429525983229,-7.948993537978842,8.635422733002358,-7.305001568968116,0.6996033979013824
445,mobile,GGBLBGGBBGLBBG,"((3, 1), (3, 2), (5,), (4,), (4,), (2, 6), (1, 0), (1,), (1,), (2, 0), (3,), (0,), (6,), (1, 0))",36.5807,203.99589,240.57659,3603.438947139816,4288.202411333855,131.81631909363745,874.7756674001959,1006.5919864938332,235.67790161932564,928.0477020560274,-2.0362282051941842,-7.802991230974497,8.463388709847147,-5.886628209721581,2.0785522728333192
446,mobile,GGBLBGGBBGLBBG,"((0, 2), (0, 4), (4,), (4,), (6,), (1, 0), (3, 3), (1,), (6,), (4, 7), (1,), (5,), (4,), (3, 6))",24.6301,176.67549999999997,201.3056,3899.7167204445886,4660.299189631834,96.05041279622226,823.360689477799,919.4111022740212,204.93363856919123,843.447810416209,1.8022541693779175,-8.262168215059486,9.006282418390201,-9.886247084167998,-1.7703479987578163
447,mobile,GGBLBGGBBGLBBG,"((4, 4), (2, 2), (0,), (4,), (5,), (2, 1), (1, 7), (4,), (7,), (0, 3), (0,), (2,), (2,), (2, 2))",19.585,214.7679,234.3529,4191.356851481853,4323.587251453853,82.08772393627208,928.567754461516,1010.655478397788,216.2937534089544,881.1252280402373,-7.705962499736772,-12.816459528117095,14.700549505959168,-5.537190881226468,8.34936113799852
448,mobile,GGBLBGGBBGLBBG,"((2, 0), (1, 3), (1,), (2,), (4,), (3, 6), (1, 0), (7,), (7,), (3, 0), (2,), (3,), (2,), (3, 7))",45.6182,168.00859999999997,213.6268,3664.157568876936,4717.132985616137,167.15227280854182,792.5189089271872,959.6711817357292,222.84804319164732,902.8370343126052,4.316519833488737,-5.922252173950849,6.295061596182294,-9.815101216741915,-4.137906287881168
449,mobile,GGBLBGGBBGLBBG,"((4, 3), (0, 2), (4,), (1,), (2,), (4, 5), (4, 6), (0,), (1,), (1, 7), (4,), (0,), (1,), (3, 7))",19.9422,209.54970999999995,229.49191,4402.571885336886,4351.081739682044,87.79696905176525,911.7679167366676,999.5648857884328,229.3604833819555,928.3352974064719,-0.05726851898373502,-7.126059487951768,7.672829911881818,-7.072841480533996,0.05730133460943509
450,mobile,GLGGBGLGBGGLLL,"((3, 6), (1,), (4, 2), (0, 4), (0,), (3, 3), (3,), (2, 4), (7,), (3, 4), (0, 4), (0,), (4,), (2,))",16.5593,216.92448,233.48378,4471.996183816186,4259.748787762339,74.05312640666737,924.0437907159755,998.096917122643,224.96111721373495,903.7520407086386,-3.650216210421574,-9.452476487552529,10.439243527464448,-6.02207918785028,3.7885048277777074
451,mobile,GLGGBGLGBGGLLL,"((1, 6), (5,), (1, 3), (3, 1), (7,), (0, 4), (4,), (2, 7), (5,), (2, 2), (1, 7), (3,), (4,), (0,))",15.4492,197.30878,212.75798,4397.303636363636,4408.422946734928,67.93482333890907,869.8205533442735,937.7553766831826,199.7130970680265,824.7965760819548,-6.131324865922062,-12.045657472075531,13.695352754471637,-6.300645660232975,6.531811445260462
452,mobile,GLGGBGLGBGGLLL,"((0, 4), (2,), (2, 5), (3, 2), (1,), (4, 4), (0,), (0, 5), (0,), (4, 7), (1, 7), (3,), (1,), (4,))",19.6434,210.33421000000004,229.97761000000003,4015.237565449256,4293.655695315445,78.87291759314591,903.1026786861752,981.9755962793208,220.76482090281715,893.72880942946,-4.00595044760352,-8.98665783388361,9.874000470701628,-5.188558467430271,4.173123715774658
453,mobile,GLGGBGLGBGGLLL,"((4, 7), (5,), (3, 7), (2, 3), (1,), (4, 1), (0,), (0, 6), (1,), (0, 1), (3, 5), (2,), (2,), (2,))",15.1784,208.1737,223.3521,4921.052700077699,4297.350868285317,74.69370630285935,894.5954304491671,969.2891367520264,217.0399166443909,886.9387853584919,-2.8261132783659106,-8.49595319612069,9.284784108324837,-5.83473617145386,2.908305280061134
454,mobile,GLGGBGLGBGGLLL,"((1, 2), (5,), (0, 1), (3, 2), (0,), (2, 7), (1,), (0, 6), (7,), (4, 1), (1, 5), (0,), (2,), (4,))",29.6577,216.99292,246.65062,3699.525410495937,4285.597149141244,109.71941476686534,929.944239335834,1039.6636541026992,235.62011225453062,935.8967169854054,-4.472118393811205,-9.980817998956761,11.08743467457978,-5.766588259389049,4.681479708979009
455,mobile,GLGGBGLGBGGLLL,"((3, 0), (1,), (0, 6), (0, 6), (7,), (0, 6), (2,), (3, 6), (5,), (0, 7), (0, 4), (5,), (2,), (0,))",54.0419,247.4257,301.4676,3497.4695794127224,4175.699474918746,189.0099012636644,1033.1753655714033,1222.1852668350678,297.6519124855282,1143.0636546852272,-1.2657040141201874,-6.473782191363782,6.9218902924202155,-5.274842064998785,1.2819294465837918
456,mobile,GLGGBGLGBGGLLL,"((4, 2), (0,), (3, 5), (4, 3), (4,), (0, 5), (2,), (0, 2), (3,), (4, 2), (0, 0), (1,), (1,), (1,))",30.2241,222.40827,252.63237,3870.35543062201,4184.044102114695,116.97800957066268,930.5660103550326,1047.5440199256952,248.08699920300052,971.6970350116767,-1.799203640055901,-7.240458011435028,7.805620700808976,-5.540947296837393,1.8321680747487308
457,mobile,GLGGBGLGBGGLLL,"((0, 4), (4,), (3, 4), (1, 5), (0,), (0, 6), (0,), (3, 6), (4,), (1, 1), (2, 3), (0,), (2,), (4,))",21.0228,220.09420000000003,241.117,4029.390031912532,4187.307817678445,84.70906076289077,921.6021642856832,1006.311225048574,225.65082182324568,897.8372798000938,-6.414387279517542,-10.779363535693859,12.081693163000786,-4.664153099273336,6.854031397620667
458,mobile,GLGGBGLGBGGLLL,"((1, 4), (3,), (3, 7), (4, 7), (2,), (2, 4), (2,), (4, 6), (5,), (2, 3), (3, 1), (3,), (2,), (1,))",20.018,154.03384,174.05184,4015.401863822452,4775.114621772814,80.38031450999785,735.5292416318141,815.9095561418119,171.61835123888824,729.3804649364766,-1.398140209900545,-10.605230757990505,11.86336834684367,-9.337643902143139,1.4179653536727044
459,mobile,GLGGBGLGBGGLLL,"((2, 5), (3,), (2, 3), (2, 2), (6,), (4, 1), (2,), (0, 4), (5,), (0, 4), (3, 6), (5,), (1,), (0,))",17.2881,202.10503,219.39313,4180.536713286711,4324.580811415646,72.27353675297199,874.0195346285834,946.2930713815554,213.97001233808587,865.726162202381,-2.4718721419919336,-8.513948967369,9.306280980837466,-6.195214609444557,2.534522292472116
460,mobile,LLBLLGGLLGLLLL,"((2,), (1,), (2,), (5,), (1,), (1, 1), (4, 0), (3,), (2,), (2, 0), (1,), (4,), (4,), (2,))",58.7327,166.42400000000004,225.15670000000003,3327.418159117305,4231.430820192437,195.42825251398887,704.2116428197062,899.6398953336951,209.6598453794304,792.0629869889999,-6.882697526020597,-11.95777431644388,13.581862820486668,-5.450197391447689,7.391427095886809
461,mobile,LLBLLGGLLGLLLL,"((0,), (0,), (5,), (5,), (1,), (2, 5), (4, 5), (3,), (4,), (4, 7), (0,), (4,), (4,), (2,))",117.302,161.108,278.41,3222.9666546221024,4396.467969356871,378.06043452048186,708.3061616071468,1086.3665961276288,274.06796411845363,1001.2466685035572,-1.5595833057528083,-7.835285798319179,8.501394341844858,-6.37512792337979,1.5842916539014926
462,mobile,LLBLLGGLLGLLLL,"((4,), (1,), (1,), (2,), (2,), (0, 1), (3, 1), (2,), (5,), (1, 2), (3,), (2,), (2,), (2,))",40.6569,177.3944,218.0513,3474.840045682288,4119.312529255333,141.2762242533002,730.7429745397322,872.0191987930325,206.6353289471784,785.5841775866242,-5.2354519568659255,-9.912054840769978,11.002642832235177,-4.934970915257675,5.524694693297009
463,mobile,LLBLLGGLLGLLLL,"((4,), (5,), (2,), (5,), (5,), (3, 6), (1, 3), (5,), (3,), (1, 7), (2,), (3,), (3,), (5,))",40.0394,139.0094,179.0488,3521.760826210826,4622.750414645185,141.00919042498575,642.6057614895783,783.614951914564,170.43596978514802,686.3827915278259,-4.810325573168869,-12.408155325415374,14.165879679225075,-7.981779324276068,5.053411099610796
464,mobile,LLBLLGGLLGLLLL,"((4,), (0,), (6,), (0,), (0,), (2, 0), (0, 7), (2,), (0,), (1, 6), (3,), (3,), (3,), (2,))",40.4373,196.24840000000003,236.68570000000005,3469.1785256410267,4078.335977705063,140.2842127949039,800.3669102870545,940.6511230819584,225.8116308953123,854.9097886560465,-4.594307600622997,-9.115104667603877,10.029284441894237,-4.738498252343689,4.815548721548829
465,mobile,LLBLLGGLLGLLLL,"((1,), (3,), (1,), (3,), (2,), (4, 7), (0, 2), (2,), (1,), (3, 6), (5,), (3,), (4,), (1,))",79.7467,156.60769999999997,236.3544,3254.23913243091,4339.205401012845,259.5148318222281,679.5529776801992,939.0678095024272,226.34383463905226,848.2830809973752,-4.23540469775377,-9.667537060306111,10.702173665695538,-5.672380638593815,4.422725000180146
466,mobile,LLBLLGGLLGLLLL,"((3,), (1,), (5,), (4,), (1,), (0, 2), (3, 5), (1,), (3,), (3, 0), (4,), (3,), (3,), (4,))",47.5799,157.9056,205.4855,3401.634778225807,4304.473646661444,161.84944258450608,679.7004938602632,841.5499364447693,196.5906007258702,754.7913992351284,-4.328723571312726,-10.309374815731424,11.49437278929754,-6.251250602762304,4.524580138260552
467,mobile,LLBLLGGLLGLLLL,"((1,), (4,), (7,), (4,), (3,), (3, 3), (4, 0), (5,), (1,), (2, 6), (0,), (4,), (3,), (0,))",79.862,157.66349999999997,237.5255,3248.8717343976773,4417.955392329567,259.4613944524673,696.5503099985525,956.0117044510198,228.47874318772386,857.1954382952795,-3.808751823394174,-10.33630296529524,11.527857212149671,-6.786013556988647,3.9595617019142453
468,mobile,LLBLLGGLLGLLLL,"((4,), (0,), (6,), (1,), (4,), (0, 0), (3, 0), (1,), (1,), (2, 3), (4,), (4,), (5,), (5,))",40.0422,172.4009,212.4431,3511.154558404558,4225.461118092449,140.59435305854697,728.4732996741446,869.0676527326916,205.35628385241236,788.1862302492372,-3.335865531800104,-9.306688866986518,10.261714729256104,-6.1768755992437505,3.450985776836933
469,mobile,LLBLLGGLLGLLLL,"((0,), (4,), (2,), (2,), (4,), (3, 2), (4, 3), (1,), (5,), (4, 1), (2,), (2,), (4,), (2,))",117.316,146.8393,264.1553,3225.5319597069592,4422.843553488233,378.4065073849816,649.4472514037246,1027.8537587887065,258.01960218473494,941.7409649566667,-2.322761578232606,-8.377922743943747,9.143999999617968,-6.199152702869357,2.377996773621908
470,mobile,LBLGBBBGGBBLGL,"((4,), (1,), (5,), (3, 1), (7,), (4,), (6,), (3, 0), (3, 5), (1,), (0,), (1,), (2, 1), (5,))",40.0514,165.41521,205.46661,3502.3598978288624,4570.771052770203,140.27441721190291,756.0750535559042,896.3494707678071,205.34484372619556,821.7095947343553,-0.05926329042195207,-8.327095454133065,9.083486004271576,-8.272734858596213,0.05929843262429938
471,mobile,LBLGBBBGGBBLGL,"((0,), (6,), (0,), (2, 1), (3,), (6,), (6,), (2, 3), (2, 1), (0,), (4,), (2,), (2, 6), (1,))",117.37,199.80426,317.17426,3207.338695522833,4246.225944536895,376.4453426935149,848.4140326409954,1224.8593753345103,305.85608749636066,1124.0954929191562,-3.5684397919425574,-8.226567428431157,8.963996657764469,-4.830501162107487,3.700489532932388
472,mobile,LBLGBBBGGBBLGL,"((1,), (0,), (0,), (0, 1), (7,), (3,), (5,), (4, 2), (3, 4), (2,), (0,), (1,), (4, 5), (3,))",79.7541,203.54287,283.29697,3259.684511634417,4258.731795526744,259.97320450934245,866.8344922217665,1126.807696731109,279.9886911715928,1052.7761723760707,-1.1677776957541046,-6.5700229568723385,7.0320288678221505,-5.466076887847285,1.1815758752840775
473,mobile,LBLGBBBGGBBLGL,"((2,), (5,), (1,), (3, 1), (3,), (3,), (7,), (4, 0), (0, 0), (3,), (0,), (3,), (2, 2), (0,))",59.85,198.95969,258.80969,3288.329568151148,4269.608849785198,196.80652465384625,849.4800531745195,1046.2865778283658,255.6291801810464,974.0718392337459,-1.2288990489318987,-6.9020037267902445,7.413697397455583,-5.743688815080471,1.2441888741735294
474,mobile,LBLGBBBGGBBLGL,"((3,), (0,), (3,), (2, 4), (6,), (5,), (3,), (4, 7), (3, 7), (6,), (2,), (1,), (1, 5), (0,))",49.0165,174.1429,223.1594,3367.4161409352155,4550.05698335225,165.058953272151,792.3601182462126,957.4190715183636,213.47775169934337,850.9481572282108,-4.338445210310044,-11.120617654012404,12.512033005272617,-7.089757696927298,4.5352024853119115
475,mobile,LBLGBBBGGBBLGL,"((4,), (2,), (5,), (1, 7), (2,), (5,), (2,), (1, 6), (0, 4), (6,), (6,), (3,), (0, 7), (4,))",40.0547,193.16774,233.22244,3484.7772079772085,4445.581123858383,139.58170563236467,858.7428586823839,998.3245643147486,223.33672722411572,895.9873117375806,-4.238748542329068,-10.250899981351496,11.421730111189413,-6.278271584284756,4.426371290900175
476,mobile,LBLGBBBGGBBLGL,"((2,), (7,), (1,), (3, 0), (0,), (0,), (7,), (4, 2), (3, 0), (0,), (2,), (5,), (3, 0), (2,))",58.7443,197.94243,256.68673,3310.6166666666672,4339.469246734992,194.4798586516667,858.9650876089939,1053.4449462606606,249.95376237091403,958.7584223279855,-2.6230291020832968,-8.98827454332352,9.87595224485898,-6.53670511882436,2.693685250112273
477,mobile,LBLGBBBGGBBLGL,"((0,), (5,), (0,), (0, 4), (4,), (0,), (6,), (3, 7), (4, 1), (6,), (0,), (4,), (2, 6), (3,))",117.321,214.38631,331.70731,3216.8186541528644,4246.390917785887,377.4003813238682,910.3680796816296,1287.7684610054978,319.146169047625,1176.3274301787662,-3.7868146325671908,-8.653809609509903,9.473640414029608,-5.058553002227216,3.93585829021829
478,mobile,LBLGBBBGGBBLGL,"((3,), (3,), (4,), (0, 5), (1,), (0,), (1,), (0, 7), (1, 0), (3,), (4,), (3,), (1, 5), (5,))",47.5887,231.83946,279.42816,3409.765927419356,4111.702322716146,162.26632779018152,953.254846179257,1115.5211739694385,263.125063189309,1008.6870537062541,-5.834450189519549,-9.577058934975557,10.591403931540498,-3.9744989043110404,6.195949794019245
479,mobile,LBLGBBBGGBBLGL,"((4,), (7,), (4,), (1, 2), (4,), (1,), (6,), (3, 0), (0, 4), (2,), (2,), (2,), (0, 5), (0,))",41.7948,212.33272,254.12752000000003,3431.797950963467,4219.313327337617,143.43130900092794,895.8982753258465,1039.3295843267745,242.82958693592806,938.1496853811243,-4.4457731551749955,-9.735111986751482,10.78504853994016,-5.535431561982179,4.652617997103038
480,mobile,LGGLBBGBBLBBGL,"((2,), (2, 1), (4, 2), (5,), (6,), (4,), (4, 3), (3,), (2,), (3,), (4,), (4,), (1, 6), (1,))",59.2565,149.52060999999998,208.77711,3314.011506968641,4690.1144804530495,196.37672286268727,701.2687780871729,897.6455009498602,203.0564805347973,799.2942919860229,-2.7400654531537034,-10.956575714997191,12.304755576254916,-8.447990737528134,2.8172602273692835
481,mobile,LGGLBBGBBLBBGL,"((0,), (2, 7), (2, 2), (1,), (1,), (6,), (3, 6), (2,), (7,), (5,), (0,), (3,), (1, 4), (1,))",117.36,186.51958,303.87958000000003,3209.9400677688163,4408.464005815024,376.71856635334825,822.2648548097359,1198.983421163084,294.1375280722349,1090.8626345701516,-3.205892257638748,-9.017704889367762,9.911494185107605,-6.004304153718145,3.3120737743375144
482,mobile,LGGLBBGBBLBBGL,"((1,), (0, 2), (4, 1), (4,), (1,), (2,), (0, 7), (7,), (4,), (1,), (4,), (5,), (3, 6), (0,))",79.8723,178.64522,258.51752,3235.51870259499,4477.918546458622,258.4283204692778,799.9587438741808,1058.3870643434586,252.86578865709797,967.5189497061472,-2.186208247279343,-8.58552770518591,9.391869240898046,-6.542348827540033,2.2350715661920253
483,mobile,LGGLBBGBBLBBGL,"((3,), (1, 4), (1, 4), (4,), (1,), (0,), (2, 3), (4,), (6,), (2,), (4,), (1,), (0, 7), (4,))",47.6041,191.77192,239.37602,3404.742278225806,4298.922594714352,162.0796918868891,824.4126399197531,986.4923318066424,227.21062680192762,882.5432579239476,-5.082126939061144,-10.537240942595517,11.778354539495275,-5.747193681881273,5.354236009690533
484,mobile,LGGLBBGBBLBBGL,"((2,), (3, 2), (2, 2), (0,), (7,), (1,), (1, 0), (1,), (2,), (5,), (6,), (3,), (1, 0), (0,))",60.005,194.22433,254.22933,3292.9392476383264,4289.321904087384,197.59281955453773,833.0906729756964,1030.6834925302342,242.56465134104556,924.1442209371285,-4.588250560607796,-10.33675928306191,11.528424804200966,-6.024948453655288,4.808894698574152
485,mobile,LGGLBBGBBLBBGL,"((5,), (1, 7), (1, 3), (3,), (1,), (0,), (4, 4), (4,), (4,), (1,), (7,), (6,), (1, 6), (2,))",34.6716,175.22324999999995,209.89485,3617.0904314888007,4528.572341377341,125.4103126044071,793.5111635162469,918.921476120654,203.46552624845094,821.4040462420635,-3.063116485015735,-10.612161366635261,11.872041576217487,-7.787587766273323,3.159908152547777
486,mobile,LGGLBBGBBLBBGL,"((1,), (4, 1), (3, 7), (3,), (1,), (6,), (0, 3), (6,), (1,), (4,), (0,), (4,), (1, 4), (1,))",79.8327,179.96325000000002,259.79595,3254.633091436865,4420.017516448752,259.8261471987518,795.4407173170459,1055.2668645157978,252.6085113744662,962.3493003969141,-2.7665706973237323,-8.80512477396116,9.655284633195084,-6.210368306398103,2.8452875900444856
487,mobile,LGGLBBGBBLBBGL,"((5,), (0, 4), (0, 7), (1,), (1,), (7,), (0, 3), (1,), (6,), (1,), (2,), (6,), (2, 4), (4,))",34.2367,192.3164,226.5531,3628.2209486166016,4389.810023025026,124.218312151502,844.23246031209,968.450772463592,218.55721815675886,869.4995934888706,-3.529363245632541,-10.217471221898517,11.380244420549909,-6.9327913666571614,3.658484451200387
488,mobile,LGGLBBGBBLBBGL,"((0,), (1, 5), (2, 6), (3,), (4,), (6,), (1, 5), (1,), (4,), (3,), (1,), (6,), (1, 4), (0,))",117.454,188.86502,306.31902,3209.472576546262,4345.718186125682,376.9653920056646,820.7541521369907,1197.7195441426552,294.36908445488865,1088.5012578120795,-3.901140564210271,-9.118853145938742,10.033822703164136,-5.429526023890827,4.059507664413943
489,mobile,LGGLBBGBBLBBGL,"((1,), (4, 0), (1, 2), (4,), (5,), (7,), (2, 1), (1,), (6,), (0,), (4,), (5,), (1, 3), (5,))",79.7007,161.50366000000002,241.20436000000004,3276.919514641851,4640.02448704585,261.17277916061573,749.3809371475274,1010.5537163081432,237.23895867697885,917.8836902985896,-1.644000681837253,-9.170222672388466,10.096053235177092,-7.652021272444534,1.6714798214994733
490,mobile,GGGGGBGLGGBLGG,"((4, 2), (2, 5), (1, 2), (1, 4), (0, 4), (2,), (2, 5), (3,), (3, 0), (1, 0), (1,), (4,), (2, 1), (0, 5))",22.707,238.34194,261.04894,4047.973387720811,4144.476026937448,91.91733171497646,987.8024565437636,1079.71978825874,251.9021735373881,997.9861780660267,-3.5038512175578673,-7.569890918135785,8.189853926745053,-4.213680806832106,3.6310788168941
491,mobile,GGGGGBGLGGBLGG,"((1, 3), (0, 2), (4, 1), (4, 4), (0, 6), (4,), (3, 2), (1,), (1, 1), (3, 4), (7,), (5,), (3, 2), (4, 4))",20.1852,177.43219000000002,197.61739000000003,3965.815665445665,4687.8894476562455,80.05078237015383,831.7824911755381,911.833273545692,197.17435621895694,841.2860964420806,-0.22418764919579404,-7.736850491240189,8.385634494848475,-7.529543147822691,0.22469137951747553
492,mobile,GGGGGBGLGGBLGG,"((3, 6), (3, 2), (4, 4), (0, 6), (4, 1), (4,), (2, 6), (4,), (0, 3), (3, 6), (0,), (3,), (4, 7), (2, 5))",13.6414,202.73887,216.38027,4692.788055555557,4484.787224086369,64.01619898105558,909.2406940017072,973.2568929827628,219.64576174464216,917.3948652196755,1.5091448701132326,-5.73970019281196,6.089202139768993,-7.1410758825724505,-1.4867082882475988
493,mobile,GGGGGBGLGGBLGG,"((4, 7), (1, 3), (3, 1), (3, 2), (4, 5), (0,), (0, 7), (3,), (2, 7), (3, 4), (3,), (2,), (2, 2), (2, 1))",14.6049,192.00538,206.61028,4841.735199800199,4477.697300487536,70.71305841956193,859.7419717050836,930.4550301246456,204.72880997931995,862.8499303066369,-0.9106371767561813,-7.265810558190246,7.835093617494232,-6.413577805289203,0.9190059869297932
494,mobile,GGGGGBGLGGBLGG,"((3, 2), (0, 1), (4, 1), (2, 4), (0, 7), (0,), (2, 0), (3,), (4, 0), (4, 0), (7,), (1,), (3, 6), (0, 1))",27.1627,241.60808,268.77078,3724.0509816821473,4264.336725953574,101.15527960013767,1030.2982088311292,1131.4534884312668,252.12893852542078,1009.5351377598453,-6.19183434842851,-10.775374499968038,12.076682238317922,-4.886078007925262,6.6005281154591895
495,mobile,GGGGGBGLGGBLGG,"((0, 5), (0, 2), (2, 1), (4, 4), (0, 3), (1,), (0, 2), (2,), (0, 0), (1, 2), (3,), (5,), (0, 6), (3, 5))",15.0722,242.67344,257.74564,4385.987341269842,4162.4590768855005,66.10647840508732,1010.1182630470288,1076.2247414521162,249.1397819157229,1001.6538508505283,-3.3388956974314246,-6.928932938390888,7.444776510195402,-3.714045341052517,3.4542287940141936
496,mobile,GGGGGBGLGGBLGG,"((0, 4), (0, 1), (4, 2), (2, 6), (4, 7), (5,), (2, 0), (5,), (3, 4), (4, 7), (2,), (5,), (3, 7), (1, 0))",20.2091,181.5737,201.7828,3905.843245308611,4742.62301510702,78.93357672876624,861.1356085581375,940.0691852869038,203.14648587958092,855.6292508486663,0.6758186919702339,-8.982310638388483,9.868752658290349,-9.593296042527276,-0.6712820424515054
497,mobile,GGGGGBGLGGBLGG,"((1, 1), (3, 2), (1, 4), (0, 5), (2, 3), (2,), (1, 2), (2,), (2, 2), (3, 7), (6,), (2,), (2, 7), (1, 1))",35.432,214.499,249.93100000000004,3508.5514590916337,4311.005085948814,124.31499529853478,924.7062799309346,1049.0212752294694,242.9364646563964,964.8716773054688,-2.79858654732852,-8.021724621895133,8.721325322658394,-5.373520702052151,2.8791623988998722
498,mobile,GGGGGBGLGGBLGG,"((3, 5), (0, 3), (4, 0), (0, 6), (0, 4), (2,), (2, 1), (5,), (0, 1), (1, 3), (4,), (3,), (0, 7), (0, 3))",16.0133,271.31967,287.33297,4277.428172660671,4088.2915468178953,68.49574055726713,1109.2339133464206,1177.7296539036877,278.43242616682346,1096.597775379456,-3.0976409818812396,-6.888837200907107,7.3985083998695576,-3.912387951584318,3.1966620970517723
499,mobile,GGGGGBGLGGBLGG,"((3, 1), (0, 3), (3, 5), (1, 3), (1, 0), (1,), (4, 5), (0,), (3, 6), (0, 2), (4,), (0,), (1, 4), (0, 1))",35.5042,269.07124,304.57544,3600.879794935804,4034.182963284444,127.84635641535976,1085.4826123178198,1213.3289687331794,293.14137309891356,1123.516975931934,-3.754100101139623,-7.40211394565292,7.993826059169976,-3.7903057152011677,3.9005298979848475
500,mobile,BGLLGLGLLGLGBL,"((5,), (0, 3), (4,), (4,), (0, 1), (0,), (1, 4), (0,), (1,), (2, 1), (1,), (2, 6), (4,), (1,))",19.4417,211.01302,230.45472,4198.767338935577,4060.25015252641,81.6311749733838,856.7656466400584,938.3968216134424,216.6303003788462,850.0376305617355,-5.998757422349094,-9.415972967575236,10.394738759190686,-3.6352876318664653,6.381572474846547
501,mobile,BGLLGLGLLGLGBL,"((1,), (4, 0), (4,), (4,), (3, 0), (1,), (3, 3), (5,), (0,), (2, 5), (5,), (2, 5), (2,), (2,))",41.9095,167.45011999999994,209.35961999999995,3510.7409688013136,4397.279374635242,147.13339863197865,736.3249589561959,883.4583575881745,204.72570992084465,808.7291620283236,-2.21337337121423,-8.458711711535598,9.24032408729115,-6.386699854193457,2.26347246808765
502,mobile,BGLLGLGLLGLGBL,"((0,), (1, 6), (1,), (3,), (2, 3), (1,), (3, 7), (5,), (4,), (4, 4), (2,), (0, 0), (2,), (0,))",61.4416,202.59875000000005,264.04035000000005,3383.861261881749,4162.538143460345,207.90985010803368,843.3250246923868,1051.2348748004206,257.24784824374746,977.2329915495383,-2.572524144984882,-7.039519428513228,7.5725936282136805,-4.584944076941729,2.6404503682443052
503,mobile,BGLLGLGLLGLGBL,"((6,), (4, 5), (0,), (1,), (4, 0), (5,), (2, 7), (1,), (2,), (1, 5), (0,), (3, 3), (5,), (2,))",17.6083,173.52102000000002,191.12932,4516.496294220487,4370.021782994328,79.5278216975226,758.2906372073944,837.818458904917,190.2694419973181,777.6555756536491,-0.44989329877902035,-7.180897318722803,7.736443373494587,-6.761423209867065,0.4519264857538355
504,mobile,BGLLGLGLLGLGBL,"((4,), (0, 5), (4,), (1,), (3, 1), (0,), (4, 5), (1,), (3,), (3, 2), (0,), (3, 4), (1,), (5,))",22.6696,181.15493,203.82453,4054.973148127673,4275.603832116886,91.9246192787951,774.5467129148662,866.4713321936614,202.84241026811458,805.875508193616,-0.48184569928135396,-6.993402060589102,7.519253704070492,-6.543083929823973,0.484178693492796
505,mobile,BGLLGLGLLGLGBL,"((2,), (0, 2), (2,), (2,), (0, 3), (3,), (4, 4), (5,), (3,), (4, 3), (5,), (0, 5), (1,), (0,))",31.9899,209.32270000000003,241.31260000000003,3610.5463617541886,4176.335640419163,115.5010170578803,874.2018523587683,989.7028694166486,229.05987251307116,893.7427454850531,-5.077533243986792,-9.695851845731879,10.73688423389842,-4.86535881290982,5.349137477682695
506,mobile,BGLLGLGLLGLGBL,"((6,), (0, 1), (2,), (0,), (0, 2), (1,), (2, 5), (1,), (5,), (0, 1), (3,), (1, 2), (3,), (0,))",17.7758,236.26913,254.04493,4402.576369806663,3972.858324917685,78.25931703440928,938.6637800415588,1016.923097075968,237.23425081863306,921.9594242658522,-6.617207114256103,-9.338333752392058,10.300200888529828,-2.9139486558999317,7.08610966728358
507,mobile,BGLLGLGLLGLGBL,"((0,), (1, 0), (4,), (0,), (1, 3), (4,), (3, 6), (4,), (4,), (2, 6), (3,), (3, 0), (1,), (3,))",61.5409,185.43357000000003,246.97447000000005,3398.9140284106134,4220.895747445016,209.1722283310147,782.6957670465479,991.8679953775626,237.1924251971071,905.7202002751159,-3.9607514100113073,-8.685409298810358,9.511524097207825,-4.9195073453454325,4.124096625245975
508,mobile,BGLLGLGLLGLGBL,"((5,), (1, 3), (2,), (3,), (3, 7), (2,), (0, 5), (0,), (0,), (3, 2), (4,), (4, 4), (1,), (5,))",19.5516,177.77666999999997,197.32827,4301.427009518261,4338.114632415235,84.09978031929724,771.2155734290543,855.3153537483515,192.99471276671565,784.1518311809278,-2.196115758418372,-8.320150252834257,9.07522239159372,-6.261545276963774,2.2454279555951286
509,mobile,BGLLGLGLLGLGBL,"((1,), (3, 4), (2,), (3,), (0, 3), (0,), (2, 6), (4,), (5,), (0, 2), (1,), (3, 6), (6,), (0,))",41.8833,199.19321,241.07651,3487.727577084473,4171.973359936999,146.0775404293021,831.0287656003362,977.1063060296384,233.59515513402863,897.5075919181204,-3.1033114200845957,-8.146371957720591,8.868862484093578,-5.204574698625259,3.2027012125653185
510,mobile,BLBBLBBLGLGLGL,"((1,), (0,), (5,), (6,), (4,), (7,), (6,), (3,), (0, 5), (4,), (2, 0), (0,), (3, 3), (4,))",42.0074,186.2209,228.2283,3517.767294679274,4394.781326528895,147.77225785451012,818.4001339294047,966.1723917839148,228.15131233885984,900.5555427325115,-0.03373274091782283,-6.791422484164559,7.286263416058183,-6.759970066435375,0.03374412373565605
511,mobile,BLBBLBBLGLGLGL,"((3,), (4,), (2,), (3,), (5,), (4,), (1,), (4,), (3, 5), (3,), (0, 6), (2,), (0, 4), (1,))",26.2286,191.8683,218.0969,3754.563312380775,4265.484177831138,98.4769392951104,818.4111978773582,916.8881371724684,208.79118996123532,830.8065718528738,-4.26677776656371,-9.388447928343354,10.361204188312392,-5.349940221682865,4.456945736308327
512,mobile,BLBBLBBLGLGLGL,"((1,), (4,), (6,), (2,), (3,), (7,), (5,), (2,), (4, 5), (4,), (4, 0), (1,), (2, 7), (3,))",41.9175,151.96442000000002,193.88192,3510.417188675247,4708.745304426004,147.14791250629463,715.5617491148212,862.7096616211159,189.2761902264043,773.0633608124009,-2.375533403834508,-10.391248040535535,11.596242346100444,-8.210764080134672,2.4333381647668033
513,mobile,BLBBLBBLGLGLGL,"((0,), (3,), (0,), (0,), (1,), (5,), (1,), (4,), (4, 4), (4,), (3, 7), (3,), (3, 0), (4,))",61.4228,186.28615,247.70895,3407.845255374707,4317.168871343407,209.31939755182955,804.2287679424086,1013.548165494238,242.5157253809732,934.6456676559109,-2.096502616892437,-7.784780292099072,8.441969033699634,-5.810086286241384,2.141397062342507
514,mobile,BLBBLBBLGLGLGL,"((6,), (3,), (1,), (3,), (5,), (6,), (3,), (2,), (3, 6), (4,), (1, 6), (5,), (0, 4), (3,))",17.5992,172.51109999999997,190.1103,4490.887106447475,4476.691731315748,79.0360203637904,772.279014930184,851.3150352939743,182.5052245979225,762.2644466058658,-4.000348956409773,-10.46035662430862,11.682374677793764,-6.729199114448409,4.167045309980716
515,mobile,BLBBLBBLGLGLGL,"((4,), (0,), (3,), (1,), (1,), (1,), (0,), (1,), (1, 2), (1,), (1, 6), (1,), (1, 1), (2,))",22.6923,225.7871,248.4794,3954.340418892253,3998.207911244529,89.73307908762868,902.7437694769596,992.4768485645884,242.5650105841148,934.5523020096476,-2.3802332973619587,-5.836362494371188,6.198106454864077,-3.54039895171746,2.4382698071922704
516,mobile,BLBBLBBLGLGLGL,"((2,), (5,), (5,), (4,), (4,), (0,), (6,), (5,), (2, 7), (3,), (1, 3), (4,), (2, 2), (4,))",31.5912,174.26797,205.85917,3660.7261471861466,4451.275470632029,115.646731860987,775.7147401778384,891.3614720388254,199.6236490975565,803.3727714452823,-3.029022657792466,-9.871270337979169,10.952412593626965,-7.055974754220135,3.123638371822474
517,mobile,BLBBLBBLGLGLGL,"((2,), (4,), (2,), (0,), (5,), (7,), (5,), (1,), (4, 3), (2,), (1, 3), (3,), (2, 2), (3,))",31.9194,180.95540000000005,212.8748,3652.6436787125936,4381.283411741015,116.59019463829875,792.8168922849602,909.4070869232588,207.10222135460077,822.6844869833341,-2.7117247534227733,-9.536169355500407,10.541416704953797,-7.014662953764018,2.78730889878549
518,mobile,BLBBLBBLGLGLGL,"((4,), (0,), (3,), (7,), (5,), (4,), (6,), (4,), (1, 2), (1,), (3, 4), (4,), (4, 3), (3,))",22.5167,166.18448,188.70118,3983.294385473487,4539.642892063939,89.69064468939088,754.4181934033419,844.1088380927328,191.2098276179339,784.9469499462263,1.329428686102502,-7.008798566803662,7.537055612555668,-8.228830815513893,-1.3119867577866187
519,mobile,BLBBLBBLGLGLGL,"((0,), (5,), (6,), (5,), (0,), (1,), (5,), (3,), (2, 2), (3,), (4, 3), (0,), (0, 2), (0,))",61.3651,196.9656,258.3307,3368.2265896095764,4262.826143021048,206.6915614940506,839.6301089558265,1046.321670449877,248.46418761982216,954.9377540028128,-3.8193340474739643,-8.733826224565606,9.5696202254032,-5.109646651352364,3.970999794656393
520,mobile,GLBLBBLBGLLBGB,"((2, 0), (2,), (7,), (4,), (6,), (4,), (3,), (7,), (2, 3), (4,), (1,), (2,), (2, 1), (2,))",51.0861,165.17845,216.26455,3437.7768053744207,4537.185728262278,175.6226096570382,749.4453059564842,925.0679156135224,211.69457734331954,837.7815790858464,-2.1131399744805504,-9.435667917396753,10.418746211025454,-7.480603567227702,2.158757543075395
521,mobile,GLBLBBLBGLLBGB,"((4, 7), (5,), (2,), (2,), (7,), (2,), (2,), (5,), (2, 4), (4,), (3,), (7,), (2, 3), (2,))",15.3616,158.79677,174.15837000000002,4622.443026418027,4654.45732590318,71.00812079462315,739.1127894562624,810.1209102508856,166.4954395430965,714.0986483099134,-4.3999782823550335,-11.852830944856752,13.446638243642111,-7.795869214877124,4.602486697493001
522,mobile,GLBLBBLBGLLBGB,"((1, 0), (2,), (0,), (5,), (2,), (7,), (3,), (2,), (2, 5), (4,), (0,), (5,), (4, 2), (6,))",46.4901,179.07797,225.56807,3535.3263856307326,4455.364837174397,164.3576772006113,797.8576906505715,962.2153678511828,227.3524025923259,894.0593458733184,0.7910395262617983,-7.083239808367462,7.623210057861362,-7.812479533537864,-0.7848312012455191
523,mobile,GLBLBBLBGLLBGB,"((1, 0), (1,), (1,), (4,), (7,), (6,), (0,), (5,), (3, 1), (1,), (5,), (7,), (3, 1), (2,))",51.3711,169.90165000000002,221.27275,3427.7149813456026,4561.708053890309,176.08548907820307,775.0417251742525,951.1272142524556,220.3232968752652,871.0631281288161,-0.42908723497800244,-8.417810459410143,9.191536587667306,-8.02314953492971,0.43093632775126095
524,mobile,GLBLBBLBGLLBGB,"((0, 4), (2,), (5,), (0,), (4,), (3,), (0,), (7,), (1, 3), (5,), (4,), (3,), (0, 6), (7,))",17.2025,182.5269,199.7294,4407.420392385392,4463.521007623474,75.81864930000971,814.7126526063893,890.531301906399,194.17284364769793,805.5550909718738,-2.782042279355001,-9.542192481343767,10.548777096300691,-6.9536023595702305,2.861654723656277
525,mobile,GLBLBBLBGLLBGB,"((1, 3), (0,), (4,), (0,), (4,), (4,), (3,), (3,), (0, 1), (1,), (3,), (7,), (2, 7), (6,))",20.3574,191.50784000000004,211.86524000000003,4059.225764235762,4347.071995578816,82.6352825728531,832.4983681977889,915.133650770642,211.57305291680402,848.6113929345927,-0.13791176088914445,-7.269130337413597,7.838954130230091,-7.141066947698284,0.1381022200927051
526,mobile,GLBLBBLBGLLBGB,"((1, 1), (4,), (0,), (4,), (5,), (2,), (1,), (4,), (4, 2), (5,), (4,), (3,), (0, 6), (0,))",36.0324,197.30335,233.33575,3512.369119951495,4280.010249144307,126.55908907774028,844.4603601905063,971.0194492682466,218.49609476166373,858.2531844150844,-6.359786375785221,-11.61318292214868,13.139044153971223,-5.610192825323674,6.7917256162053725
527,mobile,GLBLBBLBGLLBGB,"((4, 0), (2,), (4,), (2,), (2,), (6,), (3,), (7,), (3, 0), (4,), (4,), (4,), (2, 2), (5,))",40.5526,148.42135000000002,188.97395,3818.696909333528,4729.653602614107,154.8580882854388,701.9815727323493,856.8396610177881,192.5811454618741,792.0187516607194,1.9088321230910845,-7.565115424287413,8.184264478732468,-9.296493100750416,-1.8730782046304764
528,mobile,GLBLBBLBGLLBGB,"((1, 2), (4,), (5,), (2,), (1,), (1,), (5,), (0,), (3, 2), (3,), (2,), (6,), (1, 3), (2,))",26.1609,191.15185,217.31275,3679.76045335813,4267.198454855485,96.26584524425672,815.6828789627673,911.948724207024,205.67180115963944,813.0853861203163,-5.356772136177262,-10.840887811173083,12.159035173223296,-5.794514619563294,5.659963482949736
529,mobile,GLBLBBLBGLLBGB,"((1, 1), (4,), (6,), (4,), (5,), (0,), (4,), (3,), (0, 4), (1,), (3,), (3,), (4, 1), (5,))",32.5609,193.50833,226.06923,3626.590055985514,4297.4891957962045,118.0850361539387,831.5999574715665,949.6849936255052,218.17248978614623,858.7110565448388,-3.4930628170201556,-9.579380288338077,10.59424312605389,-6.306611368028496,3.619494016681105
530,mobile,BGGGGBGBGGGLBB,"((2,), (1, 5), (3, 4), (1, 0), (4, 0), (1,), (4, 6), (3,), (2, 7), (3, 5), (1, 3), (2,), (2,), (2,))",30.1397,197.71916,227.85886,3666.139001355237,4350.756056286429,110.49632965914644,860.2278328138653,970.7241624730118,223.66857351869425,896.6117346306789,-1.8389833431562626,-7.634756680365762,8.265832910703566,-5.904353412995563,1.873435510132376
531,mobile,BGGGGBGBGGGLBB,"((4,), (1, 2), (2, 1), (0, 6), (2, 4), (4,), (2, 7), (1,), (2, 5), (3, 3), (0, 5), (3,), (6,), (4,))",19.7612,210.93737,230.69857,4093.5450492562986,4271.240700671052,80.89336242736357,900.9642800365089,981.8576424638724,222.76768264628922,903.1326399452681,-3.4377704871385952,-8.017965040334342,8.716881556110643,-4.743256836862585,3.5601606388766167
532,mobile,BGGGGBGBGGGLBB,"((6,), (2, 2), (4, 2), (2, 1), (1, 6), (4,), (0, 4), (3,), (2, 6), (4, 2), (0, 7), (5,), (1,), (1,))",17.5489,202.45528,220.00418,4427.97906981907,4391.278270968952,77.70616189834787,889.037471906935,966.7436338052828,208.7697937175596,870.5394586441415,-5.106442196889349,-9.95136371185231,11.051098741805296,-5.105637966504972,5.381231682222741
533,mobile,BGGGGBGBGGGLBB,"((3,), (1, 7), (0, 4), (1, 6), (3, 6), (4,), (3, 2), (1,), (2, 1), (3, 4), (2, 1), (5,), (6,), (1,))",25.7072,202.86281,228.57001,3768.663005902765,4342.189670384356,96.88177362534356,880.8687980871441,977.7505717124876,222.34788443119592,896.7140679084351,-2.722196830985865,-8.288054862716221,9.037050572103587,-5.721611560306344,2.798374081553039
534,mobile,BGGGGBGBGGGLBB,"((3,), (2, 4), (4, 5), (1, 5), (4, 2), (7,), (1, 5), (1,), (4, 0), (4, 0), (1, 2), (4,), (3,), (3,))",23.0517,176.85594999999995,199.90765,3839.320347397698,4595.618159905442,88.5028608521075,812.7624155073286,901.265276359436,194.18514238601674,816.5672354417997,-2.862575601275516,-9.397681586021486,10.372451555910262,-6.727691232496573,2.946933809491763
535,mobile,BGGGGBGBGGGLBB,"((4,), (4, 2), (4, 0), (1, 7), (0, 5), (7,), (3, 5), (4,), (3, 1), (3, 2), (4, 2), (0,), (6,), (4,))",19.7756,163.26754,183.04314,4086.226790986791,4806.523969764096,80.80758652783838,784.7493444944183,865.5569310222567,181.32270559590117,784.1467278385348,-0.9399065182660353,-9.405528425215564,10.382011464630542,-8.54594580865254,0.9488245823625654
536,mobile,BGGGGBGBGGGLBB,"((5,), (4, 1), (3, 1), (2, 2), (3, 6), (0,), (4, 4), (0,), (2, 4), (4, 5), (0, 7), (4,), (4,), (3,))",17.5601,194.96978,212.52988,4308.319621767121,4478.9399015987965,75.65452339019282,873.2579272479389,948.9124506381318,217.9534404689884,895.032411736627,2.5519049222577075,-5.678083248383047,6.019898072401821,-8.02519287855231,-2.4884032375529728
537,mobile,BGGGGBGBGGGLBB,"((1,), (3, 3), (1, 1), (1, 7), (4, 1), (3,), (3, 6), (6,), (2, 1), (4, 2), (0, 6), (1,), (4,), (0,))",41.4637,213.41223,254.87593000000004,3492.2810799819867,4312.925288942361,144.80289501604912,920.4310037365836,1065.2338987526327,249.0450439508163,984.0654589976551,-2.287735075330076,-7.619776262286076,8.248276475190353,-5.456880148123349,2.3412977655300247
538,mobile,BGGGGBGBGGGLBB,"((3,), (4, 4), (2, 2), (3, 2), (1, 6), (6,), (0, 2), (5,), (0, 3), (4, 0), (1, 6), (0,), (2,), (1,))",26.0038,207.79918,233.80298,3767.81595502236,4331.836004476951,97.97753253121044,900.1519696247867,998.1295021559972,228.13732096915103,925.4953931325996,-2.4232621119067677,-7.277022557344035,7.848132963422656,-4.974300791858658,2.4834424314183394
539,mobile,BGGGGBGBGGGLBB,"((6,), (4, 6), (3, 1), (1, 6), (1, 1), (4,), (3, 5), (6,), (0, 6), (3, 3), (3, 6), (4,), (3,), (4,))",15.5254,175.05423,190.57963,4643.485187590188,4627.845245637541,72.0919649314127,810.1238860342405,882.2158509656532,190.24889034194888,816.6258956644633,-0.17354407606475544,-7.434683386089316,8.031824076289103,-7.2737624939398176,0.17384577510894736
540,mobile,BBGLGBLBLLLGBG,"((6,), (2,), (0, 6), (0,), (0, 7), (7,), (3,), (3,), (3,), (0,), (5,), (3, 5), (2,), (4, 6))",15.876,190.40906,206.28506,4812.153282828283,4487.760559696282,76.39774551818182,854.510269676843,930.9080151950247,193.87853965629216,818.8797463965406,-6.014260239548044,-12.03430059359993,13.680674029546077,-6.405269958395379,6.399119967430184
541,mobile,BBGLGBLBLLLGBG,"((0,), (3,), (0, 2), (2,), (1, 6), (6,), (4,), (1,), (2,), (3,), (3,), (2, 0), (0,), (3, 3))",56.2782,208.23104000000004,264.50924000000003,3451.9626548688243,4197.2729611674185,194.27024468323864,874.0025138677713,1068.27275855101,249.89742459214716,961.7575879711009,-5.524122865368662,-9.970784121125089,11.075053829792035,-4.706663108742345,5.847125248169538
542,mobile,BBGLGBLBLLLGBG,"((4,), (2,), (3, 4), (4,), (3, 3), (5,), (2,), (7,), (4,), (5,), (5,), (1, 0), (4,), (2, 0))",23.0362,164.24223000000003,187.27843000000004,3928.6205274829226,4652.188196070523,90.50048819520212,764.0857637023001,854.5862518975023,179.74331220810922,756.6991493598268,-4.023484066953586,-11.454326853530505,12.936066152643178,-7.742355215061886,4.192154745188277
543,mobile,BBGLGBLBLLLGBG,"((7,), (4,), (2, 6), (5,), (2, 5), (1,), (0,), (5,), (3,), (5,), (0,), (4, 2), (2,), (0, 2))",15.9516,207.12356,223.07516,4767.8861013986025,4329.331923856877,76.05541193506994,896.7066404908853,972.7620524259552,205.0509957434639,844.6217787736077,-8.079861628939826,-13.172828168284374,15.171320095298443,-5.540642811899849,8.790088627068103
544,mobile,BBGLGBLBLLLGBG,"((0,), (5,), (3, 3), (1,), (4, 1), (6,), (3,), (1,), (3,), (5,), (5,), (0, 1), (1,), (1, 3))",60.8175,209.19529,270.01279,3407.3757438001985,4273.009662124401,207.2280742985686,893.893495440916,1101.1215697394846,255.5067980157218,987.3195819150721,-5.372335134301669,-10.335097499846174,11.526357818577274,-5.244515303836324,5.677340914970728
545,mobile,BBGLGBLBLLLGBG,"((7,), (3,), (4, 2), (3,), (3, 0), (1,), (2,), (0,), (2,), (0,), (3,), (1, 7), (5,), (3, 6))",14.699,195.37494,210.07394,5034.676994949495,4372.964204733016,74.00471714876262,854.3676191218608,928.3723362706236,196.3254158322933,821.6766792874198,-6.544611943635991,-11.492765651744026,12.985114421859112,-5.29466926521534,7.002926294296543
546,mobile,BBGLGBLBLLLGBG,"((1,), (4,), (2, 7), (3,), (4, 6), (7,), (2,), (4,), (2,), (5,), (3,), (2, 7), (4,), (1, 6))",41.4912,173.69521999999998,215.18642,3573.061674469847,4597.255669636094,148.25061654776331,798.5213349336886,946.771951481452,204.22244888002905,833.2412605369508,-5.095103640820341,-11.991344987233218,13.625188324368445,-7.266475820502631,5.368641488777653
547,mobile,BBGLGBLBLLLGBG,"((2,), (4,), (3, 7), (2,), (2, 0), (4,), (2,), (3,), (2,), (2,), (1,), (4, 6), (2,), (3, 7))",27.1662,159.99574,187.16194,4018.05751282902,4586.349975765322,109.15535400501574,733.7964582715548,842.9518122765705,189.29433629256587,777.7861247992573,1.1393322235096977,-7.730653938725088,8.378355617250453,-8.770065974563531,-1.1264976725294809
548,mobile,BBGLGBLBLLLGBG,"((0,), (6,), (3, 3), (3,), (0, 3), (6,), (2,), (0,), (5,), (1,), (3,), (0, 5), (0,), (2, 7))",57.7589,226.81262000000004,284.57152,3468.217129823831,4199.948824177875,200.32040637978167,952.6013966777036,1152.9218030574852,269.726659189136,1039.3227551954765,-5.2165658780133795,-9.85314420811111,10.930103020850623,-4.89176022481991,5.5036683639249
549,mobile,BBGLGBLBLLLGBG,"((3,), (4,), (2, 1), (4,), (0, 7), (6,), (2,), (3,), (2,), (3,), (5,), (1, 0), (6,), (3, 6))",23.177,167.94896,191.12596,4052.03693088774,4567.354371037,93.91405994718517,767.0824165671183,860.9964765143035,187.39790053278116,779.7618284129104,-1.9505772356716102,-9.434957089518768,10.41787955518855,-7.633272734135943,1.9893816614912856
550,mobile,LGGLLGLBGLGGLG,"((2,), (1, 0), (0, 4), (5,), (5,), (4, 2), (3,), (6,), (4, 0), (1,), (0, 6), (2, 1), (4,), (2, 2))",60.354,209.2136600000001,269.56766000000005,3322.80431691111,4353.452633355699,200.5445317428532,910.8017590609844,1111.3462908038375,262.9244771555201,1025.3337451621294,-2.464384208580492,-7.7394909537598044,8.38873645264719,-5.408390260702474,2.526650586643744
551,mobile,LGGLLGLBGLGGLG,"((1,), (2, 0), (2, 6), (2,), (2,), (1, 4), (4,), (1,), (4, 3), (0,), (3, 2), (3, 4), (3,), (1, 4))",80.6017,204.79687,285.39856999999995,3266.243242766008,4255.93564296364,263.2647579804529,871.602298600391,1134.8670565808438,278.9519675622655,1062.686585713519,-2.258806846065992,-6.36025783361727,6.792263291708041,-4.196235850212962,2.3110080542075617
552,mobile,LGGLLGLBGLGGLG,"((5,), (3, 0), (3, 6), (5,), (1,), (1, 4), (2,), (6,), (3, 2), (0,), (4, 1), (1, 0), (1,), (2, 7))",36.2987,189.42261,225.72131,3634.838689520625,4458.930471823563,131.9399191393023,844.6222477813507,976.562166920653,220.35494948088217,903.1432846530333,-2.377427509665711,-7.518096108425738,8.129261825362017,-5.265860617706025,2.4353256106840453
553,mobile,LGGLLGLBGLGGLG,"((5,), (3, 1), (2, 2), (5,), (5,), (1, 1), (3,), (0,), (0, 7), (1,), (2, 3), (3, 4), (0,), (0, 0))",35.5951,247.6936,283.2887,3576.916271409748,4097.893603856375,127.32069237245712,1015.0220191561594,1142.3427115286163,269.6432391236431,1050.0538605743836,-4.816803803454524,-8.078910997798298,8.788963539808362,-3.4271881221636953,5.060561103147051
554,mobile,LGGLLGLBGLGGLG,"((4,), (4, 4), (4, 0), (0,), (0,), (2, 6), (4,), (0,), (0, 4), (1,), (4, 7), (0, 3), (5,), (0, 7))",42.2837,267.14958,309.43328,3490.3813081554445,4114.714542696159,147.58623611965237,1099.244261901171,1246.8304980208234,291.32255081034725,1135.7825033464862,-5.852870508838859,-8.90642271348118,9.777223574684736,-3.2433832249011822,6.216727520501137
555,mobile,LGGLLGLBGLGGLG,"((3,), (1, 6), (1, 7), (3,), (4,), (4, 0), (0,), (7,), (2, 7), (1,), (2, 3), (3, 3), (5,), (0, 3))",49.5815,216.98288,266.56438,3383.732313049853,4308.867846278669,167.7705236794813,934.950554824943,1102.7210785044242,254.58350901665298,1003.8752511834826,-4.494550616007676,-8.963810454680177,9.846425360562574,-4.679586209477168,4.706067187786043
556,mobile,LGGLLGLBGLGGLG,"((0,), (0, 3), (3, 2), (1,), (0,), (4, 4), (0,), (6,), (0, 7), (0,), (2, 0), (3, 1), (0,), (4, 7))",117.894,227.05056000000008,344.9445600000001,3262.619197907357,4221.987017464602,384.6432277180899,958.604516628068,1343.247744346158,337.1992381548187,1266.4689994522294,-2.2453816477585162,-5.715903504554302,6.062425920187298,-3.5502382550258367,2.2969571009603684
557,mobile,LGGLLGLBGLGGLG,"((2,), (0, 3), (3, 7), (2,), (5,), (0, 4), (5,), (2,), (4, 6), (2,), (3, 6), (3, 1), (1,), (3, 5))",60.5667,190.32516000000004,250.89186000000004,3346.411588821961,4419.426646455724,202.68110677670305,841.1280835949493,1043.8091903716524,249.21417917662893,976.0710239139503,-0.6686868292064577,-6.489516195348282,6.939880889617927,-5.860014511368929,0.6731883510456432
558,mobile,LGGLLGLBGLGGLG,"((2,), (2, 2), (1, 0), (3,), (0,), (1, 2), (3,), (5,), (0, 7), (2,), (2, 5), (2, 7), (2,), (4, 4))",60.6232,208.71971,269.34291,3358.075095618973,4291.9924200520645,203.5772581367281,895.8234132354651,1099.4006713721933,262.25322990178597,1030.6178487047205,-2.632213373730181,-6.2563926381473856,6.673940564285684,-3.722154307900638,2.703371890164754
559,mobile,LGGLLGLBGLGGLG,"((4,), (4, 3), (3, 4), (2,), (1,), (1, 3), (4,), (2,), (0, 3), (2,), (2, 4), (0, 7), (4,), (4, 1))",41.9784,213.12154,255.09994,3475.5825607342845,4284.793808980719,145.89939496752808,913.1818551524368,1059.0812501199648,246.9899360667864,987.1821242669384,-3.1791477227370537,-6.788820578674409,7.283268617370606,-3.7281977704559353,3.2835361887055443
560,mobile,LGBGBLGGGBLGGG,"((2,), (2, 6), (4,), (3, 6), (7,), (2,), (3, 1), (1, 3), (1, 6), (7,), (4,), (0, 4), (2, 5), (0, 1))",59.9902,228.41376,288.40396,3301.5794057747885,4312.125522081991,198.0624088683107,984.9488040907106,1183.0112129590211,290.0625144102477,1128.4002650136113,0.5750803179844302,-4.616266299692423,4.839678759269976,-5.161662910199591,-0.5717920544196572
561,mobile,LGBGBLGGGBLGGG,"((1,), (3, 5), (7,), (4, 2), (0,), (4,), (4, 6), (3, 6), (0, 6), (6,), (4,), (1, 3), (1, 4), (4, 6))",80.8653,189.05739,269.92269,3301.5724014581897,4654.938338568771,266.982642715637,880.0504929007482,1147.0331356163852,271.64604303064766,1085.8143452078666,0.6384617131103992,-5.337142276680716,5.638053197464331,-5.937694086407777,-0.6344112402378114
562,mobile,LGBGBLGGGBLGGG,"((4,), (3, 6), (2,), (3, 7), (0,), (1,), (0, 0), (2, 4), (3, 5), (2,), (4,), (2, 0), (2, 5), (4, 5))",42.5575,189.90144,232.45894,3530.953539264673,4503.843512773057,150.26855524725633,855.2863686102619,1005.5549238575182,228.12882060185177,929.1575131231265,-1.862745910373781,-7.5975373320549595,8.222223859289626,-5.84364365487926,1.8981027415670015
563,mobile,LGBGBLGGGBLGGG,"((5,), (4, 2), (3,), (1, 3), (3,), (2,), (1, 5), (2, 3), (4, 7), (2,), (4,), (4, 5), (4, 2), (1, 7))",36.3055,184.28789,220.59339,3651.6066383399216,4653.757914504936,132.57340480825002,857.631226634915,990.204631443165,221.00071187726985,916.8321852090356,0.18464826950157076,-7.409826605960562,8.002821826919252,-7.5804776546528645,-0.18430794806491518
564,mobile,LGBGBLGGGBLGGG,"((5,), (1, 3), (5,), (0, 4), (6,), (1,), (4, 7), (2, 6), (3, 2), (5,), (5,), (0, 4), (0, 4), (4, 7))",36.528,210.40111,246.92911,3716.652143610013,4441.335824422024,135.76186950178655,934.461987341159,1070.2238568429457,245.62475235772564,1003.9687981846844,-0.5282316217291547,-6.1907663742151255,6.59931451834556,-5.692604891623623,0.5310367256369781
565,mobile,LGBGBLGGGBLGGG,"((4,), (3, 4), (4,), (1, 5), (7,), (4,), (0, 7), (2, 2), (0, 5), (5,), (1,), (3, 0), (2, 5), (0, 3))",42.3365,229.69268,272.02918,3465.3890888804685,4279.640329227703,146.71244516138796,983.0020566563934,1129.7145018177814,268.76616088196516,1057.553426877754,-1.1995106988282778,-6.387549670639419,6.8233975803067075,-5.251025585507504,1.2140736420564024
566,mobile,LGBGBLGGGBLGGG,"((2,), (0, 0), (7,), (0, 7), (0,), (4,), (0, 4), (2, 3), (0, 2), (4,), (0,), (3, 3), (0, 2), (2, 6))",60.5004,265.51859,326.01899000000003,3334.084169464468,4119.125578926874,201.71342588626808,1093.7044157495973,1295.4178416358654,316.15380260220337,1210.4401571064152,-3.0259548371083107,-6.559866770256896,7.020395352099963,-3.6441832731763535,3.12037600579152
567,mobile,LGBGBLGGGBLGGG,"((5,), (1, 4), (4,), (2, 3), (5,), (3,), (3, 0), (3, 4), (2, 3), (7,), (2,), (3, 5), (1, 3), (2, 6))",36.3021,179.95757000000003,216.25967000000003,3631.796696687371,4568.177208082022,131.84184686281463,822.0780696958252,953.91991655864,215.74642696269407,891.2642802912328,-0.23732720821499212,-6.568228126889685,7.029972776080918,-6.345961612203326,0.2378917901591494
568,mobile,LGBGBLGGGBLGGG,"((5,), (0, 7), (6,), (2, 5), (3,), (3,), (1, 6), (4, 5), (0, 7), (6,), (4,), (0, 2), (0, 5), (3, 2))",36.6208,220.73063,257.35143,3622.637654244308,4444.938394424125,132.66388900854997,981.1340521124256,1113.7979411209758,253.87002108466223,1040.6620403680859,-1.3527839792216296,-6.566352661711936,7.027824395999059,-5.285064184063906,1.3713351818633075
569,mobile,LGBGBLGGGBLGGG,"((3,), (3, 6), (1,), (3, 5), (6,), (5,), (1, 7), (0, 4), (0, 1), (3,), (5,), (0, 5), (2, 6), (2, 5))",49.6644,232.31979,281.98419,3405.8662301980903,4290.540429637286,169.15030280305004,996.7774515998442,1165.9277544028942,279.6470536908575,1100.1272904906705,-0.8288182075535945,-5.643614165949933,5.981168223076782,-4.855035375572247,0.8357450144016728
570,mobile,LLLLGGBGBLGLLG,"((3,), (2,), (5,), (1,), (2, 1), (0, 0), (5,), (2, 1), (7,), (5,), (4, 5), (0,), (0,), (3, 1))",49.3678,185.11405,234.48185000000004,3384.489910873439,4396.542431651357,167.08482102201776,813.8617755198309,980.9465965418486,220.75506755253147,868.0604592658881,-5.854091669555048,-11.507877969496034,13.004409551314849,-6.005344682741424,6.218105251061625
571,mobile,LLLLGGBGBLGLLG,"((3,), (3,), (2,), (3,), (3, 2), (2, 5), (4,), (3, 4), (5,), (4,), (1, 0), (2,), (4,), (3, 0))",49.4055,158.33731,207.74281,3377.3306799083266,4507.596490824309,166.85871090621086,713.7207029225607,880.5794138287715,197.91957358526844,786.6652464565824,-4.728556629580371,-10.665042345681126,11.938263167873718,-6.231128138805913,4.963246553529727
572,mobile,LLLLGGBGBLGLLG,"((4,), (2,), (3,), (4,), (0, 1), (2, 1), (2,), (3, 7), (1,), (4,), (1, 0), (4,), (5,), (4, 0))",42.0897,167.09977999999998,209.18948,3472.2931292264784,4528.134100545692,146.1477761212037,756.6502120116828,902.7979881328864,202.7033265887154,811.3299161039796,-3.1006116613916674,-10.13162116345382,11.273844365081235,-7.2559895605251565,3.199825834355939
573,mobile,LLLLGGBGBLGLLG,"((3,), (0,), (3,), (2,), (0, 4), (2, 7), (2,), (0, 1), (3,), (3,), (0, 3), (0,), (2,), (0, 0))",48.9496,264.10526000000004,313.05486,3358.866538367546,3940.194674367472,164.415173506476,1040.6261389244369,1205.041312430913,298.6796934447984,1109.1726788699818,-4.591900140186817,-7.9556304478505115,8.643255949885225,-3.5256234141610086,4.812903880209187
574,mobile,LLLLGGBGBLGLLG,"((4,), (1,), (4,), (2,), (0, 1), (1, 5), (5,), (3, 5), (3,), (3,), (0, 1), (2,), (2,), (1, 0))",41.4933,206.06292,247.55622,3439.2934676434666,4172.971559843399,142.70763564097064,859.8947046982854,1002.602340339256,238.52116548654692,915.788766981151,-3.649698041702639,-8.658824128490409,9.479650383164381,-5.198869110919684,3.7879466566511786
575,mobile,LLLLGGBGBLGLLG,"((2,), (5,), (3,), (0,), (3, 1), (1, 5), (5,), (3, 4), (1,), (3,), (4, 2), (1,), (3,), (0, 0))",59.9137,197.3652,257.2789,3292.85959176788,4261.600976435966,197.2874017233032,841.0917290344797,1038.379130757783,252.6084920245963,958.4918371383317,-1.8153093687059916,-7.693461015645763,8.33468690332954,-5.986831153762622,1.8488721174698113
576,mobile,LLLLGGBGBLGLLG,"((5,), (5,), (2,), (0,), (2, 3), (2, 4), (2,), (3, 1), (1,), (4,), (0, 5), (2,), (4,), (2, 3))",36.1303,195.33638,231.46668,3600.6907588932795,4233.263888120868,130.09403732604184,826.9104434902553,957.0044808162972,218.97273511866075,860.4519219198374,-5.397729332506625,-10.08903937566763,11.221145125811569,-4.95898249593812,5.7057080072406325
577,mobile,LLLLGGBGBLGLLG,"((3,), (5,), (5,), (1,), (1, 2), (4, 1), (5,), (2, 4), (7,), (2,), (1, 7), (0,), (0,), (3, 7))",49.7654,182.13075000000003,231.89615000000003,3440.194326986661,4428.961767164044,171.20264676022197,806.6501283749129,977.8527751351348,215.18454950198287,856.796782192211,-7.206501918215184,-12.379776999272146,14.128903779632369,-5.575040480204152,7.766171194304629
578,mobile,LLLLGGBGBLGLLG,"((4,), (5,), (1,), (5,), (2, 5), (2, 6), (7,), (1, 6), (3,), (2,), (0, 0), (1,), (4,), (0, 0))",41.456,217.1392,258.5952,3433.561568986568,4192.720351643766,142.34172840390718,910.403942979646,1052.7456713835531,243.69091127651825,936.4372741153014,-5.763559696189925,-11.048100261043617,12.420308384043564,-5.607746374774757,6.116062616126735
579,mobile,LLLLGGBGBLGLLG,"((2,), (3,), (0,), (1,), (2, 2), (3, 7), (3,), (0, 2), (1,), (0,), (0, 2), (5,), (2,), (2, 0))",59.8177,230.18144,289.99914,3294.9125087536936,4070.1985012342966,197.0940879748758,936.8841520999522,1133.978240074828,271.4486679343299,1017.5110642773685,-6.396733475026903,-10.270671136491478,11.446281017118354,-4.138677853118536,6.833878466538627
580,mobile,BGGGBGLBBBGLBB,"((7,), (2, 7), (4, 3), (0, 3), (7,), (4, 4), (1,), (2,), (3,), (5,), (1, 0), (4,), (6,), (7,))",13.1796,169.4734,182.653,5347.936349206349,4688.899290955143,70.48366190800002,794.6437050957574,865.1273670037574,177.41356907447465,767.4599041203484,-2.868516216829365,-11.289373866609498,12.726067167685349,-8.669544952672863,2.953230101202647
581,mobile,BGGGBGLBBBGLBB,"((4,), (3, 2), (4, 3), (4, 4), (6,), (1, 6), (5,), (7,), (0,), (3,), (2, 7), (1,), (4,), (7,))",18.7257,162.59148000000002,181.31718,4405.625556943057,4777.247861086527,82.4984224916486,776.7398000608929,859.2382225525415,176.15459661397327,755.9220233163626,-2.84726653372104,-12.024162394598461,13.667573645084797,-9.44584422224483,2.930711707364685
582,mobile,BGGGBGLBBBGLBB,"((3,), (1, 0), (3, 1), (2, 5), (7,), (2, 6), (3,), (4,), (5,), (2,), (2, 1), (1,), (0,), (6,))",23.4894,174.93968999999998,198.42909,4013.5369300797233,4452.962901953311,94.27557436541466,778.9999496492127,873.2755240146273,191.2498824164393,780.8154713272166,-3.618021724315067,-10.58772977654896,11.841472932170339,-7.231339485788704,3.7538363385386395
583,mobile,BGGGBGLBBBGLBB,"((1,), (0, 4), (4, 4), (3, 3), (1,), (0, 6), (4,), (7,), (0,), (4,), (4, 3), (0,), (3,), (0,))",41.2536,222.39092,263.64452,3505.6341490225022,4239.890397839382,144.6200289301147,942.9131262746662,1087.533155204781,253.54053766099437,982.3864166967766,-3.832426457794619,-9.668370845043842,10.70319547592634,-6.0685157920595625,3.9851545761552014
584,mobile,BGGGBGLBBBGLBB,"((6,), (4, 2), (1, 3), (3, 2), (6,), (2, 6), (3,), (1,), (1,), (6,), (4, 1), (4,), (2,), (7,))",14.838,155.84082,170.67882,4973.287997835498,4775.126702609359,73.7936473118831,744.1596609385388,817.9533082504219,170.58576573957848,738.8156081968523,-0.05452009828842545,-9.675087716540054,10.711427746729997,-9.62581562239003,0.05454983891423125
585,mobile,BGGGBGLBBBGLBB,"((3,), (0, 0), (1, 0), (0, 2), (7,), (4, 7), (2,), (6,), (2,), (1,), (4, 4), (0,), (4,), (4,))",24.1163,199.01827,223.13457,3887.365539509509,4345.987746968731,93.74887356047316,864.9309628429145,958.6798364033876,219.3340268136096,874.4315781842427,-1.7032516236235378,-8.787945153328073,9.634631264585211,-7.207454617499013,1.73276497112786
586,mobile,BGGGBGLBBBGLBB,"((1,), (2, 6), (0, 1), (3, 2), (0,), (1, 1), (1,), (0,), (2,), (2,), (3, 7), (0,), (0,), (7,))",40.2535,226.14885,266.40235,3667.6561203029855,4125.294237814439,147.63599563861624,932.930547793362,1080.566543431978,255.06872805471951,984.0962306720897,-4.254325063303869,-8.92775307048558,9.80293489123556,-4.881085239904186,4.443360043277873
587,mobile,BGGGBGLBBBGLBB,"((0,), (2, 0), (3, 3), (0, 3), (5,), (4, 7), (2,), (7,), (0,), (6,), (2, 6), (1,), (0,), (2,))",60.7494,205.55775,266.30715,3417.104578531224,4344.3062916140325,207.5870528830248,893.0058266150244,1100.5928794980491,261.9989565318894,1005.7804823303256,-1.6177535857037912,-8.614665689184257,9.42674856326994,-7.111966191558446,1.6443552009285163
588,mobile,BGGGBGLBBBGLBB,"((0,), (1, 3), (3, 7), (1, 0), (4,), (2, 2), (2,), (7,), (0,), (1,), (2, 3), (5,), (3,), (3,))",58.3134,199.81503,258.12843,3414.72388691116,4299.844986222556,199.1241599070053,859.1736549174096,1058.297814824415,252.44711721626408,971.5130476006393,-2.2009635992966388,-8.200410698020226,8.93294922164032,-6.134464427791071,2.250496201495097
589,mobile,BGGGBGLBBBGLBB,"((1,), (2, 2), (1, 3), (2, 5), (7,), (1, 0), (2,), (3,), (5,), (6,), (4, 3), (5,), (2,), (7,))",37.2222,160.43670000000003,197.6589,3677.038516409102,4722.265235398787,136.86746306548287,757.6246508921047,894.4921139575875,197.5573874227163,808.3847788677155,-0.05135745331158858,-9.62639398897539,10.651775904350947,-9.579956557380019,0.05138384274462497
590,mobile,LLBLLLBBBGLBBB,"((5,), (1,), (1,), (5,), (2,), (3,), (7,), (0,), (5,), (1, 4), (0,), (6,), (5,), (3,))",36.0303,184.0836,220.1139,3627.135012820512,4354.564609432469,130.6867626524269,801.6039297369229,932.2906923893496,203.0678123690568,800.4439746876584,-7.7442122605356545,-14.142232543777073,16.471698441248076,-6.935088236750849,8.39428338350517
591,mobile,LLBLLLBBBGLBBB,"((3,), (1,), (4,), (0,), (0,), (3,), (4,), (0,), (3,), (3, 1), (5,), (7,), (4,), (0,))",48.7903,200.13461,248.92491,3370.41541889483,4201.190232259828,164.44357941250442,840.8035686691301,1005.2471480816344,235.06516081536537,893.7379626549703,-5.567843404918631,-11.092713432658117,12.476720256506828,-5.850623587291088,5.896130730968223
592,mobile,LLBLLLBBBGLBBB,"((3,), (5,), (2,), (3,), (2,), (5,), (0,), (4,), (5,), (2, 0), (4,), (5,), (0,), (7,))",49.3821,161.81223999999995,211.19433999999995,3480.448984859095,4501.180633088308,171.87187981521032,728.346120884637,900.2180006998474,194.6891276060642,772.0304505855415,-7.815177430387458,-14.239611962285835,16.60395001480613,-6.969080541481787,8.47772682372513
593,mobile,LLBLLLBBBGLBBB,"((2,), (1,), (5,), (5,), (5,), (4,), (1,), (2,), (3,), (4, 1), (3,), (2,), (0,), (1,))",59.8761,173.16706999999997,233.04317,3313.386349527664,4320.257665910481,198.39265240295336,748.1263616507566,946.51901405371,222.07985838685633,846.5204239383442,-4.704412325469,-10.564879165722857,11.812897514053255,-6.149777742354104,4.936652829652809
594,mobile,LLBLLLBBBGLBBB,"((4,), (3,), (5,), (2,), (1,), (1,), (7,), (3,), (6,), (1, 4), (1,), (1,), (1,), (0,))",41.4286,195.2434,236.67200000000005,3444.077787952788,4187.305848572066,142.6833210459809,817.5438307150953,960.227151761076,217.51831614744165,830.9753986363513,-8.092923477453352,-13.460539299235018,15.554221380901264,-5.840263910978479,8.805549891980291
595,mobile,LLBLLLBBBGLBBB,"((4,), (3,), (4,), (4,), (3,), (5,), (2,), (7,), (2,), (3, 4), (3,), (1,), (6,), (2,))",41.9779,152.06853,194.04643,3473.3654761904777,4587.941695939595,145.80458862297624,697.6815494272412,843.4861380502174,179.96365746499177,720.120113909401,-7.257424181938425,-14.625732252812881,17.131312090573992,-7.9449034123543045,7.8253424793546005
596,mobile,LLBLLLBBBGLBBB,"((2,), (0,), (4,), (5,), (5,), (0,), (6,), (1,), (2,), (3, 5), (3,), (2,), (7,), (1,))",59.721,184.07089,243.79189,3312.4109311740885,4272.3292713317605,197.82049322064773,786.4114513470886,984.2319445677364,237.2247165118824,893.2209966615693,-2.693762080484954,-9.24690042916033,10.189073952171114,-6.734551133397713,2.7683344234447094
597,mobile,LLBLLLBBBGLBBB,"((3,), (0,), (2,), (0,), (1,), (5,), (7,), (7,), (2,), (1, 3), (2,), (2,), (2,), (6,))",49.4096,184.3298,233.7394,3447.9513043743896,4323.257219789106,170.36189476861682,796.905138672282,967.2670334408988,222.39689405440268,859.6544119671884,-4.852629015731755,-11.125430491608467,12.518125885895866,-6.5927218072203635,5.100118863540759
598,mobile,LLBLLLBBBGLBBB,"((2,), (4,), (4,), (4,), (0,), (4,), (3,), (7,), (7,), (1, 3), (0,), (1,), (6,), (6,))",60.3223,169.22150000000005,229.54380000000003,3371.344831309042,4524.535420360457,203.36727431767343,765.6486706365272,969.0159449542008,210.87547613266406,828.0028640521335,-8.132793770659879,-14.552194072382582,17.030506417812177,-6.987695136496392,8.85277141263762
599,mobile,LLBLLLBBBGLBBB,"((3,), (4,), (4,), (1,), (4,), (2,), (7,), (4,), (2,), (1, 1), (2,), (0,), (5,), (4,))",49.2971,179.4793,228.7764,3412.396425953079,4280.437407486246,168.22124784985152,768.2499095894462,936.4711574392976,208.04043168484324,801.5344796823302,-9.063858123109181,-14.40905859032973,16.834793908110665,-5.8779714609586975,9.967278065721999
600,mobile,LBLGLGLLLLBBBL,"((2,), (3,), (4,), (0, 6), (2,), (4, 3), (5,), (2,), (2,), (3,), (1,), (0,), (0,), (1,))",59.2829,199.86344000000005,259.14634,3301.0396058744413,4101.014453002268,195.69520085109392,819.6428560667518,1015.3380569178456,245.58763351519212,909.2885636086087,-5.232065590742237,-10.44474720381901,11.662908514802863,-5.500469800856551,5.520923953188033
601,mobile,LBLGLGLLLLBBBL,"((2,), (4,), (2,), (4, 0), (1,), (2, 0), (4,), (4,), (5,), (2,), (0,), (2,), (6,), (1,))",59.2676,171.75718,231.02478,3308.528112659697,4282.15834628529,196.08852076986983,735.4914418714247,931.5799626412946,216.3661360859795,819.5216157181044,-6.345052645010852,-12.028848989567454,13.673629197077295,-6.068869296368056,6.7749252166686045
602,mobile,LBLGLGLLLLBBBL,"((3,), (0,), (4,), (2, 4), (2,), (0, 4), (2,), (0,), (4,), (3,), (2,), (2,), (4,), (4,))",47.6236,185.75265,233.37625,3401.8617542838247,4139.999375957398,162.00890344131116,769.015855082433,931.024758523744,221.82656292595598,836.9123119606986,-4.948955634536083,-10.10847946860967,11.245197999604162,-5.428161119656523,5.206629414304736
603,mobile,LBLGLGLLLLBBBL,"((1,), (3,), (1,), (4, 4), (3,), (1, 2), (0,), (0,), (3,), (2,), (4,), (5,), (4,), (4,))",79.7224,168.13685999999998,247.85926,3261.4272482142346,4293.202035190257,260.00880765303447,721.8455095424994,981.854317195534,233.61774135825473,873.2721212803691,-5.74580858578585,-11.058890714592744,12.433947365222703,-5.636971734718675,6.096077532016618
604,mobile,LBLGLGLLLLBBBL,"((2,), (5,), (1,), (3, 1), (2,), (4, 0), (1,), (0,), (0,), (0,), (4,), (0,), (0,), (2,))",58.7577,204.98982,263.74752,3312.4924079429343,4050.596920387959,194.63443515818847,830.331133602882,1024.9655687610705,250.0406035144022,923.7948368014527,-5.196984026844239,-9.87064688250047,10.951645097943109,-4.929867270234965,5.481876260472361
605,mobile,LBLGLGLLLLBBBL,"((3,), (5,), (3,), (1, 4), (2,), (0, 2), (4,), (0,), (3,), (3,), (4,), (5,), (1,), (4,))",47.6209,177.98036,225.60126,3394.088205645163,4230.015229125964,161.62953503220774,752.8596332853215,914.4891683175292,211.0302721680023,800.5598505507137,-6.458735129403836,-12.458246823898625,14.23120553553145,-6.413759427771726,6.904690821039018
606,mobile,LBLGLGLLLLBBBL,"((3,), (1,), (0,), (1, 6), (2,), (1, 7), (2,), (3,), (0,), (5,), (4,), (6,), (1,), (3,))",47.6421,183.26569999999995,230.90779999999995,3385.293245967743,4240.844582243836,161.2824793537198,777.201350956124,938.4838303098438,216.30071216540725,827.1951306920972,-6.325939545824223,-11.858350247867802,13.453742108543814,-5.906022088953828,6.7531390388684915
607,mobile,LBLGLGLLLLBBBL,"((2,), (3,), (1,), (1, 1), (5,), (3, 3), (2,), (1,), (5,), (5,), (4,), (4,), (0,), (0,))",60.0448,179.21184999999997,239.25665,3296.0409549892847,4235.041005222014,197.91011993414065,758.9695333716967,956.8796533058372,225.52008944419745,844.6721626220559,-5.741349532312918,-11.726395299150294,13.284146873677413,-6.3495984051767405,6.091058490468343
608,mobile,LBLGLGLLLLBBBL,"((3,), (2,), (0,), (2, 3), (1,), (2, 7), (0,), (0,), (1,), (4,), (5,), (3,), (2,), (3,))",47.6258,183.1077,230.7335,3381.916404569892,4151.396470051237,161.06647430076475,760.1526594192009,921.2191337199656,212.78558328282958,808.2061885846828,-7.778634969421612,-12.267759211527276,13.983182352660434,-4.867770326992211,8.43474282433619
609,mobile,LBLGLGLLLLBBBL,"((2,), (4,), (3,), (2, 5), (2,), (1, 1), (3,), (5,), (2,), (2,), (6,), (3,), (0,), (2,))",58.7495,163.36489000000006,222.11439000000004,3305.155297860033,4323.819848975803,194.176221171628,706.360354007749,900.536575179377,213.34873301586785,806.2164681221552,-3.9464606431542735,-10.473767491168724,11.699104494468203,-6.7954881118592,4.108605127493429
610,mobile,GGBGBGGLGLLGBL,"((1, 5), (0, 1), (0,), (0, 0), (7,), (3, 3), (4, 6), (5,), (3, 7), (3,), (1,), (4, 6), (5,), (2,))",17.4261,197.85202,215.27812,4212.606831624257,4350.329462851583,73.40930790856747,860.7214718907007,934.1307797992682,206.61548578007776,837.7031522398529,-4.023926918314894,-10.322711727809278,11.510954363916023,-6.562869897931211,4.192635507070744
611,mobile,GGBGBGGLGLLGBL,"((1, 7), (0, 0), (3,), (4, 3), (4,), (1, 4), (0, 7), (4,), (2, 7), (5,), (4,), (1, 4), (0,), (2,))",14.3504,198.68372,213.03412,4795.992735042735,4300.868666648981,68.82441414495726,854.5125859212595,923.3370000662168,204.3460468883178,849.9948885662878,-4.0782542776162805,-7.943157427317353,8.628535593153664,-4.029225198722768,4.251647264030759
612,mobile,GGBGBGGLGLLGBL,"((2, 7), (1, 6), (1,), (1, 2), (4,), (0, 0), (1, 6), (5,), (4, 1), (1,), (0,), (3, 3), (7,), (1,))",14.2994,205.96847,220.26787,4760.679382006882,4213.373454787545,68.07485875506922,867.8220840212048,935.896942776274,204.813480534164,838.1908347552502,-7.016179647915054,-10.439836220768644,11.656785539721854,-3.6819917270444025,7.545591933465599
613,mobile,GGBGBGGLGLLGBL,"((3, 2), (4, 3), (7,), (4, 2), (0,), (2, 4), (2, 6), (2,), (2, 1), (3,), (0,), (1, 3), (2,), (5,))",28.6907,177.21081,205.90151,3780.535556292693,4417.615344142877,108.46621148492676,782.849193403988,891.3154048889148,201.83317536862592,822.794425473939,-1.97586439816497,-7.68762427297166,8.327837099225235,-5.826891346440752,2.0156917335040285
614,mobile,GGBGBGGLGLLGBL,"((4, 2), (4, 3), (1,), (2, 5), (6,), (4, 5), (4, 4), (4,), (2, 5), (0,), (2,), (3, 0), (1,), (1,))",28.6197,173.81564000000003,202.43534,3849.959098727211,4447.563861180565,110.18467441784315,773.0561589719713,883.2408333898145,194.65614158505304,795.174899421319,-3.8428065054979834,-9.97077248234831,11.075039470258009,-6.37286276164114,3.9963796423797477
615,mobile,GGBGBGGLGLLGBL,"((0, 0), (1, 7), (1,), (0, 7), (6,), (1, 7), (2, 7), (4,), (1, 3), (2,), (1,), (4, 7), (2,), (5,))",53.984,202.93801,256.92201,3417.024848045342,4343.853910696535,184.4646693968797,881.5330683674727,1065.9977377643525,250.40968224107033,982.0138455875315,-2.5347488753219984,-7.878430619651681,8.552210598066882,-5.482653235555739,2.600669311444686
616,mobile,GGBGBGGLGLLGBL,"((2, 1), (3, 0), (0,), (4, 2), (3,), (1, 6), (4, 6), (1,), (3, 7), (1,), (4,), (1, 7), (0,), (3,))",36.7045,196.99753000000004,233.70203000000004,3545.232170568562,4306.192386223618,130.12597420463382,848.309263790859,978.4352379954928,225.96705688478275,896.011224322713,-3.309758633768515,-8.424064309216904,9.19899343170431,-5.2893710918323755,3.4230534405558344
617,mobile,GGBGBGGLGLLGBL,"((1, 0), (3, 3), (5,), (1, 0), (7,), (1, 5), (0, 4), (0,), (1, 3), (5,), (5,), (1, 2), (6,), (1,))",53.9143,202.06562,255.97992,3399.0836650226283,4257.744398338849,183.25921644112947,860.3437616518665,1043.602978092996,253.37496923016568,979.628407147984,-1.0176387155032778,-6.130163700942516,6.530493652308686,-5.165086909519912,1.028101070026365
618,mobile,GGBGBGGLGLLGBL,"((0, 1), (1, 5), (6,), (3, 3), (4,), (0, 1), (4, 7), (3,), (3, 3), (4,), (4,), (1, 3), (6,), (4,))",36.7306,170.16845999999995,206.89906,3529.6492686733545,4471.275834469829,129.64613542793353,760.8701229869455,890.5162584148791,208.5108936748372,836.1222089456245,0.7790434982339768,-6.108147824956741,6.505514252258313,-6.833951865510023,-0.7730213258549528
619,mobile,GGBGBGGLGLLGBL,"((3, 0), (2, 6), (5,), (3, 6), (1,), (3, 7), (2, 3), (2,), (0, 2), (5,), (5,), (3, 5), (6,), (2,))",54.1127,167.89269000000002,222.00539,3510.88267160334,4512.456285929423,189.98334074367003,757.6084243521,947.59176509577,224.6979737184673,894.9306302517496,1.2128461018299106,-5.5573651844365894,5.884381768138454,-6.689083003806661,-1.1983124163998722
620,mobile,GBLLLBGLGGGBGB,"((2, 7), (6,), (4,), (2,), (5,), (0,), (2, 3), (2,), (3, 5), (0, 5), (0, 3), (6,), (4, 0), (0,))",17.2814,225.29352,242.57492,4532.32434176934,4218.489209117099,78.32490987985268,950.3982830040072,1028.72319288386,226.5078840074042,917.1886885269334,-6.623535521560022,-10.842032640895125,12.160475347341949,-4.517730611131801,7.09336721898411
621,mobile,GBLLLBGLGGGBGB,"((3, 4), (0,), (0,), (1,), (5,), (7,), (0, 3), (5,), (3, 7), (3, 1), (4, 0), (4,), (1, 3), (2,))",22.4696,191.43689,213.90649,3983.6840625632544,4462.028502028627,89.5117874121713,854.1968595197192,943.7086469318904,192.9221286090835,803.4566217445702,-9.810062981687228,-14.86179295307893,17.456079319227804,-5.601212439438746,10.877114793522171
622,mobile,GBLLLBGLGGGBGB,"((1, 5), (5,), (4,), (5,), (3,), (3,), (1, 2), (2,), (3, 5), (3, 5), (4, 0), (2,), (2, 5), (0,))",21.1996,184.31821,205.51781,4052.016182469491,4427.502557365701,85.90112226188023,816.0693461440683,901.9704684059484,181.04703585931333,757.1597005121678,-11.906887359634025,-16.054934497989112,19.12552501088288,-4.708707654920988,13.516252295730615
623,mobile,GBLLLBGLGGGBGB,"((1, 2), (6,), (3,), (2,), (2,), (2,), (4, 6), (3,), (4, 1), (2, 2), (4, 6), (1,), (4, 6), (2,))",29.3144,169.23373999999998,198.54814,3660.011623974151,4640.734568178314,107.29104474982783,785.3688673201009,892.6599120699287,188.4801790502868,778.8276412031888,-5.070790866997386,-12.752031241414434,14.615848853397612,-8.09154573662895,5.341655021999441
624,mobile,GBLLLBGLGGGBGB,"((1, 7), (6,), (3,), (5,), (0,), (5,), (4, 0), (1,), (3, 7), (1, 4), (1, 1), (1,), (1, 1), (0,))",16.9827,210.63258,227.61528,4618.78691058941,4290.797818227179,78.43947246646677,903.7818147115617,982.2212871780284,208.3273181583441,859.1613730499193,-8.47393103031392,-12.528736216017723,14.32325963296757,-4.4302188779098275,9.258489002865975
625,mobile,GBLLLBGLGGGBGB,"((4, 5), (4,), (3,), (0,), (5,), (3,), (1, 7), (5,), (2, 5), (2, 0), (2, 0), (5,), (4, 2), (1,))",19.7156,187.58011,207.29571,4266.108176872148,4433.833414762448,84.10888237194051,831.6989596628157,915.8078420347562,192.98450140512986,801.7990508752395,-6.903764962077677,-12.448986122046103,14.219122738429949,-5.956439761188629,7.415729496757263
626,mobile,GBLLLBGLGGGBGB,"((4, 2), (4,), (0,), (4,), (3,), (5,), (4, 3), (1,), (1, 2), (2, 5), (1, 5), (3,), (3, 1), (4,))",26.5931,188.784,215.3771,3944.6409217665705,4398.806805117579,104.90023049663058,830.4243438973169,935.3245743939476,199.5254261382081,818.5337773207362,-7.3599625316674375,-12.486659740431502,14.268292929278564,-5.533997339451142,7.9446886387360465
627,mobile,GBLLLBGLGGGBGB,"((1, 2), (7,), (5,), (3,), (5,), (5,), (0, 3), (2,), (1, 5), (2, 2), (3, 7), (2,), (2, 6), (6,))",28.8861,170.73923999999997,199.62534,3802.773421445386,4648.736914027887,109.84729332921356,793.7218076610667,903.5691009902804,189.89023771260176,789.7137256469736,-4.876686640783297,-12.600627358607692,14.417297261742625,-8.119923965070777,5.126699721200125
628,mobile,GBLLLBGLGGGBGB,"((3, 3), (0,), (1,), (1,), (5,), (1,), (2, 1), (2,), (3, 1), (3, 0), (3, 3), (1,), (2, 1), (4,))",23.4184,198.0989,221.5173,3945.8783857645617,4241.003461220208,92.4061583891888,840.1381205639158,932.5442789531046,199.03976222467267,804.5835792768196,-10.14708005890616,-13.72167548118322,15.903966097754498,-3.97827407792703,11.292988659198194
629,mobile,GBLLLBGLGGGBGB,"((1, 4), (6,), (0,), (1,), (0,), (6,), (0, 6), (5,), (3, 1), (0, 0), (1, 2), (2,), (3, 7), (3,))",20.8593,212.40586,233.26516,3972.3079365079366,4283.234573598005,82.85956294,909.7841231868176,992.6436861268176,214.7335763266828,866.8719232730504,-7.944428423566217,-12.670383604061822,14.50869032404353,-5.133806786014738,8.630035409611194
630,mobile,LBGGLLBBBGLLBG,"((4,), (6,), (3, 7), (0, 6), (4,), (2,), (6,), (2,), (7,), (3, 3), (4,), (2,), (4,), (4, 0))",42.1513,160.04654,202.19784,3474.363096150338,4775.65631709798,146.44892117476175,764.3272697806744,910.7761909554362,199.07910179181482,814.2282403234917,-1.5424191515523569,-10.600623027997939,11.857602801099851,-9.200108105833465,1.5665824188048623
631,mobile,LBGGLLBBBGLLBG,"((2,), (0,), (4, 3), (4, 3), (1,), (3,), (1,), (1,), (3,), (2, 0), (2,), (1,), (2,), (1, 5))",60.4329,203.8876,264.3205,3328.573006509467,4212.657476504841,201.155319645086,858.9086225066284,1060.0639421517144,251.91111186502678,964.4645785204274,-4.694826218538933,-9.018263882954054,9.912169483501897,-4.536414438872917,4.926097956973853
632,mobile,LBGGLLBBBGLLBG,"((4,), (1,), (1, 6), (3, 5), (1,), (3,), (2,), (6,), (6,), (4, 6), (4,), (1,), (5,), (3, 3))",42.3219,158.8583,201.1802,3479.760643837067,4694.614685493792,147.27008199240797,745.7785080925786,893.0485900849866,193.46305076189864,793.561132729239,-3.835938744519277,-11.14020653078685,12.536835947797417,-7.595631560175259,3.9889525197238354
633,mobile,LBGGLLBBBGLLBG,"((0,), (1,), (0, 4), (2, 1), (5,), (4,), (3,), (5,), (6,), (1, 4), (4,), (0,), (5,), (0, 7))",117.753,225.8445,343.5975,3219.0328855355165,4227.455682361687,379.05077937046366,954.747614855134,1333.7983942255978,329.87269443516954,1215.740776790668,-3.9944427898429087,-8.851234035521088,9.710755753918228,-5.058864702015757,4.1606370567685325
634,mobile,LBGGLLBBBGLLBG,"((5,), (4,), (1, 3), (1, 4), (3,), (2,), (4,), (6,), (4,), (0, 1), (5,), (1,), (6,), (1, 1))",35.4601,205.5423,241.0024,3587.1876976284584,4284.289862985971,127.2020344766749,880.6027923048214,1007.8048267814964,224.92855658368148,886.0934324968978,-6.669578152050979,-12.076881460599223,13.735729192984945,-5.793719991277486,7.146199513505737
635,mobile,LBGGLLBBBGLLBG,"((2,), (1,), (0, 4), (0, 4), (5,), (2,), (5,), (1,), (6,), (4, 6), (0,), (0,), (7,), (3, 7))",60.6564,210.063,270.7194,3366.9658051907445,4310.0340269188455,204.22802466597187,905.3786777966534,1109.6067024626252,261.1856343974171,1002.5645390861807,-3.5216410802413454,-9.64685623643752,10.676835176517558,-6.348796999429193,3.650187585767609
636,mobile,LBGGLLBBBGLLBG,"((2,), (6,), (2, 3), (4, 5), (1,), (5,), (6,), (5,), (7,), (3, 3), (2,), (1,), (5,), (1, 4))",60.4268,162.67248999999998,223.09929,3320.5869900595776,4723.163489538798,200.6524459309321,768.3287655203651,968.9812114512972,219.4982909752209,867.1987486870892,-1.614079105665957,-10.504069796334107,11.736924542188671,-9.03583623536539,1.6405590261227305
637,mobile,LBGGLLBBBGLLBG,"((0,), (1,), (1, 1), (1, 4), (1,), (4,), (2,), (0,), (4,), (2, 4), (2,), (0,), (1,), (1, 6))",117.807,237.8425999999999,355.6495999999999,3225.8539513118467,4024.153468533221,380.0281764421947,957.115123754959,1337.1433001971536,336.7413612441417,1225.4475518861411,-5.316535926332615,-8.353311742619033,9.1146902320786,-3.207292684099181,5.615062754987664
638,mobile,LBGGLLBBBGLLBG,"((3,), (6,), (2, 0), (1, 3), (0,), (5,), (4,), (7,), (5,), (3, 1), (4,), (5,), (7,), (4, 7))",49.7195,155.91828999999996,205.63779,3459.503601539591,4851.637203748732,172.0047893167477,756.4589765088837,928.4637658256312,195.87339885962894,805.5358169923595,-4.748344718337549,-13.239929586692991,15.260395160608686,-8.914894804972704,4.985052180244551
639,mobile,LBGGLLBBBGLLBG,"((1,), (0,), (4, 1), (2, 1), (5,), (1,), (0,), (4,), (7,), (2, 3), (0,), (1,), (6,), (1, 0))",80.0273,217.1844,297.2117,3240.9748406329136,4231.767826149313,259.3664658637824,919.0739562615428,1178.4404221253253,280.4126195835205,1053.5745351963703,-5.652227155418011,-10.595859118932673,11.85164245695079,-5.2397972039660745,5.990843222901364
640,mobile,LLGBLGLGBBGLBL,"((1,), (2,), (1, 2), (1,), (2,), (1, 7), (3,), (4, 4), (7,), (5,), (1, 3), (4,), (3,), (5,))",79.6866,185.32685000000004,265.01345000000003,3289.918212766767,4437.2381745981575,262.16239665346023,822.3393735980267,1084.501770251487,254.59655248733432,977.5830600620109,-3.9307052199296724,-9.858786137774816,10.93704612503146,-6.170630201268973,4.091531252444566
641,mobile,LLGBLGLGBBGLBL,"((2,), (3,), (0, 0), (2,), (3,), (3, 7), (2,), (2, 4), (3,), (2,), (3, 0), (3,), (1,), (2,))",58.7454,189.2198400000001,247.96524000000008,3313.6904413472694,4249.70172372289,194.66407045312187,804.1278802105699,998.7919506636918,239.3979620582782,911.0940387421166,-3.4550318188637514,-8.780398346552591,9.625560940191585,-5.515944153295979,3.5786762209931813
642,mobile,LLGBLGLGBBGLBL,"((0,), (3,), (4, 5), (2,), (2,), (0, 6), (2,), (1, 0), (3,), (6,), (1, 0), (1,), (7,), (1,))",117.38,211.56958999999995,328.94958999999994,3205.768692188534,4237.596441289775,376.2931290890901,896.5465416691364,1272.8396707582265,315.48858673587995,1156.5182989129798,-4.092117355768705,-9.138729293058125,10.057892897551032,-5.261936556361838,4.266716398013227
643,mobile,LLGBLGLGBBGLBL,"((2,), (2,), (2, 5), (5,), (4,), (0, 3), (3,), (2, 5), (3,), (3,), (0, 4), (0,), (4,), (1,))",59.2491,210.75787000000005,270.00697,3308.7983400809726,4166.436247517176,196.0433237312916,878.109229017513,1074.1525527488045,254.90654130591565,967.0154731710174,-5.592606996065461,-9.974102775589786,11.07914842628789,-4.6410515533902315,5.923907882757006
644,mobile,LLGBLGLGBBGLBL,"((3,), (3,), (0, 0), (3,), (3,), (4, 4), (3,), (4, 1), (2,), (3,), (0, 2), (1,), (7,), (2,))",47.913,201.00039000000004,248.91339,3382.966244239631,4272.337653000057,162.08806166025343,858.7415344646963,1020.8295961249496,235.16919192384566,907.4115430149686,-5.521678876397262,-11.110380570911524,12.499075417658661,-5.915327059212606,5.844387168113886
645,mobile,LLGBLGLGBBGLBL,"((1,), (0,), (0, 2), (7,), (5,), (3, 1), (0,), (1, 1), (1,), (1,), (0, 1), (3,), (5,), (1,))",79.8283,236.3648900000001,316.1931900000001,3247.43537735849,4077.317404968631,259.2372455343867,963.7346799204962,1222.971925454883,307.0911775492442,1136.1539583719239,-2.8786238093097016,-7.09893377566024,7.641391067049283,-4.34539761675565,2.963944624979114
646,mobile,LLGBLGLGBBGLBL,"((2,), (4,), (2, 4), (3,), (3,), (1, 7), (5,), (3, 1), (3,), (2,), (3, 3), (5,), (5,), (4,))",58.6915,162.26381,220.95531,3332.2259278002693,4539.309394129604,195.5733380414895,736.5656370602612,932.1389751017508,215.160725703528,842.4614343194054,-2.6225141620140335,-9.620619154193864,10.644705754963455,-7.186573910752936,2.693142197547886
647,mobile,LLGBLGLGBBGLBL,"((5,), (3,), (1, 3), (5,), (5,), (0, 1), (3,), (4, 2), (2,), (4,), (4, 5), (5,), (1,), (4,))",34.2724,167.90958,202.18198,3636.948083003952,4574.914745516818,124.64693947994463,768.1720134555358,892.8189529354804,195.3769475085043,795.6569950629691,-3.3657957506874365,-10.882604760243332,12.211538197414034,-7.778621522212588,3.483027336784211
648,mobile,LLGBLGLGBBGLBL,"((0,), (0,), (3, 0), (7,), (2,), (2, 7), (3,), (2, 0), (5,), (1,), (4, 6), (0,), (0,), (3,))",117.34,205.82029999999995,323.16029999999995,3216.294087894088,4288.199920812718,377.3999482734922,882.5985941616497,1259.998542435142,317.2414696524496,1172.470853053239,-1.831546247342369,-6.946650050304217,7.4652337116928535,-5.21053720154308,1.8657177304198804
649,mobile,LLGBLGLGBBGLBL,"((1,), (5,), (0, 5), (3,), (3,), (0, 4), (3,), (1, 0), (2,), (4,), (4, 6), (0,), (2,), (2,))",79.7812,208.76179,288.54299000000003,3254.3311283758794,4204.084016491814,259.6344426191817,877.6521045932205,1137.2865472124022,279.7127266459491,1045.8864036521272,-3.0602938418469083,-8.036685546338822,8.73901250089064,-5.133491632802291,3.156904392565583
650,mobile,LLLBBLLLGBGBLG,"((5,), (0,), (2,), (3,), (2,), (5,), (3,), (2,), (1, 2), (3,), (1, 3), (3,), (1,), (4, 2))",36.61,183.93158000000005,220.54158000000004,3624.562679487178,4306.79538589994,132.6952396960256,792.1556800652859,924.8509197613116,212.54424965425667,851.5103534491035,-3.6262233841543,-7.929987930501932,8.612997600691164,-4.465700834266155,3.762666060715607
651,mobile,LLLBBLLLGBGBLG,"((5,), (0,), (2,), (2,), (0,), (2,), (2,), (5,), (2, 0), (6,), (1, 7), (5,), (3,), (0, 1))",35.6386,220.77524,256.41384,3571.6831270903017,4184.7689207247095,127.2897862931204,923.8933628175388,1051.183149110659,249.72689596386664,971.7243856213474,-2.607871726476759,-7.55898375621192,8.177088551555038,-5.083688094206225,2.6777027802007045
652,mobile,LLLBBLLLGBGBLG,"((3,), (5,), (4,), (4,), (6,), (2,), (0,), (0,), (0, 7), (3,), (1, 2), (7,), (5,), (4, 4))",49.7124,191.66278000000003,241.37518000000003,3426.8313206646308,4443.307123615533,170.3560093454084,851.6165957059568,1021.9726050513652,221.1524518652321,887.1875572666456,-8.378130731903719,-13.188714366560266,15.19239609265731,-5.250475321105068,9.144247764022735
653,mobile,LLLBBLLLGBGBLG,"((3,), (3,), (5,), (3,), (1,), (2,), (4,), (1,), (4, 4), (5,), (4, 1), (6,), (4,), (2, 6))",49.3756,163.58423000000002,212.95983,3407.336336143695,4588.327715258991,168.23927599889663,750.5780562883014,918.817332287198,197.1327283736005,799.412067169067,-7.431965749784608,-12.995539039397238,14.93663531262133,-6.010253252838947,8.028652450040891
654,mobile,LLLBBLLLGBGBLG,"((5,), (1,), (3,), (3,), (6,), (4,), (0,), (4,), (1, 3), (3,), (1, 1), (0,), (3,), (1, 1))",35.5245,215.04850000000005,250.57300000000004,3583.4289855072466,4125.871232466521,127.2995229956522,887.2624197350768,1014.561942730729,232.6164800944306,908.9316049775623,-7.1661830706298835,-10.411423226546322,11.621373618730562,-3.495752155042267,7.719367044966027
655,mobile,LLLBBLLLGBGBLG,"((4,), (5,), (5,), (7,), (1,), (1,), (0,), (3,), (4, 4), (7,), (1, 6), (6,), (5,), (4, 5))",42.3667,157.00971,199.37641,3515.3814281503937,4868.249294984188,148.93511035201928,764.3624100131718,913.2975203651912,182.98427533192506,778.7753323164918,-8.221702190381968,-14.729284274735502,17.273555346001885,-7.090545629700681,8.958220392621358
656,mobile,LLLBBLLLGBGBLG,"((3,), (4,), (2,), (2,), (2,), (3,), (4,), (0,), (2, 2), (3,), (2, 6), (0,), (2,), (2, 0))",48.821,203.2378,252.0588,3364.8786656891502,4155.371808408568,164.27674133761,844.5286245229788,1008.8053658605888,232.19190768176986,896.8977921159343,-7.88184832992545,-11.093078757485468,12.47718243130531,-3.485990946780164,8.556238034556596
657,mobile,LLLBBLLLGBGBLG,"((2,), (5,), (4,), (5,), (3,), (5,), (1,), (4,), (0, 6), (1,), (1, 0), (3,), (5,), (1, 6))",60.4125,204.27963,264.69213,3325.1908669892373,4291.138730065025,200.8830932519873,876.5922320563532,1077.4753253083404,248.28913402021627,962.3142577459419,-6.197009325431683,-10.688046849652265,11.967095637982537,-4.787733836548341,6.606409114322425
658,mobile,LLLBBLLLGBGBLG,"((3,), (0,), (5,), (5,), (6,), (3,), (1,), (0,), (4, 0), (1,), (2, 3), (4,), (5,), (2, 0))",48.8532,195.41301000000004,244.26621000000003,3368.25978739003,4299.932522590674,164.5502690453226,840.2627570363368,1004.8130260816594,227.2609512950334,888.7366627870605,-6.9617728563302395,-11.552036078517713,13.060827594372634,-4.933738919056563,7.482701541141642
659,mobile,LLLBBLLLGBGBLG,"((2,), (5,), (2,), (4,), (3,), (3,), (3,), (5,), (3, 3), (3,), (1, 7), (7,), (2,), (4, 3))",60.6397,152.12696,212.76666,3346.2769881669465,4757.047965867176,202.9172326793472,723.6752456215572,926.5924783009044,202.76226525387574,823.530655636995,-4.702050004509289,-11.122669898302457,12.514630992600024,-6.737416590909856,4.934051576903585
660,mobile,BGBBBBLGLLBLLB,"((3,), (0, 6), (6,), (5,), (3,), (3,), (1,), (4, 4), (4,), (1,), (4,), (5,), (4,), (7,))",23.9063,154.71460000000002,178.6209,4053.314912128635,4679.806521383186,96.8997622838208,724.0343940331911,820.9341563170119,166.00194766107973,702.5400724447368,-7.064656117464574,-14.421873296566318,16.852289074455356,-7.916489972212091,7.601689327575815
661,mobile,BGBBBBLGLLBLLB,"((2,), (0, 5), (5,), (1,), (5,), (7,), (5,), (4, 1), (4,), (3,), (0,), (2,), (0,), (1,))",31.3243,193.9844,225.3087,3639.645187276492,4296.540139730859,114.00933773980502,833.4617610816067,947.4710988214116,210.14477225881393,825.4109326116736,-6.730289483355973,-12.882732398019566,14.787805853689,-6.596399710671,7.215943360470643
662,mobile,BGBBBBLGLLBLLB,"((7,), (1, 4), (5,), (3,), (2,), (1,), (5,), (4, 2), (2,), (1,), (3,), (3,), (2,), (6,))",14.1498,159.4684,173.6182,5251.610037878789,4530.608457919464,74.3092317139773,722.4888818108842,796.7981135248615,164.0990292636415,697.8315654972778,-5.482818469698735,-12.420529911871556,14.182010806154874,-7.340159037591136,5.8008696206636206
663,mobile,BGBBBBLGLLBLLB,"((2,), (2, 2), (0,), (5,), (3,), (4,), (3,), (4, 0), (2,), (0,), (6,), (4,), (3,), (0,))",32.3602,197.16294,229.52314,3619.07507384772,4257.467560683773,117.11399320472698,839.414821219041,956.528814423768,206.06703027515852,811.268348699712,-10.219496702964895,-15.186209085772694,17.905353506873176,-5.5320611941499624,11.382757199694131
664,mobile,BGBBBBLGLLBLLB,"((2,), (2, 5), (4,), (2,), (6,), (5,), (3,), (1, 5), (1,), (4,), (3,), (5,), (5,), (0,))",31.9346,183.31468,215.24928,3624.415976776398,4325.81887335676,115.74427445196356,792.986102507355,908.7303769593184,197.31142666541655,778.6430830395316,-8.333525359333816,-14.31527956125654,16.70692217697158,-6.525563708401876,9.091137618198317
665,mobile,BGBBBBLGLLBLLB,"((3,), (1, 2), (2,), (3,), (6,), (2,), (4,), (4, 3), (2,), (0,), (2,), (1,), (2,), (0,))",26.4848,200.47493,226.95973,3738.2752774092105,4159.9359600577245,99.00747306712746,833.9628703970552,932.9703434641826,205.40518776544076,802.0686247858171,-9.497077844849061,-14.030640908940208,16.320513561208216,-5.009300203941663,10.493669838160608
666,mobile,BGBBBBLGLLBLLB,"((1,), (3, 0), (3,), (4,), (2,), (1,), (0,), (4, 7), (1,), (4,), (3,), (1,), (4,), (0,))",41.6764,195.4466,237.123,3481.119673662865,4205.777020327332,145.080535967443,822.0048189811079,967.0853549485508,217.96541498471785,841.4261245276549,-8.079176214573087,-12.993602868443919,14.934077604428584,-5.346369246366528,8.789277425790372
667,mobile,BGBBBBLGLLBLLB,"((0,), (2, 3), (7,), (3,), (6,), (6,), (5,), (1, 2), (1,), (3,), (1,), (3,), (0,), (7,))",58.7284,176.52766,235.25606,3516.5942759013865,4442.181618408999,206.523955272847,784.1679263927537,990.6918816656008,220.96655663456102,862.5297605424024,-6.074021372898524,-12.936627774492896,14.858863657365692,-7.306398615062421,6.466817233827483
668,mobile,BGBBBBLGLLBLLB,"((3,), (2, 0), (4,), (4,), (6,), (6,), (2,), (4, 3), (4,), (2,), (1,), (4,), (2,), (7,))",23.5568,154.98717000000002,178.54397000000003,4080.3755361223743,4653.842523073781,96.12059042932754,721.2858822768652,817.4064727061927,160.1798470664262,678.58805776034,-10.285490422092574,-16.98278880594935,20.456949302058007,-7.465122882983475,11.464690015566253
669,mobile,BGBBBBLGLLBLLB,"((2,), (3, 6), (5,), (4,), (4,), (3,), (1,), (1, 6), (4,), (2,), (7,), (2,), (4,), (0,))",32.0327,173.72946,205.76216,3618.771987379516,4445.485883063458,115.91903744013182,772.3118619022375,888.2308993423693,192.95502531837667,772.1024417385313,-6.224241950815118,-13.074129451003955,15.040550492542595,-7.304539726137001,6.637367780648091
670,mobile,LBLGGLGBGLLGBL,"((3,), (0,), (3,), (4, 6), (3, 5), (2,), (1, 5), (5,), (1, 0), (5,), (1,), (1, 6), (1,), (3,))",47.6267,185.61348,233.24018,3407.508389037433,4342.8658964729775,162.2883797921691,806.0944522176691,968.3828320098382,224.16698745197024,882.7667193488506,-3.8900641167528534,-8.841143175090673,9.698611284772959,-5.1514747282240565,4.047515047225126
671,mobile,LBLGGLGBGLLGBL,"((0,), (1,), (0,), (3, 1), (2, 7), (0,), (1, 0), (3,), (0, 5), (2,), (5,), (0, 0), (6,), (2,))",117.356,230.05138,347.40737999999993,3224.3142902821755,4021.870071228311,378.392627850355,925.2367600667714,1303.6293879171262,337.8478511364155,1233.5550642675626,-2.751676968861293,-5.375325556408706,5.680680634323459,-2.697885686632693,2.8295366779540383
672,mobile,LBLGGLGBGLLGBL,"((3,), (1,), (2,), (1, 6), (4, 0), (0,), (3, 1), (6,), (0, 2), (3,), (1,), (0, 7), (6,), (3,))",47.6453,212.88002000000003,260.52532,3408.111358065953,4181.427050864198,162.38048808845974,890.1422742165115,1052.5227623049714,252.19380089306932,978.3206515627965,-3.197969052271272,-7.0499293126617095,7.584641152534438,-3.9792143023015933,3.3036177247129412
673,mobile,LBLGGLGBGLLGBL,"((5,), (3,), (4,), (4, 5), (0, 2), (3,), (0, 2), (3,), (0, 6), (2,), (3,), (1, 7), (2,), (4,))",34.2392,192.23889000000003,226.47809,3626.76304347826,4298.382933932819,124.17746519826083,826.3163640141885,950.4938292124492,220.6521411846063,881.5142948895837,-2.572411669223147,-7.2572311574100326,7.825118063627748,-4.808514270394791,2.640331874468187
674,mobile,LBLGGLGBGLLGBL,"((4,), (4,), (1,), (1, 5), (0, 1), (4,), (3, 4), (0,), (0, 6), (2,), (1,), (4, 0), (1,), (3,))",40.3482,211.0529,251.4011,3464.990313390313,4141.615224146278,139.80612216273502,874.099903740222,1013.906025902957,244.77012651969991,944.2101430056688,-2.637607186404554,-6.873998291431299,7.381395276630691,-4.351157549237211,2.709061589575309
675,mobile,LBLGGLGBGLLGBL,"((1,), (6,), (4,), (2, 3), (1, 3), (1,), (3, 5), (7,), (0, 0), (3,), (0,), (3, 3), (2,), (5,))",79.6691,188.64852,268.31762,3272.621068470929,4292.656210777907,260.7267751661173,809.8032410320602,1070.5300161981777,261.5265793801306,991.6094094737246,-2.530970802390601,-7.372105922328783,7.958840040287485,-4.9668445041380584,2.5966923270152678
676,mobile,LBLGGLGBGLLGBL,"((1,), (0,), (0,), (4, 0), (2, 1), (4,), (2, 7), (3,), (3, 5), (5,), (5,), (3, 3), (3,), (3,))",79.7405,168.08357000000004,247.82407000000003,3255.335965109991,4455.097325733189,259.5821175258532,748.8286632066875,1008.4107807325406,242.88348865111797,934.5808183038971,-1.993584137683665,-7.32141740640765,7.899794323045506,-5.436208662307123,2.0341363574445346
677,mobile,LBLGGLGBGLLGBL,"((4,), (1,), (2,), (3, 1), (2, 5), (5,), (2, 1), (1,), (4, 7), (2,), (0,), (1, 4), (2,), (0,))",41.6427,194.70257,236.34527,3436.746588564692,4214.103948312657,143.1154071636229,820.4968689836214,963.6122761472444,226.47081150964394,883.3637747872801,-4.17798016027825,-8.327882836945296,9.084422935419626,-4.330844500677869,4.360146203624809
678,mobile,LBLGGLGBGLLGBL,"((1,), (2,), (1,), (1, 3), (1, 7), (2,), (0, 1), (2,), (0, 3), (0,), (2,), (2, 5), (1,), (0,))",79.9009,238.5532000000001,318.45410000000004,3238.2300798258343,3950.535460538237,258.737497785156,942.4128758248704,1201.1503736100265,303.8923814520212,1121.331696488346,-4.572627122080966,-6.645186054580942,7.118203950860128,-2.1718704706996528,4.791735310507573
679,mobile,LBLGGLGBGLLGBL,"((5,), (2,), (1,), (2, 0), (0, 4), (4,), (3, 2), (1,), (0, 5), (1,), (4,), (0, 7), (7,), (2,))",34.7479,215.04141,249.78931,3593.171854413703,4152.291118183713,124.85517627998192,892.9145367847022,1017.7697130646842,243.09255942954616,950.3621495622649,-2.6809596337224537,-6.623066361391637,7.092829142392404,-4.050704479649987,2.754815114937602
680,mobile,LGLLLGLGBBLLBL,"((1,), (2, 6), (3,), (3,), (1,), (0, 1), (4,), (0, 6), (2,), (3,), (1,), (1,), (6,), (3,))",79.7404,200.80005000000003,280.54045,3255.1310714285705,4109.570234674253,259.5654536881428,825.2019086011019,1084.7673622892446,262.6870251067461,969.7414245388919,-6.36393963624637,-10.603742493469483,11.861506050960646,-4.527959464283842,6.796462400835736
681,mobile,LGLLLGLGBBLLBL,"((4,), (1, 2), (5,), (4,), (5,), (0, 7), (2,), (3, 0), (6,), (1,), (5,), (2,), (2,), (2,))",40.5518,172.38543999999996,212.93724,3467.198453749316,4361.405877942783,140.60113825675148,751.8428712877528,892.4440095445043,203.38254502977819,793.4829982045014,-4.487094399374115,-11.088764144488092,12.471724228992002,-6.911809146208947,4.697893306833614
682,mobile,LGLLLGLGBBLLBL,"((0,), (4, 3), (3,), (3,), (3,), (4, 7), (1,), (3, 4), (2,), (6,), (3,), (1,), (5,), (1,))",117.401,153.45501000000002,270.85601,3206.0990790002315,4510.607526422515,376.3992379737061,692.1753230732423,1068.5745610469485,267.14970811778005,981.8490207108733,-1.3683661227306623,-8.116002710293307,8.832879445485881,-6.841249934031262,1.3873501522172584
683,mobile,LGLLLGLGBBLLBL,"((0,), (0, 0), (0,), (0,), (2,), (3, 4), (2,), (4, 7), (2,), (3,), (5,), (0,), (3,), (1,))",117.408,208.06416,325.47216000000003,3200.702794573848,4135.315170424588,375.7881137053264,860.4108772696487,1236.198990974975,310.6731734918337,1120.7987023937376,-4.546928532433099,-9.33509001574436,10.296254656145837,-5.016246632711218,4.763522495950341
684,mobile,LGLLLGLGBBLLBL,"((1,), (3, 0), (4,), (0,), (1,), (1, 0), (1,), (2, 2), (3,), (4,), (5,), (2,), (3,), (0,))",79.8973,193.74111,273.63841,3235.7465529753267,4111.6386363035845,258.5274130670356,796.5934333163427,1055.1208463833782,254.00396500080717,936.9512699832187,-7.175324911145643,-11.199624839676666,12.612136851287461,-4.335377338707459,7.7299757896025145
685,mobile,LGLLLGLGBBLLBL,"((3,), (2, 7), (1,), (2,), (4,), (4, 1), (3,), (2, 2), (2,), (6,), (2,), (1,), (4,), (2,))",47.9108,164.78533000000002,212.69613,3381.489030764636,4350.773663169731,162.00984465515833,716.943673840733,878.9535184958913,200.91744461836097,776.4132105631664,-5.537799574274828,-11.666180949841001,13.206924681040377,-6.487654689332441,5.862450323321824
686,mobile,LGLLLGLGBBLLBL,"((1,), (3, 0), (1,), (0,), (1,), (4, 6), (2,), (4, 5), (2,), (3,), (5,), (0,), (1,), (0,))",79.8863,186.0331,265.9194,3238.760534344361,4223.608877524446,258.732595674794,785.731052673393,1044.463648348187,257.88452193222975,957.0446259931017,-3.02154640382396,-8.369752503434462,9.134268139729915,-5.514839535264966,3.1156883738380188
687,mobile,LGLLLGLGBBLLBL,"((4,), (3, 1), (3,), (4,), (2,), (4, 4), (4,), (1, 0), (0,), (2,), (3,), (3,), (7,), (3,))",40.2919,173.99686999999997,214.28877,3473.538390313392,4309.147496609163,139.95546146866815,749.7781767783298,889.733638246998,198.48280656705683,772.6463559905109,-7.376011086788716,-13.15981291740064,15.154058690458013,-6.244388628124553,7.963391744767151
688,mobile,LGLLLGLGBBLLBL,"((4,), (2, 4), (5,), (3,), (0,), (0, 5), (5,), (2, 3), (5,), (0,), (3,), (2,), (1,), (2,))",40.6173,190.51829,231.13559,3450.98418803419,4167.973781432123,140.16966006064112,794.075237603282,934.2448976639232,215.8095726008904,824.2487543838281,-6.630747518852297,-11.773801875197838,13.345017835340677,-5.508295525214772,7.1016392898627085
689,mobile,LGLLLGLGBBLLBL,"((2,), (1, 0), (1,), (1,), (4,), (1, 7), (4,), (0, 5), (7,), (7,), (5,), (3,), (7,), (1,))",59.2209,187.95565000000005,247.17655000000005,3300.6054756173176,4357.090406048493,195.4648268109856,818.9397593776085,1014.4045861885942,227.74402432697002,875.7169709085564,-7.861799864521947,-13.671824552876531,15.83703638130359,-6.305771851210077,8.532617147895353
690,mobile,GGLGGLGGLGBBBB,"((3, 0), (4, 7), (2,), (3, 4), (1, 3), (3,), (1, 6), (3, 7), (1,), (4, 1), (1,), (4,), (2,), (7,))",34.4347,162.08325,196.51795,3863.509078177762,4645.339063281082,133.0387760543278,752.9316527285536,885.9704287828813,203.66474873026667,833.5316126080091,3.6367154910106954,-5.918799823478417,6.291161052764164,-9.220202771978002,-3.5090995249903854
691,mobile,GGLGGLGGLGBBBB,"((2, 6), (2, 7), (2,), (2, 3), (1, 7), (3,), (0, 0), (0, 6), (2,), (1, 2), (4,), (0,), (0,), (3,))",13.5519,235.04424000000003,248.59614,4451.786266233768,4077.208032831932,60.330162301373406,958.3242633988766,1018.65442570025,233.0182526050726,924.3930690265939,-6.266343232411971,-9.253516628944931,10.197107684171131,-3.1868738503818754,6.685264875507129
692,mobile,GGLGGLGGLGBBBB,"((3, 1), (0, 7), (3,), (1, 7), (4, 6), (5,), (1, 6), (4, 7), (5,), (3, 7), (1,), (5,), (6,), (6,))",24.4564,167.39167999999998,191.84808,3929.5614680580966,4809.4040218865575,96.10292708741603,805.0542190223476,901.1571461097636,195.08317710022294,818.6811747974324,1.6862806759509554,-9.152229627027273,10.074247930855181,-10.658773465732203,-1.6583168002030957
693,mobile,GGLGGLGGLGBBBB,"((0, 2), (4, 1), (1,), (2, 3), (1, 6), (2,), (1, 5), (3, 3), (2,), (4, 4), (0,), (1,), (0,), (4,))",22.2273,200.6521,222.8794,3737.209163891665,4252.34387672043,83.0680692485692,853.2417287860952,936.3097980346644,224.1337024772147,884.1723354225912,0.5627718296148984,-5.568398698968105,5.896753440849734,-6.09685912294775,-0.5596224322141886
694,mobile,GGLGGLGGLGBBBB,"((0, 7), (3, 4), (2,), (3, 5), (1, 1), (3,), (4, 6), (0, 0), (5,), (3, 2), (4,), (7,), (4,), (6,))",10.5475,170.22641,180.77391,5141.088412698413,4659.08450655864,54.22563003293651,793.0992294380987,847.3248594710352,177.77239214865048,764.9951809428488,-1.6603711516498805,-9.716424297946698,10.762117275917477,-8.192071945604042,1.6884049402000045
695,mobile,GGLGGLGGLGBBBB,"((1, 2), (1, 1), (1,), (4, 3), (2, 7), (2,), (3, 4), (3, 0), (5,), (0, 6), (6,), (7,), (0,), (3,))",24.1732,185.34052,209.51372,3716.307738752476,4486.658390422066,89.83505023041135,831.5595991431887,921.3946493736,209.26436234219074,848.6613737496848,-0.11901734063490925,-7.893824396892487,8.570353014012417,-7.784071451091803,0.1191591606990984
696,mobile,GGLGGLGGLGBBBB,"((0, 5), (2, 2), (5,), (4, 2), (1, 0), (0,), (3, 6), (4, 1), (1,), (0, 2), (0,), (6,), (3,), (5,))",12.2696,201.97549,214.24509,4411.8146825396825,4340.142091191562,54.131201428888886,876.6023255380405,930.7335269669294,208.61437708553478,849.4654652279156,-2.6281642741335265,-8.731614300373362,9.566964763801082,-6.268188312093708,2.6991010845607137
697,mobile,GGLGGLGGLGBBBB,"((2, 0), (0, 6), (1,), (4, 5), (0, 7), (0,), (0, 4), (2, 2), (1,), (2, 1), (5,), (6,), (3,), (0,))",51.0029,225.8914,276.8943,3412.454846196746,4162.464095363689,174.045093275088,940.2648419514372,1114.309935226525,266.45789844016093,1020.6057400497666,-3.7690922347766116,-8.409168061281768,9.18123340871954,-4.821814460927316,3.9167169075991137
698,mobile,GGLGGLGGLGBBBB,"((1, 5), (4, 2), (3,), (4, 2), (4, 5), (2,), (4, 0), (3, 6), (0,), (4, 7), (7,), (1,), (6,), (5,))",12.5029,147.64648999999997,160.14938999999998,4438.854758297257,4982.706483890814,55.49855715751477,735.6791230467201,791.1776802042349,164.92281035056538,722.4359157329791,2.9806047656912105,-8.688536872464702,9.515275054052493,-11.331397465286175,-2.8943360475236126
699,mobile,GGLGGLGGLGBBBB,"((3, 2), (1, 2), (2,), (1, 1), (0, 5), (2,), (2, 2), (1, 5), (5,), (0, 1), (2,), (4,), (6,), (3,))",22.4774,212.44818,234.92558,3813.9815852856304,4165.821971843966,85.72838968509923,885.0212961222618,970.7496858073612,227.98316601603946,892.5890348098229,-2.9551545574392257,-8.051576234354684,8.756622359156722,-5.251615017442579,3.045143246879949
700,mobile,BGGLGBLBGGGGBL,"((4,), (2, 7), (0, 5), (1,), (1, 6), (2,), (1,), (1,), (3, 0), (1, 3), (0, 1), (1, 3), (1,), (2,))",22.3812,234.67002,257.05122,4019.5784477124193,4080.950257587749,89.96298915394121,957.6766785671222,1047.6396677210637,249.91380289792787,988.1418562483614,-2.776651712476655,-5.679224766481804,6.021181179248417,-2.9854691338352404,2.8559515398144115
701,mobile,BGGLGBLBGGGGBL,"((3,), (2, 2), (1, 4), (1,), (2, 6), (4,), (1,), (7,), (3, 4), (4, 4), (2, 7), (1, 7), (4,), (3,))",26.553,174.60517000000002,201.15817,3789.205361241786,4603.950336026919,100.61476995705314,803.8735310935375,904.4883010505906,197.5110685888098,832.7403401208657,-1.813051595761793,-7.9324365883326005,8.615886306085683,-6.232381280836976,1.8465301399300171
702,mobile,BGGLGBLBGGGGBL,"((3,), (3, 4), (2, 1), (1,), (3, 7), (5,), (4,), (1,), (0, 5), (3, 6), (3, 1), (3, 2), (2,), (1,))",26.3644,189.88945,216.25385,3754.993611502017,4374.688072559867,98.99815357108378,830.7071120199532,929.705265591037,211.11290268196782,859.8318639350813,-2.377274355130406,-7.515650845704895,8.126402915120533,-5.26350443160827,2.435164905944575
703,mobile,BGGLGBLBGGGGBL,"((5,), (1, 2), (2, 0), (1,), (3, 7), (2,), (1,), (5,), (0, 7), (1, 7), (3, 3), (1, 2), (2,), (3,))",19.8387,206.03787,225.87657,4223.629661172162,4312.608741302476,83.79132175909616,888.5607192013432,972.3520409604394,225.7290260714839,925.0627429652866,-0.06532059899620665,-4.86339268115721,5.112009791202582,-4.801208260155595,0.06536329469182914
704,mobile,BGGLGBLBGGGGBL,"((5,), (1, 0), (2, 4), (1,), (4, 4), (1,), (0,), (3,), (2, 4), (0, 2), (0, 4), (2, 1), (2,), (4,))",19.6097,226.7863,246.396,4262.823177655677,4122.352854484087,83.59268366687452,934.8931511628848,1018.4858348297593,242.1788147333008,963.5097808003452,-1.711547779468488,-5.397822154159204,5.70581172344176,-3.7504653816500837,1.7413518483618675
705,mobile,BGGLGBLBGGGGBL,"((2,), (0, 5), (3, 1), (5,), (2, 2), (4,), (4,), (3,), (3, 4), (1, 0), (4, 2), (4, 7), (6,), (4,))",32.0927,167.20282999999998,199.29553,3674.467454827781,4659.71421636159,117.92358168755152,779.11740396689,897.0409856544416,199.15745865129787,830.8209597624739,-0.06927970170838302,-7.382051316602492,7.970432752551106,-7.317841393583078,0.06932773175414834
706,mobile,BGGLGBLBGGGGBL,"((7,), (0, 4), (1, 5), (4,), (2, 3), (0,), (4,), (0,), (4, 2), (2, 0), (3, 4), (0, 1), (6,), (4,))",16.0682,223.67323,239.74143,4902.301377511378,4225.42436907072,78.77115899412833,945.11431675076,1023.8854757448884,234.81860219042062,957.8023329116254,-2.0533905256089398,-6.454153750465767,6.8994551968125375,-4.493022523671367,2.09643859713779
707,mobile,BGGLGBLBGGGGBL,"((4,), (1, 2), (4, 2), (1,), (3, 0), (2,), (5,), (4,), (4, 4), (2, 0), (2, 3), (3, 7), (7,), (5,))",22.5057,165.84635000000003,188.35205,4064.6993920037658,4637.389071164502,91.47890510661917,769.094050982523,860.5729560891422,188.53483429053085,797.4322747739446,0.09704396131120496,-7.3370515385632356,7.917999222328523,-7.426888153408208,-0.09694987730978466
708,mobile,BGGLGBLBGGGGBL,"((7,), (0, 6), (0, 7), (5,), (1, 5), (5,), (5,), (1,), (0, 5), (3, 4), (3, 7), (4, 1), (7,), (5,))",15.7548,195.77977,211.53457,5009.243502053502,4551.886466286061,78.9196295261525,891.1672854355977,970.0869149617502,211.10520487323672,902.6747514440392,-0.20297633940555757,-6.949084919918641,7.468045761761862,-6.759829434850007,0.2033891713002058
709,mobile,BGGLGBLBGGGGBL,"((7,), (4, 1), (1, 5), (1,), (4, 5), (7,), (4,), (3,), (4, 6), (3, 7), (0, 6), (2, 3), (4,), (1,))",16.2788,181.07883,197.35763,4791.5135120435125,4609.475386166348,78.00009015985394,834.6784098408004,912.6785000006544,195.4490710381034,840.895084120636,-0.9670560808298126,-7.8651371627541184,8.53654840366747,-6.965440800744501,0.9764993774385861
710,mobile,LBGLGGGLLBBBBG,"((3,), (5,), (3, 2), (5,), (1, 0), (0, 4), (1, 6), (4,), (1,), (7,), (1,), (4,), (5,), (3, 0))",49.4953,172.87736,222.37266,3383.862302011716,4573.234065843651,167.4852797967605,790.6086319651165,958.093911761877,214.57113788485967,855.0926163774141,-3.5083099312389976,-10.750647104629838,12.045630310880973,-7.505658951801827,3.6358674293495525
711,mobile,LBGLGGGLLBBBBG,"((5,), (5,), (2, 0), (5,), (4, 0), (3, 5), (4, 2), (3,), (0,), (3,), (7,), (6,), (1,), (1, 7))",36.2909,171.57367,207.86457,3636.755545026632,4712.712847308721,131.981131809007,808.5774388689069,940.558570677914,195.32316572086526,808.4500094014385,-6.033449701954847,-14.045755936417372,16.340968487870555,-8.526764267762228,6.420848358078301
712,mobile,LBGLGGGLLBBBBG,"((0,), (4,), (0, 4), (4,), (1, 2), (0, 7), (3, 1), (0,), (2,), (3,), (0,), (1,), (1,), (2, 7))",117.743,236.5667,354.3097,3234.224279667172,4098.896804659726,380.8072693608518,969.662490718896,1350.4697600797476,339.5621709590037,1243.315614111678,-4.162327207241662,-7.9345831454783475,8.618418746765984,-3.936088834704804,4.3431012940416105
713,mobile,LBGLGGGLLBBBBG,"((2,), (1,), (2, 2), (4,), (3, 5), (1, 7), (2, 3), (5,), (3,), (3,), (2,), (7,), (4,), (4, 6))",60.6172,152.26799000000003,212.88519,3376.133194513018,4787.715565402269,204.65174107843453,729.0158258355171,933.6675669139516,210.5480099165873,847.8160829709814,-1.0978594064775968,-9.19508045317831,10.126191949806273,-8.187103937395511,1.1100461525799512
714,mobile,LBGLGGGLLBBBBG,"((4,), (5,), (4, 0), (2,), (1, 4), (4, 1), (2, 2), (4,), (2,), (3,), (1,), (5,), (5,), (1, 5))",42.1417,170.64749999999998,212.7892,3477.43943833944,4545.469632884102,146.5452095786692,775.6730291775897,922.2182387562588,205.77146467763436,827.5724308325559,-3.2979753306867257,-10.262842779095978,11.436558831290087,-7.202400851716019,3.4104511689022363
715,mobile,LBGLGGGLLBBBBG,"((1,), (7,), (2, 6), (3,), (0, 6), (0, 3), (3, 4), (0,), (4,), (1,), (6,), (4,), (6,), (4, 5))",80.8019,182.62816000000004,263.43006,3298.794218674408,4546.748641646051,266.5488405779077,830.3643384063178,1096.9131789842254,254.7315181891258,986.8717489903981,-3.3020308353853838,-10.031917940463522,11.150529955528985,-6.959698495447674,3.414788194531924
716,mobile,LBGLGGGLLBBBBG,"((1,), (3,), (3, 2), (2,), (4, 6), (2, 6), (4, 7), (4,), (1,), (1,), (1,), (6,), (3,), (1, 2))",80.5909,183.1063,263.6972,3260.355155082513,4427.479805325945,262.7549562677394,810.699445477954,1073.4544017456933,257.4998158299747,979.9109594580134,-2.35018960005086,-8.714244604666572,9.546116551183232,-6.517222080155757,2.4067528553563666
717,mobile,LBGLGGGLLBBBBG,"((0,), (1,), (2, 5), (4,), (2, 3), (2, 4), (4, 5), (1,), (0,), (0,), (0,), (1,), (3,), (2, 7))",117.783,229.09355,346.87655,3240.391784969416,4090.1291103016624,381.6630656090528,937.0221978373494,1318.685263446402,327.68989087907505,1200.6372258297665,-5.53126439966177,-8.951949406647286,9.832115403139511,-3.6209704567838683,5.855126952331054
718,mobile,LBGLGGGLLBBBBG,"((0,), (5,), (1, 7), (1,), (1, 7), (1, 0), (2, 5), (2,), (4,), (1,), (5,), (2,), (3,), (1, 2))",117.775,203.9792,321.7542,3210.989827965728,4259.800871578374,378.17432698866367,868.9107739438595,1247.0851009325231,310.3755884267197,1144.514785944291,-3.5364298502646903,-8.224804779684561,8.961903878210336,-4.860254417436917,3.6660781316462523
719,mobile,LBGLGGGLLBBBBG,"((1,), (5,), (2, 0), (4,), (0, 0), (3, 1), (0, 4), (4,), (0,), (4,), (1,), (6,), (7,), (0, 4))",80.5901,217.25275,297.84285,3255.6325579207664,4245.57062938834,262.3717534060904,922.3618945538476,1184.733647959938,283.06868280187933,1066.0464914114327,-4.960390084274531,-10.01804555419521,11.133394040945149,-5.321629028576041,5.219287083220413
720,mobile,LGLLBBLBLBLGGB,"((0,), (3, 4), (2,), (0,), (0,), (0,), (3,), (5,), (3,), (7,), (1,), (3, 7), (4, 7), (7,))",117.779,187.72589,305.50489,3249.068011340756,4387.076499757325,382.6719813077029,823.5678404150286,1206.2398217227314,299.87804085393896,1117.7997077401392,-1.8418196664744166,-7.331884786914395,7.911982206668501,-5.5930795597327,1.8763791873649438
721,mobile,LGLLBBLBLBLGGB,"((1,), (3, 5), (4,), (3,), (3,), (1,), (2,), (2,), (4,), (0,), (1,), (0, 1), (3, 5), (1,))",80.0178,206.5644,286.5822,3237.1694480519504,4108.699183033072,259.0311774603314,848.7109815237167,1107.742158984048,284.46121092929945,1052.986083913186,-0.7400979791140363,-4.943034317758657,5.200075851655458,-4.234274115805854,0.7456162700607075
722,mobile,LGLLBBLBLBLGGB,"((5,), (4, 6), (3,), (3,), (2,), (5,), (1,), (2,), (2,), (4,), (3,), (3, 5), (4, 3), (3,))",35.7818,150.66932999999997,186.45112999999995,3614.627673913044,4577.863481439145,129.33788450242176,689.7436235799034,819.0815080823252,183.23238690578836,742.877633384782,-1.726319971464689,-9.303576499481167,10.257930952953117,-7.710362047921982,1.7566452899325944
723,mobile,LGLLBBLBLBLGGB,"((5,), (0, 6), (1,), (0,), (7,), (7,), (5,), (6,), (3,), (2,), (1,), (2, 4), (2, 2), (3,))",35.9129,188.74097,224.65387,3620.900625823449,4360.713984302774,130.03704208513494,823.0453872898704,953.0824293750054,209.51273222943863,833.5306171340378,-6.7397627161114055,-12.543701211590381,14.342821941205653,-6.2233795071864595,7.226834192577968
724,mobile,LGLLBBLBLBLGGB,"((5,), (0, 7), (4,), (4,), (1,), (3,), (4,), (7,), (5,), (2,), (4,), (2, 1), (0, 6), (3,))",35.9226,181.81018999999992,217.73279,3616.102148221344,4432.274680357019,129.89979102969608,805.8327017678985,935.7324927975944,205.69060019895502,826.0473984743122,-5.530719466298563,-11.721843065997696,13.27830515850153,-6.553583942549952,5.854516341241216
725,mobile,LGLLBBLBLBLGGB,"((2,), (2, 3), (1,), (1,), (0,), (7,), (1,), (6,), (0,), (1,), (5,), (3, 7), (3, 5), (5,))",60.183,182.50106,242.68406,3340.4904419703103,4369.597259778506,201.0407362690992,797.4561316826727,998.4968679517718,230.76770880133864,894.7273127778525,-4.9102323402127634,-10.392576932843369,11.597897336088563,-5.765441148458134,5.163786242259635
726,mobile,LGLLBBLBLBLGGB,"((5,), (4, 2), (1,), (4,), (3,), (0,), (5,), (1,), (0,), (0,), (4,), (4, 4), (1, 7), (7,))",36.0594,194.19071,230.25011,3705.968079051383,4324.561601235418,133.63498534974542,839.7896877826425,973.424673132388,218.03809368485167,868.1212857998548,-5.30380476914792,-10.817825995069228,12.13003171964737,-5.8228540359822585,5.600863642111717
727,mobile,LGLLBBLBLBLGGB,"((0,), (1, 2), (2,), (2,), (7,), (4,), (4,), (6,), (0,), (7,), (0,), (1, 4), (4, 6), (4,))",117.768,183.95056,301.71856,3224.143080598062,4429.526337023009,379.7008823158726,814.8138502301312,1194.514732546004,295.2106890721981,1098.1190145432258,-2.156934239578084,-8.069864303583698,8.778257795934348,-6.043279631572448,2.2044834989732838
728,mobile,LGLLBBLBLBLGGB,"((2,), (0, 4), (2,), (4,), (7,), (4,), (0,), (0,), (3,), (3,), (4,), (4, 1), (3, 6), (5,))",60.1437,177.72611,237.86981,3350.3452030874555,4416.901429307394,201.502156790931,784.9987092842432,986.500866075174,229.82597065622568,889.6179610499547,-3.3816142299749274,-9.82086365627545,10.890394446496451,-6.664621205354727,3.4999697035137585
729,mobile,LGLLBBLBLBLGGB,"((2,), (3, 1), (4,), (1,), (4,), (0,), (3,), (3,), (4,), (7,), (3,), (0, 5), (0, 0), (6,))",60.2257,201.95065,262.17635,3360.745435222671,4247.745492033212,202.40324635809003,857.8349631506769,1060.2382095087669,252.64735890971997,968.2356983365323,-3.6345730994729477,-8.677532119396213,9.502077988892426,-5.233162122686232,3.771656720023378
730,mobile,LLBLLLGBGLLBGB,"((4,), (3,), (2,), (4,), (1,), (1,), (4, 1), (7,), (2, 4), (3,), (1,), (2,), (0, 7), (6,))",41.8721,176.22256,218.09466,3528.8151284495984,4414.745670481593,147.75889993995446,777.9777838011828,925.7366837411372,196.89724997356555,791.7837934204413,-9.719362237679022,-14.469869529136327,16.917862102485127,-5.261933687225183,10.765721730130982
731,mobile,LLBLLLGBGLLBGB,"((3,), (0,), (6,), (0,), (2,), (5,), (4, 7), (5,), (3, 5), (5,), (0,), (5,), (3, 2), (0,))",48.6261,193.14461,241.77071,3363.504577126305,4343.147741380775,163.55410991780144,838.8555766813707,1002.409686599172,233.7903659070022,899.6441065250077,-3.3007902789373436,-10.25185425160966,11.422914831411477,-7.1883358640916075,3.4134614837688666
732,mobile,LLBLLLGBGLLBGB,"((5,), (3,), (3,), (1,), (4,), (4,), (1, 7), (5,), (2, 5), (1,), (3,), (4,), (1, 2), (7,))",35.8923,163.97861,199.87091,3716.8057787068014,4456.07287669604,133.40470805107813,730.7006363793181,864.1053444303963,179.3528394913399,734.6991715869756,-10.265661225367971,-14.9757403628516,17.613491051568612,-5.248914965889483,11.440058917857753
733,mobile,LLBLLLGBGLLBGB,"((1,), (2,), (2,), (1,), (3,), (1,), (1, 2), (0,), (4, 2), (1,), (4,), (7,), (1, 4), (0,))",80.0817,209.7148,289.7965,3232.833018867923,4140.059210644952,258.8907639670753,868.231689348564,1127.1224533156394,269.49993440716145,1004.2792164316311,-7.003730408351562,-10.898836814282442,12.231980396895056,-4.188454464931222,7.5311950028805565
734,mobile,LLBLLLGBGLLBGB,"((0,), (2,), (0,), (0,), (2,), (4,), (3, 7), (7,), (1, 2), (0,), (5,), (2,), (3, 7), (4,))",117.766,199.83952,317.60552,3220.9108413516315,4253.589990886699,379.31378614261627,850.0353820556021,1229.3491681982184,300.481495319035,1109.3153813817255,-5.391601720576211,-9.764010902811206,10.82052848370163,-4.621586731995172,5.698861642971931
735,mobile,LLBLLLGBGLLBGB,"((5,), (0,), (1,), (2,), (0,), (5,), (3, 3), (3,), (3, 2), (1,), (5,), (6,), (4, 4), (4,))",35.8399,170.07389,205.91379,3635.035359025032,4418.070811359206,130.27930376392123,751.3984891833164,881.6777929472377,197.49920720464627,790.6601332547712,-4.08645909307664,-10.323233773215074,11.511603515127318,-6.502496541328554,4.260565353376137
736,mobile,LLBLLLGBGLLBGB,"((1,), (0,), (7,), (0,), (0,), (1,), (1, 3), (5,), (3, 6), (4,), (4,), (1,), (4, 7), (4,))",80.4682,182.30517,262.77337,3265.84667526743,4339.908227595904,262.7968034347546,791.1877072162699,1053.9845106510245,257.85891686900936,974.6569009628615,-1.8702249512538645,-7.526449287111813,8.139029191687404,-5.764024561401686,1.9058689886171885
737,mobile,LLBLLLGBGLLBGB,"((5,), (3,), (2,), (1,), (2,), (1,), (3, 4), (6,), (4, 5), (5,), (2,), (0,), (4, 2), (2,))",35.8616,176.47377999999998,212.33538,3599.974752964425,4358.1796244838215,129.10085460090903,769.1044322516404,898.2052868525495,193.9053614962129,777.6973400099781,-8.67967387431482,-13.416526111179987,15.49548142224908,-5.187073281304082,9.504646164282077
738,mobile,LLBLLLGBGLLBGB,"((5,), (0,), (2,), (0,), (4,), (5,), (3, 7), (3,), (1, 2), (0,), (4,), (6,), (2, 7), (4,))",35.849,192.23547,228.08447,3621.724117259552,4311.448393948965,129.83518787963766,828.8133083915244,958.648496271162,212.1633142909386,838.1538865171217,-6.980376923102841,-12.569216999007045,14.376191734282303,-6.008237714835758,7.504198245710297
739,mobile,LLBLLLGBGLLBGB,"((3,), (0,), (2,), (3,), (3,), (3,), (3, 2), (3,), (1, 4), (5,), (4,), (6,), (0, 5), (5,))",49.3276,177.42898000000002,226.75658,3419.4672531769315,4349.963943152259,168.67411287781042,771.8096654702834,940.483778348094,214.45808633313922,842.3856261204335,-5.423654593335634,-10.430605448609048,11.64527850260777,-5.294083667268241,5.734684048125044
740,mobile,GGBBGBGGBGLLGL,"((2, 0), (0, 2), (6,), (5,), (0, 7), (3,), (0, 4), (3, 5), (7,), (4, 2), (3,), (0,), (3, 3), (1,))",53.4006,184.27592,237.67652,3411.9913770305866,4489.493029441317,182.2023867282596,827.3054583338859,1009.5078450621454,235.48078466068992,936.5461521021559,-0.9238335109038496,-7.227451804051899,7.790506938309552,-6.3623962417255955,0.9324477759295617
741,mobile,GGBBGBGGBGLLGL,"((3, 7), (4, 6), (7,), (3,), (1, 2), (5,), (0, 6), (0, 7), (6,), (0, 5), (0,), (3,), (2, 3), (5,))",15.0003,197.66459,212.66489,4883.349580974581,4505.474081914371,73.25170871949301,890.5726871572306,963.8243958767237,202.8936484023338,859.2731355260635,-4.594666095407758,-10.847542435938989,12.167407082574725,-6.554011274447454,4.815942576127387
742,mobile,GGBBGBGGBGLLGL,"((3, 4), (0, 6), (4,), (0,), (1, 5), (5,), (1, 5), (1, 2), (1,), (1, 1), (5,), (4,), (2, 1), (2,))",20.5596,218.88715,239.44675,4039.7242504309415,4193.8573750290125,83.05511469915999,917.9814883265816,1001.0366030257416,223.64984154181343,892.9927178443726,-6.597253234043301,-10.793200254096066,12.09907796809138,-4.492316516736639,7.063232573421348
743,mobile,GGBBGBGGBGLLGL,"((4, 2), (1, 4), (3,), (2,), (1, 3), (0,), (0, 7), (2, 5), (2,), (2, 1), (4,), (2,), (3, 1), (3,))",28.4073,202.02209,230.42939,3890.795677674578,4234.462380674743,110.52700005440504,855.4549401702872,965.9819402246922,216.53379294273094,867.7728140224407,-6.030305881237229,-10.166766283374567,11.317377614887077,-4.401908978132368,6.417287975435872
744,mobile,GGBBGBGGBGLLGL,"((0, 5), (2, 1), (2,), (1,), (2, 6), (1,), (4, 2), (0, 6), (1,), (1, 3), (4,), (0,), (1, 5), (1,))",17.4715,237.2399,254.7114,4140.740499916751,4092.518494108346,72.3449476442955,970.9086782904146,1043.25362593471,233.22993637864062,923.7580691014814,-8.433648286397617,-11.454123317919533,12.935806552624673,-3.2986735574758255,9.210422964951196
745,mobile,GGBBGBGGBGLLGL,"((3, 1), (4, 2), (2,), (2,), (4, 3), (4,), (0, 6), (1, 6), (5,), (1, 7), (5,), (2,), (4, 6), (0,))",37.0213,187.94698,224.96828,3576.7195011148283,4471.784321716054,132.4148056666224,840.4583584778808,972.8731641445032,213.32426281650103,867.4080494204969,-5.17584842783123,-10.84058216537889,12.158650682855201,-5.9739355888002175,5.458365133793994
746,mobile,GGBBGBGGBGLLGL,"((1, 7), (0, 0), (2,), (2,), (4, 7), (0,), (2, 4), (4, 0), (0,), (0, 4), (3,), (4,), (2, 2), (2,))",14.213,233.47567,247.68867,4844.230637418138,4154.308671126395,68.85105004962399,969.9300003780448,1038.7810504276688,228.65005132511624,921.6227244726093,-7.686511730586532,-11.278442738902974,12.712178513404421,-3.8910142771699094,8.326531555338605
747,mobile,GGBBGBGGBGLLGL,"((4, 6), (1, 0), (4,), (3,), (4, 6), (4,), (2, 3), (0, 1), (0,), (0, 5), (0,), (5,), (2, 0), (4,))",16.5503,222.31378,238.86408,4617.648804945054,4207.521150492577,76.42347301648212,935.3899313959538,1011.813404412436,225.41328501997657,911.8105007157832,-5.6311501419650165,-9.883532206684377,10.9675095448176,-4.506128951572985,5.967170470379056
748,mobile,GGBBGBGGBGLLGL,"((1, 1), (3, 7), (1,), (5,), (0, 3), (3,), (1, 1), (0, 3), (7,), (2, 5), (3,), (3,), (2, 3), (2,))",36.4975,195.48393,231.98143,3529.0147173913047,4343.128155464797,128.80021464798915,849.0117603239094,977.8119749718984,220.86655651280952,880.0357562066948,-4.791277253179475,-9.999490829309345,11.11048250887645,-5.4703113599996325,5.0323931620429985
749,mobile,GGBBGBGGBGLLGL,"((2, 0), (1, 7), (4,), (0,), (1, 6), (1,), (3, 6), (1, 7), (1,), (1, 5), (3,), (5,), (0, 7), (2,))",53.4534,224.41110000000003,277.8645,3426.5699207526422,4205.382910266471,183.1618126019593,943.7346048141004,1126.8964174160596,269.6981763528284,1042.9850081551917,-2.938958969991353,-7.446239775371219,8.045313077825396,-4.643758976360378,3.0279491532372034
750,mobile,LGBBBGLBBBGBBG,"((3,), (2, 5), (1,), (3,), (4,), (1, 6), (2,), (0,), (3,), (1,), (0, 1), (7,), (7,), (0, 4))",49.6202,249.53090999999995,299.15111,3368.615761395469,4161.502650740229,167.1513878035954,1038.423543406621,1205.5749312102166,281.04685051566406,1079.0429203300225,-6.051877756474297,-10.495574153418644,11.726318619605472,-4.7299470078025605,6.441722955129468
751,mobile,LGBBBGLBBBGBBG,"((5,), (3, 1), (7,), (2,), (0,), (4, 3), (3,), (6,), (0,), (7,), (2, 5), (3,), (6,), (1, 0))",35.4159,195.18669,230.60259,3574.667627647717,4567.702717891418,126.60007123400878,891.5547744092296,1018.1548456432384,225.76542679476788,914.2512092999734,-2.097618767088486,-10.205091768494404,11.364889134007509,-8.281180599803891,2.14256154004897
752,mobile,LGBBBGLBBBGBBG,"((4,), (1, 1), (7,), (5,), (3,), (0, 4), (4,), (1,), (4,), (2,), (0, 3), (6,), (0,), (2, 5))",42.2058,214.07311,256.27890999999994,3469.6561476008023,4337.978755701351,146.43961343440995,928.6446033469184,1075.0842167813285,246.4842018244272,972.115277477416,-3.8218939574749786,-9.577755648965708,10.592256051269041,-5.984586231034511,3.9737671230343508
753,mobile,LGBBBGLBBBGBBG,"((4,), (3, 5), (3,), (1,), (4,), (0, 2), (5,), (3,), (1,), (7,), (4, 3), (2,), (2,), (1, 3))",42.0926,202.86848,244.96108,3454.373615496892,4413.142086255242,145.40356684766448,895.28742706263,1040.6909939102943,235.1200626282204,931.4741310514788,-4.017379973904262,-10.494648603467187,11.725163288810585,-6.748376557966313,4.185528560078907
754,mobile,LGBBBGLBBBGBBG,"((1,), (1, 2), (7,), (2,), (1,), (1, 6), (0,), (6,), (3,), (7,), (0, 7), (0,), (7,), (1, 7))",80.631,231.63369999999995,312.26469999999995,3269.255755792078,4366.854456310132,263.603360845271,1011.510655076604,1275.114015921875,300.11486595874993,1152.796327271967,-3.8908765676203614,-9.5926863890266,10.610520328371162,-5.932641582583897,4.0483946046577985
755,mobile,LGBBBGLBBBGBBG,"((4,), (4, 4), (0,), (2,), (3,), (0, 1), (5,), (1,), (1,), (4,), (1, 4), (2,), (1,), (4, 0))",42.228,216.33998000000005,258.56798000000003,3456.1318839206783,4283.615544047035,145.94553719420242,926.7173011268249,1072.6628383210273,242.9832441969403,955.4195974414134,-6.027326277236548,-10.93011118602071,12.271387481854882,-5.217245306064487,6.413913788404348
756,mobile,LGBBBGLBBBGBBG,"((1,), (4, 6), (3,), (3,), (6,), (0, 7), (5,), (7,), (2,), (6,), (3, 4), (2,), (2,), (4, 6))",80.7988,168.00269,248.80149,3293.9797263882188,4844.635757652239,266.1496091164964,813.9118393557642,1080.0614484722605,243.7902977296917,971.9526542234964,-2.0141327410492194,-10.009504033468023,11.122845724942582,-8.159718861587601,2.055533922791525
757,mobile,LGBBBGLBBBGBBG,"((5,), (3, 1), (7,), (1,), (5,), (4, 2), (0,), (5,), (1,), (2,), (4, 6), (3,), (5,), (2, 5))",36.2327,172.94048999999998,209.17319,3616.3843465085647,4714.619171349798,131.03136911174087,815.348549656628,946.379918768369,208.3299611566106,855.0201239216682,-0.40312472329240534,-9.653606657841767,10.685104629779508,-9.287923851876847,0.40475639639538735
758,mobile,LGBBBGLBBBGBBG,"((3,), (4, 7), (7,), (7,), (2,), (3, 3), (3,), (2,), (0,), (6,), (1, 0), (1,), (5,), (1, 6))",49.6165,193.81555,243.43205,3404.4943113535737,4570.752736648668,168.9190919992746,885.8829555675668,1054.802047566841,238.31923315178605,957.4143467763297,-2.100305546543256,-9.232794059810555,10.171949179414492,-7.2855064084578975,2.145364761625268
759,mobile,LGBBBGLBBBGBBG,"((3,), (3, 5), (1,), (5,), (4,), (0, 4), (3,), (0,), (7,), (0,), (3, 6), (5,), (3,), (3, 1))",49.2895,199.2576,248.5471,3386.3667369257087,4483.723558752313,166.9123232796997,893.4159953804448,1060.3283186601443,240.05193767706248,951.4883487782824,-3.417928562810637,-10.26474234125847,11.43891777777554,-7.089114653023941,3.5388851284199823
760,mobile,BLBBBLBGBGGBLB,"((5,), (3,), (3,), (5,), (3,), (1,), (5,), (3, 1), (0,), (0, 5), (0, 7), (4,), (2,), (5,))",17.3762,212.30082,229.67702000000003,4423.375116550118,4267.322809884692,76.86145070019816,905.9561317432242,982.8175824434225,216.6800549822061,883.0307529304089,-5.658800788077945,-10.153138415058624,11.300493123468575,-4.763918271682013,5.998228595087476
761,mobile,BLBBBLBGBGGBLB,"((7,), (5,), (1,), (0,), (6,), (0,), (2,), (0, 5), (6,), (3, 2), (1, 3), (3,), (0,), (2,))",15.7033,231.41190000000003,247.11520000000004,4790.260900765901,4157.265774927818,75.22290400299718,962.0407717810187,1037.263675784016,225.89187107957267,908.4659657620467,-8.588435240093435,-12.417065499244197,14.177494245910479,-4.188343421542671,9.395348676779625
762,mobile,BLBBBLBGBGGBLB,"((6,), (0,), (0,), (0,), (4,), (4,), (3,), (3, 3), (4,), (3, 5), (0, 6), (1,), (3,), (2,))",17.132,235.57277,252.70477,4397.161862026862,4114.847730691919,75.3321770202442,969.3460780473094,1044.6782550675537,238.0332720814603,941.9135718190387,-5.8057859052441705,-9.836969684208633,10.910203050801599,-4.279651162978278,6.163633256076398
763,mobile,BLBBBLBGBGGBLB,"((3,), (2,), (6,), (6,), (4,), (2,), (7,), (3, 1), (7,), (3, 3), (0, 3), (2,), (3,), (6,))",22.4944,169.44575000000003,191.94015,4048.2546664528286,4680.262369204687,91.06305976905652,793.0505673466653,884.1136271157218,189.10615567129472,795.8807759942154,-1.4764989652791631,-9.97980897651718,11.086189512654808,-8.630742839966025,1.498626165100265
764,mobile,BLBBBLBGBGGBLB,"((5,), (2,), (3,), (4,), (0,), (0,), (1,), (2, 0), (3,), (2, 2), (2, 0), (5,), (1,), (1,))",19.6336,211.98788,231.62148,4165.178183483184,4143.829475843804,81.77744238323544,878.4416256656392,960.2190680488746,212.4895458066879,849.9417929915296,-8.259999976389109,-11.484595414400996,12.974685556901894,-3.5149285340985235,9.003706097954266
765,mobile,BLBBBLBGBGGBLB,"((4,), (5,), (2,), (3,), (7,), (4,), (7,), (2, 2), (4,), (4, 2), (4, 1), (1,), (5,), (3,))",20.7381,160.87628999999995,181.61439,4002.905289710289,4693.291593002643,83.01265018854093,755.0393393704549,838.0519895589957,171.87455868202724,728.7016769159168,-5.362918278652228,-13.048153814493283,15.006183752160723,-8.12074442285709,5.666825499166346
766,mobile,BLBBBLBGBGGBLB,"((6,), (1,), (6,), (2,), (6,), (0,), (7,), (0, 1), (5,), (1, 2), (2, 0), (0,), (1,), (2,))",17.7999,225.68571000000009,243.4856100000001,4387.082551892552,4165.439872814258,78.08963071543224,940.080255158396,1018.169885873828,231.0262580821106,919.721186330118,-5.117079369860709,-9.669182020564076,10.704189596473366,-4.797599631705901,5.393045804109963
767,mobile,BLBBBLBGBGGBLB,"((5,), (4,), (5,), (2,), (3,), (0,), (4,), (0, 1), (7,), (3, 7), (3, 3), (5,), (3,), (1,))",19.7821,190.41911000000005,210.20121000000003,4159.228965478967,4400.464446721033,82.27828331800148,837.9325235312617,920.2108068492632,198.7835363603513,817.4611716958636,-5.431783023346411,-11.165880077545175,12.569359709188427,-6.063450530757454,5.743772270431391
768,mobile,BLBBBLBGBGGBLB,"((7,), (3,), (2,), (6,), (6,), (0,), (0,), (2, 5), (2,), (3, 0), (3, 0), (6,), (5,), (6,))",13.674,177.41036,191.08436,5138.772936507937,4564.954226434866,70.26758113380953,809.870172695331,880.1377538291406,176.08150580022232,761.8661735250433,-7.851429703497286,-13.437848767371147,15.52393115931005,-6.062404490811606,8.520403168745915
769,mobile,BLBBBLBGBGGBLB,"((1,), (1,), (4,), (2,), (5,), (5,), (3,), (3, 5), (6,), (1, 2), (0, 0), (0,), (0,), (2,))",41.3154,221.12772,262.44312,3526.974660947612,4162.4159310520445,145.71836890691495,920.425544525216,1066.1439134321308,249.39306937945898,965.94468926265,-4.972525330647281,-9.39828318739067,10.373184436260795,-4.6573455436365,5.232723849548921
770,mobile,BLLGLBBLGLGBLL,"((5,), (0,), (3,), (1, 7), (4,), (4,), (4,), (3,), (1, 7), (5,), (0, 3), (1,), (2,), (4,))",19.5305,196.59787000000003,216.12837,4276.969052197804,4243.181356701666,83.53134407394921,834.200416751258,917.7317608252072,215.4659695828672,858.8055776267464,-0.30648471421535317,-6.4208503741306115,6.86141132912753,-6.133162866599313,0.3074269307655232
771,mobile,BLLGLBBLGLGBLL,"((0,), (2,), (0,), (0, 1), (2,), (5,), (6,), (1,), (0, 3), (1,), (2, 5), (7,), (1,), (0,))",61.4511,222.38407,283.83517,3374.4778034150822,4060.655730309061,207.36537294544053,903.0251481749514,1110.390521120392,274.8166957544549,1027.883721496561,-3.177363201869987,-7.430430830819853,8.026861200185555,-4.392637682257385,3.2816325881463215
772,mobile,BLLGLBBLGLGBLL,"((7,), (3,), (4,), (4, 6), (1,), (2,), (4,), (1,), (2, 2), (3,), (0, 7), (7,), (3,), (3,))",15.9,168.89046000000002,184.79046,4869.529526723277,4508.480634198251,77.42551947490011,761.4393682108345,838.8648876857346,178.57629849716523,752.694778803298,-3.362815105733689,-10.272227404840269,11.448213978505017,-7.149848483962336,3.479835540959781
773,mobile,BLLGLBBLGLGBLL,"((7,), (1,), (5,), (3, 1), (4,), (7,), (2,), (0,), (3, 7), (2,), (2, 0), (4,), (5,), (2,))",15.6341,157.45229,173.08639,4853.475119047618,4545.944518418508,75.87971535870237,715.7693746379413,791.6490899966436,175.99395814260222,734.1693812883178,1.6798363768533333,-7.2607559883091,7.829216278055702,-8.792886263138895,-1.652084067707776
774,mobile,BLLGLBBLGLGBLL,"((2,), (4,), (1,), (4, 5), (0,), (5,), (2,), (5,), (3, 7), (1,), (4, 1), (7,), (0,), (4,))",31.7555,154.49290000000002,186.24840000000003,3680.8959410878974,4637.594858795997,116.88869105721672,716.4754787604843,833.364169817701,181.568653766157,747.2872957857056,-2.51263701263636,-10.328842677604534,11.518578532971475,-8.017660366894244,2.5773976602096047
775,mobile,BLLGLBBLGLGBLL,"((0,), (4,), (1,), (3, 3), (4,), (0,), (3,), (0,), (4, 5), (2,), (4, 5), (5,), (3,), (1,))",61.3721,176.96180000000004,238.33390000000003,3389.4079062807104,4322.086859191794,208.0150809650504,764.8442703589266,972.859351323977,235.30292104591524,902.1691736839102,-1.2717363975853988,-7.266227902714155,7.8355789248939915,-6.0717076208986835,1.28811786127098
776,mobile,BLLGLBBLGLGBLL,"((4,), (2,), (2,), (4, 0), (5,), (7,), (1,), (0,), (0, 1), (4,), (4, 4), (4,), (2,), (5,))",22.5529,167.95704,190.50994,4028.9622634782654,4488.601953308634,90.86478303199895,753.8922978159363,844.7570808479353,189.00090946012827,776.0484219959247,-0.7921006850727739,-8.133540447277861,8.853656151416194,-7.400055653734088,0.7984250150870665
777,mobile,BLLGLBBLGLGBLL,"((0,), (4,), (1,), (4, 7), (5,), (5,), (0,), (3,), (4, 1), (0,), (3, 6), (5,), (2,), (2,))",61.5772,158.01369999999997,219.5909,3397.264256008219,4565.128029132285,209.1940205450693,721.3527708569,930.5467914019692,220.9703260886695,861.5572074461959,0.6281799877269524,-7.413875862366158,8.007545332975665,-7.99185263121518,-0.624258520628682
778,mobile,BLLGLBBLGLGBLL,"((3,), (2,), (0,), (2, 4), (4,), (7,), (2,), (3,), (2, 0), (0,), (3, 7), (0,), (2,), (3,))",26.2307,175.39826,201.62896,3791.9636377708975,4374.761525219926,99.46586059327709,767.325559438521,866.7914200317981,207.6616732511791,820.028424431014,2.991987485914277,-5.394953678598788,5.702606666742206,-8.143294803064277,-2.9050682086540567
779,mobile,BLLGLBBLGLGBLL,"((1,), (2,), (3,), (4, 0), (2,), (3,), (0,), (4,), (2, 7), (5,), (4, 0), (4,), (2,), (4,))",41.8334,158.03331000000003,199.86671,3527.525001403448,4510.0207686414,147.568364393711,712.7335102371447,860.3018746308558,197.3887357858685,791.6072953297476,-1.2398133806933165,-7.984938929789517,8.67786081639041,-6.829802352537875,1.2553777216647517
780,mobile,BBGLLGLGLGBLLG,"((6,), (5,), (4, 7), (0,), (4,), (0, 4), (2,), (4, 5), (0,), (4, 7), (4,), (0,), (0,), (4, 6))",15.6296,176.44211999999996,192.07172,4801.975515873014,4670.504719314957,75.05295652288885,824.0737541459357,899.1267106688246,192.56094122233225,817.1908613414778,0.25470757607223354,-9.112825629037086,10.026525405930647,-9.343734006706192,-0.2540604648205369
781,mobile,BBGLLGLGLGBLLG,"((3,), (7,), (4, 4), (2,), (0,), (3, 1), (0,), (3, 7), (3,), (4, 0), (0,), (3,), (2,), (4, 5))",23.7716,163.95169,187.72329,3964.2316726174586,4650.419615676483,94.23612962879318,762.4441551993099,856.680284828103,188.19906664223527,789.264216669176,0.2534457190875328,-7.869454842474212,8.54163494747473,-8.10236546315057,-0.25280499564842335
782,mobile,BBGLLGLGLGBLLG,"((4,), (1,), (3, 3), (0,), (0,), (4, 4), (2,), (3, 2), (5,), (3, 6), (7,), (1,), (5,), (0, 5))",20.8716,198.91035,219.78195,4069.634056776556,4382.750446774008,84.93977417941757,871.7744253304743,956.7141995098918,214.02015179758888,866.9381790906394,-2.6215975435703953,-9.383786763616877,10.35552737029318,-6.9442392249884195,2.6921755517024186
783,mobile,BBGLLGLGLGBLLG,"((5,), (2,), (0, 7), (4,), (3,), (1, 3), (3,), (0, 3), (1,), (3, 4), (7,), (2,), (4,), (2, 4))",18.1703,200.14141000000004,218.31171000000003,4292.727418137419,4310.277120686541,78.00014500578234,862.6649404249446,940.6650854307268,207.73985274433772,845.3760381634376,-4.842551622935071,-10.12996535569902,11.27179420347694,-5.556489610579267,5.088988519055578
784,mobile,BBGLLGLGLGBLLG,"((7,), (2,), (3, 5), (4,), (0,), (0, 2), (4,), (4, 5), (5,), (2, 1), (3,), (4,), (2,), (0, 4))",14.7836,200.18895,214.97255,4861.429599567099,4353.942350057148,71.86943062816016,871.611147418473,943.4805780466332,208.8451266307148,856.8495124125797,-2.850328271812017,-9.182071963093627,10.11041780138635,-6.517514242350698,2.933955638869139
785,mobile,BBGLLGLGLGBLLG,"((1,), (6,), (3, 3), (4,), (1,), (1, 5), (1,), (2, 2), (2,), (3, 7), (6,), (1,), (0,), (0, 7))",40.629,206.68942,247.31842,3592.949014452024,4333.823443674071,145.9779255081713,895.7554539553965,1041.733379463568,237.5882489125469,939.2302923829106,-3.9342686595899736,-9.839666185357387,10.91352013579098,-6.147246727182634,4.0953923992405175
786,mobile,BBGLLGLGLGBLLG,"((6,), (0,), (2, 6), (2,), (4,), (4, 5), (3,), (3, 4), (4,), (2, 5), (3,), (2,), (3,), (1, 3))",16.6257,180.65954,197.28524,4487.89717948718,4444.935143249096,74.61443213700001,803.0199383092157,877.6343704462157,196.42472976608056,808.5439482677938,-0.43617567838294824,-7.872346902650848,8.545042273390301,-7.468748086902663,0.43808650516876707
787,mobile,BBGLLGLGLGBLLG,"((1,), (6,), (0, 6), (0,), (1,), (4, 7), (4,), (2, 6), (1,), (0, 5), (5,), (2,), (4,), (0, 1))",41.6553,238.49688000000003,280.15218000000004,3480.157906109217,4149.5694114536345,144.96702162635123,989.6593579751284,1134.6263796014796,267.0275130108478,1025.9460723282964,-4.684834859808057,-9.578510532370622,10.59317933022957,-5.134204683341651,4.915099137600492
788,mobile,BBGLLGLGLGBLLG,"((3,), (0,), (3, 2), (4,), (2,), (0, 6), (1,), (2, 3), (0,), (1, 2), (5,), (0,), (4,), (3, 2))",25.2417,213.57193,238.81363,3805.900050078062,4186.953826538225,96.06738729405542,894.215809554654,990.2831968487094,226.3953571882996,895.3038178268797,-5.1999849471323625,-9.591133054067175,10.60861990428765,-4.632012035531817,5.485215317985406
789,mobile,BBGLLGLGLGBLLG,"((0,), (7,), (4, 6), (0,), (2,), (1, 6), (3,), (3, 5), (0,), (0, 4), (5,), (2,), (5,), (3, 7))",51.6304,194.77189,246.40229,3582.098723559669,4414.982484326439,184.94518993687512,859.914482789156,1044.859672726031,254.8412798569703,992.9712470369983,3.4248828843962023,-4.966066453082279,5.225571822332868,-8.113085655467954,-3.311468951068946
790,mobile,LGLBLLGGGLLGGG,"((0,), (1, 4), (2,), (3,), (5,), (1,), (4, 4), (1, 3), (0, 6), (5,), (2,), (0, 1), (3, 3), (4, 0))",117.746,221.56420000000003,339.3102,3207.034433306851,4231.522294332699,377.6154763841485,937.5538519259892,1315.1693283101376,338.1832728976894,1265.953612185887,-0.33212296662776924,-3.742158143810111,3.8876397721454605,-3.421398427138718,0.33322969898974564
791,mobile,LGLBLLGGGLLGGG,"((4,), (0, 1), (0,), (2,), (2,), (3,), (4, 2), (0, 6), (2, 0), (2,), (5,), (3, 0), (2, 6), (3, 7))",42.2911,215.3003,257.5914,3519.690098522165,4224.61027883487,148.85156592561074,909.5598604162312,1058.411426341842,249.15697563243918,986.1720957568592,-3.2743423761666097,-6.825259892994681,7.325225576327139,-3.671122641148231,3.3851849205311604
792,mobile,LGLBLLGGGLLGGG,"((4,), (2, 7), (4,), (0,), (0,), (3,), (3, 6), (4, 4), (0, 2), (2,), (2,), (3, 4), (0, 0), (1, 4))",42.2643,234.8468100000001,277.11111000000005,3454.6348476555363,4135.00585456239,146.0077235917679,971.0929342753016,1117.1006578670697,265.87163620046874,1035.2120340516233,-4.055944851699128,-7.330460620424307,7.910323790861469,-3.41294284847952,4.227406112270164
793,mobile,LGLBLLGGGLLGGG,"((2,), (0, 4), (1,), (5,), (2,), (4,), (4, 6), (1, 3), (0, 6), (2,), (2,), (0, 0), (4, 0), (3, 7))",60.6873,225.6999,286.3872,3358.529404973504,4201.083303784852,203.8200815584485,948.1840815559108,1152.0041631143597,285.4748487309207,1108.9953907887368,-0.3185726418915702,-3.7333868837202626,3.8781741279406194,-3.4257276729805093,0.3195907706528842
794,mobile,LGLBLLGGGLLGGG,"((4,), (3, 7), (4,), (7,), (5,), (0,), (0, 1), (1, 3), (0, 3), (3,), (3,), (1, 3), (3, 0), (0, 4))",42.2288,244.62095,286.84975,3448.6748263231007,4141.312486553915,145.63339950583295,1013.0517947076808,1158.6851942135138,276.6750805040524,1081.2576197113472,-3.547037951383109,-6.682365053842128,7.160881282190328,-3.2506281153695036,3.6774795465537258
795,mobile,LGLBLLGGGLLGGG,"((0,), (4, 0), (0,), (6,), (2,), (0,), (1, 3), (0, 7), (4, 3), (3,), (2,), (0, 0), (4, 1), (4, 6))",117.85,217.67160000000004,335.52160000000003,3234.1783628652047,4312.275378634276,381.1479200636644,938.6598813079288,1319.807801371593,333.23674229351064,1267.717605215749,-0.6809867699991268,-3.946801655643345,4.10897473865869,-3.288207141246264,0.6856559966238386
796,mobile,LGLBLLGGGLLGGG,"((0,), (2, 5), (0,), (2,), (0,), (2,), (3, 1), (0, 6), (1, 0), (1,), (1,), (1, 4), (4, 0), (4, 1))",117.721,232.7133,350.4343,3215.276112922166,4112.770673905884,378.5055192893103,957.0964356678622,1335.6019549571724,342.2941266679094,1275.9982693698637,-2.3228814451355433,-4.462683314148039,4.671141569552705,-2.1906889767746196,2.3781224093243436
797,mobile,LGLBLLGGGLLGGG,"((5,), (3, 1), (2,), (3,), (4,), (1,), (2, 0), (4, 4), (2, 4), (5,), (0,), (4, 7), (3, 0), (1, 2))",36.2072,186.87580000000003,223.08300000000003,3582.8484591567835,4422.48063005746,129.7249107303815,826.454605726492,956.1795164568734,220.51367162241633,896.5462557595495,-1.151736518508224,-6.236617671783561,6.651442724146225,-5.144127953474297,1.1651560461898047
798,mobile,LGLBLLGGGLLGGG,"((3,), (1, 6), (1,), (5,), (0,), (2,), (2, 1), (1, 2), (1, 7), (1,), (1,), (2, 0), (4, 7), (0, 0))",49.0124,245.0657,294.07809999999995,3373.491458944281,4064.5970096598608,165.34291278236068,996.0933113902004,1161.4362241725612,280.29042183810003,1079.2103664574229,-4.688440982820524,-7.079670497940449,7.619075971726433,-2.508855735628998,4.919068611578849
799,mobile,LGLBLLGGGLLGGG,"((4,), (2, 5), (3,), (7,), (1,), (1,), (2, 1), (2, 0), (3, 7), (0,), (5,), (3, 6), (1, 1), (0, 7))",42.3208,216.13575,258.45655,3506.068007662834,4296.04570660546,148.37960293869727,928.5290608314508,1076.9086637701482,249.81250166830512,996.2113492815895,-3.344488012277064,-7.493422348933994,8.100421115133148,-4.292496362942978,3.4602144704400026
800,mobile,LLGLBGBLGBLGBB,"((1,), (1,), (2, 3), (5,), (4,), (1, 6), (2,), (0,), (1, 7), (4,), (3,), (0, 4), (6,), (3,))",80.5172,205.50365000000005,286.02085000000005,3255.967289245842,4221.334394137376,262.1613694216653,867.4996258657695,1129.6609952874348,279.34462212518605,1058.5092578517533,-2.3341752445019313,-6.298503509681454,6.72188144864071,-4.059074169602343,2.389961125445288
801,mobile,LLGLBGBLGBLGBB,"((1,), (5,), (1, 7), (2,), (2,), (3, 5), (6,), (3,), (3, 6), (4,), (2,), (0, 1), (7,), (5,))",80.5244,183.07459,263.59899,3284.013103718894,4416.882491525224,264.4431847691017,808.6189512141589,1073.0621359832603,257.0853507249858,984.8340124905086,-2.4710410593812266,-8.222088967094825,8.958679571762037,-5.8967592499527965,2.533648555487751
802,mobile,LLGLBGBLGBLGBB,"((4,), (3,), (1, 2), (2,), (5,), (4, 3), (0,), (3,), (4, 7), (0,), (1,), (4, 6), (6,), (6,))",41.8527,169.76007,211.61277,3525.488825031929,4608.656830828644,147.5512261474138,782.3659062074488,929.9171323548626,209.50880455659942,844.40067764838,-0.9942525885373537,-9.196137132125546,10.127473481504353,-8.284250922829363,1.0042372433241713
803,mobile,LLGLBGBLGBLGBB,"((2,), (5,), (1, 4), (5,), (3,), (0, 1), (2,), (1,), (1, 2), (4,), (2,), (0, 4), (4,), (1,))",59.7943,219.18759000000003,278.98189,3300.6156680161944,4097.737317512107,197.3580034380608,898.1731670785437,1095.5311705166043,267.9712153776671,1013.7981091410355,-3.9467345433543883,-7.460587482602352,8.062064886352866,-3.658233712870453,4.108901997856368
804,mobile,LLGLBGBLGBLGBB,"((2,), (5,), (2, 3), (2,), (4,), (1, 6), (6,), (1,), (4, 5), (1,), (0,), (1, 7), (6,), (0,))",59.792,206.08536,265.87736,3297.52976045884,4259.602778843584,197.16589943735497,877.8417721349804,1075.0076715723353,257.16944549660855,982.3328463345958,-3.2751620910450834,-8.620852454214653,9.434157229246638,-5.526698704009575,3.386061079914054
805,mobile,LLGLBGBLGBLGBB,"((0,), (5,), (2, 6), (1,), (3,), (3, 5), (3,), (2,), (2, 2), (0,), (1,), (4, 5), (1,), (6,))",117.793,186.89697,304.68997,3228.5218386876268,4320.047552299839,380.2972729445317,807.4037977807563,1187.701070725288,301.72273438855075,1116.4548658608617,-0.9738540495603674,-5.998664699436427,6.381467540068514,-5.074226207279503,0.9834312344618079
806,mobile,LLGLBGBLGBLGBB,"((1,), (1,), (2, 0), (0,), (2,), (4, 7), (3,), (4,), (3, 3), (3,), (1,), (3, 4), (1,), (1,))",80.0715,195.12697999999995,275.19848,3244.9447024673464,4219.783887304724,259.8275897436141,823.393686182431,1083.221275926045,266.70111230372004,999.7296912960967,-3.087723339271343,-7.707712771665375,8.351415923408847,-4.767186977319428,3.1861013337669037
807,mobile,LLGLBGBLGBLGBB,"((0,), (4,), (4, 6), (4,), (6,), (2, 4), (2,), (4,), (1, 1), (4,), (0,), (3, 2), (2,), (2,))",117.853,183.09622,300.94922,3206.324114482009,4332.492906647478,377.87491586404815,793.263074383966,1171.137990248014,294.0373234640568,1089.1024842951401,-2.296698604483255,-7.0047685785943115,7.532395448162676,-4.818741953306302,2.3506867953068387
808,mobile,LLGLBGBLGBLGBB,"((5,), (2,), (0, 4), (2,), (0,), (0, 3), (3,), (3,), (2, 5), (7,), (1,), (0, 1), (3,), (1,))",35.3904,231.16143,266.55183,3597.6096014492778,4054.740000857484,127.32084283913052,937.2994968764172,1064.6203397155475,254.12364268482273,978.6367060115978,-4.662578124178427,-8.076459794758705,8.786062608909614,-3.5808411884966977,4.890606471665991
809,mobile,LLGLBGBLGBLGBB,"((3,), (0,), (2, 4), (2,), (7,), (2, 0), (4,), (5,), (1, 1), (3,), (0,), (3, 7), (3,), (2,))",49.2103,195.65847,244.86877,3384.4057917888563,4271.679506557291,166.54762433566714,835.7902765833544,1002.3379009190216,241.33117603489336,929.5010453834944,-1.4446897271165495,-7.266696736574033,7.836124111670703,-5.907349886411288,1.4658669564495694
810,mobile,LBBBGGLBBGBGGG,"((2,), (6,), (5,), (6,), (0, 6), (0, 1), (4,), (5,), (1,), (1, 0), (0,), (3, 2), (1, 2), (2, 0))",59.8362,212.6686,272.5048,3293.962072495476,4318.195789210487,197.09817336225385,918.3446530172896,1115.4428263795432,268.83448809884203,1047.2210161002768,-1.3468797251123499,-6.116118967809219,6.514557025728558,-4.8343521516682095,1.3652682463153702
811,mobile,LBBBGGLBBGBGGG,"((5,), (0,), (2,), (4,), (1, 2), (4, 5), (1,), (7,), (4,), (1, 2), (4,), (2, 6), (2, 7), (2, 2))",36.3482,189.92276,226.27096,3578.529574074074,4516.740722293369,130.07310866435924,857.8318641823503,987.9049728467096,217.67471283979145,900.1160087580788,-3.7990943072007775,-8.886377384624497,9.753072185634855,-5.2881862606045225,3.949125301722758
812,mobile,LBBBGGLBBGBGGG,"((1,), (7,), (3,), (5,), (3, 4), (4, 7), (0,), (4,), (7,), (3, 0), (4,), (1, 3), (4, 6), (3, 3))",80.855,155.74039999999997,236.5954,3258.545295379343,4962.290840569419,263.4696798578968,772.8291604266174,1036.2988402845142,238.15004100250096,960.6102704635316,0.6570884313477539,-7.303739701204569,7.879217217244605,-7.908859928907976,-0.652798964869646
813,mobile,LBBBGGLBBGBGGG,"((2,), (3,), (4,), (4,), (4, 6), (0, 6), (2,), (5,), (4,), (2, 4), (0,), (4, 7), (2, 7), (2, 3))",60.426,190.20405,250.63005,3305.993808136665,4503.427564781962,199.7679818504661,856.5701617031666,1056.3381435536328,245.6728372016247,979.7482296628907,-1.9779004147249337,-7.250511056344661,7.81730566811997,-5.379001943365621,2.0178107009473383
814,mobile,LBBBGGLBBGBGGG,"((5,), (6,), (1,), (1,), (2, 6), (0, 6), (3,), (6,), (4,), (1, 1), (5,), (0, 3), (0, 0), (2, 2))",36.3769,226.17427,262.55117,3579.7485237154124,4271.834981226149,130.22015407234318,966.179158439288,1096.399312511631,252.5169312312848,1008.2210528506074,-3.8218221494557523,-8.042531462284932,8.745925252375136,-4.38842719539554,3.973689494715381
815,mobile,LBBBGGLBBGBGGG,"((5,), (1,), (7,), (2,), (2, 2), (1, 3), (4,), (6,), (5,), (3, 2), (3,), (4, 4), (4, 5), (1, 5))",36.212,172.88414999999998,209.09615,3618.27260803689,4699.070750968941,131.02488768223188,812.3948525711269,943.4197402533588,204.28786852366306,858.378207107217,-2.299555241135205,-9.014177838096069,9.907233483097906,-6.872663285753986,2.353679399117117
816,mobile,LBBBGGLBBGBGGG,"((3,), (6,), (5,), (0,), (1, 4), (0, 0), (4,), (1,), (6,), (0, 4), (2,), (2, 1), (1, 2), (0, 0))",48.9507,259.48894,308.43964,3357.302926441838,4100.682190121603,164.34232836137645,1064.0816747915333,1228.4240031529098,296.0321889671451,1129.6715022696008,-4.022651249643174,-8.038958912382688,8.741700634645312,-4.184641183604875,4.191250646135636
817,mobile,LBBBGGLBBGBGGG,"((0,), (4,), (1,), (4,), (4, 0), (1, 4), (5,), (7,), (7,), (4, 6), (7,), (3, 4), (0, 6), (3, 0))",117.913,165.22688,283.13988,3215.835224424698,4971.106213970214,379.1887788175894,821.3603698829108,1200.5491487005002,284.40760444355845,1115.2432476726888,0.4477378614268148,-7.1055734053160835,7.649084736072551,-7.519642978085892,-0.445742105257259
818,mobile,LBBBGGLBBGBGGG,"((5,), (6,), (1,), (0,), (1, 4), (1, 7), (1,), (6,), (7,), (0, 1), (4,), (2, 5), (2, 7), (4, 5))",36.6201,204.80767,241.42776999999995,3656.221667325429,4504.209560159736,133.89120307962392,922.4966652080404,1056.3878682876643,232.62541139543876,955.6224758772903,-3.645959453861167,-9.538673761343754,10.544477024555988,-6.115689880862733,3.7839196293126163
819,mobile,LBBBGGLBBGBGGG,"((1,), (2,), (0,), (4,), (4, 2), (3, 5), (5,), (0,), (0,), (0, 5), (5,), (2, 3), (3, 0), (4, 3))",80.858,210.24308,291.10108,3271.258131752944,4349.594456159091,264.50739001727953,914.4721352138124,1178.979525231092,287.47584148223405,1111.0564157750096,-1.2453538536394226,-5.761178035960287,6.113380787122618,-4.572771366754883,1.2610584941935141
820,mobile,BGBGGGLBBBLGLB,"((0,), (0, 5), (6,), (3, 2), (1, 4), (1, 0), (5,), (4,), (3,), (1,), (2,), (1, 7), (0,), (5,))",60.2134,198.6090700000001,258.82247000000007,3443.900595847825,4284.711309422585,207.36896413802344,850.9825283829023,1058.3514925209256,255.3877782558588,986.0918788337098,-1.3270454238927845,-6.827562884150904,7.3278783892511425,-5.574493521439589,1.3448927617437683
821,mobile,BGBGGGLBBBLGLB,"((4,), (0, 7), (6,), (0, 0), (2, 5), (4, 2), (1,), (6,), (4,), (5,), (2,), (3, 5), (0,), (6,))",20.4027,178.52528999999998,198.92799,4232.752586996337,4544.970495565769,86.35958120671016,811.3921757623225,897.7517569690326,194.5271549794304,808.8827534973441,-2.2122754171344052,-9.899062049371627,10.986635960211538,-7.8606866710794625,2.262324260607692
822,mobile,BGBGGGLBBBLGLB,"((4,), (2, 6), (3,), (0, 4), (4, 0), (0, 0), (5,), (7,), (5,), (0,), (4,), (0, 4), (1,), (4,))",20.588,214.25584,234.84384,4096.571386807636,4273.6336707650735,84.34021171159561,915.6509719820544,999.99118369365,227.5425507689255,911.0197265282995,-3.1089975496374493,-8.897224157188878,9.766139478055173,-5.973956777376455,3.2087577494414012
823,mobile,BGBGGGLBBBLGLB,"((1,), (1, 2), (7,), (3, 7), (0, 0), (4, 6), (0,), (0,), (3,), (2,), (5,), (2, 2), (0,), (1,))",41.5909,201.10869,242.69959,3499.2273299369863,4280.084991998281,145.5360139566762,860.7622858294347,1006.298299786111,237.75846064330656,928.2535384531734,-2.0359034626689883,-7.755628857718036,8.40769876977686,-5.838593522749876,2.0782138912424646
824,mobile,BGBGGGLBBBLGLB,"((2,), (1, 7), (7,), (0, 7), (1, 6), (0, 4), (0,), (6,), (7,), (1,), (2,), (0, 1), (4,), (3,))",30.1038,220.23107,250.33487,3691.9273976608174,4298.247784104562,111.1410439937017,946.6077086184766,1057.7487526121784,242.1985321720425,962.4087860965358,-3.250181577962952,-9.013479456269215,9.906389872263624,-5.956908211616393,3.359367108871637
825,mobile,BGBGGGLBBBLGLB,"((1,), (4, 0), (3,), (3, 0), (3, 0), (3, 4), (1,), (3,), (5,), (7,), (3,), (1, 2), (2,), (0,))",41.5553,179.07020999999995,220.62551,3486.3702658133693,4442.603059706435,144.87716230695432,795.5378628482736,940.415025155228,216.1560488778031,858.3559212890141,-2.0258133894837864,-8.72583930192619,9.560032363146487,-6.838562425710659,2.067701156363909
826,mobile,BGBGGGLBBBLGLB,"((5,), (4, 7), (7,), (1, 6), (0, 5), (4, 1), (0,), (5,), (3,), (2,), (2,), (4, 4), (0,), (1,))",19.0433,174.16451,193.20781,4220.812215007215,4574.416064661911,80.37819325404688,796.7009324379701,877.079125692017,191.38650289400329,798.5781254426935,-0.9426674346118354,-8.950275744777997,9.830096486277561,-8.08381177120865,0.951638218190024
827,mobile,BGBGGGLBBBLGLB,"((4,), (2, 6), (2,), (3, 7), (2, 1), (0, 5), (5,), (0,), (5,), (5,), (5,), (2, 1), (0,), (6,))",20.493,184.13363,204.62663,4245.434632034634,4437.698926860204,87.00169191428576,817.1296122498738,904.1313041641596,195.86087045462457,808.6837194840681,-4.283782392045175,-10.55682777938208,11.802832477075967,-6.553795735045382,4.475503210533407
828,mobile,BGBGGGLBBBLGLB,"((3,), (4, 1), (2,), (3, 1), (1, 3), (4, 1), (0,), (2,), (5,), (6,), (3,), (1, 7), (2,), (6,))",22.9328,164.0043,186.9371,4007.388748114631,4642.758893283822,91.9006446827632,761.4324223617879,853.3330670445511,183.62810874386946,770.8926403282859,-1.7701094411599012,-9.660990520593655,10.694151481477089,-8.033075303801844,1.8020069360655526
829,mobile,BGBGGGLBBBLGLB,"((1,), (2, 0), (7,), (2, 4), (0, 1), (2, 1), (5,), (3,), (6,), (3,), (2,), (3, 3), (4,), (7,))",33.7913,167.82559,201.61689,3739.7464595191823,4612.263084224177,126.37089453755054,774.0557733451423,900.4266678826928,203.83960836112692,821.7362145152757,1.1024465069007403,-8.739240648264406,9.576120898338987,-9.734370922956243,-1.0904251528923077
830,mobile,LGBBLLGBBBLBGG,"((5,), (4, 3), (3,), (0,), (5,), (2,), (0, 6), (0,), (1,), (1,), (4,), (7,), (3, 1), (0, 3))",36.3191,239.30046,275.61956,3575.303301560757,4203.627448921196,129.8517981397153,1005.9299821954688,1135.781780335184,260.41461025318586,1010.2117685654204,-5.5166439373222005,-11.05582198481,12.430068197293227,-5.862596628990667,5.8387468091868
831,mobile,LGBBLLGBBBLBGG,"((2,), (3, 0), (3,), (1,), (4,), (3,), (0, 2), (1,), (3,), (0,), (4,), (0,), (3, 3), (2, 2))",60.4287,224.23154,284.66024,3310.0175640142616,4134.984181656287,200.02005837054853,927.1938709284289,1127.2139292989775,268.2281378735761,1015.3723786042503,-5.772531536692268,-9.921945407850153,11.014830918334285,-4.40361387059196,6.126166425600295
832,mobile,LGBBLLGBBBLBGG,"((3,), (3, 2), (6,), (3,), (1,), (1,), (2, 7), (5,), (4,), (5,), (0,), (1,), (1, 6), (1, 5))",49.5837,195.01037,244.59407,3393.168868623207,4392.537524946709,168.24586723115252,856.5903679787418,1024.8362352098943,227.99611575719575,900.4507399034799,-6.785918498679971,-12.137109426164987,13.81369238696471,-5.740753801676666,7.279928514431457
833,mobile,LGBBLLGBBBLBGG,"((1,), (3, 1), (4,), (6,), (1,), (4,), (3, 5), (5,), (5,), (1,), (4,), (0,), (1, 4), (3, 6))",80.7856,176.53953,257.32513,3279.867821050369,4538.07533484051,264.9660898442467,801.1496867173363,1066.115776561583,248.96812473477115,967.968000274428,-3.2476444353603746,-9.206108608926078,10.139568276981183,-6.158469361074,3.3566567102241205
834,mobile,LGBBLLGBBBLBGG,"((3,), (2, 3), (4,), (6,), (4,), (3,), (3, 6), (2,), (4,), (5,), (4,), (2,), (2, 0), (0, 7))",49.7007,187.30286,237.00356,3410.5593383431096,4512.704263478787,169.50718650718937,845.2424148837704,1014.7496013909596,227.77042349482187,906.0831900139567,-3.895779668954392,-10.708692196385128,11.992983930684009,-7.0890877673869275,4.053703006522266
835,mobile,LGBBLLGBBBLBGG,"((5,), (4, 5), (5,), (2,), (4,), (2,), (3, 7), (4,), (6,), (7,), (0,), (5,), (2, 5), (2, 7))",36.2873,164.55160999999998,200.83891,3636.812113306984,4831.1346166381645,131.97009219920452,794.9709792945426,926.9410714937472,190.28475209649983,795.8060584444398,-5.255036438656318,-14.147071165806251,16.4782627196426,-9.385232093516704,5.546507424908018
836,mobile,LGBBLLGBBBLBGG,"((1,), (4, 5), (6,), (3,), (0,), (5,), (2, 3), (7,), (4,), (0,), (3,), (3,), (3, 1), (3, 5))",80.7986,169.13926,249.93786,3275.2963325807686,4667.451728132528,264.6393582576605,789.449331382057,1054.0886896397176,243.59472629478336,950.9567457079944,-2.5378842986079198,-9.783991133324196,10.84507201796447,-7.4347932861596755,2.6039700455339747
837,mobile,LGBBLLGBBBLBGG,"((5,), (1, 0), (5,), (1,), (5,), (1,), (3, 5), (4,), (4,), (0,), (0,), (6,), (1, 4), (3, 0))",36.1859,198.66855,234.85445,3581.60674110672,4369.183392129598,129.60366337301366,868.0193291984687,997.6229925714824,223.0021506760757,886.5093133611126,-5.0466573334779525,-11.1378426557674,12.533842288592892,-6.414924584257979,5.314881174011866
838,mobile,LGBBLLGBBBLBGG,"((4,), (2, 3), (7,), (1,), (3,), (0,), (4, 7), (4,), (3,), (6,), (1,), (5,), (1, 2), (3, 2))",42.5198,174.69496,217.21476,3464.75468731141,4636.921144901725,147.3206763535437,810.046753931761,957.3674302853047,208.10372139880587,835.306382059044,-4.194484113876118,-12.749655395095836,14.612727838302654,-8.929727273102463,4.37812382207906
839,mobile,LGBBLLGBBBLBGG,"((2,), (1, 5), (7,), (5,), (1,), (2,), (3, 7), (2,), (5,), (0,), (3,), (1,), (1, 3), (0, 1))",59.9642,223.03886,283.00306,3297.208886639676,4272.709426826801,197.71449312023884,952.9802396707032,1150.694732790942,269.357491817127,1027.6423595390224,-4.821703405918289,-10.693746112269352,11.974241048911034,-6.169518594553404,5.065969426288421
840,mobile,GBBGGBGGGGBLBB,"((2, 3), (0,), (5,), (1, 0), (3, 4), (6,), (1, 5), (4, 2), (4, 1), (4, 7), (1,), (1,), (0,), (0,))",22.9715,209.0485,232.02,3733.659751849458,4359.38534775782,85.76776498960983,911.3229678707507,997.0907328603606,216.4732444858679,878.2327106064295,-6.700610082808428,-11.920482092232708,13.533773089806491,-5.594754707460802,7.181836975306707
841,mobile,GBBGGBGGGGBLBB,"((0, 2), (6,), (3,), (4, 5), (3, 2), (5,), (0, 3), (3, 1), (4, 1), (1, 5), (4,), (1,), (0,), (3,))",24.6931,180.02340000000004,204.7165,3686.8436939999287,4526.12445378302,91.03960002030963,814.8083129931623,905.847913013472,199.03790409546832,819.236466299802,-2.7738828597263416,-9.5613673630423,10.57221574924061,-6.981132953734289,2.853022357896195
842,mobile,GBBGGBGGGGBLBB,"((2, 3), (2,), (4,), (2, 6), (0, 6), (4,), (0, 1), (3, 5), (2, 6), (3, 7), (3,), (3,), (0,), (3,))",20.0767,190.87056,210.94726,3859.271666944167,4402.508772199496,77.48143947573794,840.3093147546303,917.7907542303684,199.48784540184573,820.3243233396219,-5.4323600117651525,-10.619678880125456,11.881450801550173,-5.485300118524313,5.744417448125997
843,mobile,GBBGGBGGGGBLBB,"((1, 6), (1,), (3,), (4, 4), (3, 1), (1,), (1, 5), (0, 2), (3, 3), (3, 1), (5,), (3,), (1,), (6,))",11.1864,190.87224,202.05864,4809.917341269841,4429.828789785783,53.80565934638096,845.5313439229014,899.3370032692824,191.1876291515045,805.0710465040352,-5.380126704057546,-10.48171668935786,11.709023343292554,-5.391668586729204,5.686043023150255
844,mobile,GBBGGBGGGGBLBB,"((1, 3), (2,), (7,), (1, 6), (3, 6), (3,), (1, 2), (1, 7), (0, 2), (4, 2), (2,), (0,), (6,), (4,))",19.2261,204.2675,223.4936,3909.690926295928,4372.149778365183,75.16810871805814,893.08810485221,968.256213570268,214.53830470251364,877.8321162834986,-4.0069582741905565,-9.338860522603513,10.300841767968155,-5.55446744113265,4.174217424671115
845,mobile,GBBGGBGGGGBLBB,"((2, 6), (1,), (3,), (3, 5), (1, 6), (2,), (0, 0), (4, 3), (1, 0), (0, 5), (3,), (3,), (7,), (3,))",14.0631,209.5962,223.6593,4473.677348484849,4317.122366999825,62.91377191947728,904.8524430581688,967.7662149776462,204.09686523296466,847.6747101439653,-8.746533127410906,-12.40914416881714,14.167168537242919,-4.013667827568761,9.584877624017393
846,mobile,GBBGGBGGGGBLBB,"((1, 2), (4,), (5,), (1, 5), (0, 3), (4,), (4, 1), (3, 4), (1, 4), (0, 0), (0,), (2,), (7,), (7,))",20.4018,209.794,230.1958,4031.553464052288,4360.354636116093,82.25094746290196,914.7762405293398,997.0271879922418,228.64010573243905,922.8514830250622,-0.675813489021493,-7.439687288422952,8.037664383876304,-6.809895995124832,0.6804118037722817
847,mobile,GBBGGBGGGGBLBB,"((0, 5), (1,), (1,), (2, 0), (3, 6), (5,), (4, 2), (2, 4), (3, 3), (3, 4), (6,), (1,), (0,), (5,))",14.1801,181.615,195.7951,4425.965104617604,4481.145617646072,62.76062777998808,813.8432613487915,876.6038891287797,185.4618897721088,779.9807622892449,-5.277563242334045,-11.022438759148613,12.387885895537446,-6.064957483634016,5.57160839921798
848,mobile,GBBGGBGGGGBLBB,"((2, 0), (4,), (5,), (4, 2), (4, 0), (2,), (0, 4), (1, 6), (2, 0), (0, 1), (5,), (5,), (0,), (2,))",51.5471,210.38213,261.92923,3434.5993132858894,4307.269692994986,177.04363426187908,906.1725724967312,1083.2162067586105,253.32633848485878,991.8029386153995,-3.284433552964378,-8.439060233113922,9.216878130128126,-5.329676358740436,3.3959719966723614
849,mobile,GBBGGBGGGGBLBB,"((0, 3), (6,), (6,), (3, 2), (2, 5), (6,), (0, 0), (1, 3), (0, 2), (1, 6), (2,), (2,), (6,), (6,))",18.6591,194.3037,212.9628,4058.999778832281,4458.397357019959,75.73728277320942,866.2831025391989,942.0203853124084,209.5301649764857,864.1458397092745,-1.6118472444550316,-8.266758004107084,9.011736448251986,-6.763935060542131,1.6382533865228934
850,mobile,LGLGGLBGBBBLBG,"((0,), (0, 0), (4,), (4, 7), (1, 4), (3,), (2,), (0, 7), (4,), (4,), (7,), (4,), (6,), (3, 2))",117.884,193.66555000000005,311.54955000000007,3217.1431677931246,4522.2465000343045,379.2497051921247,875.8033556647189,1255.0530608568436,305.7661481507236,1150.5998796096776,-1.856334521836561,-8.322610772795072,9.078149850198129,-6.588582380181464,1.8914460885400517
851,mobile,LGLGGLBGBBBLBG,"((2,), (1, 2), (5,), (3, 2), (3, 5), (1,), (6,), (1, 2), (0,), (1,), (0,), (2,), (3,), (3, 3))",60.6115,221.0463,281.6578,3322.268946668288,4150.097701696601,201.36770426098497,917.3637415985372,1118.7314458595224,267.82936746937077,1014.1484875955725,-4.909657226119512,-9.348352426403702,10.3123910889917,-4.667871700535513,5.1631502031645855
852,mobile,LGLGGLBGBBBLBG,"((3,), (3, 4), (2,), (2, 1), (2, 5), (1,), (4,), (0, 4), (1,), (5,), (5,), (3,), (7,), (1, 1))",48.9021,209.63091000000009,258.53301000000005,3382.0502865347016,4251.095345760826,165.38936131714863,891.1609858286068,1056.5503471457555,246.44765160279044,951.2834942548801,-4.674590063841209,-9.963259505356387,11.065770984844919,-5.548016468071938,4.903823720214652
853,mobile,LGLGGLBGBBBLBG,"((3,), (2, 2), (3,), (0, 7), (2, 3), (0,), (5,), (1, 2), (7,), (2,), (4,), (4,), (2,), (0, 2))",49.5618,231.7629,281.3247,3367.4980877321605,4169.2819514193925,166.89926672456377,966.2848759786176,1133.1841427031814,271.4456475868191,1035.7424888917678,-3.511619283049404,-8.598924935445089,9.407903494977292,-5.272454169709124,3.6394219251650224
854,mobile,LGLGGLBGBBBLBG,"((1,), (4, 0), (1,), (3, 2), (4, 7), (3,), (0,), (1, 1), (0,), (4,), (6,), (3,), (3,), (0, 1))",80.0485,226.06077000000005,306.10927000000004,3235.624201741653,4181.798067378208,259.0068639131167,945.3404910960296,1204.3473550091464,297.1000123508203,1109.8199793363256,-2.9431508719679553,-7.848846537476142,8.517361142601567,-5.054455929263539,3.0323989480490035
855,mobile,LGLGGLBGBBBLBG,"((4,), (1, 6), (2,), (3, 1), (1, 5), (3,), (7,), (3, 1), (2,), (6,), (6,), (2,), (3,), (0, 6))",42.1136,200.32148,242.43508,3470.582800022454,4402.816554093925,146.15873580702564,881.9787282845951,1028.1374640916208,237.8124144924844,937.8459988104455,-1.9067642799530464,-8.782042132950533,9.627536439426096,-7.008921463880737,1.9438285075995085
856,mobile,LGLGGLBGBBBLBG,"((2,), (2, 7), (5,), (4, 5), (4, 5), (4,), (1,), (2, 3), (7,), (4,), (7,), (1,), (3,), (0, 1))",59.8869,192.13511000000003,252.02201,3289.8429622132257,4527.516260252858,197.01849649376723,869.8948346904716,1066.9133311842388,244.6460461066421,955.9494660679851,-2.9267141760189483,-10.400457269859723,11.607712442444335,-7.699072953389679,3.014953239891183
857,mobile,LGLGGLBGBBBLBG,"((3,), (3, 0), (5,), (4, 3), (2, 5), (4,), (3,), (4, 2), (4,), (0,), (3,), (3,), (4,), (3, 3))",49.636,168.36035,217.99635,3398.070191837733,4571.027681088549,168.66661204205772,769.5798202477565,938.2464322898144,214.49026619181882,856.0745175154628,-1.6083222531850592,-8.75803114687139,9.598687157846305,-7.266578899166888,1.6346120830703406
858,mobile,LGLGGLBGBBBLBG,"((1,), (4, 2), (0,), (4, 1), (2, 1), (1,), (5,), (3, 5), (3,), (4,), (4,), (2,), (0,), (0, 4))",80.6163,205.42157,286.03787,3249.0108490566035,4280.013475019829,261.92323331080183,879.2070876597289,1141.1303209705306,285.5356417685022,1073.5714841108356,-0.17558102760930974,-5.920343681888697,6.292905303427397,-5.7548671090870736,0.17588985682739658
859,mobile,LGLGGLBGBBBLBG,"((4,), (1, 6), (5,), (0, 0), (2, 0), (3,), (6,), (0, 4), (1,), (0,), (5,), (0,), (5,), (3, 6))",42.4176,237.91524,280.33284,3493.105085399913,4135.5234213416525,148.16913427045935,983.9040473141204,1132.0731815845795,264.95450545190675,1017.6134857616755,-5.485741359482971,-10.110626917483645,11.247855637175624,-4.893320462461997,5.804141553231533
860,mobile,GBLLBGGBBGGBLB,"((3, 5), (5,), (4,), (4,), (5,), (3, 3), (3, 6), (7,), (1,), (2, 3), (2, 4), (5,), (4,), (1,))",17.5953,160.31279999999995,177.90809999999996,4182.629575563325,4670.793929613062,73.59462217090936,748.7880530792726,822.3826752501819,166.58650773594562,707.7799282354235,-6.3637306362410415,-13.9354524923442,16.19186168509696,-8.086313036125427,6.796224026738156
861,mobile,GBLLBGGBBGGBLB,"((3, 7), (7,), (5,), (1,), (2,), (3, 0), (4, 6), (4,), (5,), (0, 6), (0, 2), (5,), (4,), (0,))",15.8591,205.16105,221.02015,4566.761842324342,4382.521526224064,72.42473273360596,899.1227179677314,971.5474507013374,206.91171761884942,846.9330940121324,-6.383324045862143,-12.826378845340885,14.71360105895448,-6.88237937719039,6.818575836840526
862,mobile,GBLLBGGBBGGBLB,"((0, 3), (6,), (1,), (3,), (3,), (3, 2), (4, 4), (7,), (6,), (4, 7), (1, 0), (0,), (2,), (5,))",19.9527,172.03264,191.98534,3985.472530165912,4638.255964655162,79.52093775264139,797.9314185953741,877.4523563480155,183.74926304138987,767.542784704682,-4.289950971574257,-12.525987405262732,14.319667103068678,-8.605195083791436,4.482236729708646
863,mobile,GBLLBGGBBGGBLB,"((0, 7), (2,), (2,), (3,), (7,), (3, 5), (3, 0), (1,), (4,), (1, 2), (3, 7), (7,), (2,), (7,))",11.1265,168.94756,180.07406,5335.251507936508,4690.304267255988,59.36267590305555,792.4154616104871,851.7781375135427,169.23271121821128,744.2307103134851,-6.020494446445381,-12.626225358871412,14.450818235484576,-7.028905795489347,6.406178039545642
864,mobile,GBLLBGGBBGGBLB,"((3, 0), (7,), (4,), (5,), (4,), (3, 3), (4, 3), (6,), (0,), (1, 0), (4, 4), (3,), (4,), (1,))",50.2041,180.88895,231.09305,3493.5493909325783,4526.8203615547945,175.39050297731825,818.8517820402672,994.2422850175852,216.90733022436137,862.4760549470585,-6.138531546335397,-13.25292959836205,15.277668210581789,-7.57967904107395,6.539990954185567
865,mobile,GBLLBGGBBGGBLB,"((2, 0), (6,), (2,), (0,), (6,), (2, 4), (1, 1), (5,), (2,), (2, 7), (3, 7), (3,), (0,), (7,))",44.5557,178.35852,222.91422,3639.0901388421976,4524.615049030936,162.1422084992113,807.0036437148851,969.1458522140964,218.99092885288925,876.3577590219909,-1.7600003925773535,-9.574213518029634,10.587923965625231,-7.954207203459593,1.7915313513950597
866,mobile,GBLLBGGBBGGBLB,"((2, 2), (2,), (5,), (2,), (6,), (1, 6), (2, 5), (4,), (6,), (1, 5), (2, 1), (2,), (0,), (1,))",27.599,192.60979,220.20879,3659.176746093176,4339.137841779735,100.98961901542556,835.760428486248,936.7500475016736,198.644662214011,803.3042655304816,-9.792582660296622,-14.24561251180012,16.61210922153736,-4.936434256547065,10.85562911464328
867,mobile,GBLLBGGBBGGBLB,"((3, 7), (5,), (3,), (3,), (1,), (1, 7), (1, 5), (5,), (6,), (1, 1), (0, 0), (3,), (3,), (3,))",13.8614,198.77205,212.63345,4652.973466810967,4352.510968906139,64.49672641285353,865.1575279369595,929.654254349813,188.28349555363394,785.3872673186944,-11.451610481025478,-15.518348499573838,18.368898126352978,-4.592673046500659,12.932601646664127
868,mobile,GBLLBGGBBGGBLB,"((0, 5), (5,), (0,), (0,), (1,), (3, 2), (3, 4), (5,), (0,), (4, 0), (4, 1), (4,), (0,), (0,))",18.3956,216.50937,234.90497,4090.423110223111,4235.355210843677,75.24578736642026,916.9940884259815,992.2398757924018,207.9704214957551,840.9064914306489,-11.466146716369988,-15.251693471893399,17.996458096581794,-4.275818362266356,12.951143874464227
869,mobile,GBLLBGGBBGGBLB,"((2, 6), (3,), (4,), (1,), (5,), (1, 3), (4, 1), (3,), (1,), (3, 4), (2, 0), (6,), (2,), (5,))",13.2129,171.90554,185.11844,4662.790079365078,4509.151897479722,61.60897903964283,775.1481918782762,836.757170917919,174.77846633347556,736.6214735230402,-5.585598963844136,-11.967115535446245,13.593915055986566,-6.759049998271261,5.916045542358662
870,mobile,LBGLGBBBLGBGBB,"((5,), (5,), (2, 5), (1,), (0, 7), (2,), (0,), (4,), (3,), (4, 1), (1,), (1, 0), (3,), (1,))",35.2809,206.51747,241.79837,3600.9213768115947,4230.383085196582,127.0437470031522,873.6480118855926,1000.6917588887447,229.81536096802566,907.3834393760271,-4.955785695318934,-9.32438172732983,10.283229279220942,-4.5963829192238785,5.214189765862306
871,mobile,LBGLGBBBLGBGBB,"((3,), (1,), (2, 0), (5,), (2, 4), (0,), (6,), (1,), (0,), (2, 3), (2,), (3, 6), (2,), (2,))",49.295,210.24898,259.54398000000003,3398.874041093709,4213.620408536406,167.5474958557144,885.9093930019627,1053.456888857677,241.33448883239987,929.074330725565,-7.0159558960297055,-11.807085742918927,13.387794067561318,-5.152636555076067,7.5453331414417795
872,mobile,LBGLGBBBLGBGBB,"((4,), (1,), (4, 1), (1,), (1, 2), (5,), (0,), (2,), (0,), (1, 5), (1,), (3, 5), (1,), (0,))",41.3028,222.7561,264.0589,3444.139729204386,4125.278681088284,142.2526144073829,918.93099041237,1061.1836048197529,253.69727663323513,975.0447572562089,-3.923981871758483,-8.117242593299874,8.83434805658974,-4.364523846048933,4.084246982967996
873,mobile,LBGLGBBBLGBGBB,"((5,), (4,), (1, 2), (2,), (4, 1), (2,), (4,), (1,), (1,), (3, 5), (7,), (1, 4), (7,), (6,))",35.8744,174.57529,210.44969,3673.898053359684,4514.241969103957,131.79888832544663,788.0751008864943,919.873989211941,201.0661869465302,824.812291417696,-4.4587868261862535,-10.334208696963445,11.525252325089864,-6.149620332000924,4.666872732790797
874,mobile,LBGLGBBBLGBGBB,"((5,), (7,), (2, 1), (1,), (3, 4), (5,), (5,), (5,), (4,), (1, 1), (2,), (1, 3), (3,), (0,))",35.3058,194.2705,229.5763,3586.704561923584,4328.468034344179,126.63147392236166,840.8936492660608,967.5251231884224,218.1169787463621,868.012728655196,-4.991508815865535,-10.285251736439577,11.46439346429863,-5.571862950980153,5.253750221326619
875,mobile,LBGLGBBBLGBGBB,"((0,), (0,), (4, 0), (3,), (0, 5), (3,), (1,), (2,), (4,), (2, 0), (3,), (2, 0), (4,), (7,))",117.791,198.48605,316.27705,3243.0067883870506,4286.564715802074,381.9970126108991,850.8232985089263,1232.8203111198254,306.0367094560472,1142.0035683485073,-3.2377754073375717,-7.366583917556096,7.9524044660080575,-4.266963195192623,3.3461150991180144
876,mobile,LBGLGBBBLGBGBB,"((0,), (1,), (3, 6), (3,), (3, 6), (4,), (6,), (1,), (0,), (1, 2), (4,), (2, 1), (4,), (6,))",117.792,185.1188,302.9108,3230.7622246174874,4377.09104707273,380.5579439621431,810.2818421248473,1190.8397860869904,296.98227696628345,1106.3313031400812,-1.9571844363807909,-7.096545138502444,7.638623503380066,-5.2419554381185245,1.9962548251287187
877,mobile,LBGLGBBBLGBGBB,"((4,), (0,), (4, 5), (0,), (0, 4), (6,), (3,), (2,), (5,), (2, 2), (4,), (0, 7), (4,), (0,))",41.3644,222.50481,263.86921,3440.79871835572,4237.988480184719,142.32657450555337,942.9728215656896,1085.2993960712429,256.0101226799543,997.5048730909886,-2.9784025654397936,-8.089428898428244,8.801412940290067,-5.267926387664115,3.069834597857125
878,mobile,LBGLGBBBLGBGBB,"((5,), (1,), (2, 7), (2,), (0, 0), (0,), (2,), (6,), (1,), (3, 6), (0,), (1, 1), (1,), (5,))",35.9405,218.3438,254.2843,3652.38227931489,4184.932423489761,131.2684453097168,913.7540480879636,1045.0224933976806,246.11969697891666,961.6566932947504,-3.210816798789126,-7.97741681443459,8.668977264361247,-4.9247238771882005,3.3173301939270448
879,mobile,LBGLGBBBLGBGBB,"((3,), (7,), (2, 2), (3,), (0, 5), (4,), (7,), (0,), (3,), (1, 5), (7,), (3, 6), (5,), (3,))",49.1698,179.18489999999997,228.3547,3393.002456011729,4553.349620406044,166.83325216160551,815.8914963974948,982.7247485591004,218.2230829669417,872.555629616237,-4.436789360174465,-11.210577438331189,12.626028095345337,-7.08828013709888,4.642779716659548
880,mobile,BLGBGBBLGGBBLL,"((1,), (5,), (4, 2), (7,), (2, 1), (3,), (0,), (0,), (4, 0), (1, 6), (1,), (4,), (4,), (0,))",41.8829,196.2053,238.08820000000003,3472.270871073679,4383.817118307032,145.4287736660918,860.1281528425666,1005.5569265086584,225.2628533513246,898.2470832520083,-5.386804826394351,-10.671682569900343,11.946584103356752,-5.585772400782758,5.693502704892384
881,mobile,BLGBGBBLGGBBLL,"((5,), (1,), (4, 2), (4,), (3, 4), (3,), (5,), (2,), (3, 0), (2, 1), (5,), (7,), (2,), (1,))",19.3256,158.01893999999996,177.34453999999997,4182.654133807368,4658.638484069467,80.83230072830769,736.1531150958639,816.9854158241716,179.71775574665836,753.0891144316133,1.3381949885000062,-7.82098433520994,8.48456048136924,-9.03823018038693,-1.3205238051179633
882,mobile,BLGBGBBLGGBBLL,"((3,), (5,), (0, 0), (7,), (1, 3), (2,), (7,), (0,), (0, 2), (1, 3), (5,), (5,), (1,), (0,))",26.3726,224.7506,251.12320000000005,3722.3265676446026,4215.005170363219,98.16742963786405,947.3249410422357,1045.4923706800996,231.94712863915746,921.0184524235266,-7.636120979998102,-11.905770118207743,13.514812643442475,-4.622639481484995,8.267432096852982
883,mobile,BLGBGBBLGGBBLL,"((0,), (0,), (0, 2), (7,), (0, 0), (1,), (3,), (0,), (1, 3), (0, 6), (4,), (7,), (0,), (1,))",61.5279,249.35220000000004,310.8801,3373.815862294887,4104.1857780498285,207.5838049936936,1023.3877529654368,1230.9715579591302,298.2866938385291,1131.8227664475617,-4.050888481273297,-8.0545152217774,8.760098705450643,-4.172656397889314,4.221913488466926
884,mobile,BLGBGBBLGGBBLL,"((7,), (0,), (2, 3), (0,), (0, 3), (7,), (2,), (4,), (1, 0), (1, 3), (4,), (5,), (1,), (3,))",15.8393,215.99571999999995,231.83502,4876.320520590521,4227.714203717081,77.23750362178944,913.1681733860974,990.4056770078868,222.21612048048442,897.4887641848718,-4.149027838639549,-9.38170236500725,10.352988976681523,-5.459177312838051,4.328623638427851
885,mobile,BLGBGBBLGGBBLL,"((6,), (4,), (0, 3), (7,), (3, 7), (2,), (6,), (1,), (4, 3), (0, 5), (5,), (5,), (4,), (3,))",17.156,172.50625000000002,189.66225000000003,4508.909315684317,4652.568894313604,77.35484821988014,802.5972128246862,879.9520610445663,186.99657314656406,792.7859335341224,-1.4054862543473823,-9.905781390746617,10.994913484636431,-8.621468693813647,1.4255217668329592
886,mobile,BLGBGBBLGGBBLL,"((5,), (1,), (3, 4), (3,), (4, 2), (0,), (0,), (1,), (3, 3), (3, 1), (4,), (5,), (2,), (1,))",19.458,184.0128,203.4708,4173.865468379659,4350.99254590177,81.2150742837314,800.6383211505132,881.8533954342446,201.1078702887184,814.6142151445409,-1.1613114566225693,-7.6247572031622735,8.254113301690055,-6.539388413377308,1.1749563594350052
887,mobile,BLGBGBBLGGBBLL,"((7,), (0,), (0, 1), (5,), (1, 4), (1,), (4,), (5,), (1, 2), (2, 0), (6,), (6,), (4,), (3,))",15.6587,192.42756,208.08626,4876.819090909089,4408.409637690084,76.36464709881815,848.299510061187,924.6641571600052,206.79502568861278,856.3779843373067,-0.6205283863467141,-7.3849702396198955,7.973835627680302,-6.806679230063278,0.6244029841083174
888,mobile,BLGBGBBLGGBBLL,"((3,), (3,), (4, 2), (1,), (2, 4), (5,), (0,), (3,), (1, 2), (1, 5), (5,), (2,), (0,), (2,))",26.2146,198.51214,224.72674,3764.409342105264,4274.37888930476,98.68248513955264,848.516100486711,947.1985856262636,210.04060039063046,843.5694006861098,-6.53510997817596,-10.940597517007143,12.284606916261767,-4.71352134240194,6.992048005031638
889,mobile,BLGBGBBLGGBBLL,"((2,), (1,), (0, 0), (3,), (3, 0), (5,), (2,), (3,), (1, 3), (0, 5), (3,), (6,), (2,), (5,))",31.8769,201.77256,233.64946,3679.406100602296,4282.069238767015,117.28806032828932,864.004072403272,981.2921327315612,228.49484187561586,905.6033264055404,-2.206133121122618,-7.71317773794136,8.357832189777808,-5.631278108308653,2.255901307036995
890,mobile,LBBBLBGGLGLLGL,"((5,), (2,), (4,), (1,), (0,), (3,), (3, 7), (2, 0), (5,), (0, 0), (5,), (5,), (0, 2), (1,))",35.1605,200.73418,235.89468,3598.0439057971003,4220.883402841831,126.50902274977896,847.2755687450648,973.7845914948438,220.620117417273,867.2923381562574,-6.475161959026369,-10.935914807926002,12.278703345284255,-4.769591631845811,6.923467706182594
891,mobile,LBBBLBGGLGLLGL,"((0,), (7,), (1,), (2,), (5,), (5,), (4, 3), (4, 0), (2,), (3, 3), (1,), (5,), (4, 6), (3,))",117.305,154.21055,271.51555,3206.6545968789355,4651.241402503919,376.15661748688353,717.2704948629008,1093.4271123497842,270.8748332252302,1016.1817362305179,-0.2359779300927067,-7.064519916034033,7.60153163210792,-6.84469395305292,0.23653610309270337
892,mobile,LBBBLBGGLGLLGL,"((5,), (6,), (6,), (7,), (5,), (6,), (3, 0), (0, 3), (3,), (4, 2), (0,), (3,), (0, 4), (3,))",34.457,168.00234,202.45934,3616.0631923583655,4593.121312860931,124.5986894190922,771.6551284645085,896.2538178836007,198.29510535125556,810.9068938378679,-2.0568251623977636,-9.522628784697366,10.524873409547936,-7.622586907845809,2.100018879118569
893,mobile,LBBBLBGGLGLLGL,"((5,), (6,), (0,), (0,), (2,), (2,), (3, 5), (1, 1), (3,), (4, 4), (3,), (3,), (2, 2), (2,))",34.7035,183.40687,218.11037,3598.3734025032963,4280.671728278622,124.87615137377314,785.1046031810725,909.9807545548456,216.37707830324277,846.281411338856,-0.7946855973685343,-7.000075869423282,7.526969440958696,-6.25509864004841,0.8010514377720278
894,mobile,LBBBLBGGLGLLGL,"((5,), (5,), (1,), (2,), (2,), (1,), (2, 4), (4, 6), (4,), (4, 7), (5,), (0,), (1, 1), (4,))",34.2727,164.24723999999998,198.51994,3625.076284584982,4502.79522361638,124.24115197869573,739.5716877641731,863.8128397428688,194.1947470640738,787.1320747919445,-2.178719646966545,-8.877011480143066,9.741791423147452,-6.847479208003235,2.2272450729571656
895,mobile,LBBBLBGGLGLLGL,"((5,), (6,), (1,), (7,), (5,), (2,), (4, 6), (0, 5), (1,), (4, 3), (5,), (0,), (0, 5), (4,))",34.2688,185.37346,219.64226,3627.130830039526,4452.279660510605,124.2974209884585,825.3344855564761,949.6319065449346,210.3724179998786,848.7111734292648,-4.22042734404636,-10.62735281113835,11.891057438055633,-6.68923998033075,4.406396089494358
896,mobile,LBBBLBGGLGLLGL,"((2,), (7,), (6,), (2,), (3,), (0,), (2, 4), (4, 4), (3,), (0, 7), (2,), (4,), (4, 5), (4,))",58.7172,179.20292999999995,237.92013,3313.715519568153,4435.096567613437,194.5720969055872,794.7822997492709,989.354396654858,230.38645998093827,899.5965119837829,-3.1664702011812667,-9.072369312205891,9.977571441794684,-6.099022852202864,3.270014227261907
897,mobile,LBBBLBGGLGLLGL,"((0,), (7,), (2,), (7,), (1,), (4,), (3, 3), (2, 2), (2,), (1, 0), (5,), (5,), (1, 1), (4,))",117.23,168.19829999999996,285.4283,3214.677248190405,4502.901964773362,376.8566138053612,757.3804555415393,1134.2370693469006,277.8738851208614,1041.6241330205582,-2.6466944164746673,-8.165218615158592,8.891204935678509,-5.668553487327912,2.7186487409037166
898,mobile,LBBBLBGGLGLLGL,"((3,), (6,), (1,), (0,), (5,), (0,), (3, 0), (0, 5), (0,), (3, 6), (5,), (1,), (1, 6), (3,))",47.6208,219.30744,266.92824,3381.444153225806,4115.133311278242,161.02707573193547,902.4793517551544,1063.50642748709,256.0410375584333,971.0468240665429,-4.078700118641148,-8.69384528676668,9.52164212157612,-4.811387224562027,4.252131824408049
899,mobile,LBBBLBGGLGLLGL,"((0,), (5,), (7,), (3,), (2,), (5,), (1, 5), (4, 2), (0,), (0, 5), (2,), (3,), (4, 0), (1,))",117.392,182.90917,300.30117,3197.737175543753,4351.314197528377,375.3887625114322,795.8952682791314,1171.2840307905635,296.5738900987988,1099.4370373779518,-1.2411806125168277,-6.134036794142771,6.534889308801126,-4.954348595874441,1.2567795162141566
900,mobile,GGGBLLLBBBLLGL,"((4, 1), (1, 7), (3, 5), (1,), (0,), (4,), (1,), (6,), (5,), (1,), (1,), (0,), (2, 5), (2,))",36.9978,183.4297,220.4275,3725.493967657503,4298.4979039810805,137.83508071659875,788.4721809778783,926.3072616944772,207.91173299872563,823.2057237588783,-5.677951708055657,-11.130382131194473,12.524395173641672,-5.7806531154439345,6.019750218402101
901,mobile,GGGBLLLBBBLLGL,"((4, 3), (3, 1), (0, 0), (4,), (3,), (1,), (4,), (6,), (7,), (5,), (0,), (4,), (2, 7), (1,))",23.9958,166.316,190.3118,3942.580433436532,4507.678528413789,94.60537156465634,749.6990621316676,844.3044336963239,178.32366724495802,730.8239771075779,-6.2992062263306785,-13.440703620604491,15.52774130890916,-7.6215975411305825,6.722681817985626
902,mobile,GGGBLLLBBBLLGL,"((1, 3), (3, 7), (4, 6), (3,), (5,), (0,), (2,), (0,), (3,), (3,), (4,), (3,), (3, 5), (3,))",22.9076,161.40087000000003,184.30847000000003,3789.401020443264,4434.928358415319,86.80608281590611,715.8012954359044,802.6073782518106,175.65322476553487,712.2686250361661,-4.69606482787533,-11.255659449881302,12.68324197363845,-6.882816129427335,4.927461619915217
903,mobile,GGGBLLLBBBLLGL,"((2, 0), (4, 2), (0, 4), (5,), (3,), (5,), (1,), (0,), (1,), (4,), (4,), (4,), (3, 7), (4,))",53.5739,170.38031,223.95421,3425.340670181861,4388.062092616942,183.508858530256,747.6393796393234,931.1482381695794,211.91029826736195,827.4905434424913,-5.377845646499808,-11.132244091537446,12.526752788721396,-6.0814494072283605,5.683495248278353
904,mobile,GGGBLLLBBBLLGL,"((0, 1), (1, 7), (0, 7), (4,), (3,), (2,), (1,), (7,), (1,), (6,), (5,), (5,), (2, 0), (5,))",36.5682,169.31749999999997,205.8857,3540.048931602074,4553.820766324821,129.45321734061096,771.0415476022027,900.4947649428137,192.28499879197992,783.473892473982,-6.605947478635037,-12.995175210847915,14.936154681467926,-6.841150544089804,7.073199310120797
905,mobile,GGGBLLLBBBLLGL,"((4, 3), (3, 6), (3, 5), (1,), (2,), (0,), (3,), (2,), (3,), (3,), (4,), (3,), (1, 1), (5,))",23.8155,162.4549,186.2704,4033.6300863678816,4392.459120285199,96.06291732189428,713.57650714002,809.6394244619142,175.85250012912238,716.522361336019,-5.592890695933233,-11.501053470534833,12.995695340515296,-6.258175701124966,5.924226191397976
906,mobile,GGGBLLLBBBLLGL,"((3, 3), (3, 1), (1, 4), (5,), (2,), (0,), (2,), (6,), (2,), (0,), (4,), (2,), (3, 1), (0,))",23.8055,184.03503,207.84053,3810.88944266303,4245.088344803399,90.72012862731476,781.244960888544,871.9650895158588,194.5122118737999,773.3049678296179,-6.4127618064677225,-11.314687121363997,12.758242322319951,-5.237813840343721,6.852175499833172
907,mobile,GGGBLLLBBBLLGL,"((1, 0), (2, 1), (1, 2), (2,), (2,), (4,), (3,), (5,), (4,), (2,), (3,), (3,), (0, 2), (0,))",53.7241,181.0697,234.7938,3377.966861805417,4217.935037019641,181.4782294803204,763.7402317726353,945.2184612529556,222.8354116072722,851.8933068348368,-5.093144875515372,-9.873395224889023,10.95502848412595,-5.036780897548056,5.366466804568495
908,mobile,GGGBLLLBBBLLGL,"((1, 2), (4, 4), (1, 6), (3,), (1,), (5,), (0,), (7,), (7,), (3,), (1,), (2,), (2, 1), (1,))",27.9653,161.1796,189.1449,3625.8483886186064,4555.243770590044,101.3979379422359,734.2123688461951,835.610306788431,174.88816252877797,717.1773182421624,-7.53746861333403,-14.17323213753211,16.513766614448127,-7.1767054445526774,8.151916782175624
909,mobile,GGGBLLLBBBLLGL,"((1, 5), (0, 4), (1, 7), (6,), (4,), (0,), (0,), (4,), (1,), (4,), (4,), (3,), (1, 3), (1,))",17.2073,194.1495,211.3568,4154.713061938061,4229.419550835233,71.4913940706868,821.139691084885,892.6310851555718,188.07360398399928,761.3168456078939,-11.016061946434048,-14.710919407964806,17.248303423895273,-4.152274604105015,12.379831897080884
910,mobile,LBGLGGGGBGLGLG,"((5,), (4,), (2, 4), (0,), (4, 6), (2, 5), (3, 2), (4, 0), (0,), (4, 0), (5,), (4, 1), (3,), (1, 5))",36.2533,194.1281,230.3814,3585.533577666294,4512.573662994542,129.98742445120948,876.0173513071707,1006.00477575838,224.81059258588573,922.7045429981091,-2.418080371989355,-8.280301919787084,9.027833816619845,-6.007487421998814,2.4780004136086227
911,mobile,LBGLGGGGBGLGLG,"((3,), (2,), (0, 7), (4,), (2, 5), (1, 3), (1, 7), (3, 7), (7,), (3, 2), (1,), (0, 7), (0,), (4, 7))",49.8574,205.69379,255.55119,3449.02537815126,4485.927893789101,171.95943788863863,922.7275101401978,1094.6869480288365,248.19368932033422,1013.7616836156939,-2.8790711871331047,-7.392548578281838,7.982671442514347,-4.6472757687947155,2.964418918069154
912,mobile,LBGLGGGGBGLGLG,"((2,), (3,), (3, 4), (0,), (0, 6), (1, 4), (1, 7), (4, 0), (0,), (4, 4), (3,), (4, 5), (4,), (4, 1))",60.2822,191.991,252.2732,3316.670497061077,4514.270476076535,199.93619423793527,866.69930297241,1066.6354972103452,251.7026006350503,1004.7038532263172,-0.2261831082135219,-5.80626129038483,6.164169051920361,-5.592727988168881,0.22669585594669414
913,mobile,LBGLGGGGBGLGLG,"((4,), (3,), (3, 3), (3,), (0, 2), (3, 6), (4, 4), (4, 2), (6,), (3, 1), (2,), (3, 0), (0,), (3, 7))",42.5227,168.56150000000002,211.08420000000004,3510.8835368335376,4663.7789933311005,149.29224737171148,786.1335827843805,935.425830156092,207.78085251020133,860.7454129655214,-1.5649430368538764,-7.983574408898773,8.676249221389941,-6.520676240831563,1.5898228589838495
914,mobile,LBGLGGGGBGLGLG,"((2,), (6,), (0, 3), (5,), (1, 3), (0, 4), (0, 1), (2, 3), (0,), (1, 6), (4,), (4, 2), (0,), (1, 7))",60.5944,246.18622,306.78062,3325.5483290543434,4184.7859200215935,201.5096056700505,1030.2366271593382,1231.7462328293886,294.53629616919216,1136.1662630687858,-3.99123120319916,-7.759712773064495,8.412498493173095,-3.9251431062939646,4.157152782207272
915,mobile,LBGLGGGGBGLGLG,"((2,), (7,), (4, 2), (0,), (1, 6), (1, 4), (3, 3), (2, 1), (6,), (0, 7), (1,), (0, 2), (2,), (3, 6))",60.6591,225.18892,285.84802,3333.416780389059,4304.065201054744,202.202061823298,969.2277942351006,1171.4298560583986,280.6340435968323,1098.7465609039054,-1.824037963659042,-6.2046647333248215,6.615110139202517,-4.462015628677256,1.857927262259836
916,mobile,LBGLGGGGBGLGLG,"((3,), (1,), (2, 5), (3,), (4, 6), (0, 7), (3, 5), (4, 4), (7,), (3, 7), (5,), (4, 7), (4,), (1, 0))",48.9236,186.53419,235.45779,3355.4962396138803,4646.106339529015,164.16295582837364,866.6576826979098,1030.8206385262831,228.97355092506268,936.8264587167148,-2.753885983104363,-9.118383576792514,10.033254177974813,-6.544732052308416,2.831872523590919
917,mobile,LBGLGGGGBGLGLG,"((2,), (3,), (2, 5), (0,), (3, 0), (4, 1), (4, 0), (3, 2), (5,), (0, 3), (1,), (2, 2), (0,), (0, 6))",60.6363,238.92319999999995,299.5595,3314.3135347750235,4172.437600562755,200.9677097886788,996.8921433267748,1197.8598531154537,286.0782940360296,1104.4140380780636,-4.500343325439657,-7.801064105650717,8.461121627900292,-3.456264551252908,4.712418329183879
918,mobile,LBGLGGGGBGLGLG,"((3,), (6,), (2, 5), (4,), (0, 7), (4, 2), (1, 7), (3, 7), (7,), (3, 6), (5,), (0, 2), (5,), (2, 4))",49.4625,189.86131999999995,239.32382,3373.8784705451094,4640.320054553373,166.88046384933747,881.0172907799752,1047.8977546293129,234.25629599277036,960.4358131010276,-2.1174340302731465,-8.346419404174059,9.106484820249532,-6.363733226841869,2.163239193104136
919,mobile,LBGLGGGGBGLGLG,"((1,), (4,), (4, 0), (1,), (1, 6), (2, 6), (3, 2), (4, 0), (7,), (0, 0), (3,), (3, 6), (4,), (4, 1))",80.4671,183.61867,264.08577,3261.8124119765616,4606.467798691337,262.4685855357592,845.833490593531,1108.30207612929,260.41964968428783,1029.9895414613925,-1.388230920474129,-7.065991876637246,7.603235908277717,-5.757691002971719,1.4077740754803614
920,mobile,GBGBGBBBBGBBGG,"((3, 2), (3,), (1, 7), (4,), (2, 4), (1,), (6,), (1,), (5,), (0, 7), (6,), (5,), (2, 1), (4, 7))",22.1453,190.9033,213.0486,4209.838639212523,4668.447134567188,93.22813961695309,891.2219638644203,984.4501034813734,202.65100827286548,865.1401965907756,-4.880384910829975,-12.1194468331787,13.790817645597533,-7.610482775358642,5.130787068739558
921,mobile,GBGBGBBBBGBBGG,"((1, 1), (7,), (0, 4), (5,), (1, 6), (6,), (7,), (1,), (7,), (3, 7), (4,), (2,), (3, 6), (2, 2))",35.8295,178.00104000000002,213.83054,3526.361632107023,4865.101757309904,126.3477740975786,865.9931725069906,992.3409466045692,209.1395024371472,875.4467196971603,-2.1938108386448505,-11.77964361013002,13.352523263534028,-9.800844766245826,2.2430184198523646
922,mobile,GBGBGBBBBGBBGG,"((0, 1), (3,), (0, 6), (7,), (3, 6), (6,), (5,), (3,), (4,), (2, 6), (1,), (1,), (2, 7), (4, 6))",31.4064,182.38091,213.78731,3746.473582868822,4720.223669516749,117.6632479330114,860.878688250004,978.5419361830152,207.23872057962606,876.6664955002914,-3.063132896135851,-10.410942742025744,11.620774970370693,-7.579995171514053,3.1599256172100483
923,mobile,GBGBGBBBBGBBGG,"((4, 7), (3,), (0, 7), (6,), (0, 3), (1,), (5,), (4,), (5,), (4, 2), (0,), (0,), (0, 3), (2, 4))",12.8833,222.0213,234.9046,5012.856706349205,4439.347763545579,64.58213680490871,985.6297616144822,1050.2118984193908,225.6658230552597,945.2065934320409,-3.9329910715840795,-9.998487461948097,11.10924381156463,-6.313818300394572,4.094008042360036
924,mobile,GBGBGBBBBGBBGG,"((2, 5), (0,), (4, 7), (0,), (0, 2), (3,), (6,), (7,), (3,), (4, 4), (5,), (6,), (4, 1), (3, 7))",14.8542,194.60741000000004,209.46161000000004,4714.626035353534,4745.473003499424,70.03199805434846,923.504210435944,993.5362084902926,195.57140711507907,845.1382230060926,-6.6313836148404315,-14.936343961705736,17.559019512377457,-8.894809271464512,7.102368945347724
925,mobile,GBGBGBBBBGBBGG,"((3, 7), (6,), (0, 5), (7,), (1, 4), (0,), (2,), (0,), (0,), (4, 7), (6,), (0,), (3, 4), (4, 3))",13.2969,224.17092,237.46782,4925.377806637807,4500.9295189436025,65.49225615708227,1008.9775111167448,1074.469767273827,222.1228648033763,944.382074576144,-6.461909321702489,-12.107152444851474,13.774900667832851,-6.0352345041599005,6.908318605654171
926,mobile,GBGBGBBBBGBBGG,"((0, 1), (0,), (1, 2), (7,), (4, 5), (0,), (3,), (0,), (0,), (4, 2), (7,), (2,), (4, 4), (3, 2))",34.4335,219.19098,253.62448,3548.7580679201305,4458.803744875697,122.19616093172782,977.329562466974,1099.5257233987018,250.74333624811874,1010.3274628213237,-1.1359880370701079,-8.112430539747695,8.82864851840148,-7.0566046877538176,1.1490410054328544
927,mobile,GBGBGBBBBGBBGG,"((0, 3), (5,), (0, 4), (3,), (3, 4), (4,), (3,), (0,), (1,), (2, 7), (3,), (3,), (3, 1), (2, 6))",20.1537,204.84408,224.99778,3923.980691808194,4395.131932292534,79.0827296684948,900.3167571490864,979.3994868175812,216.17922354665535,884.684045891855,-3.919397095093407,-9.670766852603782,10.706131908397087,-5.985984250330589,4.079280288210252
928,mobile,GBGBGBBBBGBBGG,"((0, 7), (5,), (4, 2), (2,), (2, 5), (6,), (6,), (5,), (5,), (0, 4), (6,), (4,), (1, 2), (2, 2))",13.3812,183.39053,196.77173,4765.534700577202,4737.397564566682,63.76857293536366,868.7938501865931,932.5624231219568,181.78387964337247,799.3449554081203,-7.616871771482376,-14.28509925028524,16.665829541117187,-7.218014378457089,8.244873190093104
929,mobile,GBGBGBBBBGBBGG,"((4, 0), (6,), (2, 2), (2,), (1, 0), (4,), (4,), (7,), (6,), (4, 4), (5,), (3,), (2, 2), (3, 0))",52.2781,171.6639,223.942,3642.115190691551,4860.510541312921,190.402862150492,834.3741955128872,1024.7770576633793,205.79606838811796,869.0140275007867,-8.102960414697577,-15.19969919289098,17.924109995157885,-7.722489005324193,8.81743356615541
930,mobile,GGBBBLLLBBBGLG,"((3, 0), (0, 0), (2,), (5,), (7,), (5,), (4,), (2,), (1,), (5,), (0,), (1, 4), (4,), (0, 4))",45.1903,222.59913000000003,267.78943000000004,3565.222408268728,4200.844526225553,161.11347019638632,935.1043368030704,1096.2178069994568,262.6695162137561,1017.0168808122584,-1.9119178028214014,-7.224926075957977,7.7875724269142115,-5.416568612745695,1.9491846103974464
931,mobile,GGBBBLLLBBBGLG,"((1, 5), (3, 3), (5,), (0,), (1,), (0,), (5,), (2,), (2,), (4,), (1,), (3, 4), (3,), (4, 1))",16.9047,189.63808,206.54278,4214.9599611499625,4343.51251423271,71.25263365525176,823.6953736550638,894.9480073103156,192.7299673586699,794.3696836604411,-6.687627929347172,-11.238454393809253,12.661400065824688,-4.876980794161301,7.166925222181179
932,mobile,GGBBBLLLBBBGLG,"((3, 7), (0, 6), (3,), (7,), (3,), (1,), (0,), (3,), (4,), (7,), (4,), (2, 3), (5,), (4, 0))",14.9092,165.06982,179.97902,4773.00853146853,4750.832066819456,71.1617387973706,784.2189941201154,855.3807329174861,165.76967640086113,737.3194786300072,-7.894999983408544,-13.8021876977287,16.012225054306878,-6.413536413067751,8.5717387568388
933,mobile,GGBBBLLLBBBGLG,"((4, 6), (3, 4), (3,), (1,), (5,), (2,), (1,), (0,), (3,), (2,), (2,), (4, 5), (5,), (0, 3))",15.4081,199.02634000000003,214.43444,4562.512662337664,4275.922636632034,70.29965135256495,851.0212324920237,921.3208838445888,208.35998515502231,847.567199072423,-2.8327794942723195,-8.005211437778152,8.701809703452646,-5.3232272329956425,2.9153653665593335
934,mobile,GGBBBLLLBBBGLG,"((2, 2), (4, 5), (3,), (6,), (5,), (1,), (4,), (4,), (1,), (7,), (2,), (4, 0), (0,), (1, 4))",25.7203,172.25830000000002,197.97860000000003,3729.9820406833446,4607.960484781054,95.93625708098784,793.7594395755604,889.6956966565482,187.97692761659,783.3695856328559,-5.051895701560692,-11.950840205618942,13.572917939850235,-7.266016056912104,5.320691486037108
935,mobile,GGBBBLLLBBBGLG,"((3, 0), (3, 3), (7,), (6,), (4,), (3,), (3,), (0,), (4,), (6,), (1,), (0, 3), (5,), (2, 2))",49.8831,183.23065,233.11375,3523.8522334132185,4489.875800700011,175.78067334457492,822.6828613815335,998.4635347261084,223.40452826259764,896.2869358373481,-4.16501460656112,-10.233383126684606,11.399987526684486,-6.332101471305645,4.346027277473007
936,mobile,GGBBBLLLBBBGLG,"((0, 2), (0, 0), (6,), (5,), (1,), (2,), (4,), (3,), (5,), (3,), (5,), (1, 0), (4,), (0, 7))",24.845,212.21659,237.06159,3836.66247040584,4301.601293576265,95.32187907723308,912.8711580623436,1008.1930371395767,228.41010955842637,914.7859442378292,-3.6494652894100748,-9.264802419858018,10.21081417900133,-5.828029026839172,3.7876959379333623
937,mobile,GGBBBLLLBBBGLG,"((0, 5), (1, 4), (0,), (4,), (4,), (1,), (0,), (1,), (6,), (0,), (3,), (3, 0), (5,), (3, 2))",16.5537,209.09595,225.64965,4198.179298756799,4226.192962410228,69.49540065783042,883.6798323584808,953.1752330163112,203.4947979506273,829.352736005935,-9.818252343565664,-12.990528154885167,14.930016099867327,-3.5176472997672756,10.887183491908251
938,mobile,GGBBBLLLBBBGLG,"((0, 2), (2, 7), (6,), (5,), (2,), (0,), (1,), (2,), (1,), (5,), (0,), (3, 1), (4,), (1, 1))",27.6638,201.20549,228.86929,3620.128499312005,4272.06068636223,100.14651077926744,859.5620637092488,959.7085744885164,219.4928882153473,875.5175800743702,-4.096837013236987,-8.77255832157344,9.616139793217469,-4.875460999114097,4.2718476488647825
939,mobile,GGBBBLLLBBBGLG,"((3, 7), (4, 4), (1,), (6,), (6,), (1,), (4,), (0,), (4,), (1,), (5,), (3, 5), (4,), (1, 4))",13.4992,181.11909,194.61829,4888.859722222222,4492.51380912785,65.99569516222222,813.68001292167,879.6757080838922,179.9501634712606,768.2141339130392,-7.53686949399227,-12.670757319607974,14.509180350939788,-5.55236211181724,8.151216006581729
940,mobile,LLBBLGGLLGBBLL,"((2,), (0,), (5,), (1,), (4,), (1, 2), (3, 2), (1,), (5,), (1, 1), (5,), (2,), (1,), (5,))",58.6816,184.79635,243.47795,3343.251326945411,4259.316733201217,196.18733706727983,787.1061857895088,983.2935228567886,236.20258805072154,897.2368968901611,-2.9880989014727817,-8.751875606442002,9.591293700125483,-5.941308890664263,3.0801364241259583
941,mobile,LLBBLGGLLGBBLL,"((1,), (2,), (5,), (3,), (3,), (1, 4), (0, 3), (5,), (3,), (1, 7), (0,), (5,), (1,), (3,))",79.742,185.32487999999995,265.06688,3248.8153228375395,4279.678779401218,259.0670314737111,793.130956231077,1052.197987704788,252.2479615500452,952.1598134651302,-4.836107193005335,-9.507542820707721,10.506447848874817,-4.908832005408498,5.081871968829214
942,mobile,LLBBLGGLLGBBLL,"((3,), (1,), (4,), (5,), (2,), (1, 7), (0, 2), (2,), (5,), (4, 3), (0,), (0,), (5,), (3,))",47.6434,183.89,231.5334,3383.395012275438,4316.261179664892,161.1964419278436,793.7172683285768,954.9137102564204,226.33032428040858,877.0943252945526,-2.2472246853332716,-8.149363039407103,8.872407757938,-6.037821775468591,2.298885814852241
943,mobile,LLBBLGGLLGBBLL,"((1,), (0,), (5,), (1,), (4,), (3, 1), (2, 5), (2,), (0,), (3, 2), (7,), (1,), (2,), (5,))",79.6915,179.73892,259.43042,3262.151069386548,4290.955288044312,259.9657119460181,771.2516692413735,1031.2173811873915,258.4035116771287,969.0338080579611,-0.39583188543245995,-6.0301129775207425,6.417069519385761,-5.656672003532596,0.39740494090283235
944,mobile,LLBBLGGLLGBBLL,"((1,), (1,), (3,), (2,), (4,), (2, 1), (0, 6), (4,), (0,), (0, 5), (4,), (3,), (0,), (2,))",79.7636,205.2604,285.024,3237.3383875466,4092.7921488743305,258.221764208912,840.0881535948046,1098.3099178037164,269.3881252223615,998.530353162882,-5.48580988886497,-9.084827790717126,9.992642118968039,-3.807912756402215,5.804218268616006
945,mobile,LLBBLGGLLGBBLL,"((2,), (0,), (7,), (3,), (1,), (3, 5), (2, 6), (1,), (3,), (4, 0), (5,), (2,), (3,), (3,))",58.7508,161.2537,220.0045,3309.26268391429,4460.42731202293,194.42183009011163,719.2604076447519,913.6822377348636,215.67463966225355,836.2170250283103,-1.9680780791967678,-8.478353798208836,9.263768900654789,-6.640975298098821,2.007588998190517
946,mobile,LLBBLGGLLGBBLL,"((3,), (2,), (6,), (0,), (4,), (4, 7), (1, 2), (1,), (5,), (4, 6), (0,), (7,), (2,), (5,))",47.6005,163.08145000000002,210.68195000000003,3407.810685483872,4651.9733751396,162.21349253437506,758.65056337916,920.864055913535,213.01884688465682,841.0168014330917,1.1092060257923353,-8.670905761571024,9.494133095127676,-9.672820281932108,-1.0970376184235853
947,mobile,LLBBLGGLLGBBLL,"((5,), (4,), (2,), (4,), (1,), (2, 1), (3, 5), (0,), (5,), (3, 6), (6,), (4,), (2,), (0,))",35.6354,161.474,197.1094,3556.176245718052,4468.095840398903,126.72576298666108,721.4813077325724,848.2070707192335,186.98037830622928,749.5629861007316,-5.138781658191193,-11.629717320660516,13.16021287705972,-6.842559874237378,5.417157557132424
948,mobile,LLBBLGGLLGBBLL,"((4,), (0,), (1,), (7,), (3,), (0, 7), (0, 4), (2,), (0,), (2, 0), (7,), (7,), (3,), (5,))",40.0512,187.67649,227.72769,3487.193019943022,4433.753997467181,139.666265080342,832.1113877681095,971.7776528484516,218.9683181804507,872.7859335141877,-3.8464236911854246,-10.18666348666299,11.342038813077965,-6.5938678922505565,4.000291865205251
949,mobile,LLBBLGGLLGBBLL,"((5,), (0,), (5,), (2,), (4,), (2, 5), (3, 6), (5,), (2,), (0, 6), (1,), (1,), (5,), (3,))",34.5352,189.76033,224.29553,3609.3503458498,4265.363527767224,124.64963606399202,809.3967905990726,934.0464266630646,216.29147956336755,845.5354752050836,-3.5685287337792544,-9.476076234689058,10.468035233709488,-6.126161328183715,3.7005851792176183
950,mobile,BGBLBLBLGGLGLL,"((1,), (0, 1), (6,), (1,), (5,), (1,), (3,), (3,), (0, 1), (2, 3), (3,), (1, 1), (4,), (0,))",41.9224,218.26616,260.18856,3457.1096729169967,4028.185143926428,144.9303345518955,879.2165031338689,1024.1468376857642,252.81244822903113,965.5320842808402,-2.8349101017234815,-5.723276316253063,6.070720420293676,-2.972637824504101,2.9176220643560216
951,mobile,BGBLBLBLGGLGLL,"((5,), (4, 4), (5,), (2,), (2,), (2,), (0,), (2,), (2, 2), (1, 4), (5,), (4, 4), (3,), (0,))",19.5142,177.16276,196.67696,4147.400732600732,4341.334051564518,80.93320737611721,769.1227226571522,850.0559300332694,195.1709821959534,797.5993846782152,-0.7657113492330817,-6.170952228167057,6.5768036388615645,-5.446948783959667,0.77161972907151
952,mobile,BGBLBLBLGGLGLL,"((7,), (1, 1), (7,), (2,), (0,), (2,), (7,), (1,), (0, 6), (3, 5), (0,), (0, 6), (5,), (4,))",16.0649,214.58714,230.65204,4894.244803815465,4197.30998977822,78.62555334881507,900.6887463999376,979.3142997487528,224.8031885590842,915.1103650540643,-2.5357900328632725,-6.556009108736616,7.0159772139500625,-4.124815742341614,2.6017653390083435
953,mobile,BGBLBLBLGGLGLL,"((3,), (4, 4), (7,), (0,), (4,), (1,), (7,), (2,), (2, 2), (2, 5), (3,), (3, 5), (4,), (5,))",26.0928,161.33923,187.43203,3818.226020197552,4486.724148064307,99.62820789981068,723.8846192711012,823.5128271709119,186.82647274073622,764.6618596158969,-0.3230809906203203,-7.146332833356229,7.696338821525226,-6.845367925240397,0.32412818717833314
954,mobile,BGBLBLBLGGLGLL,"((3,), (1, 7), (1,), (4,), (3,), (2,), (5,), (5,), (2, 2), (1, 2), (3,), (1, 7), (3,), (3,))",26.4554,182.6251,209.0805,3774.135363961374,4310.270822768384,99.84626070774374,787.1636400351584,887.0099007429021,201.79970216353004,815.5645040503248,-3.482294062081331,-8.054633508908896,8.760238624628611,-4.737306385802986,3.607932895049515
955,mobile,BGBLBLBLGGLGLL,"((0,), (4, 4), (4,), (2,), (6,), (3,), (6,), (5,), (2, 7), (4, 6), (3,), (2, 1), (5,), (5,))",61.4546,148.67716,210.13176,3414.6693980612886,4694.172587797787,209.84714199009727,697.9162489036255,907.7633908937228,214.12044623896728,856.0057729899595,1.8981834249935665,-5.701663938309542,6.0464099118138055,-7.458275611848658,-1.8628236158800575
956,mobile,BGBLBLBLGGLGLL,"((5,), (0, 1), (5,), (4,), (5,), (0,), (5,), (5,), (1, 6), (1, 5), (5,), (1, 0), (4,), (4,))",19.5065,193.02447,212.53097,4243.112423687424,4280.061274351901,82.76827249265872,826.1565590493004,908.9248315419592,205.2774638985389,838.8950605109563,-3.4129172334088933,-7.704682345645655,8.347858311187213,-4.44341519518516,3.5335131113302505
957,mobile,BGBLBLBLGGLGLL,"((4,), (2, 3), (1,), (1,), (1,), (2,), (3,), (1,), (0, 5), (4, 3), (5,), (3, 2), (4,), (1,))",22.4767,191.28102,213.75772,3939.85733220211,4195.770016441979,88.55499129870717,802.5711684304387,891.1261597291458,206.59222604555657,828.2999676152491,-3.352156803713772,-7.0502017506693395,7.584956485604981,-3.826308818340676,3.4684238083882892
958,mobile,BGBLBLBLGGLGLL,"((5,), (4, 7), (3,), (4,), (4,), (4,), (2,), (4,), (1, 0), (3, 5), (3,), (3, 6), (2,), (4,))",19.4293,150.45866,169.88796000000002,4264.6591115828605,4620.596585809528,82.85934127667687,695.2087707014766,778.0681119781535,171.03018001236356,722.3629996253275,0.6723372347066487,-7.1594133592240246,7.711512408819241,-7.779446478600958,-0.6678470503164804
959,mobile,BGBLBLBLGGLGLL,"((7,), (0, 1), (3,), (1,), (6,), (4,), (3,), (2,), (1, 5), (4, 1), (0,), (0, 0), (3,), (0,))",15.976,216.82371,232.79971,4737.084327894328,4113.74707437371,75.6796592224398,891.9579026673539,967.6375618897936,224.40803470573118,902.8259743974837,-3.6046760085177176,-6.6979197630291445,7.178746439540908,-3.208914734064038,3.7394718532573687
960,mobile,GBLLBBGBBGBGLL,"((1, 1), (0,), (1,), (3,), (3,), (5,), (4, 6), (7,), (7,), (0, 0), (2,), (1, 0), (5,), (0,))",36.7136,207.93626,244.64986,3479.981452787952,4314.574596053036,127.76264706507575,897.156504994279,1024.9191520593547,225.43209146412596,896.5775160215417,-7.8552133795923815,-12.522122918665156,14.31461683394806,-5.06475700931211,8.524859265182421
961,mobile,GBLLBBGBBGBGLL,"((4, 3), (1,), (1,), (1,), (7,), (1,), (3, 7), (6,), (6,), (4, 0), (6,), (2, 7), (5,), (0,))",24.0887,171.13854,195.22724,3916.749109477125,4648.410204022338,94.3493942734616,795.5221356374851,889.8715299109467,183.87717503148733,774.8129556031693,-5.813771156377906,-12.929796093071081,14.849851628798284,-7.5552711092276095,6.172633969696924
962,mobile,GBLLBBGBBGBGLL,"((0, 7), (1,), (4,), (2,), (7,), (6,), (4, 5), (1,), (3,), (4, 4), (7,), (2, 6), (1,), (1,))",14.3932,165.19770999999997,179.59090999999998,4685.296828726827,4668.7398109547,67.43641431523098,771.2651253555492,838.7015396707802,165.09908593256853,722.8153042987902,-8.06935276815038,-13.817339052159056,16.03262059931235,-6.252524546588063,8.777652514290933
963,mobile,GBLLBBGBBGBGLL,"((4, 0), (6,), (1,), (5,), (0,), (5,), (1, 6), (7,), (2,), (3, 3), (7,), (2, 4), (1,), (0,))",53.776,181.50733,235.28333,3613.764730660659,4517.440918550648,194.33381215600764,819.9486395588756,1014.2824517148832,215.97546370955033,875.3690555525502,-8.206219408085426,-13.695730999532449,15.869123460692606,-5.980265281644322,8.939842498227229
964,mobile,GBLLBBGBBGBGLL,"((3, 6), (4,), (1,), (0,), (0,), (0,), (4, 6), (7,), (1,), (0, 7), (3,), (4, 5), (0,), (0,))",16.5561,229.36417,245.92027,4368.289930624932,4216.40755557899,72.32184492041944,967.092819367104,1039.4146642875232,223.11648174906276,899.0230758231544,-9.272838001900874,-13.506793129631436,15.616016122369809,-4.666689704037343,10.220575401769043
965,mobile,GBLLBBGBBGBGLL,"((4, 3), (2,), (4,), (3,), (5,), (7,), (3, 2), (3,), (0,), (2, 5), (2,), (4, 7), (2,), (1,))",24.0885,175.60769,199.69619,3943.994643962848,4493.292855649092,95.00491498109906,789.0567788740406,884.0616938551397,183.094659573015,762.5329667141482,-8.31339367415322,-13.746634198235592,15.937504664837544,-5.9258824617993575,9.06718440925613
966,mobile,GBLLBBGBBGBGLL,"((1, 2), (2,), (3,), (2,), (1,), (3,), (1, 6), (6,), (6,), (1, 2), (2,), (0, 5), (1,), (5,))",28.2228,195.5743,223.7971,3690.303792100572,4307.924617769933,104.15070586369605,842.5193415731222,946.6700474368184,201.17636570135957,820.9264929915764,-10.107697686270479,-13.28272240002758,15.317273290451853,-3.532031811440397,11.244230513747436
967,mobile,GBLLBBGBBGBGLL,"((2, 4), (2,), (3,), (3,), (1,), (3,), (3, 0), (1,), (4,), (1, 0), (1,), (4, 3), (2,), (3,))",19.9601,179.76164,199.72174,4006.3078067765578,4318.861512903607,79.96630445404077,776.3656284924335,856.3319329464744,183.77295172177105,753.5609785847035,-7.985504371346334,-12.001298843096462,13.638040886192051,-4.364306345770578,8.678528656586602
968,mobile,GBLLBBGBBGBGLL,"((0, 6), (0,), (2,), (1,), (3,), (7,), (3, 5), (4,), (4,), (1, 5), (0,), (3, 3), (2,), (2,))",15.2282,191.99366000000003,207.22186,4434.485353535354,4325.897116877334,67.52922986070708,830.5448202527273,898.0740501134344,194.31191231735912,802.423932572401,-6.230012452663478,-10.650582491382753,11.92014764993354,-4.7142696233032115,6.643930126916648
969,mobile,GBLLBBGBBGBGLL,"((2, 7), (2,), (3,), (4,), (3,), (3,), (4, 1), (7,), (1,), (4, 6), (7,), (4, 3), (2,), (3,))",14.4362,149.25263,163.68883,4821.493021978021,4887.0734130893725,69.6040375638791,729.4085599066653,799.0125974705445,149.89805199892277,677.1716515516091,-8.424996379458042,-15.248939291401728,17.992623530497816,-7.451752816980458,9.200104882734777
970,mobile,LGGBLBBLBBGGBL,"((0,), (2, 4), (2, 0), (0,), (1,), (4,), (3,), (5,), (4,), (2,), (1, 7), (4, 5), (7,), (5,))",117.206,194.2115,311.4175,3217.905845037784,4325.422038793753,377.1578724734985,840.0467022871929,1217.2045747606917,297.2344527683509,1112.3181657790878,-4.554351387333448,-8.61699102652691,9.429533042655965,-4.256495396327901,4.771670006472182
971,mobile,LGGBLBBLBBGGBL,"((3,), (2, 1), (1, 7), (6,), (2,), (5,), (3,), (3,), (6,), (1,), (2, 4), (2, 1), (7,), (0,))",49.0453,182.81648,231.86177999999995,3354.9514260249543,4427.244982417032,164.54459917482168,809.3733437831437,973.9179429579654,220.19612140498253,872.6317660269262,-5.031298644829442,-10.399867633962533,11.606977980207281,-5.652987681757741,5.297849263004086
972,mobile,LGGBLBBLBBGGBL,"((5,), (2, 0), (4, 2), (2,), (5,), (2,), (3,), (1,), (1,), (4,), (4, 1), (1, 0), (7,), (1,))",35.2063,184.55847000000003,219.76477000000003,3582.8751225296432,4358.818240532151,126.13977642631538,804.4568254807059,930.5966019070212,208.82129466771792,836.068462455999,-4.9796313268419246,-10.157799766011479,11.306267811291496,-5.449535201216626,5.240593565754699
973,mobile,LGGBLBBLBBGGBL,"((0,), (1, 0), (0, 4), (2,), (5,), (3,), (4,), (2,), (4,), (5,), (0, 3), (4, 6), (7,), (2,))",117.344,200.00976,317.35376,3205.122903412376,4259.505576460849,376.1019419780219,851.942688066596,1228.044630044618,311.688009660596,1150.0809772265643,-1.7853106071294196,-6.348600931158435,6.778970730049312,-4.646240142118977,1.8177633286482842
974,mobile,LGGBLBBLBBGGBL,"((2,), (2, 7), (2, 1), (7,), (4,), (1,), (6,), (5,), (3,), (5,), (0, 7), (0, 6), (1,), (3,))",58.7672,202.55772,261.32492,3318.99608636977,4350.653224422188,195.0481068069096,881.2583976496066,1076.3065044565162,253.09255637920361,990.0260061718311,-3.150240559069684,-8.01635016860301,8.714972914530692,-5.024389980546323,3.252708708059364
975,mobile,LGGBLBBLBBGGBL,"((3,), (4, 0), (4, 7), (1,), (0,), (3,), (3,), (0,), (2,), (0,), (4, 7), (3, 2), (4,), (1,))",48.3518,196.63686,244.98866,3355.742943548387,4300.610371910513,162.25621165786288,845.6585196159156,1007.9147312737784,230.56549994380248,901.7285829721685,-5.887276601373112,-10.535231305471092,11.775843674779825,-4.9387102362461075,6.255558641563045
976,mobile,LGGBLBBLBBGGBL,"((2,), (1, 6), (1, 4), (2,), (4,), (3,), (0,), (0,), (2,), (0,), (1, 1), (1, 2), (7,), (5,))",58.6732,220.71928,279.39248,3317.518016194332,4092.361523728593,194.6493980677733,903.263089017078,1097.9124870848514,268.8546189479118,1022.2037017428532,-3.7717053272472487,-6.895703094061542,7.406428406873797,-3.2464440707779314,3.919538780224504
977,mobile,LGGBLBBLBBGGBL,"((0,), (4, 2), (0, 5), (7,), (2,), (6,), (2,), (2,), (4,), (0,), (0, 5), (0, 7), (6,), (0,))",117.515,230.12201,347.63701,3197.925204619942,4198.2600601805725,375.8041804209125,966.1120435514742,1341.916223972387,341.7245723091579,1268.9827547257596,-1.7007503576336906,-5.435024030839056,5.747396406690251,-3.79888319269115,1.7301763378880148
978,mobile,LGGBLBBLBBGGBL,"((0,), (2, 4), (4, 1), (0,), (1,), (2,), (2,), (3,), (2,), (3,), (1, 5), (0, 7), (2,), (1,))",117.51,232.00831,349.51831,3200.3214849460405,4036.525232224927,376.0697776960093,936.5073974008628,1312.577175096872,332.01871623582736,1218.874894486944,-5.006774541846643,-7.138801617742023,7.687604448475392,-2.2443990775264053,5.270664847623514
979,mobile,LGGBLBBLBBGGBL,"((4,), (3, 0), (1, 1), (6,), (0,), (0,), (1,), (2,), (2,), (0,), (4, 4), (1, 0), (7,), (0,))",41.6446,221.46153,263.10613,3422.366239316239,4136.932570424394,142.52307308982904,916.1714165530192,1058.694489642848,251.9527432692924,973.6889188535074,-4.2391208181685505,-8.029282443702662,8.730259648988554,-3.957943638275636,4.426777254330839
980,mobile,GGGLBGLBLLGLBL,"((1, 7), (3, 7), (4, 7), (5,), (6,), (2, 4), (2,), (4,), (2,), (5,), (2, 1), (5,), (0,), (3,))",14.0145,149.01090000000002,163.02540000000002,4801.191241258742,4613.686390791348,67.28629465062063,687.4895614095705,754.7758560601911,161.0683456390288,690.6721039586694,-1.2004597817096152,-8.49308461403801,9.281358221086885,-7.381233572763466,1.2150459193001175
981,mobile,GGGLBGLBLLGLBL,"((4, 7), (1, 5), (4, 4), (0,), (1,), (0, 6), (1,), (6,), (2,), (0,), (1, 7), (2,), (7,), (1,))",15.4797,197.06923,212.54893,4756.777216672216,4249.064416216223,73.63348428092091,837.3598527241306,910.9933370050516,206.36646185700496,833.8004547953218,-2.9087270131141327,-8.473484829593405,9.257956357037337,-5.731470651570204,2.9958686539283756
982,mobile,GGGLBGLBLLGLBL,"((0, 4), (3, 5), (2, 2), (2,), (4,), (3, 4), (5,), (5,), (2,), (1,), (2, 4), (2,), (4,), (2,))",19.6845,161.22049000000004,180.90499000000003,3943.240538946349,4337.266217042984,77.6207183888894,699.2561847721164,776.8769031610058,179.56520315116984,722.016720790017,-0.7406024835634365,-7.0616312761739,7.598187242943888,-6.368191779084455,0.7461283284948281
983,mobile,GGGLBGLBLLGLBL,"((1, 3), (4, 7), (2, 6), (4,), (0,), (1, 6), (2,), (0,), (3,), (3,), (4, 5), (0,), (1,), (5,))",23.2335,182.6011,205.8346,3819.519154995332,4279.524153783324,88.74079828758404,781.4458179574041,870.1866162449882,196.52221909139917,787.1239098842211,-4.524205798539619,-9.545390012914421,10.552684948038845,-5.2591175138902475,4.738589331860641
984,mobile,GGGLBGLBLLGLBL,"((1, 2), (1, 5), (0, 1), (0,), (1,), (1, 7), (1,), (0,), (4,), (0,), (0, 7), (2,), (1,), (1,))",27.9317,241.21788,269.14958,3613.215941815321,3919.664656104309,100.923263722003,945.4931986564104,1046.4164623784136,256.8349675960359,971.8420230678706,-4.575378644084874,-7.126650047251909,7.673514577516364,-2.6735986655386275,4.79475692863334
985,mobile,GGGLBGLBLLGLBL,"((2, 2), (1, 3), (1, 4), (4,), (2,), (0, 5), (3,), (4,), (0,), (3,), (1, 1), (1,), (3,), (2,))",27.8979,194.71659,222.61449,3656.814943731879,4088.5775951254914,102.01745761873758,796.1138872732362,898.1313448919738,215.31028570336954,830.1405988876672,-3.28110011914788,-7.570245308884567,8.19026874428376,-4.434650513002613,3.392408436396471
986,mobile,GGGLBGLBLLGLBL,"((1, 1), (4, 1), (0, 2), (0,), (0,), (3, 3), (4,), (4,), (0,), (0,), (0, 7), (3,), (1,), (3,))",36.6497,218.54225,255.19195,3495.093979933112,4033.789408958628,128.09414583635456,881.5534134599886,1009.6475592963432,245.89511925573902,933.7842513338034,-3.6430736722929438,-7.513840573775215,8.124286509884683,-4.017113298444061,3.7808114176483305
987,mobile,GGGLBGLBLLGLBL,"((3, 2), (1, 1), (1, 1), (1,), (7,), (1, 7), (0,), (2,), (1,), (3,), (4, 5), (3,), (2,), (3,))",28.479,174.65487000000002,203.13387,3726.017044326503,4270.660107216412,106.11323940537446,745.8915858400686,852.004825245443,197.25429534279306,780.4906359155016,-2.894433438011566,-8.393636656851077,9.162722272261032,-5.663118411784378,2.9807080484555573
988,mobile,GGGLBGLBLLGLBL,"((4, 0), (4, 2), (4, 6), (2,), (6,), (2, 4), (5,), (5,), (1,), (1,), (2, 2), (0,), (7,), (2,))",53.6499,161.04717,214.69707,3621.643411261568,4441.400512909317,194.300806849842,715.2749834405939,909.575790290436,206.9681947668948,820.4408649426186,-3.59989786218563,-9.799614974289907,10.864271778326323,-6.43123500350768,3.7343299253347118
989,mobile,GGGLBGLBLLGLBL,"((3, 6), (1, 1), (1, 3), (5,), (1,), (2, 7), (3,), (3,), (1,), (2,), (4, 2), (3,), (7,), (2,))",17.1856,164.02729,181.21289,4413.969992507492,4404.492421164888,75.85672270323676,722.4569556692152,798.3136783724519,174.20133883369726,715.2558867345543,-3.869234228482711,-10.404154894004849,11.61231849724321,-6.797949244526223,4.024969735161659
990,mobile,BBLGBLLGLLGGLL,"((4,), (1,), (3,), (4, 7), (5,), (4,), (1,), (2, 4), (5,), (4,), (2, 2), (1, 7), (1,), (5,))",22.5017,159.89394,182.39564,4024.160831359623,4534.635054505926,90.5504597790048,725.0606653270671,815.6111251060719,173.5509107295882,729.1093367715674,-4.849199942724393,-10.60576366258549,11.864035196357085,-6.049937274721753,5.096331234004795
991,mobile,BBLGBLLGLLGGLL,"((2,), (3,), (4,), (4, 7), (3,), (0,), (2,), (4, 6), (3,), (1,), (0, 4), (2, 6), (4,), (5,))",31.7945,174.00669000000002,205.80119,3700.565305860805,4397.309576844138,117.65762361719136,765.1612843719491,882.8189079891405,200.9106867682802,810.122388653748,-2.3763240784564004,-8.234590206158877,8.973523056954228,-6.000866155061135,2.4341677938517328
992,mobile,BBLGBLLGLLGGLL,"((6,), (6,), (2,), (3, 0), (0,), (4,), (5,), (0, 0), (3,), (3,), (0, 2), (4, 2), (3,), (4,))",17.2235,191.5187,208.74220000000005,4503.805235450824,4237.569978933333,77.57128947278726,811.5738935243394,889.1451829971267,196.83476182755567,797.5976356327714,-5.704375144290125,-10.296130386239875,11.477911076269233,-4.8695315917106425,6.049458978631202
993,mobile,BBLGBLLGLLGGLL,"((3,), (3,), (2,), (0, 4), (5,), (1,), (4,), (3, 7), (1,), (0,), (4, 3), (4, 1), (5,), (0,))",26.5195,183.08962,209.60912,3725.634127966975,4275.170779459271,98.8019542566202,782.739393446302,881.5413477029222,202.56991677253617,804.3159776843651,-3.358252363954305,-8.760266347096167,9.60137211757123,-5.589731265504362,3.474949952893579
994,mobile,BBLGBLLGLLGGLL,"((4,), (7,), (0,), (4, 4), (3,), (2,), (2,), (0, 4), (2,), (5,), (0, 7), (4, 1), (2,), (4,))",22.484,184.60713,207.09113,3995.290903361343,4346.284652416912,89.83012067117646,802.3551358457337,892.1852565169102,203.84159809166445,826.545665553022,-1.5691313811149425,-7.3571705522399045,7.941435506769047,-5.880308944072926,1.5941456203037954
995,mobile,BBLGBLLGLLGGLL,"((7,), (7,), (3,), (0, 3), (7,), (1,), (2,), (3, 6), (1,), (5,), (1, 2), (4, 0), (5,), (2,))",16.0179,172.08405,188.10195,4853.636214341214,4434.111521204821,77.74505951769613,763.0398687205864,840.7849282382825,180.43883256007396,750.0611523734152,-4.073917064616303,-10.790366575072069,12.09551722253453,-7.001692662651518,4.246933618003054
996,mobile,BBLGBLLGLLGGLL,"((4,), (4,), (3,), (0, 0), (6,), (3,), (4,), (1, 2), (2,), (0,), (3, 1), (2, 1), (4,), (1,))",22.4198,194.49601,216.91581,3941.6319941255865,4131.441799807564,88.37060098189681,803.54894560979,891.9195465916869,205.02060621712548,806.3752980887355,-5.483788287665394,-9.591027445226832,10.608490699765701,-4.345539334629753,5.801955228967074
997,mobile,BBLGBLLGLLGGLL,"((7,), (6,), (2,), (4, 5), (0,), (0,), (3,), (2, 5), (4,), (2,), (1, 2), (0, 6), (2,), (3,))",15.8382,184.2031,200.0413,4890.7601776001775,4323.104043562082,77.46083784486713,796.3291664466706,873.7900042915377,201.95236862026528,827.0786476002651,0.9553370330353125,-5.345833262208788,5.647752704873192,-6.241542528041061,-0.9462967101211176
998,mobile,BBLGBLLGLLGGLL,"((0,), (1,), (0,), (2, 7), (4,), (4,), (3,), (1, 2), (5,), (4,), (2, 4), (0, 0), (5,), (4,))",61.5294,199.06048,260.58988,3386.646592970275,4178.040936508323,208.37833287750524,831.6828342809962,1040.0611671585011,244.98421352564338,942.6395498239357,-5.988592678409695,-9.366912294276514,10.334980889859935,-3.5935209482721615,6.370070238310719
999,mobile,BBLGBLLGLLGGLL,"((1,), (2,), (0,), (1, 7), (1,), (2,), (5,), (3, 1), (4,), (0,), (3, 2), (4, 6), (1,), (0,))",41.918,198.7486,240.6666,3460.2959552580232,4170.230699664563,145.04868585250583,828.8275132353524,973.8761990878584,222.73966825234666,865.269248193346,-7.448865670455862,-11.152028460725774,12.5518098697348,-4.0012073510457125,8.04837857949197
