graph,order,freq,input_time,task_time,total_time,input_power,task_power,input_e,task_e,total_e
res50,BGBGGBBLGLBLGLBBGG,"((1,), (1, 4), (2,), (2, 2), (3, 6), (6,), (7,), (1,), (4, 4), (2,), (6,), (2,), (1, 7), (1,), (3,), (0,), (2, 4), (4, 0))",41.198,812.2937999999999,853.4917999999999,3462.452008850801,4406.995667014242,142.6460978606353,3579.775256942533,3722.421354803168
res50,BGBGGBBLGLBLGLBBGG,"((2,), (4, 6), (1,), (0, 7), (1, 0), (0,), (3,), (4,), (4, 0), (0,), (4,), (1,), (4, 4), (2,), (5,), (6,), (4, 2), (3, 3))",30.2471,810.5429999999999,840.7900999999999,3664.281805248416,4486.478123620344,110.83389819152936,3636.483437753605,3747.317335945134
res50,BGBGGBBLGLBLGLBBGG,"((7,), (2, 3), (2,), (0, 3), (3, 6), (5,), (4,), (5,), (3, 4), (3,), (5,), (1,), (4, 4), (0,), (2,), (4,), (3, 1), (4, 5))",14.4172,737.7597999999999,752.1769999999999,5070.693751803752,4575.897227954788,73.10520595850504,3375.9130237164786,3449.018229674984
res50,BGBGGBBLGLBLGLBBGG,"((4,), (1, 7), (4,), (0, 7), (3, 2), (4,), (0,), (1,), (4, 3), (5,), (3,), (4,), (3, 3), (4,), (6,), (6,), (3, 4), (2, 3))",21.1331,721.0267000000001,742.1598000000001,4017.812656787658,4704.066802382116,84.90883665715924,3391.75776310113,3476.666599758289
res50,BGBGGBBLGLBLGLBBGG,"((0,), (3, 4), (2,), (2, 1), (2, 5), (1,), (7,), (3,), (3, 0), (0,), (4,), (2,), (0, 0), (2,), (5,), (0,), (2, 4), (2, 1))",59.4192,891.5545000000001,950.9737,3372.685888079008,4252.043938100352,200.40229732094417,3790.9289072110905,3991.3312045320345
res50,BGBGGBBLGLBLGLBBGG,"((3,), (0, 1), (3,), (2, 5), (2, 1), (2,), (7,), (2,), (4, 4), (1,), (6,), (5,), (2, 4), (4,), (2,), (0,), (1, 7), (4, 5))",21.9096,839.2369000000002,861.1465000000002,3970.747764114971,4395.777886813139,86.99749521265336,3689.09900681761,3776.096502030264
res50,BGBGGBBLGLBLGLBBGG,"((6,), (3, 1), (7,), (3, 4), (1, 3), (4,), (3,), (1,), (2, 2), (5,), (0,), (0,), (2, 5), (0,), (2,), (0,), (3, 4), (0, 6))",13.999,872.3367999999998,886.3357999999998,4667.820551948052,4304.389313331575,65.34481990672077,3754.877199545863,3820.222019452584
res50,BGBGGBBLGLBLGLBBGG,"((4,), (3, 6), (2,), (4, 0), (3, 0), (2,), (1,), (4,), (3, 1), (1,), (4,), (2,), (3, 2), (3,), (0,), (6,), (4, 7), (3, 2))",21.8057,751.4068,773.2125,4055.013152680652,4546.829684300106,88.42240030340851,3416.5187432249527,3504.9411435283614
res50,BGBGGBBLGLBLGLBBGG,"((5,), (1, 7), (7,), (0, 4), (2, 5), (5,), (1,), (5,), (0, 1), (3,), (0,), (2,), (2, 4), (2,), (5,), (5,), (1, 1), (3, 7))",15.2207,877.3210999999999,892.5417999999999,4622.916144966145,4344.827740480062,70.36401976768622,3811.809052588482,3882.173072356168
res50,BGBGGBBLGLBLGLBBGG,"((0,), (1, 5), (2,), (2, 7), (3, 5), (0,), (2,), (2,), (3, 1), (3,), (4,), (2,), (2, 5), (0,), (4,), (2,), (3, 2), (0, 7))",56.5785,833.9313999999999,890.5098999999999,3438.279941587961,4319.948589579853,194.53272167513444,3602.540775236352,3797.073496911488
res50,BBLLBLLLBBGBGBLBBG,"((3,), (2,), (4,), (1,), (3,), (1,), (0,), (4,), (3,), (2,), (1, 5), (5,), (3, 3), (6,), (4,), (7,), (6,), (2, 1))",25.9738,682.4313500000001,708.40515,3745.48129127967,4590.041136172989,97.2843819634399,3132.387969114067,3229.672351077507
res50,BBLLBLLLBBGBGBLBBG,"((0,), (6,), (2,), (3,), (6,), (1,), (3,), (3,), (5,), (2,), (2, 6), (0,), (3, 2), (0,), (5,), (6,), (1,), (1, 7))",60.254,780.3519499999999,840.6059499999999,3422.517100877185,4409.943114589497,206.2203453962539,3441.307708858986,3647.528054255241
res50,BBLLBLLLBBGBGBLBBG,"((6,), (2,), (1,), (3,), (6,), (3,), (4,), (0,), (4,), (7,), (4, 7), (0,), (1, 2), (3,), (5,), (2,), (5,), (2, 2))",16.5732,693.3951999999998,709.9683999999999,4500.305657675657,4649.051098428259,74.5844657257902,3223.629716204882,3298.214181930672
res50,BBLLBLLLBBGBGBLBBG,"((4,), (0,), (1,), (4,), (7,), (5,), (2,), (2,), (6,), (6,), (2, 2), (4,), (0, 5), (3,), (0,), (0,), (3,), (3, 4))",20.867,818.08861,838.95561,4074.564242456888,4377.734897172225,85.02393204734788,3581.3750569761187,3666.3989890234666
res50,BBLLBLLLBBGBGBLBBG,"((3,), (7,), (0,), (5,), (2,), (0,), (2,), (1,), (7,), (0,), (1, 5), (7,), (4, 1), (0,), (4,), (5,), (0,), (2, 5))",24.589,820.53568,845.1246799999999,3855.138654295052,4437.944569960393,94.79400437046102,3641.49186551476,3736.28586988522
res50,BBLLBLLLBBGBGBLBBG,"((4,), (7,), (0,), (5,), (6,), (0,), (5,), (4,), (6,), (5,), (1, 0), (2,), (2, 1), (2,), (0,), (5,), (5,), (1, 0))",22.5801,732.2582199999999,754.83832,3926.517832058465,4588.777079241915,88.66116529966335,3360.1697360224834,3448.830901322147
res50,BBLLBLLLBBGBGBLBBG,"((2,), (7,), (1,), (3,), (0,), (5,), (1,), (2,), (6,), (1,), (1, 7), (5,), (3, 3), (4,), (3,), (7,), (1,), (4, 5))",29.2457,736.8731999999998,766.1188999999998,3805.496907280455,4542.302215624817,111.294420901252,3347.100768994548,3458.3951898958
res50,BBLLBLLLBBGBGBLBBG,"((6,), (1,), (4,), (0,), (0,), (3,), (4,), (5,), (3,), (2,), (2, 0), (0,), (2, 4), (5,), (1,), (3,), (5,), (4, 0))",18.0191,814.38818,832.40728,4433.290709290711,4283.392666389268,79.88390861978026,3488.344357806104,3568.228266425884
res50,BBLLBLLLBBGBGBLBBG,"((6,), (4,), (4,), (1,), (0,), (3,), (1,), (0,), (2,), (0,), (2, 6), (3,), (4, 4), (4,), (2,), (6,), (3,), (3, 6))",15.7142,770.1688499999999,785.8830499999999,4723.323773448775,4372.733943672973,74.22325444072874,3367.743472754578,3441.9667271953067
res50,BBLLBLLLBBGBGBLBBG,"((7,), (7,), (5,), (5,), (2,), (5,), (0,), (2,), (1,), (6,), (4, 3), (6,), (2, 3), (2,), (2,), (0,), (1,), (3, 1))",16.3844,744.51608,760.90048,4773.85203962704,4551.132775555172,78.21670135806527,3388.3915336158566,3466.6082349739218
res50,GGGBLGLLBGBLBGGGBB,"((2, 3), (4, 6), (4, 7), (5,), (0,), (0, 3), (4,), (4,), (0,), (0, 6), (7,), (5,), (5,), (3, 3), (2, 5), (3, 0), (4,), (4,))",19.0332,810.6073,829.6405,3968.175875235876,4576.370278395534,75.52708506853948,3709.639155170452,3785.166240238992
res50,GGGBLGLLBGBLBGGGBB,"((3, 2), (3, 6), (1, 6), (4,), (4,), (1, 1), (2,), (5,), (1,), (0, 0), (2,), (3,), (2,), (2, 0), (1, 5), (0, 7), (1,), (5,))",21.0849,915.5304,936.6153,3925.832529921058,4271.5096223736855,82.77578631013252,3910.696913175629,3993.4726994857615
res50,GGGBLGLLBGBLBGGGBB,"((0, 6), (4, 6), (3, 6), (3,), (4,), (3, 5), (4,), (3,), (1,), (3, 6), (5,), (5,), (2,), (0, 2), (3, 6), (0, 6), (3,), (1,))",14.2517,803.7967,818.0484,4507.451709956709,4544.317028215694,64.23884953479003,3652.707031033582,3716.945880568372
res50,GGGBLGLLBGBLBGGGBB,"((2, 6), (0, 5), (0, 3), (4,), (5,), (2, 1), (3,), (2,), (6,), (0, 2), (5,), (2,), (6,), (2, 5), (4, 4), (3, 2), (0,), (4,))",11.9408,871.0547,882.9955,4641.848253968254,4500.203514911842,55.42738163098412,3919.92342262048,3975.350804251464
res50,GGGBLGLLBGBLBGGGBB,"((4, 3), (1, 5), (3, 7), (4,), (5,), (4, 6), (5,), (0,), (7,), (0, 3), (7,), (0,), (0,), (4, 2), (2, 7), (1, 1), (6,), (1,))",21.0803,801.5931,822.6734,4004.3003629458776,4707.117453781329,84.411852941008,3773.192871840682,3857.60472478169
res50,GGGBLGLLBGBLBGGGBB,"((1, 0), (4, 7), (1, 4), (6,), (5,), (2, 2), (3,), (1,), (7,), (4, 1), (5,), (0,), (0,), (3, 3), (0, 5), (1, 2), (0,), (2,))",46.889,919.6592000000002,966.5482000000002,3437.6116331464204,4400.354328893858,161.18617186660254,4046.826341827064,4208.012513693666
res50,GGGBLGLLBGBLBGGGBB,"((0, 2), (3, 6), (0, 6), (5,), (3,), (4, 2), (0,), (4,), (1,), (3, 3), (3,), (5,), (5,), (2, 5), (2, 5), (2, 4), (3,), (7,))",19.0407,810.7543,829.795,3933.5527157702127,4476.263526344983,74.89759719516589,3629.149901917358,3704.047499112524
res50,GGGBLGLLBGBLBGGGBB,"((4, 7), (1, 4), (3, 6), (4,), (0,), (0, 6), (3,), (1,), (2,), (0, 1), (2,), (0,), (4,), (4, 3), (4, 3), (3, 7), (7,), (4,))",12.0175,831.391,843.4085,5120.018354978353,4583.946070776946,61.52982058095236,3811.051507729316,3872.581328310268
res50,GGGBLGLLBGBLBGGGBB,"((1, 7), (0, 2), (3, 4), (1,), (0,), (4, 3), (2,), (0,), (7,), (2, 3), (3,), (4,), (7,), (0, 5), (4, 2), (3, 5), (1,), (6,))",9.75178,867.8284199999999,877.5802,5148.1701984126985,4552.785777829414,50.20382317747699,3951.036888172171,4001.240711349648
res50,GGGBLGLLBGBLBGGGBB,"((0, 6), (3, 5), (1, 1), (2,), (1,), (4, 0), (2,), (3,), (6,), (3, 1), (5,), (4,), (7,), (3, 0), (1, 7), (2, 6), (5,), (2,))",12.7144,755.3791,768.0935,4491.225815295815,4694.690479591982,57.103241505997104,3546.27106925276,3603.374310758757
res50,GBLBLBGGBLGLLGLLLB,"((4, 5), (2,), (0,), (4,), (0,), (6,), (0, 4), (2, 2), (3,), (2,), (2, 5), (0,), (3,), (2, 4), (4,), (2,), (2,), (0,))",17.3991,753.5211999999999,770.9202999999999,4374.515614385614,4331.349116191976,76.11263462625674,3263.763383651916,3339.876018278173
res50,GBLBLBGGBLGLLGLLLB,"((4, 1), (3,), (0,), (0,), (4,), (1,), (2, 3), (4, 2), (7,), (3,), (3, 5), (4,), (1,), (0, 4), (5,), (0,), (5,), (7,))",25.4184,747.53598,772.95438,4151.799541659305,4473.517684458781,105.53210146971288,3344.115426299226,3449.6475277689387
res50,GBLBLBGGBLGLLGLLLB,"((4, 4), (0,), (4,), (7,), (2,), (3,), (1, 2), (3, 0), (3,), (0,), (2, 3), (4,), (0,), (4, 7), (0,), (4,), (0,), (5,))",16.354,769.4677099999999,785.8217099999999,4379.738171550671,4370.130349304004,71.62623805753967,3362.674192280452,3434.300430337991
res50,GBLBLBGGBLGLLGLLLB,"((3, 5), (5,), (5,), (1,), (2,), (5,), (2, 6), (0, 5), (5,), (3,), (3, 1), (5,), (5,), (1, 2), (5,), (5,), (0,), (1,))",17.0174,661.5704000000001,678.5878,4273.292773337774,4641.027681064508,72.72033244099823,3070.36653937292,3143.086871813918
res50,GBLBLBGGBLGLLGLLLB,"((1, 6), (1,), (4,), (7,), (2,), (7,), (4, 1), (1, 4), (4,), (5,), (1, 7), (1,), (5,), (0, 6), (2,), (3,), (1,), (5,))",12.2206,722.4241999999999,734.6447999999999,4674.194087301587,4545.890675112075,57.12145626327777,3284.0614342553,3341.1828905185776
res50,GBLBLBGGBLGLLGLLLB,"((0, 5), (0,), (5,), (6,), (5,), (0,), (3, 2), (3, 1), (6,), (0,), (3, 0), (0,), (1,), (4, 1), (1,), (3,), (1,), (2,))",15.4953,792.1830199999999,807.67832,4260.462208624709,4370.017051769793,66.01714006130246,3461.853305522491,3527.8704455837938
res50,GBLBLBGGBLGLLGLLLB,"((4, 7), (5,), (1,), (7,), (0,), (7,), (3, 6), (1, 1), (6,), (3,), (0, 3), (0,), (2,), (0, 0), (4,), (0,), (4,), (0,))",14.7658,774.1217099999999,788.8875099999999,4871.184168609168,4468.362841427052,71.92693119684925,3459.056683705968,3530.9836149028174
res50,GBLBLBGGBLGLLGLLLB,"((2, 2), (5,), (0,), (4,), (4,), (3,), (1, 4), (1, 0), (1,), (3,), (0, 0), (2,), (2,), (1, 4), (5,), (4,), (3,), (1,))",26.2947,760.65048,786.94518,3684.862056366407,4315.892794156222,96.89234231353775,3282.885925503472,3379.7782678170097
res50,GBLBLBGGBLGLLGLLLB,"((0, 2), (0,), (0,), (0,), (3,), (5,), (3, 0), (0, 7), (4,), (5,), (1, 6), (1,), (3,), (3, 6), (4,), (0,), (5,), (4,))",23.8896,840.1630700000001,864.05267,3748.007888621096,4263.524851920939,89.53840925600254,3582.0561286111915,3671.594537867194
res50,GBLBLBGGBLGLLGLLLB,"((1, 7), (0,), (3,), (4,), (5,), (4,), (2, 1), (3, 6), (6,), (0,), (2, 7), (0,), (1,), (1, 1), (2,), (5,), (3,), (7,))",10.6123,751.9417599999999,762.5540599999999,5293.524087301587,4416.643689531503,56.17646567167063,3321.058829199212,3377.235294870882
res50,BLGGBBGLBGBGGLLLLB,"((1,), (3,), (4, 6), (0, 0), (1,), (0,), (4, 6), (1,), (3,), (3, 3), (0,), (4, 0), (2, 2), (0,), (2,), (0,), (2,), (2,))",38.9634,854.0557100000002,893.0191100000002,3500.8919568275305,4206.583611935991,136.4066536706538,3592.6567533663583,3729.063407037012
res50,BLGGBBGLBGBGGLLLLB,"((0,), (0,), (0, 0), (2, 4), (3,), (1,), (0, 3), (3,), (0,), (0, 3), (5,), (3, 3), (3, 1), (0,), (5,), (4,), (3,), (4,))",54.3721,931.99518,986.36728,3450.075562343548,4119.534496559965,187.58785348329965,3839.386294637614,4026.9741481209135
res50,BLGGBBGLBGBGGLLLLB,"((0,), (0,), (4, 7), (3, 6), (3,), (0,), (4, 5), (2,), (6,), (1, 2), (1,), (0, 6), (4, 3), (2,), (1,), (4,), (0,), (4,))",57.5747,826.8206499999999,884.3953499999999,3408.6565409906693,4325.882216807591,196.25237775057548,3576.728746324293,3772.981124074868
res50,BLGGBBGLBGBGGLLLLB,"((7,), (0,), (2, 0), (2, 0), (7,), (4,), (3, 6), (0,), (6,), (2, 6), (2,), (4, 6), (4, 0), (0,), (0,), (5,), (1,), (7,))",12.7353,739.8015499999999,752.53685,5229.570952380953,4579.385305032214,66.60015494985716,3387.8363467100544,3454.436501659912
res50,BLGGBBGLBGBGGLLLLB,"((4,), (1,), (0, 1), (1, 0), (5,), (3,), (2, 5), (4,), (5,), (0, 7), (3,), (2, 1), (1, 2), (5,), (5,), (1,), (2,), (3,))",20.1822,774.68534,794.86754,4044.99273892774,4391.511551085248,81.63685245558744,3402.039619066403,3483.67647152199
res50,BLGGBBGLBGBGGLLLLB,"((6,), (2,), (4, 2), (3, 5), (5,), (4,), (4, 6), (3,), (3,), (3, 3), (7,), (1, 7), (1, 4), (4,), (1,), (1,), (2,), (4,))",15.768,634.5638399999999,650.3318399999999,4623.786348373848,4744.894121110998,72.90786314115884,3010.9382338856194,3083.8460970267784
res50,BLGGBBGLBGBGGLLLLB,"((5,), (2,), (4, 2), (1, 1), (6,), (1,), (2, 6), (5,), (0,), (1, 0), (4,), (2, 1), (1, 0), (1,), (0,), (4,), (2,), (4,))",17.1695,806.0972300000001,823.26673,4380.5422094572095,4310.059622031944,75.21171946527555,3474.327122454797,3549.538841920073
res50,BLGGBBGLBGBGGLLLLB,"((5,), (4,), (4, 2), (0, 6), (2,), (4,), (0, 7), (1,), (7,), (4, 1), (0,), (2, 7), (1, 1), (4,), (0,), (1,), (4,), (4,))",17.0259,808.91962,825.94552,4364.870990953492,4422.724805027956,74.31585700487506,3577.6288686477883,3651.9447256526632
res50,BLGGBBGLBGBGGLLLLB,"((3,), (1,), (4, 2), (0, 4), (6,), (2,), (4, 4), (2,), (0,), (3, 7), (4,), (3, 6), (1, 7), (2,), (2,), (5,), (1,), (0,))",25.9503,739.5090900000001,765.4593900000001,3772.00742002064,4481.188542948421,97.8847241517616,3313.879661514213,3411.7643856659747
res50,BLGGBBGLBGBGGLLLLB,"((3,), (0,), (2, 0), (3, 7), (5,), (2,), (1, 7), (1,), (5,), (3, 3), (3,), (0, 1), (0, 6), (4,), (2,), (5,), (0,), (3,))",23.6362,801.6135899999999,825.24979,3822.723311484268,4347.394684679548,90.35465273490443,3484.93066033289,3575.2853130677945
res50,GGLGBLBBBGGLBGGGLB,"((0, 0), (1, 0), (5,), (0, 2), (6,), (5,), (7,), (1,), (4,), (0, 6), (4, 4), (5,), (4,), (1, 0), (0, 4), (2, 5), (0,), (6,))",48.8378,944.33049,993.16829,3465.300602061978,4364.640246492569,169.23765774338247,4121.662862644049,4290.900520387431
res50,GGLGBLBBBGGLBGGGLB,"((3, 6), (2, 5), (0,), (1, 0), (1,), (1,), (3,), (4,), (5,), (2, 5), (2, 6), (4,), (4,), (3, 2), (0, 7), (4, 0), (3,), (2,))",14.1462,837.1964399999999,851.34264,4534.493228715729,4477.383288153273,64.14584811205845,3748.4493493574137,3812.595197469472
res50,GGLGBLBBBGGLBGGGLB,"((3, 0), (3, 0), (5,), (1, 3), (1,), (1,), (1,), (6,), (5,), (3, 6), (1, 7), (2,), (2,), (2, 5), (2, 0), (4, 6), (0,), (6,))",40.2765,791.9474500000001,832.2239500000001,3687.297523471908,4543.06134994094,148.5114387041163,3597.865851279286,3746.377289983402
res50,GGLGBLBBBGGLBGGGLB,"((1, 4), (1, 5), (3,), (0, 6), (1,), (4,), (6,), (0,), (2,), (3, 7), (3, 6), (1,), (6,), (1, 1), (2, 5), (0, 1), (4,), (5,))",15.3454,897.2823400000001,912.62774,4199.0888122988135,4357.399045578517,64.43669746025022,3909.817211930459,3974.253909390709
res50,GGLGBLBBBGGLBGGGLB,"((2, 1), (0, 4), (0,), (2, 6), (0,), (1,), (2,), (3,), (4,), (3, 5), (3, 6), (3,), (2,), (2, 2), (1, 7), (4, 4), (5,), (3,))",33.4996,860.4238400000002,893.9234400000001,3601.798719586904,4412.137170643069,120.65881638667344,3796.3080069714456,3916.966823358119
res50,GGLGBLBBBGGLBGGGLB,"((2, 4), (4, 3), (0,), (2, 2), (7,), (1,), (3,), (5,), (4,), (3, 7), (2, 4), (5,), (0,), (4, 6), (2, 6), (0, 7), (1,), (1,))",18.943,795.62038,814.5633799999999,4034.556403596403,4615.951386802716,76.42660195332667,3672.544996429504,3748.971598382832
res50,GGLGBLBBBGGLBGGGLB,"((3, 6), (1, 7), (0,), (1, 5), (3,), (0,), (4,), (3,), (3,), (2, 2), (3, 7), (1,), (1,), (4, 5), (3, 2), (0, 6), (4,), (7,))",11.1935,831.6334500000002,842.8269500000001,5148.6722222222215,4468.307050207048,57.63166251944443,3715.993607823011,3773.625270342456
res50,GGLGBLBBBGGLBGGGLB,"((0, 6), (0, 0), (3,), (3, 5), (6,), (3,), (7,), (0,), (3,), (3, 0), (1, 7), (0,), (4,), (4, 1), (3, 5), (3, 0), (5,), (3,))",13.2291,794.0945499999999,807.3236499999999,4532.640144300144,4633.084848044501,59.96274973296104,3679.107427519716,3739.070177252677
res50,GGLGBLBBBGGLBGGGLB,"((0, 0), (4, 5), (3,), (3, 5), (2,), (3,), (7,), (5,), (4,), (1, 1), (2, 4), (0,), (7,), (3, 5), (3, 2), (3, 7), (4,), (6,))",45.682,708.38715,754.06915,3536.255552638629,4820.276154920947,161.54322615563785,3414.6216875974083,3576.164913753046
res50,GGLGBLBBBGGLBGGGLB,"((3, 4), (4, 0), (0,), (4, 2), (4,), (2,), (7,), (4,), (0,), (0, 2), (4, 6), (0,), (7,), (4, 6), (0, 6), (1, 5), (2,), (6,))",14.8195,871.4367000000001,886.2562,4450.504195526695,4537.693016300634,65.95424692560786,3954.312227738071,4020.266474663679
res50,BLGBLGBLBLLGGLLGGG,"((7,), (0,), (2, 7), (1,), (5,), (4, 3), (3,), (2,), (3,), (1,), (4,), (2, 4), (0, 1), (3,), (4,), (4, 1), (3, 4), (3, 0))",16.0394,708.3366,724.376,4786.981169386168,4628.7174423093165,76.7803057682525,3278.6899754460774,3355.47028121433
res50,BLGBLGBLBLLGGLLGGG,"((4,), (4,), (0, 2), (7,), (4,), (2, 1), (0,), (2,), (7,), (4,), (4,), (0, 2), (0, 4), (2,), (0,), (2, 7), (3, 6), (2, 5))",19.3948,832.5455,851.9403,4149.394561827061,4429.874220316181,80.47667764772348,3688.071847690245,3768.548525337968
res50,BLGBLGBLBLLGGLLGGG,"((0,), (1,), (4, 2), (0,), (1,), (1, 2), (6,), (5,), (3,), (4,), (2,), (3, 6), (0, 7), (0,), (4,), (0, 2), (2, 6), (4, 6))",50.3233,861.0953,911.4186,3543.64710528696,4306.645742040399,178.32801637348732,3708.432407236,3886.760423609487
res50,BLGBLGBLBLLGGLLGGG,"((7,), (0,), (2, 0), (6,), (5,), (2, 1), (5,), (0,), (0,), (2,), (5,), (1, 3), (3, 4), (0,), (5,), (3, 6), (3, 4), (3, 2))",14.8313,760.9138,775.7451000000001,4823.413053890555,4540.248536065778,71.53748602616699,3454.737766522249,3526.275252548416
res50,BLGBLGBLBLLGGLLGGG,"((5,), (1,), (2, 3), (6,), (3,), (2, 2), (4,), (1,), (4,), (3,), (1,), (4, 4), (0, 1), (0,), (1,), (0, 0), (0, 1), (1, 5))",17.0859,851.5185,868.6044,4372.564316239317,4269.677724064063,74.70919665083335,3635.7095710784447,3710.418767729278
res50,BLGBLGBLBLLGGLLGGG,"((3,), (5,), (1, 7), (7,), (1,), (3, 7), (0,), (3,), (1,), (5,), (2,), (2, 1), (3, 1), (4,), (4,), (2, 3), (4, 0), (4, 1))",25.4962,689.4558,714.952,3835.0300551387895,4673.269709892024,97.7786932918296,3222.012906449373,3319.791599741204
res50,BLGBLGBLBLLGGLLGGG,"((2,), (1,), (0, 4), (6,), (1,), (3, 3), (0,), (4,), (2,), (3,), (4,), (2, 7), (2, 4), (1,), (0,), (2, 1), (4, 0), (1, 5))",27.6815,810.0645999999999,837.7461,3729.037186778221,4346.036892871822,103.22534288580133,3520.5706372094546,3623.795980095256
res50,BLGBLGBLBLLGGLLGGG,"((7,), (3,), (1, 0), (3,), (3,), (2, 6), (6,), (1,), (0,), (5,), (0,), (2, 5), (1, 6), (4,), (3,), (1, 2), (2, 6), (2, 3))",13.5263,780.247,793.7733,4939.601562049063,4431.625997063179,66.81453260874426,3457.762889330554,3524.5774219392983
res50,BLGBLGBLBLLGGLLGGG,"((0,), (0,), (3, 7), (1,), (1,), (2, 7), (7,), (1,), (3,), (4,), (1,), (0, 5), (0, 4), (5,), (2,), (2, 5), (1, 6), (3, 2))",56.7227,859.4873,916.21,3439.374298062188,4299.665875741123,195.0905964966921,3695.5082144428734,3890.598810939565
res50,BLGBLGBLBLLGGLLGGG,"((0,), (5,), (4, 6), (0,), (0,), (4, 1), (3,), (2,), (4,), (5,), (5,), (0, 6), (2, 0), (1,), (3,), (1, 0), (4, 7), (0, 5))",54.2778,793.3893,847.6671,3446.6720276705832,4469.161396662013,187.0777749834984,3545.784832084697,3732.862607068196
res50,LGGLBLGBBGLBGBBBGB,"((2,), (0, 2), (1, 1), (5,), (0,), (2,), (4, 3), (7,), (4,), (1, 0), (4,), (2,), (2, 3), (6,), (2,), (3,), (3, 4), (4,))",62.3327,816.53051,878.8632100000001,3364.813276575003,4401.914660021669,209.73789652476668,3594.2976223239702,3804.035518848737
res50,LGGLBLGBBGLBGBBBGB,"((4,), (4, 7), (1, 7), (3,), (0,), (1,), (1, 1), (0,), (6,), (0, 5), (4,), (5,), (4, 5), (4,), (0,), (3,), (2, 2), (1,))",42.5713,901.95537,944.52667,3474.7692619959853,4321.454866484559,147.9254446832097,3897.7594230383806,4045.6848677215903
res50,LGGLBLGBBGLBGBBBGB,"((2,), (2, 5), (3, 1), (1,), (5,), (1,), (0, 7), (0,), (2,), (2, 6), (3,), (7,), (0, 4), (7,), (4,), (0,), (1, 4), (4,))",62.4302,889.6023699999998,952.03257,3355.9058413740727,4329.682017288634,209.5098728581516,3851.6953839263488,4061.2052567845
res50,LGGLBLGBBGLBGBBBGB,"((0,), (0, 4), (2, 3), (1,), (5,), (4,), (0, 1), (1,), (3,), (1, 2), (2,), (0,), (3, 5), (4,), (1,), (3,), (2, 4), (4,))",122.179,937.68689,1059.86589,3240.034908802716,4151.818088421739,395.864225122607,3893.105391177925,4288.969616300533
res50,LGGLBLGBBGLBGBBBGB,"((3,), (1, 5), (0, 5), (1,), (1,), (0,), (2, 1), (4,), (4,), (0, 3), (1,), (2,), (1, 3), (4,), (5,), (6,), (4, 5), (5,))",51.1588,868.6471499999998,919.8059499999998,3456.4233446333087,4313.465013151496,176.82647060342651,3746.879090298759,3923.7055609021854
res50,LGGLBLGBBGLBGBBBGB,"((1,), (0, 4), (2, 6), (5,), (2,), (3,), (3, 1), (5,), (3,), (0, 6), (0,), (2,), (0, 7), (7,), (2,), (0,), (1, 7), (1,))",82.9669,945.50023,1028.46713,3259.8268966393503,4244.89271659857,270.4577321507873,4013.547039869273,4284.00477202006
res50,LGGLBLGBBGLBGBBBGB,"((3,), (4, 0), (4, 0), (2,), (1,), (2,), (4, 3), (2,), (6,), (3, 5), (3,), (4,), (4, 3), (0,), (3,), (5,), (1, 2), (1,))",50.4297,714.07487,764.5045700000001,3395.8868649732613,4632.254140007599,171.25355583454206,3307.776272832888,3479.02982866743
res50,LGGLBLGBBGLBGBBBGB,"((0,), (0, 5), (2, 1), (4,), (0,), (5,), (3, 6), (7,), (5,), (1, 2), (3,), (2,), (2, 3), (6,), (7,), (2,), (3, 6), (0,))",122.013,795.46751,917.48051,3264.530924558525,4547.439768255298,398.3152116981593,3617.340589329018,4015.655801027178
res50,LGGLBLGBBGLBGBBBGB,"((3,), (2, 0), (2, 4), (4,), (3,), (4,), (3, 7), (7,), (0,), (3, 7), (2,), (2,), (0, 5), (6,), (0,), (5,), (3, 6), (4,))",51.4497,827.37461,878.82431,3477.6503840399814,4409.979054001527,178.92406896374183,3648.704699912683,3827.6287688764246
res50,LGGLBLGBBGLBGBBBGB,"((3,), (0, 2), (2, 4), (0,), (1,), (4,), (0, 7), (6,), (5,), (2, 6), (2,), (1,), (1, 4), (4,), (6,), (2,), (3, 3), (4,))",51.2032,850.1231899999998,901.3263899999998,3426.348823149495,4373.5408796229485,175.44002406148823,3718.0485241804654,3893.4885482419545
res50,LBBGGBBLBLLBLLLGGB,"((3,), (2,), (1,), (1, 7), (0, 7), (7,), (5,), (0,), (5,), (0,), (4,), (7,), (4,), (2,), (5,), (1, 2), (2, 6), (6,))",51.3167,768.66151,819.97821,3451.1304763854773,4508.06422956628,177.10062731753064,3465.1754578754035,3642.2760851929343
res50,LBBGGBBLBLLBLLLGGB,"((4,), (0,), (7,), (1, 4), (2, 3), (3,), (2,), (5,), (5,), (0,), (0,), (2,), (4,), (1,), (1,), (4, 4), (4, 2), (0,))",42.7877,736.25249,779.0401899999999,3476.214253785806,4517.563024119707,148.73921262671092,3326.067025240064,3474.806237866775
res50,LBBGGBBLBLLBLLLGGB,"((4,), (0,), (4,), (4, 2), (2, 6), (5,), (0,), (4,), (4,), (4,), (2,), (5,), (3,), (2,), (4,), (2, 4), (2, 0), (2,))",43.2767,682.03723,725.31393,3483.5190293742,4558.761555997407,150.75520797851843,3109.2451038829618,3260.00031186148
res50,LBBGGBBLBLLBLLLGGB,"((1,), (0,), (3,), (0, 1), (0, 5), (5,), (1,), (4,), (7,), (4,), (5,), (6,), (3,), (3,), (5,), (1, 1), (4, 7), (0,))",83.2119,772.1158399999998,855.3277399999998,3312.425978926734,4535.820440762025,275.6332593158535,3502.1788097081403,3777.812069023994
res50,LBBGGBBLBLLBLLLGGB,"((0,), (4,), (3,), (2, 7), (1, 2), (6,), (6,), (2,), (4,), (5,), (2,), (2,), (2,), (0,), (5,), (0, 1), (0, 7), (0,))",121.839,790.23746,912.07646,3216.3082657446475,4397.73247706466,391.8717827900621,3475.252942435085,3867.124725225148
res50,LBBGGBBLBLLBLLLGGB,"((0,), (4,), (4,), (3, 2), (2, 1), (0,), (6,), (5,), (0,), (0,), (0,), (7,), (5,), (2,), (4,), (1, 0), (4, 6), (0,))",121.874,784.2465000000001,906.1205,3254.116076340053,4424.952749311094,396.5921426878677,3470.253706312603,3866.845849000472
res50,LBBGGBBLBLLBLLLGGB,"((0,), (6,), (6,), (3, 2), (0, 1), (1,), (5,), (0,), (3,), (2,), (5,), (5,), (2,), (2,), (5,), (2, 0), (1, 2), (3,))",121.891,743.3257000000001,865.2167000000001,3235.904205930615,4455.107918628237,394.4275995650886,3311.5962121898774,3706.023811754966
res50,LBBGGBBLBLLBLLLGGB,"((1,), (6,), (3,), (3, 4), (1, 0), (2,), (6,), (3,), (3,), (4,), (5,), (3,), (0,), (0,), (2,), (3, 1), (1, 1), (2,))",83.3296,710.5013399999999,793.8309399999999,3272.0503354978346,4463.189263883665,272.6586456369003,3171.101952662957,3443.760598299858
res50,LBBGGBBLBLLBLLLGGB,"((0,), (0,), (3,), (3, 7), (1, 1), (3,), (2,), (1,), (1,), (0,), (0,), (5,), (2,), (4,), (3,), (2, 0), (4, 6), (7,))",122.003,811.91601,933.91901,3261.692733434911,4275.611876753558,397.9362985572595,3471.437735282361,3869.37403383962
res50,LBBGGBBLBLLBLLLGGB,"((3,), (7,), (0,), (4, 6), (1, 7), (2,), (2,), (1,), (7,), (3,), (3,), (0,), (2,), (2,), (5,), (3, 3), (3, 7), (5,))",51.3432,703.3953999999999,754.7385999999999,3495.629618824802,4656.544594850339,179.4768106452456,3275.392047912592,3454.868858557837
res50,BBLGLGGGBGLBLGBBBL,"((3,), (6,), (5,), (3, 4), (2,), (3, 1), (0, 2), (3, 1), (5,), (3, 6), (2,), (6,), (0,), (1, 2), (7,), (2,), (3,), (0,))",26.3693,701.3899400000001,727.7592400000001,3757.817668558651,4642.521079881178,99.09102144752364,3256.217581666595,3355.3086031141183
res50,BBLGLGGGBGLBLGBBBL,"((6,), (6,), (4,), (2, 4), (2,), (1, 0), (1, 1), (0, 0), (3,), (2, 1), (4,), (1,), (2,), (1, 0), (6,), (1,), (0,), (3,))",17.2971,834.5548,851.8519,4530.033633866135,4287.18961930452,78.35644476834591,3577.8946753007604,3656.251120069106
res50,BBLGLGGGBGLBLGBBBL,"((6,), (0,), (5,), (0, 7), (4,), (1, 5), (1, 4), (2, 1), (3,), (2, 1), (0,), (5,), (3,), (4, 7), (0,), (4,), (3,), (3,))",17.1052,867.1237100000001,884.22891,4529.659986679988,4305.128010922208,77.48074000415853,3733.0785728557858,3810.559312859944
res50,BBLGLGGGBGLBLGBBBL,"((4,), (0,), (4,), (0, 3), (1,), (3, 4), (2, 4), (3, 3), (6,), (4, 7), (4,), (6,), (5,), (2, 0), (6,), (1,), (1,), (2,))",22.1275,758.0558599999999,780.18336,4027.761328646842,4526.174008713675,89.12428879963299,3431.092730685092,3520.2170194847254
res50,BBLGLGGGBGLBLGBBBL,"((7,), (2,), (3,), (4, 7), (1,), (2, 4), (1, 4), (3, 1), (1,), (2, 0), (0,), (0,), (1,), (3, 1), (7,), (5,), (3,), (5,))",15.6423,770.06672,785.70902,4967.088906093905,4473.9171520280825,77.69669479579271,3445.214706814007,3522.9114016098
res50,BBLGLGGGBGLBLGBBBL,"((2,), (7,), (4,), (2, 0), (1,), (4, 2), (3, 7), (4, 3), (7,), (1, 3), (2,), (7,), (3,), (2, 6), (5,), (6,), (2,), (5,))",31.8291,643.47645,675.30555,3715.765273113614,4898.7261511911465,118.26946445446056,3152.214913290642,3270.4843777451024
res50,BBLGLGGGBGLBLGBBBL,"((6,), (2,), (5,), (1, 1), (2,), (1, 7), (1, 4), (1, 6), (5,), (4, 6), (1,), (5,), (2,), (4, 4), (2,), (4,), (6,), (1,))",16.545,705.18998,721.73498,4559.4946969696975,4655.815611328024,75.43683976136364,3283.2345178360965,3358.67135759746
res50,BBLGLGGGBGLBLGBBBL,"((0,), (6,), (1,), (2, 7), (0,), (2, 4), (1, 0), (4, 3), (5,), (4, 5), (5,), (0,), (1,), (1, 6), (0,), (5,), (3,), (4,))",61.1591,891.21281,952.37191,3403.7122114267854,4277.896335383491,208.16797550987192,3812.516013945823,4020.683989455695
res50,BBLGLGGGBGLBLGBBBL,"((1,), (0,), (0,), (4, 4), (3,), (4, 6), (4, 3), (0, 2), (1,), (1, 4), (2,), (4,), (0,), (3, 3), (3,), (6,), (3,), (0,))",41.7452,828.35399,870.0991899999999,3509.083364560088,4324.1368933013855,146.4873868702338,3581.9160488724065,3728.40343574264
res50,BBLGLGGGBGLBLGBBBL,"((4,), (4,), (0,), (3, 5), (1,), (4, 3), (3, 0), (0, 4), (1,), (0, 7), (3,), (6,), (4,), (2, 0), (5,), (1,), (5,), (5,))",22.1836,794.38984,816.57344,4065.006426147381,4422.127370109002,90.17647655508304,3512.893054000512,3603.069530555594
res50,BBGLBLLBGBBBLGBBGB,"((6,), (6,), (4, 1), (1,), (4,), (3,), (3,), (7,), (3, 3), (4,), (4,), (2,), (0,), (2, 5), (7,), (1,), (1, 2), (4,))",15.8937,696.0606200000001,711.95432,4460.28321123321,4619.007102911472,70.89040327437726,3215.108947836964,3285.999351111341
res50,BBGLBLLBGBBBLGBBGB,"((5,), (1,), (4, 2), (0,), (1,), (1,), (0,), (6,), (2, 0), (6,), (4,), (2,), (1,), (2, 7), (1,), (5,), (4, 6), (2,))",18.3878,814.2328,832.6206,4347.280347152849,4334.331980693111,79.93692156737714,3529.155264769298,3609.0921863366752
res50,BBGLBLLBGBBBLGBBGB,"((4,), (3,), (4, 4), (5,), (5,), (5,), (3,), (5,), (0, 2), (1,), (7,), (6,), (1,), (4, 6), (0,), (5,), (4, 5), (6,))",19.8236,762.83485,782.65845,4163.61881007881,4558.834637190664,82.5379138434783,3477.6379366361443,3560.1758504796226
res50,BBGLBLLBGBBBLGBBGB,"((7,), (7,), (3, 1), (4,), (5,), (0,), (2,), (0,), (1, 1), (2,), (2,), (4,), (2,), (1, 5), (1,), (2,), (3, 7), (4,))",14.7086,813.2610099999999,827.96961,5140.69131313131,4307.201229582503,75.6123722483232,3502.878822243508,3578.491194491832
res50,BBGLBLLBGBBBLGBBGB,"((5,), (0,), (2, 3), (5,), (4,), (1,), (4,), (6,), (3, 5), (2,), (7,), (4,), (0,), (0, 3), (3,), (1,), (3, 6), (1,))",18.9904,800.11685,819.10725,4292.861275946275,4366.944608534941,81.52315277473015,3494.06596430546,3575.58911708019
res50,BBGLBLLBGBBBLGBBGB,"((6,), (7,), (4, 5), (1,), (2,), (4,), (5,), (5,), (3, 1), (0,), (2,), (1,), (4,), (2, 1), (2,), (7,), (0, 4), (2,))",16.5745,770.1155400000002,786.6900400000002,4407.363057220557,4454.09060636016,73.04983899190212,3430.164392525983,3503.2142315178853
res50,BBGLBLLBGBBBLGBBGB,"((4,), (1,), (3, 0), (0,), (1,), (0,), (4,), (3,), (3, 6), (4,), (5,), (0,), (5,), (0, 7), (5,), (7,), (4, 7), (1,))",21.434,803.8203200000002,825.2543200000001,4230.848991841492,4446.368413857264,90.68401729113054,3574.0812812646395,3664.76529855577
res50,BBGLBLLBGBBBLGBBGB,"((3,), (4,), (0, 6), (5,), (7,), (1,), (0,), (4,), (4, 1), (3,), (4,), (2,), (4,), (4, 1), (2,), (4,), (3, 5), (2,))",24.805,710.7485800000001,735.55358,3839.0389729225,4615.205933354912,95.2273617233426,3280.25106353958,3375.478425262922
res50,BBGLBLLBGBBBLGBBGB,"((0,), (1,), (0, 2), (3,), (1,), (3,), (3,), (3,), (0, 7), (6,), (1,), (5,), (4,), (3, 5), (4,), (1,), (4, 1), (2,))",58.5739,880.45855,939.03245,3296.407058771516,4230.206227188039,193.0834174197769,3724.521240990951,3917.604658410728
res50,BBGLBLLBGBBBLGBBGB,"((5,), (0,), (0, 5), (0,), (5,), (2,), (5,), (5,), (0, 4), (1,), (1,), (2,), (1,), (4, 3), (6,), (6,), (3, 2), (3,))",18.3929,850.9269800000002,869.3198800000002,4174.424199966702,4302.541452308763,76.77976686756755,3661.148604337912,3737.928371205478
res50,GGBGGBLGGLGGGLBGGL,"((1, 4), (3, 6), (2,), (3, 4), (4, 4), (7,), (2,), (0, 1), (0, 0), (4,), (1, 2), (3, 0), (4, 3), (1,), (7,), (1, 1), (4, 6), (4,))",20.3411,816.00423,836.34533,3852.2630693910505,4526.0394481768135,78.3592683207903,3693.2673348591456,3771.626603179936
res50,GGBGGBLGGLGGGLBGGL,"((1, 5), (2, 3), (7,), (0, 4), (1, 2), (1,), (3,), (2, 0), (0, 7), (4,), (4, 6), (1, 7), (2, 3), (3,), (4,), (1, 6), (1, 1), (1,))",17.2952,936.77114,954.06634,4061.714290709289,4225.705173135733,70.24816100067531,3958.518652342258,4028.766813342933
res50,GGBGGBLGGLGGGLBGGL,"((4, 4), (4, 2), (4,), (3, 4), (4, 1), (7,), (3,), (1, 1), (1, 1), (3,), (4, 4), (0, 4), (3, 0), (5,), (0,), (4, 6), (4, 0), (0,))",21.2478,789.7138600000002,810.9616600000002,4006.5799766573286,4625.292325816126,85.13101002801959,3652.657456248632,3737.788466276651
res50,GGBGGBLGGLGGGLBGGL,"((1, 6), (3, 2), (7,), (2, 3), (3, 3), (1,), (5,), (3, 3), (0, 7), (3,), (4, 6), (1, 2), (3, 1), (0,), (6,), (2, 7), (4, 0), (5,))",15.6628,803.29386,818.9566599999999,4382.535643800643,4572.260929542617,68.6427792817207,3672.869131019477,3741.511910301198
res50,GGBGGBLGGLGGGLBGGL,"((3, 3), (2, 7), (2,), (0, 3), (3, 4), (4,), (0,), (3, 1), (0, 3), (0,), (1, 3), (3, 7), (1, 6), (4,), (3,), (3, 2), (4, 6), (3,))",24.237,901.50154,925.73854,3731.7992339304137,4285.264204580205,90.44761803277144,3863.17227973593,3953.619897768701
res50,GGBGGBLGGLGGGLBGGL,"((2, 3), (1, 4), (2,), (4, 2), (4, 3), (7,), (1,), (0, 1), (2, 4), (1,), (3, 2), (4, 6), (3, 7), (1,), (2,), (4, 6), (3, 5), (5,))",24.4543,776.7962800000001,801.2505800000001,3673.7089286942846,4581.24635821924,89.83798025496864,3558.695128828254,3648.5331090832224
res50,GGBGGBLGGLGGGLBGGL,"((1, 6), (4, 1), (6,), (2, 3), (2, 4), (5,), (2,), (1, 1), (4, 3), (5,), (3, 6), (3, 5), (3, 6), (4,), (1,), (2, 2), (3, 7), (4,))",16.1404,729.71388,745.85428,4320.30516927517,4661.482684356509,69.73145355416894,3401.548616154603,3471.2800697087723
res50,GGBGGBLGGLGGGLBGGL,"((4, 2), (3, 1), (3,), (1, 1), (1, 0), (5,), (0,), (2, 1), (0, 3), (1,), (2, 2), (4, 1), (2, 0), (0,), (7,), (0, 3), (4, 3), (1,))",28.7067,914.6605500000002,943.36725,3749.6437996953177,4301.372615063568,107.63989966471358,3934.295841848984,4041.935741513696
res50,GGBGGBLGGLGGGLBGGL,"((1, 6), (0, 7), (7,), (0, 0), (0, 6), (6,), (3,), (4, 6), (2, 3), (4,), (1, 6), (3, 4), (4, 4), (1,), (3,), (3, 4), (2, 4), (4,))",15.8301,881.9614399999999,897.7915399999999,4296.280777000776,4382.0163338583225,68.01055432799998,3864.769435913208,3932.779990241207
res50,GGBGGBLGGLGGGLBGGL,"((0, 7), (1, 4), (2,), (2, 7), (2, 5), (6,), (0,), (3, 3), (0, 1), (2,), (1, 1), (0, 7), (3, 6), (3,), (5,), (4, 7), (0, 6), (5,))",14.8281,972.96406,987.79216,4625.8297707847705,4233.243387561623,68.59226642417364,4118.79367333011,4187.385939754284
res50,GBBGBLBGBGLBGBLBLL,"((3, 6), (0,), (0,), (4, 4), (1,), (0,), (0,), (0, 3), (0,), (4, 0), (2,), (6,), (3, 2), (7,), (4,), (1,), (5,), (2,))",16.4056,942.5440999999996,958.9496999999998,4398.076994671995,4135.476827479392,72.15309194379087,3897.869284427418,3970.022376371208
res50,GBBGBLBGBGLBGBLBLL,"((3, 3), (6,), (3,), (4, 0), (6,), (1,), (4,), (0, 1), (5,), (4, 6), (1,), (3,), (1, 7), (0,), (1,), (3,), (1,), (1,))",23.7732,795.9055,819.6786999999999,3624.353022875817,4329.511966378932,86.16246928343136,3445.882386356807,3532.044855640238
res50,GBBGBLBGBGLBGBLBLL,"((2, 0), (7,), (2,), (2, 6), (7,), (2,), (1,), (0, 2), (2,), (0, 6), (3,), (0,), (4, 5), (4,), (5,), (7,), (5,), (3,))",53.0936,807.0953000000002,860.1889000000002,3357.3889607540063,4416.621231456657,178.25586652668892,3564.6342377888814,3742.89010431557
res50,GBBGBLBGBGLBGBLBLL,"((2, 0), (2,), (7,), (1, 3), (7,), (3,), (6,), (2, 6), (0,), (4, 7), (4,), (3,), (2, 6), (0,), (2,), (5,), (2,), (1,))",52.8515,784.6411999999999,837.4926999999999,3267.5824794045384,4408.4065494205015,172.69663541024897,3459.017405025161,3631.7140404354095
res50,GBBGBLBGBGLBGBLBLL,"((1, 2), (6,), (4,), (2, 3), (1,), (3,), (6,), (0, 5), (1,), (1, 7), (2,), (4,), (3, 4), (0,), (1,), (6,), (2,), (4,))",27.8522,849.5459,877.3981,3534.175693400168,4192.512712787833,98.43456824772016,3561.7319858467813,3660.166554094501
res50,GBBGBLBGBGLBGBLBLL,"((4, 5), (7,), (1,), (2, 3), (3,), (2,), (3,), (4, 7), (4,), (1, 5), (5,), (6,), (3, 7), (2,), (1,), (2,), (0,), (4,))",18.278,750.4499,768.7279,4116.399628704628,4430.38359277318,75.2395524134632,3324.780924158273,3400.0204765717363
res50,GBBGBLBGBGLBGBLBLL,"((4, 5), (7,), (1,), (0, 7), (4,), (5,), (2,), (0, 7), (7,), (3, 0), (3,), (1,), (1, 2), (6,), (2,), (5,), (0,), (4,))",17.9051,812.7392,830.6442999999999,4158.860412920412,4410.273166074038,74.46481157938128,3584.401884776481,3658.866696355862
res50,GBBGBLBGBGLBGBLBLL,"((3, 1), (3,), (2,), (0, 1), (1,), (1,), (6,), (3, 1), (3,), (1, 0), (0,), (3,), (1, 4), (2,), (5,), (6,), (5,), (3,))",36.8593,832.7478,869.6071,3537.915628514803,4205.232489158928,130.40509352611568,3501.898103835621,3632.3031973617367
res50,GBBGBLBGBGLBGBLBLL,"((3, 2), (7,), (4,), (4, 3), (6,), (4,), (2,), (1, 0), (1,), (2, 4), (2,), (1,), (2, 2), (3,), (0,), (0,), (3,), (1,))",28.9305,829.7755000000001,858.7060000000001,3516.0320653237363,4217.314957807102,101.72056566584835,3499.424627771867,3601.1451934377155
res50,GBBGBLBGBGLBGBLBLL,"((0, 3), (4,), (4,), (3, 7), (2,), (3,), (1,), (0, 7), (0,), (4, 2), (5,), (5,), (3, 7), (0,), (0,), (0,), (2,), (2,))",23.4343,960.9748,984.4091,3626.2071650326807,4066.639613218984,84.97762656752535,3907.93818898519,3992.915815552716
res50,BLGBGBGGBGGLGGGGLG,"((3,), (5,), (2, 6), (4,), (2, 7), (4,), (3, 7), (3, 6), (2,), (2, 0), (0, 3), (0,), (3, 5), (2, 4), (3, 7), (4, 6), (3,), (1, 1))",26.104,774.4106999999999,800.5147,3641.533703253232,4575.965419632013,95.05859578972238,3543.6765837930207,3638.735179582743
res50,BLGBGBGGBGGLGGGGLG,"((6,), (4,), (3, 6), (1,), (0, 7), (2,), (0, 5), (0, 5), (5,), (4, 6), (2, 7), (0,), (4, 3), (2, 1), (4, 1), (2, 2), (2,), (4, 5))",16.3095,851.4829100000001,867.79241,4626.467651515151,4496.947790762268,75.45537416238636,3829.074190996327,3904.5295651587135
res50,BLGBGBGGBGGLGGGGLG,"((1,), (5,), (2, 7), (1,), (3, 7), (3,), (3, 5), (4, 5), (5,), (0, 3), (4, 3), (0,), (2, 2), (0, 7), (4, 3), (4, 7), (0,), (1, 4))",41.5365,837.6134999999998,879.1499999999999,3413.21654104899,4567.44636822697,141.77306885728137,3825.75473855288,3967.5278074101616
res50,BLGBGBGGBGGLGGGGLG,"((2,), (3,), (1, 6), (0,), (2, 3), (0,), (4, 4), (3, 0), (2,), (2, 4), (3, 1), (2,), (0, 5), (0, 4), (4, 7), (3, 1), (2,), (2, 6))",27.3598,907.22349,934.58329,3778.936664856901,4314.111599851875,103.39095136315186,3913.863381867102,4017.254333230254
res50,BLGBGBGGBGGLGGGGLG,"((0,), (3,), (1, 7), (0,), (3, 3), (5,), (3, 5), (4, 4), (0,), (2, 0), (1, 4), (2,), (4, 2), (2, 2), (2, 2), (2, 1), (2,), (3, 2))",59.3357,878.4615199999998,937.7972199999998,3303.315939536816,4291.733627843517,196.0045635935747,3770.1228461505298,3966.1274097441046
res50,BLGBGBGGBGGLGGGGLG,"((4,), (3,), (1, 7), (4,), (0, 0), (0,), (4, 2), (0, 1), (0,), (4, 0), (2, 3), (0,), (1, 3), (2, 5), (4, 6), (1, 2), (0,), (3, 3))",21.548,1028.94808,1050.49608,3914.380789210791,4155.195657088164,84.34707724591412,4275.480593385204,4359.827670631118
res50,BLGBGBGGBGGLGGGGLG,"((3,), (3,), (0, 2), (0,), (2, 1), (7,), (1, 5), (3, 1), (4,), (1, 6), (4, 5), (1,), (2, 6), (2, 1), (0, 2), (4, 2), (5,), (4, 0))",27.7303,919.35091,947.08121,3666.1013563592,4310.306967870024,101.66209044224752,3962.684633290648,4064.346723732895
res50,BLGBGBGGBGGLGGGGLG,"((7,), (4,), (2, 6), (5,), (2, 7), (5,), (4, 4), (3, 2), (6,), (3, 6), (0, 4), (0,), (0, 7), (0, 2), (0, 3), (2, 3), (1,), (4, 7))",14.2064,936.62978,950.83618,5203.881616161614,4319.755640661548,73.92842379183836,4046.011775366585,4119.940199158423
res50,BLGBGBGGBGGLGGGGLG,"((6,), (4,), (3, 0), (0,), (3, 1), (5,), (4, 6), (0, 2), (4,), (0, 4), (3, 4), (1,), (1, 6), (0, 5), (2, 6), (1, 7), (3,), (4, 5))",16.3992,900.33366,916.73286,4616.914526584528,4308.5734218284,75.713704704365,3879.153678253487,3954.867382957852
res50,BLGBGBGGBGGLGGGGLG,"((3,), (2,), (2, 0), (4,), (0, 3), (7,), (0, 3), (2, 7), (2,), (1, 7), (1, 3), (4,), (3, 6), (2, 3), (2, 6), (1, 0), (5,), (2, 7))",22.4377,881.2805900000001,903.71829,4051.520668669566,4311.223163842313,90.90680530740713,3799.397293452621,3890.304098760028
res50,GGLBLGLBGLBGLGBLBB,"((3, 0), (3, 4), (3,), (2,), (3,), (4, 7), (1,), (6,), (3, 4), (5,), (3,), (1, 5), (0,), (1, 2), (2,), (1,), (1,), (0,))",52.1397,762.1750000000001,814.3147,3280.496719364287,4288.196171520081,171.0441147986381,3268.3559170283183,3439.4000318269564
res50,GGLBLGLBGLBGLGBLBB,"((3, 6), (2, 1), (3,), (1,), (5,), (0, 7), (3,), (6,), (0, 3), (3,), (6,), (3, 2), (1,), (4, 4), (5,), (0,), (5,), (1,))",15.1348,769.353,784.4878,4250.804333166834,4392.733734506726,64.3350734216134,3379.562876843953,3443.897950265566
res50,GGLBLGLBGLBGLGBLBB,"((4, 0), (3, 4), (2,), (0,), (1,), (2, 2), (0,), (3,), (3, 6), (1,), (4,), (4, 0), (3,), (4, 5), (6,), (2,), (7,), (7,))",31.4834,699.7263999999999,731.2097999999999,3909.3932261985424,4555.16434415915,123.0809906976992,3187.368747946842,3310.4497386445414
res50,GGLBLGLBGLBGLGBLBB,"((3, 6), (3, 6), (0,), (5,), (5,), (2, 0), (3,), (3,), (2, 0), (2,), (0,), (1, 0), (2,), (4, 0), (0,), (2,), (1,), (2,))",15.0611,851.676,866.7371,4233.228928432679,4138.895518867501,63.75708421401742,3524.9979799269977,3588.755064141016
res50,GGLBLGLBGLBGLGBLBB,"((0, 6), (3, 7), (2,), (6,), (0,), (3, 3), (3,), (0,), (1, 4), (3,), (4,), (1, 3), (0,), (4, 1), (5,), (3,), (5,), (4,))",12.429,812.5930000000001,825.022,4472.796865079366,4264.558175446542,55.59239223607145,3465.3501214606326,3520.9425136967043
res50,GGLBLGLBGLBGLGBLBB,"((2, 6), (4, 2), (0,), (1,), (0,), (0, 7), (1,), (1,), (3, 7), (2,), (0,), (3, 7), (2,), (3, 4), (3,), (0,), (2,), (5,))",12.4854,895.0189,907.5043,4481.735238095239,4098.895234117814,55.956257141714296,3668.588703655368,3724.544960797082
res50,GGLBLGLBGLBGLGBLBB,"((1, 2), (1, 4), (5,), (4,), (1,), (0, 6), (0,), (7,), (4, 1), (1,), (1,), (3, 6), (2,), (0, 6), (3,), (3,), (7,), (7,))",20.4717,820.0864999999999,840.5581999999999,3875.070252395092,4314.902685409133,79.3292756859566,3538.593441117776,3617.922716803732
res50,GGLBLGLBGLBGLGBLBB,"((2, 0), (3, 6), (0,), (1,), (5,), (4, 3), (2,), (2,), (4, 3), (2,), (2,), (4, 3), (1,), (1, 7), (6,), (3,), (2,), (6,))",36.0871,722.3723999999999,758.4594999999998,3544.439574354123,4481.446051431478,127.90854536367466,3237.27293964308,3365.1814850067544
res50,GGLBLGLBGLBGLGBLBB,"((0, 2), (2, 2), (0,), (0,), (4,), (1, 5), (5,), (5,), (0, 2), (5,), (6,), (3, 5), (1,), (0, 7), (6,), (0,), (4,), (1,))",26.4739,905.2424,931.7163,3519.610953439407,4161.295702047682,93.17782842025952,3766.9813084313287,3860.159136851588
res50,GGLBLGLBGLBGLGBLBB,"((0, 1), (2, 4), (1,), (5,), (3,), (4, 2), (2,), (6,), (2, 5), (4,), (5,), (1, 6), (4,), (4, 5), (0,), (5,), (2,), (6,))",29.7891,786.1209999999999,815.9100999999998,3488.5200383603315,4319.63368022966,103.91987227471976,3395.7547483358203,3499.67462061054
res50,LGLBLGLLLBBBLLLLBB,"((0,), (1, 6), (4,), (4,), (0,), (2, 4), (4,), (2,), (1,), (7,), (5,), (6,), (1,), (3,), (5,), (0,), (1,), (1,))",121.814,721.0052000000001,842.8192,3058.767731400614,4191.316176949224,372.6007324328344,3021.960758424512,3394.5614908573457
res50,LGLBLGLLLBBBLLLLBB,"((2,), (3, 0), (4,), (2,), (5,), (1, 0), (3,), (3,), (5,), (1,), (6,), (4,), (1,), (1,), (4,), (3,), (6,), (0,))",61.7375,604.8815000000001,666.619,3150.0823545966227,4431.346220687946,194.478209366909,2680.439348989056,2874.917558355965
res50,LGLBLGLLLBBBLLLLBB,"((5,), (1, 7), (0,), (5,), (5,), (4, 3), (0,), (3,), (0,), (0,), (1,), (6,), (3,), (1,), (0,), (5,), (2,), (1,))",36.4011,791.6021999999999,828.0033,3440.811557971016,4073.930073977451,125.24932560285876,3224.932009206713,3350.181334809572
res50,LGLBLGLLLBBBLLLLBB,"((1,), (4, 2), (5,), (0,), (2,), (0, 3), (0,), (1,), (2,), (3,), (2,), (6,), (0,), (0,), (0,), (4,), (0,), (2,))",83.3261,863.591,946.9171,3095.1231721981726,3902.361541547389,257.90454295890214,3370.044306026451,3627.9488489853534
res50,LGLBLGLLLBBBLLLLBB,"((2,), (3, 1), (4,), (5,), (2,), (0, 2), (0,), (2,), (5,), (2,), (4,), (7,), (0,), (3,), (2,), (5,), (2,), (1,))",61.7625,680.1919999999999,741.9544999999999,3147.382024702939,4235.624393589783,194.39018230071528,2881.037827524621,3075.4280098253366
res50,LGLBLGLLLBBBLLLLBB,"((3,), (4, 4), (1,), (1,), (4,), (2, 0), (3,), (2,), (2,), (7,), (7,), (7,), (2,), (5,), (3,), (2,), (3,), (4,))",51.0367,583.0717999999999,634.1084999999999,3254.187923351159,4559.04622880455,166.0830127876961,2658.2512909122806,2824.3343036999768
res50,LGLBLGLLLBBBLLLLBB,"((1,), (3, 4), (1,), (3,), (1,), (3, 3), (1,), (3,), (5,), (7,), (6,), (5,), (2,), (4,), (0,), (4,), (5,), (0,))",82.8513,618.1218999999999,700.9731999999999,3092.592861725976,4418.488380495556,256.22533896471737,2731.164432879835,2987.3897718445523
res50,LGLBLGLLLBBBLLLLBB,"((0,), (0, 0), (3,), (7,), (0,), (2, 2), (4,), (2,), (2,), (0,), (3,), (7,), (1,), (3,), (5,), (4,), (3,), (1,))",121.782,731.5329999999999,853.3149999999999,3057.967571886233,4158.092855268586,372.40540683944926,3041.7821406931944,3414.187547532644
res50,LGLBLGLLLBBBLLLLBB,"((3,), (1, 4), (0,), (4,), (2,), (2, 7), (5,), (3,), (1,), (3,), (4,), (4,), (2,), (1,), (0,), (3,), (4,), (4,))",51.1889,692.5296999999999,743.7185999999999,3254.857167844411,4125.247135312412,166.61255807907077,2856.856161043764,3023.4687191228345
res50,LGLBLGLLLBBBLLLLBB,"((0,), (1, 0), (0,), (2,), (5,), (4, 4), (0,), (5,), (4,), (7,), (7,), (2,), (3,), (5,), (0,), (1,), (4,), (2,))",121.873,700.2361999999999,822.1092,3058.7756657290183,4286.908707049367,372.7821667093927,3001.848662771162,3374.6308294805544
res50,LGLBGBGBBBLLGLLGLB,"((3,), (2, 0), (3,), (3,), (1, 3), (4,), (3, 1), (6,), (7,), (0,), (4,), (5,), (2, 2), (3,), (1,), (1, 2), (3,), (1,))",50.4487,725.3463999999999,775.7950999999999,3246.659571715051,4350.186216462785,163.78975473558108,3155.391911440901,3319.181666176482
res50,LGLBGBGBBBLLGLLGLB,"((5,), (4, 0), (0,), (2,), (2, 1), (4,), (3, 0), (7,), (5,), (7,), (4,), (2,), (3, 7), (4,), (3,), (2, 3), (4,), (4,))",37.3005,640.3438799999999,677.64438,3495.807706800446,4645.996115163726,130.39537536751004,2975.035178848867,3105.430554216377
res50,LGLBGBGBBBLLGLLGLB,"((5,), (2, 7), (2,), (2,), (2, 0), (0,), (4, 7), (0,), (1,), (6,), (1,), (0,), (1, 6), (2,), (3,), (2, 5), (1,), (1,))",36.7276,851.6256399999999,888.3532399999999,3461.758311594203,4110.845180290089,127.14207456490726,3500.901157605462,3628.043232170369
res50,LGLBGBGBBBLLGLLGLB,"((0,), (1, 1), (4,), (5,), (4, 0), (0,), (3, 1), (4,), (7,), (7,), (4,), (3,), (3, 6), (3,), (1,), (1, 0), (1,), (6,))",122.183,724.6426100000001,846.8256100000001,3093.113170107563,4454.475662807004,377.9258464632524,3227.9028704779475,3605.8287169412
res50,LGLBGBGBBBLLGLLGLB,"((2,), (2, 0), (5,), (3,), (3, 2), (2,), (1, 3), (7,), (5,), (7,), (0,), (4,), (1, 2), (3,), (2,), (4, 1), (4,), (3,))",62.4845,679.84228,742.32678,3202.3006271777,4525.36553776025,200.09415353888497,3076.534825024354,3276.62897856324
res50,LGLBGBGBBBLLGLLGLB,"((2,), (0, 6), (0,), (2,), (4, 4), (6,), (3, 5), (1,), (7,), (4,), (5,), (4,), (4, 3), (4,), (2,), (4, 1), (1,), (3,))",62.2755,687.61462,749.8901199999999,3193.964817743233,4599.259741732615,198.90575600736872,3162.51823959277,3361.423995600139
res50,LGLBGBGBBBLLGLLGLB,"((2,), (0, 4), (2,), (3,), (1, 5), (6,), (3, 5), (1,), (5,), (4,), (1,), (4,), (4, 0), (0,), (5,), (3, 5), (5,), (2,))",62.2642,740.9936800000002,803.2578800000001,3206.8331242741,4375.7310717009,199.67089901642743,3242.389069509995,3442.0599685264224
res50,LGLBGBGBBBLLGLLGLB,"((2,), (4, 7), (0,), (2,), (2, 7), (2,), (4, 6), (5,), (1,), (0,), (3,), (0,), (1, 1), (5,), (5,), (3, 0), (5,), (7,))",62.3363,761.7685399999999,824.10484,3251.0112854847,4321.6448873906575,202.65601479535988,3292.0931162660454,3494.749131061405
res50,LGLBGBGBBBLLGLLGLB,"((2,), (0, 2), (1,), (2,), (2, 3), (6,), (3, 4), (7,), (3,), (2,), (2,), (3,), (4, 5), (5,), (1,), (2, 1), (3,), (3,))",62.3499,717.0738699999998,779.4237699999999,3223.529213570981,4349.326753671507,200.9867241132293,3118.788567149763,3319.775291262992
res50,LGLBGBGBBBLLGLLGLB,"((2,), (0, 6), (1,), (1,), (0, 1), (7,), (2, 7), (7,), (6,), (5,), (3,), (5,), (4, 1), (1,), (1,), (2, 5), (5,), (3,))",62.2091,782.1593500000001,844.3684500000002,3212.0667140176893,4368.185293780368,199.81977941899785,3416.6169700628125,3616.43674948181
res50,BLGGBLGBBGLGBBGBGL,"((0,), (2,), (1, 5), (1, 7), (4,), (0,), (0, 3), (5,), (7,), (1, 4), (4,), (0, 3), (3,), (2,), (3, 7), (2,), (4, 0), (3,))",61.5825,896.0809099999999,957.66341,3271.571934207447,4334.407590957597,201.47157863833013,3883.979898416191,4085.451477054521
res50,BLGGBLGBBGLGBBGBGL,"((7,), (0,), (2, 0), (1, 3), (0,), (4,), (2, 3), (5,), (1,), (0, 7), (3,), (3, 2), (0,), (0,), (2, 2), (1,), (4, 7), (0,))",16.2844,1010.55526,1026.83966,4644.103596403596,4112.447185960704,75.62644060527474,4155.855135244788,4231.481575850063
res50,BLGGBLGBBGLGBBGBGL,"((3,), (0,), (1, 4), (1, 5), (2,), (3,), (2, 0), (2,), (1,), (0, 0), (1,), (0, 0), (4,), (4,), (2, 5), (7,), (4, 2), (4,))",26.6041,937.89836,964.50246,3624.5910006376857,4169.824150699608,96.42898144006504,3910.871232429556,4007.3002138696206
res50,BLGGBLGBBGLGBBGBGL,"((1,), (2,), (0, 3), (4, 0), (0,), (0,), (1, 0), (5,), (1,), (0, 3), (3,), (1, 7), (4,), (7,), (0, 6), (5,), (4, 0), (0,))",41.8781,1035.26212,1077.1402199999998,3356.855211359522,4130.68224717181,140.5787182268352,4276.338860253452,4416.917578480287
res50,BLGGBLGBBGLGBBGBGL,"((1,), (3,), (4, 1), (2, 6), (3,), (2,), (1, 0), (5,), (1,), (1, 3), (2,), (4, 6), (2,), (1,), (1, 7), (0,), (0, 5), (0,))",41.8044,958.32821,1000.13261,3352.62451721331,4139.98899116917,140.1544563673921,3967.4682393268567,4107.622695694249
res50,BLGGBLGBBGLGBBGBGL,"((3,), (2,), (1, 3), (1, 7), (6,), (0,), (4, 6), (1,), (3,), (0, 5), (5,), (1, 3), (5,), (7,), (0, 4), (3,), (2, 4), (5,))",26.2601,915.02455,941.28465,3631.178685930513,4263.038456143925,95.35511541040388,3900.7848449657895,3996.139960376194
res50,BLGGBLGBBGLGBBGBGL,"((4,), (0,), (0, 4), (3, 6), (0,), (3,), (1, 1), (0,), (3,), (1, 2), (2,), (1, 2), (2,), (2,), (4, 5), (2,), (3, 4), (2,))",22.5831,944.93956,967.52266,3831.2934728506793,4152.890942103372,86.52248362673419,3924.2309395591465,4010.753423185881
res50,BLGGBLGBBGLGBBGBGL,"((5,), (0,), (2, 7), (1, 4), (3,), (0,), (2, 6), (6,), (4,), (2, 5), (3,), (1, 7), (0,), (3,), (0, 0), (7,), (4, 3), (1,))",19.8052,928.93349,948.73869,4041.185173682527,4273.941726637745,80.03648060181717,3970.2076041822265,4050.244084784044
res50,BLGGBLGBBGLGBBGBGL,"((1,), (5,), (1, 2), (3, 1), (2,), (3,), (3, 1), (5,), (7,), (0, 5), (0,), (4, 4), (1,), (2,), (2, 5), (7,), (1, 7), (0,))",41.8188,842.0707299999999,883.8895299999999,3364.018963412067,4430.433400781472,140.67923622713658,3730.738288012437,3871.417524239573
res50,BLGGBLGBBGLGBBGBGL,"((1,), (4,), (1, 4), (2, 5), (4,), (0,), (4, 1), (7,), (2,), (4, 2), (0,), (0, 5), (7,), (3,), (0, 2), (2,), (4, 6), (1,))",41.8544,912.97056,954.82496,3372.3110236060243,4315.075579604159,141.14605450641596,3939.536968353534,4080.68302285995
res50,GGBBLGGBLGGBGGLLLL,"((3, 4), (1, 1), (0,), (4,), (5,), (0, 7), (2, 1), (1,), (2,), (2, 2), (0, 4), (0,), (3, 4), (2, 4), (5,), (2,), (3,), (4,))",20.557,851.2442,871.8012,3963.395656108596,4133.3430545817055,81.47552450262441,3518.48430182296,3599.9598263255843
res50,GGBBLGGBLGGBGGLLLL,"((0, 2), (2, 1), (4,), (2,), (0,), (0, 3), (2, 5), (0,), (0,), (0, 3), (0, 4), (1,), (2, 5), (3, 1), (3,), (5,), (3,), (5,))",27.7041,956.3057,984.0098,3570.0392473831635,3960.789913827416,98.90472431342788,3787.725971095667,3886.630695409095
res50,GGBBLGGBLGGBGGLLLL,"((4, 1), (4, 2), (1,), (0,), (5,), (2, 6), (0, 3), (5,), (1,), (0, 7), (1, 5), (6,), (1, 1), (1, 7), (1,), (3,), (0,), (4,))",36.7853,868.3666,905.1519,3634.56431741608,4156.227957323257,133.69853878544575,3609.1295401257416,3742.8280789111873
res50,GGBBLGGBLGGBGGLLLL,"((1, 2), (0, 3), (0,), (3,), (2,), (4, 0), (2, 2), (3,), (1,), (0, 4), (0, 0), (1,), (0, 5), (1, 7), (3,), (3,), (3,), (2,))",27.8166,957.9299,985.7465,3554.36275271512,3951.329016243571,98.87028694717544,3785.096209397303,3883.966496344478
res50,GGBBLGGBLGGBGGLLLL,"((0, 6), (4, 4), (5,), (7,), (3,), (1, 7), (0, 4), (6,), (1,), (2, 7), (4, 1), (2,), (3, 1), (0, 6), (1,), (0,), (3,), (4,))",15.376,806.5491000000001,821.9251,4417.847373737374,4299.124905088092,67.92882121858585,3467.455322986387,3535.3841442049725
res50,GGBBLGGBLGGBGGLLLL,"((2, 1), (4, 3), (3,), (1,), (0,), (3, 3), (2, 4), (2,), (4,), (3, 5), (2, 7), (3,), (0, 7), (4, 5), (5,), (2,), (2,), (4,))",36.7359,721.0799999999999,757.8158999999999,3449.016840022297,4413.515570869091,126.7027377333751,3182.497807842284,3309.200545575659
res50,GGBBLGGBLGGBGGLLLL,"((4, 7), (0, 4), (0,), (4,), (1,), (0, 7), (0, 0), (1,), (4,), (0, 6), (2, 6), (2,), (1, 3), (3, 6), (2,), (4,), (0,), (1,))",15.2036,941.2157,956.4193,4710.639873737373,4042.985207886535,71.61868438435351,3805.3211525305705,3876.939836914924
res50,GGBBLGGBLGGBGGLLLL,"((2, 6), (4, 3), (5,), (7,), (5,), (1, 7), (4, 1), (1,), (1,), (0, 3), (0, 0), (5,), (2, 5), (0, 1), (2,), (1,), (0,), (5,))",15.9645,841.0249999999999,856.9894999999999,4350.874040404038,4222.183630774518,69.45952861803026,3550.9619880721384,3620.4215166901686
res50,GGBBLGGBLGGBGGLLLL,"((3, 7), (4, 2), (0,), (1,), (0,), (1, 2), (0, 3), (3,), (2,), (3, 7), (0, 5), (3,), (4, 5), (0, 3), (2,), (3,), (1,), (5,))",14.9465,874.3356999999999,889.2821999999999,4734.331957209459,4108.12013839687,70.76169259843118,3591.8760968893234,3662.6377894877546
res50,GGBBLGGBLGGBGGLLLL,"((3, 5), (4, 2), (0,), (7,), (5,), (2, 4), (3, 7), (5,), (0,), (3, 0), (0, 3), (4,), (0, 1), (3, 6), (3,), (2,), (5,), (3,))",18.0082,768.2745,786.2827,4224.816275391276,4378.401025201581,76.08133645050117,3363.8138584362323,3439.8951948867334
res50,LGBGGBBLLLBBLGBGGB,"((3,), (2, 6), (1,), (0, 2), (1, 3), (6,), (0,), (3,), (0,), (2,), (3,), (7,), (2,), (4, 4), (5,), (1, 2), (0, 0), (5,))",51.1137,884.54108,935.65478,3301.3311069472834,4160.797772056108,168.74324780117135,3680.396554956104,3849.139802757275
res50,LGBGGBBLLLBBLGBGGB,"((4,), (1, 6), (3,), (2, 3), (4, 3), (0,), (3,), (5,), (1,), (4,), (5,), (3,), (1,), (3, 1), (0,), (1, 1), (0, 7), (6,))",43.7113,887.42012,931.13142,3438.375204622962,4136.493555576412,150.29585008183568,3670.807607468846,3821.103457550682
res50,LGBGGBBLLLBBLGBGGB,"((5,), (2, 2), (4,), (0, 3), (0, 5), (4,), (4,), (2,), (1,), (5,), (2,), (3,), (5,), (2, 0), (1,), (0, 0), (3, 5), (0,))",37.344,887.7444700000001,925.08847,3537.73437012263,4108.348521757431,132.1131523178595,3647.163681022834,3779.276833340694
res50,LGBGGBBLLLBBLGBGGB,"((4,), (1, 1), (7,), (0, 0), (1, 7), (4,), (4,), (3,), (3,), (1,), (2,), (6,), (1,), (4, 5), (7,), (3, 2), (2, 4), (3,))",43.8721,739.05087,782.9229700000001,3397.7410609377853,4506.915711274835,149.06603559956864,3330.839977434336,3479.906013033905
res50,LGBGGBBLLLBBLGBGGB,"((0,), (3, 4), (2,), (1, 5), (1, 1), (1,), (5,), (2,), (2,), (2,), (6,), (3,), (2,), (3, 1), (5,), (3, 1), (2, 5), (2,))",121.974,752.2571599999999,874.2311599999999,3131.779456360368,4329.489273792732,381.99566741009954,3256.8893053537827,3638.884972763882
res50,LGBGGBBLLLBBLGBGGB,"((2,), (4, 3), (7,), (0, 6), (4, 5), (1,), (1,), (3,), (3,), (4,), (4,), (4,), (5,), (4, 1), (7,), (4, 2), (4, 3), (2,))",62.7043,645.2288800000001,707.9331800000001,3250.157357588525,4894.974228326418,203.79884199743816,3158.378738971919,3362.177580969357
res50,LGBGGBBLLLBBLGBGGB,"((1,), (0, 2), (3,), (3, 0), (0, 0), (7,), (6,), (2,), (4,), (0,), (1,), (1,), (5,), (1, 1), (4,), (2, 6), (2, 4), (4,))",83.4473,855.7510800000001,939.1983800000002,3180.5633659596865,4188.809682185183,265.4094253682477,3584.5784094444275,3849.9878348126754
res50,LGBGGBBLLLBBLGBGGB,"((1,), (3, 3), (5,), (4, 4), (3, 5), (0,), (7,), (0,), (1,), (0,), (0,), (6,), (4,), (2, 5), (3,), (0, 7), (2, 6), (3,))",83.7559,842.0546999999998,925.8105999999998,3201.8477020202017,4270.228299849634,268.1736359456338,3595.7658099613927,3863.9394459070254
res50,LGBGGBBLLLBBLGBGGB,"((3,), (1, 0), (1,), (4, 4), (0, 1), (3,), (0,), (3,), (0,), (5,), (7,), (5,), (5,), (1, 3), (1,), (1, 6), (4, 7), (0,))",51.1975,883.6170900000001,934.81459,3371.1218560606053,4220.673910069224,172.59301122566282,3729.4595982542896,3902.052609479953
res50,LGBGGBBLLLBBLGBGGB,"((0,), (1, 3), (1,), (1, 0), (1, 3), (0,), (3,), (1,), (3,), (2,), (4,), (0,), (2,), (3, 4), (6,), (2, 3), (4, 2), (7,))",121.984,866.5258800000001,988.5098800000002,3123.644180083649,4151.950462942307,381.0346116633238,3597.7725286174905,3978.807140280814
res50,LBLGBLBGGBGLBLBLLB,"((2,), (1,), (5,), (0, 3), (3,), (1,), (4,), (3, 2), (3, 7), (5,), (1, 1), (3,), (7,), (1,), (2,), (1,), (5,), (6,))",62.3914,760.8421900000001,823.23359,3258.471555055047,4341.820524040416,203.30060218006145,3303.440236097858,3506.7408382779195
res50,LBLGBLBGGBGLBLBLLB,"((1,), (2,), (5,), (1, 0), (6,), (0,), (0,), (0, 5), (0, 4), (1,), (4, 2), (5,), (7,), (0,), (3,), (4,), (3,), (6,))",83.4561,875.54411,959.00021,3191.8082127667662,4198.549001066639,266.37586538548453,3676.01484843028,3942.390713815764
res50,LBLGBLBGGBGLBLBLLB,"((5,), (4,), (1,), (2, 7), (5,), (5,), (4,), (2, 2), (1, 1), (5,), (2, 0), (3,), (6,), (2,), (6,), (0,), (3,), (5,))",37.2558,706.0358600000001,743.2916600000001,3561.8235858416924,4499.201124702004,132.69858714940094,3176.5973353919467,3309.2959225413474
res50,LBLGBLBGGBGLBLBLLB,"((0,), (2,), (1,), (4, 7), (6,), (1,), (1,), (4, 5), (4, 1), (4,), (4, 0), (0,), (5,), (5,), (7,), (0,), (3,), (3,))",122.009,716.52686,838.5358600000001,3126.576136505704,4617.520419864263,381.4704278389245,3308.5774074312226,3690.047835270147
res50,LBLGBLBGGBGLBLBLLB,"((2,), (0,), (0,), (3, 0), (2,), (5,), (5,), (4, 5), (3, 6), (5,), (4, 5), (2,), (4,), (2,), (1,), (1,), (3,), (1,))",61.7843,751.4157100000001,813.2000100000001,3222.38141941392,4368.082975736284,199.09258033149547,3282.246170551793,3481.3387508832884
res50,LBLGBLBGGBGLBLBLLB,"((2,), (7,), (0,), (4, 2), (2,), (1,), (6,), (2, 4), (1, 7), (6,), (1, 6), (2,), (6,), (1,), (5,), (5,), (5,), (2,))",62.1719,722.0021199999998,784.1740199999998,3247.5617870544097,4550.524305065474,201.90708666856804,3285.488195368798,3487.395282037366
res50,LBLGBLBGGBGLBLBLLB,"((4,), (0,), (0,), (1, 6), (7,), (3,), (5,), (0, 3), (0, 0), (5,), (1, 1), (4,), (0,), (2,), (3,), (1,), (0,), (1,))",42.8524,956.31447,999.16687,3378.7557653712825,4062.861836413585,144.78779355999637,3885.373563773084,4030.161357333081
res50,LBLGBLBGGBGLBLBLLB,"((4,), (1,), (4,), (1, 1), (1,), (4,), (6,), (4, 3), (0, 3), (0,), (3, 3), (4,), (0,), (2,), (7,), (4,), (2,), (4,))",43.2923,822.8973700000001,866.1896700000001,3411.873712826125,4278.698670535454,147.70786033778245,3520.929883006122,3668.6377433439047
res50,LBLGBLBGGBGLBLBLLB,"((5,), (7,), (4,), (2, 3), (6,), (2,), (4,), (2, 3), (4, 5), (4,), (0, 2), (1,), (1,), (2,), (4,), (2,), (0,), (1,))",36.6994,736.0195600000001,772.71896,3522.7163168642955,4463.033358007022,129.28157519912952,3284.879848425651,3414.1614236247806
res50,LBLGBLBGGBGLBLBLLB,"((0,), (3,), (4,), (2, 7), (7,), (2,), (3,), (4, 2), (1, 3), (0,), (3, 7), (0,), (0,), (2,), (4,), (1,), (3,), (6,))",121.81,827.2423799999999,949.05238,3150.679707766839,4250.1846632028455,383.7842952030786,3515.93287622742,3899.717171430498
res50,GBBGLBBLGLBBLLGLLG,"((2, 4), (7,), (6,), (0, 1), (2,), (1,), (2,), (4,), (3, 6), (2,), (0,), (7,), (1,), (0,), (2, 7), (2,), (1,), (2, 3))",18.6094,815.3160499999998,833.9254499999998,3997.733383283383,4364.2586285987645,74.39541962287379,3558.250106247561,3632.6455258704345
res50,GBBGLBBLGLBBLLGLLG,"((0, 7), (1,), (7,), (3, 0), (4,), (3,), (3,), (1,), (0, 1), (3,), (3,), (6,), (3,), (3,), (1, 1), (4,), (2,), (0, 4))",13.0012,790.0373,803.0385,4812.071944444444,4374.887680938536,62.56270976411111,3456.324451251942,3518.887161016053
res50,GBBGLBBLGLBBLLGLLG,"((3, 2), (0,), (0,), (4, 2), (0,), (7,), (0,), (5,), (1, 6), (1,), (2,), (0,), (1,), (2,), (0, 3), (4,), (0,), (2, 6))",24.7812,986.22983,1011.01103,3881.4234781717255,4081.002449045822,96.18633149726917,4024.806351552045,4120.992683049313
res50,GBBGLBBLGLBBLLGLLG,"((1, 4), (0,), (0,), (3, 5), (3,), (2,), (0,), (3,), (0, 1), (4,), (6,), (7,), (0,), (5,), (3, 7), (1,), (3,), (4, 3))",19.0425,871.27571,890.31821,4077.419039294038,4277.895833381187,77.64425205575672,3727.2267295352353,3804.870981590992
res50,GBBGLBBLGLBBLLGLLG,"((4, 0), (4,), (3,), (2, 5), (5,), (5,), (6,), (5,), (3, 1), (1,), (2,), (3,), (3,), (1,), (4, 5), (2,), (4,), (0, 0))",52.3114,633.2253999999999,685.5368,3604.914438543232,4822.85652709969,188.5781211604104,3053.955253515312,3242.533374675722
res50,GBBGLBBLGLBBLLGLLG,"((1, 3), (6,), (0,), (3, 6), (5,), (7,), (7,), (2,), (1, 0), (4,), (0,), (6,), (5,), (5,), (1, 2), (2,), (1,), (1, 2))",22.2797,766.61144,788.8911400000001,3740.558690476188,4509.36632192849,83.33852545620232,3456.931809541104,3540.270334997306
res50,GBBGLBBLGLBBLLGLLG,"((2, 3), (1,), (6,), (0, 0), (4,), (6,), (0,), (4,), (1, 3), (0,), (2,), (5,), (0,), (1,), (2, 2), (3,), (1,), (4, 4))",21.4215,860.4114699999999,881.8329699999999,3946.782127872128,4215.592383786556,84.5459933522128,3627.144039854594,3711.690033206807
res50,GBBGLBBLGLBBLLGLLG,"((4, 7), (2,), (7,), (1, 4), (2,), (5,), (6,), (3,), (1, 6), (5,), (2,), (2,), (2,), (1,), (3, 4), (0,), (1,), (3, 2))",14.3342,724.35407,738.68827,4928.253095238094,4552.095489094242,70.64256551776188,3297.328894554055,3367.9714600718166
res50,GBBGLBBLGLBBLLGLLG,"((0, 6), (2,), (7,), (3, 3), (0,), (5,), (1,), (2,), (1, 4), (0,), (7,), (6,), (0,), (3,), (0, 1), (3,), (4,), (2, 1))",16.4349,884.0274300000001,900.4623300000001,4279.904383949384,4297.726714666415,70.33980055976973,3799.308302408895,3869.6481029686647
res50,GBBGLBBLGLBBLLGLLG,"((2, 2), (6,), (5,), (4, 2), (3,), (5,), (7,), (2,), (4, 3), (0,), (2,), (1,), (1,), (1,), (1, 5), (3,), (5,), (4, 0))",28.37,702.9432899999999,731.3132899999999,3651.940000664538,4625.921451041918,103.60553781885294,3251.76044407698,3355.3659818958326
res50,GLLBLLBLBLLGGGLLGG,"((0, 1), (3,), (0,), (7,), (4,), (3,), (0,), (2,), (2,), (3,), (5,), (2, 2), (2, 2), (0, 7), (0,), (4,), (3, 6), (0, 1))",34.5384,830.5736999999999,865.1120999999999,3445.0850557497,4248.423201939549,118.98772568950544,3528.628578000778,3647.616303690284
res50,GLLBLLBLBLLGGGLLGG,"((0, 4), (2,), (4,), (1,), (1,), (0,), (2,), (3,), (1,), (0,), (4,), (3, 0), (0, 1), (4, 1), (1,), (0,), (1, 0), (2, 5))",16.7,897.1474999999999,913.8475,4110.873552281051,4057.09684592416,68.65158832309356,3639.8142925787447,3708.4658809018383
res50,GLLBLLBLBLLGGGLLGG,"((2, 1), (1,), (5,), (1,), (2,), (2,), (6,), (1,), (2,), (5,), (1,), (3, 2), (0, 4), (1, 3), (3,), (5,), (3, 3), (0, 3))",32.5705,729.9901,762.5606,3525.413863927964,4360.817330094224,114.82449225506576,3183.353478877216,3298.177971132281
res50,GLLBLLBLBLLGGGLLGG,"((3, 5), (3,), (2,), (6,), (5,), (0,), (3,), (1,), (5,), (4,), (4,), (4, 2), (0, 4), (2, 5), (5,), (3,), (2, 3), (1, 6))",13.9165,658.1504,672.0669,4531.319444444443,4632.574717089821,63.06010704861109,3048.930903082553,3111.991010131164
res50,GLLBLLBLBLLGGGLLGG,"((1, 4), (4,), (3,), (7,), (5,), (2,), (5,), (1,), (0,), (3,), (4,), (1, 2), (2, 4), (4, 3), (0,), (2,), (0, 2), (0, 7))",16.2492,797.7693999999999,814.0185999999999,4192.228004773004,4312.131927366972,68.12035129515748,3440.086900416393,3508.2072517115503
res50,GLLBLLBLBLLGGGLLGG,"((0, 1), (0,), (3,), (0,), (5,), (2,), (0,), (1,), (1,), (0,), (0,), (0, 4), (1, 5), (0, 1), (1,), (3,), (2, 1), (2, 6))",31.7895,1008.0582,1039.8477,3571.243497841384,3933.5075485370135,113.52804517462867,3965.2045390646335,4078.732584239263
res50,GLLBLLBLBLLGGGLLGG,"((0, 0), (2,), (2,), (0,), (3,), (1,), (5,), (5,), (4,), (5,), (1,), (2, 1), (2, 1), (4, 6), (5,), (4,), (1, 1), (4, 1))",50.3339,723.2434999999999,773.5773999999999,3364.7209849154046,4419.869181857679,169.35952958263348,3196.641656628884,3366.001186211517
res50,GLLBLLBLBLLGGGLLGG,"((2, 4), (3,), (0,), (1,), (2,), (0,), (4,), (0,), (7,), (5,), (0,), (2, 5), (2, 6), (1, 5), (4,), (0,), (0, 2), (4, 7))",15.3678,848.1120999999999,863.4798999999999,4516.794267121767,4224.280704209235,69.4131909382739,3582.663579036373,3652.076769974647
res50,GLLBLLBLBLLGGGLLGG,"((4, 0), (4,), (0,), (4,), (4,), (0,), (7,), (1,), (5,), (3,), (5,), (1, 3), (2, 2), (0, 7), (5,), (4,), (1, 3), (3, 0))",51.7779,727.2858,779.0637,3608.2937933395,4493.530453518528,186.8298752021533,3268.080890711585,3454.9107659137385
res50,GLLBLLBLBLLGGGLLGG,"((1, 2), (5,), (0,), (1,), (2,), (2,), (7,), (4,), (4,), (1,), (3,), (4, 2), (4, 6), (4, 0), (2,), (5,), (0, 5), (0, 4))",25.0483,710.1344,735.1827000000001,3654.5936861856753,4523.314736341369,91.54135902968466,3212.1613963029367,3303.7027553326216
res50,GBGGBLGLBBBGGLGBBB,"((1, 2), (4,), (1, 4), (1, 3), (3,), (2,), (3, 2), (4,), (4,), (4,), (3,), (2, 0), (0, 3), (2,), (3, 1), (4,), (4,), (5,))",16.958,784.3482,801.3062,3742.758576458802,4387.6523582976215,63.46969993958836,3441.4472294564944,3504.9169293960827
res50,GBGGBLGLBBBGGLGBBB,"((1, 0), (3,), (3, 4), (1, 6), (1,), (5,), (4, 4), (4,), (2,), (3,), (1,), (0, 6), (1, 0), (3,), (4, 6), (4,), (5,), (5,))",35.4107,815.5674999999999,850.9781999999999,3440.8447549885213,4451.550469634564,121.84272136547204,3630.539887643687,3752.3826090091593
res50,GBGGBLGLBBBGGLGBBB,"((3, 2), (1,), (3, 1), (3, 4), (6,), (5,), (4, 1), (0,), (3,), (3,), (7,), (4, 3), (3, 2), (4,), (1, 4), (7,), (0,), (7,))",14.139,745.4201,759.5591000000001,4255.465719272558,4664.010242115017,60.16802980479469,3476.6469810784,3536.815010883194
res50,GBGGBLGLBBBGGLGBBB,"((2, 0), (2,), (3, 0), (2, 2), (3,), (3,), (3, 3), (2,), (4,), (1,), (4,), (0, 3), (4, 7), (0,), (0, 4), (4,), (2,), (2,))",40.0723,884.3574999999998,924.4298,3410.1374147316387,4252.426121829304,136.65204952435064,3760.664934035658,3897.316983560009
res50,GBGGBLGLBBBGGLGBBB,"((4, 3), (7,), (3, 7), (4, 1), (5,), (5,), (3, 4), (5,), (3,), (7,), (7,), (3, 3), (3, 2), (1,), (1, 7), (4,), (6,), (2,))",17.5519,636.3079999999999,653.8598999999999,3972.450196053947,5097.74472256441,69.72404859611927,3243.735748925514,3313.4597975216334
res50,GBGGBLGLBBBGGLGBBB,"((0, 4), (6,), (2, 0), (3, 2), (7,), (2,), (0, 5), (0,), (4,), (3,), (0,), (1, 0), (2, 2), (2,), (4, 5), (5,), (7,), (6,))",13.4723,819.6650999999999,833.1374,4292.562723404047,4549.74715473135,57.83069277851634,3729.268956557587,3787.099649336104
res50,GBGGBLGLBBBGGLGBBB,"((1, 7), (6,), (3, 5), (4, 4), (3,), (4,), (3, 2), (5,), (7,), (4,), (6,), (4, 7), (3, 0), (3,), (2, 7), (6,), (5,), (5,))",8.91355,610.95695,619.8705,4887.9817063492055,5213.885706263199,43.56926933862896,3185.45970874716,3229.028978085789
res50,GBGGBLGLBBBGGLGBBB,"((4, 1), (2,), (4, 3), (4, 1), (4,), (5,), (0, 1), (4,), (0,), (4,), (5,), (0, 4), (2, 6), (5,), (2, 4), (3,), (1,), (3,))",22.8624,834.3258,857.1881999999999,3804.541710184492,4411.288326759587,86.98095439492194,3680.451662254353,3767.432616649275
res50,GBGGBLGLBBBGGLGBBB,"((1, 4), (7,), (0, 7), (2, 6), (3,), (5,), (0, 2), (1,), (5,), (2,), (2,), (2, 0), (4, 6), (1,), (2, 0), (2,), (0,), (1,))",16.593,891.6059,908.1989,3893.732634032634,4314.17258686203,64.6087055965035,3846.541732064448,3911.150437660952
res50,GBGGBLGLBBBGGLGBBB,"((0, 0), (4,), (4, 1), (2, 6), (2,), (1,), (0, 3), (0,), (3,), (4,), (4,), (0, 4), (3, 4), (5,), (3, 7), (0,), (0,), (5,))",31.9209,951.0041,982.925,3423.740765951424,4220.130780532852,109.2888866158588,4013.361674822943,4122.650561438802
res50,GLGBLLBBGGLBGLLGLL,"((1, 7), (4,), (3, 0), (3,), (4,), (2,), (1,), (4,), (4, 2), (3, 6), (0,), (3,), (0, 2), (0,), (0,), (1, 3), (4,), (1,))",14.1629,832.3463999999999,846.5092999999999,4729.911629759128,4273.392296793302,66.98926542111556,3556.942694023636,3623.931959444752
res50,GLGBLLBBGGLBGLLGLL,"((3, 2), (2,), (2, 1), (3,), (0,), (1,), (5,), (0,), (1, 7), (4, 7), (3,), (4,), (0, 5), (0,), (0,), (3, 4), (5,), (0,))",28.6542,864.1770000000001,892.8312000000001,3644.9190304415215,4229.145371574496,104.44223888207743,3654.730159771133,3759.1723986532106
res50,GLGBLLBBGGLBGLLGLL,"((4, 3), (4,), (3, 3), (7,), (0,), (3,), (3,), (0,), (2, 0), (2, 1), (0,), (4,), (4, 7), (1,), (5,), (1, 6), (2,), (2,))",23.7505,761.4893000000001,785.2398000000001,3952.3808985699534,4433.294787640823,93.87102253148568,3375.9065445342594,3469.777567065745
res50,GLGBLLBBGGLBGLLGLL,"((2, 7), (4,), (3, 6), (5,), (3,), (3,), (3,), (0,), (3, 3), (0, 6), (0,), (5,), (1, 0), (3,), (5,), (3, 7), (2,), (4,))",15.092,749.8565,764.9485,4763.066165223665,4469.303557414709,71.88419456555556,3351.3363230005425,3423.220517566098
res50,GLGBLLBBGGLBGLLGLL,"((0, 5), (5,), (2, 5), (2,), (0,), (1,), (7,), (5,), (3, 2), (4, 3), (2,), (5,), (0, 4), (3,), (5,), (1, 1), (5,), (2,))",17.5546,756.402,773.9566000000001,4231.501853285604,4505.755151372679,74.28232243368747,3408.1622080085976,3482.444530442285
res50,GLGBLLBBGGLBGLLGLL,"((1, 3), (1,), (4, 2), (2,), (4,), (4,), (4,), (6,), (3, 6), (2, 2), (1,), (7,), (0, 5), (5,), (4,), (4, 2), (0,), (1,))",23.2714,719.8626,743.134,3721.806338702148,4602.632310864434,86.61164403047317,3313.2628621428794,3399.8745061733525
res50,GLGBLLBBGGLBGLLGLL,"((2, 4), (0,), (0, 1), (0,), (2,), (5,), (0,), (0,), (3, 5), (2, 3), (4,), (6,), (2, 2), (1,), (3,), (4, 7), (5,), (1,))",20.4884,853.2816,873.77,3927.630088253251,4279.487088964637,80.4708563001679,3651.607590451088,3732.078446751256
res50,GLGBLLBBGGLBGLLGLL,"((3, 6), (0,), (3, 4), (5,), (3,), (2,), (1,), (5,), (2, 7), (1, 6), (4,), (0,), (0, 2), (0,), (5,), (4, 7), (3,), (0,))",16.4465,811.9939999999999,828.4404999999999,4343.36721167721,4365.932451059261,71.43318884684923,3545.1109546654134,3616.544143512264
res50,GLGBLLBBGGLBGLLGLL,"((0, 6), (0,), (2, 5), (3,), (0,), (0,), (6,), (7,), (3, 6), (2, 1), (4,), (3,), (4, 2), (2,), (2,), (3, 4), (4,), (1,))",15.4852,751.2638999999998,766.7490999999998,4400.690677100677,4477.195671222757,68.1455752730394,3363.555481025925,3431.7010562989644
res50,GLGBLLBBGGLBGLLGLL,"((4, 1), (2,), (1, 5), (4,), (5,), (1,), (2,), (5,), (2, 0), (2, 0), (0,), (5,), (3, 3), (2,), (2,), (0, 7), (0,), (3,))",36.8693,797.8372999999999,834.7065999999999,3727.205794871797,4339.463682404977,137.41946861286678,3462.1859878180435,3599.60545643091
res50,GBGBLGLBBLGLGBGGGG,"((0, 1), (3,), (2, 6), (3,), (2,), (0, 2), (1,), (4,), (3,), (5,), (3, 6), (0,), (4, 1), (4,), (3, 2), (4, 7), (3, 4), (2, 6))",28.0616,791.5008,819.5624,3657.176693081393,4565.25885145543,102.6262294905728,3613.406033134054,3716.0322626246266
res50,GBGBLGLBBLGLGBGGGG,"((0, 4), (0,), (2, 7), (0,), (1,), (2, 4), (5,), (3,), (4,), (3,), (0, 0), (2,), (0, 5), (3,), (2, 5), (4, 2), (2, 4), (1, 4))",16.7426,970.0848999999998,986.8275,4001.878956876458,4232.547801728142,67.00185862339978,4105.930710984664,4172.932569608064
res50,GBGBLGLBBLGLGBGGGG,"((0, 0), (6,), (1, 2), (0,), (4,), (0, 4), (4,), (2,), (7,), (2,), (1, 0), (3,), (1, 4), (4,), (3, 3), (3, 0), (4, 2), (1, 2))",48.052,862.1516999999998,910.2036999999998,3341.354537347043,4486.311529492266,160.5587682286001,3867.881111881357,4028.439880109957
res50,GBGBLGLBBLGLGBGGGG,"((3, 0), (4,), (0, 7), (0,), (5,), (1, 7), (3,), (0,), (3,), (1,), (3, 0), (1,), (2, 1), (7,), (3, 2), (1, 2), (2, 4), (2, 1))",49.8008,899.5133000000001,949.3141,3461.244794619924,4364.233518134593,172.37275976790792,3925.6860938678574,4098.058853635766
res50,GBGBLGLBBLGLGBGGGG,"((0, 3), (2,), (4, 6), (0,), (2,), (3, 2), (1,), (7,), (6,), (4,), (1, 6), (5,), (1, 7), (0,), (1, 5), (3, 2), (2, 0), (1, 2))",19.5745,889.8688000000002,909.4433,3730.676596320348,4418.970084419548,73.02612903467265,3932.3036062583215,4005.329735292995
res50,GBGBLGLBBLGLGBGGGG,"((2, 0), (2,), (4, 6), (4,), (3,), (4, 2), (1,), (2,), (3,), (2,), (1, 2), (5,), (1, 3), (2,), (3, 3), (1, 4), (0, 5), (3, 5))",44.2368,832.5555,876.7923000000001,3477.098991952544,4416.94349677233,153.8157326872063,3677.350601427036,3831.1663341142425
res50,GBGBLGLBBLGLGBGGGG,"((2, 7), (1,), (1, 5), (1,), (2,), (3, 1), (3,), (0,), (6,), (5,), (0, 0), (3,), (4, 0), (7,), (3, 6), (3, 1), (2, 0), (3, 1))",13.8392,826.5737,840.4129,4708.484884559884,4557.853988802355,65.16166401440115,3767.402235584121,3832.5638995985214
res50,GBGBLGLBBLGLGBGGGG,"((3, 6), (0,), (2, 7), (4,), (3,), (3, 2), (1,), (6,), (0,), (0,), (4, 3), (5,), (1, 7), (4,), (0, 3), (2, 0), (1, 7), (3, 0))",15.0001,942.4948000000002,957.4949,4485.268498445999,4330.763346479276,67.27947600353984,4081.721934087317,4149.001410090857
res50,GBGBLGLBBLGLGBGGGG,"((3, 7), (6,), (1, 1), (5,), (0,), (3, 5), (5,), (7,), (1,), (2,), (2, 0), (4,), (4, 0), (7,), (0, 3), (4, 2), (2, 1), (0, 4))",12.1648,825.7976000000001,837.9624000000001,4879.480158730159,4601.189817083467,59.35790023492064,3799.651508091966,3859.009408326887
res50,GBGBLGLBBLGLGBGGGG,"((4, 3), (4,), (4, 3), (2,), (3,), (0, 3), (5,), (0,), (6,), (0,), (1, 2), (3,), (1, 5), (0,), (1, 0), (3, 6), (1, 1), (0, 7))",17.8334,931.02,948.8534,4394.665974025976,4308.995409726166,78.37183618119484,4011.7609063632553,4090.13274254445
res50,GGGLBGLLBLBLLLGGLG,"((0, 5), (4, 5), (2, 2), (1,), (6,), (3, 0), (0,), (3,), (7,), (1,), (1,), (2,), (1,), (0,), (0, 7), (2, 4), (0,), (2, 0))",17.9641,877.93557,895.89967,4034.3226619214106,4249.686297245725,72.4729757310224,3730.9507616936144,3803.423737424637
res50,GGGLBGLLBLBLLLGGLG,"((3, 6), (1, 3), (1, 5), (2,), (4,), (3, 3), (1,), (5,), (0,), (5,), (5,), (0,), (3,), (3,), (2, 0), (0, 7), (2,), (1, 3))",15.1872,806.0726200000001,821.2598200000001,4425.823987401487,4259.553379094197,67.21587406146386,3433.509352316313,3500.7252263777773
res50,GGGLBGLLBLBLLLGGLG,"((1, 4), (0, 5), (2, 0), (5,), (7,), (3, 2), (3,), (5,), (3,), (2,), (7,), (0,), (1,), (5,), (3, 1), (3, 6), (1,), (3, 5))",17.5695,700.1752700000002,717.7447700000001,4178.22893273393,4592.249259553363,73.4093932336688,3215.379365215077,3288.7887584487457
res50,GGGLBGLLBLBLLLGGLG,"((1, 3), (1, 2), (3, 3), (2,), (2,), (4, 4), (5,), (5,), (7,), (0,), (0,), (4,), (4,), (5,), (3, 4), (3, 5), (3,), (1, 0))",23.1054,685.1027199999999,708.2081199999999,3681.6168259638544,4606.6298891685465,85.06522941062524,3156.0146671026687,3241.079896513294
res50,GGGLBGLLBLBLLLGGLG,"((2, 7), (2, 6), (1, 6), (4,), (3,), (3, 7), (1,), (2,), (4,), (4,), (2,), (3,), (1,), (0,), (4, 6), (0, 1), (2,), (0, 3))",13.6082,747.9151,761.5233000000001,4714.580335497834,4410.13409776066,64.15695212152163,3298.405884740074,3362.562836861596
res50,GGGLBGLLBLBLLLGGLG,"((4, 4), (2, 6), (3, 5), (2,), (1,), (2, 3), (4,), (5,), (3,), (0,), (6,), (2,), (2,), (0,), (0, 0), (0, 3), (4,), (0, 7))",17.3022,840.8396999999999,858.1418999999999,4475.323141025642,4205.913714827908,77.43293605065386,3536.499226201783,3613.932162252437
res50,GGGLBGLLBLBLLLGGLG,"((4, 5), (4, 7), (2, 2), (1,), (2,), (3, 6), (4,), (5,), (3,), (0,), (2,), (5,), (5,), (5,), (2, 6), (0, 3), (0,), (3, 7))",14.8378,737.95537,752.79317,4858.319830447332,4432.146782741998,72.08677798021142,3270.726518952681,3342.8132969328926
res50,GGGLBGLLBLBLLLGGLG,"((1, 6), (4, 6), (3, 6), (4,), (5,), (3, 2), (0,), (0,), (7,), (1,), (3,), (2,), (3,), (4,), (1, 3), (2, 5), (4,), (0, 2))",14.9719,692.0006,706.9725,4375.551958041959,4559.70337965556,65.5103263606084,3155.317474543675,3220.827800904284
res50,GGGLBGLLBLBLLLGGLG,"((2, 5), (1, 6), (3, 7), (1,), (4,), (1, 2), (1,), (5,), (0,), (0,), (5,), (3,), (0,), (2,), (4, 2), (0, 4), (0,), (3, 2))",16.9559,866.1381600000001,883.0940600000001,4187.1000616050615,4209.1727970132015,70.99604993456927,3645.725181527068,3716.7212314616377
res50,GGGLBGLLBLBLLLGGLG,"((3, 4), (0, 3), (3, 2), (2,), (0,), (3, 2), (2,), (1,), (2,), (2,), (3,), (4,), (4,), (4,), (1, 7), (2, 6), (0,), (1, 4))",18.1648,820.62418,838.78898,4071.983613608614,4199.915078272158,73.96676794447777,3446.5518671767254,3520.518635121204
res50,BBGBLBGLBLGGGGBBLG,"((3,), (6,), (2, 4), (5,), (3,), (3,), (2, 0), (4,), (6,), (0,), (2, 5), (0, 2), (1, 5), (3, 7), (0,), (0,), (1,), (2, 0))",28.1826,890.9898999999999,919.1725,3665.423271915937,4211.546516938982,103.30115790309809,3752.445409972811,3855.746567875909
res50,BBGBLBGLBLGGGGBBLG,"((6,), (0,), (2, 4), (3,), (5,), (0,), (0, 5), (4,), (3,), (2,), (3, 1), (1, 3), (4, 2), (0, 2), (5,), (3,), (2,), (3, 4))",17.7069,831.46497,849.17187,4484.799661449663,4295.490474986851,79.41189912532305,3571.549858920228,3650.961758045551
res50,BBGBLBGLBLGGGGBBLG,"((7,), (5,), (1, 7), (2,), (5,), (4,), (1, 4), (2,), (4,), (4,), (1, 6), (2, 7), (4, 4), (0, 3), (3,), (5,), (0,), (2, 2))",16.9494,770.87145,787.82085,4719.250122377621,4472.5036094213465,79.98845802422726,3447.725342524867,3527.7138005490942
res50,BBGBLBGLBLGGGGBBLG,"((7,), (7,), (0, 6), (7,), (0,), (2,), (3, 7), (0,), (3,), (3,), (2, 6), (2, 4), (1, 3), (1, 5), (1,), (6,), (4,), (2, 5))",16.0457,828.7784899999999,844.8241899999999,4832.808661616161,4384.85227427258,77.54579794169443,3634.0712467446942,3711.617044686389
res50,BBGBLBGLBLGGGGBBLG,"((0,), (7,), (2, 0), (5,), (2,), (7,), (2, 0), (3,), (4,), (4,), (1, 2), (1, 3), (2, 2), (4, 4), (3,), (0,), (2,), (4, 4))",58.0179,782.62175,840.63965,3423.275032983086,4405.318572664102,198.6112285361094,3447.698130645882,3646.309359181992
res50,BBGBLBGLBLGGGGBBLG,"((2,), (7,), (0, 3), (5,), (2,), (7,), (2, 3), (1,), (2,), (3,), (2, 4), (4, 7), (1, 5), (0, 7), (0,), (4,), (0,), (0, 3))",32.1994,904.0847,936.2841,3579.11784141557,4237.206897580243,115.2454470228765,3830.793926836765,3946.039373859641
res50,BBGBLBGLBLGGGGBBLG,"((3,), (5,), (2, 7), (5,), (0,), (2,), (1, 4), (4,), (1,), (1,), (4, 0), (1, 6), (0, 2), (1, 2), (4,), (0,), (4,), (3, 7))",23.8606,872.18248,896.04308,4104.733213347112,4199.683272020619,97.9413973103901,3662.890171405458,3760.831568715849
res50,BBGBLBGLBLGGGGBBLG,"((2,), (2,), (4, 2), (5,), (0,), (7,), (3, 7), (0,), (6,), (0,), (2, 4), (2, 4), (2, 6), (1, 3), (6,), (2,), (3,), (2, 6))",28.836,758.3884899999999,787.22449,3793.9625659960952,4492.298630680641,109.4027045530634,3406.907575150958,3516.310279704021
res50,BBGBLBGLBLGGGGBBLG,"((5,), (1,), (2, 3), (2,), (5,), (3,), (3, 2), (1,), (7,), (5,), (2, 5), (0, 0), (4, 2), (2, 2), (3,), (5,), (3,), (3, 4))",19.407,720.99558,740.4025800000001,4247.639556832055,4570.961947034407,82.43394087943969,3295.643360160001,3378.0773010394414
res50,BBGBLBGLBLGGGGBBLG,"((6,), (1,), (3, 7), (0,), (2,), (0,), (2, 5), (5,), (2,), (3,), (1, 2), (3, 6), (0, 1), (2, 0), (7,), (0,), (0,), (0, 1))",18.6979,925.2557,943.9536,4300.518008658008,4182.193524986004,80.41065567408657,3869.598397496393,3950.00905317048
res50,BBBBBGLBLBBLBBLLLG,"((7,), (1,), (6,), (6,), (2,), (0, 4), (1,), (6,), (3,), (3,), (4,), (4,), (1,), (7,), (2,), (5,), (3,), (2, 2))",15.9975,670.95631,686.95381,4713.018813131315,4586.872914859693,75.39651846306822,3077.591325393204,3152.9878438562723
res50,BBBBBGLBLBBLBBLLLG,"((0,), (3,), (0,), (6,), (7,), (1, 5), (0,), (7,), (4,), (7,), (4,), (2,), (4,), (6,), (3,), (3,), (5,), (4, 2))",57.7406,679.3956299999999,737.1362299999998,3389.129549561724,4642.759904496578,195.69037366942368,3154.270790254192,3349.9611639236155
res50,BBBBBGLBLBBLBBLLLG,"((4,), (0,), (3,), (2,), (1,), (1, 2), (4,), (7,), (1,), (0,), (3,), (0,), (6,), (5,), (2,), (1,), (5,), (0, 4))",20.9396,801.2935999999997,822.2331999999998,3960.2029578754577,4209.63370645809,82.92506585672893,3373.1525473291454,3456.0776131858743
res50,BBBBBGLBLBBLBBLLLG,"((2,), (5,), (1,), (3,), (6,), (4, 4), (3,), (5,), (0,), (5,), (2,), (2,), (2,), (0,), (5,), (4,), (1,), (3, 2))",30.6709,695.05044,725.7213399999999,3603.135931607092,4427.611043006493,110.51142184472796,3077.4130035905214,3187.9244254352493
res50,BBBBBGLBLBBLBBLLLG,"((6,), (1,), (7,), (2,), (2,), (1, 4), (5,), (1,), (2,), (0,), (3,), (3,), (2,), (5,), (4,), (4,), (5,), (0, 5))",15.96,709.6731999999998,725.6331999999999,4531.958885281384,4409.350474322776,72.33006380909089,3129.1978610341616,3201.5279248432525
res50,BBBBBGLBLBBLBBLLLG,"((5,), (4,), (1,), (1,), (0,), (2, 5), (5,), (4,), (5,), (7,), (2,), (4,), (2,), (0,), (4,), (5,), (5,), (4, 7))",16.8416,729.54602,746.38762,4728.7831993007,4414.304912033648,79.64027512934267,3220.438579640598,3300.078854769941
res50,BBBBBGLBLBBLBBLLLG,"((5,), (5,), (6,), (3,), (7,), (1, 0), (3,), (4,), (4,), (3,), (2,), (2,), (2,), (6,), (4,), (5,), (5,), (4, 2))",19.7424,587.21482,606.95722,4182.118939948942,4833.014739888765,82.56506496004799,2838.0178805411283,2920.5829455011763
res50,BBBBBGLBLBBLBBLLLG,"((4,), (7,), (7,), (5,), (1,), (2, 5), (3,), (1,), (5,), (2,), (0,), (4,), (2,), (0,), (1,), (4,), (0,), (2, 6))",20.1819,757.8297599999999,778.0116599999999,4133.256935841939,4344.163107845488,83.41697815346842,3292.1360854194,3375.5530635728683
res50,BBBBBGLBLBBLBBLLLG,"((3,), (4,), (1,), (2,), (1,), (3, 0), (5,), (7,), (1,), (2,), (0,), (4,), (1,), (6,), (4,), (2,), (1,), (2, 5))",24.3799,734.12794,758.50784,3805.910726038668,4309.026709816971,92.78772290975012,3163.3769018829103,3256.164624792661
res50,BBBBBGLBLBBLBBLLLG,"((3,), (5,), (6,), (4,), (1,), (4, 7), (1,), (2,), (5,), (5,), (3,), (2,), (7,), (1,), (2,), (0,), (2,), (2, 7))",22.5384,662.78661,685.32501,4153.500601922588,4542.516349473637,93.61325796637207,3010.719012137208,3104.3322701035795
res50,BLGGBBBLBBBLBGLLLG,"((7,), (4,), (2, 5), (4, 5), (4,), (6,), (0,), (2,), (0,), (4,), (1,), (3,), (1,), (2, 1), (1,), (4,), (0,), (0, 7))",14.0776,783.7732,797.8507999999999,5028.008181818182,4237.89028234006,70.78228798036363,3321.5448278385725,3392.327115818936
res50,BLGGBBBLBBBLBGLLLG,"((3,), (3,), (4, 2), (3, 5), (3,), (0,), (3,), (4,), (0,), (5,), (5,), (4,), (1,), (1, 0), (2,), (0,), (0,), (3, 5))",24.1531,772.6521799999999,796.8052799999999,3869.726448892954,4196.613408583785,93.4658898927564,3242.522498759492,3335.9883886522484
res50,BLGGBBBLBBBLBGLLLG,"((6,), (0,), (4, 2), (2, 6), (0,), (3,), (6,), (1,), (5,), (4,), (0,), (5,), (7,), (4, 7), (4,), (0,), (5,), (0, 3))",16.4496,729.4808999999998,745.9304999999998,4453.961753246753,4488.149034824826,73.26588925620779,3274.0189972581443,3347.284886514352
res50,BLGGBBBLBBBLBGLLLG,"((6,), (1,), (4, 5), (0, 4), (6,), (6,), (2,), (1,), (3,), (6,), (4,), (5,), (2,), (3, 4), (4,), (2,), (4,), (0, 0))",17.763,662.2579,680.0209,4380.622224025975,4573.162372696531,77.81299256537339,3028.612909301022,3106.425901866395
res50,BLGGBBBLBBBLBGLLLG,"((3,), (2,), (1, 7), (3, 1), (5,), (0,), (6,), (3,), (7,), (2,), (6,), (1,), (1,), (2, 2), (5,), (3,), (2,), (2, 1))",26.4281,675.8686299999999,702.2967299999999,3706.301458978327,4542.684163628688,97.95050558802514,3070.257722194417,3168.208227782442
res50,BLGGBBBLBBBLBGLLLG,"((4,), (2,), (2, 4), (3, 6), (6,), (5,), (5,), (3,), (0,), (1,), (3,), (5,), (1,), (2, 0), (0,), (5,), (2,), (1, 7))",20.761,757.86643,778.62743,4087.630908258409,4286.654278187261,84.86330528635283,3248.7113744540065,3333.5746797403594
res50,BLGGBBBLBBBLBGLLLG,"((5,), (4,), (1, 5), (4, 3), (1,), (0,), (1,), (2,), (0,), (0,), (0,), (5,), (0,), (2, 3), (4,), (0,), (3,), (2, 0))",20.0327,915.04802,935.08072,4080.730412920413,4015.7347857519135,81.74804814291075,3674.5901645474128,3756.3382126903234
res50,BLGGBBBLBBBLBGLLLG,"((0,), (0,), (0, 5), (0, 4), (3,), (2,), (2,), (0,), (1,), (0,), (0,), (0,), (5,), (0, 6), (2,), (0,), (4,), (2, 1))",60.1834,1023.1232700000002,1083.3066700000002,3321.7456540700805,3873.058286600052,199.91394739716128,3962.616059086843,4162.530006484004
res50,BLGGBBBLBBBLBGLLLG,"((3,), (0,), (4, 6), (4, 2), (4,), (5,), (7,), (1,), (4,), (2,), (4,), (4,), (7,), (0, 4), (1,), (2,), (1,), (3, 7))",22.9003,690.34573,713.24603,4069.7069946719935,4478.2010065866,93.19751109008706,3091.5069429787613,3184.7044540688485
res50,BLGGBBBLBBBLBGLLLG,"((7,), (3,), (4, 0), (2, 4), (3,), (4,), (3,), (4,), (7,), (7,), (4,), (0,), (3,), (3, 5), (0,), (0,), (5,), (0, 2))",15.232,690.2777000000001,705.5097000000001,4794.207937062938,4581.317807861286,73.02537529734268,3162.381519379532,3235.406894676874
res50,LLLBBGBLBGGBGLLGGB,"((3,), (2,), (1,), (2,), (1,), (2, 0), (5,), (2,), (5,), (1, 5), (3, 0), (5,), (4, 1), (2,), (2,), (2, 0), (4, 0), (7,))",51.3276,711.64196,762.96956,3407.32319784261,4604.468768071301,174.88972216958635,3276.7331788690467,3451.622901038633
res50,LLLBBGBLBGGBGLLGGB,"((0,), (1,), (3,), (4,), (2,), (1, 3), (7,), (4,), (5,), (4, 0), (3, 7), (5,), (1, 3), (3,), (0,), (2, 1), (4, 5), (4,))",-1.0,857.5709600000001,856.5709600000001,3246.261573097357,4640.248747949749,-3.246261573097357,3979.3425734180646,3976.096311844967
res50,LLLBBGBLBGGBGLLGGB,"((4,), (1,), (5,), (1,), (7,), (1, 2), (1,), (5,), (2,), (3, 5), (2, 7), (4,), (0, 4), (5,), (3,), (0, 7), (3, 4), (0,))",43.5226,785.8721999999999,829.3947999999999,3506.8239180806427,4558.500557402204,152.62609465705657,3582.3988617468963,3735.0249564039527
res50,LLLBBGBLBGGBGLLGGB,"((1,), (5,), (1,), (5,), (4,), (3, 4), (0,), (4,), (6,), (4, 7), (1, 0), (4,), (4, 1), (3,), (2,), (3, 6), (4, 6), (2,))",83.8166,666.54883,750.36543,3326.246153970069,4892.269887683743,278.79464338884765,3260.93676967983,3539.7314130686777
res50,LLLBBGBLBGGBGLLGGB,"((2,), (4,), (0,), (0,), (4,), (2, 4), (4,), (2,), (2,), (3, 5), (4, 5), (2,), (3, 1), (2,), (2,), (0, 7), (1, 4), (6,))",62.5952,803.21639,865.81159,3364.98131242741,4408.443785595989,210.6316782476562,3540.9343029843444,3751.565981232001
res50,LLLBBGBLBGGBGLLGGB,"((5,), (3,), (5,), (4,), (7,), (1, 6), (5,), (3,), (3,), (4, 1), (4, 5), (0,), (2, 4), (5,), (4,), (2, 3), (2, 2), (4,))",37.4091,655.1752499999999,692.5843499999999,3662.713844481604,4909.755420694619,137.0188284795968,3216.750235192452,3353.769063672049
res50,LLLBBGBLBGGBGLLGGB,"((5,), (3,), (3,), (1,), (6,), (4, 3), (4,), (0,), (3,), (4, 3), (3, 5), (1,), (3, 2), (0,), (4,), (0, 6), (4, 0), (2,))",37.4917,740.5634799999999,778.05518,3602.7465440356737,4675.995515478969,135.07309260502228,3462.8715114074985,3597.944604012521
res50,LLLBBGBLBGGBGLLGGB,"((4,), (3,), (0,), (1,), (0,), (2, 6), (0,), (5,), (2,), (1, 0), (1, 6), (2,), (1, 6), (3,), (2,), (3, 0), (0, 0), (7,))",43.5519,930.16265,973.71455,3542.593335227991,4209.303957959442,154.28667067651594,3915.337324191044,4069.6239948675593
res50,LLLBBGBLBGGBGLLGGB,"((3,), (1,), (3,), (6,), (7,), (1, 5), (3,), (5,), (6,), (2, 1), (4, 0), (0,), (2, 5), (0,), (5,), (2, 0), (3, 0), (1,))",50.4675,724.5481600000002,775.0156600000001,3396.993092691621,4748.461575510053,171.43774890541437,3440.489097366511,3611.9268462719256
res50,LLLBBGBLBGGBGLLGGB,"((0,), (4,), (4,), (4,), (1,), (2, 5), (4,), (1,), (5,), (2, 7), (0, 3), (1,), (2, 2), (5,), (2,), (0, 4), (0, 1), (6,))",122.028,908.0442499999996,1030.0722499999997,3234.949854779698,4268.885622184116,394.754460879057,3876.337043131957,4271.091504011014
res50,BGGBGBLLGBLGBGGBLL,"((1,), (0, 4), (0, 6), (6,), (2, 5), (5,), (4,), (1,), (0, 7), (0,), (2,), (1, 6), (2,), (3, 2), (0, 4), (2,), (2,), (3,))",41.9558,1064.2389,1106.1947,3517.7183858019766,4156.234100768339,147.58868905103057,4423.226007544187,4570.814696595218
res50,BGGBGBLLGBLGBGGBLL,"((5,), (2, 3), (1, 4), (5,), (0, 4), (6,), (5,), (4,), (1, 3), (0,), (2,), (1, 1), (7,), (0, 2), (4, 1), (1,), (0,), (3,))",19.3134,949.3784,968.6918,4245.168076923075,4362.115030884557,81.98862913684613,4141.297788637132,4223.2864177739775
res50,BGGBGBLLGBLGBGGBLL,"((6,), (4, 3), (4, 6), (7,), (2, 3), (5,), (1,), (4,), (1, 3), (5,), (1,), (4, 3), (5,), (2, 0), (3, 2), (1,), (0,), (4,))",17.1912,748.0878000000001,765.2790000000001,4519.086375291375,4707.112631454381,77.68851769490907,3521.333532816919,3599.022050511828
res50,BGGBGBLLGBLGBGGBLL,"((4,), (3, 1), (3, 6), (1,), (2, 0), (1,), (2,), (3,), (2, 1), (6,), (1,), (0, 3), (2,), (2, 5), (0, 0), (7,), (3,), (4,))",22.5263,900.6081,923.1344,4061.193160597573,4339.423929706393,91.48365549356907,3908.120340427408,3999.6039959209775
res50,BGGBGBLLGBLGBGGBLL,"((5,), (1, 5), (1, 7), (1,), (0, 4), (0,), (5,), (0,), (2, 7), (2,), (3,), (0, 7), (6,), (4, 4), (0, 5), (0,), (1,), (0,))",19.6903,1087.1728999999998,1106.8631999999998,4179.408956043956,4195.679166265106,82.29381616719232,4561.428686658016,4643.722502825209
res50,BGGBGBLLGBLGBGGBLL,"((0,), (2, 3), (3, 2), (3,), (0, 7), (2,), (0,), (4,), (3, 6), (0,), (3,), (3, 5), (2,), (1, 3), (2, 6), (6,), (0,), (1,))",61.3633,920.4484,981.8117,3389.8734434467974,4331.436401917294,208.01382107225888,3986.86370584653,4194.877526918789
res50,BGGBGBLLGBLGBGGBLL,"((3,), (0, 1), (4, 1), (5,), (3, 0), (0,), (1,), (3,), (1, 0), (0,), (0,), (2, 0), (2,), (1, 3), (4, 0), (3,), (1,), (2,))",26.0691,943.6534,969.7225,3803.210612745099,4278.126448921085,99.14627778471323,4037.068569154309,4136.214846939022
res50,BGGBGBLLGBLGBGGBLL,"((0,), (1, 6), (3, 5), (5,), (2, 3), (6,), (5,), (3,), (4, 6), (0,), (3,), (0, 1), (0,), (1, 1), (3, 5), (1,), (4,), (4,))",61.4019,890.1472,951.5491,3428.398240194764,4417.588616421695,210.5101659046149,3932.304137659646,4142.814303564261
res50,BGGBGBLLGBLGBGGBLL,"((6,), (0, 5), (3, 6), (0,), (2, 7), (1,), (3,), (5,), (4, 5), (1,), (3,), (1, 0), (6,), (3, 1), (3, 4), (2,), (3,), (1,))",17.2802,825.8788999999997,843.1590999999997,4532.681020646023,4569.830328566893,78.3256345729674,3774.126444943464,3852.45207951643
res50,BGGBGBLLGBLGBGGBLL,"((4,), (3, 7), (3, 3), (3,), (1, 3), (3,), (5,), (4,), (3, 1), (0,), (3,), (2, 6), (1,), (3, 5), (2, 0), (5,), (4,), (1,))",22.309,763.7493,786.0582999999999,3998.1220599008857,4576.153043809292,89.19410503432887,3495.033683902216,3584.227788936545
res50,BLGLGLGLBGLBLBBLLB,"((7,), (5,), (4, 1), (1,), (4, 1), (0,), (3, 1), (1,), (2,), (0, 7), (5,), (2,), (3,), (3,), (4,), (0,), (1,), (2,))",14.4603,736.8173300000001,751.27763,4971.348419913421,4469.363720300247,71.88718955647404,3293.104643190495,3364.991832746969
res50,BLGLGLGLBGLBLBBLLB,"((4,), (4,), (4, 4), (5,), (2, 0), (0,), (3, 3), (5,), (3,), (1, 6), (1,), (7,), (0,), (7,), (3,), (5,), (0,), (7,))",19.4858,701.3810899999997,720.8668899999998,4326.838653291154,4600.208478678967,84.31191263030077,3226.4992370030945,3310.8111496333954
res50,BLGLGLGLBGLBLBBLLB,"((2,), (2,), (2, 3), (5,), (4, 7), (2,), (1, 4), (1,), (5,), (4, 1), (5,), (2,), (3,), (7,), (6,), (3,), (3,), (4,))",27.8472,614.8948800000001,642.7420800000001,3750.658399647309,4863.351335179729,104.44533458665856,2990.4498356431795,3094.895170229838
res50,BLGLGLGLBGLBLBBLLB,"((6,), (2,), (4, 5), (2,), (3, 2), (4,), (1, 7), (3,), (3,), (1, 0), (1,), (2,), (1,), (5,), (1,), (1,), (2,), (7,))",15.2525,724.62984,739.88234,4967.802323232323,4402.718258556185,75.771404935101,3190.3410272626465,3266.112432197748
res50,BLGLGLGLBGLBLBBLLB,"((1,), (5,), (0, 1), (3,), (0, 0), (2,), (1, 5), (0,), (3,), (3, 0), (3,), (5,), (3,), (5,), (4,), (3,), (3,), (4,))",37.5429,772.97926,810.52216,3589.848214387279,4324.020095894975,134.77331252792018,3342.3778539500267,3477.151166477947
res50,BLGLGLGLBGLBLBBLLB,"((4,), (4,), (1, 5), (5,), (2, 2), (4,), (2, 1), (4,), (7,), (3, 6), (4,), (3,), (3,), (6,), (0,), (5,), (5,), (3,))",20.5021,677.98121,698.4833100000001,4053.339693778444,4674.3485877195535,83.10197573581503,3169.120511463894,3252.222487199709
res50,BLGLGLGLBGLBLBBLLB,"((5,), (0,), (1, 7), (0,), (3, 7), (5,), (1, 0), (0,), (6,), (0, 2), (4,), (6,), (5,), (4,), (7,), (4,), (0,), (7,))",16.3486,767.59883,783.94743,4632.458576701078,4544.77309029854,75.73421228705524,3488.562506728644,3564.2967190157
res50,BLGLGLGLBGLBLBBLLB,"((2,), (1,), (0, 6), (1,), (2, 2), (3,), (3, 6), (2,), (1,), (1, 2), (0,), (2,), (0,), (1,), (4,), (2,), (2,), (3,))",29.3063,857.8944100000001,887.2007100000001,3698.651649719389,4126.069143246505,108.39379484217132,3539.731653264666,3648.125448106837
res50,BLGLGLGLBGLBLBBLLB,"((1,), (0,), (0, 0), (3,), (3, 4), (3,), (2, 3), (4,), (0,), (3, 7), (0,), (4,), (2,), (5,), (4,), (4,), (3,), (4,))",36.9314,791.7221999999999,828.6536,3574.3985744980127,4286.468850837294,132.00754351421588,3393.6925488163733,3525.700092330589
res50,BLGLGLGLBGLBLBBLLB,"((7,), (5,), (3, 0), (1,), (4, 7), (1,), (1, 6), (4,), (0,), (4, 7), (3,), (2,), (0,), (2,), (2,), (1,), (3,), (4,))",14.4194,748.55414,762.97354,4992.158367465868,4444.034348902063,71.98392836383734,3326.600310172844,3398.5842385366814
res50,GBLLLBBBBBGLLBLLLG,"((1, 3), (4,), (3,), (1,), (1,), (1,), (0,), (4,), (1,), (0,), (2, 3), (1,), (3,), (3,), (4,), (0,), (3,), (0, 7))",21.6864,799.29505,820.98145,3921.6593794440846,4172.135540440872,85.0466739663762,3334.767285403464,3419.81395936984
res50,GBLLLBBBBBGLLBLLLG,"((1, 6), (4,), (1,), (4,), (2,), (6,), (5,), (7,), (7,), (6,), (3, 4), (1,), (2,), (1,), (5,), (5,), (2,), (0, 6))",13.859,594.0786999999999,607.9377,4669.454444444445,4929.088091230844,64.71396914555555,2928.2662454239007,2992.980214569456
res50,GBLLLBBBBBGLLBLLLG,"((0, 0), (5,), (1,), (0,), (1,), (4,), (5,), (6,), (4,), (4,), (0, 3), (0,), (1,), (1,), (1,), (2,), (5,), (1, 6))",52.4771,795.8785200000002,848.3556200000002,3465.464828178862,4257.60314963981,181.8575443348249,3388.534893482672,3570.392437817497
res50,GBLLLBBBBBGLLBLLLG,"((3, 7), (2,), (3,), (0,), (0,), (7,), (0,), (0,), (2,), (3,), (3, 0), (4,), (2,), (7,), (5,), (3,), (0,), (1, 6))",12.7558,738.3233299999999,751.07913,5138.720357142856,4443.998983156935,65.54848913164285,3281.108127761042,3346.6566168926847
res50,GBLLLBBBBBGLLBLLLG,"((2, 4), (1,), (1,), (2,), (4,), (1,), (0,), (0,), (5,), (0,), (3, 5), (2,), (3,), (5,), (1,), (0,), (1,), (1, 1))",19.6699,822.7943999999999,842.4642999999999,3999.53815018315,4184.111587142194,78.67051546028753,3442.663582875709,3521.3340983359963
res50,GBLLLBBBBBGLLBLLLG,"((1, 6), (0,), (5,), (3,), (3,), (4,), (1,), (4,), (1,), (6,), (2, 5), (5,), (0,), (3,), (3,), (1,), (2,), (2, 0))",15.7978,724.8222,740.62,4420.42265956266,4388.001601864675,69.83295309123899,3180.5209746670776,3250.3539277583163
res50,GBLLLBBBBBGLLBLLLG,"((2, 2), (5,), (3,), (3,), (0,), (2,), (3,), (2,), (0,), (4,), (1, 4), (2,), (4,), (1,), (5,), (3,), (3,), (4, 0))",28.5551,724.19536,752.7504600000001,3709.20356195748,4344.177374466488,105.91667863205204,3146.033097605613,3251.949776237665
res50,GBLLLBBBBBGLLBLLLG,"((2, 4), (1,), (1,), (0,), (3,), (1,), (6,), (5,), (6,), (6,), (0, 6), (1,), (0,), (1,), (1,), (2,), (3,), (1, 4))",18.5434,787.03673,805.58013,4068.491355866356,4309.225386371635,75.44366260837218,3391.518656922918,3466.96231953129
res50,GBLLLBBBBBGLLBLLLG,"((1, 1), (2,), (3,), (4,), (2,), (4,), (2,), (1,), (1,), (5,), (0, 1), (0,), (4,), (7,), (3,), (3,), (4,), (0, 0))",36.5573,730.2574000000002,766.8147000000001,3529.356407732364,4381.643598536733,129.02374100439434,3199.7276619940794,3328.7514029984736
res50,GBLLLBBBBBGLLBLLLG,"((2, 5), (1,), (4,), (2,), (0,), (7,), (4,), (6,), (7,), (7,), (0, 7), (2,), (5,), (5,), (5,), (3,), (5,), (2, 4))",16.0726,639.9469300000001,656.01953,4352.448066378067,4885.347138743497,69.95515679166812,3126.3629034231853,3196.3180602148536
res50,LGLBLLLGBLGGGLBBLB,"((1,), (0, 7), (1,), (0,), (3,), (4,), (0,), (0, 3), (2,), (5,), (0, 5), (2, 3), (4, 6), (1,), (7,), (5,), (3,), (4,))",83.308,855.30221,938.61021,3297.156886450551,4331.227763017246,274.6795458964225,3704.5086777220063,3979.1882236184288
res50,LGLBLLLGBLGGGLBBLB,"((0,), (2, 0), (2,), (6,), (1,), (2,), (0,), (0, 5), (2,), (3,), (3, 1), (3, 0), (2, 1), (1,), (7,), (2,), (2,), (5,))",121.84,775.7226700000001,897.5626700000001,3237.016859680599,4363.319459433843,394.39813418348416,3384.725821134978,3779.1239553184623
res50,LGLBLLLGBLGGGLBBLB,"((2,), (2, 4), (4,), (7,), (2,), (0,), (5,), (4, 6), (2,), (5,), (0, 7), (1, 6), (4, 5), (2,), (6,), (5,), (5,), (7,))",62.2792,693.4958300000001,755.77503,3404.499233449478,4705.653323066413,212.02948865984675,3263.3509569722005,3475.380445632047
res50,LGLBLLLGBLGGGLBBLB,"((0,), (3, 7), (2,), (0,), (1,), (4,), (0,), (1, 1), (0,), (5,), (2, 6), (1, 5), (0, 2), (2,), (2,), (4,), (4,), (5,))",121.776,917.6380900000004,1039.4140900000002,3229.626679363964,4124.992906278041,393.29101850622607,3785.250611780533,4178.541630286759
res50,LGLBLLLGBLGGGLBBLB,"((5,), (3, 3), (3,), (6,), (5,), (3,), (1,), (2, 3), (3,), (0,), (4, 4), (1, 6), (3, 2), (5,), (7,), (4,), (4,), (0,))",36.4414,629.0955899999999,665.53699,3621.065528985508,4830.947196036019,131.95669736797248,3039.127576549125,3171.084273917097
res50,LGLBLLLGBLGGGLBBLB,"((4,), (2, 5), (0,), (4,), (3,), (5,), (1,), (1, 0), (7,), (1,), (0, 6), (1, 5), (1, 5), (5,), (6,), (3,), (1,), (2,))",43.2994,783.70969,827.00909,3483.884043970079,4457.374657052483,150.85008877347803,3493.287710692458,3644.137799465936
res50,LGLBLLLGBLGGGLBBLB,"((2,), (0, 3), (4,), (4,), (2,), (5,), (3,), (2, 2), (3,), (2,), (3, 2), (2, 2), (2, 0), (2,), (2,), (6,), (4,), (7,))",62.3159,711.1178600000001,773.43376,3390.725701590902,4433.489740265533,211.2961237477685,3152.733736429582,3364.0298601773507
res50,LGLBLLLGBLGGGLBBLB,"((0,), (2, 6), (1,), (7,), (3,), (5,), (2,), (1, 1), (1,), (5,), (3, 0), (2, 2), (3, 1), (2,), (2,), (7,), (2,), (4,))",121.905,722.2099299999999,844.1149299999998,3234.285751875292,4490.734596537727,394.2756045823575,3243.253118614089,3637.528723196447
res50,LGLBLLLGBLGGGLBBLB,"((3,), (3, 5), (4,), (6,), (5,), (2,), (3,), (2, 0), (7,), (0,), (0, 5), (2, 4), (0, 1), (3,), (2,), (3,), (4,), (2,))",50.9986,760.12473,811.12333,3402.4142156862745,4473.40111514159,173.51836162009806,3400.3428148287,3573.861176448798
res50,LGLBLLLGBLGGGLBBLB,"((4,), (0, 1), (5,), (3,), (0,), (4,), (5,), (1, 2), (6,), (3,), (3, 0), (2, 5), (2, 1), (5,), (1,), (4,), (1,), (1,))",42.8181,762.4404400000001,805.25854,3452.059204524723,4407.741892998741,147.81061622526005,3360.640668304393,3508.451284529653
res50,LBGGGBGLBGBBBLBLGG,"((3,), (7,), (4, 2), (4, 6), (1, 4), (7,), (2, 6), (4,), (6,), (0, 3), (3,), (6,), (7,), (2,), (2,), (0,), (4, 3), (3, 4))",51.4079,722.5074000000001,773.9153000000001,3420.285022195608,4794.625360293297,175.82967039252958,3464.1523030395733,3639.981973432103
res50,LBGGGBGLBGBBBLBLGG,"((5,), (4,), (2, 7), (3, 0), (2, 1), (1,), (0, 7), (4,), (6,), (3, 1), (3,), (6,), (4,), (2,), (6,), (3,), (3, 6), (1, 0))",36.5821,694.788,731.3701,3601.341804347825,4741.158744059832,131.74464602083256,3294.100201467843,3425.8448474886754
res50,LBGGGBGLBGBBBLBLGG,"((4,), (2,), (3, 6), (4, 5), (1, 2), (5,), (0, 6), (5,), (1,), (0, 1), (4,), (2,), (1,), (1,), (5,), (4,), (0, 0), (4, 1))",43.5414,869.2425999999999,912.784,3485.937482211275,4302.351550075509,151.78259828795402,3739.7872475016657,3891.56984578962
res50,LBGGGBGLBGBBBLBLGG,"((2,), (3,), (3, 1), (3, 2), (0, 6), (2,), (4, 2), (4,), (3,), (2, 5), (5,), (6,), (5,), (2,), (3,), (3,), (3, 1), (3, 6))",62.6726,707.7646999999998,770.4372999999998,3373.368670150987,4600.320295371122,211.4177853169048,3255.9443137572525,3467.3620990741574
res50,LBGGGBGLBGBBBLBLGG,"((1,), (0,), (1, 7), (1, 7), (4, 6), (5,), (1, 6), (3,), (0,), (4, 4), (1,), (5,), (6,), (5,), (2,), (5,), (1, 2), (3, 4))",83.64,853.0257,936.6657,3293.3283698621435,4418.860131625467,275.45398485526965,3769.4012569819065,4044.855241837176
res50,LBGGGBGLBGBBBLBLGG,"((0,), (6,), (2, 2), (2, 1), (4, 3), (4,), (0, 4), (4,), (1,), (1, 7), (7,), (3,), (2,), (2,), (5,), (0,), (0, 6), (2, 7))",121.981,857.2004000000002,979.1814000000002,3244.881588529459,4389.815260014576,395.8139010504119,3762.9513968106,4158.765297861011
res50,LBGGGBGLBGBBBLBLGG,"((2,), (3,), (4, 6), (1, 0), (0, 0), (5,), (2, 2), (0,), (3,), (2, 6), (7,), (3,), (2,), (2,), (1,), (0,), (3, 7), (4, 6))",62.7512,852.4787,915.2299,3387.954506793074,4317.442183080832,212.5982108466735,3680.5274995579102,3893.125710404584
res50,LBGGGBGLBGBBBLBLGG,"((2,), (7,), (4, 4), (4, 7), (4, 5), (1,), (2, 3), (5,), (0,), (4, 2), (3,), (2,), (0,), (4,), (6,), (0,), (2, 7), (2, 1))",61.9039,766.6657999999999,828.5696999999999,3325.216878629501,4609.048555018386,205.84389313299275,3533.5998976720143,3739.443790805007
res50,LBGGGBGLBGBBBLBLGG,"((3,), (6,), (2, 4), (2, 1), (3, 0), (0,), (4, 2), (3,), (5,), (0, 2), (4,), (0,), (3,), (3,), (0,), (1,), (3, 4), (3, 1))",50.9603,865.5044,916.4647,3396.6285873440293,4296.545201553799,173.09321179962794,3718.678776743701,3891.771988543329
res50,LBGGGBGLBGBBBLBLGG,"((3,), (1,), (3, 7), (2, 1), (4, 5), (0,), (4, 6), (5,), (7,), (1, 4), (3,), (7,), (0,), (4,), (5,), (5,), (2, 1), (2, 2))",51.064,731.1275,782.1915,3398.6523507130123,4717.4301668677945,173.54878363680928,3449.042924326633,3622.591707963443
res50,BBBLGGBGBGLGGBLGGL,"((4,), (7,), (7,), (3,), (1, 4), (3, 0), (3,), (3, 5), (7,), (3, 0), (5,), (1, 0), (1, 6), (4,), (4,), (1, 1), (3, 1), (5,))",22.4262,712.5333099999999,734.9595099999999,4038.4531058651546,4855.573405251719,90.56715704275314,3459.7577903919782,3550.324947434732
res50,BBBLGGBGBGLGGBLGGL,"((5,), (4,), (5,), (2,), (1, 3), (4, 2), (3,), (3, 1), (7,), (1, 3), (2,), (3, 4), (1, 1), (3,), (0,), (1, 7), (1, 3), (1,))",19.3701,813.8351400000001,833.2052400000001,4230.172527472529,4547.143223243606,81.93886487439563,3700.624941688513,3782.563806562908
res50,BBBLGGBGBGLGGBLGGL,"((7,), (7,), (6,), (0,), (1, 5), (4, 4), (4,), (4, 7), (6,), (4, 2), (4,), (3, 6), (1, 1), (1,), (5,), (4, 2), (0, 7), (2,))",16.0871,734.02614,750.11324,4858.7382800532805,4960.167203231551,78.16300858504513,3640.892385942651,3719.055394527696
res50,BBBLGGBGBGLGGBLGGL,"((7,), (7,), (7,), (2,), (2, 4), (2, 0), (4,), (3, 4), (2,), (2, 7), (5,), (2, 3), (0, 7), (1,), (1,), (4, 0), (0, 3), (0,))",15.8537,830.9595999999999,846.8132999999999,4822.430823065824,4621.869747105129,76.45337153963865,3840.5870363065774,3917.0404078462175
res50,BBBLGGBGBGLGGBLGGL,"((1,), (4,), (2,), (4,), (2, 0), (3, 1), (0,), (1, 6), (1,), (3, 0), (0,), (4, 7), (2, 5), (2,), (0,), (3, 2), (1, 0), (3,))",41.854,908.54744,950.40144,3553.4748619707248,4313.699693365321,148.7271368729227,3919.200813335848,4067.92795020877
res50,BBBLGGBGBGLGGBLGGL,"((6,), (4,), (5,), (5,), (1, 6), (2, 7), (7,), (1, 1), (7,), (3, 3), (2,), (4, 4), (0, 7), (6,), (2,), (3, 4), (2, 2), (5,))",17.5392,720.2188199999999,737.75802,4562.785225607726,4932.571862283471,80.02760262897903,3552.531086219004,3632.558688847983
res50,BBBLGGBGBGLGGBLGGL,"((4,), (1,), (4,), (0,), (4, 3), (0, 4), (0,), (4, 5), (5,), (1, 1), (4,), (2, 2), (4, 6), (2,), (0,), (4, 4), (2, 3), (3,))",22.7188,857.64661,880.36541,4015.1711752420256,4508.693198586228,91.21987089608854,3866.865437297536,3958.085308193624
res50,BBBLGGBGBGLGGBLGGL,"((7,), (0,), (4,), (4,), (1, 1), (4, 3), (1,), (1, 6), (4,), (1, 2), (3,), (4, 2), (0, 2), (5,), (2,), (3, 2), (3, 6), (4,))",16.6158,815.0334099999998,831.6492099999998,4834.486916416918,4574.540829431339,80.32886770580022,3728.403611395652,3808.732479101452
res50,BBBLGGBGBGLGGBLGGL,"((3,), (1,), (0,), (4,), (4, 7), (0, 7), (2,), (1, 7), (2,), (4, 0), (2,), (2, 2), (1, 3), (1,), (0,), (1, 1), (0, 7), (0,))",26.2864,983.4249299999998,1009.7113299999996,3773.830135878914,4288.578071616759,99.20040848376748,4217.494589879246,4316.694998363013
res50,BBBLGGBGBGLGGBLGGL,"((2,), (4,), (0,), (3,), (3, 1), (1, 1), (7,), (2, 6), (1,), (4, 7), (5,), (2, 2), (4, 7), (3,), (4,), (0, 0), (2, 3), (2,))",31.9176,808.13569,840.05329,3670.0622717861856,4559.569396293448,117.13957956596276,3684.750760176489,3801.890339742452
res50,GLGLBGBLGBLLLLLGLB,"((1, 5), (5,), (1, 1), (5,), (7,), (3, 3), (3,), (5,), (2, 6), (7,), (1,), (3,), (2,), (5,), (2,), (0, 7), (3,), (6,))",13.8059,682.68794,696.49384,4574.276857864357,4709.866628093,63.15200887198953,3215.3691460075565,3278.521154879546
res50,GLGLBGBLGBLLLLLGLB,"((4, 6), (5,), (3, 5), (3,), (0,), (0, 1), (6,), (1,), (1, 6), (7,), (4,), (5,), (0,), (4,), (5,), (2, 1), (3,), (5,))",13.6347,715.66439,729.29909,4908.871984126984,4585.39118904047,66.93099684197618,3281.601188216023,3348.532185057999
res50,GLGLBGBLGBLLLLLGLB,"((2, 6), (3,), (4, 2), (4,), (7,), (3, 2), (3,), (3,), (4, 3), (5,), (1,), (3,), (5,), (5,), (1,), (1, 4), (4,), (6,))",12.4767,605.29436,617.77106,4827.20873015873,4899.342352958727,60.22763516357142,2965.5442939550467,3025.771929118618
res50,GLGLBGBLGBLLLLLGLB,"((2, 7), (5,), (1, 3), (2,), (6,), (3, 5), (4,), (5,), (2, 5), (4,), (2,), (5,), (4,), (4,), (1,), (1, 5), (3,), (1,))",13.6576,645.6783100000001,659.3359100000001,4851.468421300922,4692.537807042442,66.25941511075948,3029.8698808622707,3096.1292959730304
res50,GLGLBGBLGBLLLLLGLB,"((0, 6), (4,), (3, 7), (1,), (0,), (4, 6), (2,), (2,), (3, 6), (5,), (1,), (4,), (4,), (5,), (0,), (0, 7), (2,), (3,))",13.8715,810.7268200000001,824.5983200000001,4558.68905844156,4387.827260251109,63.235855274172096,3557.329241412694,3620.565096686866
res50,GLGLBGBLGBLLLLLGLB,"((4, 1), (2,), (1, 0), (3,), (1,), (2, 1), (6,), (3,), (1, 2), (4,), (0,), (4,), (0,), (5,), (0,), (4, 5), (2,), (0,))",36.1684,774.9113699999999,811.0797699999999,3766.328462052441,4370.961223201007,136.2220743468975,3387.107549687568,3523.3296240344653
res50,GLGLBGBLGBLLLLLGLB,"((2, 7), (5,), (2, 6), (4,), (0,), (3, 3), (7,), (2,), (0, 3), (7,), (1,), (4,), (4,), (1,), (2,), (2, 3), (3,), (6,))",11.5597,753.3716099999999,764.9313099999999,5138.453401875901,4456.446438615382,59.39897978966485,3357.360228338436,3416.759208128101
res50,GLGLBGBLGBLLLLLGLB,"((0, 5), (1,), (4, 5), (5,), (7,), (0, 7), (6,), (5,), (0, 4), (0,), (3,), (3,), (0,), (0,), (2,), (0, 0), (5,), (6,))",14.1399,867.58943,881.72933,4579.032959817961,4339.973278094369,64.74706814852999,3765.314942557125,3830.062010705655
res50,GLGLBGBLGBLLLLLGLB,"((0, 7), (4,), (2, 7), (0,), (4,), (4, 3), (0,), (4,), (1, 6), (1,), (2,), (4,), (0,), (0,), (1,), (0, 7), (4,), (2,))",12.9022,876.6721699999999,889.5743699999999,4874.740865800866,4240.203442922003,62.89488159873594,3717.268353547903,3780.163235146639
res50,GLGLBGBLGBLLLLLGLB,"((3, 0), (2,), (0, 5), (1,), (7,), (3, 6), (3,), (3,), (4, 2), (3,), (5,), (0,), (5,), (4,), (4,), (2, 1), (1,), (6,))",39.7667,668.3779800000001,708.1446800000001,3740.395724515861,4682.793921962596,148.74319465810487,3129.876342317638,3278.619536975743
res50,LBGLGBLGLLBGBGLLLG,"((1,), (2,), (2, 2), (2,), (4, 0), (2,), (4,), (0, 4), (2,), (0,), (4,), (4, 1), (0,), (0, 7), (5,), (4,), (5,), (0, 7))",83.2869,806.0605899999998,889.3474899999999,3282.348833574721,4360.361990957755,273.37665906705445,3514.715959044982,3788.092618112036
res50,LBGLGBLGLLBGBGLLLG,"((2,), (1,), (3, 5), (0,), (2, 5), (7,), (2,), (1, 4), (2,), (3,), (2,), (1, 5), (1,), (4, 3), (4,), (5,), (4,), (3, 3))",62.5655,731.05434,793.6198400000001,3346.0862543554026,4437.108491218357,209.3495595468729,3243.767419556032,3453.116979102905
res50,LBGLGBLGLLBGBGLLLG,"((5,), (4,), (4, 6), (0,), (0, 3), (6,), (2,), (3, 0), (2,), (4,), (0,), (1, 5), (3,), (3, 3), (0,), (2,), (4,), (4, 3))",37.7063,810.63842,848.3447199999999,3664.071967670012,4296.887118540712,138.15859683455577,3483.221784692196,3621.380381526752
res50,LBGLGBLGLLBGBGLLLG,"((1,), (6,), (3, 4), (3,), (1, 3), (1,), (1,), (1, 5), (1,), (5,), (0,), (1, 2), (7,), (0, 2), (5,), (3,), (4,), (3, 0))",83.4323,813.1606200000001,896.59292,3270.6064429959674,4334.883541183956,272.87421793397243,3524.956587976942,3797.8308059109145
res50,LBGLGBLGLLBGBGLLLG,"((4,), (4,), (2, 6), (5,), (1, 5), (7,), (4,), (3, 1), (1,), (4,), (4,), (4, 7), (0,), (0, 0), (1,), (4,), (3,), (0, 3))",43.3361,742.2350000000002,785.5711000000002,3469.733967341726,4475.504536109525,150.36473818211778,3321.8761093592548,3472.2408475413727
res50,LBGLGBLGLLBGBGLLLG,"((2,), (6,), (0, 0), (4,), (0, 1), (2,), (4,), (0, 4), (0,), (4,), (4,), (3, 6), (1,), (4, 1), (2,), (5,), (3,), (3, 0))",62.2743,823.24693,885.5212300000001,3326.5178542392573,4287.168751171787,207.1565708102518,3529.398512794108,3736.55508360436
res50,LBGLGBLGLLBGBGLLLG,"((3,), (3,), (1, 0), (2,), (3, 3), (4,), (5,), (1, 0), (3,), (4,), (4,), (0, 3), (2,), (3, 0), (4,), (5,), (1,), (1, 3))",51.1761,713.34444,764.52054,3395.3188308505214,4433.288360796982,173.75917601948936,3162.46160309124,3336.2207791107294
res50,LBGLGBLGLLBGBGLLLG,"((0,), (4,), (1, 2), (1,), (2, 2), (4,), (1,), (1, 4), (0,), (4,), (2,), (4, 6), (7,), (2, 2), (4,), (0,), (1,), (0, 2))",121.821,800.0029,921.8239,3222.458826574464,4305.538281915698,392.5631567121278,3444.4431115935754,3837.006268305703
res50,LBGLGBLGLLBGBGLLLG,"((3,), (6,), (4, 3), (5,), (0, 2), (3,), (0,), (0, 5), (2,), (5,), (4,), (3, 3), (3,), (1, 5), (0,), (0,), (5,), (2, 4))",51.2127,822.64442,873.85712,3406.315234752993,4310.479973436047,174.44660022283458,3545.992297668912,3720.4388978917455
res50,LBGLGBLGLLBGBGLLLG,"((2,), (2,), (2, 1), (5,), (4, 4), (2,), (1,), (1, 6), (1,), (1,), (2,), (1, 1), (1,), (3, 3), (1,), (4,), (5,), (2, 1))",61.9568,763.79866,825.7554600000001,3319.326614848565,4335.125096900964,205.6548552108496,3311.162739945327,3516.8175951561766
res50,BGLBLGLBGBLBGBBLLG,"((5,), (3, 3), (5,), (4,), (4,), (4, 1), (2,), (0,), (1, 2), (7,), (1,), (5,), (1, 1), (6,), (5,), (4,), (0,), (3, 0))",20.4433,719.93523,740.3785300000001,4150.235809900883,4609.551876278915,84.84451573254672,3318.5787902457923,3403.423305978339
res50,BGLBLGLBGBLBGBBLLG,"((7,), (1, 5), (4,), (4,), (5,), (1, 6), (5,), (1,), (4, 6), (1,), (3,), (6,), (2, 5), (5,), (4,), (2,), (5,), (0, 1))",15.9678,677.9888000000001,693.9566000000001,4814.545442335442,4785.585761073294,76.87769871412388,3244.57354744717,3321.451246161294
res50,BGLBLGLBGBLBGBBLLG,"((0,), (0, 2), (5,), (2,), (4,), (4, 2), (5,), (7,), (4, 0), (5,), (4,), (3,), (4, 4), (4,), (7,), (3,), (3,), (2, 5))",60.2382,666.6673,726.9055,3456.344590583167,4872.234319440252,208.2039767164669,3248.15929870857,3456.363275425037
res50,BGLBLGLBGBLBGBBLLG,"((6,), (4, 4), (0,), (6,), (3,), (1, 2), (2,), (3,), (2, 5), (2,), (0,), (0,), (3, 7), (2,), (1,), (2,), (1,), (1, 2))",16.8195,817.43057,834.2500699999999,4543.734569319571,4335.9378793701335,76.42334358867052,3544.328172218119,3620.7515158067895
res50,BGLBLGLBGBLBGBBLLG,"((0,), (0, 2), (4,), (5,), (5,), (1, 0), (5,), (0,), (0, 3), (6,), (1,), (7,), (1, 7), (6,), (5,), (3,), (1,), (2, 3))",60.7612,852.5901299999998,913.3513299999998,3424.993440345684,4403.518829743824,208.1067114275322,3754.396691508734,3962.503402936266
res50,BGLBLGLBGBLBGBBLLG,"((3,), (2, 7), (4,), (1,), (0,), (4, 4), (3,), (7,), (3, 7), (0,), (1,), (2,), (2, 2), (0,), (3,), (0,), (2,), (3, 6))",23.1267,837.75486,860.88156,4087.277243320404,4320.824926047073,94.525234623098,3619.792081005076,3714.317315628174
res50,BGLBLGLBGBLBGBBLLG,"((4,), (2, 5), (1,), (1,), (4,), (0, 7), (1,), (0,), (0, 0), (2,), (1,), (6,), (1, 6), (7,), (3,), (1,), (4,), (1, 4))",20.9271,888.5503199999999,909.47742,4058.67895770896,4254.58876271294,84.93638041587117,3780.416206576986,3865.352586992857
res50,BGLBLGLBGBLBGBBLLG,"((5,), (3, 3), (3,), (3,), (1,), (0, 7), (1,), (7,), (0, 4), (7,), (4,), (6,), (0, 4), (5,), (2,), (2,), (3,), (2, 1))",19.1141,792.5842500000001,811.6983500000001,4230.454437033555,4471.62322998702,80.86132915490309,3544.13814402184,3624.9994731767433
res50,BGLBLGLBGBLBGBBLLG,"((1,), (2, 4), (4,), (2,), (3,), (3, 7), (3,), (4,), (4, 4), (5,), (0,), (7,), (3, 5), (6,), (5,), (1,), (5,), (4, 3))",39.7891,654.0586000000001,693.8477,3631.431363818274,4824.625544017742,144.4913856781017,3155.587828844483,3300.0792145225846
res50,BGLBLGLBGBLBGBBLLG,"((7,), (2, 2), (3,), (3,), (1,), (0, 5), (3,), (2,), (4, 6), (6,), (1,), (1,), (2, 3), (3,), (7,), (2,), (2,), (0, 3))",14.9173,735.4350000000001,750.3523,4968.659595959595,4604.550308718636,74.11898579080805,3386.3474562924903,3460.4664420832983
res50,LLGGGLBGBBLBLGLBGB,"((1,), (2,), (4, 6), (3, 7), (2, 2), (2,), (2,), (2, 3), (4,), (5,), (0,), (2,), (0,), (3, 0), (3,), (4,), (2, 1), (0,))",82.9552,752.2391600000001,835.1943600000001,3272.6490239684017,4409.112922492192,271.48325431310354,3316.7074011606724,3588.190655473776
res50,LLGGGLBGBBLBLGLBGB,"((0,), (5,), (3, 5), (4, 2), (1, 0), (3,), (4,), (4, 6), (5,), (7,), (1,), (3,), (2,), (0, 4), (0,), (3,), (1, 2), (0,))",121.989,806.5000899999999,928.48909,3226.7857934718654,4411.878956517262,393.6323721598394,3558.1807755002774,3951.813147660117
res50,LLGGGLBGBBLBLGLBGB,"((1,), (0,), (2, 3), (0, 2), (2, 0), (5,), (2,), (3, 6), (6,), (3,), (5,), (2,), (4,), (3, 0), (5,), (0,), (0, 2), (3,))",83.5265,853.5321899999999,937.05869,3284.878515012921,4302.918081125139,274.3744052842268,3672.679093173337,3947.053498457564
res50,LLGGGLBGBBLBLGLBGB,"((4,), (2,), (1, 0), (1, 6), (1, 0), (4,), (2,), (3, 3), (5,), (0,), (2,), (2,), (5,), (2, 1), (3,), (0,), (0, 4), (1,))",42.7819,891.1009500000002,933.8828500000002,3473.4882138295925,4191.503554956658,148.60242541523624,3735.052799750256,3883.655225165493
res50,LLGGGLBGBBLBLGLBGB,"((4,), (3,), (0, 6), (0, 3), (1, 1), (4,), (6,), (2, 6), (2,), (5,), (5,), (5,), (5,), (0, 4), (5,), (4,), (1, 2), (7,))",43.4875,825.3139,868.8014,3521.0308064221854,4396.823995406819,153.12082719428477,3628.759959262784,3781.880786457069
res50,LLGGGLBGBBLBLGLBGB,"((1,), (3,), (1, 3), (3, 5), (0, 4), (4,), (5,), (1, 6), (3,), (2,), (1,), (6,), (2,), (1, 2), (0,), (5,), (2, 1), (7,))",83.4677,843.80035,927.26805,3296.618661185077,4275.566180536791,275.16117742619764,3607.724239585107,3882.885417011305
res50,LLGGGLBGBBLBLGLBGB,"((4,), (0,), (1, 5), (2, 4), (3, 0), (0,), (3,), (4, 6), (1,), (5,), (5,), (7,), (3,), (2, 2), (1,), (1,), (4, 7), (2,))",43.9613,777.09141,821.05271,3591.647033476347,4467.13953351225,157.89347273276374,3471.375758763776,3629.26923149654
res50,LLGGGLBGBBLBLGLBGB,"((4,), (5,), (2, 0), (3, 3), (1, 2), (2,), (2,), (3, 5), (5,), (6,), (1,), (7,), (2,), (3, 2), (2,), (6,), (4, 3), (7,))",43.7913,660.1084199999999,703.8997199999999,3528.4598048503226,4761.365764705863,154.51584185214193,3143.0176319820785,3297.5334738342203
res50,LLGGGLBGBBLBLGLBGB,"((5,), (3,), (0, 4), (0, 3), (0, 1), (1,), (5,), (1, 5), (0,), (4,), (1,), (7,), (0,), (3, 1), (4,), (2,), (1, 5), (0,))",36.4686,955.6426800000002,992.1112800000002,3605.146971014493,4174.516000979776,131.47466282713913,3989.345658879197,4120.8203217063365
res50,LLGGGLBGBBLBLGLBGB,"((5,), (4,), (1, 4), (4, 7), (1, 1), (4,), (4,), (1, 2), (5,), (0,), (4,), (1,), (2,), (4, 0), (5,), (4,), (0, 3), (7,))",37.4468,774.5662399999998,812.0130399999998,3675.178189976689,4458.138520050021,137.62366264441908,3453.1235908743083,3590.747253518728
res50,GBBGBGLGBLLLGGGBLL,"((2, 7), (7,), (7,), (2, 3), (3,), (3, 1), (5,), (1, 5), (1,), (2,), (2,), (2,), (3, 0), (3, 1), (2, 1), (0,), (0,), (0,))",14.6521,797.4828,812.1349,4654.949044289043,4475.04518252886,68.20477889182749,3568.771562289626,3636.976341181454
res50,GBBGBGLGBLLLGGGBLL,"((1, 1), (0,), (1,), (3, 4), (5,), (1, 6), (2,), (3, 1), (6,), (3,), (2,), (1,), (3, 4), (2, 5), (4, 7), (4,), (1,), (3,))",36.3679,751.8529000000002,788.2208000000002,3569.8020767949342,4629.890321750558,129.8262049486705,3480.996465090091,3610.822670038761
res50,GBBGBGLGBLLLGGGBLL,"((2, 7), (4,), (0,), (3, 3), (4,), (0, 3), (1,), (0, 5), (4,), (1,), (0,), (3,), (3, 3), (0, 4), (0, 6), (3,), (2,), (4,))",14.3592,957.2041,971.5633,4890.594407536907,4219.012936829561,70.22502321670395,4038.456481086297,4108.681504303001
res50,GBBGBGLGBLLLGGGBLL,"((4, 5), (5,), (0,), (4, 2), (3,), (0, 1), (4,), (4, 6), (7,), (5,), (1,), (1,), (2, 3), (0, 0), (1, 4), (1,), (4,), (2,))",18.3027,820.2334000000001,838.5361,4438.042037545787,4502.937476572694,81.22815200058928,3693.459716396642,3774.6878683972313
res50,GBBGBGLGBLLLGGGBLL,"((3, 5), (6,), (0,), (1, 5), (4,), (0, 3), (3,), (1, 5), (6,), (1,), (1,), (5,), (2, 6), (0, 0), (3, 2), (0,), (5,), (0,))",18.0585,873.3764,891.4349,4218.332497918751,4398.746593144056,76.17675741366577,3841.76146403242,3917.9382214460857
res50,GBBGBGLGBLLLGGGBLL,"((3, 5), (6,), (3,), (0, 5), (2,), (2, 6), (4,), (4, 0), (4,), (0,), (2,), (5,), (3, 1), (4, 4), (0, 2), (2,), (0,), (3,))",17.8437,854.6818,872.5255,4286.597407592409,4393.079021751789,76.48875816185667,3754.684685853058,3831.173444014915
res50,GBBGBGLGBLLLGGGBLL,"((3, 4), (2,), (7,), (4, 6), (2,), (2, 3), (2,), (3, 7), (0,), (1,), (1,), (1,), (2, 3), (4, 4), (1, 5), (5,), (1,), (5,))",20.6139,783.3412000000001,803.9551,4100.926410695854,4517.011552359292,84.53608693744329,3538.361249838991,3622.897336776434
res50,GBBGBGLGBLLLGGGBLL,"((0, 3), (5,), (1,), (1, 7), (7,), (1, 5), (4,), (3, 5), (3,), (0,), (3,), (1,), (1, 2), (3, 4), (1, 6), (3,), (4,), (4,))",23.1751,823.6333999999999,846.8085,3849.747692577032,4465.353844871108,89.21828775024197,3677.814569454263,3767.032857204505
res50,GBBGBGLGBLLLGGGBLL,"((1, 1), (7,), (0,), (3, 7), (5,), (2, 6), (5,), (4, 0), (1,), (3,), (2,), (3,), (1, 1), (3, 2), (1, 2), (1,), (1,), (1,))",36.4192,807.0007999999999,843.42,3544.9326842650103,4456.392230487403,129.10361241478424,3596.312095117118,3725.415707531902
res50,GBBGBGLGBLLLGGGBLL,"((4, 0), (6,), (1,), (3, 7), (3,), (2, 3), (3,), (0, 6), (2,), (2,), (0,), (2,), (0, 0), (1, 4), (0, 4), (2,), (2,), (2,))",53.0772,919.2489000000002,972.3261,3674.8585687124537,4254.134576734254,195.05120322326465,3910.6085301149287,4105.659733338193
res50,LBGBGBGBGLGGGGBLBG,"((0,), (0,), (1, 1), (6,), (4, 5), (6,), (1, 0), (7,), (1, 5), (0,), (2, 0), (3, 1), (4, 3), (2, 7), (2,), (3,), (4,), (1, 0))",121.838,857.8262200000001,979.66422,3219.896244246352,4472.846520036742,392.305718606487,3836.925022923273,4229.23074152976
res50,LBGBGBGBGLGGGGBLBG,"((1,), (1,), (4, 1), (2,), (0, 7), (7,), (0, 3), (3,), (0, 5), (2,), (2, 3), (4, 6), (1, 2), (0, 5), (2,), (2,), (6,), (0, 2))",83.4285,974.0351,1057.4636,3297.947735894434,4288.490020479492,275.1428326840688,4177.139805946745,4452.282638630813
res50,LBGBGBGBGLGGGGBLBG,"((5,), (0,), (3, 5), (5,), (2, 7), (2,), (1, 1), (0,), (4, 6), (0,), (0, 2), (2, 7), (3, 1), (3, 5), (6,), (4,), (1,), (3, 1))",37.1026,875.1407299999998,912.24333,3607.869217391306,4455.723582552747,133.86132842518268,3899.385188713425,4033.246517138608
res50,LBGBGBGBGLGGGGBLBG,"((1,), (6,), (1, 3), (7,), (1, 4), (7,), (4, 7), (7,), (2, 5), (0,), (4, 0), (1, 0), (2, 3), (4, 6), (2,), (1,), (2,), (3, 5))",83.6486,797.06072,880.7093199999999,3293.967367598289,4644.448751053235,275.53575874528224,3701.907665517592,3977.4434242628745
res50,LBGBGBGBGLGGGGBLBG,"((5,), (2,), (1, 7), (3,), (2, 2), (3,), (2, 4), (2,), (3, 3), (3,), (3, 4), (4, 6), (3, 2), (3, 0), (3,), (1,), (3,), (1, 1))",36.5756,740.00478,776.58038,3604.491007246375,4598.0184074770605,131.83642128464052,3402.555600061012,3534.3920213456527
res50,LBGBGBGBGLGGGGBLBG,"((4,), (6,), (1, 5), (6,), (4, 7), (3,), (4, 3), (4,), (0, 4), (0,), (4, 7), (3, 1), (4, 7), (4, 0), (2,), (3,), (3,), (2, 5))",43.2987,752.9908600000001,796.2895600000002,3499.04855865718,4757.2771484670175,151.50425382672964,3582.1862112825274,3733.690465109257
res50,LBGBGBGBGLGGGGBLBG,"((4,), (3,), (3, 0), (3,), (0, 1), (3,), (3, 1), (7,), (1, 1), (3,), (1, 5), (4, 4), (0, 7), (1, 7), (0,), (4,), (5,), (0, 0))",42.6961,934.3324,977.0285,3460.797272395548,4348.414379650013,147.76254642192757,4062.864443532908,4210.626989954835
res50,LBGBGBGBGLGGGGBLBG,"((2,), (2,), (0, 7), (7,), (1, 0), (2,), (2, 3), (4,), (0, 5), (4,), (1, 2), (4, 5), (3, 0), (2, 6), (4,), (0,), (0,), (4, 1))",62.3916,952.88314,1015.27474,3339.9228057714645,4306.860884708351,208.38312772857088,4103.935123364071,4312.318251092642
res50,LBGBGBGBGLGGGGBLBG,"((1,), (7,), (1, 4), (4,), (0, 5), (5,), (3, 4), (0,), (2, 2), (1,), (2, 2), (3, 0), (2, 6), (0, 6), (4,), (1,), (7,), (4, 0))",83.4264,887.0048200000001,970.4312200000002,3281.635892255892,4427.313860606218,273.77506860169694,3927.0487340105246,4200.823802612222
res50,LBGBGBGBGLGGGGBLBG,"((5,), (3,), (2, 6), (1,), (4, 1), (7,), (0, 2), (4,), (3, 6), (1,), (2, 3), (4, 7), (1, 5), (4, 4), (1,), (5,), (6,), (2, 7))",37.1648,778.4913900000001,815.6561900000002,3659.931858366271,4691.738744255979,136.0206355298108,3652.478216532693,3788.498852062504
res50,LLLGGLLGLBBGLBBGBG,"((4,), (3,), (0,), (4, 6), (0, 6), (3,), (3,), (3, 3), (3,), (2,), (4,), (4, 2), (1,), (6,), (7,), (4, 6), (3,), (2, 3))",43.4091,673.27202,716.68112,3491.613070872398,4767.20346866627,151.56778095480703,3209.6247090999464,3361.1924900547533
res50,LLLGGLLGLBBGLBBGBG,"((3,), (0,), (5,), (3, 0), (2, 4), (2,), (5,), (1, 5), (5,), (7,), (7,), (3, 7), (3,), (4,), (0,), (1, 1), (3,), (1, 7))",51.0425,747.664,798.7065,3437.95671791444,4553.816400029776,175.4819057741478,3404.7245849118617,3580.2064906860096
res50,LLLGGLLGLBBGLBBGBG,"((2,), (0,), (3,), (0, 2), (4, 1), (4,), (4,), (4, 0), (3,), (1,), (6,), (2, 0), (3,), (3,), (7,), (3, 6), (5,), (3, 5))",62.6267,682.00122,744.62792,3369.205333467346,4689.516543658897,211.00221165745944,3198.2560039855507,3409.2582156430103
res50,LLLGGLLGLBBGLBBGBG,"((4,), (5,), (3,), (2, 1), (1, 5), (4,), (1,), (3, 6), (3,), (1,), (4,), (0, 4), (4,), (3,), (0,), (0, 7), (6,), (1, 0))",42.7787,851.20824,893.98694,3471.2240695128608,4300.558578002233,148.49445310246983,3660.670898198184,3809.1653513006536
res50,LLLGGLLGLBBGLBBGBG,"((5,), (4,), (1,), (3, 4), (4, 3), (1,), (4,), (3, 2), (5,), (0,), (5,), (0, 2), (1,), (3,), (1,), (1, 0), (5,), (4, 3))",37.614,774.4063400000001,812.0203400000001,3660.9899393939377,4410.830606233648,137.70447558036355,3415.775186133381,3553.4796617137445
res50,LLLGGLLGLBBGLBBGBG,"((2,), (2,), (2,), (2, 6), (3, 5), (0,), (3,), (4, 2), (3,), (6,), (4,), (3, 6), (0,), (2,), (5,), (1, 1), (1,), (4, 6))",62.736,725.3903100000001,788.1263100000001,3391.7529632359506,4475.146764141916,212.78501390157052,3246.2280985364014,3459.013112437972
res50,LLLGGLLGLBBGLBBGBG,"((0,), (4,), (3,), (1, 4), (0, 0), (2,), (2,), (4, 7), (5,), (2,), (5,), (1, 0), (0,), (0,), (2,), (1, 0), (6,), (3, 2))",122.119,870.1878200000001,992.30682,3240.59288130958,4238.438702883652,395.7379620726446,3688.237735065953,4083.9756971385978
res50,LLLGGLLGLBBGLBBGBG,"((5,), (1,), (2,), (3, 4), (0, 0), (2,), (0,), (1, 7), (3,), (7,), (3,), (1, 3), (2,), (3,), (0,), (1, 2), (3,), (4, 0))",37.3157,868.6454800000001,905.96118,3616.428106060607,4225.0831656112605,134.9495462773258,3670.099394432313,3805.048940709639
res50,LLLGGLLGLBBGLBBGBG,"((3,), (3,), (0,), (1, 1), (0, 0), (1,), (5,), (0, 6), (1,), (2,), (2,), (1, 3), (3,), (7,), (1,), (3, 0), (7,), (1, 7))",51.1769,864.7724,915.9493,3425.204228736949,4269.376753321376,175.291334293648,3692.039181473934,3867.3305157675823
res50,LLLGGLLGLBBGLBBGBG,"((1,), (2,), (4,), (2, 4), (1, 6), (4,), (2,), (4, 6), (0,), (1,), (6,), (3, 3), (3,), (7,), (7,), (0, 4), (4,), (0, 1))",82.9578,753.3447999999999,836.3025999999999,3263.4814141414145,4547.730273314671,270.73123845806066,3426.008953204185,3696.7401916622457
res50,LLLLGBLLGBLGGGBGLB,"((5,), (1,), (3,), (5,), (2, 4), (7,), (4,), (0,), (2, 7), (2,), (3,), (1, 0), (0, 2), (1, 0), (7,), (3, 1), (2,), (2,))",37.3534,759.388,796.7414,3621.254114570616,4574.670910141892,135.26615344320206,3473.950193110831,3609.2163465540334
res50,LLLLGBLLGBLGGGBGLB,"((5,), (4,), (0,), (5,), (3, 3), (2,), (5,), (5,), (3, 6), (2,), (5,), (0, 1), (2, 5), (2, 3), (2,), (0, 2), (3,), (5,))",37.4755,773.31655,810.79205,3661.198614269786,4501.41064268769,137.20524866906737,3481.015348336527,3618.2205970055934
res50,LLLLGBLLGBLGGGBGLB,"((2,), (3,), (0,), (1,), (3, 7), (5,), (2,), (2,), (2, 3), (3,), (2,), (4, 5), (0, 6), (0, 1), (4,), (3, 7), (2,), (5,))",62.4363,777.02183,839.45813,3362.1733042973287,4472.379745539167,209.92166107909927,3475.136694333777,3685.058355412877
res50,LLLLGBLLGBLGGGBGLB,"((1,), (4,), (1,), (0,), (0, 0), (5,), (2,), (0,), (4, 3), (0,), (2,), (1, 5), (4, 5), (0, 6), (6,), (0, 6), (4,), (4,))",83.4113,903.45088,986.86218,3285.5924122174106,4340.918446157203,274.0555343731901,3921.8065901889577,4195.862124562148
res50,LLLLGBLLGBLGGGBGLB,"((1,), (3,), (1,), (5,), (4, 3), (4,), (4,), (4,), (4, 1), (4,), (4,), (2, 0), (4, 0), (4, 4), (5,), (1, 2), (4,), (2,))",83.5147,624.2276999999999,707.7424,3286.289217171717,4947.529386166671,274.45345808533085,3088.384889409233,3362.838347494564
res50,LLLLGBLLGBLGGGBGLB,"((3,), (1,), (5,), (0,), (1, 3), (5,), (0,), (3,), (0, 2), (0,), (5,), (1, 4), (3, 0), (4, 0), (7,), (0, 2), (2,), (4,))",51.2931,879.15563,930.44873,3421.999567577031,4349.109788048829,175.52496601968542,3823.544355651234,3999.06932167092
res50,LLLLGBLLGBLGGGBGLB,"((1,), (3,), (3,), (0,), (2, 6), (4,), (5,), (5,), (2, 6), (2,), (3,), (4, 2), (4, 3), (3, 0), (0,), (1, 1), (2,), (7,))",83.5458,779.67068,863.2164799999999,3309.248451178453,4473.436257589378,276.4738092524648,3487.8070888913658,3764.280898143831
res50,LLLLGBLLGBLGGGBGLB,"((3,), (2,), (5,), (1,), (2, 3), (4,), (1,), (4,), (0, 6), (2,), (3,), (1, 0), (0, 6), (4, 2), (4,), (4, 2), (3,), (5,))",51.2486,787.5536699999999,838.8022699999999,3434.862251718866,4473.580400463114,176.0318815934395,3523.1846624247946,3699.2165440182334
res50,LLLLGBLLGBLGGGBGLB,"((4,), (4,), (3,), (0,), (1, 1), (1,), (5,), (0,), (3, 3), (6,), (0,), (1, 1), (1, 0), (4, 5), (3,), (4, 6), (3,), (2,))",43.35,775.5765200000002,818.9265200000002,3497.617724867725,4509.573792144887,151.62172837301588,3497.519548394936,3649.1412767679512
res50,LLLLGBLLGBLGGGBGLB,"((0,), (1,), (0,), (4,), (1, 7), (3,), (5,), (2,), (4, 7), (7,), (4,), (3, 1), (4, 3), (2, 6), (1,), (4, 6), (1,), (4,))",122.04,748.9628899999999,871.0028899999999,3238.7707614471005,4678.214681087169,395.25958372700416,3503.809187587474,3899.068771314478
res50,LBBBGBGLBGLGBBGBLB,"((3,), (5,), (3,), (4,), (1, 1), (2,), (2, 4), (4,), (4,), (3, 4), (0,), (4, 5), (1,), (2,), (3, 2), (5,), (0,), (2,))",50.9653,764.3458900000002,815.3111900000001,3401.2385680332727,4538.458215075213,173.34514399138615,3468.951883629476,3642.2970276208616
res50,LBBBGBGLBGLGBBGBLB,"((4,), (7,), (6,), (3,), (4, 5), (0,), (2, 6), (1,), (6,), (3, 5), (3,), (2, 0), (6,), (2,), (2, 4), (2,), (3,), (7,))",43.4909,709.33614,752.82704,3577.1286033570523,4791.258845022759,155.57254237574122,3398.613054869302,3554.185597245043
res50,LBBBGBGLBGLGBBGBLB,"((5,), (5,), (2,), (1,), (0, 0), (1,), (4, 3), (5,), (1,), (3, 3), (2,), (0, 6), (7,), (1,), (1, 5), (7,), (3,), (2,))",37.2348,867.57792,904.81272,3640.983333890747,4456.555541044719,135.57128624075517,3866.409186664052,4001.9804729048064
res50,LBBBGBGLBGLGBBGBLB,"((4,), (5,), (0,), (3,), (1, 1), (5,), (2, 6), (4,), (3,), (0, 1), (0,), (1, 4), (6,), (1,), (4, 5), (1,), (1,), (2,))",43.3087,872.9060300000002,916.2147300000004,3477.5271200510865,4398.675167565551,150.6071787841565,3839.630077779231,3990.237256563388
res50,LBBBGBGLBGLGBBGBLB,"((4,), (1,), (2,), (7,), (1, 7), (1,), (3, 4), (3,), (1,), (1, 3), (0,), (4, 4), (0,), (5,), (1, 6), (1,), (2,), (2,))",43.3073,907.66654,950.97384,3488.82127805145,4334.718285359437,151.09142973495756,3934.478747946933,4085.5701776818905
res50,LBBBGBGLBGLGBBGBLB,"((2,), (0,), (4,), (5,), (1, 6), (2,), (1, 5), (5,), (7,), (1, 6), (3,), (3, 1), (3,), (0,), (2, 3), (0,), (5,), (1,))",61.7591,874.6707500000001,936.42985,3333.254638836773,4421.414890745414,205.85880656538416,3867.28227854946,4073.141085114844
res50,LBBBGBGLBGLGBBGBLB,"((3,), (0,), (4,), (0,), (4, 6), (4,), (1, 1), (5,), (1,), (2, 7), (3,), (1, 5), (5,), (6,), (4, 1), (1,), (1,), (7,))",51.0423,813.4072900000001,864.4495900000001,3459.020309714796,4537.839400346802,176.55635235455554,3691.1116490913178,3867.6680014458734
res50,LBBBGBGLBGLGBBGBLB,"((5,), (4,), (0,), (4,), (2, 4), (2,), (2, 5), (2,), (0,), (2, 2), (4,), (4, 1), (4,), (4,), (4, 4), (6,), (0,), (5,))",37.1934,786.70298,823.89638,3646.175164437013,4571.079824277285,135.6136513609716,3596.0821195768167,3731.695770937789
res50,LBBBGBGLBGLGBBGBLB,"((0,), (3,), (3,), (5,), (0, 1), (5,), (4, 7), (5,), (4,), (0, 4), (0,), (0, 3), (0,), (2,), (2, 3), (6,), (5,), (5,))",121.734,927.39946,1049.13346,3242.762237263635,4316.18741704907,394.75441819105134,4002.829879830103,4397.584298021154
res50,LBBBGBGLBGLGBBGBLB,"((1,), (5,), (5,), (2,), (3, 4), (7,), (1, 5), (2,), (2,), (3, 2), (2,), (4, 4), (4,), (0,), (3, 6), (2,), (1,), (3,))",83.3278,735.1857299999999,818.51353,3280.3767131937,4644.911687599096,273.34657468166205,3414.872789833073,3688.219364514735
res50,BGGBGGBGBLBBGBLBLL,"((7,), (3, 6), (0, 0), (1,), (3, 1), (3, 4), (6,), (0, 7), (2,), (1,), (1,), (1,), (2, 2), (3,), (1,), (0,), (3,), (1,))",15.7514,904.4114,920.1628,4847.587631812632,4209.703286428661,76.3562918237335,3807.303642863546,3883.65993468728
res50,BGGBGGBGBLBBGBLBLL,"((5,), (4, 4), (1, 5), (1,), (4, 3), (2, 1), (3,), (0, 4), (2,), (0,), (0,), (1,), (2, 2), (0,), (4,), (4,), (1,), (1,))",19.6687,907.072,926.7407,4190.020324699811,4199.672871468495,82.41225276042317,3809.405670868671,3891.817923629094
res50,BGGBGGBGBLBBGBLBLL,"((4,), (1, 4), (2, 7), (3,), (3, 6), (4, 5), (0,), (2, 0), (7,), (5,), (4,), (0,), (0, 0), (2,), (4,), (0,), (1,), (3,))",22.4395,882.3158000000001,904.7553,3981.029039628672,4316.935880888704,89.33230113474758,3808.9007352950216,3898.233036429769
res50,BGGBGGBGBLBBGBLBLL,"((2,), (4, 4), (0, 3), (3,), (1, 5), (4, 4), (3,), (0, 4), (6,), (4,), (6,), (1,), (4, 3), (6,), (5,), (3,), (3,), (1,))",31.8256,750.7258,782.5514000000001,3657.01251082251,4597.705484941439,116.38661736443288,3451.61612834705,3568.002745711483
res50,BGGBGGBGBLBBGBLBLL,"((6,), (3, 1), (0, 0), (0,), (3, 4), (2, 5), (7,), (2, 5), (6,), (3,), (3,), (7,), (1, 3), (6,), (5,), (4,), (0,), (3,))",17.2133,779.2941000000001,796.5074000000001,4522.067802197803,4576.799572368701,77.83970969957144,3566.672903629452,3644.512613329023
res50,BGGBGGBGBLBBGBLBLL,"((1,), (3, 2), (1, 3), (6,), (2, 3), (3, 3), (3,), (2, 3), (7,), (4,), (4,), (7,), (4, 1), (0,), (2,), (1,), (3,), (3,))",41.9938,751.5509,793.5446999999999,3514.306197774131,4560.914693604939,147.5790716080873,3427.7595428020163,3575.338614410104
res50,BGGBGGBGBLBBGBLBLL,"((6,), (2, 5), (0, 6), (1,), (4, 7), (1, 1), (0,), (1, 6), (6,), (1,), (0,), (3,), (2, 1), (1,), (3,), (7,), (4,), (1,))",17.3692,880.1351000000002,897.5043000000002,4493.076248751249,4354.45499787796,78.0411399798102,3832.5086850028174,3910.549824982629
res50,BGGBGGBGBLBBGBLBLL,"((0,), (4, 2), (0, 4), (3,), (0, 0), (0, 7), (4,), (0, 5), (1,), (4,), (7,), (6,), (3, 1), (5,), (1,), (6,), (2,), (3,))",61.4677,911.1689,972.6366,3403.043812874118,4310.89777419183,209.17727617660245,3927.955982922818,4137.133259099421
res50,BGGBGGBGBLBBGBLBLL,"((0,), (4, 7), (4, 6), (7,), (3, 7), (3, 2), (0,), (3, 6), (1,), (0,), (0,), (0,), (1, 2), (4,), (3,), (1,), (0,), (1,))",61.4474,943.6144,1005.0618,3365.4668366389715,4209.894099390449,206.7991868976896,3972.516694659859,4179.315881557548
res50,BGGBGGBGBLBBGBLBLL,"((0,), (0, 1), (2, 2), (2,), (0, 0), (3, 6), (6,), (3, 5), (4,), (3,), (0,), (2,), (3, 1), (2,), (5,), (6,), (0,), (5,))",61.4915,913.4982,974.9897,3386.3879294879844,4216.743893507449,208.2340733661104,3851.987956580046,4060.222029946157
res50,GLLBGLGBBBBLLLGLGB,"((2, 2), (1,), (2,), (4,), (0, 5), (3,), (1, 2), (3,), (6,), (7,), (7,), (1,), (0,), (2,), (1, 1), (3,), (1, 1), (4,))",25.4589,824.7886300000001,850.2475300000001,3756.872688154208,4424.081749881045,95.64584608044916,3648.93232549239,3744.57817157284
res50,GLLBGLGBBBBLLLGLGB,"((0, 1), (5,), (3,), (0,), (1, 3), (5,), (1, 2), (2,), (4,), (0,), (3,), (4,), (4,), (3,), (1, 2), (3,), (2, 1), (5,))",34.1119,849.60744,883.71934,3581.62327518441,4287.020104189186,122.17597500076306,3642.2841759487073,3764.460150949472
res50,GLLBGLGBBBBLLLGLGB,"((2, 2), (4,), (1,), (0,), (0, 3), (0,), (2, 0), (7,), (1,), (5,), (7,), (3,), (1,), (2,), (2, 6), (0,), (4, 1), (7,))",24.4231,878.73289,903.15599,3813.206702599086,4358.240202908028,93.13032861824774,3829.729008815558,3922.8593374338056
res50,GLLBGLGBBBBLLLGLGB,"((4, 6), (5,), (5,), (3,), (1, 5), (0,), (0, 2), (3,), (0,), (3,), (5,), (5,), (3,), (0,), (2, 3), (2,), (4, 0), (5,))",13.2958,805.4330700000002,818.7288700000001,4759.072772227772,4461.416869160966,63.275679764986,3593.3726854781057,3656.648365243092
res50,GLLBGLGBBBBLLLGLGB,"((3, 7), (4,), (2,), (5,), (0, 0), (4,), (4, 3), (2,), (3,), (7,), (5,), (1,), (4,), (4,), (0, 5), (4,), (1, 4), (7,))",12.3489,793.8714600000001,806.22036,5223.645595238096,4509.165945893919,64.50627709103573,3579.698152849087,3644.204429940122
res50,GLLBGLGBBBBLLLGLGB,"((4, 5), (5,), (5,), (2,), (0, 6), (1,), (3, 5), (7,), (5,), (3,), (6,), (4,), (5,), (3,), (1, 4), (0,), (2, 4), (5,))",15.2941,750.54472,765.8388199999999,4659.694141414142,4645.94517161683,71.26582816820203,3486.989617966505,3558.255446134707
res50,GLLBGLGBBBBLLLGLGB,"((2, 0), (2,), (5,), (1,), (3, 5), (3,), (2, 1), (0,), (2,), (2,), (4,), (2,), (1,), (3,), (1, 6), (4,), (3, 2), (5,))",48.6856,780.2502499999997,828.9358499999997,3495.527952672473,4409.724078185286,170.18187569263094,3440.688314435088,3610.870190127719
res50,GLLBGLGBBBBLLLGLGB,"((1, 5), (0,), (4,), (7,), (2, 1), (5,), (2, 0), (5,), (5,), (4,), (1,), (4,), (4,), (1,), (2, 5), (3,), (3, 6), (4,))",15.2675,705.70224,720.96974,4564.561464646465,4673.38775690371,69.68944216148991,3298.020208435524,3367.709650597013
res50,GLLBGLGBBBBLLLGLGB,"((0, 6), (4,), (5,), (7,), (0, 5), (1,), (4, 5), (5,), (7,), (0,), (0,), (1,), (3,), (2,), (1, 3), (0,), (3, 7), (3,))",14.3967,882.54788,896.94458,4868.069357864359,4439.189785624819,70.0841341243658,3917.797534220838,3987.881668345204
res50,GLLBGLGBBBBLLLGLGB,"((2, 0), (2,), (3,), (0,), (4, 7), (5,), (0, 0), (7,), (5,), (1,), (7,), (5,), (5,), (1,), (0, 4), (0,), (3, 4), (3,))",46.8326,850.8137200000001,897.6463200000001,3553.362127363256,4496.053106678154,166.41318716595242,3825.3036690103977,3991.71685617635
res50,BBLBGLLBBGBLBBGBBB,"((7,), (5,), (5,), (3,), (3, 7), (0,), (0,), (1,), (3,), (0, 3), (4,), (1,), (7,), (5,), (3, 0), (2,), (0,), (6,))",9.51744,810.73076,820.2482,5157.200277777778,4531.32357633599,49.08334421173334,3673.683406848795,3722.766751060528
res50,BBLBGLLBBGBLBBGBBB,"((3,), (2,), (5,), (7,), (1, 4), (3,), (0,), (0,), (7,), (1, 6), (6,), (5,), (6,), (4,), (4, 7), (6,), (1,), (7,))",15.8078,731.5906999999999,747.3984999999999,4105.4692395104885,4905.480986011007,64.8984366443339,3588.8042683924823,3653.702705036816
res50,BBLBGLLBBGBLBBGBBB,"((1,), (4,), (1,), (7,), (4, 0), (0,), (3,), (5,), (1,), (4, 4), (0,), (1,), (5,), (6,), (4, 6), (7,), (0,), (0,))",37.3235,778.2892,815.6127,3508.1573064267345,4721.95983301501,130.93670922641823,3675.050340869386,3805.987050095805
res50,BBLBGLLBBGBLBBGBBB,"((0,), (6,), (2,), (3,), (4, 2), (0,), (5,), (2,), (7,), (1, 1), (1,), (2,), (1,), (4,), (2, 6), (4,), (0,), (7,))",38.7842,826.7645,865.5487,3555.083358506838,4493.676422381731,137.88106399300088,3715.2121405122207,3853.093204505221
res50,BBLBGLLBBGBLBBGBBB,"((2,), (2,), (4,), (4,), (1, 3), (3,), (2,), (7,), (6,), (2, 4), (5,), (1,), (4,), (0,), (4, 5), (7,), (7,), (7,))",18.3131,695.3373,713.6504,3976.612489672165,4939.794542395163,72.82410218461531,3434.823399663788,3507.6475018484034
res50,BBLBGLLBBGBLBBGBBB,"((4,), (2,), (0,), (0,), (4, 7), (0,), (0,), (3,), (7,), (3, 6), (4,), (0,), (3,), (0,), (1, 4), (3,), (4,), (6,))",13.2391,869.4643,882.7034,4258.980335497835,4432.862900747125,56.38506655968939,3854.2160389940686,3910.601105553758
res50,BBLBGLLBBGBLBBGBBB,"((0,), (1,), (5,), (5,), (3, 2), (0,), (5,), (2,), (3,), (1, 4), (6,), (3,), (6,), (4,), (3, 3), (1,), (2,), (0,))",55.3843,763.8236999999998,819.2079999999999,3411.426936966014,4566.638845038789,188.93949290500683,3488.106979181254,3677.046472086261
res50,BBLBGLLBBGBLBBGBBB,"((1,), (4,), (0,), (1,), (0, 0), (0,), (1,), (6,), (5,), (0, 0), (2,), (3,), (7,), (4,), (2, 5), (3,), (6,), (2,))",34.1192,866.3364000000001,900.4556000000001,3541.25372498516,4405.017023533493,120.82474409351369,3816.226590106722,3937.051334200236
res50,BBLBGLLBBGBLBBGBBB,"((5,), (4,), (1,), (2,), (2, 1), (5,), (2,), (4,), (1,), (2, 2), (4,), (5,), (2,), (7,), (1, 5), (1,), (5,), (3,))",14.0602,757.6863,771.7465,4284.148968253968,4569.089108175038,60.23599132344444,3461.936220743444,3522.1722120668883
res50,BBLBGLLBBGBLBBGBBB,"((0,), (2,), (5,), (6,), (4, 3), (3,), (4,), (5,), (6,), (1, 0), (4,), (2,), (2,), (2,), (2, 1), (3,), (1,), (5,))",41.9166,736.8541,778.7707,3476.9004499385574,4634.439154308588,145.7398453998945,3414.905492052816,3560.64533745271
res50,BLLLLGGLBBGLLLBGLG,"((7,), (5,), (0,), (5,), (1,), (2, 1), (1, 7), (5,), (7,), (4,), (1, 4), (4,), (4,), (3,), (1,), (3, 3), (5,), (4, 4))",16.322,659.15769,675.47969,5006.859339826842,4733.766968551892,81.72195814465373,3120.298899988968,3202.020858133622
res50,BLLLLGGLBBGLLLBGLG,"((6,), (2,), (2,), (5,), (3,), (1, 3), (1, 6), (4,), (2,), (5,), (4, 7), (1,), (0,), (2,), (3,), (3, 6), (2,), (1, 2))",17.8131,663.1851200000002,680.9982200000002,4514.19498889999,4577.882220864284,80.4118067567744,3035.983369989748,3116.395176746522
res50,BLLLLGGLBBGLLLBGLG,"((4,), (4,), (0,), (4,), (1,), (1, 2), (2, 3), (4,), (0,), (0,), (2, 3), (1,), (1,), (4,), (6,), (0, 2), (1,), (1, 5))",22.0812,834.1031000000002,856.1843000000001,4080.097705766456,4210.978707475613,90.09345346057026,3512.390393939403,3602.483847399973
res50,BLLLLGGLBBGLLLBGLG,"((5,), (1,), (5,), (0,), (5,), (4, 7), (0, 5), (1,), (6,), (6,), (2, 2), (1,), (2,), (2,), (7,), (4, 6), (5,), (3, 6))",18.5436,639.1642899999999,657.7078899999999,4531.156173271173,4876.123187303873,84.02394761467134,3116.643814965617,3200.667762580288
res50,BLLLLGGLBBGLLLBGLG,"((2,), (5,), (3,), (4,), (3,), (0, 6), (1, 4), (3,), (3,), (6,), (0, 3), (5,), (0,), (0,), (5,), (3, 0), (0,), (2, 1))",33.1858,752.5847000000001,785.7705000000001,3652.023771880294,4415.1296431141855,121.19533048886504,3322.759017924197,3443.9543484130622
res50,BLLLLGGLBBGLLLBGLG,"((5,), (2,), (2,), (4,), (1,), (0, 3), (4, 7), (0,), (4,), (6,), (4, 0), (2,), (2,), (2,), (1,), (2, 4), (4,), (3, 0))",21.6747,694.6831999999999,716.3579,4155.451792986425,4491.737603539219,90.06817097744288,3120.334651986956,3210.402822964398
res50,BLLLLGGLBBGLLLBGLG,"((7,), (0,), (0,), (0,), (2,), (4, 0), (1, 6), (2,), (4,), (2,), (3, 5), (1,), (1,), (3,), (3,), (0, 2), (1,), (0, 5))",15.3814,789.9133999999999,805.2947999999999,4991.019823232323,4293.011636157706,76.76887230906564,3391.107417756896,3467.8762900659617
res50,BLLLLGGLBBGLLLBGLG,"((6,), (3,), (5,), (1,), (1,), (2, 4), (3, 2), (0,), (6,), (0,), (1, 3), (5,), (3,), (3,), (3,), (1, 7), (2,), (2, 7))",16.6135,716.5161400000001,733.1296400000001,4775.039004329004,4474.49446082399,79.33011049841988,3206.047499520987,3285.377610019407
res50,BLLLLGGLBBGLLLBGLG,"((7,), (4,), (1,), (3,), (2,), (1, 7), (3, 1), (0,), (0,), (1,), (4, 5), (4,), (4,), (2,), (2,), (2, 3), (4,), (1, 4))",15.7835,719.92189,735.70539,4925.906994949495,4437.252977445502,77.74805305478536,3194.475549930693,3272.2236029854785
res50,BLLLLGGLBBGLLLBGLG,"((3,), (2,), (0,), (0,), (2,), (2, 6), (0, 2), (2,), (0,), (3,), (4, 2), (1,), (0,), (1,), (5,), (3, 2), (3,), (4, 6))",24.6693,797.47915,822.14845,4081.639821159234,4254.440997963836,100.6911972401235,3392.827990781352,3493.519188021475
res50,GLLGLLBLGGGLGBLGLB,"((4, 0), (5,), (4,), (4, 7), (1,), (0,), (0,), (1,), (0, 6), (1, 1), (1, 0), (5,), (3, 4), (7,), (0,), (2, 5), (1,), (2,))",49.1247,863.4887400000001,912.61344,3686.113224347247,4359.968191007311,181.0792063120912,3764.783439692983,3945.862646005074
res50,GLLGLLBLGGGLGBLGLB,"((4, 6), (0,), (2,), (0, 5), (5,), (4,), (1,), (4,), (4, 1), (1, 3), (0, 6), (1,), (4, 3), (3,), (4,), (1, 6), (4,), (4,))",14.0082,797.7805099999998,811.7887099999998,4786.135291375291,4505.117469981591,67.04514038864336,3594.0949128118227,3661.140053200466
res50,GLLGLLBLGGGLGBLGLB,"((1, 2), (0,), (3,), (0, 2), (2,), (1,), (2,), (5,), (0, 0), (0, 7), (0, 4), (5,), (2, 5), (2,), (1,), (0, 1), (2,), (6,))",22.8631,1005.29138,1028.15448,4002.661846179276,4087.104924470951,91.5132580553814,4108.731349726199,4200.24460778158
res50,GLLGLLBLGGGLGBLGLB,"((4, 5), (1,), (0,), (2, 6), (3,), (1,), (2,), (3,), (0, 6), (0, 6), (4, 3), (2,), (0, 3), (1,), (3,), (1, 4), (2,), (7,))",13.4906,902.45669,915.94729,5005.765721500721,4240.924188636444,67.53078304247764,3827.250405817781,3894.781188860258
res50,GLLGLLBLGGGLGBLGLB,"((4, 1), (0,), (1,), (2, 0), (3,), (2,), (5,), (4,), (0, 5), (2, 4), (4, 3), (4,), (4, 3), (7,), (0,), (2, 4), (3,), (6,))",27.8116,775.2311399999999,803.0427399999999,4035.4030073788135,4505.346668388265,112.2310142800166,3492.6850338298364,3604.916048109853
res50,GLLGLLBLGGGLGBLGLB,"((3, 0), (2,), (5,), (3, 1), (5,), (3,), (2,), (2,), (4, 0), (2, 6), (3, 0), (1,), (4, 3), (6,), (3,), (3, 0), (4,), (6,))",38.0269,612.47159,650.49849,3757.927347668725,4927.207990758692,142.90232745706382,3017.774912360682,3160.677239817745
res50,GLLGLLBLGGGLGBLGLB,"((0, 7), (5,), (4,), (2, 2), (3,), (3,), (0,), (1,), (2, 5), (0, 4), (2, 4), (4,), (1, 2), (6,), (3,), (1, 2), (2,), (6,))",11.6569,835.6064799999999,847.2633799999999,5201.440079365079,4349.864429874002,60.6326668611508,3634.774904724221,3695.407571585373
res50,GLLGLLBLGGGLGBLGLB,"((3, 0), (5,), (5,), (0, 1), (0,), (3,), (1,), (3,), (3, 3), (4, 2), (2, 3), (0,), (4, 1), (0,), (0,), (0, 5), (0,), (3,))",48.9996,933.8444900000002,982.8440900000002,3549.692440280899,4238.830224106171,173.93350969678795,3958.4082488270137,4132.341758523802
res50,GLLGLLBLGGGLGBLGLB,"((2, 7), (4,), (3,), (1, 7), (1,), (0,), (7,), (1,), (3, 0), (3, 5), (0, 0), (3,), (4, 3), (1,), (0,), (4, 6), (2,), (6,))",11.285,800.6819299999999,811.9669299999998,5133.87376984127,4485.420467717564,57.93576549265872,3591.395116953601,3649.33088244626
res50,GLLGLLBLGGGLGBLGLB,"((1, 5), (2,), (2,), (4, 6), (3,), (1,), (6,), (2,), (4, 1), (1, 6), (2, 2), (4,), (2, 1), (0,), (3,), (3, 1), (3,), (6,))",14.1237,714.71561,728.83931,4626.387907647907,4593.268558458262,65.34171489124674,3282.880739652317,3348.2224545435643
res50,GBBGBGLLLBGBLGBGGL,"((0, 3), (2,), (2,), (2, 7), (5,), (3, 3), (1,), (2,), (5,), (0,), (4, 3), (5,), (1,), (1, 1), (0,), (2, 7), (0, 7), (0,))",22.9464,937.64118,960.58758,3727.868489483513,4273.439540324259,85.54116150708448,4006.952893248296,4092.49405475538
res50,GBBGBGLLLBGBLGBGGL,"((3, 2), (7,), (2,), (1, 7), (4,), (0, 0), (1,), (3,), (3,), (2,), (2, 1), (5,), (2,), (3, 3), (5,), (1, 5), (0, 3), (2,))",27.9641,809.8304999999999,837.7946,3739.671981424147,4444.921461102986,104.576561255743,3599.632969305761,3704.209530561504
res50,GBBGBGLLLBGBLGBGGL,"((4, 2), (1,), (0,), (2, 0), (1,), (4, 4), (2,), (5,), (5,), (1,), (2, 1), (5,), (5,), (2, 0), (4,), (0, 7), (1, 2), (0,))",28.213,849.3007600000002,877.5137600000002,3863.8199120349886,4390.674906310323,109.00995117824314,3729.003534842287,3838.0134860205294
res50,GBBGBGLLLBGBLGBGGL,"((2, 2), (1,), (0,), (1, 4), (1,), (1, 3), (0,), (4,), (5,), (2,), (1, 4), (4,), (0,), (4, 6), (4,), (2, 6), (2, 4), (2,))",27.6527,893.3822099999999,921.03491,3682.492342308533,4284.903513580534,101.83085599415516,3828.056570599342,3929.887426593498
res50,GBBGBGLLLBGBLGBGGL,"((1, 6), (7,), (2,), (2, 3), (7,), (2, 3), (5,), (3,), (5,), (3,), (3, 1), (2,), (1,), (4, 5), (2,), (3, 0), (1, 6), (1,))",15.423,708.1406900000001,723.5636900000001,4459.510411810412,4750.39448054074,68.77902908135198,3363.947625222311,3432.726654303663
res50,GBBGBGLLLBGBLGBGGL,"((0, 7), (4,), (3,), (1, 4), (5,), (3, 1), (5,), (2,), (4,), (0,), (3, 0), (4,), (3,), (2, 0), (4,), (0, 4), (2, 2), (4,))",13.8074,821.3949300000002,835.2023300000002,4861.23853923854,4430.669547805049,67.12106500668223,3639.32950307246,3706.450568079143
res50,GBBGBGLLLBGBLGBGGL,"((2, 7), (6,), (5,), (3, 6), (1,), (0, 1), (4,), (5,), (3,), (2,), (0, 6), (2,), (2,), (1, 5), (2,), (2, 6), (4, 3), (2,))",14.7567,821.9617100000002,836.7184100000002,4757.9537407037415,4486.465775262696,70.21169596544291,3687.703080491402,3757.914776456845
res50,GBBGBGLLLBGBLGBGGL,"((0, 0), (7,), (5,), (1, 0), (4,), (1, 5), (2,), (4,), (2,), (5,), (4, 5), (3,), (5,), (1, 6), (5,), (0, 3), (0, 7), (0,))",52.5544,839.0944900000001,891.64889,3399.149300970183,4502.446156273873,178.6402520229074,3777.977761251087,3956.618013273994
res50,GBBGBGLLLBGBLGBGGL,"((2, 0), (5,), (6,), (2, 5), (4,), (4, 1), (5,), (1,), (5,), (0,), (3, 6), (3,), (1,), (0, 5), (7,), (0, 3), (4, 3), (5,))",52.5206,795.15894,847.67954,3455.344492873318,4628.711216087779,181.4767659724024,3680.561104150469,3862.037870122872
res50,GBBGBGLLLBGBLGBGGL,"((1, 4), (2,), (2,), (1, 3), (1,), (4, 1), (1,), (4,), (3,), (1,), (1, 1), (3,), (0,), (2, 4), (0,), (2, 5), (3, 2), (4,))",20.5368,929.54723,950.08403,3967.342491919843,4191.270443749854,81.47651928805942,3895.983831168548,3977.460350456607
res50,GBBGLBLLBGBLLBLGGB,"((3, 4), (1,), (3,), (2, 0), (1,), (3,), (3,), (2,), (7,), (3, 4), (3,), (4,), (4,), (1,), (4,), (1, 4), (1, 2), (1,))",19.9409,717.8486600000001,737.78956,4061.671718697969,4550.116883615638,80.99338957538433,3266.295307746862,3347.288697322246
res50,GBBGLBLLBGBLLBLGGB,"((2, 2), (0,), (5,), (3, 5), (2,), (2,), (5,), (4,), (2,), (0, 2), (3,), (5,), (4,), (5,), (5,), (2, 3), (2, 3), (2,))",26.0837,735.92793,762.01163,3737.334680512555,4523.521656649504,97.48351660608532,3328.98592908824,3426.469445694325
res50,GBBGLBLLBGBLLBLGGB,"((2, 1), (7,), (0,), (2, 1), (3,), (5,), (5,), (0,), (3,), (4, 6), (7,), (5,), (5,), (3,), (4,), (2, 6), (3, 3), (2,))",34.4337,674.4821400000002,708.9158400000002,3620.7863914409377,4796.4889984393485,124.67707236695982,3235.146164153829,3359.823236520789
res50,GBBGLBLLBGBLLBLGGB,"((1, 6), (2,), (7,), (1, 3), (2,), (0,), (2,), (4,), (4,), (3, 0), (5,), (1,), (0,), (6,), (2,), (3, 6), (1, 2), (3,))",14.0623,765.58039,779.64269,4619.23967893218,4500.590516378374,64.957134137048,3445.5638427592567,3510.5209768963045
res50,GBBGLBLLBGBLLBLGGB,"((1, 1), (2,), (2,), (2, 6), (5,), (7,), (0,), (3,), (0,), (4, 0), (4,), (4,), (2,), (7,), (2,), (3, 5), (1, 1), (5,))",35.094,755.00031,790.0943100000001,3626.1612559746095,4562.090908750949,127.25650311717295,3444.380050355148,3571.636553472321
res50,GBBGLBLLBGBLLBLGGB,"((2, 6), (7,), (1,), (4, 6), (1,), (1,), (1,), (4,), (7,), (0, 2), (3,), (3,), (1,), (6,), (0,), (3, 6), (3, 5), (6,))",13.7151,762.2877399999999,776.0028399999999,4818.455,4598.347616406906,66.0855921705,3505.2640122452067,3571.349604415707
res50,GBBGLBLLBGBLLBLGGB,"((4, 7), (3,), (7,), (0, 3), (0,), (4,), (5,), (1,), (1,), (0, 1), (4,), (2,), (3,), (5,), (0,), (1, 1), (4, 1), (5,))",12.5007,851.1325,863.6332000000001,5155.644191919191,4408.116835678954,64.44916134992422,3751.8915026435175,3816.340663993442
res50,GBBGLBLLBGBLLBLGGB,"((2, 7), (0,), (0,), (1, 6), (2,), (3,), (5,), (1,), (7,), (1, 6), (4,), (4,), (0,), (6,), (4,), (1, 5), (1, 4), (4,))",12.7572,824.77769,837.53489,5037.048712121212,4459.271919235365,64.25863783027272,3677.907992628811,3742.166630459084
res50,GBBGLBLLBGBLLBLGGB,"((0, 7), (5,), (5,), (0, 6), (3,), (6,), (0,), (5,), (4,), (2, 1), (1,), (1,), (4,), (1,), (2,), (4, 2), (2, 5), (3,))",13.007,789.2253900000001,802.23239,4976.9542063492045,4495.572640331083,64.7352433619841,3548.020070338629,3612.755313700613
res50,GBBGLBLLBGBLLBLGGB,"((2, 4), (0,), (3,), (3, 5), (0,), (5,), (5,), (4,), (4,), (0, 1), (7,), (5,), (0,), (1,), (5,), (3, 2), (2, 0), (2,))",18.4226,788.5980200000001,807.0206200000001,4073.668804806304,4489.387565860563,75.0475709234246,3540.32214545026,3615.3697163736847
res50,GBGGGLLLBLBBBGBBLG,"((4, 7), (1,), (0, 2), (0, 2), (3, 2), (1,), (1,), (1,), (4,), (2,), (1,), (2,), (7,), (3, 6), (4,), (5,), (5,), (1, 2))",14.0991,769.77522,783.87432,4993.494744699745,4452.430573048974,70.40378175499617,3427.3707239035,3497.7745056584963
res50,GBGGGLLLBLBBBGBBLG,"((3, 5), (0,), (3, 7), (1, 3), (3, 6), (2,), (3,), (5,), (4,), (5,), (2,), (5,), (0,), (1, 6), (5,), (3,), (3,), (3, 0))",17.4993,728.0947,745.5939999999999,4285.354517149517,4523.388375177382,74.99070430195455,3293.455102008263,3368.445806310217
res50,GBGGGLLLBLBBBGBBLG,"((2, 0), (3,), (0, 2), (4, 4), (4, 7), (3,), (1,), (3,), (0,), (3,), (2,), (4,), (5,), (1, 3), (4,), (1,), (0,), (0, 1))",52.8509,820.9209000000001,873.7718000000001,3435.336580595513,4304.139847683412,181.5606300873954,3533.358357486129,3714.918987573525
res50,GBGGGLLLBLBBBGBBLG,"((4, 0), (6,), (3, 2), (0, 3), (1, 6), (2,), (4,), (3,), (5,), (2,), (4,), (7,), (2,), (2, 0), (5,), (7,), (3,), (3, 4))",47.7779,681.30754,729.0854400000001,3750.343707717036,4735.388715874798,179.18354663293377,3226.256036956418,3405.439583589352
res50,GBGGGLLLBLBBBGBBLG,"((2, 5), (5,), (4, 0), (1, 6), (0, 5), (3,), (0,), (2,), (5,), (0,), (7,), (7,), (2,), (2, 2), (7,), (7,), (1,), (0, 7))",15.5336,753.4816000000001,769.0152,4522.644040404041,4668.557296402398,70.25294346602021,3517.672021384953,3587.924964850973
res50,GBGGGLLLBLBBBGBBLG,"((1, 6), (6,), (4, 6), (1, 0), (2, 5), (5,), (2,), (2,), (4,), (0,), (1,), (0,), (4,), (1, 4), (6,), (3,), (2,), (4, 5))",14.1428,763.7671700000001,777.90997,4772.341396103894,4446.278525969158,67.49426989681815,3395.921566811236,3463.4158367080536
res50,GBGGGLLLBLBBBGBBLG,"((4, 2), (7,), (4, 3), (4, 0), (3, 7), (5,), (1,), (4,), (7,), (1,), (1,), (1,), (7,), (2, 3), (6,), (6,), (2,), (3, 3))",26.1288,611.35509,637.48389,3998.3269842923687,5065.546868301149,104.47148610717844,3096.847861569467,3201.319347676645
res50,GBGGGLLLBLBBBGBBLG,"((2, 5), (7,), (1, 0), (0, 3), (3, 2), (3,), (4,), (4,), (6,), (4,), (4,), (0,), (1,), (4, 7), (6,), (1,), (1,), (2, 1))",17.0712,753.1031,770.1743,4242.586934731934,4552.639001571139,72.4260500801958,3428.6065452641296,3501.0325953443253
res50,GBGGGLLLBLBBBGBBLG,"((2, 5), (3,), (3, 4), (1, 1), (0, 7), (5,), (0,), (5,), (2,), (5,), (0,), (2,), (7,), (0, 7), (7,), (0,), (4,), (2, 7))",15.3975,864.8108299999999,880.2083299999999,4553.61176046176,4401.619848880919,70.11423708170996,3806.5685148551815,3876.682751936892
res50,GBGGGLLLBLBBBGBBLG,"((3, 7), (0,), (3, 0), (0, 3), (3, 3), (5,), (0,), (2,), (1,), (0,), (2,), (2,), (2,), (4, 3), (5,), (2,), (4,), (2, 2))",14.021,815.0114599999999,829.0324599999999,4899.613084415584,4323.37469067749,68.6974750565909,3523.59991877611,3592.297393832701
res50,GLGLBLLGBLGGBLGGGL,"((3, 4), (3,), (0, 3), (4,), (7,), (1,), (3,), (2, 6), (1,), (5,), (2, 0), (4, 6), (4,), (5,), (0, 1), (3, 1), (0, 1), (2,))",20.4272,866.44347,886.87067,4075.0357703979016,4476.242000278293,83.24157068907202,3878.410651280865,3961.652221969937
res50,GLGLBLLGBLGGBLGGGL,"((4, 1), (0,), (3, 6), (5,), (3,), (2,), (3,), (1, 1), (2,), (0,), (4, 1), (0, 6), (0,), (0,), (1, 0), (3, 0), (2, 7), (3,))",37.0679,904.86158,941.92948,3774.9265111128807,4352.171079623835,139.92859842128115,3938.112399538729,4078.04099796001
res50,GLGLBLLGBLGGBLGGGL,"((0, 5), (4,), (4, 1), (5,), (7,), (0,), (3,), (1, 4), (2,), (3,), (2, 3), (1, 1), (2,), (2,), (0, 6), (2, 0), (1, 1), (0,))",17.6157,902.53457,920.15027,4140.56046953047,4398.441652775142,72.9388710631079,3969.7456457575017,4042.6845168206096
res50,GLGLBLLGBLGGBLGGGL,"((4, 0), (0,), (0, 3), (4,), (0,), (3,), (1,), (2, 4), (5,), (1,), (0, 5), (4, 3), (5,), (1,), (2, 5), (2, 3), (1, 5), (3,))",53.9357,915.36176,969.29746,3674.4342714231257,4339.150592189023,198.18318453319628,3971.892522971186,4170.075707504383
res50,GLGLBLLGBLGGBLGGGL,"((3, 0), (0,), (4, 1), (2,), (3,), (2,), (1,), (0, 4), (4,), (2,), (0, 1), (1, 6), (3,), (2,), (3, 1), (0, 4), (4, 5), (5,))",53.0946,867.2094300000001,920.30403,3528.204167504323,4403.51854277305,187.32858899197504,3818.772805472648,4006.101394464623
res50,GLGLBLLGBLGGBLGGGL,"((0, 5), (1,), (4, 3), (2,), (6,), (2,), (4,), (1, 6), (7,), (3,), (0, 2), (0, 0), (6,), (2,), (2, 1), (1, 2), (3, 3), (5,))",17.2916,842.2864199999998,859.5780199999998,4223.700271395271,4528.335997197699,73.03453561285845,3814.155915636779,3887.190451249637
res50,GLGLBLLGBLGGBLGGGL,"((2, 2), (5,), (4, 1), (0,), (2,), (0,), (5,), (1, 1), (0,), (3,), (0, 5), (0, 0), (2,), (0,), (4, 2), (1, 3), (3, 5), (4,))",28.2942,950.8126499999998,979.10685,3692.113523877897,4319.733086243554,104.465398467306,4107.256863023911,4211.722261491217
res50,GLGLBLLGBLGGBLGGGL,"((0, 1), (2,), (3, 7), (2,), (6,), (1,), (2,), (2, 6), (6,), (2,), (3, 2), (0, 4), (5,), (1,), (4, 0), (1, 1), (2, 6), (5,))",36.2219,788.0793999999999,824.3012999999999,3530.4186277490635,4626.207078280513,127.8784704924638,3645.818498527059,3773.696969019523
res50,GLGLBLLGBLGGBLGGGL,"((3, 7), (1,), (2, 0), (5,), (5,), (1,), (3,), (0, 5), (7,), (2,), (4, 4), (0, 6), (5,), (2,), (3, 5), (1, 5), (1, 5), (4,))",14.8737,795.1959699999999,810.0696699999999,4836.9687975912975,4663.376328305151,71.94362280473368,3708.298062861653,3780.241685666386
res50,GLGLBLLGBLGGBLGGGL,"((4, 3), (2,), (1, 4), (4,), (6,), (3,), (5,), (4, 6), (0,), (2,), (4, 7), (0, 2), (7,), (3,), (3, 3), (1, 3), (4, 1), (3,))",23.7441,758.488,782.2321000000001,4014.481648422529,4777.592380003986,95.32025370830937,3623.746489124464,3719.066742832773
res50,LBLBLGGBBBBLGLLGLB,"((4,), (2,), (5,), (0,), (0,), (2, 4), (4, 1), (0,), (4,), (6,), (1,), (3,), (1, 0), (5,), (2,), (0, 1), (5,), (0,))",42.7436,819.21513,861.9587300000001,3480.420190276087,4316.669903177536,148.76568844508495,3536.281295898673,3685.0469843437577
res50,LBLBLGGBBBBLGLLGLB,"((5,), (6,), (3,), (5,), (2,), (0, 3), (3, 4), (0,), (1,), (0,), (2,), (1,), (3, 4), (3,), (1,), (4, 6), (5,), (5,))",37.3123,772.3279,809.6402,3680.2905975473823,4422.719506758803,137.3201068628672,3415.7896689440618,3553.109775806929
res50,LBLBLGGBBBBLGLLGLB,"((5,), (6,), (0,), (6,), (3,), (2, 6), (3, 7), (1,), (4,), (5,), (3,), (4,), (4, 2), (5,), (3,), (2, 3), (5,), (5,))",37.4435,625.1024400000001,662.5459400000001,3686.705474916388,4816.626764955137,138.0431564500318,3010.885143342763,3148.928299792795
res50,LBLBLGGBBBBLGLLGLB,"((5,), (6,), (4,), (5,), (3,), (1, 5), (0, 7), (7,), (4,), (5,), (2,), (0,), (2, 4), (1,), (4,), (0, 5), (3,), (2,))",37.277,740.92917,778.20617,3649.703562886388,4548.674015785127,136.0499997137159,3370.2452631162414,3506.295262829957
res50,LBLBLGGBBBBLGLLGLB,"((4,), (3,), (4,), (4,), (5,), (4, 5), (0, 5), (1,), (3,), (0,), (7,), (3,), (3, 1), (3,), (3,), (1, 6), (5,), (5,))",43.3787,697.72064,741.09934,3543.110582922825,4607.159914238328,153.69553104343433,3214.510563944712,3368.206094988146
res50,LBLBLGGBBBBLGLLGLB,"((1,), (5,), (3,), (0,), (1,), (3, 7), (0, 4), (5,), (2,), (7,), (2,), (5,), (2, 5), (5,), (4,), (1, 0), (3,), (5,))",83.3095,742.86119,826.1706899999999,3315.839226032252,4484.673721933038,276.2409080011339,3331.4900578369056,3607.73096583804
res50,LBLBLGGBBBBLGLLGLB,"((4,), (2,), (0,), (4,), (3,), (0, 7), (2, 6), (2,), (1,), (6,), (1,), (0,), (4, 6), (5,), (1,), (1, 7), (4,), (5,))",43.484,803.2050799999998,846.6890799999999,3530.840211640212,4369.089706578779,153.535055762963,3509.275047299784,3662.810103062747
res50,LBLBLGGBBBBLGLLGLB,"((4,), (6,), (4,), (4,), (0,), (2, 4), (1, 3), (4,), (7,), (5,), (3,), (3,), (3, 6), (5,), (3,), (4, 6), (3,), (2,))",43.3085,624.7549100000001,668.0634100000001,3511.501368363437,4895.990132350538,152.07785701176792,3058.793874497549,3210.8717315093168
res50,LBLBLGGBBBBLGLLGLB,"((4,), (3,), (4,), (2,), (2,), (4, 7), (1, 5), (3,), (2,), (2,), (4,), (2,), (3, 4), (3,), (5,), (3, 2), (1,), (5,))",43.2918,649.8789800000001,693.17078,3517.959060390439,4617.489882576751,152.29878005061082,3000.8096150493,3153.10839509991
res50,LBLBLGGBBBBLGLLGLB,"((2,), (6,), (4,), (1,), (3,), (0, 0), (4, 7), (3,), (3,), (5,), (4,), (3,), (3, 6), (5,), (5,), (4, 4), (2,), (7,))",62.3282,635.167,697.4952000000001,3398.832656794427,4795.051794585294,211.8431215992144,3045.6586632113576,3257.501784810572
res50,LGGGLBGGBGBGLGLLGL,"((3,), (3, 1), (2, 2), (3, 6), (1,), (0,), (1, 7), (2, 4), (3,), (4, 6), (7,), (3, 0), (5,), (1, 7), (0,), (0,), (0, 7), (5,))",49.4755,867.83079,917.30629,3411.8569601476943,4369.717187210076,168.80332903178723,3792.175118653098,3960.978447684885
res50,LGGGLBGGBGBGLGLLGL,"((2,), (2, 4), (1, 5), (0, 1), (1,), (2,), (3, 6), (1, 3), (0,), (3, 7), (2,), (0, 0), (5,), (1, 2), (3,), (5,), (4, 4), (1,))",61.2802,904.87374,966.15394,3329.6244903064417,4256.514847493127,204.0400546908768,3851.608509416635,4055.648564107512
res50,LGGGLBGGBGBGLGLLGL,"((3,), (1, 0), (1, 3), (4, 6), (4,), (1,), (2, 0), (2, 5), (4,), (3, 0), (5,), (2, 7), (5,), (0, 0), (2,), (2,), (3, 7), (5,))",49.7405,768.9575900000002,818.6980900000002,3418.006823752229,4467.588057138397,170.01336841684775,3435.385745529925,3605.399113946773
res50,LGGGLBGGBGBGLGLLGL,"((0,), (2, 3), (0, 7), (3, 1), (1,), (6,), (4, 2), (0, 0), (5,), (0, 2), (7,), (0, 4), (3,), (0, 0), (5,), (2,), (2, 7), (3,))",121.458,916.5296999999996,1037.9876999999997,3226.5963658560377,4319.014025649256,391.8959414041426,3958.504629224103,4350.400570628246
res50,LGGGLBGGBGBGLGLLGL,"((1,), (0, 3), (3, 6), (4, 7), (4,), (4,), (2, 5), (4, 4), (2,), (1, 4), (7,), (0, 6), (3,), (4, 1), (2,), (1,), (4, 7), (5,))",82.6915,770.43185,853.1233500000001,3285.4980613830626,4574.51719710965,271.6827629428575,3524.3537470260026,3796.03650996886
res50,LGGGLBGGBGBGLGLLGL,"((3,), (3, 0), (1, 1), (2, 1), (4,), (2,), (3, 6), (3, 1), (2,), (2, 1), (7,), (0, 1), (2,), (0, 4), (1,), (3,), (2, 7), (5,))",49.3847,834.0429,883.4276,3413.960037878788,4332.562565161496,168.5973922826326,3613.543046278734,3782.1404385613664
res50,LGGGLBGGBGBGLGLLGL,"((2,), (2, 3), (4, 2), (4, 5), (0,), (4,), (3, 6), (3, 5), (3,), (2, 3), (0,), (1, 7), (5,), (4, 1), (1,), (3,), (0, 6), (1,))",61.3564,818.2305599999999,879.5869599999999,3323.5771106941843,4401.031586789359,203.92272663459664,3601.0585398363446,3804.981266470941
res50,LGGGLBGGBGBGLGLLGL,"((5,), (4, 2), (4, 0), (2, 5), (4,), (7,), (4, 7), (0, 6), (3,), (1, 1), (0,), (1, 5), (3,), (3, 3), (3,), (5,), (0, 0), (0,))",36.6171,793.24263,829.85973,3605.255268115941,4500.068938016682,132.0139926781282,3569.64651957366,3701.660512251788
res50,LGGGLBGGBGBGLGLLGL,"((5,), (4, 3), (1, 6), (2, 2), (3,), (5,), (3, 6), (0, 0), (2,), (2, 0), (5,), (1, 5), (1,), (4, 0), (4,), (4,), (3, 5), (5,))",35.5891,733.2251099999999,768.8142099999999,3641.034465932618,4577.314487903952,129.58113971152255,3356.2019188979684,3485.783058609491
res50,LGGGLBGGBGBGLGLLGL,"((0,), (3, 2), (0, 4), (4, 1), (0,), (4,), (3, 5), (3, 7), (1,), (3, 4), (3,), (4, 3), (0,), (1, 3), (2,), (5,), (0, 4), (4,))",121.556,876.45859,998.01459,3233.033118704814,4300.980688996865,392.9945737772824,3769.631470295421,4162.626044072703
res50,GLBLLBGLLLGLLBLLGB,"((0, 7), (2,), (4,), (4,), (2,), (2,), (1, 1), (4,), (4,), (4,), (0, 0), (2,), (5,), (2,), (2,), (5,), (2, 0), (7,))",11.4908,710.2575700000001,721.7483700000001,5251.293928571428,4387.735499400829,60.34156827442857,3116.42235360717,3176.7639218815984
res50,GLBLLBGLLLGLLBLLGB,"((1, 4), (2,), (5,), (4,), (1,), (4,), (4, 4), (2,), (2,), (3,), (2, 7), (3,), (0,), (5,), (4,), (3,), (4, 2), (0,))",19.9582,615.4380799999999,635.3962799999999,3997.619931710447,4647.544339406293,79.78529812106345,2860.2757649590767,2940.06106308014
res50,GLBLLBGLLLGLLBLLGB,"((3, 6), (0,), (7,), (1,), (0,), (2,), (0, 6), (3,), (0,), (4,), (0, 2), (3,), (5,), (6,), (4,), (0,), (2, 6), (4,))",14.1121,797.9266899999999,812.03879,4770.332756132757,4315.772933465914,67.31941288782107,3443.6704115920465,3510.989824479868
res50,GLBLLBGLLLGLLBLLGB,"((3, 7), (3,), (1,), (5,), (2,), (5,), (0, 1), (4,), (1,), (2,), (3, 6), (3,), (3,), (3,), (1,), (1,), (0, 6), (0,))",14.9928,734.0557200000001,749.04852,4756.556282606282,4347.771798197438,71.31409703385948,3191.5067577215154,3262.820854755375
res50,GLBLLBGLLLGLLBLLGB,"((3, 2), (5,), (1,), (0,), (2,), (2,), (4, 1), (0,), (1,), (5,), (1, 1), (5,), (0,), (3,), (5,), (3,), (4, 5), (7,))",22.5285,694.49561,717.0241100000001,4146.094619008443,4480.138676920898,93.40529262433172,3111.436643312773,3204.8419359371046
res50,GLBLLBGLLLGLLBLLGB,"((3, 6), (3,), (3,), (1,), (1,), (0,), (3, 6), (2,), (4,), (3,), (0, 1), (0,), (5,), (7,), (3,), (3,), (0, 2), (1,))",15.3557,763.50298,778.8586799999999,4502.326648629147,4333.102490227987,69.13637731835459,3308.336663934489,3377.473041252844
res50,GLBLLBGLLLGLLBLLGB,"((0, 1), (2,), (3,), (4,), (0,), (0,), (1, 7), (2,), (5,), (4,), (3, 1), (3,), (3,), (2,), (3,), (0,), (1, 4), (7,))",33.4042,764.5172699999998,797.9214699999999,3706.075634583787,4278.26411779548,123.79849171276376,3270.806803675958,3394.605295388721
res50,GLBLLBGLLLGLLBLLGB,"((2, 1), (2,), (3,), (3,), (3,), (2,), (1, 3), (3,), (1,), (2,), (4, 4), (0,), (2,), (5,), (1,), (5,), (0, 5), (7,))",32.7537,729.1342000000001,761.8879000000001,3772.070614103768,4337.386877633538,123.5492692731706,3162.5371111138275,3286.086380386998
res50,GLBLLBGLLLGLLBLLGB,"((3, 7), (0,), (6,), (0,), (0,), (7,), (3, 2), (0,), (3,), (1,), (2, 6), (0,), (3,), (6,), (1,), (5,), (4, 3), (5,))",12.4234,733.22387,745.64727,5044.523838383839,4466.994086265218,62.67013745377779,3275.306691198497,3337.976828652276
res50,GLBLLBGLLLGLLBLLGB,"((4, 4), (3,), (5,), (5,), (0,), (6,), (0, 2), (4,), (4,), (5,), (2, 4), (1,), (2,), (3,), (4,), (1,), (4, 2), (1,))",19.7879,636.5345,656.3224,4223.090253496502,4654.9740409595615,83.56608762716343,2963.0515736751736,3046.617661302337
res50,LBBBBGGLLGLGGGBGLL,"((0,), (4,), (2,), (7,), (0,), (1, 0), (0, 1), (4,), (0,), (1, 4), (1,), (3, 5), (3, 5), (1, 0), (3,), (1, 6), (2,), (0,))",121.645,901.7001,1023.3451,3221.0396882565924,4242.107915895261,391.8233728779732,3825.109131973548,4216.932504851521
res50,LBBBBGGLLGLGGGBGLL,"((2,), (3,), (7,), (6,), (3,), (4, 5), (2, 7), (3,), (0,), (3, 1), (3,), (1, 1), (0, 2), (0, 4), (6,), (4, 5), (5,), (4,))",60.769,746.4858999999999,807.2548999999999,3362.0082301438392,4637.627425962737,204.30587813761096,3461.923482934477,3666.229361072088
res50,LBBBBGGLLGLGGGBGLL,"((2,), (1,), (0,), (6,), (4,), (3, 5), (4, 3), (5,), (2,), (3, 5), (4,), (3, 7), (3, 7), (0, 7), (1,), (1, 7), (3,), (2,))",60.8614,770.3656000000001,831.2270000000001,3348.977288930582,4524.017155215176,203.82344637251973,3485.1471901876325,3688.970636560152
res50,LBBBBGGLLGLGGGBGLL,"((4,), (1,), (0,), (4,), (7,), (3, 5), (0, 0), (3,), (1,), (2, 1), (5,), (1, 0), (0, 7), (0, 6), (3,), (2, 1), (0,), (3,))",41.7691,908.6344,950.4035,3483.83783068783,4285.9268283319225,145.51677073378306,3894.34055210528,4039.857322839063
res50,LBBBBGGLLGLGGGBGLL,"((2,), (1,), (3,), (4,), (2,), (1, 7), (1, 0), (2,), (5,), (4, 3), (4,), (2, 4), (4, 3), (3, 4), (6,), (2, 2), (0,), (3,))",60.8319,714.5696999999999,775.4015999999999,3345.540989892332,4612.971613409178,203.51561494303127,3296.289741902312,3499.805356845344
res50,LBBBBGGLLGLGGGBGLL,"((0,), (1,), (4,), (6,), (5,), (1, 3), (3, 5), (1,), (1,), (3, 7), (1,), (2, 1), (2, 6), (2, 5), (6,), (3, 7), (2,), (2,))",120.859,728.5095999999999,849.3685999999999,3241.661613560877,4577.185898212021,391.7839809533541,3334.52386783208,3726.307848785433
res50,LBBBBGGLLGLGGGBGLL,"((0,), (6,), (1,), (3,), (5,), (0, 1), (3, 7), (1,), (4,), (2, 4), (5,), (2, 2), (0, 3), (4, 5), (5,), (3, 4), (2,), (3,))",120.14,751.2911,871.4311,3243.979826337212,4550.997325739413,389.7317363361527,3419.1237869518222,3808.855523287975
res50,LBBBBGGLLGLGGGBGLL,"((4,), (5,), (0,), (5,), (4,), (1, 4), (1, 4), (4,), (4,), (3, 7), (5,), (1, 6), (4, 0), (1, 6), (0,), (0, 3), (3,), (4,))",41.5222,845.7374000000001,887.2596000000001,3513.0243386243383,4397.051065276586,145.8684991932275,3718.7505356142506,3864.619034807478
res50,LBBBBGGLLGLGGGBGLL,"((4,), (5,), (0,), (0,), (3,), (3, 5), (2, 5), (2,), (5,), (3, 1), (5,), (2, 6), (3, 1), (2, 3), (2,), (4, 1), (1,), (0,))",42.7855,731.6118,774.3973,3467.8536535303765,4556.716289641883,148.3738524931239,3333.74740675422,3482.1212592473435
res50,LBBBBGGLLGLGGGBGLL,"((0,), (6,), (5,), (4,), (1,), (4, 6), (4, 7), (1,), (1,), (1, 6), (4,), (2, 2), (0, 4), (0, 7), (6,), (1, 4), (4,), (2,))",120.043,814.9707999999999,935.0138,3243.4410268452853,4477.9425115717,389.3523911855886,3649.3923910095978,4038.7447821951855
res50,GBGGLLGBGBLGLGLBLL,"((1, 4), (4,), (0, 2), (1, 0), (2,), (2,), (3, 1), (5,), (4, 7), (6,), (2,), (2, 2), (2,), (1, 3), (3,), (6,), (5,), (4,))",19.9393,730.5638,750.5031,4076.0625206492855,4571.843566019619,81.2738334179823,3340.023408596844,3421.297242014826
res50,GBGGLLGBGBLGLGLBLL,"((4, 5), (3,), (4, 1), (3, 3), (3,), (2,), (2, 6), (5,), (1, 4), (1,), (4,), (3, 4), (5,), (3, 5), (0,), (2,), (3,), (4,))",18.1931,702.9697,721.1628,4410.932573676324,4570.5169044514605,80.24853740615073,3212.934897167172,3293.1834345733228
res50,GBGGLLGBGBLGLGLBLL,"((1, 2), (5,), (1, 5), (1, 1), (0,), (4,), (3, 3), (7,), (3, 7), (2,), (1,), (3, 4), (2,), (1, 5), (0,), (2,), (2,), (0,))",27.6939,825.12,852.8139,3636.723292366388,4345.010281354885,100.7150511864655,3585.1548833515426,3685.869934538008
res50,GBGGLLGBGBLGLGLBLL,"((4, 1), (7,), (0, 0), (0, 3), (5,), (3,), (0, 5), (5,), (4, 7), (7,), (1,), (2, 3), (1,), (0, 2), (3,), (4,), (0,), (2,))",36.8396,851.0289000000001,887.8685000000002,3757.579743775548,4448.100447031238,138.42773472879367,3785.462030526504,3923.889765255297
res50,GBGGLLGBGBLGLGLBLL,"((0, 7), (2,), (3, 7), (3, 1), (3,), (5,), (0, 4), (7,), (2, 7), (3,), (2,), (2, 3), (3,), (2, 6), (0,), (4,), (1,), (3,))",13.9414,794.4611,808.4025,4914.614259906761,4430.782499147899,68.51660324306411,3520.084338133789,3588.6009413768534
res50,GBGGLLGBGBLGLGLBLL,"((4, 2), (3,), (0, 7), (4, 5), (4,), (2,), (3, 7), (7,), (4, 2), (0,), (3,), (2, 2), (3,), (1, 4), (2,), (1,), (5,), (5,))",28.2667,735.027,763.2937000000001,3978.897079463363,4614.8012181838185,112.47029007606704,3392.0034949979977,3504.473785074065
res50,GBGGLLGBGBLGLGLBLL,"((2, 3), (1,), (3, 5), (1, 4), (0,), (4,), (3, 6), (0,), (3, 0), (4,), (3,), (2, 2), (4,), (1, 7), (5,), (0,), (0,), (4,))",23.0322,870.1426000000001,893.1748000000001,3805.2259337068176,4286.703039029292,87.64272475032216,3730.04292780885,3817.685652559172
res50,GBGGLLGBGBLGLGLBLL,"((3, 2), (6,), (4, 7), (1, 4), (4,), (3,), (3, 4), (0,), (1, 6), (3,), (1,), (0, 1), (5,), (4, 0), (5,), (2,), (1,), (4,))",28.3051,764.9666,793.2717,3810.019007813652,4502.688327333318,107.8429690180662,3444.406180619855,3552.249149637921
res50,GBGGLLGBGBLGLGLBLL,"((4, 1), (5,), (0, 3), (0, 1), (3,), (3,), (1, 6), (1,), (2, 5), (2,), (4,), (1, 5), (4,), (2, 4), (0,), (4,), (1,), (0,))",36.7794,869.9831999999999,906.7626,3641.748454849498,4253.633824365422,133.94132312029163,3700.5899661496674,3834.531289269959
res50,GBGGLLGBGBLGLGLBLL,"((1, 3), (2,), (3, 2), (2, 7), (1,), (4,), (2, 3), (5,), (0, 5), (1,), (3,), (1, 4), (1,), (1, 3), (2,), (6,), (0,), (4,))",22.8627,869.5876,892.4503,3826.363848039215,4239.377037066109,87.48100874856617,3686.509703157428,3773.9907119059935
res50,BBLBBGGLBGBLBGLBBB,"((0,), (0,), (3,), (7,), (7,), (1, 2), (0, 3), (2,), (6,), (1, 3), (5,), (1,), (5,), (0, 4), (2,), (5,), (0,), (3,))",48.5797,846.0518,894.6315,3405.285890438281,4381.163907557256,165.42776697172457,3706.69161008385,3872.119377055574
res50,BBLBBGGLBGBLBGLBBB,"((2,), (4,), (0,), (7,), (7,), (2, 3), (2, 5), (2,), (7,), (3, 5), (2,), (1,), (3,), (0, 1), (4,), (2,), (3,), (1,))",27.0029,731.9244000000001,758.9273000000001,3659.572961263452,4631.899862200715,98.81908271570086,3390.2005275013416,3489.0196102170426
res50,BBLBBGGLBGBLBGLBBB,"((2,), (5,), (1,), (0,), (7,), (0, 0), (3, 0), (1,), (3,), (4, 6), (5,), (5,), (3,), (3, 1), (2,), (6,), (6,), (0,))",28.2861,715.3513999999999,743.6374999999999,3646.190079500369,4668.210227639509,103.13649720775538,3339.410721836241,3442.5472190439964
res50,BBLBBGGLBGBLBGLBBB,"((1,), (4,), (2,), (2,), (6,), (1, 4), (4, 6), (0,), (5,), (1, 7), (6,), (1,), (6,), (4, 3), (1,), (1,), (2,), (3,))",32.1675,754.1332,786.3007,3531.714811487219,4552.809131942366,113.6064361985151,3433.4245196609186,3547.0309558594336
res50,BBLBBGGLBGBLBGLBBB,"((2,), (7,), (1,), (3,), (7,), (3, 3), (0, 7), (3,), (1,), (1, 5), (1,), (5,), (6,), (3, 6), (2,), (7,), (2,), (2,))",24.8718,735.9193999999999,760.7911999999999,3666.342078726228,4666.087330616489,91.188526913663,3433.864188694888,3525.0527156085504
res50,BBLBBGGLBGBLBGLBBB,"((7,), (4,), (3,), (2,), (7,), (3, 3), (4, 7), (5,), (3,), (1, 1), (2,), (4,), (6,), (4, 3), (5,), (2,), (7,), (4,))",10.4195,613.4313999999999,623.8508999999999,4992.481944444446,5081.734447103346,52.0191656201389,3117.295476314831,3169.31464193497
res50,BBLBBGGLBGBLBGLBBB,"((3,), (0,), (0,), (3,), (4,), (4, 2), (3, 4), (1,), (3,), (0, 4), (3,), (1,), (2,), (1, 0), (4,), (4,), (1,), (0,))",23.5598,837.0026,860.5624,3766.526123108488,4276.709878454524,88.73860215521135,3579.6172877121207,3668.355889867332
res50,BBLBBGGLBGBLBGLBBB,"((6,), (6,), (2,), (5,), (1,), (1, 6), (1, 0), (3,), (2,), (2, 3), (2,), (0,), (5,), (1, 0), (4,), (5,), (4,), (4,))",11.7464,749.6655999999999,761.4119999999999,4603.299437229437,4496.784801849116,54.07219650947185,3371.084876549098,3425.15707305857
res50,BBLBBGGLBGBLBGLBBB,"((5,), (5,), (1,), (2,), (4,), (1, 4), (3, 1), (4,), (7,), (1, 5), (0,), (1,), (0,), (2, 2), (5,), (4,), (5,), (7,))",10.5646,761.1202999999999,771.6849,4705.612068487068,4553.584469124876,49.712909258738485,3465.825577215666,3515.538486474404
res50,BBLBBGGLBGBLBGLBBB,"((4,), (6,), (3,), (1,), (4,), (2, 6), (2, 6), (3,), (3,), (1, 1), (4,), (1,), (2,), (0, 2), (1,), (7,), (4,), (0,))",19.7674,773.8008000000001,793.5682,3977.890501165501,4440.469004073055,78.63255269273891,3436.038467726933,3514.6710204196725
res50,BGGBGGLBLGBGBGGGGG,"((5,), (1, 7), (1, 6), (4,), (0, 1), (4, 4), (4,), (4,), (2,), (0, 5), (2,), (0, 6), (7,), (0, 0), (4, 1), (0, 0), (0, 3), (1, 0))",18.9375,1033.3270000000002,1052.2645000000002,4208.47378996004,4334.476819669985,79.69797239736828,4478.931928639128,4558.629901036496
res50,BGGBGGLBLGBGBGGGGG,"((2,), (3, 2), (0, 5), (1,), (0, 7), (4, 3), (2,), (0,), (4,), (2, 3), (2,), (0, 2), (7,), (0, 0), (0, 6), (2, 7), (1, 1), (0, 2))",27.6206,1101.0594999999998,1128.6800999999998,3672.462898294946,4218.671196511912,101.43562872864538,4645.007998295807,4746.443627024452
res50,BGGBGGLBLGBGBGGGGG,"((0,), (0, 5), (3, 1), (1,), (2, 4), (2, 3), (2,), (5,), (5,), (1, 4), (1,), (3, 7), (1,), (4, 3), (3, 1), (4, 4), (0, 7), (1, 5))",52.9138,893.8796,946.7934,3462.0653818107344,4501.76967075803,183.1910352000569,4024.040072589319,4207.231107789376
res50,BGGBGGLBLGBGBGGGGG,"((6,), (1, 5), (3, 2), (4,), (4, 3), (2, 4), (3,), (7,), (5,), (3, 2), (7,), (3, 6), (4,), (1, 6), (2, 3), (1, 5), (4, 5), (1, 2))",14.7456,711.2170000000001,725.9626000000001,4527.519467199466,4996.410821717182,66.76099105553645,3553.53231538923,3620.293306444767
res50,BGGBGGLBLGBGBGGGGG,"((2,), (4, 7), (2, 3), (3,), (3, 4), (2, 0), (5,), (4,), (4,), (3, 3), (1,), (3, 3), (0,), (4, 1), (0, 4), (4, 5), (2, 2), (0, 5))",28.0684,817.6378999999998,845.7062999999998,3760.10928067074,4630.110234835758,105.5402513335786,3785.753609179616,3891.293860513194
res50,BGGBGGLBLGBGBGGGGG,"((7,), (0, 6), (2, 2), (7,), (2, 4), (3, 1), (5,), (7,), (3,), (2, 0), (2,), (2, 5), (4,), (4, 4), (4, 0), (0, 5), (4, 7), (2, 3))",13.176,777.0800999999999,790.2561,4976.0032323232335,4905.049626533503,65.56381858909093,3811.616454291617,3877.180272880708
res50,BGGBGGLBLGBGBGGGGG,"((3,), (3, 4), (4, 2), (0,), (1, 2), (3, 5), (0,), (0,), (5,), (4, 7), (6,), (0, 7), (0,), (0, 5), (4, 2), (2, 4), (4, 0), (0, 5))",21.6078,933.0458,954.6536,3927.9602635926176,4545.1902441344855,84.87457978365656,4240.870667490656,4325.7452472743125
res50,BGGBGGLBLGBGBGGGGG,"((2,), (0, 3), (3, 4), (1,), (1, 5), (1, 7), (5,), (3,), (3,), (1, 0), (4,), (3, 1), (4,), (4, 4), (0, 3), (3, 5), (4, 2), (3, 6))",25.3451,896.4541,921.7992,3900.444804633361,4487.182975451724,98.857163617913,4022.5535757938974,4121.41073941181
res50,BGGBGGLBLGBGBGGGGG,"((6,), (2, 3), (1, 4), (2,), (3, 4), (2, 5), (2,), (3,), (2,), (0, 1), (4,), (0, 7), (7,), (1, 6), (3, 1), (4, 6), (0, 2), (4, 6))",13.1901,883.415,896.6051,4881.486691919191,4532.382632837255,64.38729761508331,4003.974803587924,4068.362101203007
res50,BGGBGGLBLGBGBGGGGG,"((1,), (4, 6), (0, 1), (5,), (1, 3), (0, 6), (0,), (6,), (1,), (4, 5), (3,), (4, 6), (7,), (4, 3), (3, 2), (3, 4), (0, 6), (1, 7))",35.6795,852.7402,888.4196999999999,3666.534246732724,4650.800190072809,130.82010865630022,3965.9242842427248,4096.744392899025
res50,LBLGGLGLGGGGLBLLLL,"((1,), (2,), (3,), (4, 4), (2, 7), (4,), (3, 2), (5,), (3, 0), (1, 2), (1, 5), (1, 7), (3,), (0,), (4,), (3,), (5,), (2,))",77.2335,721.2104999999999,798.444,3255.457624041492,4535.553774783111,251.4303864064086,3271.0890056882145,3522.519392094623
res50,LBLGGLGLGGGGLBLLLL,"((0,), (4,), (2,), (1, 2), (1, 2), (4,), (2, 0), (3,), (1, 7), (2, 4), (1, 2), (1, 0), (1,), (4,), (5,), (1,), (3,), (2,))",117.711,801.4404999999999,919.1515,3220.92976506502,4316.753463156308,379.1388635755686,3459.621053888722,3838.759917464291
res50,LBLGGLGLGGGGLBLLLL,"((2,), (3,), (1,), (2, 7), (3, 0), (4,), (1, 3), (4,), (0, 6), (3, 7), (3, 1), (4, 5), (0,), (0,), (0,), (1,), (4,), (5,))",56.8014,837.8348999999998,894.6362999999999,3324.2298423780267,4303.372009361592,188.82090896885128,3605.515257126268,3794.336166095119
res50,LBLGGLGLGGGGLBLLLL,"((1,), (2,), (0,), (4, 5), (2, 1), (1,), (2, 5), (1,), (4, 6), (1, 6), (1, 2), (2, 5), (4,), (7,), (2,), (4,), (2,), (4,))",80.0298,741.8767,821.9065,3275.573986102689,4509.544017847447,262.143530993001,3345.5256344654053,3607.669165458408
res50,LBLGGLGLGGGGLBLLLL,"((3,), (0,), (0,), (1, 5), (3, 2), (0,), (1, 1), (2,), (2, 0), (2, 0), (4, 0), (3, 2), (0,), (2,), (5,), (4,), (2,), (0,))",49.8261,813.6397,863.4658,3354.091122671209,4297.434463336836,167.12127968732793,3496.563287519044,3663.684567206372
res50,LBLGGLGLGGGGLBLLLL,"((5,), (0,), (5,), (1, 1), (2, 1), (0,), (3, 5), (4,), (2, 6), (1, 0), (3, 4), (0, 4), (1,), (1,), (0,), (5,), (1,), (0,))",36.1258,889.4971999999999,925.623,3554.7348326745728,4202.278908515623,128.41763961823509,3737.9153227437023,3866.3329623619375
res50,LBLGGLGLGGGGLBLLLL,"((4,), (0,), (1,), (1, 1), (2, 4), (1,), (4, 4), (4,), (1, 2), (2, 2), (4, 2), (0, 1), (3,), (0,), (0,), (3,), (5,), (5,))",39.6523,881.0892000000001,920.7415,3490.754949559299,4200.182981382227,138.41646248641015,3700.7358629196815,3839.152325406092
res50,LBLGGLGLGGGGLBLLLL,"((3,), (2,), (5,), (0, 1), (3, 7), (0,), (4, 4), (3,), (1, 6), (3, 4), (1, 7), (0, 2), (2,), (2,), (2,), (4,), (5,), (2,))",48.6358,796.4351,845.0709,3390.794713110165,4380.937820189623,164.9140135078834,3489.1326509165046,3654.046664424388
res50,LBLGGLGLGGGGLBLLLL,"((0,), (1,), (5,), (0, 6), (2, 4), (4,), (1, 5), (5,), (0, 1), (3, 3), (4, 0), (2, 5), (2,), (2,), (1,), (0,), (0,), (0,))",119.447,884.5126999999999,1003.9597,3186.5747624097708,4211.906084250041,380.6267956455599,3725.484422726431,4106.111218371991
res50,LBLGGLGLGGGGLBLLLL,"((4,), (6,), (0,), (2, 3), (4, 7), (5,), (3, 7), (4,), (4, 2), (3, 7), (3, 7), (1, 4), (1,), (5,), (1,), (3,), (4,), (5,))",39.7476,657.2121,696.9597,3504.032791016552,4773.763874996103,139.2768937642095,3137.3753811903266,3276.652274954536
res50,BGLGGGGLLGGLLLBGGL,"((5,), (3, 6), (1,), (4, 2), (0, 0), (1, 2), (1, 0), (2,), (0,), (1, 6), (4, 0), (5,), (2,), (0,), (6,), (3, 5), (3, 5), (2,))",19.5859,775.8592600000001,795.4451600000001,4179.004392372333,4469.361888422461,81.84956212856527,3467.595807423653,3549.4453695522184
res50,BGLGGGGLLGGLLLBGGL,"((5,), (0, 2), (3,), (2, 2), (1, 1), (3, 1), (3, 1), (3,), (0,), (2, 1), (0, 0), (3,), (2,), (1,), (7,), (3, 2), (2, 3), (1,))",19.4951,810.5979400000001,830.0930400000001,4199.653069430571,4348.139951754839,81.87265655385593,3524.593287724172,3606.465944278028
res50,BGLGGGGLLGGLLLBGGL,"((4,), (0, 4), (2,), (1, 2), (3, 0), (3, 7), (4, 1), (3,), (2,), (2, 3), (4, 1), (3,), (0,), (4,), (2,), (2, 7), (3, 1), (2,))",22.4846,732.1091299999999,754.5937299999999,3991.457904995333,4479.769332314152,89.74633441065806,3279.6800284811943,3369.4263628918525
res50,BGLGGGGLLGGLLLBGGL,"((0,), (1, 4), (4,), (4, 3), (1, 6), (0, 7), (3, 2), (1,), (2,), (3, 0), (4, 5), (5,), (0,), (3,), (6,), (4, 1), (1, 7), (5,))",61.3714,770.1206999999999,831.4920999999999,3420.555745331904,4549.796087153354,209.9242948690624,3503.892147495802,3713.816442364865
res50,BGLGGGGLLGGLLLBGGL,"((1,), (0, 5), (3,), (2, 7), (3, 3), (0, 3), (2, 6), (3,), (5,), (0, 4), (0, 3), (1,), (4,), (3,), (3,), (2, 3), (4, 3), (4,))",42.2806,858.7118599999999,900.99246,3509.012032967032,4305.048199982643,148.3631341610659,3696.795947196747,3845.1590813578127
res50,BGLGGGGLLGGLLLBGGL,"((3,), (3, 0), (5,), (1, 2), (1, 3), (0, 7), (4, 6), (4,), (1,), (2, 6), (4, 1), (3,), (4,), (4,), (2,), (1, 2), (2, 5), (4,))",26.4253,754.92515,781.35045,3785.057601049191,4461.061183600295,100.02128262500518,3367.7672831886307,3467.788565813636
res50,BGLGGGGLLGGLLLBGGL,"((4,), (0, 1), (0,), (2, 4), (3, 0), (4, 1), (0, 0), (5,), (5,), (0, 4), (1, 5), (1,), (1,), (5,), (7,), (3, 7), (0, 7), (2,))",22.3085,867.11227,889.42077,3979.923688141923,4399.891125539667,88.78612759691408,3815.1995816195554,3903.985709216469
res50,BGLGGGGLLGGLLLBGGL,"((5,), (4, 0), (5,), (1, 1), (2, 7), (0, 7), (2, 4), (4,), (1,), (2, 2), (4, 3), (0,), (0,), (4,), (0,), (4, 1), (4, 5), (5,))",20.2259,819.9116599999999,840.1375599999999,4224.008950289905,4441.173092867365,85.4343826276686,3641.369602920215,3726.803985547884
res50,BGLGGGGLLGGLLLBGGL,"((5,), (1, 4), (1,), (2, 1), (0, 0), (4, 4), (3, 0), (5,), (1,), (1, 6), (1, 5), (5,), (2,), (1,), (6,), (0, 5), (0, 1), (3,))",19.4578,887.38092,906.83872,4249.716648351648,4273.606594915865,82.69013660029668,3792.316951914507,3875.007088514804
res50,BGLGGGGLLGGLLLBGGL,"((7,), (2, 7), (4,), (2, 6), (1, 4), (2, 4), (0, 0), (3,), (1,), (4, 4), (3, 3), (0,), (4,), (4,), (0,), (4, 7), (2, 1), (0,))",16.0759,825.81944,841.89534,4776.481940836942,4405.271507637039,76.7862460327006,3637.958849484775,3714.7450955174754
res50,BLLBGGLBBGLGLGGBBL,"((6,), (0,), (0,), (7,), (4, 1), (2, 3), (4,), (6,), (4,), (4, 2), (2,), (3, 5), (4,), (1, 2), (2, 6), (0,), (7,), (5,))",17.6145,743.65857,761.2730700000001,4550.922276473525,4744.027297955514,80.16222043894291,3527.9365564385616,3608.098776877504
res50,BLLBGGLBBGLGLGGBBL,"((7,), (0,), (1,), (0,), (4, 5), (4, 7), (0,), (1,), (5,), (4, 7), (2,), (0, 2), (0,), (3, 6), (0, 1), (3,), (1,), (1,))",15.5422,947.93275,963.47495,4880.505497280497,4326.354843955966,75.85379253983294,4101.093444707,4176.9472372468335
res50,BLLBGGLBBGLGLGGBBL,"((6,), (5,), (3,), (5,), (2, 4), (3, 3), (0,), (1,), (2,), (2, 0), (5,), (3, 3), (4,), (2, 0), (3, 0), (5,), (3,), (5,))",17.5989,700.15534,717.75424,4550.369098401598,4694.988823241722,80.0814907258599,3287.221495833008,3367.302986558868
res50,BLLBGGLBBGLGLGGBBL,"((3,), (1,), (4,), (0,), (2, 3), (3, 1), (0,), (4,), (4,), (4, 3), (2,), (3, 7), (0,), (0, 5), (2, 3), (6,), (5,), (5,))",26.3509,814.9096999999999,841.2606,3824.772018403851,4467.062009688765,100.78618497975802,3640.252162196869,3741.0383471766254
res50,BLLBGGLBBGLGLGGBBL,"((4,), (5,), (0,), (7,), (4, 4), (1, 2), (4,), (0,), (5,), (1, 5), (0,), (1, 3), (3,), (0, 6), (0, 3), (0,), (4,), (5,))",22.6057,974.02531,996.63101,4018.161297493356,4301.543733793905,90.83334884274556,4189.812468787165,4280.64581762991
res50,BLLBGGLBBGLGLGGBBL,"((1,), (3,), (5,), (1,), (3, 7), (0, 7), (5,), (1,), (6,), (1, 6), (1,), (3, 7), (4,), (1, 1), (2, 4), (0,), (6,), (3,))",42.0187,843.1674,885.1861,3522.463069765485,4484.266490742271,148.009318989555,3780.987317906285,3928.99663689584
res50,BLLBGGLBBGLGLGGBBL,"((0,), (4,), (2,), (4,), (1, 0), (1, 5), (0,), (7,), (3,), (2, 1), (3,), (2, 5), (3,), (0, 2), (4, 1), (1,), (2,), (0,))",61.2899,854.19198,915.48188,3399.669854596624,4407.292948064837,208.36542542124164,3764.674289747541,3973.039715168782
res50,BLLBGGLBBGLGLGGBBL,"((0,), (5,), (4,), (6,), (2, 2), (0, 5), (2,), (0,), (7,), (4, 5), (5,), (2, 2), (5,), (2, 2), (3, 7), (0,), (2,), (4,))",61.3711,800.28292,861.65402,3413.109523139462,4631.687003329146,209.46628585554424,3706.659999550299,3916.126285405843
res50,BLLBGGLBBGLGLGGBBL,"((7,), (0,), (3,), (1,), (3, 5), (2, 2), (3,), (0,), (7,), (0, 1), (4,), (0, 7), (2,), (3, 5), (3, 2), (3,), (6,), (0,))",16.1801,824.46091,840.64101,4778.277466977467,4569.655150499434,77.31300724344212,3767.502043766952,3844.815051010392
res50,BLLBGGLBBGLGLGGBBL,"((7,), (1,), (3,), (1,), (1, 3), (1, 4), (1,), (0,), (6,), (0, 6), (0,), (3, 5), (4,), (0, 5), (0, 4), (4,), (0,), (3,))",15.8725,1031.07359,1046.94609,4900.394811854813,4205.422871558168,77.78151665116553,4336.100457645589,4413.881974296754
res50,LGLBGLGBBBBLGGBLBB,"((0,), (2, 3), (0,), (2,), (4, 6), (5,), (1, 0), (6,), (0,), (7,), (6,), (5,), (4, 3), (0, 5), (1,), (0,), (1,), (2,))",122.111,894.3912,1016.5022,3201.0780619642314,4333.8282776648175,390.8868432245143,3876.1378738545695,4267.024717079084
res50,LGLBGLGBBBBLGGBLBB,"((3,), (1, 0), (1,), (1,), (3, 6), (4,), (4, 7), (6,), (0,), (2,), (4,), (0,), (1, 1), (4, 1), (3,), (1,), (0,), (6,))",51.0342,875.2183,926.2525,3410.7899286987526,4251.899149843245,174.06693537919787,3721.33994569725,3895.406881076448
res50,LGLBGLGBBBBLGGBLBB,"((2,), (3, 5), (5,), (6,), (0, 2), (3,), (2, 1), (5,), (6,), (5,), (3,), (3,), (2, 2), (1, 4), (0,), (4,), (1,), (2,))",62.3328,826.9479,889.2807,3306.0155956848025,4363.704959431874,206.07320892270167,3608.556652421773,3814.629861344475
res50,LGLBGLGBBBBLGGBLBB,"((5,), (4, 2), (5,), (4,), (1, 7), (0,), (1, 6), (5,), (2,), (1,), (2,), (1,), (1, 7), (3, 4), (2,), (0,), (1,), (7,))",37.3308,847.6183000000001,884.9491,3650.495268115942,4310.731106252311,136.27590875498262,3653.854572038704,3790.130480793687
res50,LGLBGLGBBBBLGGBLBB,"((1,), (3, 6), (3,), (4,), (1, 4), (1,), (0, 5), (1,), (4,), (4,), (7,), (4,), (1, 5), (0, 3), (0,), (4,), (1,), (5,))",83.3964,916.4392,999.8356,3256.358400673402,4205.862756505276,271.5685677259193,3854.4174998814897,4125.986067607409
res50,LGLBGLGBBBBLGGBLBB,"((5,), (4, 3), (3,), (3,), (0, 1), (4,), (0, 3), (5,), (0,), (2,), (4,), (0,), (0, 4), (2, 7), (3,), (2,), (5,), (2,))",37.1636,900.1360999999999,937.2997,3627.483533546165,4225.548803482196,134.81034704729626,3803.5690203261297,3938.379367373426
res50,LGLBGLGBBBBLGGBLBB,"((4,), (2, 7), (1,), (4,), (2, 4), (5,), (0, 4), (6,), (7,), (3,), (4,), (4,), (1, 0), (2, 1), (7,), (2,), (7,), (3,))",43.3215,711.3342,754.6557,3535.0644088669947,4750.606149288064,153.14429278873152,3379.268624718906,3532.4129175076373
res50,LGLBGLGBBBBLGGBLBB,"((5,), (2, 1), (2,), (7,), (3, 4), (5,), (2, 2), (7,), (0,), (2,), (4,), (5,), (0, 3), (4, 1), (5,), (4,), (7,), (0,))",36.3823,715.7668,752.1491,3615.738572463768,4723.219707945371,131.54888546494854,3380.723856052992,3512.2727415179406
res50,LGLBGLGBBBBLGGBLBB,"((4,), (1, 4), (2,), (1,), (0, 5), (3,), (1, 4), (3,), (6,), (0,), (6,), (1,), (2, 6), (3, 1), (3,), (2,), (2,), (5,))",43.3136,853.0191000000001,896.3327,3509.265909505564,4298.159443390928,151.99893989796018,3666.412100057831,3818.411039955791
res50,LGLBGLGBBBBLGGBLBB,"((0,), (2, 5), (0,), (7,), (3, 7), (0,), (2, 0), (3,), (7,), (0,), (7,), (0,), (4, 3), (0, 2), (4,), (5,), (3,), (5,))",121.998,835.8949999999998,957.8929999999998,3245.189801572616,4482.628414445768,395.906665412256,3747.006678493144,4142.9133439054
res50,GGBBLBBLGBLLLGBLLB,"((2, 1), (1, 3), (6,), (0,), (0,), (3,), (2,), (2,), (2, 7), (4,), (2,), (3,), (2,), (4, 0), (2,), (1,), (4,), (3,))",33.126,770.18205,803.30805,3598.6337553509497,4324.434840911312,119.20834177975556,3330.602090864498,3449.810432644254
res50,GGBBLBBLGBLLLGBLLB,"((4, 3), (1, 7), (4,), (0,), (0,), (1,), (2,), (2,), (2, 2), (2,), (1,), (1,), (1,), (2, 1), (1,), (0,), (0,), (6,))",19.6756,915.01577,934.69137,4092.4308824508817,4070.4694044242274,80.52103307075056,3724.5436963506754,3805.064729421426
res50,GGBBLBBLGBLLLGBLLB,"((3, 4), (3, 1), (4,), (5,), (3,), (3,), (7,), (1,), (1, 2), (5,), (3,), (2,), (4,), (4, 6), (5,), (5,), (2,), (2,))",18.2138,598.9236500000001,617.1374500000001,4082.1495615495633,4827.260625829912,74.35145568415143,2891.160553523336,2965.512009207487
res50,GGBBLBBLGBLLLGBLLB,"((1, 4), (3, 0), (4,), (1,), (2,), (2,), (4,), (5,), (1, 3), (6,), (0,), (3,), (5,), (2, 7), (5,), (3,), (0,), (3,))",17.6849,732.14711,749.83201,4069.646996891997,4459.283617845076,71.97130017533527,3264.851613475617,3336.822913650952
res50,GGBBLBBLGBLLLGBLLB,"((2, 3), (1, 6), (4,), (2,), (4,), (6,), (0,), (1,), (0, 5), (0,), (3,), (1,), (3,), (4, 6), (4,), (1,), (3,), (7,))",17.8081,800.90467,818.71277,4233.086672910422,4324.78284266334,75.38323077985608,3463.738775424944,3539.1220062048
res50,GGBBLBBLGBLLLGBLLB,"((3, 6), (2, 4), (7,), (7,), (3,), (4,), (6,), (1,), (4, 2), (5,), (5,), (0,), (4,), (3, 5), (3,), (4,), (5,), (0,))",15.8155,590.0450599999999,605.86056,4458.250800310801,5003.63908247225,70.50946553231549,2952.372522635684,3022.8819881679988
res50,GGBBLBBLGBLLLGBLLB,"((2, 1), (4, 3), (1,), (6,), (0,), (4,), (7,), (3,), (4, 4), (5,), (5,), (4,), (2,), (2, 0), (2,), (1,), (4,), (6,))",29.2052,670.98529,700.19049,3790.3485125579737,4676.0290491679325,110.69788637895812,3137.546707604369,3248.2445939833274
res50,GGBBLBBLGBLLLGBLLB,"((2, 3), (3, 2), (7,), (4,), (2,), (4,), (5,), (0,), (1, 3), (5,), (0,), (3,), (3,), (2, 5), (4,), (2,), (3,), (1,))",21.7059,690.5610800000001,712.2669800000001,3835.493983932735,4532.90851716435,83.25284886584555,3130.2502011542124,3213.503050020058
res50,GGBBLBBLGBLLLGBLLB,"((0, 1), (3, 2), (2,), (4,), (2,), (6,), (3,), (0,), (2, 2), (7,), (2,), (3,), (2,), (0, 6), (2,), (5,), (0,), (6,))",32.3375,784.13455,816.47205,3652.951278315901,4363.142898395509,118.12731196254045,3421.2910932190584,3539.4184051815987
res50,GGBBLBBLGBLLLGBLLB,"((3, 5), (2, 1), (6,), (7,), (2,), (0,), (0,), (5,), (2, 7), (3,), (1,), (3,), (1,), (0, 3), (6,), (4,), (2,), (1,))",16.8675,753.19204,770.05954,4270.204591242092,4477.53205661593,72.02767594277599,3372.441503887948,3444.469179830724
res50,BGBLBGLBGLGBLGBGLG,"((1,), (0, 3), (1,), (4,), (4,), (4, 6), (0,), (3,), (2, 6), (5,), (1, 2), (2,), (1,), (4, 6), (0,), (0, 6), (1,), (1, 5))",41.4149,969.23461,1010.64951,3546.417413547502,4213.90738790619,146.87452254032843,4084.264883693376,4231.139406233703
res50,BGBLBGLBGLGBLGBGLG,"((6,), (4, 3), (5,), (0,), (7,), (1, 7), (4,), (4,), (4, 2), (2,), (0, 7), (5,), (0,), (2, 5), (3,), (0, 4), (4,), (4, 4))",16.9479,802.14843,819.09633,4674.197113442112,4616.526825329446,79.21782525890558,3703.139744990899,3782.3575702498047
res50,BGBLBGLBGLGBLGBGLG,"((1,), (2, 0), (5,), (3,), (0,), (0, 0), (0,), (4,), (0, 7), (3,), (2, 3), (1,), (5,), (2, 1), (5,), (1, 0), (5,), (1, 6))",41.3133,935.18184,976.49514,3569.103205389119,4253.157759207828,147.45143145520228,3977.4758990662535,4124.927330521456
res50,BGBLBGLBGLGBLGBGLG,"((4,), (2, 6), (6,), (5,), (2,), (3, 5), (0,), (3,), (4, 7), (5,), (3, 3), (3,), (0,), (0, 1), (2,), (0, 4), (2,), (1, 7))",20.8738,835.5927800000002,856.4665800000001,4167.457712287712,4440.247368989476,86.99067879475123,3710.238642941603,3797.229321736354
res50,BGBLBGLBGLGBLGBGLG,"((5,), (0, 4), (7,), (3,), (5,), (3, 0), (5,), (7,), (1, 0), (4,), (0, 0), (6,), (3,), (4, 6), (4,), (4, 1), (3,), (0, 6))",17.7958,735.8304899999999,753.6262899999999,4406.530416250415,4766.985244937841,78.41773398150914,3507.693088605381,3586.1108225868907
res50,BGBLBGLBGLGBLGBGLG,"((3,), (2, 0), (5,), (2,), (4,), (3, 7), (3,), (2,), (0, 5), (0,), (3, 7), (7,), (4,), (3, 5), (1,), (0, 7), (1,), (1, 2))",25.3084,864.2063400000002,889.5147400000002,3800.411633986927,4395.921957210374,96.18233779759474,3798.983625566416,3895.165963364009
res50,BGBLBGLBGLGBLGBGLG,"((7,), (2, 4), (4,), (1,), (2,), (0, 0), (5,), (2,), (2, 4), (0,), (3, 5), (5,), (5,), (2, 3), (0,), (4, 0), (4,), (3, 2))",16.2042,847.6609199999999,863.8651199999999,4843.740372405372,4413.271244928863,78.48893774253112,3740.957563685945,3819.446501428476
res50,BGBLBGLBGLGBLGBGLG,"((3,), (3, 4), (4,), (3,), (5,), (0, 5), (3,), (4,), (2, 7), (5,), (4, 5), (1,), (2,), (0, 7), (5,), (3, 6), (1,), (4, 7))",23.0209,760.0821,783.103,4185.7513024638765,4618.661357758539,96.35976215889066,3510.5618239939618,3606.921586152852
res50,BGBLBGLBGLGBLGBGLG,"((6,), (2, 2), (0,), (4,), (1,), (1, 7), (5,), (5,), (2, 7), (4,), (1, 6), (4,), (2,), (4, 4), (4,), (3, 3), (3,), (4, 3))",17.0111,766.2477899999999,783.2588899999998,4606.38001165501,4582.910109390641,78.35959101626453,3511.6447430892363,3590.0043341055007
res50,BGBLBGLBGLGBLGBGLG,"((4,), (2, 4), (5,), (5,), (5,), (4, 6), (4,), (4,), (0, 7), (3,), (3, 3), (0,), (1,), (3, 5), (1,), (4, 2), (2,), (3, 2))",22.2707,779.3369999999999,801.6076999999999,4035.7751610644254,4567.181318631712,89.8795378795175,3559.373387318482,3649.252925198
res50,BBBGGGGGBGLLBBBLBB,"((4,), (0,), (3,), (3, 5), (3, 4), (1, 1), (4, 2), (2, 1), (4,), (1, 3), (0,), (0,), (7,), (2,), (0,), (2,), (2,), (6,))",14.8217,843.9501,858.7718,4249.100274309025,4282.47760442898,62.97888953572607,3614.1974025055983,3677.176292041325
res50,BBBGGGGGBGLLBBBLBB,"((5,), (4,), (2,), (1, 4), (4, 4), (0, 5), (1, 3), (4, 7), (4,), (1, 6), (1,), (3,), (5,), (1,), (6,), (3,), (6,), (0,))",19.1662,710.7015999999999,729.8677999999999,4136.369137529137,4636.168962009745,79.27847816371096,3294.9326991706644,3374.2111773343754
res50,BBBGGGGGBGLLBBBLBB,"((5,), (0,), (5,), (4, 5), (1, 4), (2, 2), (1, 1), (3, 3), (1,), (2, 7), (0,), (5,), (3,), (4,), (1,), (2,), (2,), (2,))",16.9994,815.5743,832.5737,4210.504823509822,4305.156679450211,71.57605569677288,3511.1751452329304,3582.7512009297034
res50,BBBGGGGGBGLLBBBLBB,"((0,), (1,), (5,), (0, 3), (4, 3), (2, 6), (2, 4), (1, 4), (4,), (3, 4), (5,), (3,), (6,), (4,), (5,), (2,), (0,), (2,))",53.9764,768.7763,822.7527,3396.6888066380266,4449.651744097876,183.3410337026168,3420.786804116112,3604.127837818729
res50,BBBGGGGGBGLLBBBLBB,"((7,), (5,), (2,), (0, 0), (2, 7), (4, 6), (4, 6), (4, 0), (6,), (1, 2), (2,), (4,), (2,), (5,), (0,), (4,), (0,), (6,))",11.4004,805.0743,816.4747,5097.079325396824,4454.145467276106,58.10874314125395,3585.9180441654835,3644.026787306737
res50,BBBGGGGGBGLLBBBLBB,"((6,), (6,), (7,), (3, 0), (0, 6), (2, 3), (1, 7), (1, 2), (0,), (2, 5), (1,), (5,), (7,), (4,), (2,), (0,), (2,), (7,))",11.1417,832.5370999999999,843.6787999999999,4925.744159451658,4419.598591633221,54.88116370136254,3679.4797946424055,3734.360958343768
res50,BBBGGGGGBGLLBBBLBB,"((2,), (7,), (1,), (3, 6), (1, 4), (2, 0), (4, 5), (4, 1), (0,), (0, 2), (1,), (2,), (6,), (5,), (1,), (4,), (0,), (6,))",23.4827,864.8643999999999,888.3471,3786.150076492565,4290.575619724074,88.90902640125196,3710.7661090072897,3799.675135408542
res50,BBBGGGGGBGLLBBBLBB,"((4,), (7,), (3,), (0, 1), (1, 5), (3, 3), (4, 0), (1, 7), (4,), (3, 4), (3,), (2,), (0,), (5,), (3,), (2,), (3,), (0,))",21.6163,742.1388000000001,763.7551000000001,3914.1149312533857,4474.95325298347,84.60868258845257,3321.036437225249,3405.645119813701
res50,BBBGGGGGBGLLBBBLBB,"((1,), (3,), (5,), (4, 4), (0, 1), (0, 2), (0, 2), (0, 4), (2,), (1, 2), (5,), (3,), (5,), (2,), (1,), (5,), (0,), (4,))",33.7408,929.9076,963.6484,3538.8017525144714,4160.237346518084,119.40200217124028,3868.636326331,3988.038328502241
res50,BBBGGGGGBGLLBBBLBB,"((6,), (7,), (0,), (3, 6), (0, 4), (3, 6), (4, 0), (0, 0), (4,), (4, 5), (4,), (5,), (7,), (4,), (1,), (4,), (4,), (6,))",10.3146,738.1279999999999,748.4426,4731.576626984126,4636.692640127578,48.80432027669047,3422.4726650720886,3471.276985348779
res50,BBLGGGBBLGBGGBLBLL,"((4,), (6,), (5,), (4, 5), (3, 0), (2, 0), (1,), (4,), (0,), (4, 2), (0,), (3, 3), (4, 2), (7,), (0,), (2,), (1,), (4,))",22.1899,774.1114,796.3013,4012.533122890181,4501.966110239631,89.03770874362084,3485.023288350156,3574.060997093776
res50,BBLGGGBBLGBGGBLBLL,"((3,), (1,), (5,), (1, 0), (0, 0), (3, 6), (3,), (2,), (1,), (2, 4), (6,), (2, 3), (3, 5), (3,), (5,), (7,), (1,), (2,))",26.0283,778.5647000000001,804.5930000000001,3815.867290161679,4454.254740195918,99.32053858851523,3467.9255055242133,3567.2460441127287
res50,BBLGGGBBLGBGGBLBLL,"((5,), (0,), (1,), (1, 4), (1, 0), (3, 1), (2,), (6,), (2,), (3, 5), (2,), (1, 2), (3, 2), (0,), (5,), (7,), (4,), (1,))",19.3775,798.9075999999999,818.2850999999999,4247.599656177157,4411.2017699027065,82.30786233757286,3524.142619108723,3606.450481446296
res50,BBLGGGBBLGBGGBLBLL,"((7,), (7,), (0,), (2, 0), (1, 5), (3, 6), (5,), (2,), (5,), (3, 0), (2,), (4, 4), (0, 5), (0,), (1,), (2,), (0,), (3,))",15.6821,855.199,870.8811,4907.002611832611,4370.462840046424,76.95210565902019,3737.615450344862,3814.567556003882
res50,BBLGGGBBLGBGGBLBLL,"((7,), (7,), (1,), (2, 2), (2, 5), (0, 1), (2,), (7,), (1,), (1, 0), (7,), (3, 5), (2, 1), (2,), (3,), (7,), (5,), (1,))",15.8226,736.4619,752.2845,4877.622298257298,4661.600946259742,77.17666657640594,3433.091489924248,3510.2681565006537
res50,BBLGGGBBLGBGGBLBLL,"((7,), (5,), (0,), (0, 4), (4, 6), (2, 4), (4,), (1,), (5,), (2, 1), (7,), (1, 2), (0, 1), (0,), (2,), (1,), (4,), (0,))",15.9369,865.2285999999999,881.1655,4778.260843600844,4367.249682428712,76.15066523838229,3778.66932857824,3854.819993816621
res50,BBLGGGBBLGBGGBLBLL,"((1,), (6,), (3,), (3, 1), (4, 0), (3, 1), (4,), (2,), (3,), (2, 4), (2,), (4, 3), (4, 7), (7,), (4,), (7,), (4,), (2,))",41.8602,614.7686000000001,656.6288000000001,3552.1027939174483,4984.884989714927,148.69173337394315,3064.55076628806,3213.242499662003
res50,BBLGGGBBLGBGGBLBLL,"((3,), (0,), (1,), (2, 5), (2, 6), (4, 2), (5,), (3,), (1,), (4, 7), (3,), (1, 4), (3, 4), (1,), (1,), (4,), (1,), (4,))",26.1505,792.272,818.4225,3793.547670851965,4374.495876141854,99.2031683666143,3465.790596782659,3564.9937651492733
res50,BBLGGGBBLGBGGBLBLL,"((3,), (7,), (5,), (1, 3), (4, 4), (0, 3), (0,), (1,), (0,), (1, 4), (0,), (4, 3), (1, 4), (4,), (4,), (5,), (4,), (0,))",26.5017,857.2530999999999,883.7547999999999,3774.9460268317857,4368.858345133379,100.04248711928794,3745.2173598264585,3845.259846945746
res50,BBLGGGBBLGBGGBLBLL,"((2,), (5,), (4,), (0, 3), (2, 6), (1, 4), (5,), (3,), (0,), (0, 4), (3,), (2, 7), (4, 5), (7,), (3,), (2,), (0,), (4,))",31.7566,852.1431,883.8997,3656.626740071522,4345.183540729773,116.12203273375528,3702.718172466445,3818.8402052002
res50,BLGLGGBLLBGGGLBLGB,"((7,), (4,), (3, 1), (0,), (1, 7), (0, 6), (0,), (5,), (5,), (3,), (0, 6), (0, 3), (1, 2), (1,), (6,), (4,), (3, 1), (4,))",14.2234,872.8913400000001,887.1147400000001,4958.620386835386,4370.725990384132,70.52844121011442,3815.168866519233,3885.6973077293474
res50,BLGLGGBLLBGGGLBLGB,"((1,), (5,), (0, 0), (0,), (0, 0), (2, 0), (5,), (4,), (5,), (4,), (0, 1), (3, 7), (3, 1), (3,), (2,), (3,), (1, 7), (1,))",40.657,875.2883099999999,915.94531,3512.0027360181043,4281.865462654553,142.78749523828805,3747.866784454272,3890.65427969256
res50,BLGLGGBLLBGGGLBLGB,"((7,), (5,), (3, 3), (4,), (3, 2), (3, 0), (0,), (5,), (3,), (0,), (2, 6), (3, 3), (3, 3), (5,), (6,), (1,), (1, 6), (1,))",15.5167,715.6225000000001,731.1392000000001,4876.9471581196585,4646.525659851578,75.67412596839532,3325.158309017136,3400.832434985532
res50,BLGLGGBLLBGGGLBLGB,"((4,), (2,), (2, 0), (0,), (2, 4), (2, 7), (6,), (4,), (5,), (3,), (1, 2), (1, 1), (1, 4), (1,), (4,), (1,), (4, 1), (4,))",20.7688,765.1235000000001,785.8923000000002,4066.894542679544,4444.634495809255,84.4645193780029,3400.694301654313,3485.158821032316
res50,BLGLGGBLLBGGGLBLGB,"((4,), (4,), (0, 3), (4,), (0, 7), (1, 5), (7,), (5,), (2,), (7,), (1, 6), (2, 3), (0, 0), (3,), (4,), (4,), (3, 5), (7,))",19.8282,806.3482399999999,826.17644,4307.94492979243,4488.140125182111,85.41879365691025,3619.003890813974,3704.422684470884
res50,BLGLGGBLLBGGGLBLGB,"((0,), (3,), (2, 2), (4,), (2, 2), (0, 7), (3,), (3,), (2,), (5,), (0, 0), (2, 3), (2, 1), (1,), (4,), (4,), (2, 5), (1,))",60.0487,817.5652600000001,877.6139600000001,3413.845068448399,4311.072638233612,204.99695836173737,3524.58322235635,3729.580180718087
res50,BLGLGGBLLBGGGLBLGB,"((1,), (5,), (2, 0), (4,), (3, 6), (1, 5), (1,), (3,), (4,), (1,), (3, 4), (1, 5), (3, 1), (5,), (0,), (2,), (3, 1), (3,))",40.1303,794.5247599999999,834.6550599999999,3537.943878559925,4380.978622696819,141.97874922977334,3480.79598876332,3622.774737993093
res50,BLGLGGBLLBGGGLBLGB,"((3,), (3,), (4, 5), (2,), (0, 4), (3, 7), (4,), (5,), (0,), (6,), (2, 2), (1, 7), (1, 2), (0,), (1,), (1,), (2, 3), (7,))",23.5704,855.58047,879.1508699999999,3991.368887966608,4301.340329424775,94.07816123692814,3680.142780679204,3774.220941916132
res50,BLGLGGBLLBGGGLBLGB,"((0,), (2,), (0, 5), (4,), (4, 5), (3, 2), (2,), (0,), (4,), (5,), (0, 4), (0, 3), (3, 4), (2,), (7,), (5,), (3, 4), (1,))",58.7419,812.38622,871.12812,3456.196845395405,4469.197216809327,203.0235694725324,3630.714233398249,3833.7378028707817
res50,BLGLGGBLLBGGGLBLGB,"((2,), (0,), (1, 6), (3,), (1, 6), (1, 5), (2,), (0,), (0,), (6,), (3, 7), (1, 7), (4, 3), (0,), (3,), (5,), (3, 7), (0,))",30.9394,843.4007500000002,874.3401500000002,3839.890485635591,4364.724867450603,118.8039076912738,3681.21222675149,3800.016134442764
res50,GLGBGGGBBLGLLLGBBG,"((2, 4), (4,), (1, 2), (3,), (3, 6), (4, 0), (4, 4), (1,), (7,), (1,), (3, 4), (2,), (0,), (5,), (0, 0), (7,), (5,), (0, 2))",19.1377,790.1453000000001,809.2830000000001,4017.922228327226,4596.524154398884,76.89379022905796,3631.921956934753,3708.815747163812
res50,GLGBGGGBBLGLLLGBBG,"((4, 4), (5,), (1, 7), (2,), (4, 6), (0, 5), (1, 2), (4,), (7,), (0,), (3, 3), (0,), (1,), (4,), (2, 2), (4,), (5,), (2, 2))",19.3443,777.2538300000001,796.5981300000001,4219.27171078921,4609.183174270285,81.61885775501972,3582.505275373137,3664.1241331281567
res50,GLGBGGGBBLGLLLGBBG,"((1, 6), (4,), (3, 6), (1,), (1, 3), (4, 1), (0, 6), (1,), (2,), (2,), (0, 2), (5,), (5,), (3,), (4, 1), (3,), (4,), (0, 7))",13.7045,807.6602,821.3647000000001,4760.427222222222,4492.920142169636,65.23927486694443,3628.752780608757,3693.992055475701
res50,GLGBGGGBBLGLLLGBBG,"((1, 5), (2,), (2, 4), (6,), (2, 2), (3, 5), (2, 5), (0,), (5,), (5,), (1, 5), (1,), (4,), (1,), (2, 6), (0,), (3,), (4, 1))",17.7966,845.6149,863.4115,4243.414595404598,4362.471796301955,75.51835218857747,3688.971151782698,3764.489503971276
res50,GLGBGGGBBLGLLLGBBG,"((1, 6), (0,), (4, 4), (6,), (4, 2), (1, 3), (0, 0), (1,), (7,), (3,), (4, 5), (5,), (4,), (5,), (3, 0), (4,), (4,), (2, 2))",14.7938,712.1735100000001,726.9673100000001,4522.5372655122665,4810.861847837956,66.90551179853536,3426.168368299843,3493.0738800983786
res50,GLGBGGGBBLGLLLGBBG,"((3, 5), (4,), (2, 7), (0,), (4, 7), (1, 6), (2, 0), (0,), (4,), (3,), (0, 0), (4,), (2,), (1,), (3, 4), (3,), (4,), (2, 7))",15.0623,815.73039,830.7926900000001,4724.940761183262,4437.105938443958,71.16847522717066,3619.4821576382055,3690.650632865376
res50,GLGBGGGBBLGLLLGBBG,"((4, 2), (2,), (1, 7), (2,), (2, 1), (4, 0), (1, 0), (5,), (0,), (2,), (3, 4), (1,), (0,), (5,), (4, 1), (5,), (4,), (4, 6))",25.9024,773.3939100000002,799.2963100000002,4106.996422357743,4561.469398220096,106.3810641304792,3527.8126532347883,3634.1937173652673
res50,GLGBGGGBBLGLLLGBBG,"((0, 2), (5,), (1, 7), (2,), (0, 3), (2, 7), (4, 0), (6,), (1,), (2,), (4, 1), (4,), (0,), (3,), (2, 6), (1,), (0,), (3, 5))",25.2098,912.61621,937.82601,3826.366488567761,4298.609149372254,96.46193390349556,3922.9803901714304,4019.442324074926
res50,GLGBGGGBBLGLLLGBBG,"((2, 1), (2,), (1, 4), (5,), (1, 5), (3, 2), (4, 2), (3,), (1,), (4,), (4, 3), (5,), (4,), (1,), (0, 1), (0,), (4,), (4, 2))",35.3327,857.5041499999999,892.8368499999999,3623.813935466134,4341.543771822091,128.0391306376443,3722.891801744096,3850.93093238174
res50,GLGBGGGBBLGLLLGBBG,"((4, 0), (5,), (2, 7), (6,), (4, 5), (4, 4), (2, 3), (4,), (3,), (3,), (1, 3), (0,), (1,), (4,), (1, 4), (4,), (7,), (4, 4))",51.8726,709.87312,761.74572,3733.2953612107935,4730.641337379883,193.655736953943,3358.15512576683,3551.810862720773
res50,LBLBLBLLLGGLBLGBLG,"((1,), (6,), (5,), (0,), (4,), (6,), (0,), (2,), (3,), (1, 0), (0, 3), (0,), (5,), (2,), (4, 6), (3,), (2,), (0, 5))",83.3293,779.5024000000001,862.8317000000001,3265.7589472317045,4469.222048636764,272.13340704155485,3483.769313045275,3755.9027200868295
res50,LBLBLBLLLGGLBLGBLG,"((4,), (3,), (2,), (5,), (1,), (4,), (0,), (3,), (1,), (1, 0), (1, 4), (3,), (7,), (2,), (1, 2), (5,), (0,), (4, 2))",43.8965,789.3327600000002,833.2292600000003,3497.1929675241745,4355.322452563105,153.51453109892492,3437.7986921716056,3591.3132232705307
res50,LBLBLBLLLGGLBLGBLG,"((1,), (5,), (2,), (6,), (4,), (5,), (0,), (1,), (1,), (2, 1), (3, 0), (2,), (7,), (2,), (0, 5), (0,), (3,), (1, 1))",82.8853,821.0523999999999,903.9377,3254.4911784511787,4345.681151043636,269.74947767327944,3568.03193869914,3837.781416372419
res50,LBLBLBLLLGGLBLGBLG,"((3,), (3,), (2,), (5,), (1,), (5,), (2,), (3,), (5,), (1, 0), (0, 5), (5,), (7,), (2,), (0, 0), (2,), (2,), (3, 6))",51.4515,804.4952200000002,855.9467200000003,3437.617998631269,4377.988484538023,176.87060245657673,3522.0708090258845,3698.941411482461
res50,LBLBLBLLLGGLBLGBLG,"((4,), (0,), (1,), (7,), (2,), (4,), (2,), (5,), (4,), (0, 5), (3, 4), (3,), (1,), (4,), (4, 6), (3,), (5,), (0, 0))",42.8643,719.2853000000002,762.1496000000002,3458.7695311074626,4618.788743598816,148.2577348122496,3322.2268470760982,3470.484581888348
res50,LBLBLBLLLGGLBLGBLG,"((5,), (0,), (1,), (2,), (0,), (7,), (3,), (3,), (2,), (2, 3), (2, 4), (1,), (7,), (0,), (1, 6), (4,), (4,), (4, 6))",37.7437,793.5320800000001,831.27578,3712.737498834498,4391.654576783571,140.13245033475962,3484.918790956588,3625.051241291347
res50,LBLBLBLLLGGLBLGBLG,"((4,), (3,), (5,), (4,), (1,), (6,), (5,), (0,), (2,), (1, 1), (3, 2), (2,), (1,), (3,), (3, 5), (4,), (1,), (3, 0))",43.4244,692.48888,735.91328,3464.6910326582733,4547.313830398965,150.45212927856593,3148.964261421489,3299.416390700055
res50,LBLBLBLLLGGLBLGBLG,"((4,), (6,), (3,), (3,), (1,), (7,), (4,), (0,), (4,), (3, 6), (0, 2), (0,), (2,), (1,), (0, 3), (7,), (3,), (1, 1))",42.8067,814.2413300000001,857.04803,3465.6744207261463,4397.670753061745,148.35408522569793,3580.765282875097,3729.119368100795
res50,LBLBLBLLLGGLBLGBLG,"((5,), (5,), (4,), (2,), (2,), (6,), (5,), (1,), (1,), (3, 4), (3, 3), (4,), (6,), (2,), (0, 6), (5,), (1,), (3, 0))",37.3372,716.57283,753.91003,3595.299652173913,4576.833203496415,134.23842217314782,3279.634321067392,3413.8727432405394
res50,LBLBLBLLLGGLBLGBLG,"((5,), (2,), (2,), (1,), (3,), (2,), (2,), (3,), (2,), (1, 1), (1, 2), (3,), (1,), (4,), (1, 0), (6,), (0,), (4, 5))",37.6863,803.9774100000001,841.66371,3669.3420691192873,4288.174097234154,138.2839260194502,3447.595104323404,3585.8790303428536
res50,GLLLBBBGLBLBGBLGLG,"((0, 2), (1,), (5,), (4,), (3,), (4,), (4,), (2, 0), (0,), (1,), (3,), (0,), (1, 6), (2,), (0,), (1, 4), (3,), (1, 1))",27.397,884.0951699999999,911.49217,3646.186773372826,4142.569470037717,99.89457903009531,3662.4256598498055,3762.320238879901
res50,GLLLBBBGLBLBGBLGLG,"((0, 3), (1,), (2,), (3,), (4,), (6,), (4,), (2, 3), (3,), (3,), (1,), (4,), (4, 5), (7,), (3,), (0, 5), (0,), (1, 4))",21.5248,761.1757899999999,782.7005899999999,3829.525343406592,4427.533847972815,82.42976711175821,3370.131574482447,3452.5613415942053
res50,GLLLBBBGLBLBGBLGLG,"((4, 2), (0,), (0,), (0,), (4,), (0,), (7,), (1, 7), (4,), (0,), (5,), (0,), (2, 0), (1,), (5,), (0, 0), (5,), (2, 5))",24.9699,899.2590799999999,924.22898,4034.85566854542,4224.456200910532,100.74994255801228,3798.8805967311,3899.630539289112
res50,GLLLBBBGLBLBGBLGLG,"((1, 6), (5,), (0,), (2,), (3,), (0,), (5,), (2, 6), (5,), (1,), (5,), (2,), (3, 6), (1,), (1,), (1, 5), (5,), (4, 1))",16.6193,777.37556,793.9948599999999,4433.899966699966,4370.053216049529,73.68831371657674,3397.172566056304,3470.8608797728803
res50,GLLLBBBGLBLBGBLGLG,"((3, 7), (2,), (1,), (4,), (3,), (2,), (1,), (4, 7), (0,), (4,), (4,), (2,), (4, 6), (0,), (1,), (4, 0), (0,), (0, 6))",12.7399,762.8305,775.5704000000001,5084.613611111113,4401.884695313066,64.77746894419447,3357.891903068014,3422.6693720122084
res50,GLLLBBBGLBLBGBLGLG,"((2, 3), (5,), (1,), (3,), (4,), (4,), (2,), (4, 0), (2,), (4,), (3,), (5,), (0, 4), (5,), (3,), (3, 2), (5,), (2, 4))",21.6725,650.1329900000001,671.8054900000001,3896.7373672161175,4644.321072766987,84.45204059099132,3019.4263455580085,3103.878386149
res50,GLLLBBBGLBLBGBLGLG,"((0, 2), (0,), (3,), (0,), (4,), (1,), (4,), (1, 2), (0,), (1,), (5,), (5,), (2, 5), (4,), (0,), (1, 5), (1,), (1, 7))",26.5756,898.66632,925.24192,3773.324637082904,4150.35464240591,100.27836622526044,3729.783933185836,3830.062299411096
res50,GLLLBBBGLBLBGBLGLG,"((4, 7), (5,), (3,), (2,), (1,), (7,), (6,), (2, 4), (2,), (5,), (4,), (6,), (4, 0), (1,), (1,), (1, 5), (4,), (2, 1))",15.1031,663.90975,679.0128500000001,4863.412004939504,4701.565428405878,73.45259785180183,3121.41512818159,3194.867726033392
res50,GLLLBBBGLBLBGBLGLG,"((1, 4), (2,), (2,), (4,), (3,), (1,), (6,), (1, 0), (0,), (6,), (4,), (7,), (2, 0), (3,), (2,), (1, 3), (5,), (1, 0))",19.7934,743.8753,763.6687000000001,3947.455817932068,4461.524276909827,78.13357198665659,3318.8177099435807,3396.951281930237
res50,GLLLBBBGLBLBGBLGLG,"((2, 6), (2,), (0,), (3,), (0,), (6,), (3,), (1, 2), (5,), (2,), (5,), (5,), (1, 6), (2,), (1,), (0, 0), (5,), (4, 7))",13.4541,823.3942599999998,836.8483599999998,5122.935151515153,4306.648836019301,68.92448182200002,3546.069931413973,3614.994413235973
res50,BGGGGBGBGLGBGBBBBB,"((7,), (3, 6), (3, 1), (2, 4), (0, 4), (5,), (2, 2), (4,), (1, 7), (1,), (4, 2), (0,), (0, 4), (4,), (2,), (0,), (2,), (0,))",16.9801,946.8653,963.8454,4692.479763014762,4283.486785913425,79.67877562396697,4055.885000589951,4135.563776213918
res50,BGGGGBGBGLGBGBBBBB,"((6,), (3, 6), (3, 4), (1, 1), (3, 6), (0,), (4, 1), (7,), (2, 6), (0,), (4, 3), (2,), (2, 7), (6,), (7,), (2,), (1,), (6,))",12.7709,778.0312,790.8021,4620.7093670218665,4700.89691151289,59.01061725529955,3657.444465140668,3716.455082395968
res50,BGGGGBGBGLGBGBBBBB,"((0,), (3, 5), (3, 5), (3, 0), (0, 0), (2,), (3, 5), (3,), (2, 4), (2,), (4, 4), (7,), (2, 2), (3,), (6,), (4,), (2,), (4,))",55.968,779.7366999999998,835.7046999999998,3399.773078483392,4556.121741960985,190.2784996565585,3552.575331874909,3742.853831531467
res50,BGGGGBGBGLGBGBBBBB,"((5,), (3, 2), (0, 5), (0, 4), (4, 7), (1,), (4, 6), (1,), (1, 0), (4,), (3, 6), (1,), (4, 6), (1,), (1,), (6,), (4,), (4,))",16.4176,871.2449999999999,887.6625999999999,4210.998018215445,4448.919341477224,69.1344810638539,3876.098731665324,3945.233212729178
res50,BGGGGBGBGLGBGBBBBB,"((2,), (3, 5), (2, 6), (0, 3), (2, 4), (6,), (3, 2), (2,), (0, 5), (1,), (0, 6), (4,), (2, 1), (4,), (2,), (2,), (6,), (0,))",34.38,904.4141,938.7941,3573.355791499415,4310.604874325927,122.8519721117499,3898.571827869097,4021.423799980847
res50,BGGGGBGBGLGBGBBBBB,"((1,), (1, 3), (4, 4), (3, 4), (2, 0), (2,), (1, 6), (7,), (4, 2), (2,), (3, 4), (4,), (0, 4), (6,), (3,), (1,), (3,), (6,))",35.3294,797.4235,832.7529,3538.3518977335743,4544.149589146092,125.00784953578854,3623.6116699004383,3748.619519436226
res50,BGGGGBGBGLGBGBBBBB,"((7,), (4, 0), (0, 1), (2, 4), (3, 6), (4,), (3, 0), (0,), (1, 6), (3,), (1, 2), (1,), (1, 0), (0,), (0,), (1,), (3,), (6,))",12.3202,1021.8705,1034.1907,4949.716129148628,4167.305333216289,60.98149265433693,4258.446384506396,4319.427877160732
res50,BGGGGBGBGLGBGBBBBB,"((5,), (1, 6), (4, 0), (3, 3), (3, 0), (1,), (0, 2), (4,), (2, 4), (3,), (4, 4), (7,), (1, 3), (7,), (6,), (7,), (6,), (1,))",21.3115,717.2469000000001,738.5584000000001,4189.988492883537,4887.347053794958,89.2949397660875,3505.4345235585674,3594.7294633246547
res50,BGGGGBGBGLGBGBBBBB,"((1,), (2, 4), (4, 4), (3, 0), (1, 3), (7,), (1, 0), (2,), (2, 4), (3,), (1, 1), (4,), (0, 4), (3,), (5,), (4,), (6,), (1,))",45.5553,808.2434000000001,853.7987,3482.4687320395774,4478.756836740235,158.64490782868256,3619.925653500172,3778.570561328855
res50,BGGGGBGBGLGBGBBBBB,"((5,), (3, 4), (3, 5), (3, 5), (4, 1), (3,), (1, 4), (7,), (0, 7), (1,), (2, 1), (5,), (4, 2), (3,), (4,), (3,), (6,), (1,))",19.8603,732.5381,752.3984,4170.645146471176,4737.901583562737,82.8302638024615,3470.6934240100386,3553.5236878125
res50,LBBGGBBBLLLBLLGGLB,"((2,), (7,), (0,), (0, 3), (4, 4), (3,), (2,), (4,), (4,), (1,), (5,), (5,), (2,), (1,), (0, 0), (2, 5), (4,), (0,))",61.7854,821.4997000000001,883.2851,3321.7249824934,4391.098970526724,205.2341067333477,3607.286486958013,3812.520593691361
res50,LBBGGBBBLLLBLLGGLB,"((2,), (7,), (4,), (2, 5), (0, 1), (0,), (6,), (7,), (3,), (1,), (4,), (7,), (3,), (3,), (3, 1), (1, 0), (0,), (1,))",61.9187,770.4032199999999,832.32192,3326.941557223264,4542.809036632344,205.9998961992401,3499.794709666656,3705.794605865896
res50,LBBGGBBBLLLBLLGGLB,"((4,), (3,), (0,), (1, 1), (4, 4), (7,), (7,), (4,), (2,), (4,), (1,), (3,), (2,), (2,), (2, 4), (3, 4), (3,), (5,))",43.3297,687.3338799999999,730.6635799999999,3537.7831107462152,4638.555868592693,153.2910808537003,3188.236602756585,3341.5276836102853
res50,LBBGGBBBLLLBLLGGLB,"((4,), (3,), (2,), (4, 1), (2, 1), (6,), (2,), (2,), (4,), (0,), (1,), (5,), (1,), (2,), (0, 5), (2, 1), (4,), (2,))",43.4019,779.10084,822.5027399999999,3494.789646049991,4402.306611677705,151.6805107388971,3429.840779095654,3581.521289834551
res50,LBBGGBBBLLLBLLGGLB,"((4,), (5,), (1,), (1, 3), (4, 0), (3,), (6,), (0,), (1,), (4,), (0,), (1,), (1,), (1,), (2, 2), (4, 6), (1,), (3,))",43.3626,790.37363,833.7362300000001,3491.0108629812075,4396.671891022573,151.3793076471089,3475.0135224264754,3626.392830073584
res50,LBBGGBBBLLLBLLGGLB,"((5,), (6,), (2,), (4, 6), (0, 4), (3,), (4,), (1,), (2,), (0,), (0,), (4,), (4,), (0,), (1, 7), (4, 3), (1,), (5,))",37.1904,805.0851700000001,842.27557,3655.49682218506,4426.469680659587,135.94938901579124,3563.6850953536696,3699.634484369461
res50,LBBGGBBBLLLBLLGGLB,"((3,), (6,), (4,), (3, 6), (2, 1), (5,), (3,), (0,), (3,), (4,), (1,), (5,), (2,), (0,), (4, 4), (1, 0), (2,), (3,))",51.1435,700.80227,751.94577,3416.603459035332,4623.358665475878,174.7370590071735,3240.060247789666,3414.79730679684
res50,LBBGGBBBLLLBLLGGLB,"((4,), (3,), (1,), (1, 7), (2, 3), (4,), (6,), (1,), (4,), (2,), (4,), (5,), (2,), (2,), (1, 5), (0, 0), (0,), (1,))",42.7753,810.89358,853.6688800000001,3464.262935595693,4345.390854129267,148.18488634898645,3523.649546204139,3671.834432553125
res50,LBBGGBBBLLLBLLGGLB,"((1,), (6,), (5,), (4, 0), (4, 4), (2,), (5,), (3,), (5,), (0,), (2,), (3,), (0,), (0,), (3, 2), (1, 0), (3,), (6,))",83.3745,713.9631300000001,797.3376300000001,3300.7073124098115,4595.724367569801,275.1948218185118,3281.1777540874064,3556.372575905918
res50,LBBGGBBBLLLBLLGGLB,"((5,), (7,), (1,), (1, 5), (4, 6), (3,), (1,), (4,), (4,), (2,), (3,), (1,), (1,), (4,), (3, 1), (0, 3), (2,), (4,))",37.3081,744.1483099999999,781.4564099999999,3631.799780379042,4526.893552065373,135.49554938635936,3368.680186319344,3504.175735705704
res50,BLBLGLLBGBBLBBBLLL,"((2,), (0,), (6,), (2,), (4, 0), (3,), (0,), (4,), (2, 1), (0,), (0,), (2,), (0,), (7,), (1,), (5,), (5,), (2,))",32.1055,823.2596,855.3651,3658.932542443064,4326.707236218147,117.47185874140578,3562.0032686060567,3679.475127347463
res50,BLBLGLLBGBBLBBBLLL,"((4,), (5,), (2,), (3,), (0, 0), (0,), (2,), (3,), (1, 0), (4,), (2,), (5,), (6,), (5,), (0,), (0,), (1,), (0,))",22.3456,869.3497,891.6953,3937.4364896214897,4221.656466854426,87.98438082248597,3670.095782962955,3758.080163785441
res50,BLBLGLLBGBBLBBBLLL,"((6,), (1,), (1,), (5,), (1, 7), (0,), (0,), (7,), (2, 2), (5,), (1,), (2,), (1,), (5,), (2,), (3,), (1,), (2,))",17.1702,784.7538999999999,801.9241,4503.981958041958,4373.830247127339,77.33427101597204,3432.3803443711427,3509.7146153871145
res50,BLBLGLLBGBBLBBBLLL,"((6,), (0,), (2,), (5,), (0, 5), (1,), (4,), (4,), (4, 1), (3,), (5,), (0,), (0,), (2,), (7,), (1,), (5,), (0,))",17.3233,797.0202999999999,814.3435999999999,4444.649600399601,4460.598378567071,76.99599842260241,3555.1874578650404,3632.183456287643
res50,BLBLGLLBGBBLBBBLLL,"((1,), (2,), (1,), (3,), (1, 6), (1,), (3,), (0,), (3, 2), (3,), (2,), (4,), (7,), (5,), (1,), (1,), (4,), (3,))",41.8155,788.0971,829.9126,3509.873682862476,4339.717263988838,146.76712298573585,3420.118590569537,3566.885713555273
res50,BLBLGLLBGBBLBBBLLL,"((0,), (4,), (4,), (4,), (2, 5), (0,), (1,), (3,), (4, 4), (2,), (3,), (4,), (3,), (0,), (2,), (2,), (1,), (3,))",61.2584,767.4513,828.7097,3385.8748367283115,4344.854986069039,207.4132750982376,3334.4646073701656,3541.877882468403
res50,BLBLGLLBGBBLBBBLLL,"((1,), (2,), (0,), (5,), (2, 2), (0,), (1,), (6,), (3, 2), (4,), (1,), (3,), (6,), (0,), (7,), (4,), (4,), (2,))",41.9405,752.296,794.2365000000001,3506.124452584452,4483.498323089383,147.0486126036182,3372.9178544668507,3519.9664670704688
res50,BLBLGLLBGBBLBBBLLL,"((3,), (0,), (6,), (1,), (2, 3), (3,), (1,), (6,), (1, 2), (2,), (6,), (2,), (3,), (6,), (3,), (4,), (4,), (3,))",26.0028,700.9799,726.9827,3809.604597523221,4517.946009387036,99.0603864284768,3166.989341865524,3266.0497282940005
res50,BLBLGLLBGBBLBBBLLL,"((3,), (3,), (3,), (0,), (0, 6), (2,), (5,), (6,), (3, 1), (5,), (0,), (3,), (7,), (7,), (2,), (4,), (5,), (1,))",26.2715,737.4462000000002,763.7177000000001,3755.457906408177,4582.233694359316,98.66151238820242,3379.15082541724,3477.8123378054424
res50,BLBLGLLBGBBLBBBLLL,"((7,), (5,), (7,), (4,), (4, 3), (2,), (0,), (5,), (3, 0), (7,), (5,), (1,), (1,), (0,), (3,), (1,), (3,), (1,))",15.822,683.3421,699.1641,4841.612378732377,4722.762873864526,76.60399105630367,3227.26270002862,3303.866691084924
res50,GLBLGGLGBGLBLBGLGB,"((1, 3), (1,), (5,), (0,), (0, 2), (3, 6), (4,), (4, 1), (4,), (3, 0), (1,), (5,), (2,), (3,), (0, 0), (3,), (0, 2), (5,))",20.8321,926.8279599999998,947.6600599999998,3935.992345432345,4259.021201397922,81.99498613928115,3947.379931688384,4029.374917827665
res50,GLBLGGLGBGLBLBGLGB,"((4, 6), (5,), (6,), (4,), (3, 2), (3, 3), (0,), (2, 7), (1,), (3, 5), (1,), (7,), (4,), (4,), (2, 4), (5,), (3, 4), (1,))",16.5698,685.9720900000001,702.5418900000001,4649.982533577535,4821.264946475863,77.04928058487303,3307.253191777787,3384.30247236266
res50,GLBLGGLGBGLBLBGLGB,"((0, 3), (3,), (5,), (2,), (0, 0), (4, 6), (0,), (0, 6), (3,), (3, 5), (2,), (1,), (5,), (6,), (2, 6), (3,), (0, 1), (4,))",21.0296,904.32177,925.35137,3889.685123210125,4328.440747938579,81.79852226705964,3914.30319851594,3996.101720782999
res50,GLBLGGLGBGLBLBGLGB,"((2, 5), (3,), (4,), (5,), (4, 2), (4, 0), (4,), (2, 7), (4,), (4, 5), (1,), (0,), (0,), (5,), (4, 2), (5,), (2, 2), (5,))",15.2683,701.5128600000003,716.7811600000002,4441.069595959596,4822.254165172767,67.8075829119899,3382.8733110572616,3450.6808939692514
res50,GLBLGGLGBGLBLBGLGB,"((0, 2), (3,), (4,), (2,), (3, 0), (0, 5), (5,), (0, 3), (2,), (2, 0), (0,), (7,), (5,), (6,), (4, 0), (3,), (0, 7), (0,))",27.6008,856.11151,883.71231,3675.68662366701,4510.818953500198,101.4518913625084,3861.764025617674,3963.215916980183
res50,GLBLGGLGBGLBLBGLGB,"((4, 0), (5,), (3,), (0,), (0, 6), (0, 2), (0,), (0, 0), (5,), (4, 1), (3,), (5,), (1,), (0,), (1, 0), (3,), (3, 4), (2,))",47.2786,921.4846199999998,968.7632199999998,3752.9580323739897,4318.656773071936,177.4346016293969,3979.5757954446185,4157.010397074016
res50,GLBLGGLGBGLBLBGLGB,"((4, 1), (1,), (3,), (1,), (1, 1), (3, 4), (4,), (4, 0), (3,), (1, 4), (5,), (7,), (5,), (6,), (0, 2), (5,), (4, 4), (3,))",32.0899,774.3824500000001,806.47235,3910.892722584964,4650.092605133713,125.50015637847925,3600.9501042903275,3726.450260668807
res50,GLBLGGLGBGLBLBGLGB,"((0, 6), (4,), (1,), (3,), (2, 5), (1, 5), (4,), (3, 7), (7,), (2, 6), (0,), (2,), (2,), (0,), (2, 7), (0,), (0, 6), (6,))",13.3236,935.27674,948.60034,4866.490674603175,4328.163022888401,64.83917515214286,4048.03020223561,4112.869377387753
res50,GLBLGGLGBGLBLBGLGB,"((4, 3), (5,), (5,), (4,), (0, 3), (4, 1), (0,), (4, 5), (4,), (3, 4), (0,), (4,), (2,), (4,), (3, 6), (1,), (3, 3), (6,))",20.0828,738.2342,758.317,4242.877163114663,4668.481048248323,85.20885349139914,3446.432371868762,3531.641225360161
res50,GLBLGGLGBGLBLBGLGB,"((3, 5), (0,), (1,), (0,), (2, 7), (3, 1), (3,), (0, 7), (4,), (1, 4), (5,), (0,), (1,), (6,), (0, 0), (1,), (2, 7), (0,))",18.0404,970.30457,988.34497,4222.822964257965,4261.358812318305,76.1814154043994,4134.815930002224,4210.997345406624
res50,GLGBBGLBLBGLLLLBBB,"((2, 4), (5,), (1, 1), (0,), (6,), (0, 4), (0,), (2,), (2,), (6,), (0, 0), (3,), (0,), (2,), (1,), (0,), (7,), (5,))",14.0691,890.8217000000001,904.8908,4239.137415639915,4201.186475726477,59.64084821437953,3742.508078323669,3802.1489265380487
res50,GLGBBGLBLBGLLLLBBB,"((0, 1), (0,), (2, 5), (4,), (5,), (3, 6), (4,), (5,), (0,), (3,), (4, 3), (2,), (5,), (1,), (2,), (3,), (5,), (3,))",28.25,711.6946,739.9446,3543.362314971938,4451.097886853732,100.09998539795724,3167.822330145212,3267.9223155431696
res50,GLGBBGLBLBGLLLLBBB,"((2, 3), (3,), (3, 4), (3,), (5,), (0, 6), (5,), (3,), (1,), (4,), (0, 0), (0,), (3,), (2,), (4,), (3,), (5,), (5,))",16.442,738.5713999999999,755.0133999999999,3969.438944943945,4380.433692023983,65.26551513276834,3235.2630445253217,3300.52855965809
res50,GLGBBGLBLBGLLLLBBB,"((0, 6), (1,), (0, 6), (1,), (3,), (0, 2), (2,), (6,), (5,), (5,), (1, 6), (0,), (4,), (0,), (5,), (3,), (2,), (7,))",8.26762,850.5036800000001,858.7713000000001,5020.517420634921,4261.139617431832,41.50773023718969,3624.1149256195663,3665.622655856756
res50,GLGBBGLBLBGLLLLBBB,"((3, 6), (2,), (1, 5), (7,), (2,), (0, 1), (4,), (1,), (3,), (4,), (3, 2), (4,), (0,), (1,), (3,), (1,), (0,), (6,))",8.71978,784.7706199999999,793.4903999999999,4819.604404761905,4287.91457552789,42.02589009655477,3365.0293799440583,3407.055270040613
res50,GLGBBGLBLBGLLLLBBB,"((4, 0), (5,), (4, 3), (5,), (6,), (2, 7), (2,), (4,), (5,), (7,), (1, 3), (0,), (2,), (0,), (0,), (3,), (2,), (7,))",26.8609,699.4181,726.279,3869.339378922564,4581.432467702968,103.93393812330108,3204.3367918391214,3308.2707299624226
res50,GLGBBGLBLBGLLLLBBB,"((1, 0), (4,), (2, 6), (2,), (7,), (3, 2), (3,), (3,), (5,), (2,), (4, 2), (0,), (5,), (0,), (0,), (1,), (6,), (0,))",47.6356,742.9474,790.583,3372.5897550486006,4466.55911349731,160.6553365355931,3318.4184803191315,3479.073816854725
res50,GLGBBGLBLBGLLLLBBB,"((3, 0), (0,), (1, 5), (7,), (1,), (0, 1), (2,), (3,), (3,), (4,), (4, 6), (0,), (2,), (4,), (0,), (5,), (6,), (3,))",39.1673,766.4956999999999,805.6629999999999,3465.8428500790005,4380.969456721722,135.74770666189923,3357.994250408536,3493.741957070435
res50,GLGBBGLBLBGLLLLBBB,"((2, 0), (1,), (2, 6), (7,), (5,), (2, 3), (4,), (1,), (2,), (7,), (0, 6), (5,), (2,), (0,), (5,), (4,), (6,), (4,))",39.2535,693.7058,732.9593,3441.058504970909,4612.057830528996,135.0735900248756,3199.4112669733818,3334.4848569982573
res50,GLGBBGLBLBGLLLLBBB,"((0, 1), (1,), (3, 1), (1,), (7,), (4, 3), (4,), (5,), (0,), (0,), (3, 4), (0,), (0,), (4,), (1,), (2,), (1,), (0,))",32.8871,856.9996,889.8867,3475.9529738905894,4208.784925183798,114.3140130476372,3606.926997368545,3721.2410104161822
res50,BGGGLBBLBBBGBBBBBL,"((2,), (1, 6), (4, 4), (1, 0), (2,), (3,), (0,), (2,), (7,), (7,), (6,), (3, 4), (3,), (5,), (5,), (4,), (6,), (2,))",31.2246,676.69495,707.91955,3663.1900621118007,4785.368028412809,114.38164441341613,3238.234378718404,3352.61602313182
res50,BGGGLBBLBBBGBBBBBL,"((1,), (1, 1), (4, 7), (4, 2), (5,), (1,), (2,), (0,), (2,), (1,), (3,), (3, 4), (3,), (7,), (3,), (4,), (0,), (5,))",42.0789,776.22233,818.30123,3525.156114169324,4398.300704233294,148.33469161251955,3414.0592206806086,3562.3939122931283
res50,BGGGLBBLBBBGBBBBBL,"((5,), (4, 4), (4, 3), (3, 7), (4,), (3,), (5,), (2,), (5,), (5,), (6,), (0, 5), (3,), (5,), (2,), (6,), (6,), (1,))",18.6533,620.9120599999999,639.5653599999999,4250.707167832167,4923.271866277295,79.28971601372376,3056.918876430279,3136.2085924440025
res50,BGGGLBBLBBBGBBBBBL,"((7,), (2, 5), (4, 3), (3, 4), (0,), (0,), (0,), (4,), (3,), (0,), (3,), (1, 4), (5,), (4,), (4,), (7,), (1,), (5,))",15.85,807.33443,823.18443,5005.240492840494,4395.944600169854,79.33306181152183,3548.9974280897072,3628.330489901229
res50,BGGGLBBLBBBGBBBBBL,"((5,), (1, 0), (4, 2), (2, 5), (0,), (1,), (5,), (1,), (4,), (6,), (4,), (1, 7), (0,), (3,), (3,), (3,), (5,), (3,))",19.0301,783.8379100000001,802.86801,4265.372450049949,4395.49439127409,81.17046426169554,3445.3551370730056,3526.525601334701
res50,BGGGLBBLBBBGBBBBBL,"((6,), (4, 1), (0, 4), (4, 7), (2,), (6,), (5,), (3,), (6,), (0,), (3,), (3, 3), (6,), (5,), (3,), (7,), (5,), (2,))",16.4809,648.52789,665.00879,4593.074545454546,4892.086073998193,75.69800227618181,3172.654259268432,3248.352261544613
res50,BGGGLBBLBBBGBBBBBL,"((7,), (4, 6), (3, 7), (2, 6), (3,), (4,), (0,), (1,), (5,), (0,), (6,), (3, 1), (3,), (1,), (4,), (4,), (4,), (2,))",15.5892,699.87466,715.46386,4906.31925074925,4632.225791475516,76.48559206378022,3241.9774508521577,3318.463042915938
res50,BGGGLBBLBBBGBBBBBL,"((4,), (1, 6), (2, 7), (3, 4), (4,), (2,), (2,), (0,), (3,), (2,), (3,), (4, 0), (3,), (6,), (5,), (2,), (4,), (2,))",22.2791,696.7815700000001,719.0606700000001,4006.2524823134377,4573.190509176256,89.2556996787093,3186.5148628929314,3275.7705625716408
res50,BGGGLBBLBBBGBBBBBL,"((3,), (4, 4), (0, 4), (1, 5), (4,), (2,), (5,), (2,), (3,), (2,), (7,), (2, 5), (2,), (6,), (5,), (7,), (7,), (3,))",25.5191,680.81629,706.33539,3821.4882460440313,4777.29930489959,97.52094069962224,3252.463188981318,3349.9841296809404
res50,BGGGLBBLBBBGBBBBBL,"((4,), (4, 1), (3, 1), (4, 0), (0,), (3,), (5,), (4,), (1,), (0,), (1,), (0, 6), (0,), (2,), (5,), (1,), (2,), (5,))",22.0417,859.1538499999999,881.1955499999999,4018.5788782051263,4264.1625003498975,88.57631005973393,3663.57162920124,3752.147939260974
res50,GBBBGGLGLLBGBBGBBG,"((1, 0), (1,), (6,), (3,), (1, 7), (0, 6), (1,), (0, 2), (0,), (4,), (2,), (4, 7), (5,), (3,), (4, 6), (1,), (5,), (1, 0))",52.814,865.1725900000001,917.98659,3429.7101252113825,4463.914468685355,181.136710552914,3862.056442410983,4043.193152963897
res50,GBBBGGLGLLBGBBGBBG,"((3, 0), (5,), (7,), (7,), (1, 2), (2, 0), (3,), (4, 2), (0,), (2,), (0,), (4, 6), (1,), (3,), (1, 6), (6,), (5,), (2, 5))",46.8082,775.3408400000001,822.14904,3612.739168923301,4627.540230399489,169.10581756679565,3587.9209293717336,3757.0267469385294
res50,GBBBGGLGLLBGBBGBBG,"((1, 6), (7,), (3,), (4,), (4, 3), (1, 4), (5,), (4, 2), (0,), (2,), (2,), (0, 1), (2,), (6,), (2, 7), (7,), (0,), (4, 0))",17.1861,820.87544,838.06154,4419.1847835497865,4551.355701732515,75.94855160856498,3736.096114256187,3812.044665864752
res50,GBBBGGLGLLBGBBGBBG,"((4, 1), (3,), (6,), (1,), (2, 3), (3, 0), (1,), (0, 6), (5,), (1,), (6,), (4, 4), (1,), (5,), (1, 3), (5,), (7,), (4, 3))",35.6093,746.4057400000002,782.0150400000001,3845.246634134745,4680.929440439224,136.9265409688944,3493.872602878825,3630.79914384772
res50,GBBBGGLGLLBGBBGBBG,"((0, 0), (2,), (7,), (2,), (2, 1), (0, 6), (0,), (1, 1), (3,), (3,), (6,), (1, 6), (0,), (5,), (2, 4), (0,), (7,), (2, 2))",52.3085,919.20318,971.51168,3431.682046501789,4328.213785736783,179.50614032943884,3978.5078755690897,4158.014015898529
res50,GBBBGGLGLLBGBBGBBG,"((0, 1), (5,), (7,), (4,), (3, 2), (3, 6), (1,), (0, 6), (3,), (4,), (5,), (3, 1), (6,), (7,), (4, 1), (5,), (4,), (0, 6))",35.8671,683.6175300000001,719.4846300000002,3587.91890649206,4935.4731254434055,128.6882462110414,3373.9759473970016,3502.664193608043
res50,GBBBGGLGLLBGBBGBBG,"((3, 2), (3,), (5,), (1,), (4, 4), (1, 4), (2,), (2, 0), (0,), (5,), (7,), (0, 7), (5,), (6,), (4, 0), (4,), (0,), (0, 7))",24.176,804.6447999999999,828.8208,4009.07705463568,4625.10736905392,96.9234468728722,3721.568593950917,3818.4920408237895
res50,GBBBGGLGLLBGBBGBBG,"((3, 7), (2,), (7,), (7,), (2, 1), (3, 2), (0,), (3, 3), (1,), (2,), (7,), (0, 4), (1,), (2,), (0, 7), (6,), (5,), (4, 6))",12.61,832.8965999999999,845.5065999999999,5306.760317460318,4566.198166535803,66.9182476031746,3803.170927833904,3870.089175437078
res50,GBBBGGLGLLBGBBGBBG,"((2, 3), (2,), (6,), (3,), (1, 2), (0, 5), (3,), (0, 7), (1,), (2,), (7,), (1, 0), (2,), (7,), (1, 7), (7,), (2,), (1, 4))",21.5668,854.7057200000002,876.2725200000001,3893.8858333333337,4493.554081763529,83.97865699033335,3840.666376812637,3924.6450338029695
res50,GBBBGGLGLLBGBBGBBG,"((3, 7), (0,), (1,), (0,), (0, 5), (0, 4), (2,), (3, 3), (4,), (0,), (2,), (4, 6), (1,), (5,), (3, 5), (6,), (3,), (0, 3))",13.9565,886.8184,900.7749,4826.465833333333,4374.658265079026,67.36057040291665,3879.5274431841576,3946.888013587074
res50,LBBGBLGLLBLGGLLGGG,"((1,), (1,), (0,), (0, 0), (7,), (3,), (3, 1), (2,), (5,), (6,), (5,), (1, 7), (2, 3), (1,), (5,), (4, 4), (3, 4), (2, 2))",83.329,754.5261,837.8551,3277.441490337873,4594.52126992562,273.1059219483646,3466.6862151640253,3739.79213711239
res50,LBBGBLGLLBLGGLLGGG,"((4,), (7,), (3,), (1, 4), (1,), (2,), (0, 5), (5,), (4,), (3,), (3,), (4, 4), (4, 0), (4,), (4,), (4, 3), (1, 6), (2, 0))",42.7333,689.7135999999999,732.4468999999999,3460.347039773764,4711.730100768534,147.8720481547642,3249.744330029428,3397.6163781841924
res50,LBBGBLGLLBLGGLLGGG,"((2,), (0,), (3,), (1, 1), (0,), (1,), (1, 3), (1,), (1,), (3,), (1,), (4, 4), (4, 6), (2,), (0,), (4, 4), (1, 6), (1, 0))",61.8852,888.1715999999999,950.0568,3316.392180603948,4229.911692027083,205.23559337511145,3756.887435366401,3962.123028741512
res50,LBBGBLGLLBLGGLLGGG,"((0,), (3,), (7,), (4, 4), (3,), (2,), (4, 5), (5,), (3,), (5,), (1,), (0, 1), (4, 7), (0,), (4,), (2, 3), (2, 7), (2, 0))",121.754,722.9856,844.7396,3219.2347890295373,4604.734171882859,391.9547125035023,3329.156498099232,3721.1112106027344
res50,LBBGBLGLLBLGGLLGGG,"((0,), (5,), (7,), (2, 7), (6,), (0,), (1, 2), (3,), (0,), (6,), (4,), (3, 4), (2, 4), (2,), (0,), (1, 2), (3, 4), (2, 4))",121.905,779.6494,901.5544,3226.47827433974,4476.6776390180985,393.3238340333861,3490.2390352538773,3883.5628692872633
res50,LBBGBLGLLBLGGLLGGG,"((1,), (1,), (4,), (1, 1), (0,), (2,), (4, 2), (2,), (0,), (7,), (4,), (3, 6), (3, 4), (3,), (5,), (0, 7), (3, 5), (4, 7))",83.7519,805.9652,889.7171,3306.511636604136,4426.206928215588,276.926631937706,3567.3687521406623,3844.295384078368
res50,LBBGBLGLLBLGGLLGGG,"((0,), (4,), (0,), (3, 2), (7,), (5,), (3, 3), (3,), (4,), (5,), (1,), (1, 1), (3, 2), (4,), (2,), (3, 1), (1, 3), (1, 2))",121.881,721.2533,843.1342999999999,3220.5166084544467,4544.447450968431,392.5197847550364,3277.697720687569,3670.217505442605
res50,LBBGBLGLLBLGGLLGGG,"((3,), (7,), (6,), (4, 3), (1,), (5,), (1, 2), (2,), (5,), (7,), (4,), (0, 6), (4, 7), (2,), (1,), (1, 3), (2, 3), (0, 1))",50.5494,715.765,766.3144,3375.188051470587,4694.222082502684,170.61373088900731,3359.9598688825336,3530.573599771541
res50,LBBGBLGLLBLGGLLGGG,"((3,), (1,), (2,), (4, 5), (5,), (1,), (0, 1), (2,), (5,), (6,), (2,), (4, 5), (3, 0), (5,), (5,), (3, 3), (0, 5), (4, 5))",51.6385,699.2808,750.9193,3439.358641774892,4664.575824891341,177.60332122329277,3261.848314490677,3439.4516357139696
res50,LBBGBLGLLBLGGLLGGG,"((1,), (2,), (6,), (3, 7), (4,), (1,), (3, 3), (2,), (4,), (1,), (3,), (1, 1), (1, 6), (4,), (0,), (3, 1), (3, 1), (2, 6))",83.3661,732.3458,815.7119,3279.204302549301,4478.897443665034,273.37447380675525,3280.1017314988244,3553.47620530558
res50,GBBGBLGLBLGBBBGLGG,"((0, 6), (1,), (0,), (0, 4), (0,), (0,), (4, 3), (1,), (6,), (1,), (3, 0), (6,), (0,), (4,), (0, 6), (0,), (2, 6), (3, 5))",12.7286,1103.2173,1115.9459,4694.916619769118,4143.375921420721,59.7597156863932,4571.043996914781,4630.803712601174
res50,GBBGBLGLBLGBBBGLGG,"((1, 4), (1,), (2,), (0, 7), (4,), (1,), (2, 1), (4,), (1,), (4,), (3, 6), (6,), (5,), (4,), (3, 3), (1,), (4, 7), (4, 5))",16.0478,784.9766999999997,801.0244999999998,4272.664953379953,4579.331501253414,68.56687263885081,3594.6685300599497,3663.235402698801
res50,GBBGBLGLBLGBBBGLGG,"((0, 2), (0,), (1,), (3, 3), (3,), (1,), (4, 5), (2,), (7,), (1,), (2, 0), (1,), (7,), (4,), (1, 3), (2,), (1, 7), (3, 7))",22.7121,879.2565000000002,901.9686000000002,3979.911608949616,4427.502941533541,90.39215045362458,3892.910740112487,3983.3028905661113
res50,GBBGBLGLBLGBBBGLGG,"((2, 2), (0,), (7,), (3, 6), (7,), (1,), (0, 6), (4,), (5,), (0,), (2, 4), (0,), (1,), (6,), (2, 0), (0,), (0, 6), (4, 0))",27.6408,951.0569,978.6977,3682.542322523109,4359.348759686011,101.78841582839674,4145.988717405823,4247.77713323422
res50,GBBGBLGLBLGBBBGLGG,"((1, 5), (1,), (6,), (1, 5), (7,), (2,), (4, 4), (5,), (6,), (2,), (4, 7), (3,), (6,), (1,), (4, 4), (5,), (4, 2), (3, 0))",17.5395,674.5120000000001,692.0515,4171.582404262403,5108.80347639817,73.1674695795604,3445.9492504722825,3519.116720051843
res50,GBBGBLGLBLGBBBGLGG,"((0, 0), (4,), (5,), (0, 0), (6,), (0,), (0, 6), (1,), (5,), (3,), (4, 3), (2,), (6,), (1,), (0, 0), (5,), (0, 2), (0, 2))",51.9548,986.1943,1038.1491,3403.8990618651105,4302.097573474265,176.84889497938946,4242.704105004152,4419.552999983541
res50,GBBGBLGLBLGBBBGLGG,"((4, 4), (7,), (5,), (1, 1), (7,), (1,), (1, 3), (0,), (3,), (1,), (1, 7), (1,), (3,), (6,), (4, 1), (0,), (4, 5), (3, 2))",19.7458,775.4394,795.1852,4255.305708458208,4734.746690736567,84.02441545807407,3671.509133016749,3755.533548474823
res50,GBBGBLGLBLGBBBGLGG,"((3, 5), (3,), (6,), (3, 0), (1,), (4,), (1, 7), (1,), (1,), (5,), (1, 0), (7,), (3,), (4,), (1, 7), (1,), (2, 0), (0, 1))",17.2776,816.3788999999999,833.6564999999999,4235.659075369074,4520.386894166366,73.1820232405967,3690.348480233954,3763.530503474551
res50,GBBGBLGLBLGBBBGLGG,"((4, 6), (1,), (7,), (2, 1), (7,), (4,), (3, 5), (2,), (6,), (0,), (2, 4), (2,), (1,), (4,), (1, 0), (3,), (0, 0), (1, 2))",15.0215,819.8579000000001,834.8794,4648.743452658453,4569.333261772808,69.83109977410895,3746.203972397205,3816.0350721713135
res50,GBBGBLGLBLGBBBGLGG,"((2, 0), (1,), (1,), (1, 3), (3,), (5,), (4, 5), (3,), (1,), (3,), (4, 0), (0,), (0,), (3,), (2, 6), (0,), (0, 0), (2, 4))",50.3599,958.9300999999998,1009.2899999999998,3452.647348942482,4221.882096870506,173.8749752280085,4048.489821340243,4222.364796568251
res50,GGLBLLBGBLLBGBBBGG,"((2, 5), (1, 6), (4,), (7,), (0,), (2,), (1,), (2, 6), (6,), (1,), (5,), (1,), (4, 3), (5,), (1,), (2,), (3, 5), (3, 2))",16.1199,777.3234,793.4433,4285.4372416472415,4476.895490035568,69.08081979162937,3479.995623759114,3549.0764435507435
res50,GGLBLLBGBLLBGBBBGG,"((4, 4), (3, 2), (0,), (0,), (0,), (2,), (1,), (1, 5), (7,), (1,), (1,), (0,), (4, 2), (5,), (0,), (3,), (0, 3), (4, 5))",18.1975,982.4992,1000.6967,4381.220036907538,4159.6356831833,79.72725162162493,4086.8387310190456,4166.565982640671
res50,GGLBLLBGBLLBGBBBGG,"((0, 7), (2, 2), (4,), (1,), (3,), (4,), (3,), (2, 1), (0,), (4,), (4,), (5,), (1, 7), (6,), (0,), (5,), (2, 7), (4, 7))",12.3159,850.7821999999999,863.0980999999999,5309.830595238096,4323.968616173326,65.39534262789286,3678.755531998898,3744.15087462679
res50,GGLBLLBGBLLBGBBBGG,"((3, 5), (1, 2), (1,), (5,), (4,), (0,), (6,), (4, 0), (4,), (0,), (5,), (6,), (2, 6), (6,), (4,), (5,), (4, 4), (2, 1))",18.065,680.4567999999999,698.5218,4248.965433455432,4756.846614870944,76.75756055537238,3236.8286256459146,3313.586186201287
res50,GGLBLLBGBLLBGBBBGG,"((0, 1), (2, 2), (5,), (0,), (4,), (0,), (1,), (2, 3), (3,), (2,), (0,), (2,), (3, 5), (5,), (2,), (6,), (4, 2), (1, 3))",35.3956,811.6590000000001,847.0546,3541.8585739712817,4350.2699704078495,125.3662093408579,3530.935773911265,3656.301983252123
res50,GGLBLLBGBLLBGBBBGG,"((4, 1), (2, 0), (0,), (6,), (3,), (2,), (3,), (0, 3), (4,), (4,), (4,), (1,), (3, 0), (7,), (7,), (2,), (1, 3), (4, 3))",35.1831,735.1983,770.3814,3820.335847394787,4597.782687982319,134.41125815247554,3380.282015974032,3514.693274126507
res50,GGLBLLBGBLLBGBBBGG,"((4, 6), (0, 5), (2,), (5,), (1,), (2,), (3,), (0, 1), (7,), (2,), (4,), (5,), (3, 0), (4,), (1,), (2,), (4, 1), (4, 6))",12.5383,766.7522,779.2905000000001,5047.535674603173,4523.731386850485,63.287516548876965,3468.580993076661,3531.8685096255376
res50,GGLBLLBGBLLBGBBBGG,"((4, 1), (3, 4), (0,), (7,), (4,), (5,), (2,), (0, 3), (3,), (0,), (1,), (3,), (0, 7), (1,), (2,), (4,), (1, 1), (0, 6))",30.5885,843.5779000000001,874.1664000000001,3923.2769099724014,4318.763031613462,120.0071557606908,3643.2130488061184,3763.220204566809
res50,GGLBLLBGBLLBGBBBGG,"((2, 2), (0, 2), (2,), (3,), (4,), (2,), (2,), (3, 5), (5,), (3,), (0,), (1,), (2, 4), (7,), (5,), (5,), (2, 2), (1, 6))",25.9528,757.2155999999999,783.1683999999999,3793.10250807543,4474.19607910821,98.44163077158,3387.93106855957,3486.37269933115
res50,GGLBLLBGBLLBGBBBGG,"((0, 6), (1, 1), (3,), (6,), (3,), (1,), (5,), (4, 3), (3,), (0,), (5,), (1,), (0, 1), (2,), (7,), (7,), (0, 5), (0, 7))",13.8346,837.0350999999999,850.8697,4763.745833333332,4439.467192449254,65.9045181058333,3715.98986537848,3781.8943834843135
res50,LBBBGGGLGLBGBLLGLL,"((0,), (5,), (2,), (4,), (1, 4), (2, 5), (0, 7), (5,), (0, 2), (1,), (7,), (2, 7), (6,), (5,), (4,), (0, 3), (4,), (0,))",121.313,840.4759,961.7889,3210.0060139284933,4398.942353019179,389.4154595677073,3697.205033201913,4086.62049276962
res50,LBBBGGGLGLBGBLLGLL,"((3,), (7,), (2,), (2,), (4, 6), (3, 2), (2, 4), (2,), (3, 4), (5,), (0,), (3, 1), (0,), (2,), (2,), (4, 3), (0,), (3,))",49.3564,738.2634,787.6198,3396.1155898268403,4543.9910309134,167.62003949772944,3354.662268051632,3522.2823075493616
res50,LBBBGGGLGLBGBLLGLL,"((2,), (6,), (5,), (1,), (2, 4), (0, 5), (3, 7), (4,), (2, 5), (4,), (3,), (4, 5), (3,), (2,), (3,), (4, 0), (5,), (0,))",61.691,667.9137999999999,729.6048,3311.693946216386,4706.805233778718,204.30171123603503,3143.740169553031,3348.041880789066
res50,LBBBGGGLGLBGBLLGLL,"((2,), (4,), (6,), (6,), (1, 3), (2, 7), (1, 0), (5,), (0, 2), (4,), (1,), (0, 2), (7,), (4,), (0,), (1, 1), (2,), (0,))",61.7334,850.0579000000001,911.7913,3303.546158536585,4331.15674848809,203.93913642340243,3681.7340101906143,3885.673146614017
res50,LBBBGGGLGLBGBLLGLL,"((2,), (1,), (7,), (1,), (1, 5), (3, 2), (0, 3), (0,), (2, 2), (1,), (6,), (4, 3), (2,), (5,), (4,), (0, 0), (2,), (4,))",60.9524,817.5862999999999,878.5387,3335.328214509069,4365.165771631047,203.29625946204257,3568.899732114473,3772.195991576516
res50,LBBBGGGLGLBGBLLGLL,"((3,), (2,), (0,), (1,), (0, 2), (4, 2), (3, 0), (0,), (2, 4), (4,), (1,), (2, 6), (1,), (3,), (3,), (1, 2), (4,), (1,))",50.152,854.3690999999999,904.5211,3383.9263647504467,4223.307022587415,169.7106750449644,3608.263019911689,3777.9736949566536
res50,LBBBGGGLGLBGBLLGLL,"((4,), (0,), (7,), (3,), (0, 0), (4, 1), (1, 4), (4,), (2, 6), (4,), (1,), (4, 5), (2,), (5,), (1,), (0, 4), (1,), (0,))",42.8274,843.7636,886.591,3438.2162493158185,4341.224958174461,147.2498625959483,3662.967599119133,3810.217461715081
res50,LBBBGGGLGLBGBLLGLL,"((0,), (3,), (5,), (2,), (4, 6), (3, 1), (1, 0), (4,), (3, 7), (2,), (6,), (3, 4), (0,), (4,), (4,), (1, 5), (0,), (2,))",121.264,739.2195,860.4835,3215.3473564813667,4530.089579835001,389.9058818363564,3348.73055416084,3738.636435997196
res50,LBBBGGGLGLBGBLLGLL,"((5,), (5,), (6,), (7,), (1, 5), (4, 0), (3, 0), (0,), (2, 0), (4,), (2,), (1, 6), (4,), (3,), (0,), (1, 6), (4,), (2,))",36.0876,736.2697,772.3572999999999,3618.540789855073,4559.353794033347,130.58445260797396,3356.9140501267943,3487.4985027347684
res50,LBBBGGGLGLBGBLLGLL,"((1,), (6,), (4,), (1,), (2, 6), (3, 0), (4, 3), (0,), (3, 1), (0,), (7,), (3, 0), (2,), (5,), (0,), (1, 6), (2,), (2,))",82.807,761.4676999999999,844.2746999999999,3262.885242510192,4484.410867106778,270.18973827654145,3414.734028830804,3684.9237671073447
res50,GGBLBLGBLBLBLGLBBL,"((3, 7), (2, 0), (2,), (0,), (1,), (5,), (0, 7), (2,), (4,), (6,), (3,), (7,), (5,), (0, 6), (1,), (2,), (5,), (5,))",15.0044,793.14812,808.15252,4828.398132145632,4380.253996971878,72.44721693396593,3474.190222820731,3546.637439754697
res50,GGBLBLGBLBLBLGLBBL,"((1, 3), (0, 1), (4,), (1,), (7,), (0,), (1, 1), (1,), (2,), (6,), (1,), (4,), (5,), (2, 4), (3,), (5,), (3,), (3,))",22.9838,767.7724900000001,790.75629,3813.115542717088,4372.203929173131,87.639885010701,3356.8578974890384,3444.4977824997395
res50,GGBLBLGBLBLBLGLBBL,"((4, 5), (2, 2), (3,), (3,), (3,), (2,), (2, 2), (5,), (1,), (2,), (1,), (4,), (1,), (3, 4), (3,), (3,), (1,), (3,))",18.0737,709.28482,727.35852,4391.067398851148,4357.469297425051,79.362834846616,3090.686826279654,3170.0496611262697
res50,GGBLBLGBLBLBLGLBBL,"((1, 0), (2, 4), (1,), (3,), (1,), (5,), (2, 0), (1,), (4,), (7,), (1,), (7,), (5,), (4, 1), (1,), (0,), (3,), (3,))",53.7291,788.8579900000001,842.5870900000001,3372.023712690819,4347.897229943478,181.1757992615363,3429.87346953978,3611.049268801317
res50,GGBLBLGBLBLBLGLBBL,"((2, 0), (4, 0), (3,), (0,), (5,), (1,), (2, 4), (5,), (3,), (3,), (2,), (7,), (3,), (0, 5), (0,), (4,), (6,), (1,))",54.071,746.1178900000001,800.1888900000001,3396.9304615135425,4426.50118237073,183.6754269844988,3302.691722272955,3486.367149257453
res50,GGBLBLGBLBLBLGLBBL,"((1, 3), (2, 6), (6,), (1,), (6,), (4,), (4, 7), (5,), (1,), (4,), (3,), (6,), (1,), (2, 5), (4,), (6,), (3,), (2,))",23.3931,649.55165,672.94475,3772.3184342596674,4690.163752114247,88.24622236447982,3046.503603956,3134.74982632048
res50,GGBLBLGBLBLBLGLBBL,"((3, 2), (3, 1), (0,), (0,), (0,), (5,), (0, 2), (1,), (2,), (0,), (1,), (1,), (0,), (0, 0), (5,), (3,), (0,), (0,))",28.4951,1044.3237300000003,1072.8188300000004,3683.8076856356574,3943.21031942154,104.97046838295662,4117.988108952795,4222.958577335752
res50,GGBLBLGBLBLBLGLBBL,"((3, 6), (1, 2), (3,), (5,), (4,), (4,), (2, 2), (1,), (0,), (4,), (1,), (6,), (3,), (0, 4), (1,), (5,), (7,), (3,))",16.6074,764.3270500000001,780.9344500000001,4448.435598845599,4387.085267720818,73.8769493642684,3353.167940775513,3427.0448901397817
res50,GGBLBLGBLBLBLGLBBL,"((1, 0), (2, 0), (5,), (1,), (4,), (0,), (0, 4), (6,), (5,), (1,), (0,), (3,), (2,), (4, 6), (4,), (6,), (4,), (3,))",53.7414,725.0238499999999,778.7652499999999,3417.5773435177766,4452.113622726928,183.66539104892624,3227.8885593869245,3411.5539504358508
res50,GGBLBLGBLBLBLGLBBL,"((0, 0), (2, 2), (4,), (0,), (7,), (2,), (3, 2), (3,), (3,), (7,), (3,), (7,), (4,), (3, 7), (5,), (5,), (6,), (4,))",53.5948,648.74818,702.34298,3411.2769887024524,4794.64173859657,182.8267079541102,3110.5151016665604,3293.3418096206706
res50,GBBBGGLLGBLGLLLBGB,"((0, 6), (2,), (5,), (0,), (3, 5), (4, 2), (2,), (5,), (0, 1), (6,), (1,), (0, 7), (1,), (4,), (2,), (4,), (1, 1), (3,))",14.0123,850.47354,864.4858399999999,4534.850404040402,4318.205077446902,63.54368431653533,3672.51915866224,3736.062842978776
res50,GBBBGGLLGBLGLLLBGB,"((1, 1), (4,), (3,), (5,), (4, 0), (3, 7), (3,), (2,), (4, 7), (4,), (0,), (1, 7), (4,), (4,), (5,), (6,), (4, 2), (0,))",35.6379,622.4810299999999,658.11893,3549.975951815495,4980.9025418649,126.51368797320544,3100.5173445896803,3227.0310325628857
res50,GBBBGGLLGBLGLLLBGB,"((1, 6), (7,), (2,), (5,), (1, 4), (3, 2), (3,), (0,), (2, 4), (3,), (4,), (4, 7), (5,), (0,), (3,), (6,), (4, 3), (2,))",14.7202,669.74899,684.46919,4539.183726551228,4765.246143441315,66.81769229157939,3191.5187916712166,3258.336483962796
res50,GBBBGGLLGBLGLLLBGB,"((4, 2), (0,), (4,), (5,), (3, 7), (2, 1), (4,), (5,), (0, 4), (1,), (3,), (0, 3), (4,), (0,), (5,), (5,), (3, 3), (2,))",25.4218,784.1894000000002,809.6112000000002,3936.2636137383424,4462.184233705762,100.0669063357334,3499.1975769191827,3599.264483254916
res50,GBBBGGLLGBLGLLLBGB,"((1, 1), (0,), (7,), (6,), (1, 0), (3, 6), (0,), (0,), (3, 7), (2,), (2,), (3, 3), (4,), (3,), (3,), (1,), (0, 2), (7,))",33.2506,826.7464000000001,859.9970000000001,3656.633539930539,4377.772397055403,121.58525918281438,3619.3075692849256,3740.89282846774
res50,GBBBGGLLGBLGLLLBGB,"((4, 3), (6,), (5,), (3,), (2, 1), (2, 6), (2,), (3,), (1, 7), (2,), (3,), (3, 0), (1,), (3,), (3,), (1,), (1, 3), (3,))",20.9186,707.9922300000002,728.9108300000001,4077.8025038850046,4524.869978215222,85.30191945776886,3203.572786336647,3288.874705794416
res50,GBBBGGLLGBLGLLLBGB,"((3, 0), (1,), (7,), (2,), (4, 0), (1, 6), (3,), (1,), (1, 1), (1,), (1,), (4, 7), (1,), (0,), (4,), (4,), (4, 4), (1,))",49.2616,734.5169800000001,783.7785800000001,3558.388587463638,4565.397778993854,175.29191524019876,3353.3621891252737,3528.6541043654724
res50,GBBBGGLLGBLGLLLBGB,"((4, 5), (2,), (3,), (6,), (1, 1), (0, 2), (1,), (1,), (0, 3), (3,), (2,), (1, 2), (2,), (2,), (0,), (7,), (2, 4), (0,))",17.9336,848.43262,866.36622,4314.119368964368,4289.79232382999,77.36769111525938,3639.599740562967,3716.967431678226
res50,GBBBGGLLGBLGLLLBGB,"((3, 6), (7,), (4,), (7,), (0, 0), (4, 5), (5,), (0,), (4, 2), (7,), (0,), (1, 1), (4,), (5,), (1,), (7,), (4, 4), (2,))",15.6833,690.20357,705.88687,4577.428391885893,4892.073459073068,71.78918269846402,3376.5265661544804,3448.3157488529446
res50,GBBBGGLLGBLGLLLBGB,"((1, 5), (3,), (6,), (7,), (0, 7), (1, 1), (0,), (1,), (2, 1), (7,), (2,), (0, 3), (5,), (2,), (2,), (2,), (3, 7), (3,))",15.7203,802.30798,818.02828,4630.696482683985,4472.090488014332,72.79593791673705,3587.993885815993,3660.78982373273
res50,BGGBLBBLBBBLGGGLBG,"((6,), (2, 7), (1, 5), (3,), (1,), (0,), (5,), (0,), (6,), (1,), (2,), (1,), (4, 2), (1, 0), (2, 4), (1,), (3,), (3, 2))",17.4424,838.38274,855.82514,4505.1502547452565,4371.479575973975,78.58063280336866,3664.9730247591,3743.553657562468
res50,BGGBLBBLBBBLGGGLBG,"((3,), (1, 3), (2, 5), (1,), (5,), (0,), (6,), (5,), (0,), (2,), (0,), (4,), (4, 0), (0, 3), (4, 6), (1,), (0,), (2, 4))",24.8862,937.10008,961.98628,3833.285875031832,4289.368752387362,95.39591894321715,4019.5678010116976,4114.963719954915
res50,BGGBLBBLBBBLGGGLBG,"((4,), (2, 0), (0, 7), (6,), (4,), (4,), (3,), (3,), (0,), (1,), (0,), (0,), (4, 2), (4, 7), (0, 4), (5,), (6,), (2, 0))",22.8467,898.0029300000001,920.84963,3942.5070239890833,4354.025948467733,90.07327522497138,3909.9280590200538,4000.001334245025
res50,BGGBLBBLBBBLGGGLBG,"((4,), (3, 3), (1, 7), (3,), (5,), (2,), (6,), (5,), (1,), (6,), (5,), (5,), (2, 0), (0, 5), (3, 3), (3,), (2,), (3, 5))",20.5613,737.9378400000002,758.4991400000001,4168.556329226329,4632.499574994619,85.71093725212131,3418.496730172448,3504.207667424569
res50,BGGBLBBLBBBLGGGLBG,"((7,), (1, 0), (4, 1), (3,), (0,), (2,), (3,), (5,), (6,), (5,), (5,), (5,), (3, 1), (4, 2), (0, 4), (5,), (3,), (4, 5))",14.8015,754.69856,769.5000600000001,5127.611432178932,4655.605827307643,75.89634061339646,3513.579013796687,3589.475354410084
res50,BGGBLBBLBBBLGGGLBG,"((2,), (2, 4), (2, 1), (3,), (5,), (7,), (7,), (5,), (2,), (3,), (1,), (1,), (2, 7), (2, 3), (4, 7), (3,), (3,), (2, 5))",30.5841,702.09435,732.67845,3712.872227441628,4750.056902118577,113.55485549129747,3334.988113155956,3448.542968647253
res50,BGGBLBBLBBBLGGGLBG,"((4,), (3, 3), (3, 7), (6,), (0,), (6,), (3,), (3,), (5,), (7,), (0,), (3,), (3, 7), (4, 2), (4, 5), (3,), (1,), (1, 2))",21.6093,680.62386,702.23316,4022.6700948071534,4885.117391426583,86.92708487971622,3324.927455505892,3411.8545403856083
res50,BGGBLBBLBBBLGGGLBG,"((2,), (3, 0), (3, 5), (0,), (3,), (1,), (4,), (4,), (3,), (2,), (3,), (4,), (2, 1), (0, 2), (1, 4), (3,), (2,), (2, 3))",30.6354,823.4747599999998,854.1101599999998,3682.5243653809216,4317.89513118472,112.8156069431907,3555.6776568575056,3668.493263800696
res50,BGGBLBBLBBBLGGGLBG,"((3,), (3, 6), (2, 4), (5,), (4,), (4,), (7,), (3,), (6,), (6,), (4,), (3,), (3, 7), (4, 5), (1, 0), (0,), (6,), (0, 6))",24.7862,667.58046,692.36666,3895.825325630253,4880.732110828974,96.56270568613655,3258.2813876839778,3354.8440933701145
res50,BGGBLBBLBBBLGGGLBG,"((4,), (1, 5), (3, 1), (5,), (5,), (7,), (3,), (5,), (4,), (7,), (2,), (0,), (2, 5), (0, 0), (0, 5), (3,), (7,), (0, 4))",20.9964,814.1288000000001,835.1252000000001,4044.540848800322,4574.141420493524,84.92079747775108,3723.940265696688,3808.861063174439
res50,GGGGLLBGGGGGLBGLBG,"((2, 2), (3, 1), (0, 7), (2, 1), (4,), (5,), (6,), (3, 5), (3, 6), (3, 6), (1, 2), (0, 3), (1,), (4,), (4, 4), (5,), (4,), (1, 7))",26.574,756.61432,783.18832,3805.7963467823015,4678.019827861555,101.13523211939288,3539.456791003988,3640.592023123381
res50,GGGGLLBGGGGGLBGLBG,"((3, 5), (3, 1), (0, 5), (2, 3), (2,), (0,), (1,), (0, 3), (4, 1), (1, 0), (0, 1), (2, 6), (3,), (7,), (1, 7), (5,), (2,), (4, 6))",15.3212,904.8724000000004,920.1936000000004,4676.982716450217,4372.846420219656,71.65698759527706,3956.86803509557,4028.525022690847
res50,GGGGLLBGGGGGLBGLBG,"((1, 1), (3, 1), (4, 4), (0, 6), (3,), (2,), (0,), (4, 2), (4, 4), (1, 5), (2, 6), (0, 3), (3,), (1,), (3, 7), (1,), (0,), (0, 6))",35.6681,911.8624,947.5305,3588.7911552824844,4347.1262410993895,128.00536180573118,3963.980967311868,4091.9863291175993
res50,GGGGLLBGGGGGLBGLBG,"((3, 3), (4, 6), (3, 1), (4, 6), (4,), (3,), (0,), (0, 6), (4, 4), (0, 5), (3, 4), (1, 7), (2,), (4,), (0, 3), (5,), (2,), (3, 5))",21.4407,856.50544,877.94614,4014.025999417249,4475.458806124847,86.06352724570542,3833.254813941837,3919.318341187542
res50,GGGGLLBGGGGGLBGLBG,"((0, 5), (1, 4), (4, 5), (4, 0), (0,), (5,), (5,), (3, 5), (1, 2), (0, 3), (1, 1), (0, 0), (0,), (0,), (0, 1), (1,), (0,), (2, 4))",15.984,1116.2856200000003,1132.2696200000005,4297.187452269954,4062.379773579087,68.68624423708293,4534.776124225193,4603.462368462276
res50,GGGGLLBGGGGGLBGLBG,"((4, 2), (0, 3), (3, 7), (1, 7), (5,), (3,), (4,), (1, 5), (2, 6), (2, 0), (0, 2), (2, 5), (2,), (4,), (1, 2), (5,), (0,), (3, 7))",23.201,896.7683099999999,919.96931,4252.98258494773,4333.59353910258,98.6734489533723,3886.229354287939,3984.902803241311
res50,GGGGLLBGGGGGLBGLBG,"((0, 5), (2, 0), (0, 0), (4, 5), (5,), (1,), (0,), (1, 2), (1, 5), (1, 3), (2, 1), (4, 6), (4,), (0,), (2, 7), (5,), (0,), (2, 0))",17.5891,971.5442499999998,989.1333499999998,4149.148305028302,4239.647133915478,72.9797844519733,4119.004794984561,4191.984579436535
res50,GGGGLLBGGGGGLBGLBG,"((3, 5), (3, 0), (2, 4), (0, 7), (3,), (2,), (2,), (3, 4), (0, 3), (0, 0), (3, 5), (4, 6), (1,), (3,), (4, 5), (4,), (7,), (3, 2))",16.8639,804.9606099999999,821.8245099999999,4312.748912198913,4558.675516362278,72.72976638043124,3669.554224443044,3742.283990823475
res50,GGGGLLBGGGGGLBGLBG,"((2, 5), (4, 6), (0, 5), (2, 3), (2,), (1,), (5,), (3, 6), (1, 7), (2, 6), (1, 4), (1, 4), (5,), (4,), (4, 6), (0,), (2,), (3, 7))",14.9407,827.2188600000002,842.1595600000002,4697.321482683983,4497.902106157639,70.18127107633659,3720.7494526473215,3790.930723723658
res50,GGGGLLBGGGGGLBGLBG,"((3, 1), (1, 3), (4, 0), (0, 7), (3,), (4,), (4,), (0, 4), (4, 2), (0, 2), (2, 4), (3, 5), (4,), (3,), (2, 3), (1,), (6,), (3, 1))",36.414,816.2692799999999,852.6832799999999,3632.097446488296,4496.826815944191,132.25919641642483,3670.621587335457,3802.880783751882
res50,GGBGLGBBLGBGLBGLLB,"((1, 1), (3, 4), (3,), (1, 5), (4,), (2, 2), (6,), (4,), (3,), (0, 5), (7,), (3, 5), (3,), (3,), (3, 4), (1,), (0,), (7,))",31.4652,750.0810399999999,781.5462399999999,3774.713484952037,4520.211208241569,118.77211474671284,3390.5247240974923,3509.296838844205
res50,GGBGLGBBLGBGLBGLLB,"((1, 2), (0, 6), (4,), (2, 5), (2,), (1, 2), (1,), (4,), (1,), (4, 5), (0,), (0, 4), (1,), (5,), (4, 4), (0,), (1,), (4,))",25.6226,908.73201,934.35461,3739.124427736008,4270.205589606107,95.80608956210862,3880.472508555993,3976.278598118102
res50,GGBGLGBBLGBGLBGLLB,"((1, 3), (2, 7), (5,), (1, 2), (5,), (0, 7), (6,), (0,), (1,), (4, 7), (6,), (2, 3), (4,), (5,), (3, 5), (0,), (5,), (4,))",19.385,781.1609100000001,800.54591,3930.031612831613,4570.301917801842,76.18366281474081,3570.141205084833,3646.324867899573
res50,GGBGLGBBLGBGLBGLLB,"((2, 2), (3, 7), (1,), (2, 2), (4,), (0, 4), (6,), (4,), (2,), (0, 3), (3,), (4, 7), (1,), (7,), (1, 1), (5,), (5,), (3,))",24.6772,787.45678,812.13398,3750.0260451476624,4506.059045012039,92.54014272131788,3548.326746075055,3640.8668887963727
res50,GGBGLGBBLGBGLBGLLB,"((4, 0), (0, 4), (6,), (0, 3), (1,), (4, 2), (0,), (5,), (0,), (1, 7), (1,), (0, 6), (1,), (5,), (3, 4), (1,), (2,), (4,))",44.101,936.75258,980.85358,3716.461586088988,4236.259919617591,163.89967240811046,3968.32740925237,4132.227081660481
res50,GGBGLGBBLGBGLBGLLB,"((1, 5), (4, 5), (7,), (4, 0), (1,), (1, 6), (7,), (3,), (0,), (3, 2), (7,), (2, 3), (2,), (0,), (2, 6), (2,), (0,), (5,))",14.981,806.42459,821.40559,4417.500371572873,4487.455499526084,66.1785730665332,3618.794461348568,3684.9730344151008
res50,GGBGLGBBLGBGLBGLLB,"((2, 7), (4, 5), (6,), (0, 7), (5,), (0, 7), (3,), (0,), (1,), (1, 3), (6,), (0, 1), (5,), (2,), (4, 3), (2,), (2,), (4,))",11.9351,842.01076,853.94586,4994.3115115440105,4473.467492067802,59.60760732142892,3766.707762831304,3826.3153701527326
res50,GGBGLGBBLGBGLBGLLB,"((0, 3), (3, 2), (5,), (0, 1), (0,), (3, 2), (7,), (7,), (1,), (3, 0), (2,), (4, 2), (5,), (5,), (1, 7), (2,), (1,), (3,))",20.2067,821.5103,841.717,3817.3713838612366,4459.067750260503,77.13647834226884,3663.1700852368313,3740.3065635791
res50,GGBGLGBBLGBGLBGLLB,"((0, 1), (1, 4), (3,), (3, 2), (0,), (3, 5), (4,), (0,), (5,), (2, 1), (4,), (3, 7), (2,), (4,), (2, 1), (0,), (1,), (5,))",34.2812,838.92612,873.20732,3576.9534696643927,4301.177348104326,122.62225728425898,3608.370024077051,3730.99228136131
res50,GGBGLGBBLGBGLBGLLB,"((2, 7), (1, 7), (2,), (2, 1), (0,), (4, 4), (7,), (6,), (5,), (2, 6), (1,), (4, 1), (4,), (5,), (1, 3), (1,), (5,), (5,))",11.9949,764.5230100000001,776.5179100000001,5052.13218253968,4578.933813859696,60.5998203163452,3500.7002619627947,3561.30008227914
res50,LLGLGGGLBBGBLLGBGG,"((1,), (5,), (0, 7), (1,), (0, 4), (1, 0), (1, 6), (0,), (5,), (1,), (1, 5), (1,), (5,), (5,), (3, 7), (2,), (1, 4), (4, 6))",83.6434,919.6375,1003.2809,3296.1948987542733,4310.295939258236,275.70494839446314,3963.909781839596,4239.61473023406
res50,LLGLGGGLBBGBLLGBGG,"((4,), (1,), (0, 5), (3,), (1, 1), (4, 5), (4, 1), (1,), (5,), (3,), (3, 3), (1,), (2,), (4,), (2, 5), (1,), (0, 1), (0, 4))",43.473,848.957,892.43,3448.9436389345,4341.029743100958,149.9359268153995,3685.34758761376,3835.283514429159
res50,LLGLGGGLBBGBLLGBGG,"((1,), (4,), (2, 2), (0,), (1, 7), (1, 1), (1, 2), (1,), (3,), (3,), (3, 7), (7,), (4,), (3,), (1, 7), (2,), (4, 4), (1, 7))",83.4395,810.9715,894.411,3274.547079296701,4490.0277677264085,273.22657102297705,3641.284553834737,3914.511124857714
res50,LLGLGGGLBBGBLLGBGG,"((2,), (4,), (1, 5), (1,), (1, 5), (2, 2), (1, 7), (5,), (2,), (6,), (3, 1), (5,), (3,), (4,), (2, 5), (4,), (0, 5), (1, 5))",62.629,807.5002000000001,870.1292000000001,3321.8330635624548,4450.324337316026,208.04308293785297,3593.6377924475587,3801.680875385412
res50,LLGLGGGLBBGBLLGBGG,"((4,), (0,), (3, 4), (5,), (3, 2), (2, 4), (4, 4), (5,), (7,), (5,), (4, 0), (1,), (5,), (0,), (4, 3), (5,), (0, 2), (0, 7))",43.509,715.3083,758.8173,3498.4909400656807,4832.534024156815,152.21584231131772,3456.75169751177,3608.967539823088
res50,LLGLGGGLBBGBLLGBGG,"((0,), (1,), (4, 0), (5,), (3, 7), (2, 3), (2, 2), (4,), (7,), (2,), (1, 7), (4,), (1,), (4,), (0, 3), (1,), (4, 5), (4, 0))",121.906,831.406,953.312,3222.679279965619,4525.731674937482,392.8639403034888,3762.720468933072,4155.5844092365605
res50,LLGLGGGLBBGBLLGBGG,"((5,), (4,), (4, 2), (2,), (2, 1), (1, 6), (3, 3), (0,), (6,), (7,), (4, 0), (4,), (2,), (2,), (0, 0), (3,), (2, 6), (0, 0))",36.5891,791.5437000000001,828.1328000000001,3578.147659420289,4552.828411115494,130.92120252529492,3603.76264599948,3734.683848524775
res50,LLGLGGGLBBGBLLGBGG,"((1,), (3,), (2, 7), (2,), (0, 5), (2, 3), (2, 1), (1,), (1,), (6,), (0, 1), (5,), (4,), (1,), (0, 0), (6,), (4, 5), (2, 6))",83.3317,927.4127000000002,1010.7444000000002,3267.625679413179,4307.003691038817,272.29680282915524,3994.369922016276,4266.666724845431
res50,LLGLGGGLBBGBLLGBGG,"((0,), (1,), (4, 3), (1,), (4, 7), (1, 2), (4, 5), (4,), (4,), (7,), (2, 7), (2,), (2,), (1,), (0, 3), (1,), (3, 2), (0, 3))",122.009,834.2207,956.2297,3214.508286692315,4452.875923937105,392.19894155104265,3714.681270279958,4106.880211831
res50,LLGLGGGLBBGBLLGBGG,"((5,), (1,), (0, 4), (3,), (4, 2), (0, 4), (4, 2), (4,), (7,), (2,), (2, 3), (4,), (2,), (0,), (0, 6), (6,), (3, 7), (2, 0))",36.6544,842.1107000000001,878.7651000000001,3592.739464426877,4532.675078752736,131.68970942488855,3817.014183441022,3948.7038928659103
res50,LGGBBLLLBGLGLLLGBL,"((4,), (3, 4), (4, 4), (3,), (1,), (0,), (2,), (5,), (2,), (1, 5), (3,), (4, 4), (3,), (3,), (4,), (1, 4), (1,), (1,))",42.4133,707.8081,750.2214,3449.138104360519,4447.603012184802,146.28932916167398,3148.0494376088013,3294.338766770475
res50,LGGBBLLLBGLGLLLGBL,"((5,), (3, 6), (1, 3), (5,), (2,), (5,), (4,), (2,), (2,), (0, 3), (2,), (2, 1), (1,), (3,), (5,), (1, 3), (0,), (2,))",35.8968,778.20161,814.09841,3608.585050724639,4320.313665961253,129.53665584885223,3362.0750505560486,3491.611706404901
res50,LGGBBLLLBGLGLLLGBL,"((0,), (4, 0), (1, 6), (6,), (2,), (3,), (5,), (4,), (6,), (4, 1), (5,), (2, 6), (5,), (0,), (5,), (1, 4), (7,), (5,))",121.453,651.0265199999998,772.4795199999998,3212.5937577085365,4800.87022024269,390.1791496549749,3125.493832456232,3515.6729821112062
res50,LGGBBLLLBGLGLLLGBL,"((3,), (1, 0), (1, 5), (6,), (7,), (3,), (3,), (4,), (6,), (0, 7), (5,), (0, 6), (3,), (3,), (2,), (2, 2), (6,), (3,))",49.4187,719.67023,769.0889299999999,3380.682362299466,4614.450890896401,167.06892745776864,3320.8829339751173,3487.951861432886
res50,LGGBBLLLBGLGLLLGBL,"((3,), (2, 7), (4, 7), (5,), (4,), (1,), (5,), (2,), (7,), (2, 4), (4,), (2, 5), (1,), (2,), (0,), (0, 6), (1,), (2,))",49.6466,747.9077300000001,797.5543300000002,3385.4822916666662,4494.042218517702,168.07768514145832,3361.128914175739,3529.2065993171973
res50,LGGBBLLLBGLGLLLGBL,"((5,), (0, 6), (4, 0), (4,), (6,), (2,), (4,), (3,), (3,), (3, 7), (0,), (1, 7), (4,), (1,), (2,), (0, 2), (5,), (5,))",35.4215,750.8235,786.245,3625.247743741765,4451.364351007289,128.41171295494894,3342.188961798521,3470.6006747534702
res50,LGGBBLLLBGLGLLLGBL,"((3,), (1, 2), (3, 3), (4,), (4,), (4,), (5,), (0,), (4,), (4, 5), (5,), (3, 1), (2,), (5,), (1,), (1, 2), (2,), (0,))",50.2924,663.06787,713.36027,3369.4088736631024,4578.033611415314,169.4556588378142,3035.54699550956,3205.0026543473737
res50,LGGBBLLLBGLGLLLGBL,"((5,), (2, 5), (2, 4), (3,), (0,), (3,), (1,), (4,), (6,), (0, 0), (4,), (2, 2), (2,), (1,), (3,), (3, 7), (3,), (2,))",35.9001,740.09035,775.9904499999999,3597.5738188405794,4422.24337735599,129.1532598537587,3272.859648932576,3402.0129087863347
res50,LGGBBLLLBGLGLLLGBL,"((1,), (4, 7), (1, 7), (5,), (6,), (0,), (1,), (1,), (6,), (4, 4), (1,), (0, 5), (3,), (5,), (3,), (0, 7), (7,), (3,))",82.7404,737.95222,820.69262,3253.897448065561,4615.249066761342,269.2287764119238,3405.8332946694604,3675.062071081384
res50,LGGBBLLLBGLGLLLGBL,"((5,), (0, 5), (2, 0), (1,), (1,), (1,), (1,), (3,), (7,), (0, 5), (0,), (0, 6), (3,), (4,), (0,), (4, 5), (5,), (2,))",35.9681,882.0730599999998,918.04116,3600.708369565217,4279.258294255496,129.51063870735868,3774.618458144325,3904.129096851684
res50,BBGBGLLBBBLLLLGBBB,"((3,), (5,), (0, 3), (7,), (0, 3), (0,), (2,), (4,), (1,), (1,), (3,), (4,), (1,), (2,), (2, 1), (4,), (2,), (6,))",16.7975,827.1684,843.9659,3958.6660982889657,4283.73288382212,66.4956937860089,3543.368475538529,3609.8641693245377
res50,BBGBGLLBBBLLLLGBBB,"((3,), (0,), (0, 3), (0,), (4, 0), (3,), (2,), (7,), (4,), (7,), (2,), (4,), (4,), (3,), (0, 1), (0,), (5,), (7,))",18.007,878.1083,896.1152999999999,4090.086689903234,4333.509428340793,73.65019102508754,3805.290597154306,3878.9407881793936
res50,BBGBGLLBBBLLLLGBBB,"((3,), (2,), (3, 7), (3,), (3, 1), (2,), (3,), (3,), (6,), (0,), (1,), (2,), (1,), (0,), (2, 5), (5,), (2,), (6,))",16.8438,730.3352,747.179,3959.044763406528,4469.702963668209,66.68535818586689,3264.381407911214,3331.0667660970807
res50,BBGBGLLBBBLLLLGBBB,"((7,), (6,), (4, 3), (2,), (1, 6), (3,), (5,), (7,), (1,), (5,), (4,), (2,), (5,), (5,), (4, 1), (7,), (3,), (5,))",9.69824,613.90716,623.6054,5010.4886507936535,5099.660029761504,48.592921452673046,3130.7178058364007,3179.310727289074
res50,BBGBGLLBBBLLLLGBBB,"((6,), (1,), (2, 0), (4,), (4, 7), (0,), (3,), (6,), (4,), (5,), (2,), (4,), (2,), (2,), (1, 7), (2,), (0,), (6,))",13.9611,752.5056,766.4667,4768.809480519481,4526.355540197896,66.57782603848054,3406.1078915899416,3472.685717628422
res50,BBGBGLLBBBLLLLGBBB,"((2,), (4,), (1, 6), (3,), (2, 1), (1,), (0,), (3,), (0,), (2,), (2,), (4,), (2,), (1,), (3, 5), (2,), (2,), (5,))",22.2329,796.2066,818.4395,3751.441074283904,4304.494984728851,83.40541426044662,3427.26731650801,3510.672730768457
res50,BBGBGLLBBBLLLLGBBB,"((4,), (6,), (2, 2), (3,), (1, 2), (0,), (0,), (2,), (6,), (7,), (3,), (2,), (0,), (0,), (1, 4), (6,), (5,), (6,))",14.4648,774.1399,788.6047,4241.912841880341,4494.952719267354,61.35842087523076,3479.722248598357,3541.0806694735884
res50,BBGBGLLBBBLLLLGBBB,"((3,), (2,), (4, 6), (0,), (0, 1), (4,), (4,), (4,), (2,), (3,), (5,), (3,), (2,), (4,), (2, 1), (7,), (1,), (0,))",24.3992,761.7812,786.1804,3737.5917438770366,4445.656313885295,91.19424847720458,3386.617401579117,3477.811650056321
res50,BBGBGLLBBBLLLLGBBB,"((4,), (7,), (0, 3), (1,), (1, 2), (3,), (3,), (5,), (3,), (5,), (2,), (0,), (2,), (4,), (0, 3), (6,), (7,), (0,))",20.0173,807.5764000000001,827.5937000000001,3915.2533462615816,4439.353474479721,78.37280080812195,3585.1170972478253,3663.4898980559474
res50,BBGBGLLBBBLLLLGBBB,"((1,), (2,), (2, 5), (0,), (0, 1), (1,), (4,), (3,), (5,), (2,), (1,), (0,), (3,), (0,), (2, 6), (6,), (3,), (0,))",37.9354,863.1104000000001,901.0458,3486.4224254830347,4238.553536179221,132.25882927966913,3658.3396380330623,3790.5984673127314
res50,LLLBGBGLBBLGBGBLGL,"((4,), (3,), (3,), (6,), (0, 0), (1,), (0, 4), (0,), (1,), (0,), (0,), (2, 6), (4,), (2, 2), (2,), (4,), (0, 6), (5,))",34.5477,985.9932,1020.5409,3435.4680093358534,4117.034543328903,118.68751814613226,4059.368063887404,4178.055582033536
res50,LLLBGBGLBBLGBGBLGL,"((1,), (5,), (3,), (4,), (1, 6), (5,), (2, 6), (2,), (7,), (4,), (2,), (1, 4), (1,), (3, 1), (3,), (2,), (4, 6), (5,))",70.6719,725.7388000000001,796.4107,3250.8313569683105,4641.800734337402,229.7424285765288,3368.734894777145,3598.477323353674
res50,LLLBGBGLBBLGBGBLGL,"((4,), (5,), (5,), (1,), (0, 3), (3,), (1, 0), (2,), (5,), (3,), (5,), (3, 6), (4,), (3, 5), (7,), (2,), (1, 4), (3,))",36.8764,745.6205,782.4969,3446.876273166447,4605.254710254245,127.10838819979516,3433.772319687125,3560.8807078869204
res50,LLLBGBGLBBLGBGBLGL,"((4,), (2,), (1,), (6,), (1, 0), (1,), (3, 5), (0,), (4,), (0,), (1,), (1, 2), (3,), (3, 5), (1,), (5,), (4, 6), (2,))",38.322,828.7826000000001,867.1046000000001,3438.0283659818456,4353.638998342197,131.7521230411563,3608.2202485074417,3739.972371548598
res50,LLLBGBGLBBLGBGBLGL,"((3,), (1,), (4,), (5,), (1, 3), (1,), (1, 3), (0,), (7,), (7,), (1,), (2, 6), (5,), (3, 5), (7,), (1,), (0, 1), (0,))",48.1748,801.759,849.9338,3348.0947776148573,4566.8320808288445,161.29379629264022,3661.4987222932536,3822.792518585894
res50,LLLBGBGLBBLGBGBLGL,"((3,), (5,), (4,), (3,), (1, 7), (6,), (1, 7), (4,), (4,), (0,), (5,), (0, 5), (3,), (0, 1), (3,), (4,), (3, 7), (2,))",45.0089,816.8803999999999,861.8892999999999,3363.0918522745324,4452.92968583801,151.3690648698392,3637.510982939228,3788.880047809068
res50,LLLBGBGLBBLGBGBLGL,"((5,), (4,), (3,), (4,), (1, 7), (0,), (4, 1), (0,), (2,), (4,), (2,), (1, 5), (4,), (4, 2), (5,), (2,), (3, 0), (2,))",32.5409,748.4529000000001,780.9938000000001,3597.6820431018264,4548.427878775673,117.07181159637224,3404.284036310501,3521.355847906874
res50,LLLBGBGLBBLGBGBLGL,"((4,), (3,), (0,), (5,), (2, 2), (3,), (1, 7), (1,), (4,), (1,), (5,), (0, 3), (4,), (2, 1), (2,), (1,), (4, 0), (3,))",37.1931,804.8421000000001,842.0352,3447.106292522294,4397.303685440169,128.20856904841094,3539.1351325274054,3667.343701575816
res50,LLLBGBGLBBLGBGBLGL,"((5,), (3,), (1,), (3,), (0, 7), (6,), (2, 6), (4,), (0,), (7,), (5,), (2, 3), (7,), (0, 2), (1,), (0,), (4, 2), (1,))",33.9078,889.1217000000003,923.0295000000002,3560.011524185958,4410.667898299503,120.71215875979264,3921.6205398714815,4042.332698631275
res50,LLLBGBGLBBLGBGBLGL,"((5,), (3,), (0,), (6,), (0, 3), (7,), (0, 1), (5,), (0,), (3,), (4,), (4, 4), (3,), (0, 7), (6,), (3,), (2, 2), (5,))",30.0347,854.7897999999999,884.8245,3592.1188746055263,4440.797670151386,107.8882127631146,3795.948552309169,3903.836765072284
res50,GGBBGGGGBGGBLGBBLL,"((4, 2), (2, 1), (5,), (1,), (3, 4), (3, 0), (1, 4), (3, 5), (7,), (0, 0), (0, 3), (5,), (4,), (0, 7), (1,), (5,), (2,), (1,))",28.5082,850.8075999999999,879.3157999999999,3802.621398192452,4408.255321914674,108.40589134395006,3750.5771306254505,3858.9830219694
res50,GGBBGGGGBGGBLGBBLL,"((0, 1), (2, 0), (7,), (1,), (3, 1), (1, 7), (2, 2), (2, 2), (7,), (3, 7), (3, 1), (1,), (2,), (3, 4), (5,), (3,), (2,), (4,))",36.5137,753.3525000000002,789.8662000000002,3548.672255509386,4582.9386464474965,129.57515413599307,3452.5682866478387,3582.143440783832
res50,GGBBGGGGBGGBLGBBLL,"((3, 0), (2, 4), (5,), (2,), (1, 4), (3, 3), (4, 3), (4, 6), (6,), (1, 5), (2, 3), (7,), (0,), (0, 4), (4,), (3,), (2,), (0,))",53.3229,773.7184,827.0413,3489.466304064711,4535.094344211987,186.06846278501217,3508.8859398527475,3694.95440263776
res50,GGBBGGGGBGGBLGBBLL,"((3, 0), (2, 7), (7,), (6,), (2, 0), (3, 7), (2, 7), (1, 1), (7,), (1, 7), (2, 2), (4,), (0,), (3, 7), (6,), (5,), (1,), (0,))",53.4773,734.1008999999999,787.5781999999999,3495.700538320076,4742.075873017289,186.9406263979042,3481.162166250277,3668.102792648181
res50,GGBBGGGGBGGBLGBBLL,"((3, 7), (4, 3), (2,), (6,), (4, 2), (3, 5), (3, 2), (3, 7), (7,), (3, 4), (1, 3), (2,), (2,), (3, 1), (2,), (6,), (3,), (4,))",15.2356,646.0667000000001,661.3023000000001,4899.533227050726,4925.83662053068,74.64732843405405,3182.419010165409,3257.066338599463
res50,GGBBGGGGBGGBLGBBLL,"((1, 2), (0, 7), (3,), (6,), (2, 6), (1, 6), (2, 0), (0, 2), (1,), (0, 3), (3, 3), (7,), (2,), (1, 1), (0,), (3,), (2,), (5,))",27.8765,1002.539,1030.4155,3672.011947024425,4160.014341528089,102.36284104122636,4170.5766179412285,4272.939458982455
res50,GGBBGGGGBGGBLGBBLL,"((0, 4), (4, 4), (1,), (3,), (1, 7), (4, 3), (4, 7), (4, 6), (5,), (3, 6), (4, 1), (6,), (2,), (0, 2), (0,), (0,), (0,), (2,))",19.7842,911.6312,931.4154,3961.350930295193,4349.050736844167,78.37215907514614,3964.730342090132,4043.102501165278
res50,GGBBGGGGBGGBLGBBLL,"((3, 5), (2, 0), (7,), (5,), (3, 0), (1, 0), (3, 7), (2, 0), (4,), (1, 2), (0, 4), (4,), (4,), (3, 0), (2,), (5,), (0,), (1,))",18.2843,783.0529999999999,801.3372999999999,4172.917735597735,4483.6852072527,76.29887975298968,3510.963152594848,3587.2620323478377
res50,GGBBGGGGBGGBLGBBLL,"((2, 7), (3, 3), (0,), (4,), (2, 0), (0, 3), (1, 7), (1, 0), (3,), (3, 7), (2, 3), (2,), (5,), (3, 7), (0,), (0,), (4,), (4,))",14.4709,929.5948,944.0657,4860.6797940947945,4224.4198457851935,70.33841123236635,3926.998721658718,3997.337132891085
res50,GGBBGGGGBGGBLGBBLL,"((1, 0), (4, 0), (5,), (5,), (4, 1), (3, 1), (1, 6), (0, 3), (4,), (4, 5), (0, 1), (5,), (2,), (4, 6), (7,), (4,), (4,), (1,))",53.3413,709.7237,763.065,3430.7987426194245,4796.34285069513,183.0032649696855,3404.078194463896,3587.081459433581
res50,GLGBLLLLBLLBLGBLBG,"((3, 3), (2,), (4, 3), (2,), (5,), (0,), (5,), (5,), (6,), (0,), (3,), (4,), (0,), (0, 6), (5,), (4,), (6,), (0, 4))",21.0972,695.8127599999999,716.90996,3965.184928184562,4582.93374571506,83.65429946689535,3188.8637785031333,3272.518077970029
res50,GLGBLLLLBLLBLGBLBG,"((3, 5), (1,), (3, 2), (1,), (0,), (4,), (5,), (2,), (6,), (3,), (0,), (6,), (0,), (2, 6), (2,), (5,), (3,), (2, 6))",15.1851,733.9793500000001,749.1644500000001,4539.746829004328,4404.375345815262,68.93650957311363,3232.720553477512,3301.6570630506253
res50,GLGBLLLLBLLBLGBLBG,"((4, 5), (2,), (4, 6), (4,), (5,), (0,), (5,), (4,), (1,), (2,), (5,), (6,), (5,), (0, 2), (7,), (1,), (0,), (4, 7))",15.2535,612.0645900000001,627.3180900000001,4860.352900432899,4573.62735838258,74.13739296675324,2799.355353921217,2873.4927468879705
res50,GLGBLLLLBLLBLGBLBG,"((3, 3), (5,), (4, 6), (2,), (4,), (3,), (1,), (4,), (1,), (3,), (4,), (5,), (3,), (1, 7), (5,), (5,), (5,), (2, 6))",20.6116,616.11848,636.7300799999999,4091.156767676768,4732.178011491351,84.32528683264647,2915.5823235294733,2999.90761036212
res50,GLGBLLLLBLLBLGBLBG,"((2, 4), (0,), (0, 4), (6,), (0,), (1,), (5,), (2,), (7,), (3,), (5,), (5,), (5,), (1, 7), (5,), (4,), (2,), (3, 0))",21.1503,726.5211199999999,747.6714199999999,3975.402514095383,4544.004356387701,84.08095579387158,3301.315134287671,3385.3960900815423
res50,GLGBLLLLBLLBLGBLBG,"((1, 2), (2,), (4, 3), (4,), (2,), (4,), (3,), (2,), (6,), (5,), (3,), (3,), (2,), (1, 5), (3,), (0,), (4,), (4, 3))",26.0143,672.20475,698.21905,3803.219672342621,4508.027432478459,98.93809752222263,3030.3174532423245,3129.255550764547
res50,GLGBLLLLBLLBLGBLBG,"((1, 5), (1,), (4, 4), (1,), (0,), (5,), (4,), (3,), (6,), (5,), (0,), (7,), (5,), (3, 7), (3,), (3,), (1,), (0, 1))",17.2112,708.5783000000001,725.7895000000001,4184.6970779220765,4550.196388186283,72.02365834753245,3224.170421407177,3296.194079754709
res50,GLGBLLLLBLLBLGBLBG,"((1, 5), (0,), (2, 3), (0,), (1,), (3,), (1,), (3,), (7,), (2,), (1,), (4,), (1,), (0, 4), (1,), (5,), (2,), (1, 1))",16.9709,862.0381300000001,879.0090300000002,4206.274487179488,4185.080404033738,71.38426369447437,3607.698885392888,3679.0831490873625
res50,GLGBLLLLBLLBLGBLBG,"((1, 6), (5,), (3, 1), (7,), (3,), (2,), (3,), (2,), (1,), (5,), (1,), (3,), (3,), (4, 2), (4,), (5,), (3,), (3, 3))",14.8386,636.2597200000001,651.0983200000002,4545.666944444446,4637.369278228126,67.45133352183335,2950.5712785020305,3018.022612023864
res50,GLGBLLLLBLLBLGBLBG,"((4, 7), (2,), (3, 1), (6,), (4,), (3,), (3,), (4,), (0,), (2,), (3,), (0,), (4,), (4, 0), (2,), (0,), (6,), (4, 3))",13.4773,722.0745400000001,735.5518400000001,5181.395432900433,4443.614023334367,69.831220667829,3208.6205518367124,3278.451772504541
res50,BLBGGBBBGBLBBBLLBL,"((3,), (4,), (7,), (2, 6), (0, 6), (2,), (1,), (6,), (2, 4), (3,), (3,), (3,), (4,), (6,), (3,), (3,), (7,), (4,))",26.076,715.97287,742.04887,3780.74628279701,4639.339620670791,98.58674007021484,3321.641303116377,3420.2280431865925
res50,BLBGGBBBGBLBBBLLBL,"((4,), (2,), (1,), (2, 0), (3, 5), (1,), (2,), (6,), (2, 1), (4,), (4,), (1,), (3,), (7,), (4,), (1,), (5,), (4,))",22.3398,731.0500999999999,753.3898999999999,3995.836058500325,4508.365296899483,89.26617837968556,3295.8409011348967,3385.1070795145824
res50,BLBGGBBBGBLBBBLLBL,"((1,), (3,), (3,), (3, 3), (1, 2), (3,), (2,), (3,), (4, 5), (3,), (5,), (0,), (1,), (5,), (4,), (4,), (6,), (5,))",41.8686,721.0005099999998,762.8691099999999,3508.635528679493,4552.705604685022,146.9016574960702,3282.503062857759,3429.404720353829
res50,BLBGGBBBGBLBBBLLBL,"((0,), (5,), (2,), (2, 4), (4, 7), (7,), (4,), (1,), (3, 2), (4,), (3,), (2,), (4,), (2,), (5,), (1,), (0,), (5,))",61.2855,747.0687000000001,808.3542000000001,3398.358952693646,4530.984963459363,208.2701275953065,3384.9570463711343,3593.2271739664407
res50,BLBGGBBBGBLBBBLLBL,"((3,), (5,), (4,), (1, 2), (2, 7), (0,), (6,), (4,), (2, 3), (0,), (1,), (3,), (0,), (5,), (1,), (4,), (1,), (3,))",26.1982,865.7995399999998,891.9977399999998,3786.840224888202,4251.633380648873,99.2083975796661,3681.062225214438,3780.270622794104
res50,BLBGGBBBGBLBBBLLBL,"((7,), (4,), (5,), (3, 5), (1, 7), (7,), (0,), (6,), (1, 2), (1,), (1,), (2,), (3,), (0,), (4,), (5,), (3,), (0,))",15.6436,788.28061,803.92421,4798.918278943279,4478.037975342696,75.07235798847708,3529.9505068063054,3605.0228647947824
res50,BLBGGBBBGBLBBBLLBL,"((4,), (5,), (4,), (4, 1), (2, 5), (0,), (2,), (5,), (3, 6), (1,), (0,), (2,), (5,), (3,), (3,), (4,), (5,), (0,))",22.4168,730.0781000000001,752.4949,3932.3120256098377,4540.803409879109,88.14985221569061,3315.1411259580614,3403.290978173752
res50,BLBGGBBBGBLBBBLLBL,"((0,), (0,), (0,), (1, 6), (0, 4), (7,), (3,), (4,), (3, 2), (0,), (4,), (7,), (6,), (0,), (0,), (5,), (3,), (2,))",61.2914,960.1262,1021.4176,3369.212552488162,4229.4124748894055,206.5037542395729,4060.7697277481607,4267.273481987733
res50,BLBGGBBBGBLBBBLLBL,"((4,), (2,), (4,), (2, 2), (4, 2), (3,), (6,), (4,), (1, 7), (5,), (4,), (0,), (3,), (1,), (5,), (5,), (1,), (3,))",22.2813,731.63932,753.92062,4011.5169729045474,4558.412048346887,89.3818131283781,3335.113491332323,3424.495304460701
res50,BLBGGBBBGBLBBBLLBL,"((7,), (0,), (1,), (0, 3), (3, 5), (6,), (4,), (4,), (2, 2), (3,), (4,), (6,), (3,), (1,), (3,), (4,), (5,), (0,))",15.7812,740.84933,756.63053,4803.684015429014,4533.083193189274,75.80789818428835,3358.3316465085345,3434.1395446928227
res50,BGLLLBLBLLGBBGLGLG,"((2,), (4, 6), (0,), (2,), (1,), (6,), (4,), (5,), (3,), (1,), (3, 6), (3,), (0,), (1, 6), (1,), (0, 1), (5,), (0, 0))",32.1766,780.2495,812.4261,3628.621654526634,4348.002452867921,116.75670752904168,3392.5267398489696,3509.283447378012
res50,BGLLLBLBLLGBBGLGLG,"((6,), (0, 6), (4,), (2,), (2,), (7,), (2,), (3,), (5,), (2,), (0, 1), (1,), (6,), (1, 4), (0,), (2, 2), (4,), (2, 0))",18.2387,797.92674,816.16544,4407.600260425849,4367.728193406164,80.38889886982895,3485.12711857067,3565.516017440499
res50,BGLLLBLBLLGBBGLGLG,"((3,), (2, 6), (1,), (0,), (5,), (6,), (4,), (3,), (1,), (2,), (0, 2), (5,), (1,), (1, 1), (0,), (0, 7), (0,), (2, 7))",24.618,894.84771,919.46571,3924.906048069577,4178.70516242951,96.62333709137684,3739.304745365225,3835.928082456602
res50,BGLLLBLBLLGBBGLGLG,"((5,), (2, 0), (3,), (3,), (4,), (4,), (3,), (4,), (0,), (5,), (4, 5), (2,), (1,), (3, 3), (0,), (0, 3), (3,), (1, 5))",17.8023,758.1956399999999,775.9979399999999,4344.633531468532,4382.163711987849,77.34446951726224,3322.5374201954023,3399.8818897126644
res50,BGLLLBLBLLGBBGLGLG,"((3,), (2, 2), (2,), (2,), (0,), (3,), (1,), (3,), (1,), (5,), (1, 4), (3,), (0,), (4, 0), (3,), (4, 7), (4,), (0, 2))",25.4853,737.5965999999999,763.0818999999999,3800.973254379349,4401.378164295659,96.86894367983402,3246.441569298719,3343.310512978553
res50,BGLLLBLBLLGBBGLGLG,"((0,), (0, 1), (5,), (4,), (4,), (1,), (5,), (0,), (1,), (5,), (2, 7), (4,), (5,), (0, 2), (4,), (1, 0), (3,), (1, 6))",60.875,828.67702,889.55202,3434.846116755324,4286.631445885889,209.0962573574804,3552.232972415009,3761.3292297724897
res50,BGLLLBLBLLGBBGLGLG,"((0,), (3, 4), (0,), (0,), (2,), (5,), (5,), (2,), (0,), (2,), (3, 6), (5,), (7,), (1, 2), (2,), (0, 5), (1,), (1, 6))",61.0229,831.8170999999999,892.8399999999999,3431.137697685867,4281.376780436911,209.3779726121149,3561.322417510368,3770.700390122482
res50,BGLLLBLBLLGBBGLGLG,"((7,), (1, 7), (0,), (2,), (2,), (6,), (5,), (5,), (4,), (0,), (4, 2), (1,), (1,), (4, 2), (1,), (0, 4), (1,), (2, 4))",14.7416,779.0757400000001,793.8173400000001,4981.945454545454,4418.472844355091,73.44184711272726,3442.325000885848,3515.7668479985755
res50,BGLLLBLBLLGBBGLGLG,"((2,), (4, 2), (1,), (2,), (1,), (5,), (3,), (7,), (5,), (5,), (0, 0), (0,), (3,), (0, 6), (0,), (0, 4), (0,), (2, 6))",30.5612,893.20827,923.76947,3726.799132300449,4217.499482845358,113.89545364206047,3767.105416798197,3881.000870440257
res50,BGLLLBLBLLGBBGLGLG,"((7,), (4, 7), (1,), (2,), (2,), (3,), (4,), (1,), (2,), (3,), (2, 0), (3,), (5,), (3, 5), (5,), (1, 2), (3,), (1, 5))",14.5918,655.773,670.3648000000001,5024.64196969697,4610.8914573034735,73.31857069342423,3023.698123630271,3097.016694323695
res50,LBLGGGGLLGGBGGLBBL,"((5,), (7,), (1,), (2, 6), (1, 2), (0, 6), (3, 1), (4,), (3,), (2, 1), (4, 3), (1,), (2, 2), (4, 1), (5,), (2,), (4,), (2,))",35.7655,724.8912,760.6567,3631.835655518396,4594.798255663817,129.89441813744318,3330.728821306051,3460.623239443494
res50,LBLGGGGLLGGBGGLBBL,"((2,), (7,), (1,), (0, 1), (0, 5), (3, 7), (1, 5), (4,), (2,), (3, 2), (0, 1), (6,), (0, 7), (4, 5), (4,), (6,), (2,), (0,))",61.5852,862.75746,924.34266,3321.702047249926,4393.529687881862,204.56768492029616,3790.550513951548,3995.118198871844
res50,LBLGGGGLLGGBGGLBBL,"((0,), (1,), (5,), (1, 5), (3, 1), (3, 0), (1, 3), (4,), (5,), (0, 3), (3, 0), (2,), (4, 6), (3, 1), (0,), (3,), (0,), (1,))",121.614,852.2935299999999,973.90753,3193.7919421206225,4307.876293282352,388.4098132490574,3671.5750928049306,4059.984906053988
res50,LBLGGGGLLGGBGGLBBL,"((3,), (5,), (5,), (3, 2), (1, 0), (3, 3), (0, 0), (2,), (0,), (0, 5), (1, 7), (5,), (4, 5), (4, 4), (0,), (5,), (1,), (3,))",49.3402,845.88798,895.22818,3387.813920454545,4369.219941159343,167.15541639801137,3695.870630202995,3863.0260466010063
res50,LBLGGGGLLGGBGGLBBL,"((0,), (0,), (5,), (0, 2), (0, 6), (0, 4), (2, 4), (1,), (2,), (1, 1), (0, 1), (5,), (1, 1), (0, 3), (0,), (6,), (2,), (3,))",121.551,1083.7212900000002,1205.27229,3207.0736709251446,4019.855149527904,389.8230117746223,4356.402608259524,4746.225620034146
res50,LBLGGGGLLGGBGGLBBL,"((4,), (6,), (0,), (4, 6), (0, 5), (2, 2), (4, 5), (3,), (5,), (4, 0), (2, 5), (3,), (2, 3), (0, 0), (3,), (6,), (7,), (5,))",41.4948,749.9268900000002,791.4216900000002,3485.4898314648303,4613.018710675827,144.62970345866682,3459.426775208933,3604.0564786676
res50,LBLGGGGLLGGBGGLBBL,"((1,), (1,), (1,), (3, 6), (3, 5), (3, 0), (4, 6), (0,), (0,), (1, 6), (4, 3), (0,), (2, 3), (0, 6), (2,), (5,), (1,), (1,))",82.6233,867.47548,950.09878,3253.63228236673,4269.504950964756,268.825836155671,3703.690856700528,3972.516692856199
res50,LBLGGGGLLGGBGGLBBL,"((2,), (6,), (5,), (0, 2), (4, 6), (1, 2), (4, 5), (2,), (2,), (2, 4), (2, 4), (7,), (0, 2), (3, 0), (4,), (2,), (4,), (3,))",60.867,749.7037099999998,810.5707099999997,3331.642062226392,4547.07614146025,202.78705740153376,3408.959852905233,3611.746910306767
res50,LBLGGGGLLGGBGGLBBL,"((4,), (0,), (4,), (3, 3), (0, 3), (1, 0), (1, 7), (4,), (2,), (1, 6), (0, 2), (5,), (0, 1), (1, 3), (4,), (5,), (4,), (4,))",41.5163,902.9566,944.4729,3484.8795433632386,4231.540866542122,144.67930458613122,3820.897753613928,3965.57705820006
res50,LBLGGGGLLGGBGGLBBL,"((5,), (6,), (5,), (3, 3), (4, 0), (1, 0), (3, 3), (4,), (2,), (0, 3), (3, 4), (2,), (1, 0), (0, 1), (4,), (2,), (2,), (3,))",35.6342,765.3919800000001,801.0261800000001,3619.4165513834,4456.94885626235,128.97501327530634,3411.312909853376,3540.2879231286825
res50,LLBBGLLGBLBGLLBBLG,"((2,), (5,), (2,), (5,), (0, 1), (3,), (4,), (3, 1), (3,), (4,), (7,), (3, 1), (4,), (1,), (7,), (3,), (0,), (3, 6))",62.6179,698.5511300000001,761.16903,3352.3685018281003,4590.360790486517,209.91827561062175,3206.6017173020496,3416.519992912671
res50,LLBBGLLGBLBGLLBBLG,"((2,), (1,), (3,), (4,), (1, 0), (1,), (0,), (2, 6), (5,), (3,), (7,), (0, 1), (5,), (3,), (3,), (2,), (0,), (0, 3))",62.3409,796.2699,858.6108,3312.311924417045,4311.324981283935,206.49250644889057,3432.9783117144607,3639.470818163352
res50,LLBBGLLGBLBGLLBBLG,"((3,), (3,), (4,), (0,), (2, 5), (0,), (2,), (0, 3), (1,), (4,), (0,), (2, 7), (2,), (2,), (1,), (4,), (2,), (2, 6))",50.9879,873.4738500000001,924.46175,3411.840403615992,4125.637463599085,173.9625773155318,3603.636439034128,3777.59901634966
res50,LLBBGLLGBLBGLLBBLG,"((3,), (3,), (1,), (6,), (0, 0), (4,), (2,), (4, 0), (4,), (4,), (6,), (2, 0), (1,), (4,), (2,), (0,), (0,), (2, 1))",50.453,806.2645200000001,856.71752,3371.7576147504465,4279.859858373702,170.11528693700427,3450.6991543789413,3620.8144413159457
res50,LLBBGLLGBLBGLLBBLG,"((4,), (5,), (1,), (0,), (4, 0), (2,), (2,), (1, 2), (4,), (0,), (3,), (3, 2), (1,), (5,), (5,), (7,), (0,), (4, 3))",43.7802,750.92583,794.70603,3497.350295566502,4448.894262434695,153.11469540996058,3340.789616601011,3493.904312010972
res50,LLBBGLLGBLBGLLBBLG,"((0,), (4,), (3,), (5,), (0, 5), (2,), (0,), (2, 3), (6,), (3,), (2,), (1, 0), (2,), (1,), (0,), (5,), (4,), (3, 1))",121.74,850.2339800000001,971.97398,3224.3488728707616,4215.365912358477,392.5322317832865,3584.047336820879,3976.5795686041656
res50,LLBBGLLGBLBGLLBBLG,"((4,), (2,), (6,), (6,), (0, 5), (4,), (5,), (4, 6), (5,), (3,), (1,), (1, 6), (2,), (4,), (2,), (7,), (5,), (2, 2))",43.4985,686.2713299999999,729.76983,3474.385410509031,4659.171243655743,151.13055377902708,3197.45564608138,3348.5861998604078
res50,LLBBGLLGBLBGLLBBLG,"((2,), (3,), (0,), (7,), (2, 1), (1,), (1,), (2, 4), (7,), (3,), (3,), (3, 5), (5,), (5,), (7,), (6,), (0,), (1, 6))",62.3641,705.8070999999998,768.1711999999998,3337.9551393728207,4677.4020357805575,208.16856810736053,3301.3435664083704,3509.512134515731
res50,LLBBGLLGBLBGLLBBLG,"((1,), (5,), (6,), (4,), (3, 3), (1,), (5,), (3, 6), (4,), (5,), (2,), (3, 6), (0,), (1,), (3,), (1,), (2,), (2, 3))",83.2875,694.22512,777.51262,3270.338048340549,4515.815096523458,272.3782802011635,3134.992277281809,3407.3705574829723
res50,LLBBGLLGBLBGLLBBLG,"((4,), (3,), (0,), (7,), (1, 2), (1,), (3,), (2, 2), (5,), (3,), (0,), (1, 0), (4,), (0,), (4,), (2,), (4,), (1, 4))",43.3244,793.07472,836.3991199999999,3487.252505929576,4316.92779774005,151.0831224678953,3423.6463044529064,3574.729426920802
