graph,order,freq,input_time,task_time,total_time,input_power,task_power,input_e,task_e,total_e
squeeze,LBGGGLGGLG,"((1,), (5,), (1, 2), (3, 1), (0, 4), (0,), (3, 4), (4, 2), (4,), (0, 4))",83.2213,205.23686000000004,288.45816,3258.0672198788257,4179.6701360373645,271.1405895257017,857.8223745560817,1128.9629640817834
squeeze,LBGGGLGGLG,"((0,), (2,), (1, 2), (2, 0), (0, 2), (4,), (3, 4), (3, 2), (2,), (1, 1))",121.506,214.35376000000005,335.85976000000005,3209.830751092713,4065.0389226408,390.0136952422712,871.3563776144049,1261.370072856676
squeeze,LBGGGLGGLG,"((0,), (6,), (0, 2), (3, 5), (1, 3), (0,), (0, 1), (2, 7), (3,), (2, 5))",121.77,221.74664000000007,343.51664000000005,3205.651975110691,4088.823079882838,390.35224100922886,906.6827795184712,1297.0350205277
squeeze,LBGGGLGGLG,"((0,), (7,), (3, 7), (0, 0), (3, 3), (1,), (4, 5), (2, 5), (3,), (3, 3))",121.736,207.56502,329.30102,3214.259954366366,4192.187619041947,391.291149804744,870.1515069901941,1261.442656794938
squeeze,LBGGGLGGLG,"((5,), (4,), (0, 4), (2, 0), (1, 4), (0,), (2, 2), (1, 4), (1,), (2, 6))",37.1941,191.6036,228.7977,3600.7985324675324,4279.867041232361,133.92846069645063,820.0379326214688,953.9663933179196
squeeze,LBGGGLGGLG,"((3,), (6,), (2, 6), (4, 1), (3, 3), (4,), (1, 2), (0, 0), (0,), (0, 1))",50.4623,201.7049,252.1672,3345.6340356330606,4205.189649894181,168.8283883963262,848.2073578129407,1017.0357462092668
squeeze,LBGGGLGGLG,"((1,), (2,), (3, 0), (0, 4), (3, 7), (0,), (0, 7), (0, 1), (4,), (3, 2))",83.5312,229.91515,313.44635,3247.033646616541,4045.018632156104,271.2286169422556,930.0110655649656,1201.2396825072212
squeeze,LBGGGLGGLG,"((4,), (0,), (1, 5), (2, 7), (2, 4), (5,), (3, 5), (3, 3), (4,), (2, 7))",43.3293,165.31709,208.64639000000005,3470.9566847922206,4492.425893654877,150.39412348236758,742.6747757796737,893.0688992620413
squeeze,LBGGGLGGLG,"((4,), (6,), (3, 0), (1, 3), (4, 4), (2,), (3, 7), (4, 4), (5,), (0, 6))",43.304,177.35931000000005,220.66331000000005,3454.5704748010608,4454.394313322292,149.59671984078514,790.0283018787657,939.6250217195508
squeeze,LBGGGLGGLG,"((0,), (2,), (4, 3), (0, 2), (4, 6), (0,), (3, 1), (3, 2), (5,), (0, 5))",121.761,240.18618,361.94718,3200.3460309700145,4006.664536655832,389.67733307693993,962.3454496008344,1352.022782677774
squeeze,BLGBLGBGBL,"((1,), (5,), (2, 3), (5,), (0,), (1, 7), (4,), (4, 2), (1,), (0,))",42.1605,210.23479999999995,252.3953,3464.097240891272,4223.646724387445,146.04807172459647,887.9575243722494,1034.005596096846
squeeze,BLGBLGBGBL,"((5,), (0,), (3, 2), (5,), (5,), (4, 1), (2,), (2, 0), (0,), (2,))",19.4559,185.1342,204.5901,4187.125793877176,4434.350411774702,81.46430073309494,820.94991600358,902.4142167366748
squeeze,BLGBLGBGBL,"((3,), (0,), (4, 1), (2,), (0,), (1, 4), (3,), (4, 7), (5,), (1,))",26.651,195.75003,222.40103,3701.425225318197,4289.430025416079,98.64668367995527,839.6560561580983,938.3027398380536
squeeze,BLGBLGBGBL,"((3,), (5,), (4, 6), (5,), (0,), (4, 0), (1,), (4, 1), (2,), (1,))",26.2967,177.688,203.9847,3711.478692380463,4489.176230798081,97.59964172992132,797.6727460980493,895.2723878279706
squeeze,BLGBLGBGBL,"((2,), (0,), (1, 5), (7,), (5,), (2, 1), (4,), (3, 4), (7,), (1,))",31.7883,184.5825,216.3708,3594.3032281572923,4438.319645183869,114.25678930763246,819.2361359071516,933.492925214784
squeeze,BLGBLGBGBL,"((6,), (0,), (3, 7), (2,), (5,), (2, 2), (5,), (2, 0), (7,), (5,))",17.915,170.72218,188.63718,4446.265142635144,4680.406866018655,79.65484003030859,799.0492634536728,878.7041034839814
squeeze,BLGBLGBGBL,"((2,), (5,), (4, 6), (7,), (4,), (1, 7), (0,), (4, 6), (2,), (4,))",32.2561,180.60687,212.86297,3613.1974370214057,4569.350071315707,116.54765784830616,825.2560143146067,941.8036721629128
squeeze,BLGBLGBGBL,"((6,), (0,), (4, 2), (3,), (2,), (2, 3), (6,), (2, 6), (5,), (2,))",17.3088,168.66669000000002,185.97549,4436.381235431236,4635.947843603464,76.78843552783218,781.929977793234,858.7184133210662
squeeze,BLGBLGBGBL,"((5,), (0,), (0, 4), (3,), (4,), (1, 0), (1,), (3, 1), (3,), (1,))",19.3868,196.6499,216.0367,4157.912157425908,4289.31729051812,80.6086114135846,843.4938162486593,924.102427662244
squeeze,BLGBLGBGBL,"((3,), (1,), (0, 4), (4,), (3,), (3, 5), (6,), (4, 6), (4,), (1,))",26.3563,171.36620999999997,197.72251,3727.46867640916,4508.09320981578,98.24228267604276,772.5348476928648,870.7771303689076
squeeze,LLLBLBLBBG,"((2,), (3,), (4,), (4,), (1,), (3,), (0,), (7,), (7,), (2, 4))",62.2649,178.05870000000004,240.32360000000003,3300.282581665212,4386.902732883288,205.49176491912627,781.1261976436457,986.617962562772
squeeze,LLLBLBLBBG,"((2,), (2,), (0,), (6,), (2,), (7,), (2,), (5,), (0,), (0, 2))",62.2896,199.9494,262.239,3288.648780926676,4248.099538848526,204.8486171044103,849.4049539330395,1054.2535710374498
squeeze,LLLBLBLBBG,"((0,), (0,), (0,), (3,), (2,), (2,), (1,), (3,), (4,), (2, 5))",121.764,226.2392,348.0032,3190.130567387236,3973.566537978641,388.4430584073394,898.9765146990575,1287.419573106397
squeeze,LLLBLBLBBG,"((2,), (5,), (1,), (1,), (1,), (4,), (4,), (7,), (1,), (0, 7))",62.3453,205.0725,267.4178,3315.542756314373,4221.193529130624,206.70850780524648,865.6507100026398,1072.3592178078864
squeeze,LLLBLBLBBG,"((5,), (4,), (2,), (4,), (0,), (0,), (0,), (5,), (2,), (1, 3))",37.1211,197.37019999999995,234.4913,3557.729590576092,4270.336901150331,132.06683590473415,842.8372482474209,974.9040841521552
squeeze,LLLBLBLBBG,"((4,), (5,), (0,), (2,), (1,), (0,), (4,), (2,), (0,), (2, 6))",43.251,201.7951,245.0461,3456.67205963484,4159.525958388619,149.50452325126645,839.3719567256272,988.8764799768936
squeeze,LLLBLBLBBG,"((5,), (2,), (5,), (2,), (3,), (0,), (3,), (4,), (3,), (0, 3))",37.2597,191.7641,229.0238,3550.077492007991,4272.354289145806,132.27482232897017,819.2841751391854,951.5589974681556
squeeze,LLLBLBLBBG,"((5,), (5,), (0,), (4,), (4,), (7,), (5,), (6,), (2,), (2, 0))",36.353,152.34527,188.69827,3570.516155844157,4771.416937082222,129.79897381340265,726.9028015623641,856.7017753757667
squeeze,LLLBLBLBBG,"((4,), (1,), (0,), (3,), (1,), (3,), (4,), (4,), (0,), (0, 7))",43.4197,204.0543,247.474,3464.3409553703004,4195.493283372584,150.42064497989185,856.1084450932943,1006.529090073186
squeeze,LLLBLBLBBG,"((4,), (0,), (1,), (3,), (2,), (2,), (4,), (2,), (1,), (1, 2))",43.225,191.9286,235.1536,3432.3082245800183,4184.488147363434,148.36152300747128,803.1229518400575,951.4844748475288
squeeze,GGGBLGGGBG,"((0, 6), (4, 7), (3, 4), (5,), (4,), (0, 0), (4, 6), (4, 6), (5,), (0, 5))",14.0021,205.43659,219.43869,4524.216691919192,4422.828062830367,63.34853454192173,908.6107153841764,971.959249926098
squeeze,GGGBLGGGBG,"((0, 0), (0, 5), (2, 4), (6,), (0,), (3, 1), (3, 4), (4, 7), (1,), (3, 6))",45.0642,189.4433,234.5075,3551.201489705653,4435.152638287484,160.0320541723935,840.2099518008872,1000.2420059732808
squeeze,GGGBLGGGBG,"((1, 2), (4, 6), (2, 1), (6,), (2,), (1, 5), (2, 5), (1, 5), (1,), (3, 2))",26.5077,173.265,199.7727,3682.5373363555946,4494.07346845031,97.6155949509132,778.665639511043,876.2812344619562
squeeze,GGGBLGGGBG,"((0, 4), (4, 7), (3, 4), (7,), (0,), (4, 4), (4, 4), (2, 0), (4,), (2, 1))",19.6289,184.44554000000005,204.07444000000004,3912.185114885116,4536.888400997885,76.79189040156847,836.8088310417916,913.60072144336
squeeze,GGGBLGGGBG,"((2, 7), (2, 1), (4, 2), (1,), (0,), (1, 2), (0, 7), (2, 5), (6,), (1, 7))",12.2528,203.73803,215.99083,5079.452777777778,4320.424489538264,62.237518995555554,880.2347742622816,942.4722932578372
squeeze,GGGBLGGGBG,"((4, 6), (2, 3), (4, 6), (4,), (2,), (3, 3), (3, 4), (4, 4), (2,), (0, 7))",13.2908,155.56305,168.85385,5031.5725,4908.543028824437,66.873623783,763.5879246201673,830.4615484031673
squeeze,GGGBLGGGBG,"((0, 6), (3, 2), (4, 2), (0,), (3,), (2, 5), (0, 2), (4, 7), (7,), (2, 2))",15.2432,220.37629,235.61949,4383.895691530693,4268.446225052669,66.82459880514065,940.6643431416124,1007.488941946753
squeeze,GGGBLGGGBG,"((1, 3), (2, 3), (4, 5), (6,), (5,), (0, 5), (0, 0), (4, 4), (7,), (3, 3))",21.8484,170.87623,192.72463,3850.55205960706,4627.062396426435,84.1284016191189,790.6549782761147,874.7833798952336
squeeze,GGGBLGGGBG,"((4, 7), (4, 4), (2, 7), (3,), (0,), (2, 7), (3, 6), (4, 3), (1,), (3, 7))",12.2398,141.60330000000002,153.84310000000002,5404.392936507936,5087.496854408482,66.14868866426984,720.4063433238608,786.5550319881306
squeeze,GGGBLGGGBG,"((0, 1), (2, 0), (2, 5), (3,), (4,), (3, 7), (2, 2), (1, 2), (7,), (0, 5))",36.1282,221.45889,257.58709,3532.9082831925107,4163.650205977278,127.63761703683566,922.0773529639994,1049.7149700008351
squeeze,LGGBGGBLBG,"((2,), (1, 7), (3, 0), (5,), (2, 0), (2, 2), (1,), (1,), (1,), (4, 4))",62.5492,182.263,244.8122,3338.9929449489982,4361.634795042412,208.85133751220388,794.9646426488151,1003.8159801610192
squeeze,LGGBGGBLBG,"((5,), (4, 4), (3, 5), (2,), (0, 7), (2, 3), (0,), (0,), (3,), (4, 0))",37.1902,188.23057,225.42077,3587.270083223542,4437.485113179076,133.41129184910014,835.2703522202119,968.681644069312
squeeze,LGGBGGBLBG,"((0,), (2, 1), (3, 5), (7,), (4, 5), (1, 4), (4,), (0,), (2,), (4, 4))",121.777,194.63063,316.40763,3218.4119814740247,4373.540721864429,391.9285558679623,851.2249860271286,1243.153541895091
squeeze,LGGBGGBLBG,"((2,), (3, 6), (4, 7), (0,), (3, 7), (4, 7), (3,), (3,), (4,), (2, 2))",62.2517,191.08448,253.33618,3284.00035434389,4337.1126443724925,204.4346048585096,828.7549143513427,1033.1895192098525
squeeze,LGGBGGBLBG,"((0,), (1, 7), (2, 3), (4,), (1, 6), (2, 3), (3,), (2,), (2,), (3, 3))",121.85,201.71037000000004,323.56037000000003,3199.798479787807,4179.449733820811,389.8954447621443,843.0383522053975,1232.9337969675416
squeeze,LGGBGGBLBG,"((4,), (2, 2), (0, 1), (3,), (0, 3), (0, 2), (6,), (4,), (2,), (4, 5))",43.6262,174.68159000000003,218.30779,3498.068521662247,4458.641120605646,152.60743693974152,778.8425201867761,931.4499571265176
squeeze,LGGBGGBLBG,"((0,), (2, 5), (3, 3), (6,), (1, 2), (4, 5), (4,), (2,), (6,), (1, 1))",121.633,201.22743,322.86042999999995,3183.2227105663187,4256.475853480099,387.1849279543131,856.519696852857,1243.70462480717
squeeze,LGGBGGBLBG,"((1,), (4, 4), (4, 1), (0,), (4, 7), (4, 7), (1,), (3,), (1,), (3, 5))",83.4972,204.9578,288.455,3249.41972797253,4233.270977247315,271.317448910468,867.6419063004597,1138.9593552109277
squeeze,LGGBGGBLBG,"((5,), (3, 4), (3, 6), (7,), (0, 1), (4, 5), (4,), (3,), (0,), (3, 1))",36.9891,153.50029999999998,190.4894,3565.5185829170828,4854.418937897745,131.88532341537825,745.1547632929852,877.0400867083634
squeeze,LGGBGGBLBG,"((4,), (4, 4), (4, 7), (7,), (4, 3), (0, 3), (2,), (1,), (3,), (3, 5))",43.5527,161.10794000000004,204.66064000000003,3458.767471264368,4710.883423034741,150.63866204573563,758.9607238652759,909.5993859110116
squeeze,LBBBBLBLGL,"((1,), (7,), (3,), (0,), (5,), (0,), (2,), (5,), (0, 7), (4,))",82.3359,208.7269,291.0628,3222.1841882398794,4108.840665202391,265.3014351044999,857.6255746416331,1122.927009746133
squeeze,LBBBBLBLGL,"((3,), (7,), (0,), (0,), (3,), (4,), (1,), (2,), (1, 3), (5,))",49.1297,188.0925,237.2222,3353.6438595223035,4194.341130197039,164.7635167251729,788.9241090315866,953.6876257567594
squeeze,LBBBBLBLGL,"((1,), (5,), (6,), (4,), (1,), (2,), (0,), (1,), (0, 2), (5,))",82.3452,195.729,278.0742,3228.917527323335,4119.36130048952,265.8858595709455,806.2784679835132,1072.1643275544589
squeeze,LBBBBLBLGL,"((4,), (4,), (3,), (4,), (6,), (2,), (4,), (0,), (2, 1), (4,))",41.4195,161.38950000000003,202.80900000000003,3404.007738095238,4381.717539539005,140.99229850803573,707.1632028474304,848.1555013554662
squeeze,LBBBBLBLGL,"((2,), (3,), (3,), (6,), (1,), (2,), (2,), (0,), (1, 7), (0,))",61.8786,198.0647,259.9433,3270.930638792104,4098.30272279231,202.4006086255611,811.729099299042,1014.129707924603
squeeze,LBBBBLBLGL,"((3,), (4,), (7,), (3,), (1,), (3,), (6,), (1,), (2, 4), (0,))",50.6379,172.34265,222.98055,3327.1602120399166,4288.135446595907,168.48040610125608,739.028626425272,907.509032526528
squeeze,LBBBBLBLGL,"((5,), (0,), (1,), (3,), (0,), (1,), (4,), (4,), (0, 7), (5,))",35.1702,178.0366,213.2068,3565.010584886128,4350.1254285670175,125.38213527256212,774.4815408756147,899.8636761481768
squeeze,LBBBBLBLGL,"((5,), (0,), (4,), (4,), (1,), (5,), (5,), (1,), (4, 7), (0,))",36.9637,177.90839999999997,214.8721,3533.671620234838,4362.440927817663,130.6175776688745,776.1148855625557,906.7324632314304
squeeze,LBBBBLBLGL,"((3,), (7,), (4,), (0,), (0,), (4,), (4,), (0,), (4, 6), (1,))",50.1802,200.93503,251.11523,3328.3838738881145,4133.244089048657,167.01896846848035,830.5135250303146,997.5324934987948
squeeze,LBBBBLBLGL,"((5,), (3,), (7,), (0,), (0,), (1,), (1,), (2,), (3, 5), (4,))",35.3782,185.39374,220.77194,3555.584855072466,4283.295854621449,125.79019211972472,794.0962380147668,919.8864301344914
squeeze,BGBLLLGBLL,"((4,), (2, 2), (1,), (5,), (3,), (2,), (4, 5), (3,), (5,), (5,))",22.6493,149.6638,172.31310000000002,3937.993745600804,4743.558349522148,89.19280174223628,709.938968111213,799.1317698534492
squeeze,BGBLLLGBLL,"((4,), (0, 5), (5,), (0,), (3,), (4,), (3, 1), (1,), (1,), (0,))",22.7125,224.06284,246.77534,3911.7493006340064,4110.846140567138,88.84560599064987,921.087861058512,1009.933467049162
squeeze,BGBLLLGBLL,"((7,), (1, 4), (4,), (5,), (1,), (4,), (1, 7), (7,), (4,), (1,))",15.6381,156.85138000000003,172.48948000000004,4757.778504273504,5028.11445844453,74.40261602767949,788.6666916049774,863.0693076326569
squeeze,BGBLLLGBLL,"((5,), (3, 0), (2,), (5,), (1,), (0,), (1, 2), (4,), (5,), (0,))",19.4763,185.3795,204.8558,4144.395357608079,4431.6011050197685,80.71748730338224,821.5279970480123,902.2454843513945
squeeze,BGBLLLGBLL,"((7,), (4, 6), (4,), (0,), (1,), (4,), (3, 3), (3,), (0,), (2,))",15.6494,186.14766,201.79706,4845.440205905207,4583.11026400946,75.82823195829295,853.1352511673431,928.963483125636
squeeze,BGBLLLGBLL,"((5,), (4, 4), (2,), (4,), (4,), (4,), (0, 5), (6,), (3,), (4,))",19.2232,152.53321000000005,171.75641000000002,4208.475749250747,4796.047369038901,80.90037102299696,731.5565005115584,812.4568715345554
squeeze,BGBLLLGBLL,"((4,), (0, 0), (5,), (3,), (0,), (1,), (3, 6), (3,), (0,), (5,))",22.2955,183.0259,205.3214,3965.356410256411,4395.705561188874,88.40960384487181,804.5279664715987,892.9375703164706
squeeze,BGBLLLGBLL,"((6,), (1, 6), (7,), (4,), (4,), (3,), (1, 4), (1,), (0,), (4,))",17.1303,175.19863,192.32893,4496.7234004884,4621.310698424739,77.03022086738643,809.6473031683574,886.6775240357439
squeeze,BGBLLLGBLL,"((6,), (3, 1), (5,), (3,), (0,), (0,), (2, 5), (7,), (0,), (0,))",17.7219,188.978,206.6999,4365.222138417138,4522.005628599587,77.36003021481469,854.5595796814928,931.9196098963076
squeeze,BGBLLLGBLL,"((1,), (0, 2), (7,), (1,), (5,), (1,), (0, 7), (7,), (3,), (1,))",42.0608,226.26481000000004,268.32561000000004,3463.873178981937,4180.090242095649,145.69327700652346,945.8073244106262,1091.5006014171497
squeeze,GBBBGBLBBB,"((4, 0), (4,), (2,), (3,), (0, 1), (1,), (0,), (4,), (6,), (4,))",40.3868,172.99540000000002,213.3822,3690.661862675359,4524.664982767312,149.0540225154972,782.7462285598243,931.8002510753216
squeeze,GBBBGBLBBB,"((2, 3), (7,), (5,), (3,), (3, 2), (4,), (4,), (7,), (6,), (0,))",20.8182,171.34168,192.15988,3737.5075191230326,4550.279869737591,77.80817903460712,779.65259735102,857.460776385627
squeeze,GBBBGBLBBB,"((2, 3), (7,), (5,), (6,), (1, 0), (4,), (1,), (3,), (7,), (5,))",15.4068,154.3166,169.7234,3936.862280358531,4742.447877471615,60.65444978102781,731.8384321286363,792.4928819096641
squeeze,GBBBGBLBBB,"((0, 6), (2,), (0,), (3,), (1, 4), (1,), (0,), (0,), (5,), (3,))",11.2272,248.24410000000003,259.47130000000004,4415.348322510823,4021.695832993148,49.57199868649352,998.3622625351344,1047.9342612216278
squeeze,GBBBGBLBBB,"((1, 3), (2,), (5,), (0,), (2, 4), (3,), (4,), (2,), (6,), (2,))",18.5839,204.42842,223.01232,3781.207514152514,4189.898917641442,70.2695823222589,856.53441569315,926.8039980154088
squeeze,GBBBGBLBBB,"((4, 3), (3,), (4,), (7,), (3, 3), (6,), (2,), (3,), (3,), (2,))",18.6622,141.5136,160.1758,3994.3827290764807,4985.490135793389,74.54396936657109,705.5146568806114,780.0586262471825
squeeze,GBBBGBLBBB,"((3, 6), (4,), (5,), (3,), (3, 3), (1,), (1,), (6,), (4,), (2,))",12.7562,157.23758999999998,169.99379,4430.150353535352,4633.131611380235,56.51188393976766,728.5024487262447,785.0143326660124
squeeze,GBBBGBLBBB,"((3, 4), (7,), (1,), (4,), (2, 4), (3,), (1,), (1,), (0,), (2,))",15.8008,179.2388,195.0396,4024.354990287492,4365.638178105788,63.58802833053461,782.4917482778677,846.0797766084023
squeeze,GBBBGBLBBB,"((0, 3), (4,), (3,), (1,), (2, 7), (0,), (4,), (1,), (2,), (6,))",14.6065,220.89379,235.50029,4004.250541125542,4157.474010866362,58.48808552895023,918.3601910867718,976.848276615722
squeeze,GBBBGBLBBB,"((4, 2), (3,), (6,), (4,), (3, 6), (2,), (4,), (6,), (6,), (3,))",20.9477,137.33263000000002,158.28033000000002,3907.380500806383,5050.742399222113,81.85063451674188,693.6317371376829,775.4823716544247
squeeze,BGBGGLBBGG,"((0,), (3, 6), (7,), (3, 7), (1, 0), (0,), (5,), (6,), (4, 2), (4, 5))",56.4394,204.49923,260.93863,3487.2416847420445,4461.034031574924,196.8178283418301,912.2780244608676,1109.0958528026977
squeeze,BGBGGLBBGG,"((2,), (3, 0), (6,), (0, 0), (4, 4), (4,), (6,), (6,), (4, 5), (0, 2))",30.5828,209.44156000000004,240.02436000000003,3622.9956749996654,4348.245653635056,110.80135212937977,910.703352960546,1021.5047050899258
squeeze,BGBGGLBBGG,"((3,), (0, 6), (7,), (3, 5), (3, 6), (4,), (0,), (7,), (2, 1), (2, 3))",24.5418,178.95754000000002,203.49934,3780.090250125693,4615.590713605633,92.77021890053472,825.9947597537088,918.7649786542436
squeeze,BGBGGLBBGG,"((7,), (4, 5), (0,), (3, 4), (3, 4), (2,), (0,), (7,), (3, 1), (2, 7))",13.9083,167.25048,181.15878,5151.75861111111,5002.419506192627,71.65220429091666,836.6570635720799,908.3092678629964
squeeze,BGBGGLBBGG,"((0,), (0, 6), (2,), (4, 1), (3, 2), (3,), (1,), (7,), (2, 0), (4, 7))",51.3992,216.6644,268.0636,3564.999069340965,4379.827315775407,183.23810016487013,948.9526574760891,1132.1907576409592
squeeze,BGBGGLBBGG,"((1,), (1, 2), (6,), (0, 4), (4, 5), (5,), (0,), (5,), (1, 2), (0, 1))",41.0784,254.43425,295.51265,3477.3440285401743,4085.544594127648,142.8437289419847,1039.5024746484223,1182.3462035904072
squeeze,BGBGGLBBGG,"((2,), (0, 2), (7,), (1, 5), (3, 6), (5,), (5,), (0,), (2, 4), (1, 3))",30.1083,212.78203,242.89033,3644.5685247715815,4270.383118569122,109.7317625143802,908.6607888468684,1018.3925513612488
squeeze,BGBGGLBBGG,"((7,), (2, 1), (7,), (0, 5), (0, 2), (1,), (0,), (0,), (2, 6), (0, 7))",13.2182,245.96885,259.18705,5158.521904761905,4353.77089069566,68.18637424152381,1070.8920191478871,1139.0783933894108
squeeze,BGBGGLBBGG,"((7,), (2, 6), (3,), (0, 4), (4, 0), (0,), (7,), (1,), (1, 0), (3, 7))",12.6369,197.2956,209.9325,5292.833730158732,4671.935264128644,66.88501056464288,921.7522710974192,988.6372816620624
squeeze,BGBGGLBBGG,"((0,), (3, 1), (7,), (1, 6), (1, 5), (5,), (1,), (5,), (3, 7), (3, 4))",57.94,218.35256,276.29256,3442.096149499088,4293.225000303835,199.43505090197715,937.4366694723432,1136.8717203743204
squeeze,LBLGGLLLGL,"((5,), (0,), (0,), (1, 0), (1, 3), (2,), (5,), (2,), (4, 7), (1,))",36.3736,193.23249,229.60609,3548.043774486382,4178.646296909102,129.05512503565788,807.4502287810251,936.5053538166828
squeeze,LBLGGLLLGL,"((1,), (5,), (0,), (4, 0), (0, 1), (5,), (3,), (5,), (1, 6), (2,))",82.5071,182.8605,265.3676,3227.871125130356,4231.900605893523,266.3222857082428,773.8474607439925,1040.1697464522354
squeeze,LBLGGLLLGL,"((2,), (3,), (4,), (0, 6), (3, 4), (0,), (1,), (5,), (4, 2), (0,))",61.9095,217.0252,278.9347,3271.290034055696,4031.108004540416,202.5239303633712,874.8520209069846,1077.3759512703557
squeeze,LBLGGLLLGL,"((5,), (0,), (2,), (1, 4), (1, 0), (3,), (5,), (4,), (4, 5), (5,))",35.1234,165.03046999999998,200.15387,3576.838892339546,4445.812924791238,125.6307431511988,733.6945965103725,859.3253396615713
squeeze,LBLGGLLLGL,"((5,), (1,), (4,), (2, 3), (1, 6), (0,), (1,), (1,), (3, 6), (1,))",36.4256,187.11218,223.53778,3543.3901450216454,4170.482245599896,129.07011206650046,780.3480246254918,909.4181366919922
squeeze,LBLGGLLLGL,"((4,), (3,), (2,), (0, 2), (2, 3), (5,), (5,), (1,), (3, 0), (0,))",43.0557,198.36867,241.42437,3403.856861626879,4108.051228963351,146.55543987714842,814.9086585813254,961.4640984584738
squeeze,LBLGGLLLGL,"((4,), (3,), (3,), (3, 7), (4, 3), (0,), (2,), (0,), (4, 3), (3,))",41.648,173.51375,215.16175,3424.079753056011,4262.785419974646,142.60607355527677,739.6518836651258,882.2579572204025
squeeze,LBLGGLLLGL,"((1,), (5,), (5,), (2, 3), (3, 0), (0,), (3,), (1,), (4, 3), (5,))",82.3776,189.02279,271.40039,3228.852033826102,4115.944325299972,265.9850813017131,778.0072798528681,1043.9923611545812
squeeze,LBLGGLLLGL,"((5,), (0,), (3,), (0, 3), (4, 1), (0,), (3,), (3,), (4, 3), (1,))",36.3671,203.67452,240.04162,3544.0215800865803,4128.2227580694525,128.88578720516668,840.8137887028719,969.6995759080386
squeeze,LBLGGLLLGL,"((3,), (3,), (0,), (1, 0), (2, 0), (3,), (5,), (0,), (2, 1), (0,))",50.5994,207.8728,258.4722,3339.5495443994155,3985.678056249805,168.9792032168838,828.5140574512045,997.4932606680884
squeeze,LBGLLLBGBL,"((1,), (2,), (2, 4), (1,), (1,), (2,), (4,), (1, 4), (3,), (5,))",82.3578,190.82816000000005,273.18596,3132.5301972702578,4006.225971002634,257.9882954807444,764.5007305906463,1022.4890260713908
squeeze,LBGLLLBGBL,"((3,), (2,), (3, 7), (0,), (4,), (2,), (1,), (0, 3), (6,), (5,))",49.1004,200.05041,249.15081,3253.838022348724,4032.930410109795,159.7647484325313,806.7893820439327,966.554130476464
squeeze,LBGLLLBGBL,"((2,), (1,), (1, 6), (4,), (0,), (2,), (1,), (0, 6), (4,), (0,))",61.6471,209.97106,271.61816,3172.7164150324643,3932.5131262266345,195.58876610914783,825.7139495777202,1021.302715686868
squeeze,LBGLLLBGBL,"((1,), (7,), (2, 1), (4,), (4,), (1,), (6,), (4, 1), (3,), (5,))",82.3355,163.34072000000003,245.67622000000003,3129.070640024868,4367.859542490361,257.6335956817676,713.4493225292462,971.0829182110136
squeeze,LBGLLLBGBL,"((5,), (1,), (1, 5), (2,), (2,), (1,), (4,), (3, 7), (6,), (4,))",35.2989,156.19051,191.48941,3457.312726525393,4410.373576082241,122.0393362023472,688.858498138809,810.8978343411561
squeeze,LBGLLLBGBL,"((3,), (6,), (0, 1), (3,), (2,), (4,), (3,), (3, 3), (3,), (3,))",49.1647,161.50821,210.67291,3236.157105849132,4250.611569644933,159.10469326194084,686.5086660186436,845.6133592805844
squeeze,LBGLLLBGBL,"((4,), (0,), (3, 2), (1,), (5,), (5,), (6,), (2, 0), (6,), (2,))",41.8162,171.06724,212.88344,3307.9493058748394,4245.24236959737,138.32586976432347,726.221895298082,864.5477650624055
squeeze,LBGLLLBGBL,"((2,), (6,), (1, 6), (1,), (3,), (3,), (5,), (3, 4), (1,), (2,))",60.6564,174.73824000000002,235.39464,3169.879543694788,4144.652134670528,192.2734815541685,724.229219424571,916.5027009787397
squeeze,LBGLLLBGBL,"((3,), (5,), (2, 3), (1,), (1,), (2,), (0,), (3, 4), (4,), (4,))",49.1061,181.57461,230.68071,3236.305093659721,4083.152129712558,158.92232155976362,741.3967555232272,900.3190770829908
squeeze,LBGLLLBGBL,"((1,), (3,), (2, 4), (5,), (0,), (1,), (4,), (4, 5), (7,), (3,))",82.3288,171.77031,254.09911,3111.008880445796,4239.3825572622445,256.12562791644586,728.2000560695285,984.3256839859744
squeeze,GBBGGGBBLB,"((1, 4), (2,), (2,), (3, 4), (3, 7), (2, 2), (0,), (5,), (0,), (1,))",19.7944,200.969,220.7634,3780.697373043625,4082.818331976845,74.83663608097473,820.5199173590546,895.3565534400293
squeeze,GBBGGGBBLB,"((0, 7), (4,), (5,), (4, 0), (1, 0), (3, 4), (5,), (2,), (2,), (0,))",15.285,216.8659,232.1509,4395.809062049062,4121.381685391219,67.18994151341991,893.7871484458836,960.9770899593036
squeeze,GBBGGGBBLB,"((4, 5), (2,), (0,), (1, 2), (2, 7), (3, 7), (5,), (6,), (5,), (6,))",14.3586,149.62446,163.98306,4581.481951659452,4832.033835767038,65.7836667510974,722.9904533783717,788.7741201294691
squeeze,GBBGGGBBLB,"((2, 6), (1,), (3,), (1, 0), (1, 3), (3, 3), (5,), (3,), (2,), (1,))",16.3237,194.2235,210.5472,4145.24498168498,4116.7721964840985,67.66573550753111,799.5739047038293,867.2396402113604
squeeze,GBBGGGBBLB,"((1, 5), (3,), (1,), (4, 7), (2, 2), (1, 4), (4,), (5,), (1,), (6,))",14.4931,161.1261,175.6192,4385.816406926408,4514.29486666692,63.56407576722512,727.3707261160608,790.9348018832859
squeeze,GBBGGGBBLB,"((4, 4), (0,), (2,), (2, 0), (2, 0), (4, 0), (0,), (1,), (5,), (1,))",20.1,200.1223,220.2223,3966.3927107614622,4193.60954898978,79.72449348630539,839.2347882457974,918.9592817321028
squeeze,GBBGGGBBLB,"((1, 5), (5,), (6,), (0, 1), (3, 1), (0, 3), (4,), (4,), (2,), (4,))",15.3557,199.44163999999995,214.79734,4152.803131313133,4130.782235950033,63.76919904350508,823.8499836207415,887.6191826642465
squeeze,GBBGGGBBLB,"((1, 2), (3,), (6,), (0, 1), (2, 1), (4, 1), (0,), (2,), (1,), (4,))",24.7562,222.0245,246.7807,3590.7534060547287,3975.3213880016415,88.89340947097206,882.6187435103703,971.5121529813424
squeeze,GBBGGGBBLB,"((2, 7), (4,), (2,), (4, 4), (4, 7), (2, 5), (5,), (4,), (3,), (0,))",15.2597,183.50745,198.76715,4445.046244866245,4350.454564393248,67.83007218278544,798.3408234526657,866.1708956354512
squeeze,GBBGGGBBLB,"((3, 2), (1,), (2,), (4, 5), (0, 3), (4, 6), (7,), (0,), (3,), (0,))",28.2694,203.6985,231.9679,3566.2936375041363,4194.968184190936,100.81698135605944,854.5087266674174,955.3257080234767
squeeze,GLGLBLGLGG,"((3, 6), (0,), (3, 5), (5,), (0,), (3,), (3, 1), (1,), (4, 7), (1, 0))",17.8998,191.7273,209.6271,4213.821071926439,4258.299846144442,75.42655442326887,816.4323320916893,891.8588865149582
squeeze,GLGLBLGLGG,"((4, 2), (1,), (0, 7), (1,), (3,), (0,), (1, 1), (1,), (2, 5), (0, 6))",25.9736,228.6591,254.6327,3919.161947355192,4059.776639706257,101.7947447558248,928.304872636257,1030.0996173920817
squeeze,GLGLBLGLGG,"((1, 7), (3,), (3, 7), (5,), (1,), (2,), (1, 7), (1,), (0, 6), (1, 0))",15.9483,212.6787,228.627,4496.801281365692,4128.864767274396,71.71633587560447,878.1215911797211,949.8379270553256
squeeze,GLGLBLGLGG,"((1, 2), (3,), (1, 4), (4,), (3,), (0,), (3, 3), (4,), (3, 7), (1, 5))",27.6718,204.67550000000003,232.3473,3586.354572403,4097.020772072939,99.24088645662134,838.5597750344149,937.8006614910362
squeeze,GLGLBLGLGG,"((2, 1), (4,), (1, 5), (5,), (0,), (0,), (0, 2), (3,), (3, 3), (4, 6))",33.6664,201.9173,235.5837,3653.1674320682696,4202.421053398784,122.9889960349832,848.5415125654384,971.5305086004216
squeeze,GLGLBLGLGG,"((1, 5), (3,), (3, 0), (5,), (3,), (2,), (1, 1), (1,), (4, 1), (2, 1))",18.5294,195.7754,214.3048,3992.3898445998457,4162.587635008457,73.97658838652838,814.9322592788346,888.908847665363
squeeze,GLGLBLGLGG,"((3, 3), (0,), (0, 2), (4,), (6,), (2,), (4, 7), (0,), (3, 5), (0, 4))",22.4874,219.93997,242.42737,3800.484134615383,4088.909752679452,85.46300692874996,899.314688337026,984.777695265776
squeeze,GLGLBLGLGG,"((4, 4), (2,), (0, 6), (0,), (2,), (0,), (0, 6), (2,), (4, 2), (4, 7))",19.3039,211.4248,230.7287,4378.253792318793,4259.947179422513,84.51737338154274,900.658480419969,985.1758538015116
squeeze,GLGLBLGLGG,"((0, 0), (5,), (3, 3), (2,), (2,), (4,), (1, 0), (4,), (1, 2), (3, 5))",47.9152,209.67014,257.58534,3375.934932173192,4069.9050796632177,161.75859746206493,853.3375678396981,1015.096165301763
squeeze,GLGLBLGLGG,"((2, 7), (1,), (2, 1), (1,), (7,), (1,), (2, 1), (5,), (2, 3), (3, 3))",14.5294,185.70141,200.23081,4661.792146464646,4284.46521734462,67.73304281284342,795.6312319568525,863.364274769696
squeeze,GGBGBLGGLG,"((1, 0), (1, 3), (0,), (2, 4), (3,), (0,), (3, 0), (2, 0), (1,), (4, 6))",45.0715,202.87493,247.94643,3508.187889618776,4139.786856260771,158.11929046695266,839.858968678824,997.9782591457766
squeeze,GGBGBLGGLG,"((1, 0), (2, 6), (1,), (1, 7), (4,), (3,), (1, 1), (0, 7), (1,), (0, 2))",52.3378,237.14765,289.48545,3279.77490893958,3980.64773503398,171.65620322909797,944.0012558411312,1115.657459070229
squeeze,GGBGBLGGLG,"((4, 1), (1, 7), (3,), (1, 5), (6,), (1,), (3, 2), (2, 6), (1,), (4, 4))",36.3078,162.29962,198.60742,3724.750767862572,4662.928308183387,135.2375059294007,756.7914925054067,892.0289984348074
squeeze,GGBGBLGGLG,"((4, 0), (2, 3), (4,), (0, 5), (3,), (3,), (1, 2), (2, 3), (1,), (4, 2))",52.9894,176.82732,229.81672,3573.304383056058,4497.150994565824,189.34725527551072,795.219158004409,984.5664132799196
squeeze,GGBGBLGGLG,"((3, 3), (4, 6), (3,), (2, 5), (1,), (4,), (4, 0), (3, 4), (5,), (2, 1))",23.4516,146.74962999999997,170.20122999999998,3724.416270200389,4694.925457854292,87.34352060223144,688.9785738176978,776.3220944199293
squeeze,GGBGBLGGLG,"((3, 3), (4, 7), (4,), (4, 7), (4,), (0,), (1, 0), (4, 0), (2,), (3, 0))",23.9242,149.89557000000002,173.81977,3724.9633090928687,4761.979401748111,89.1167671993996,713.7996167532922,802.9163839526918
squeeze,GGBGBLGGLG,"((1, 6), (1, 1), (3,), (3, 2), (4,), (2,), (2, 3), (0, 5), (3,), (3, 2))",15.87,187.79617,203.66617,4295.961955642396,4241.930616533519,68.17691623604482,796.6183231907336,864.7952394267784
squeeze,GGBGBLGGLG,"((4, 4), (2, 0), (4,), (0, 2), (2,), (5,), (2, 3), (4, 1), (1,), (2, 2))",19.2767,175.67866,194.95536,4062.89840992341,4479.663544718179,78.3192737785706,786.9812887869398,865.3005625655104
squeeze,GGBGBLGGLG,"((4, 6), (1, 0), (6,), (4, 3), (0,), (4,), (3, 4), (0, 6), (2,), (2, 5))",14.1046,163.33946,177.44406,4670.420483405484,4696.710931764304,65.87441275024099,767.1582273704784,833.0326401207194
squeeze,GGBGBLGGLG,"((3, 4), (3, 7), (7,), (1, 5), (0,), (5,), (3, 2), (3, 1), (4,), (0, 5))",17.7275,182.44094000000004,200.16844000000003,4097.28517094017,4397.039692016109,72.63462286784187,802.2000546287296,874.8346774965714
squeeze,BGLBBGLGGL,"((4,), (0, 5), (5,), (4,), (6,), (2, 1), (2,), (3, 4), (4, 6), (4,))",22.4811,167.47940000000003,189.9605,3837.787259442913,4460.940734450704,86.27767915826207,747.1156776413635,833.3933567996256
squeeze,BGLBBGLGGL,"((1,), (2, 2), (1,), (7,), (2,), (4, 5), (3,), (4, 1), (3, 6), (1,))",42.144,185.99722000000008,228.1412200000001,3362.907534924845,4330.739360334074,141.72637515187267,805.5054815667164,947.2318567185893
squeeze,BGLBBGLGGL,"((3,), (3, 3), (4,), (7,), (5,), (4, 5), (3,), (1, 2), (1, 1), (2,))",26.4653,160.17098000000004,186.63628000000003,3624.31072908624,4533.305471697186,95.91847073848606,726.1039800411006,822.0224507795867
squeeze,BGLBBGLGGL,"((6,), (4, 0), (4,), (7,), (7,), (3, 1), (5,), (2, 2), (1, 3), (5,))",17.583,142.09559999999996,159.67859999999996,4358.192367632369,5060.735737278404,76.63009640007994,719.108281030017,795.738377430097
squeeze,BGLBBGLGGL,"((4,), (1, 0), (4,), (0,), (5,), (2, 6), (2,), (1, 4), (4, 7), (2,))",22.6797,206.3092,228.9889,3826.960692677206,4123.134190740543,86.79432042171123,850.6405163843289,937.43483680604
squeeze,BGLBBGLGGL,"((2,), (0, 1), (5,), (2,), (0,), (4, 6), (0,), (1, 7), (2, 7), (2,))",32.1315,211.83891000000008,243.97041000000004,3496.17792601398,4081.621919371393,112.33744102971822,864.646338431744,976.9837794614622
squeeze,BGLBBGLGGL,"((3,), (0, 4), (2,), (7,), (7,), (3, 7), (0,), (2, 0), (4, 6), (5,))",26.2418,177.84366,204.08546,3660.1019158803856,4466.824306026759,96.04766245614992,794.3963831607588,890.4440456169086
squeeze,BGLBBGLGGL,"((5,), (0, 7), (4,), (3,), (1,), (3, 3), (1,), (2, 6), (1, 6), (5,))",19.5235,176.55100000000004,196.07450000000003,4092.896559959647,4418.8960770820695,79.90766598837217,780.1605213049166,860.0681872932888
squeeze,BGLBBGLGGL,"((3,), (1, 5), (5,), (2,), (6,), (3, 5), (0,), (2, 5), (4, 1), (5,))",26.1698,174.85669,201.02649,3652.020446827854,4339.290085839138,95.57264468939556,758.7539013596474,854.326546049043
squeeze,BGLBBGLGGL,"((6,), (2, 7), (5,), (6,), (6,), (4, 7), (1,), (2, 7), (3, 0), (2,))",17.4952,148.06719999999996,165.56239999999997,4321.581572455322,4875.920269200199,75.60693392642035,721.9638616837195,797.5707956101398
squeeze,LGBBGLLBBG,"((1,), (3, 7), (2,), (7,), (4, 5), (2,), (4,), (5,), (5,), (2, 0))",83.1542,169.66539999999998,252.8196,3118.5792916123405,4475.847604957587,259.3229661305909,759.3964742341708,1018.7194403647616
squeeze,LGBBGLLBBG,"((0,), (4, 3), (6,), (2,), (3, 0), (5,), (0,), (7,), (3,), (1, 6))",121.647,207.64709,329.29409,3104.222918227332,4169.654471407582,377.6194053336002,865.8166172932725,1243.4360226268727
squeeze,LGBBGLLBBG,"((2,), (4, 7), (6,), (0,), (1, 6), (1,), (2,), (5,), (0,), (0, 1))",61.7491,222.3691,284.1182,3173.676788130248,4021.529030702513,195.9716853579335,894.2637911811902,1090.2354765391235
squeeze,LGBBGLLBBG,"((5,), (0, 7), (6,), (7,), (2, 6), (4,), (2,), (5,), (5,), (1, 1))",36.4917,159.96930999999998,196.46101,3449.6070129870127,4707.821246671055,125.88202423581816,753.1069164333082,878.9889406691264
squeeze,LGBBGLLBBG,"((5,), (3, 5), (2,), (3,), (4, 4), (4,), (5,), (2,), (6,), (1, 3))",37.0425,160.09474000000003,197.13724,3455.4750366300373,4512.980823498082,127.99943404436814,722.5044915629114,850.5039256072796
squeeze,LGBBGLLBBG,"((0,), (0, 1), (3,), (7,), (0, 0), (4,), (4,), (7,), (5,), (3, 3))",121.713,194.1041,315.8171,3099.932392532694,4338.176415351697,377.3020712923317,842.0578287430673,1219.359900035399
squeeze,LGBBGLLBBG,"((5,), (2, 5), (5,), (0,), (3, 2), (2,), (2,), (0,), (5,), (4, 0))",37.2465,195.84414000000004,233.09064000000004,3478.611621545122,4263.102619851657,129.56610776188035,834.9036663165949,964.4697740784752
squeeze,LGBBGLLBBG,"((1,), (2, 3), (3,), (2,), (0, 7), (1,), (4,), (7,), (7,), (0, 6))",83.1906,207.78959999999995,290.9802,3131.7934962812883,4146.980511735767,260.53578003173817,861.6994217413702,1122.2352017731084
squeeze,LGBBGLLBBG,"((2,), (1, 3), (0,), (4,), (2, 7), (3,), (5,), (6,), (6,), (3, 1))",62.1264,171.78924000000004,233.91564,3192.4862319636723,4388.466154334809,198.33767664146788,753.8912654188997,952.2289420603676
squeeze,LGBBGLLBBG,"((5,), (2, 2), (5,), (3,), (1, 5), (0,), (3,), (2,), (1,), (2, 3))",37.4049,179.4394,216.8443,3460.3746327151102,4283.22295082054,129.43496709924543,768.5789563614672,898.0139234607127
squeeze,LGLBBLGLLG,"((4,), (1, 0), (3,), (0,), (1,), (0,), (4, 5), (3,), (5,), (0, 7))",43.5491,240.06550000000004,283.61460000000005,3360.5977835808176,3952.1360138355135,146.3510089369394,948.7715082294296,1095.122517166369
squeeze,LGLBBLGLLG,"((2,), (3, 6), (5,), (3,), (1,), (0,), (4, 5), (5,), (3,), (0, 3))",62.2822,204.918,267.2002,3177.714003657128,4084.6615433193247,197.915019118574,837.0206741339094,1034.9356932524834
squeeze,LGLBBLGLLG,"((2,), (0, 4), (5,), (1,), (7,), (3,), (4, 2), (0,), (0,), (4, 1))",62.1955,211.7467,273.9422,3196.964869744958,4079.8777655887984,198.8368285562225,863.9006532668017,1062.7374818230242
squeeze,LGLBBLGLLG,"((1,), (1, 7), (3,), (4,), (2,), (5,), (3, 1), (2,), (3,), (0, 2))",83.1243,216.8859,300.0102,3114.846865988022,3972.1488428220855,258.9194653424482,861.5030767094265,1120.4225420518746
squeeze,LGLBBLGLLG,"((4,), (1, 7), (5,), (3,), (3,), (0,), (0, 0), (4,), (3,), (4, 4))",43.6501,181.3743,225.0244,3398.001057471261,4286.977075411454,148.3230859587263,777.5474661687998,925.870552127526
squeeze,LGLBBLGLLG,"((1,), (4, 0), (3,), (7,), (6,), (4,), (2, 1), (3,), (4,), (4, 6))",83.3887,167.03909999999996,250.4278,3178.017278626763,4483.252056855769,265.0107294422236,748.8783886503364,1013.88911809256
squeeze,LGLBBLGLLG,"((2,), (0, 1), (5,), (0,), (5,), (3,), (0, 1), (3,), (5,), (4, 7))",62.6031,221.1592,283.7623,3267.0364201737275,4010.679804011672,204.52660771577789,886.998736911378,1091.5253446271558
squeeze,LGLBBLGLLG,"((1,), (1, 0), (1,), (7,), (6,), (2,), (3, 6), (4,), (0,), (3, 2))",83.4044,182.9239,266.3283,3137.9596994922367,4285.536227389976,261.7196459603303,783.9270003054613,1045.6466462657916
squeeze,LGLBBLGLLG,"((0,), (3, 4), (3,), (6,), (6,), (2,), (4, 1), (4,), (5,), (0, 0))",121.359,219.302,340.66099999999994,3069.8680393411346,4041.1413072402606,372.55611538640073,886.2303709604035,1258.7864863468044
squeeze,LGLBBLGLLG,"((4,), (2, 0), (5,), (0,), (5,), (4,), (1, 0), (5,), (4,), (0, 2))",43.4108,224.34900000000005,267.75980000000004,3304.9517104964007,4000.614823717079,143.47059771401717,897.5339350861032,1041.0045328001204
squeeze,GBLBBBLBGB,"((1, 7), (3,), (1,), (0,), (5,), (3,), (5,), (6,), (0, 1), (7,))",11.5771,204.56789,216.14499,5120.091388888888,4250.289674678255,59.27581001830554,869.4727906377171,928.7486006560226
squeeze,GBLBBBLBGB,"((3, 0), (1,), (3,), (4,), (5,), (4,), (1,), (3,), (0, 3), (1,))",50.6744,189.6478,240.3222,3370.3846672547666,4143.732083761855,170.79222078233494,785.8496734748516,956.6418942571866
squeeze,GBLBBBLBGB,"((0, 2), (3,), (4,), (5,), (0,), (5,), (2,), (3,), (3, 2), (2,))",24.225,210.91022,235.13522,3508.424529195005,4047.650408039004,84.991584219749,853.6908380425962,938.6824222623452
squeeze,GBLBBBLBGB,"((4, 2), (1,), (4,), (3,), (7,), (4,), (3,), (2,), (1, 7), (7,))",21.9664,154.90480000000002,176.87120000000002,4202.247772551405,4690.987165522663,92.3082554709732,726.6564286778552,818.9646841488284
squeeze,GBLBBBLBGB,"((3, 4), (4,), (0,), (5,), (5,), (2,), (1,), (1,), (3, 6), (6,))",15.3753,177.13756999999998,192.51287,4249.240840270841,4355.465015591414,65.33335269141625,771.5164890818752,836.8498417732915
squeeze,GBLBBBLBGB,"((3, 0), (6,), (3,), (6,), (7,), (2,), (1,), (6,), (3, 6), (5,))",42.6192,152.03895000000003,194.65815000000003,3498.549747905848,4726.362850902576,149.10539141594893,718.5912451702344,867.6966365861833
squeeze,GBLBBBLBGB,"((2, 0), (3,), (0,), (6,), (2,), (1,), (1,), (5,), (4, 5), (2,))",47.4491,192.45837,239.90747,3330.752564021316,4208.385971693976,158.04121148550382,809.9391044430888,967.9803159285926
squeeze,GBLBBBLBGB,"((4, 6), (3,), (2,), (6,), (1,), (6,), (5,), (1,), (0, 3), (4,))",14.096,164.0586,178.15460000000002,4562.555822510823,4634.609424388134,64.31378687411257,760.3475337119232,824.6613205860358
squeeze,GBLBBBLBGB,"((0, 7), (0,), (4,), (2,), (4,), (3,), (3,), (1,), (3, 3), (5,))",10.6627,223.05686,233.71956,4763.598968253968,4067.2256140045192,50.79282671880159,907.22257437142,958.0154010902216
squeeze,GBLBBBLBGB,"((3, 2), (7,), (2,), (5,), (6,), (2,), (1,), (0,), (4, 6), (1,))",26.7666,195.2225,221.9891,3601.166188349835,4214.7458829138,96.3909748970847,822.8132281271394,919.204203024224
squeeze,BBLGBBGGBL,"((1,), (3,), (1,), (1, 0), (7,), (7,), (2, 5), (3, 4), (7,), (3,))",42.2023,197.93387,240.13617,3364.271522704873,4180.403595585641,141.97999608264786,827.4434618361809,969.4234579188288
squeeze,BBLGBBGGBL,"((5,), (6,), (5,), (0, 6), (3,), (5,), (3, 6), (1, 7), (3,), (5,))",19.1687,174.53205,193.70075,4092.026277252161,4533.501195545598,78.43882410076351,791.2412573360242,869.6800814367878
squeeze,BBLGBBGGBL,"((1,), (0,), (0,), (2, 5), (0,), (0,), (0, 2), (1, 0), (4,), (2,))",42.1501,243.91129,286.06139,3361.861163865426,3850.810280423988,141.7027842430441,939.2561030434769,1080.9588872865208
squeeze,BBLGBBGGBL,"((2,), (2,), (2,), (2, 2), (1,), (5,), (4, 0), (0, 1), (6,), (0,))",31.9739,204.45489,236.42879,3477.1196377073807,4070.928317618213,111.17707558409202,832.3212013765168,943.4982769606088
squeeze,BBLGBBGGBL,"((5,), (5,), (2,), (3, 6), (6,), (1,), (4, 7), (1, 5), (4,), (2,))",19.5951,152.14221,171.73731,4048.18910048285,4648.215803234722,79.32467024287149,707.1898248610559,786.5144951039274
squeeze,BBLGBBGGBL,"((3,), (4,), (2,), (0, 2), (2,), (2,), (3, 7), (3, 6), (7,), (2,))",26.1351,179.29979000000003,205.43489,3625.284517789572,4249.371903333836,94.74717340088225,761.9114898996572,856.6586633005395
squeeze,BBLGBBGGBL,"((0,), (2,), (1,), (1, 2), (2,), (5,), (1, 6), (3, 4), (3,), (0,))",61.974,251.3711,313.3451,3248.949750033641,3859.718613250071,201.35041180858488,970.221713503145,1171.57212531173
squeeze,BBLGBBGGBL,"((2,), (7,), (4,), (4, 4), (6,), (5,), (3, 4), (3, 4), (6,), (3,))",32.2442,144.11162,176.35582,3497.532008925476,4690.917780910734,112.77512160219484,676.0157606938509,788.7908822960458
squeeze,BBLGBBGGBL,"((2,), (6,), (4,), (4, 5), (7,), (2,), (4, 1), (3, 1), (7,), (4,))",32.5486,146.69644,179.24504,3502.8877198761074,4695.216181472446,114.01409123915948,688.7714988524017,802.7855900915612
squeeze,BBLGBBGGBL,"((1,), (7,), (3,), (4, 2), (4,), (7,), (0, 6), (1, 0), (4,), (4,))",42.2166,187.56416,229.78076,3371.482055829229,4292.643417525749,142.33250935812023,805.1460567877464,947.4785661458666
squeeze,GBGGLBBGBG,"((3, 0), (2,), (1, 3), (4, 4), (5,), (0,), (1,), (2, 1), (4,), (4, 3))",46.8566,168.03858000000002,214.89518,3503.738086406163,4511.853667490807,164.173254019499,758.1654834529476,922.3387374724466
squeeze,GBGGLBBGBG,"((1, 4), (7,), (0, 0), (4, 7), (3,), (4,), (5,), (1, 4), (3,), (3, 1))",20.1098,168.58477,188.69457,3853.0625652288886,4498.918876664369,77.48431757423991,758.449204071121,835.9335216453609
squeeze,GBGGLBBGBG,"((4, 1), (4,), (0, 5), (0, 4), (3,), (5,), (7,), (0, 6), (7,), (4, 7))",35.7389,181.64188000000004,217.38078000000004,3827.922002522269,4614.932725322002,136.8057216559431,838.2650563010121,975.0707779569552
squeeze,GBGGLBBGBG,"((2, 2), (0,), (2, 2), (4, 6), (4,), (4,), (3,), (4, 2), (1,), (1, 4))",25.4682,167.79493,193.26313,3639.923834515588,4450.180343008359,92.70230820220988,746.7176991424636,839.4200073446735
squeeze,GBGGLBBGBG,"((4, 3), (3,), (1, 0), (0, 1), (5,), (3,), (7,), (4, 2), (6,), (3, 0))",24.3684,163.04832,187.41672,3847.872361956929,4705.251436125818,93.76649286511125,767.1833418379018,860.949834703013
squeeze,GBGGLBBGBG,"((0, 5), (5,), (0, 3), (3, 7), (0,), (3,), (5,), (2, 7), (0,), (3, 7))",15.054,196.53896,211.59296,4501.291085858585,4318.594077536023,67.76243600651514,848.7719886610894,916.5344246676044
squeeze,GBGGLBBGBG,"((2, 7), (3,), (0, 0), (3, 7), (3,), (6,), (0,), (4, 1), (5,), (2, 5))",12.7623,174.19998,186.96228,4822.477499999999,4541.319539676228,61.54590459824999,791.097772985208,852.643677583458
squeeze,GBGGLBBGBG,"((2, 4), (6,), (0, 2), (4, 0), (0,), (2,), (5,), (0, 7), (4,), (1, 5))",17.6868,190.68163,208.36843,4015.320253912753,4320.914751557864,71.01816626690407,823.9190679180987,894.9372341850028
squeeze,GBGGLBBGBG,"((0, 6), (5,), (4, 6), (2, 3), (5,), (1,), (6,), (1, 1), (1,), (1, 6))",13.637,209.09171000000003,222.72871000000004,4503.81388888889,4219.737340780521,61.41851000277779,882.312096334652,943.7306063374298
squeeze,GBGGLBBGBG,"((2, 1), (6,), (2, 2), (0, 5), (1,), (6,), (0,), (1, 4), (7,), (4, 5))",32.7023,200.70659000000003,233.40889000000004,3640.5788149944574,4287.040886446511,119.05530058159324,860.4373575092566,979.4926580908498
squeeze,GGBGLGBGLG,"((1, 2), (0, 1), (4,), (3, 0), (0,), (1, 5), (0,), (4, 1), (1,), (3, 2))",25.311,205.97814,231.28914,3612.930146628827,4194.59078328132,91.44687494132224,863.9940076014293,955.4408825427516
squeeze,GGBGLGBGLG,"((4, 3), (1, 5), (1,), (2, 0), (4,), (1, 1), (3,), (2, 2), (3,), (2, 5))",20.5206,169.73642999999998,190.25703,4093.5375495338,4496.160245904601,84.0018466389633,763.1621888477689,847.1640354867322
squeeze,GGBGLGBGLG,"((2, 6), (1, 2), (6,), (0, 1), (5,), (3, 4), (0,), (1, 2), (4,), (3, 7))",13.3762,200.0468,213.423,4888.123253968254,4272.088056631576,65.38451426973016,854.6175450473656,920.0020593170958
squeeze,GGBGLGBGLG,"((2, 4), (0, 1), (7,), (0, 4), (2,), (1, 6), (7,), (2, 4), (2,), (4, 3))",18.7898,192.1375,210.9273,4067.97381951382,4410.752344330354,76.43641447390077,847.4709285587734,923.907343032674
squeeze,GGBGLGBGLG,"((4, 3), (1, 6), (6,), (3, 2), (2,), (1, 3), (5,), (4, 6), (5,), (0, 0))",24.2605,167.98278,192.24328,3839.0024162735263,4658.301711404446,93.13611812000389,782.5144715604764,875.6505896804803
squeeze,GGBGLGBGLG,"((2, 3), (2, 4), (4,), (3, 0), (3,), (1, 6), (1,), (0, 7), (5,), (3, 3))",20.8051,182.21646,203.02156,3783.6757492507495,4368.854188854402,78.71975233073677,796.0771445492206,874.7968968799574
squeeze,GGBGLGBGLG,"((3, 4), (2, 0), (7,), (4, 1), (5,), (4, 0), (4,), (0, 4), (4,), (4, 4))",17.9896,154.38127,172.37087,4197.874401709403,4837.657172796856,75.51808133699149,746.843658160988,822.3617394979794
squeeze,GGBGLGBGLG,"((0, 7), (2, 4), (4,), (2, 2), (4,), (0, 2), (5,), (0, 6), (3,), (1, 3))",13.4287,232.77561,246.20431,4625.479054834056,4122.484160776987,62.114170583650086,959.6137652402012,1021.7279358238512
squeeze,GGBGLGBGLG,"((2, 4), (3, 6), (2,), (4, 4), (5,), (0, 7), (7,), (0, 7), (1,), (1, 0))",21.4045,191.00393000000005,212.40843,3805.6385902577817,4407.910582360901,81.45779120517268,841.9282443195209,923.3860355246936
squeeze,GGBGLGBGLG,"((1, 7), (2, 1), (5,), (3, 3), (2,), (3, 5), (1,), (4, 6), (5,), (1, 5))",12.8847,174.67775,187.56245,4827.953214285714,4512.523539444059,62.20672878010714,788.2374586921245,850.4441874722316
squeeze,GBLLLLGGBL,"((1, 1), (3,), (1,), (4,), (0,), (3,), (1, 4), (2, 0), (4,), (5,))",36.1496,178.99630000000005,215.14590000000004,3421.4129452672933,4167.613013214585,123.68270940623454,745.987309197262,869.6700186034965
squeeze,GBLLLLGGBL,"((4, 7), (6,), (0,), (2,), (2,), (1,), (4, 0), (4, 7), (1,), (4,))",14.9743,143.08977,158.06407,4764.498864191364,4857.293054257938,71.34503534206074,695.0289459563658,766.3739812984265
squeeze,GBLLLLGGBL,"((1, 1), (5,), (2,), (1,), (4,), (3,), (1, 0), (0, 3), (7,), (5,))",36.1677,190.57453,226.74223,3417.3020637880645,4115.943966671365,123.5959558524676,784.3940869547312,907.9900428071988
squeeze,GBLLLLGGBL,"((4, 3), (6,), (1,), (2,), (0,), (5,), (4, 2), (1, 0), (5,), (5,))",23.8398,151.09390000000002,174.93370000000002,3886.9216588322247,4621.546210810861,92.66343496222846,698.2874410216353,790.9508759838639
squeeze,GBLLLLGGBL,"((4, 4), (3,), (1,), (0,), (5,), (0,), (0, 1), (2, 3), (2,), (1,))",20.7164,192.48181,213.19821,4004.5046579972313,4176.2842742008925,82.95892029693384,803.858756172724,886.8176764696578
squeeze,GBLLLLGGBL,"((2, 6), (6,), (0,), (5,), (3,), (2,), (2, 1), (0, 7), (4,), (5,))",16.1,173.33364,189.43364,4309.315853313354,4379.137047465233,69.379985238345,759.0517644960016,828.4317497343466
squeeze,GBLLLLGGBL,"((0, 3), (2,), (5,), (5,), (2,), (3,), (0, 5), (2, 7), (7,), (4,))",22.8973,184.6015,207.4988,3645.756606268688,4246.87949829366,83.47798274071603,783.980325704257,867.458308444973
squeeze,GBLLLLGGBL,"((0, 7), (0,), (1,), (1,), (5,), (0,), (1, 7), (0, 1), (1,), (2,))",14.0045,243.36470000000003,257.36920000000003,4608.316077533576,3910.716107870088,64.53716250781896,951.7302523769716,1016.2674148847906
squeeze,GBLLLLGGBL,"((1, 5), (0,), (3,), (0,), (5,), (2,), (2, 2), (3, 0), (3,), (3,))",17.3201,192.5001,209.8202,4076.766797091799,4085.032725258248,70.61000860230966,786.3692081154852,856.9792167177949
squeeze,GBLLLLGGBL,"((3, 7), (5,), (5,), (3,), (4,), (4,), (1, 4), (1, 7), (0,), (1,))",15.0756,155.58257000000003,170.65817000000004,4538.53387917638,4491.293043634027,68.42112134891143,698.7669143517041,767.1880357006156
squeeze,GGGLBLBBBB,"((3, 6), (1, 2), (2, 2), (0,), (2,), (2,), (2,), (7,), (7,), (4,))",12.8864,180.7914,193.6778,4502.9429004329,4371.55878003371,58.02672339213853,790.3402320245865,848.366955416725
squeeze,GGGLBLBBBB,"((0, 2), (4, 5), (1, 6), (3,), (4,), (5,), (6,), (4,), (0,), (6,))",20.9811,191.92752,212.90862,3738.600944802961,4272.934455579911,78.4399602830054,820.0937131820024,898.5336734650077
squeeze,GGGLBLBBBB,"((1, 2), (3, 3), (1, 5), (5,), (4,), (0,), (7,), (6,), (3,), (3,))",23.6518,176.76308999999998,200.41489,3596.623637467194,4379.151366654015,85.06662294864658,774.0723271474865,859.138950096133
squeeze,GGGLBLBBBB,"((0, 5), (3, 6), (1, 2), (3,), (7,), (0,), (2,), (1,), (7,), (4,))",12.5733,219.73073,232.30403,4215.213272005771,4072.8424714309976,52.99914103291016,894.9286494225372,947.9277904554474
squeeze,GGGLBLBBBB,"((2, 1), (0, 7), (2, 4), (0,), (7,), (5,), (6,), (1,), (6,), (1,))",33.347,217.56155000000004,250.90855000000005,3425.9266583461285,4075.121364577324,114.24437627586836,886.5897205155579,1000.8340967914264
squeeze,GGGLBLBBBB,"((4, 5), (3, 4), (0, 4), (1,), (1,), (1,), (5,), (1,), (1,), (5,))",12.6069,183.62510000000003,196.23200000000003,4511.16036075036,4350.913131919621,56.87174755194371,798.9368589400538,855.8086064919975
squeeze,GGGLBLBBBB,"((3, 3), (3, 4), (4, 5), (2,), (6,), (3,), (0,), (2,), (0,), (6,))",16.4077,172.64776999999998,189.05547,4113.32152014652,4367.11044779,67.49014550610805,753.9718801546449,821.4620256607529
squeeze,GGGLBLBBBB,"((2, 7), (2, 2), (0, 7), (4,), (4,), (1,), (5,), (5,), (4,), (1,))",13.4748,183.24861,196.72341,4543.249254079254,4301.46804245979,61.21937504886713,788.2380397401776,849.4574147890447
squeeze,GGGLBLBBBB,"((2, 6), (4, 3), (3, 5), (5,), (6,), (5,), (5,), (0,), (5,), (1,))",14.4205,183.4144,197.8349,4250.81953130203,4337.211851103033,61.29894305114093,795.5071093429522,856.8060523940931
squeeze,GGGLBLBBBB,"((3, 6), (2, 6), (3, 6), (2,), (1,), (2,), (1,), (4,), (5,), (4,))",11.8819,160.5856,172.4675,4490.159000721502,4435.732507064367,53.35162023067281,712.3147660864356,765.6663863171084
squeeze,LBLGBLLBLG,"((4,), (2,), (5,), (4, 0), (7,), (5,), (4,), (5,), (3,), (1, 0))",42.7149,161.89405,204.60895,3325.504906718132,4496.822027361875,142.04860953997434,728.0087301388248,870.0573396787992
squeeze,LBLGBLLBLG,"((3,), (4,), (5,), (1, 0), (4,), (1,), (0,), (0,), (0,), (4, 6))",51.4566,210.34875,261.80535,3358.2652697940275,4047.746137829159,172.80491268168336,851.4383404096914,1024.2432530913748
squeeze,LBLGBLLBLG,"((4,), (1,), (3,), (1, 0), (1,), (3,), (3,), (1,), (4,), (3, 5))",43.5859,183.41292,226.99882,3383.4159534852065,4156.265386032996,147.46922940701086,762.312770747239,909.78200015425
squeeze,LBLGBLLBLG,"((2,), (7,), (5,), (1, 0), (1,), (4,), (2,), (5,), (5,), (0, 3))",62.3722,201.99791,264.37011,3193.558697032256,4098.210764022734,199.18928176303527,827.8300090720954,1027.0192908351307
squeeze,LBLGBLLBLG,"((3,), (7,), (1,), (0, 1), (5,), (4,), (5,), (7,), (3,), (1, 5))",51.0042,194.19002,245.19422,3272.224819275472,4245.281988514817,166.89720912729,824.3913942553322,991.2886033826222
squeeze,LBLGBLLBLG,"((1,), (0,), (0,), (4, 1), (3,), (4,), (4,), (1,), (3,), (4, 1))",83.1532,195.19986,278.35306,3159.249871675942,4140.585506369499,262.70173642944394,808.2417111613553,1070.9434475907992
squeeze,LBLGBLLBLG,"((2,), (5,), (0,), (3, 7), (1,), (5,), (4,), (7,), (4,), (0, 2))",62.2814,191.89539,254.17679,3183.158776713672,4258.27388553012,198.2515850360149,817.1431279906178,1015.3947130266326
squeeze,LBLGBLLBLG,"((3,), (4,), (1,), (1, 6), (0,), (4,), (1,), (3,), (4,), (4, 1))",50.9002,183.57346,234.47366,3286.506678316994,4224.247134312169,167.28384722767066,775.4596623407696,942.7435095684402
squeeze,LBLGBLLBLG,"((5,), (3,), (4,), (3, 7), (2,), (3,), (5,), (4,), (2,), (4, 7))",37.6196,143.14084,180.76044,3606.4461422924905,4794.259964388247,135.67306129458655,686.2543984809037,821.9274597754902
squeeze,LBLGBLLBLG,"((0,), (7,), (4,), (3, 0), (4,), (5,), (3,), (2,), (5,), (0, 6))",121.568,220.51579,342.08379,3099.571931353251,4031.962673215002,376.808760550752,889.111434134518,1265.92019468527
squeeze,LBLLLBGLLG,"((2,), (6,), (1,), (3,), (4,), (7,), (2, 5), (0,), (3,), (1, 7))",62.3542,205.33209,267.68629,3228.4944932915987,4078.259654068071,201.310191333603,837.397578332474,1038.707769666077
squeeze,LBLLLBGLLG,"((0,), (5,), (3,), (1,), (4,), (0,), (0, 0), (0,), (5,), (1, 2))",121.553,266.17509,387.72809,3089.8848462162814,3739.013405506642,375.5847727121276,995.232229721937,1370.8170024340643
squeeze,LBLLLBGLLG,"((2,), (5,), (3,), (4,), (3,), (7,), (2, 5), (3,), (1,), (3, 2))",62.6557,167.80562999999998,230.46133,3217.714828510332,4324.171130129982,201.60817498069483,725.6202607192735,927.2284356999684
squeeze,LBLLLBGLLG,"((5,), (3,), (4,), (0,), (4,), (1,), (0, 6), (4,), (5,), (1, 6))",37.2417,214.05300000000005,251.29470000000003,3485.410666000665,4081.541206113242,129.802618399997,873.666139792158,1003.468758192155
squeeze,LBLLLBGLLG,"((3,), (2,), (1,), (2,), (3,), (1,), (4, 2), (1,), (2,), (4, 2))",51.3318,186.07275000000004,237.40455000000003,3294.6564260943533,4154.434697799692,169.12064473299012,773.0270889150078,942.147733647998
squeeze,LBLLLBGLLG,"((5,), (3,), (1,), (3,), (0,), (7,), (1, 1), (5,), (3,), (3, 7))",37.5402,168.67426000000003,206.21446000000003,3564.951647917301,4445.453203674033,133.82899785314507,749.833529494347,883.6625273474921
squeeze,LBLLLBGLLG,"((5,), (6,), (1,), (1,), (5,), (4,), (1, 0), (5,), (5,), (2, 7))",37.6222,184.46917,222.09137,3523.043118014032,4291.203452859176,132.5446327945475,791.5947392500663,924.1393720446138
squeeze,LBLLLBGLLG,"((5,), (2,), (4,), (4,), (3,), (4,), (1, 0), (2,), (1,), (3, 0))",37.3619,169.10550000000003,206.46740000000003,3445.201469581144,4344.276400058687,128.71927278634374,734.6410327701244,863.3603055564681
squeeze,LBLLLBGLLG,"((4,), (0,), (1,), (0,), (4,), (7,), (0, 0), (5,), (2,), (1, 4))",43.3584,219.17051,262.52891,3334.6936979285088,4031.9722990563537,144.58698323226346,883.6894250900535,1028.276408322317
squeeze,LBLLLBGLLG,"((4,), (5,), (3,), (0,), (0,), (5,), (0, 5), (4,), (2,), (1, 0))",42.7394,214.1126,256.852,3316.541619426551,4015.304830135612,141.74699888931914,859.7273569728942,1001.4743558622132
squeeze,LLLLBGBGLB,"((2,), (5,), (1,), (4,), (4,), (1, 1), (3,), (4, 1), (0,), (3,))",62.1072,172.75281999999996,234.86002,3189.1702202516644,4135.458169139657,198.07043270321412,714.4120607109126,912.4824934141268
squeeze,LLLLBGBGLB,"((1,), (1,), (1,), (0,), (3,), (3, 6), (2,), (4, 1), (4,), (3,))",83.0926,192.56324,275.65584,3125.5776773525577,3997.777800004881,259.7123757131852,769.825045969012,1029.5374216821972
squeeze,LLLLBGBGLB,"((1,), (4,), (5,), (5,), (4,), (0, 3), (5,), (3, 0), (1,), (0,))",82.6831,208.86685,291.54995,3116.390011225467,3958.308397338697,257.6727869371564,826.7594062806821,1084.4321932178386
squeeze,LLLLBGBGLB,"((2,), (3,), (5,), (3,), (5,), (1, 2), (2,), (4, 3), (4,), (1,))",61.5482,174.82563,236.37383,3175.2255013550143,4119.03909371579,195.42941420249872,720.1136045534919,915.5430187559906
squeeze,LLLLBGBGLB,"((4,), (3,), (4,), (4,), (7,), (0, 7), (7,), (3, 5), (1,), (3,))",43.1252,151.34968999999998,194.47489,3327.607592143488,4492.687395676462,143.50374293270633,679.9668446025398,823.4705875352462
squeeze,LLLLBGBGLB,"((1,), (0,), (0,), (4,), (3,), (4, 2), (6,), (1, 7), (0,), (1,))",82.6954,212.37611,295.07151,3121.4768124379566,3927.1663712647633,258.1317735952818,834.0363172520263,1092.168090847308
squeeze,LLLLBGBGLB,"((4,), (1,), (3,), (5,), (4,), (3, 2), (1,), (1, 2), (1,), (3,))",43.0299,163.43117,206.46107,3319.675675761021,4228.546336793566,142.84531236042915,691.0762752213866,833.9215875818157
squeeze,LLLLBGBGLB,"((0,), (4,), (0,), (1,), (5,), (2, 4), (2,), (0, 0), (3,), (3,))",121.672,228.53203,350.20403,3091.3486308092474,3797.478677875213,376.13057060782273,867.8455111365384,1243.9760817443612
squeeze,LLLLBGBGLB,"((5,), (3,), (1,), (1,), (3,), (2, 1), (6,), (3, 4), (5,), (0,))",36.3113,182.17593,218.48723,3444.514316017316,4159.978508295995,125.0747926831996,757.8479535288357,882.9227462120352
squeeze,LLLLBGBGLB,"((1,), (5,), (0,), (5,), (3,), (3, 4), (6,), (0, 1), (3,), (3,))",83.0817,192.2079,275.2896,3129.4675124499563,4050.084511654753,260.0014810291135,778.4582388076856,1038.4597198367992
squeeze,BLLGLLGBBL,"((2,), (2,), (4,), (4, 1), (5,), (2,), (0, 6), (6,), (7,), (0,))",31.9167,188.8809,220.7976,3474.308602261582,4258.989494559293,110.88846536580223,804.4417688229045,915.3302341887068
squeeze,BLLGLLGBBL,"((0,), (4,), (2,), (3, 6), (1,), (3,), (0, 6), (5,), (4,), (3,))",61.8827,222.0341,283.9168,3255.137974205649,4013.81069964785,201.43672671637592,891.2028462666806,1092.6395729830565
squeeze,BLLGLLGBBL,"((1,), (1,), (4,), (4, 3), (1,), (1,), (1, 7), (2,), (3,), (3,))",42.1486,210.158,252.3066,3359.243354789815,4038.700853742116,141.587404463694,848.7652940207355,990.3526984844297
squeeze,BLLGLLGBBL,"((2,), (5,), (1,), (4, 0), (5,), (5,), (1, 0), (6,), (5,), (3,))",31.8823,168.64190000000002,200.5242,3503.3856135562887,4415.770331721432,111.69599114708566,744.6838987051326,856.3798898522183
squeeze,BLLGLLGBBL,"((3,), (3,), (4,), (4, 0), (3,), (0,), (2, 2), (6,), (5,), (0,))",26.3552,183.3324,209.6876,3593.4293997248005,4244.825111405736,94.70555051562708,778.213975254281,872.919525769908
squeeze,BLLGLLGBBL,"((7,), (3,), (2,), (0, 5), (1,), (5,), (2, 3), (2,), (1,), (4,))",15.984,191.4281,207.4121,4686.253465423466,4404.826079538205,74.90507539132868,843.2074872364474,918.112562627776
squeeze,BLLGLLGBBL,"((4,), (2,), (0,), (3, 3), (5,), (1,), (2, 7), (5,), (5,), (2,))",22.3303,170.10969999999998,192.44,3822.008586870648,4370.841967555179,85.34659834739763,743.522615848221,828.8692141956186
squeeze,BLLGLLGBBL,"((6,), (4,), (0,), (0, 7), (1,), (1,), (3, 5), (2,), (1,), (5,))",17.2129,201.76,218.9729,4379.02966921967,4290.587569400024,75.37579979331126,865.6689480021489,941.04474779546
squeeze,BLLGLLGBBL,"((7,), (4,), (5,), (4, 7), (0,), (2,), (0, 0), (2,), (5,), (4,))",15.6192,177.37529999999998,192.9945,4713.723554778556,4606.421210142517,73.62459094679721,817.065344075392,890.6899350221892
squeeze,BLLGLLGBBL,"((0,), (2,), (0,), (3, 5), (3,), (2,), (2, 3), (0,), (4,), (2,))",61.7891,256.218,318.00710000000004,3265.29976883739,3821.40384072036,201.7599339466704,979.1124492616892,1180.8723832083597
squeeze,LBBGBBBBLG,"((1,), (5,), (6,), (0, 6), (3,), (7,), (4,), (2,), (4,), (3, 4))",83.4521,185.92774,269.37984,3150.845617634277,4253.481285753818,262.94468356737747,790.8401625925017,1053.7848461598792
squeeze,LBBGBBBBLG,"((2,), (0,), (1,), (2, 5), (2,), (6,), (0,), (6,), (2,), (4, 5))",62.5306,182.2789,244.8095,3246.355351612193,4285.130372565216,202.99654794952136,781.0888506677777,984.0853986172992
squeeze,LBBGBBBBLG,"((4,), (4,), (5,), (2, 1), (0,), (3,), (4,), (6,), (0,), (3, 4))",43.6934,172.23520000000002,215.9286,3370.4695158756194,4341.328653198985,147.26727274495977,747.7296088494579,894.9968815944177
squeeze,LBBGBBBBLG,"((1,), (5,), (0,), (0, 4), (1,), (5,), (4,), (4,), (4,), (3, 5))",83.4392,201.39078,284.82998,3156.168708337401,4102.284228859873,263.34819208870607,826.1622206317884,1089.5104127204943
squeeze,LBBGBBBBLG,"((3,), (5,), (5,), (4, 1), (6,), (1,), (3,), (7,), (4,), (1, 0))",50.3425,167.64858,217.99108,3237.2452056057537,4458.586201376007,162.97101676320764,747.4756454682818,910.4466622314894
squeeze,LBBGBBBBLG,"((0,), (5,), (6,), (0, 3), (3,), (6,), (2,), (2,), (3,), (3, 2))",121.777,214.77730000000005,336.5543,3092.919568909997,4033.8911556407097,376.6464663431527,866.3882509023916,1243.0347172455442
squeeze,LBBGBBBBLG,"((5,), (4,), (2,), (2, 0), (0,), (0,), (1,), (3,), (3,), (0, 0))",36.7391,227.82,264.5591,3443.0248679653664,3981.309650194281,126.4936349266664,907.021964507261,1033.5155994339275
squeeze,LBBGBBBBLG,"((1,), (7,), (5,), (0, 2), (3,), (7,), (7,), (5,), (1,), (0, 6))",83.2028,215.2249,298.4277,3131.8849586628903,4152.20543260239,260.5815978386367,893.6579990113061,1154.2395968499427
squeeze,LBBGBBBBLG,"((3,), (6,), (0,), (2, 2), (5,), (7,), (2,), (6,), (3,), (1, 7))",50.9706,166.8836,217.8542,3279.0994084619374,4435.165812751089,167.13766430895,740.1564374288276,907.2941017377776
squeeze,LBBGBBBBLG,"((2,), (7,), (4,), (3, 3), (1,), (4,), (5,), (7,), (3,), (4, 7))",62.5563,141.1809,203.7372,3266.803686286561,4798.650181402945,204.359151440448,677.4777513956311,881.8369028360792
squeeze,LGLBBLBLLG,"((5,), (1, 4), (0,), (4,), (6,), (4,), (2,), (3,), (4,), (1, 2))",37.3312,181.9216,219.2528,3460.7111104475243,4259.635732397472,129.19249860633863,774.9197478549199,904.1122464612586
squeeze,LGLBBLBLLG,"((3,), (1, 1), (1,), (0,), (1,), (0,), (6,), (2,), (2,), (2, 4))",51.3402,231.6317,282.9719,3257.6028384626907,3895.053474761514,167.24598124724224,902.2178579499164,1069.463839197159
squeeze,LGLBBLBLLG,"((1,), (2, 2), (5,), (2,), (5,), (2,), (5,), (4,), (1,), (2, 0))",83.0817,188.0793,271.161,3120.164379815308,4106.994344272724,259.22856095450146,772.440621374773,1031.6691823292745
squeeze,LGLBBLBLLG,"((3,), (0, 6), (4,), (7,), (2,), (2,), (5,), (4,), (4,), (3, 7))",51.3497,160.6619,212.0116,3328.8602182007376,4548.693511541495,170.9359735465424,730.8017420819285,901.7377156284708
squeeze,LGLBBLBLLG,"((1,), (2, 3), (1,), (1,), (6,), (4,), (6,), (3,), (1,), (1, 6))",83.1912,214.23472000000004,297.42592,3137.478707442307,3986.504929582959,261.0106186465744,854.0477673678251,1115.0583860143995
squeeze,LGLBBLBLLG,"((3,), (4, 3), (5,), (5,), (2,), (1,), (4,), (0,), (0,), (4, 7))",51.4146,177.1912,228.6058,3362.080330487033,4318.822624089223,172.8600153598586,765.2573633495183,938.1173787093768
squeeze,LGLBBLBLLG,"((4,), (4, 1), (3,), (3,), (6,), (4,), (3,), (4,), (0,), (4, 5))",43.7532,153.09310000000002,196.8463,3410.537699430199,4525.701967436248,149.22193807070937,692.8537438709143,842.0756819416237
squeeze,LGLBBLBLLG,"((5,), (4, 0), (3,), (1,), (0,), (3,), (2,), (0,), (5,), (4, 7))",37.6031,190.1819,227.785,3592.6117838248697,4265.642705427155,135.09334016834495,811.2480344392768,946.3413746076218
squeeze,LGLBBLBLLG,"((5,), (0, 6), (5,), (0,), (4,), (2,), (1,), (0,), (5,), (2, 6))",37.6946,222.72100000000003,260.41560000000004,3492.9114548929338,4042.0830333509207,131.6639001276072,900.2567752709505,1031.9206753985577
squeeze,LGLBBLBLLG,"((3,), (0, 4), (5,), (1,), (1,), (4,), (6,), (5,), (1,), (1, 3))",51.0223,198.283,249.3053,3253.2572184780465,4121.618726513092,165.98866577835244,817.2469259491954,983.235591727548
squeeze,LLLGLGLBGL,"((2,), (3,), (4,), (1, 3), (2,), (1, 1), (2,), (2,), (1, 3), (3,))",53.8338,191.6258,245.4596,3165.746068136857,3946.961253754237,170.42414068286593,756.3396078196587,926.7637485025244
squeeze,LLLGLGLBGL,"((3,), (4,), (2,), (2, 0), (4,), (0, 3), (5,), (5,), (3, 5), (1,))",47.8184,174.3429,222.1613,3235.7463641596987,4151.24960025948,154.72821393993414,723.7408939330784,878.4691078730125
squeeze,LLLGLGLBGL,"((1,), (4,), (4,), (0, 3), (2,), (3, 0), (3,), (4,), (0, 6), (3,))",74.0268,208.57270000000003,282.59950000000003,3115.1980928246207,3920.6294883903374,230.6081461779096,817.7362780931915,1048.3444242711012
squeeze,LLLGLGLBGL,"((2,), (0,), (3,), (2, 4), (0,), (4, 2), (3,), (1,), (4, 1), (0,))",59.3108,206.15977,265.47057,3158.489952067828,3915.942705218514,187.33256584910453,807.3098474410267,994.6424132901312
squeeze,LLLGLGLBGL,"((1,), (3,), (3,), (2, 3), (3,), (2, 5), (1,), (1,), (4, 2), (5,))",70.1457,197.14804,267.29374,3123.2809742787927,3970.3978958614553,219.0847302374679,782.75616318921,1001.840893426678
squeeze,LLLGLGLBGL,"((5,), (1,), (2,), (3, 2), (4,), (3, 6), (4,), (6,), (3, 7), (5,))",30.339,141.84983,172.18883,3447.15063938619,4651.880108220895,104.58310324833762,659.8684025315155,764.451505779853
squeeze,LLLGLGLBGL,"((2,), (4,), (1,), (0, 4), (3,), (1, 3), (0,), (6,), (0, 1), (5,))",52.4251,208.7051,261.1302,3184.057736037285,3978.00337931347,166.92454521752828,830.2295930799555,997.1541382974838
squeeze,LLLGLGLBGL,"((3,), (1,), (5,), (4, 2), (5,), (2, 7), (5,), (2,), (0, 6), (5,))",41.3202,168.28533000000002,209.60553,3253.866170119085,4315.441155441721,134.4504009225546,726.2254389390914,860.675839861646
squeeze,LLLGLGLBGL,"((0,), (1,), (2,), (1, 5), (5,), (4, 3), (5,), (3,), (1, 4), (1,))",113.337,220.98819,334.32519,3069.872951635116,3884.684541827765,347.9301907194692,858.469405619497,1206.399596338966
squeeze,LLLGLGLBGL,"((2,), (1,), (2,), (4, 5), (4,), (0, 2), (5,), (1,), (1, 3), (4,))",52.6146,188.28756,240.90216,3169.9755745246007,4072.4076308596095,166.78699686338206,766.7836961399366,933.5706930033186
squeeze,GGLBLBBLGG,"((4, 4), (2, 6), (0,), (7,), (0,), (7,), (0,), (1,), (1, 7), (2, 6))",15.9137,186.9177,202.8314,4507.162614607616,4613.915803951011,71.72563370008122,862.4225300681738,934.148163768255
squeeze,GGLBLBBLGG,"((1, 0), (4, 2), (0,), (4,), (5,), (3,), (4,), (4,), (0, 4), (1, 2))",50.3567,199.91776,250.27446,3417.038828375657,4261.982999964963,172.07079916886445,852.0460945110755,1024.11689367994
squeeze,GGLBLBBLGG,"((0, 4), (1, 3), (3,), (3,), (1,), (7,), (0,), (4,), (4, 2), (0, 4))",17.3036,234.9691,252.2727,4033.290355477855,4141.874884769411,69.79044299504662,973.2126139868724,1043.003056981919
squeeze,GGLBLBBLGG,"((3, 1), (1, 0), (0,), (7,), (0,), (5,), (1,), (1,), (2, 5), (2, 6))",30.4125,189.0504,219.4629,3786.25964075499,4418.801973781493,115.14962132446114,835.3762806641807,950.525901988642
squeeze,GGLBLBBLGG,"((3, 1), (2, 0), (2,), (6,), (4,), (4,), (5,), (4,), (0, 6), (1, 0))",36.4346,166.04822,202.48282,3582.608788327616,4580.728440362959,130.53091815920135,760.6218038256454,891.1527219848467
squeeze,GGLBLBBLGG,"((2, 2), (4, 0), (2,), (4,), (0,), (6,), (2,), (5,), (1, 3), (0, 3))",25.8994,193.72770000000003,219.6271,3695.432609036992,4318.269468853991,95.70948731449266,836.5684121813055,932.277899495798
squeeze,GGLBLBBLGG,"((3, 7), (0, 4), (0,), (0,), (1,), (3,), (0,), (0,), (4, 6), (0, 5))",12.3804,256.3585,268.7389,4952.741904761905,4048.244853949008,61.31692587771429,1037.8019783910868,1099.118904268801
squeeze,GGLBLBBLGG,"((2, 6), (3, 0), (0,), (3,), (3,), (6,), (6,), (4,), (1, 5), (0, 2))",14.7344,196.945,211.6794,4448.126666666667,4328.327928916887,65.54047755733335,852.4425439605362,917.9830215178696
squeeze,GGLBLBBLGG,"((2, 2), (4, 1), (0,), (5,), (0,), (6,), (3,), (5,), (2, 3), (4, 4))",24.5734,165.2207,189.7941,3828.035974385092,4620.193645997335,94.06785921295462,763.3516283272319,857.4194875401865
squeeze,GGLBLBBLGG,"((0, 6), (1, 2), (0,), (4,), (5,), (0,), (3,), (1,), (2, 1), (3, 3))",13.9204,233.45403,247.37443,4496.933722943723,4120.113596848126,62.599116196865815,961.8571232419902,1024.456239438856
squeeze,LGBLGGLGGL,"((0,), (3, 0), (6,), (0,), (1, 4), (3, 2), (0,), (2, 2), (3, 4), (0,))",121.245,246.56053,367.80553,3192.339793088998,3896.809404573333,387.05523821307554,960.7993921005854,1347.854630313661
squeeze,LGBLGGLGGL,"((5,), (0, 3), (5,), (4,), (0, 1), (3, 6), (0,), (4, 1), (1, 4), (1,))",36.1556,183.65032,219.80592,3561.81298976386,4342.64472370101,128.7794857327062,797.528093154002,926.3075788867084
squeeze,LGBLGGLGGL,"((2,), (2, 1), (6,), (1,), (2, 4), (2, 0), (5,), (1, 5), (3, 2), (0,))",61.6509,195.26469,256.91559,3276.446151693852,4119.588844666745,201.99585405346247,804.41023868131,1006.4060927347724
squeeze,LGBLGGLGGL,"((1,), (4, 2), (6,), (3,), (1, 6), (0, 1), (3,), (2, 7), (3, 3), (5,))",82.3118,185.4802,267.792,3248.064175877314,4231.42899414394,267.3540088319783,784.8462961196168,1052.2003049515952
squeeze,LGBLGGLGGL,"((0,), (2, 3), (0,), (3,), (4, 3), (1, 2), (1,), (4, 5), (1, 0), (5,))",121.047,214.7111,335.7581,3197.134704402264,4074.175670948037,387.00356456378086,874.770739902491,1261.7743044662718
squeeze,LGBLGGLGGL,"((3,), (2, 4), (2,), (3,), (3, 4), (3, 3), (1,), (3, 7), (1, 5), (0,))",50.3441,179.8504,230.1945,3345.669878910812,4211.34050409683,168.4347389508738,757.4112741980165,925.8460131488904
squeeze,LGBLGGLGGL,"((3,), (0, 5), (1,), (4,), (2, 4), (2, 3), (4,), (1, 7), (4, 7), (5,))",49.1019,174.71849999999998,223.8204,3370.8957708240014,4360.861196207746,165.51738704942304,761.923126909623,927.440513959046
squeeze,LGBLGGLGGL,"((3,), (4, 0), (3,), (1,), (2, 7), (1, 4), (5,), (1, 4), (4, 6), (0,))",50.3539,192.729,243.0829,3342.12492812799,4174.655349427924,168.289024418464,804.5771508398944,972.8661752583585
squeeze,LGBLGGLGGL,"((2,), (4, 4), (2,), (3,), (1, 5), (0, 3), (2,), (2, 3), (0, 1), (4,))",60.5643,186.6562,247.2205,3286.892088656601,4161.506512450778,199.068318525025,776.7709918893149,975.83931041434
squeeze,LGBLGGLGGL,"((2,), (2, 5), (6,), (3,), (2, 7), (1, 2), (3,), (1, 5), (1, 2), (3,))",60.5983,178.72136999999998,239.31967,3282.324994192799,4227.951452287626,198.90331469559348,755.625275846334,954.5285905419277
squeeze,GLBBBLBBBL,"((1, 0), (1,), (1,), (7,), (3,), (0,), (6,), (4,), (1,), (5,))",53.1212,175.9597,229.0809,3411.083656208656,4485.619790494016,181.2008571181913,789.2883126493899,970.4891697675812
squeeze,GLBBBLBBBL,"((3, 2), (0,), (3,), (2,), (3,), (3,), (3,), (7,), (3,), (2,))",27.93,159.9105,187.8405,3698.0755342176735,4510.653649049948,103.28724967069962,721.3008803464019,824.5881300171015
squeeze,GLBBBLBBBL,"((2, 7), (2,), (0,), (5,), (3,), (3,), (5,), (4,), (2,), (1,))",13.9433,159.51479999999998,173.45809999999997,4662.616571484072,4513.1930440473325,65.01226164117386,719.9210857826014,784.9333474237752
squeeze,GLBBBLBBBL,"((2, 6), (3,), (4,), (5,), (4,), (3,), (5,), (1,), (0,), (0,))",15.1627,179.38160000000002,194.5443,4368.988232323231,4341.944888471116,66.24565787024746,778.8650212057705,845.110679076018
squeeze,GLBBBLBBBL,"((2, 5), (1,), (6,), (3,), (1,), (5,), (5,), (5,), (5,), (2,))",16.9691,151.23360000000002,168.20270000000002,4166.746449661448,4598.032580605087,70.7059371789501,695.3770200821976,766.0829572611477
squeeze,GLBBBLBBBL,"((2, 3), (0,), (1,), (4,), (5,), (3,), (4,), (1,), (7,), (2,))",22.9063,172.824,195.7303,3752.240991165697,4328.424752799556,85.9499578159388,748.0556794778305,834.0056372937693
squeeze,GLBBBLBBBL,"((3, 2), (2,), (5,), (2,), (5,), (1,), (6,), (0,), (7,), (5,))",27.7329,166.9172,194.6501,3724.8790664774688,4492.511754946707,103.301698662713,749.8774831027904,853.1791817655034
squeeze,GLBBBLBBBL,"((3, 6), (0,), (5,), (4,), (2,), (0,), (3,), (2,), (3,), (0,))",15.9014,181.9617,197.8631,4388.881340326339,4321.479551789684,69.78935774506525,786.3437657588889,856.1331235039542
squeeze,GLBBBLBBBL,"((1, 0), (0,), (6,), (4,), (5,), (4,), (0,), (0,), (6,), (1,))",53.0587,219.8652,272.9239,3363.1584537907725,4093.159738698405,178.44481545214848,899.9433845808725,1078.388200033021
squeeze,GLBBBLBBBL,"((0, 5), (2,), (7,), (1,), (0,), (4,), (3,), (2,), (2,), (3,))",16.6023,200.8661,217.4684,4167.9933616383605,4205.341057702348,69.19827618792856,844.7104574305455,913.908733618474
squeeze,LLGBLBGBGL,"((0,), (2,), (2, 4), (4,), (5,), (7,), (3, 1), (1,), (1, 4), (1,))",115.435,215.31048,330.74548,3182.564203187784,4091.2246260383936,367.3792987949818,880.8835380201472,1248.262836815129
squeeze,LLGBLBGBGL,"((4,), (0,), (3, 5), (3,), (5,), (4,), (2, 6), (4,), (4, 0), (2,))",39.6884,162.47616,202.16456,3408.248184268172,4460.465342052607,135.2679172365089,724.7192805897942,859.987197826303
squeeze,LLGBLBGBGL,"((2,), (5,), (4, 2), (2,), (1,), (7,), (4, 4), (1,), (4, 4), (0,))",59.9566,185.9809,245.9375,3272.5854805196914,4288.63964466308,196.2130986213269,797.6050608901197,993.8181595114468
squeeze,LLGBLBGBGL,"((4,), (0,), (3, 1), (1,), (5,), (3,), (3, 6), (6,), (4, 4), (0,))",41.1977,179.65738,220.85508,3407.041300342504,4349.324181073334,140.36226537912037,781.3881871422808,921.7504525214011
squeeze,LLGBLBGBGL,"((0,), (3,), (1, 5), (5,), (0,), (2,), (2, 7), (2,), (0, 0), (0,))",115.779,242.2938,358.0728,3177.8531250522524,3951.863702318906,367.9286569654247,957.5120735169164,1325.4407304823412
squeeze,LLGBLBGBGL,"((2,), (4,), (4, 3), (0,), (0,), (5,), (4, 3), (6,), (0, 6), (1,))",57.5826,202.08835,259.67095,3260.2306702737387,4197.47498454216,187.73255859410452,848.2607937924006,1035.9933523865052
squeeze,LLGBLBGBGL,"((1,), (0,), (3, 0), (7,), (5,), (4,), (1, 1), (1,), (4, 5), (1,))",78.5792,203.59126,282.17046,3217.553708220604,4197.5396002894095,252.8327963490085,854.5823761228173,1107.4151724718258
squeeze,LLGBLBGBGL,"((0,), (4,), (0, 5), (4,), (2,), (5,), (0, 7), (3,), (0, 6), (3,))",111.898,224.8209,336.7189,3183.9313488936923,4079.405083012376,356.27555007850634,917.1355222274173,1273.4110723059234
squeeze,LLGBLBGBGL,"((1,), (1,), (1, 0), (6,), (4,), (1,), (2, 0), (5,), (3, 3), (2,))",74.9459,188.93261000000007,263.87851000000006,3227.6644357871323,4221.874699319905,241.90021603805883,797.6498060354751,1039.550022073534
squeeze,LLGBLBGBGL,"((0,), (2,), (2, 1), (4,), (2,), (4,), (1, 7), (6,), (4, 6), (5,))",111.518,194.45324,305.97124,3192.4882172084303,4270.77985741728,356.0199010066497,830.4669806015282,1186.486881608178
squeeze,GLGLGLGLLB,"((3, 0), (5,), (4, 7), (3,), (3, 3), (5,), (2, 7), (2,), (0,), (2,))",48.3018,178.73406999999995,227.03587,3496.570036788034,4365.275021928301,168.89062660292828,780.2233713385842,949.1139979415124
squeeze,GLGLGLGLLB,"((4, 2), (4,), (3, 1), (0,), (0, 4), (4,), (4, 3), (3,), (0,), (2,))",25.9275,194.67,220.5975,3831.009904602192,4309.442845381014,99.32850930157332,838.9192387103219,938.2477480118952
squeeze,GLGLGLGLLB,"((1, 3), (2,), (1, 0), (0,), (0, 4), (2,), (2, 5), (3,), (2,), (3,))",20.4404,226.6322,247.0726,3781.405141051758,4006.508803984631,77.29343364515437,908.0039045664056,985.29733821156
squeeze,GLGLGLGLLB,"((0, 2), (4,), (4, 0), (0,), (3, 3), (2,), (1, 4), (1,), (1,), (0,))",27.8843,270.66743,298.55173,3584.769186526633,3860.748851023776,99.95877942786458,1044.9789693820585,1144.9377488099228
squeeze,GLGLGLGLLB,"((3, 2), (2,), (2, 2), (3,), (0, 3), (1,), (2, 0), (0,), (4,), (1,))",27.4168,213.7437,241.1605,3685.727791537668,4059.056547660501,101.05086171502992,867.5977650061818,968.6486267212116
squeeze,GLGLGLGLLB,"((1, 5), (5,), (4, 4), (5,), (3, 7), (4,), (1, 7), (4,), (4,), (3,))",16.231,179.63571,195.86671,4164.216121933621,4438.412845463698,67.58939187510461,797.2974427679917,864.8868346430963
squeeze,GLGLGLGLLB,"((0, 2), (1,), (4, 1), (0,), (4, 5), (3,), (2, 1), (1,), (3,), (5,))",24.3333,232.46454,256.79784,3766.206466082937,4026.654331985622,91.64423180113592,936.0543470240448,1027.698578825181
squeeze,GLGLGLGLLB,"((1, 4), (5,), (3, 6), (1,), (1, 6), (2,), (0, 6), (4,), (3,), (7,))",16.0596,200.50800000000004,216.56760000000003,4450.354479964479,4288.133605573848,71.47091280643754,859.8050929864014,931.276005792839
squeeze,GLGLGLGLLB,"((0, 6), (1,), (1, 6), (5,), (2, 3), (1,), (4, 0), (5,), (0,), (7,))",12.6245,209.5952,222.2197,4938.116825396826,4333.58389292104,62.34125586222223,908.298382753564,970.6396386157862
squeeze,GLGLGLGLLB,"((2, 6), (3,), (4, 4), (2,), (4, 5), (5,), (4, 4), (2,), (4,), (5,))",13.4799,169.78217999999998,183.26208,4581.988373015874,4484.157214916825,61.76474506941668,761.329987411307,823.0947324807237
squeeze,LLBBBGGBBB,"((5,), (0,), (1,), (7,), (2,), (0, 4), (3, 6), (0,), (1,), (5,))",37.121,172.3497,209.4707,3616.293600751101,4536.490167839829,134.24043475348165,781.8627194801442,916.1031542336258
squeeze,LLBBBGGBBB,"((4,), (4,), (2,), (1,), (7,), (3, 1), (4, 6), (7,), (2,), (6,))",43.1405,134.8052,177.9457,3521.424495565666,4895.630829689588,151.91601345095063,659.9564931224709,811.8725065734216
squeeze,LLBBBGGBBB,"((3,), (2,), (6,), (5,), (3,), (3, 1), (4, 2), (1,), (1,), (4,))",50.9295,150.8468,201.7763,3389.1021221336537,4559.590004535839,172.6052765292059,687.7995614962169,860.4048380254228
squeeze,LLBBBGGBBB,"((4,), (4,), (4,), (7,), (6,), (0, 5), (3, 7), (6,), (2,), (6,))",43.112,128.299,171.411,3502.1659204244024,5118.151396814212,150.98537716133683,656.6537060598666,807.6390832212035
squeeze,LLBBBGGBBB,"((0,), (4,), (6,), (6,), (5,), (0, 0), (4, 0), (5,), (3,), (4,))",121.585,181.27,302.855,3205.1987273959926,4368.683534778452,389.7040872704417,791.9112643492899,1181.6153516197317
squeeze,LLBBBGGBBB,"((2,), (0,), (6,), (5,), (1,), (3, 0), (2, 4), (7,), (3,), (7,))",62.0707,142.18649999999997,204.2572,3375.836443313907,4805.026378988275,209.54053112200447,683.2098832360161,892.7504143580206
squeeze,LLBBBGGBBB,"((1,), (4,), (1,), (1,), (5,), (2, 7), (4, 3), (3,), (5,), (5,))",83.119,171.93569999999997,255.0547,3265.6991380643176,4316.330023485146,271.441646656768,742.1312240189349,1013.5728706757028
squeeze,LLBBBGGBBB,"((2,), (4,), (7,), (5,), (4,), (3, 2), (0, 7), (1,), (2,), (5,))",62.2038,164.1768,226.3806,3333.2514825415774,4486.313915708217,207.3409085697198,736.5486624764447,943.8895710461644
squeeze,LLBBBGGBBB,"((4,), (4,), (5,), (7,), (5,), (4, 0), (3, 5), (1,), (0,), (1,))",42.7021,161.61409999999998,204.3162,3431.558818555009,4598.662260037191,146.53476782581785,743.2086623598766,889.7434301856945
squeeze,LLBBBGGBBB,"((0,), (2,), (4,), (2,), (2,), (3, 7), (0, 7), (5,), (5,), (6,))",121.606,189.8303,311.4363,3224.5824986958787,4270.167675080692,392.128579336411,810.6072108108702,1202.7357901472813
squeeze,GLGGGGBLLG,"((4, 1), (4,), (4, 1), (3, 3), (2, 2), (2, 2), (6,), (4,), (3,), (0, 2))",35.0084,169.6239,204.6323,3733.7400679610255,4601.8790002955175,130.71226579520678,780.5886633582268,911.3009291534336
squeeze,GLGGGGBLLG,"((4, 6), (4,), (1, 0), (0, 1), (4, 1), (1, 1), (6,), (3,), (5,), (3, 7))",13.4162,179.9158,193.332,5141.600613275614,4572.418396040119,68.9807421478283,822.6503136582747,891.6310558061031
squeeze,GLGGGGBLLG,"((3, 6), (2,), (3, 2), (4, 3), (3, 6), (2, 3), (1,), (5,), (3,), (3, 5))",13.9371,151.2821,165.2192,4735.492377344877,4757.117103733145,65.99903081229328,719.6666653986681,785.6656962109614
squeeze,GLGGGGBLLG,"((4, 1), (0,), (1, 7), (0, 4), (3, 7), (2, 0), (2,), (5,), (4,), (4, 6))",35.6322,189.51320000000004,225.1454,3876.9931101000448,4539.47320568862,138.14579389770682,860.2900935243086,998.4358874220154
squeeze,GLGGGGBLLG,"((1, 4), (4,), (1, 3), (1, 0), (1, 3), (4, 5), (2,), (5,), (2,), (3, 2))",19.5936,191.7929,211.3865,3970.617036297037,4346.261856680326,77.79868196238962,833.5821656521041,911.3808476144936
squeeze,GLGGGGBLLG,"((0, 6), (2,), (2, 4), (2, 0), (3, 2), (3, 0), (1,), (0,), (3,), (2, 4))",14.3935,239.249,253.6425,4500.217330447331,4056.046478226722,64.77387814579366,970.405063869265,1035.1789420150585
squeeze,GLGGGGBLLG,"((4, 2), (1,), (2, 2), (3, 4), (0, 2), (4, 5), (5,), (5,), (1,), (2, 7))",22.8629,156.40230000000005,179.26520000000002,4250.736244237788,4786.258510166494,97.18415767838412,748.5818393846132,845.7659970629973
squeeze,GLGGGGBLLG,"((1, 2), (1,), (0, 6), (2, 6), (0, 2), (4, 2), (0,), (3,), (2,), (0, 4))",26.5197,245.9845,272.5042,3678.7632357615057,4039.8797878990304,97.5596973834244,993.747809686449,1091.3075070698735
squeeze,GLGGGGBLLG,"((2, 2), (4,), (2, 6), (0, 7), (4, 2), (4, 4), (4,), (3,), (0,), (0, 5))",26.602,219.1481,245.7501,3708.7837474200223,4208.809719990402,98.66106524886744,922.3526533974286,1021.013718646296
squeeze,GLGGGGBLLG,"((1, 1), (1,), (2, 6), (1, 7), (0, 1), (0, 2), (2,), (3,), (4,), (1, 0))",36.3084,227.56670000000005,263.87510000000003,3490.927226819075,4080.121227747941,126.7499821222377,928.4997233985476,1055.2497055207853
squeeze,BLGBBLBLLG,"((4,), (2,), (0, 6), (6,), (0,), (2,), (2,), (4,), (0,), (0, 7))",21.016,216.4093,237.4253,4132.921043956043,4329.570917108276,86.8574686597802,936.9594114717602,1023.8168801315404
squeeze,BLGBBLBLLG,"((2,), (5,), (2, 1), (3,), (0,), (0,), (7,), (2,), (4,), (0, 4))",30.626,223.0148,253.6408,3652.018766569557,4170.493767018027,111.84672674495926,930.081833352772,1041.9285600977312
squeeze,BLGBBLBLLG,"((4,), (5,), (2, 0), (0,), (1,), (3,), (5,), (5,), (0,), (0, 2))",21.5044,232.6837,254.1881,3963.927362221112,4186.17729365953,85.2418795681477,974.055221544686,1059.2971011128336
squeeze,BLGBBLBLLG,"((0,), (3,), (4, 2), (1,), (3,), (2,), (3,), (0,), (5,), (2, 1))",61.3688,261.8132,323.182,3367.884699042865,3979.60433700608,206.6830425186218,1041.9129462054402,1248.595988724062
squeeze,BLGBBLBLLG,"((2,), (2,), (2, 6), (1,), (5,), (5,), (0,), (4,), (2,), (3, 0))",32.5471,206.3476,238.8947,3604.673591817278,4256.807220290995,117.32167186023614,878.3819535697181,995.7036254299544
squeeze,BLGBBLBLLG,"((1,), (2,), (1, 5), (2,), (6,), (3,), (3,), (5,), (4,), (1, 6))",41.7478,216.5335,258.2813,3527.004480532019,4215.3670407941245,147.24467765235462,912.7681791277946,1060.0128567801491
squeeze,BLGBBLBLLG,"((0,), (2,), (2, 4), (1,), (5,), (5,), (4,), (5,), (1,), (4, 6))",55.0864,228.69890000000007,283.78530000000006,3530.324945772072,4209.160429227077,194.47289209277864,962.6303600877608,1157.1032521805394
squeeze,BLGBBLBLLG,"((1,), (3,), (1, 1), (2,), (0,), (4,), (6,), (1,), (5,), (2, 3))",41.3252,221.8863,263.2115,3491.626951736739,4141.462969654554,144.2921821059111,918.9338949236612,1063.2260770295725
squeeze,BLGBBLBLLG,"((6,), (4,), (2, 2), (0,), (3,), (5,), (4,), (5,), (4,), (2, 7))",15.8323,194.0014,209.8337,4731.848383838385,4560.607289133397,74.91604316744447,884.7641989420838,959.6802421095284
squeeze,BLGBBLBLLG,"((6,), (3,), (1, 2), (7,), (6,), (3,), (7,), (5,), (5,), (0, 6))",15.751,177.46939999999998,193.2204,4622.021717171719,4877.750697220763,72.80146406717174,865.6514895853504,938.4529536525222
squeeze,LGBGBBLBBB,"((0,), (0, 3), (6,), (4, 4), (5,), (1,), (4,), (6,), (1,), (2,))",121.758,196.92449000000005,318.68249000000003,3203.188929495609,4255.688317285747,390.0138776775264,838.0492514804541,1228.0631291579805
squeeze,LGBGBBLBBB,"((3,), (3, 6), (5,), (2, 0), (4,), (0,), (5,), (0,), (1,), (2,))",50.9141,205.22926,256.14336,3365.1738367507105,4133.733500447015,171.33479724170934,848.3630673339507,1019.69786457566
squeeze,LGBGBBLBBB,"((3,), (2, 0), (7,), (1, 0), (6,), (6,), (3,), (0,), (6,), (4,))",50.8404,192.84337000000005,243.68377000000004,3382.1201305684103,4287.035782997184,171.94834028615023,826.7264277037658,998.674767989916
squeeze,LGBGBBLBBB,"((2,), (4, 0), (4,), (4, 7), (2,), (6,), (5,), (6,), (0,), (4,))",62.1261,148.97199999999998,211.0981,3317.172102102101,4723.199558777511,206.0829657324053,703.6244846702033,909.7074504026086
squeeze,LGBGBBLBBB,"((5,), (3, 5), (7,), (0, 6), (1,), (6,), (2,), (1,), (1,), (7,))",36.9422,181.77993000000004,218.72213,3695.400898854768,4505.560642584973,136.5162390856726,819.0204982198516,955.5367373055242
squeeze,LGBGBBLBBB,"((5,), (3, 7), (6,), (0, 6), (4,), (0,), (1,), (4,), (2,), (1,))",36.4198,198.20086999999995,234.62067,3572.337012987014,4302.399428489993,130.10379954558445,852.7393098142192,982.8431093598036
squeeze,LGBGBBLBBB,"((1,), (0, 4), (3,), (0, 7), (4,), (0,), (5,), (2,), (3,), (1,))",82.6984,233.1082,315.8066,3233.297208565244,4019.3561442246246,267.388505872812,936.9448759391428,1204.3333818119547
squeeze,LGBGBBLBBB,"((0,), (1, 7), (3,), (4, 1), (4,), (2,), (5,), (6,), (3,), (4,))",121.692,182.87835,304.57035,3204.635760803909,4355.666276418389,389.9785350037493,796.557061782039,1186.535596785788
squeeze,LGBGBBLBBB,"((1,), (4, 1), (1,), (4, 6), (2,), (0,), (5,), (6,), (6,), (3,))",83.1168,175.5682,258.685,3231.9227829313545,4423.85650703074,268.6270795643488,776.6885239976743,1045.3156035620232
squeeze,LGBGBBLBBB,"((5,), (2, 5), (1,), (2, 7), (7,), (7,), (5,), (0,), (1,), (1,))",36.5267,195.8723,232.399,3567.210874458874,4335.266220739588,130.29844144809695,849.1585657685707,979.4570072166676
squeeze,BLGBBBGBGG,"((4,), (3,), (2, 4), (1,), (0,), (4,), (3, 5), (4,), (1, 1), (0, 3))",20.9906,216.4273,237.4179,3979.513119796868,4247.565364702177,83.53236809240815,919.2891034560076,1002.8214715484156
squeeze,BLGBBBGBGG,"((6,), (5,), (4, 3), (6,), (3,), (2,), (2, 3), (3,), (2, 6), (0, 3))",16.7779,177.98290000000003,194.7608,4457.801905871906,4695.215516116002,74.79255459652823,835.6680736833229,910.4606282798512
squeeze,BLGBBBGBGG,"((4,), (3,), (2, 3), (0,), (2,), (6,), (3, 5), (7,), (4, 4), (3, 1))",23.03,187.9464,210.9764,3937.8635939537753,4571.409812116182,90.68899856875544,859.180017111913,949.8690156806684
squeeze,BLGBBBGBGG,"((5,), (4,), (3, 0), (4,), (7,), (1,), (3, 5), (4,), (3, 6), (1, 6))",17.9804,171.90019999999998,189.8806,4350.613667443668,4701.021901617362,78.22577398610413,808.1066050924048,886.332379078509
squeeze,BLGBBBGBGG,"((3,), (2,), (0, 0), (2,), (0,), (1,), (1, 5), (1,), (1, 2), (3, 1))",26.1503,220.12019999999995,246.2705,3761.49706800982,4180.659517578002,98.3642767775772,920.2476091411733,1018.6118859187504
squeeze,BLGBBBGBGG,"((4,), (1,), (3, 7), (5,), (2,), (4,), (4, 4), (1,), (3, 5), (2, 6))",20.1014,173.73154,193.83294,4111.84844072594,4635.00748706849,82.65391024640843,805.2469886399389,887.9008988863472
squeeze,BLGBBBGBGG,"((3,), (2,), (1, 1), (6,), (4,), (1,), (1, 0), (3,), (2, 0), (3, 0))",26.7148,187.0732,213.788,3732.1826700329257,4447.855734900988,99.7045135933956,832.0746054662795,931.7791190596752
squeeze,BLGBBBGBGG,"((0,), (3,), (3, 1), (2,), (3,), (7,), (1, 4), (6,), (1, 6), (2, 4))",61.389,234.1053,295.4943,3398.8177045555844,4204.4848812608725,208.6500200649628,984.292194473041,1192.9422145380038
squeeze,BLGBBBGBGG,"((4,), (5,), (3, 6), (7,), (4,), (5,), (0, 7), (1,), (2, 5), (4, 7))",19.0955,169.2624,188.3579,4436.22656121656,4856.288277883588,84.71196429971083,821.9870090064431,906.698973306154
squeeze,BLGBBBGBGG,"((6,), (2,), (3, 5), (3,), (7,), (5,), (1, 0), (6,), (3, 7), (2, 2))",17.3557,163.9524,181.3081,4444.300878010879,4883.092042661706,77.13395274849341,800.5946598152891,877.7286125637825
squeeze,GGLBBLLGBG,"((4, 1), (2, 6), (0,), (4,), (3,), (0,), (3,), (3, 2), (0,), (4, 6))",35.2276,165.1676,200.3952,3902.541522067961,4650.266589945682,137.4771717228013,768.0733720215125,905.5505437443136
squeeze,GGLBBLLGBG,"((0, 7), (2, 3), (4,), (5,), (0,), (1,), (5,), (1, 4), (5,), (0, 6))",12.6378,229.7989,242.4367,4952.962976190478,4219.246969464168,62.59455550050003,969.5783124111994,1032.1728679116993
squeeze,GGLBBLLGBG,"((4, 7), (0, 6), (1,), (3,), (6,), (5,), (5,), (1, 4), (2,), (2, 5))",13.0362,167.69841,180.73461,5105.317362914863,4684.720542910865,66.55393820643073,785.6201863404889,852.1741245469196
squeeze,GGLBBLLGBG,"((3, 6), (1, 1), (4,), (0,), (4,), (0,), (2,), (0, 2), (2,), (4, 4))",14.6108,208.10766,222.71846,4758.679696969697,4255.467151839208,69.52811731648484,885.5953111761223,955.1234284926072
squeeze,GGLBBLLGBG,"((2, 6), (2, 2), (2,), (6,), (3,), (0,), (5,), (4, 2), (2,), (3, 2))",15.7014,159.46023,175.16163,4438.533566433566,4655.018938419442,69.69119094,742.2903905747199,811.9815815147199
squeeze,GGLBBLLGBG,"((3, 4), (2, 6), (5,), (2,), (7,), (4,), (3,), (0, 2), (6,), (3, 6))",18.1758,165.39705999999998,183.57286,4267.151212121212,4565.313155886249,77.55888700127271,755.0893739629071,832.6482609641798
squeeze,GGLBBLLGBG,"((2, 6), (2, 6), (2,), (6,), (5,), (1,), (0,), (1, 4), (4,), (0, 3))",14.8463,201.51962,216.36592,4435.242449494948,4280.469948684012,65.84693997793686,862.5986774802216,928.4456174581584
squeeze,GGLBBLLGBG,"((2, 2), (1, 1), (4,), (7,), (3,), (4,), (4,), (4, 2), (1,), (2, 3))",26.4787,155.88299999999995,182.3617,3706.5485696471583,4690.396576937656,98.1445876111162,731.1530896027725,829.2976772138887
squeeze,GGLBBLLGBG,"((1, 1), (0, 7), (0,), (2,), (1,), (0,), (3,), (3, 2), (7,), (3, 5))",33.0111,208.17223,241.18333,3656.943107177239,4197.003895978646,120.71971460533857,873.6996603445629,994.4193749499016
squeeze,GGLBBLLGBG,"((1, 7), (0, 5), (1,), (6,), (0,), (3,), (0,), (4, 4), (3,), (2, 5))",12.919,191.93474,204.85374,4944.9074206349205,4427.536437614755,63.88325896718254,849.7980549941143,913.6813139612968
squeeze,BLLGGLBLGL,"((6,), (1,), (4,), (0, 5), (2, 4), (4,), (2,), (5,), (1, 2), (4,))",17.2825,187.58600000000004,204.86850000000004,4444.675804195804,4470.197691539253,76.81510958601397,838.5465041650826,915.3616137510966
squeeze,BLLGGLBLGL,"((4,), (0,), (4,), (1, 2), (3, 1), (0,), (4,), (2,), (1, 6), (0,))",22.6543,217.5962,240.2505,3918.1787644734018,4112.845710017322,88.76359718400978,894.9395976860712,983.703194870081
squeeze,BLLGGLBLGL,"((3,), (1,), (0,), (4, 0), (1, 4), (0,), (6,), (5,), (4, 4), (5,))",26.4512,183.03121,209.48241,3757.927149127664,4432.975875089782,99.40168260700568,811.3729383184916,910.7746209254972
squeeze,BLLGGLBLGL,"((3,), (2,), (5,), (2, 1), (4, 2), (0,), (3,), (2,), (4, 1), (0,))",26.4869,198.80868,225.29558,3728.530004177106,4173.32611316091,98.7572013676386,829.6934557670511,928.4506571346895
squeeze,BLLGGLBLGL,"((5,), (4,), (3,), (3, 2), (0, 2), (2,), (2,), (1,), (2, 1), (4,))",19.4363,172.84050000000002,192.2768,4192.221236116826,4420.040322633209,81.48126961153746,763.9619793840852,845.4432489956226
squeeze,BLLGGLBLGL,"((6,), (5,), (0,), (1, 6), (3, 1), (3,), (4,), (2,), (2, 6), (5,))",17.5277,171.73072,189.25842,4473.527754467755,4591.73080736026,78.41065242198445,788.5412375941587,866.9518900161431
squeeze,BLLGGLBLGL,"((4,), (0,), (0,), (4, 6), (1, 6), (2,), (5,), (0,), (0, 0), (0,))",22.6529,220.3383,242.9912,3902.2789162716367,4138.912540248371,88.39793406240975,911.9609529670078,1000.3588870294176
squeeze,BLLGGLBLGL,"((5,), (2,), (5,), (2, 5), (3, 5), (0,), (5,), (3,), (3, 5), (0,))",19.4742,184.87456999999995,204.34877,4147.559742340994,4383.763586595026,80.77040793429698,810.446408053413,891.21681598771
squeeze,BLLGGLBLGL,"((7,), (1,), (2,), (3, 5), (2, 5), (3,), (2,), (4,), (4, 6), (5,))",15.8408,150.45819999999998,166.29899999999998,4890.622445609945,4929.658118448219,77.47137203641802,741.7074871171058,819.1788591535237
squeeze,BLLGGLBLGL,"((2,), (2,), (0,), (0, 4), (4, 0), (5,), (0,), (5,), (4, 3), (4,))",32.1355,217.07507000000004,249.21057000000005,3626.1335860534064,4166.341312679135,116.52761585461924,904.4088320937152,1020.9364479483344
squeeze,BBLGBLBLBG,"((5,), (0,), (1,), (3, 6), (4,), (1,), (5,), (5,), (5,), (0, 7))",18.5223,197.86094,216.38324,4424.04288211788,4488.860083853772,81.94344947545201,888.1700757197863,970.1135251952384
squeeze,BBLGBLBLBG,"((4,), (1,), (1,), (2, 5), (4,), (1,), (0,), (3,), (7,), (2, 5))",21.5107,199.75433,221.26503,4055.72580343676,4318.260160955428,87.24150103998711,862.5911652173436,949.8326662573309
squeeze,BBLGBLBLBG,"((1,), (5,), (0,), (4, 4), (1,), (3,), (5,), (1,), (5,), (4, 4))",40.4976,208.519,249.0166,3617.607492595888,4314.275787221948,146.50442119215123,899.6084728757334,1046.1128940678846
squeeze,BBLGBLBLBG,"((0,), (5,), (1,), (4, 3), (5,), (0,), (3,), (5,), (1,), (2, 6))",62.1903,239.00602,301.19632,3414.861667907687,4140.117799294428,212.37127158567944,989.51307754052,1201.8843491261996
squeeze,BBLGBLBLBG,"((4,), (7,), (3,), (0, 2), (6,), (3,), (2,), (1,), (4,), (1, 2))",22.2165,213.75342000000003,235.96992000000003,3957.272163326869,4240.307256487064,87.91673701655138,906.3801779249272,994.2969149414786
squeeze,BBLGBLBLBG,"((6,), (6,), (4,), (3, 5), (3,), (4,), (5,), (4,), (6,), (1, 0))",18.5021,164.74636000000004,183.24846,4362.986609819917,4798.515485233169,80.72441455354908,790.5379595957985,871.2623741493476
squeeze,BBLGBLBLBG,"((5,), (2,), (3,), (3, 4), (0,), (0,), (0,), (1,), (0,), (4, 4))",18.2241,209.2551,227.4792,4401.770612998113,4323.261859094208,80.21830782833892,904.6645926509444,984.8829004792832
squeeze,BBLGBLBLBG,"((7,), (1,), (2,), (0, 3), (6,), (1,), (0,), (4,), (2,), (3, 4))",15.6838,207.80691,223.49070999999995,4882.950858585859,4478.923912019229,76.5832246758889,930.7513382818278,1007.3345629577168
squeeze,BBLGBLBLBG,"((1,), (5,), (4,), (3, 4), (7,), (3,), (1,), (1,), (0,), (1, 2))",41.1184,228.19533,269.31373,3487.3152193523524,4110.295339851877,143.39282211541777,937.9502014749612,1081.343023590379
squeeze,BBLGBLBLBG,"((0,), (3,), (5,), (0, 3), (2,), (5,), (2,), (0,), (5,), (4, 3))",58.3643,271.39253,329.75683,3445.808669913249,4015.299850329978,201.11221095341784,1089.7223850896742,1290.834596043092
squeeze,GLBLBLLLLB,"((2, 7), (5,), (2,), (3,), (4,), (2,), (1,), (0,), (3,), (3,))",14.8261,193.92363,208.74973,4728.139613997114,4183.2228002967495,70.09987073108262,811.2257505323108,881.3256212633935
squeeze,GLBLBLLLLB,"((2, 3), (0,), (3,), (4,), (2,), (3,), (0,), (3,), (5,), (5,))",22.8926,180.49306,203.38566,3899.116757564332,4251.461249717787,89.26092028421724,767.3592504329876,856.6201707172048
squeeze,GLBLBLLLLB,"((4, 7), (1,), (4,), (0,), (0,), (1,), (4,), (4,), (4,), (7,))",13.3364,175.1693,188.5057,5384.509285714285,4534.035632199452,71.809969638,794.2238478674354,866.0338175054354
squeeze,GLBLBLLLLB,"((0, 5), (1,), (6,), (5,), (3,), (1,), (0,), (2,), (3,), (4,))",17.2875,212.62034,229.90784,4245.102525252525,4147.259752001108,73.38720990530304,881.7917785387913,955.1789884440944
squeeze,GLBLBLLLLB,"((1, 4), (0,), (3,), (3,), (1,), (5,), (5,), (3,), (3,), (0,))",21.6869,211.3982,233.0851,3885.654163703944,4096.256429272321,84.26779328283108,865.9412358865959,950.209029169427
squeeze,GLBLBLLLLB,"((1, 1), (5,), (1,), (1,), (5,), (3,), (4,), (2,), (5,), (1,))",39.642,202.17407000000003,241.81607,3476.235572622225,4089.800754249692,137.80493056989025,826.8516639757302,964.6565945456204
squeeze,GLBLBLLLLB,"((1, 0), (2,), (1,), (2,), (6,), (2,), (3,), (5,), (0,), (7,))",53.3158,178.45054000000002,231.76634,3538.21759188131,4326.537330085852,188.6429014852256,772.0729228839785,960.715824369204
squeeze,GLBLBLLLLB,"((2, 2), (3,), (5,), (4,), (4,), (2,), (4,), (5,), (3,), (5,))",28.13,158.14233000000002,186.27233,3744.351583493045,4481.3635073330615,105.32861004365937,708.6932666266225,814.0218766702819
squeeze,GLBLBLLLLB,"((1, 5), (5,), (6,), (1,), (6,), (4,), (1,), (5,), (5,), (3,))",17.6972,184.47007,202.16727,4222.190714840714,4308.153362565542,74.72095351867907,794.7253523632008,869.4463058818799
squeeze,GLBLBLLLLB,"((0, 4), (3,), (5,), (0,), (7,), (2,), (4,), (1,), (3,), (3,))",20.2458,226.5571,246.8029,3954.611421356422,4036.689271100946,80.06427191449785,914.540614861744,994.604886776242
squeeze,BBLGBBGGLL,"((2,), (1,), (4,), (0, 0), (6,), (1,), (3, 3), (1, 7), (0,), (2,))",31.9924,215.0735,247.0659,3599.1592010129434,4116.163285002463,115.14574082248647,885.2776442769773,1000.4233850994638
squeeze,BBLGBBGGLL,"((5,), (3,), (5,), (4, 7), (1,), (4,), (2, 2), (4, 2), (2,), (3,))",19.1688,136.46219999999997,155.63099999999997,4185.7248563936055,4975.981227466323,80.23532262723775,679.0333454587546,759.2686680859924
squeeze,BBLGBBGGLL,"((6,), (3,), (0,), (4, 7), (1,), (6,), (0, 7), (3, 6), (2,), (4,))",16.9849,155.97449999999998,172.9594,4490.2241608391605,4864.885330239901,76.26600834943706,758.7980569415033,835.0640652909403
squeeze,BBLGBBGGLL,"((5,), (1,), (1,), (2, 5), (2,), (4,), (3, 1), (1, 6), (2,), (1,))",19.4353,175.3914,194.8267,4146.058372411902,4417.823499473827,80.57988828533706,774.8482485256138,855.428136810951
squeeze,BBLGBBGGLL,"((1,), (3,), (5,), (4, 7), (2,), (7,), (1, 2), (4, 5), (5,), (0,))",42.2677,184.2053,226.473,3467.671397941138,4444.698769756158,146.57049434675665,818.737070292564,965.3075646393206
squeeze,BBLGBBGGLL,"((4,), (2,), (3,), (3, 5), (4,), (4,), (3, 1), (1, 1), (0,), (4,))",22.4057,161.9544,184.3601,3945.295356963298,4507.242859405774,88.39710417951257,729.9678129493464,818.3649171288589
squeeze,BBLGBBGGLL,"((7,), (7,), (1,), (3, 7), (7,), (5,), (4, 4), (3, 4), (3,), (5,))",15.6593,132.15759999999997,147.81689999999998,4899.1467096792085,5396.03306951998,76.71720807087962,713.1267799883935,789.8439880592732
squeeze,BBLGBBGGLL,"((4,), (1,), (3,), (0, 2), (2,), (4,), (2, 7), (4, 0), (3,), (0,))",22.5354,198.7957,221.3311,3917.376297313797,4270.639387594915,88.27964181048533,848.9847465045025,937.264388314988
squeeze,BBLGBBGGLL,"((3,), (2,), (3,), (1, 6), (1,), (7,), (0, 5), (3, 7), (5,), (4,))",26.3131,174.47150000000002,200.7846,3743.262509029928,4479.14862169932,98.4968407263554,781.483778750813,879.9806194771684
squeeze,BBLGBBGGLL,"((6,), (5,), (5,), (3, 4), (4,), (6,), (4, 5), (1, 2), (0,), (2,))",17.4471,152.3354,169.7825,4448.472450327451,4838.45646169318,77.61294368810806,737.0682004746152,814.6811441627233
squeeze,LBGBGGLLGG,"((1,), (4,), (1, 6), (1,), (1, 2), (3, 3), (2,), (2,), (1, 6), (2, 5))",83.2128,203.0245,286.2373,3249.7288774701537,4124.974301177978,270.4190391351484,837.4708450095085,1107.889884144657
squeeze,LBGBGGLLGG,"((2,), (1,), (1, 2), (3,), (2, 4), (2, 3), (4,), (3,), (4, 2), (4, 3))",62.5531,161.8143,224.3674,3341.701544831345,4461.34510169098,209.0337909039896,721.9094346885548,930.9432255925444
squeeze,LBGBGGLLGG,"((0,), (4,), (2, 0), (4,), (0, 7), (0, 6), (5,), (1,), (0, 6), (4, 3))",121.648,213.66039999999995,335.30839999999995,3212.9657799284414,4198.206278227624,390.850861196735,896.9904326886253,1287.8412938853603
squeeze,LBGBGGLLGG,"((5,), (3,), (4, 7), (6,), (2, 1), (4, 4), (5,), (2,), (4, 5), (4, 3))",37.5542,137.34846000000002,174.90266000000005,3625.540966466707,5083.058827452277,136.154290562884,698.150302039976,834.3045926028601
squeeze,LBGBGGLLGG,"((4,), (3,), (2, 5), (4,), (3, 7), (4, 5), (2,), (0,), (0, 0), (0, 3))",43.4181,205.9885,249.40660000000003,3424.12601446255,4208.310015140881,148.66904570853643,866.8634675538473,1015.5325132623836
squeeze,LBGBGGLLGG,"((3,), (4,), (0, 3), (0,), (3, 7), (1, 5), (5,), (3,), (1, 4), (4, 0))",51.0194,194.42980000000003,245.4492,3364.3207670152706,4307.200011314262,171.6456269406589,837.4480367598298,1009.0936637004888
squeeze,LBGBGGLLGG,"((5,), (2,), (0, 0), (1,), (4, 7), (0, 4), (0,), (2,), (3, 5), (0, 7))",37.4152,228.6521,266.0673,3613.022265365071,4156.529390597662,135.18195066308718,950.3991738718756,1085.581124534963
squeeze,LBGBGGLLGG,"((2,), (4,), (2, 1), (1,), (3, 7), (0, 2), (0,), (5,), (0, 1), (3, 5))",62.5573,202.9967,265.554,3324.075486369198,4178.329686459695,207.94518742344383,848.1871378633527,1056.1323252867965
squeeze,LBGBGGLLGG,"((2,), (1,), (2, 0), (3,), (0, 6), (0, 2), (2,), (4,), (4, 2), (2, 1))",61.6786,191.3146,252.9932,3280.445121166461,4196.605072180486,202.3332624503777,802.8718207421808,1005.2050831925584
squeeze,LBGBGGLLGG,"((1,), (6,), (0, 0), (3,), (2, 5), (3, 3), (3,), (5,), (2, 7), (1, 3))",83.1755,195.2353,278.4108,3227.7313412711105,4235.735311468089,268.46816817589524,826.9650542550658,1095.433222430961
squeeze,BGGLBBBGLG,"((7,), (1, 2), (4, 4), (4,), (4,), (3,), (7,), (4, 7), (1,), (4, 2))",15.799,142.8794,158.6784,4890.498454323457,5338.86460456491,77.2649850798563,762.8137713814716,840.0787564613279
squeeze,BGGLBBBGLG,"((3,), (4, 7), (1, 7), (1,), (4,), (3,), (0,), (2, 5), (1,), (2, 2))",25.0733,207.4454,232.5187,3765.70432161191,4232.099967626742,94.4186341670719,877.9296706243166,972.3483047913884
squeeze,BGGLBBBGLG,"((4,), (0, 1), (1, 1), (4,), (0,), (1,), (6,), (1, 1), (1,), (4, 1))",22.4783,193.4305,215.9088,3980.356521044315,4421.139523780124,89.47164798699043,855.1832286545513,944.6548766415416
squeeze,BGGLBBBGLG,"((1,), (0, 7), (3, 1), (3,), (2,), (6,), (6,), (0, 5), (3,), (3, 5))",39.2788,208.89517999999995,248.17398,3591.177942284261,4290.505014317548,141.057160159395,896.2658172567665,1037.3229774161614
squeeze,BGGLBBBGLG,"((6,), (2, 4), (4, 1), (1,), (0,), (2,), (7,), (0, 6), (0,), (3, 1))",17.6961,198.1389,215.835,4412.69214063714,4497.22755573641,78.08744138992891,891.075720943301,969.16316233323
squeeze,BGGLBBBGLG,"((0,), (2, 6), (0, 7), (5,), (2,), (0,), (4,), (1, 6), (5,), (3, 1))",60.0593,237.04442,297.10372,3386.699860673125,4160.087730713144,203.4028229421254,986.1255832760132,1189.5284062181388
squeeze,BGGLBBBGLG,"((1,), (1, 0), (1, 2), (2,), (7,), (1,), (2,), (3, 7), (4,), (0, 5))",41.8222,230.81216,272.63436,3508.3302345908846,4116.053543726484,146.72608873710692,950.0352091031644,1096.7612978402713
squeeze,BGGLBBBGLG,"((1,), (2, 1), (1, 7), (0,), (0,), (0,), (5,), (4, 3), (3,), (4, 3))",40.0755,231.35419000000005,271.42969000000005,3571.966586766696,4167.98167978513,143.14834694796872,964.2800254615285,1107.4283724094971
squeeze,BGGLBBBGLG,"((7,), (3, 6), (2, 4), (5,), (5,), (2,), (7,), (3, 5), (2,), (1, 6))",14.3782,153.94740000000002,168.3256,5027.453445165946,5119.650912618804,72.285731125285,788.1569469052921,860.4426780305771
squeeze,BGGLBBBGLG,"((0,), (3, 3), (2, 6), (4,), (5,), (4,), (5,), (0, 0), (5,), (2, 1))",61.6994,234.16729,295.86669,3374.0480513984767,4124.761533647415,208.1767403424552,965.8842302304588,1174.060970572914
squeeze,BBLLGGGGLL,"((2,), (7,), (3,), (3,), (2, 0), (1, 1), (2, 3), (1, 1), (0,), (0,))",32.0733,208.1882,240.2615,3584.0936609805144,4108.773787955525,114.95371121672636,855.3982191216425,970.3519303383688
squeeze,BBLLGGGGLL,"((2,), (5,), (1,), (4,), (3, 5), (4, 1), (2, 1), (2, 1), (5,), (5,))",32.1185,161.34859999999998,193.4671,3624.646541063396,4474.362152224636,116.41820992914468,721.9320691544318,838.3502790835765
squeeze,BBLLGGGGLL,"((3,), (7,), (4,), (2,), (3, 1), (3, 7), (4, 4), (1, 0), (1,), (0,))",26.4914,178.85590000000002,205.3473,3710.395754521107,4346.253524398164,98.29357809132046,777.3530857344057,875.6466638257261
squeeze,BBLLGGGGLL,"((5,), (7,), (5,), (1,), (2, 6), (4, 6), (1, 1), (0, 6), (4,), (3,))",19.4898,170.00529999999998,189.4951,4166.671002469751,4546.570539237701,81.20758450393495,772.9410884942671,854.1486729982021
squeeze,BBLLGGGGLL,"((4,), (4,), (4,), (1,), (4, 3), (0, 2), (3, 7), (2, 2), (4,), (4,))",22.6642,166.64610000000002,189.3103,3953.247710173812,4451.224712840618,89.59719675292132,741.779238618509,831.3764353714303
squeeze,BBLLGGGGLL,"((0,), (4,), (0,), (4,), (4, 4), (4, 5), (2, 0), (1, 1), (5,), (1,))",61.9073,241.8154,303.7227,3358.2709157759987,4007.481512536276,207.9014850642195,969.0707449465648,1176.9722300107842
squeeze,BBLLGGGGLL,"((3,), (3,), (1,), (4,), (2, 2), (4, 4), (4, 6), (4, 7), (5,), (5,))",26.3232,149.1295,175.4527,3749.988242358346,4715.19941981584,98.71169050124722,703.1753318774264,801.8870223786736
squeeze,BBLLGGGGLL,"((2,), (7,), (5,), (1,), (4, 2), (2, 0), (0, 2), (0, 7), (2,), (4,))",32.022,201.457,233.479,3611.9287878622777,4224.306828636077,115.66118364492586,851.0161807765381,966.677364421464
squeeze,BBLLGGGGLL,"((1,), (2,), (5,), (5,), (4, 6), (4, 4), (0, 1), (3, 2), (1,), (1,))",42.3455,205.1391,247.4846,3458.4819187192106,4215.874935851042,146.45114608912434,864.8407900530406,1011.2919361421648
squeeze,BBLLGGGGLL,"((1,), (4,), (4,), (0,), (2, 6), (2, 7), (3, 5), (4, 7), (5,), (2,))",42.2531,203.9555,246.2086,3463.06974220033,4197.217169956859,146.32543212416476,856.0455265071362,1002.3709586313008
squeeze,BLBLGGGBBG,"((3,), (5,), (5,), (4,), (4, 4), (0, 1), (3, 7), (6,), (5,), (0, 5))",25.16,189.1292,214.2892,3818.6797338321294,4491.626853011667,96.07798210321636,849.4977934086141,945.5757755118306
squeeze,BLBLGGGBBG,"((7,), (3,), (7,), (1,), (0, 7), (2, 6), (4, 2), (7,), (1,), (4, 1))",16.7834,163.35299999999998,180.13639999999998,4800.840795870795,5075.84216125832,80.5744314134179,829.1540445680301,909.728475981448
squeeze,BLBLGGGBBG,"((7,), (2,), (0,), (4,), (3, 2), (0, 4), (1, 7), (3,), (6,), (3, 6))",14.4554,172.5721,187.0275,5126.725883838386,4808.604509268217,74.1088733412374,829.8309782338857,903.9398515751232
squeeze,BLBLGGGBBG,"((7,), (1,), (3,), (0,), (1, 2), (0, 5), (4, 1), (1,), (5,), (4, 0))",17.4937,196.251,213.7447,4708.348112720612,4613.3711996652455,82.36642937950057,905.378711305504,987.7451406850048
squeeze,BLBLGGGBBG,"((7,), (1,), (2,), (4,), (1, 4), (1, 3), (3, 3), (3,), (5,), (1, 3))",15.2652,171.85550000000003,187.12070000000003,4875.229595959595,4739.225416065154,74.4213548282424,814.4619534905852,888.8833083188276
squeeze,BLBLGGGBBG,"((6,), (5,), (6,), (5,), (2, 5), (4, 6), (4, 5), (5,), (7,), (2, 5))",16.1479,144.3554,160.5033,4627.475454545455,5198.400083299686,74.72401089245454,750.4171233847595,825.1411342772141
squeeze,BLBLGGGBBG,"((2,), (2,), (6,), (1,), (3, 0), (2, 3), (4, 5), (2,), (0,), (4, 3))",30.0916,185.7212,215.8128,3741.7926226718746,4427.002377575471,112.596526884393,822.1881939661696,934.7847208505626
squeeze,BLBLGGGBBG,"((0,), (2,), (7,), (3,), (3, 4), (0, 1), (1, 1), (7,), (7,), (0, 5))",61.4946,247.03077,308.52537,3399.945334338252,4173.927249935835,209.07827835699703,1031.0884624756318,1240.1667408326289
squeeze,BLBLGGGBBG,"((4,), (5,), (1,), (2,), (0, 6), (2, 0), (3, 7), (7,), (7,), (3, 0))",24.2792,167.6492,191.9284,3917.492325265464,4713.150981811776,95.11357966358524,790.1559915799588,885.2695712435441
squeeze,BLBLGGGBBG,"((7,), (2,), (7,), (0,), (1, 6), (0, 2), (2, 1), (0,), (3,), (4, 1))",16.4735,208.134,224.6075,4836.339331224332,4518.204840255045,79.67143597292406,940.3920462216436,1020.0634821945677
squeeze,BBGBBGLBBG,"((2,), (0,), (1, 1), (3,), (5,), (3, 0), (5,), (1,), (2,), (4, 3))",30.5927,188.01012,218.60282,3742.2786714893286,4427.537583018718,114.4864087132716,832.4218722878591,946.9082810011308
squeeze,BBGBBGLBBG,"((1,), (7,), (1, 3), (2,), (7,), (0, 1), (1,), (1,), (2,), (0, 4))",41.6942,252.10550000000003,293.79970000000003,3511.4869045745454,4072.657488088704,146.40863729671202,1026.739352363347,1173.147989660059
squeeze,BBGBBGLBBG,"((5,), (0,), (2, 1), (2,), (6,), (3, 7), (0,), (7,), (7,), (3, 3))",18.8819,172.88076999999998,191.76267,4279.153170163171,4768.086012468895,80.79854224370398,824.3103812618521,905.108923505556
squeeze,BBGBBGLBBG,"((5,), (4,), (3, 0), (1,), (4,), (1, 3), (3,), (1,), (5,), (1, 2))",19.0693,196.9233,215.9926,4202.173063603063,4404.826288412151,80.13249880176589,867.4129286408727,947.5454274426386
squeeze,BBGBBGLBBG,"((2,), (2,), (0, 3), (3,), (7,), (0, 4), (1,), (5,), (1,), (3, 6))",29.0179,201.4504,230.4683,3821.641425315741,4343.726463907571,110.89600871566964,875.0454336447658,985.9414423604354
squeeze,BBGBBGLBBG,"((4,), (7,), (0, 6), (1,), (1,), (1, 1), (4,), (7,), (3,), (0, 2))",21.9948,211.8919,233.8867,3951.801703296703,4412.141776381265,86.91908810367033,934.8971040668014,1021.8161921704716
squeeze,BBGBBGLBBG,"((1,), (6,), (4, 0), (1,), (6,), (1, 3), (0,), (4,), (3,), (1, 2))",41.9718,231.22910000000005,273.20090000000005,3491.370322203976,4165.576595861439,146.53909688948085,963.2025272421046,1109.7416241315857
squeeze,BBGBBGLBBG,"((7,), (6,), (4, 1), (4,), (4,), (0, 1), (0,), (7,), (5,), (2, 5))",14.6276,171.6115,186.2391,4992.535277777776,4991.085706954248,73.02880902922219,856.527704798979,929.5565138282012
squeeze,BBGBBGLBBG,"((7,), (7,), (0, 0), (0,), (3,), (0, 6), (3,), (1,), (6,), (4, 2))",16.0943,210.7935,226.88780000000003,4866.24515928516,4616.042756170037,78.31880946708317,973.0318087227288,1051.350618189812
squeeze,BBGBBGLBBG,"((7,), (0,), (3, 3), (0,), (5,), (2, 2), (1,), (1,), (7,), (1, 1))",16.4687,220.52700000000004,236.99570000000003,4716.229072545103,4443.949259531226,77.67016172702353,980.0107983566428,1057.6809600836664
squeeze,LGGBGLGLGB,"((2,), (3, 6), (2, 6), (3,), (4, 2), (3,), (3, 4), (1,), (3, 1), (5,))",62.1375,167.34582,229.48332,3318.296451053127,4360.057965035654,206.1906457273137,729.6374754064228,935.8281211337364
squeeze,LGGBGLGLGB,"((4,), (1, 0), (1, 5), (7,), (3, 7), (5,), (4, 4), (2,), (1, 5), (1,))",42.6139,172.92516,215.53906,3441.5794823307965,4538.449540095676,146.65912390209633,784.8121128729712,931.4712367750676
squeeze,LGGBGLGLGB,"((1,), (3, 3), (4, 5), (2,), (2, 4), (1,), (3, 5), (1,), (1, 4), (4,))",83.2003,185.02257,268.22287,3250.5521228653843,4212.216824041653,270.4469117880368,779.3551821814244,1049.802093969461
squeeze,LGGBGLGLGB,"((2,), (4, 1), (3, 7), (6,), (3, 7), (3,), (0, 0), (3,), (2, 6), (3,))",62.2018,173.04025,235.24205,3300.737837823237,4437.445567074018,205.31183484071343,767.8566902878798,973.1685251285932
squeeze,LGGBGLGLGB,"((4,), (4, 2), (1, 3), (7,), (4, 4), (5,), (4, 0), (3,), (0, 4), (2,))",43.1984,160.26634,203.46474,3433.5698380699773,4676.127312918263,148.3247232928821,749.4258098154447,897.7505331083269
squeeze,LGGBGLGLGB,"((1,), (1, 4), (4, 6), (2,), (3, 1), (3,), (0, 6), (0,), (4, 6), (0,))",82.6401,224.4913,307.1314,3228.8665526849045,4074.9488555300977,266.8338548005358,914.7905660114636,1181.6244208119997
squeeze,LGGBGLGLGB,"((3,), (2, 6), (0, 5), (6,), (1, 0), (3,), (0, 3), (2,), (4, 5), (2,))",50.8231,186.67924,237.50234,3365.443800896535,4324.4877234509495,171.04228683734468,807.2920816031534,978.334368440498
squeeze,LGGBGLGLGB,"((2,), (1, 1), (4, 1), (7,), (2, 3), (4,), (3, 3), (4,), (1, 2), (7,))",62.2328,157.97217,220.20497,3352.040027358208,4646.27053243531,208.60683661457787,733.9814384158614,942.5882750304391
squeeze,LGGBGLGLGB,"((2,), (2, 6), (1, 6), (7,), (3, 7), (1,), (3, 2), (0,), (4, 5), (7,))",62.1282,172.51826,234.64646,3345.021360270812,4526.905590118921,207.82015607517704,780.9738755915895,988.7940316667664
squeeze,LGGBGLGLGB,"((1,), (2, 3), (3, 6), (4,), (3, 5), (0,), (2, 4), (4,), (0, 3), (0,))",82.6579,223.18077,305.83867,3224.544085497837,4029.126717003835,266.53404256467167,899.223603128488,1165.7576456931597
squeeze,GBGLLGLBLG,"((0, 2), (6,), (4, 2), (5,), (4,), (4, 2), (4,), (5,), (4,), (1, 2))",26.3657,194.03496,220.40066,3629.3892032163735,4412.357772180496,95.69138691524194,856.1516638307316,951.8430507459736
squeeze,GBGLLGLBLG,"((0, 7), (2,), (1, 0), (2,), (5,), (1, 4), (1,), (0,), (2,), (3, 6))",12.567,242.3541,254.9211,5059.778452380952,4102.557017575651,63.58623581107143,994.271513693231,1057.8577495043023
squeeze,GBGLLGLBLG,"((2, 7), (2,), (4, 6), (4,), (4,), (2, 7), (5,), (0,), (3,), (2, 6))",12.448,188.42754,200.87554000000003,5041.429365079365,4424.016957182459,62.755712736507945,833.6066321601761,896.362344896684
squeeze,GBGLLGLBLG,"((3, 0), (5,), (1, 3), (5,), (2,), (3, 1), (3,), (5,), (0,), (2, 4))",48.0528,168.39049999999995,216.4433,3535.2862505894013,4549.706432579708,169.88040314232236,766.1273410353131,936.0077441776356
squeeze,GBGLLGLBLG,"((3, 1), (7,), (0, 0), (2,), (2,), (4, 1), (1,), (1,), (2,), (4, 1))",35.2521,192.2634,227.5155,3622.587996111259,4371.815316883395,127.70383429771373,840.5400769960789,968.2439112937926
squeeze,GBGLLGLBLG,"((1, 0), (4,), (0, 4), (5,), (4,), (4, 3), (5,), (3,), (1,), (3, 3))",48.7027,183.83719,232.53989,3447.5553914363463,4429.111046245031,167.90525596250694,814.2353289396465,982.1405849021536
squeeze,GBGLLGLBLG,"((3, 3), (0,), (3, 5), (3,), (5,), (0, 7), (3,), (7,), (2,), (2, 4))",21.0597,173.30482000000003,194.36452000000003,3951.475178571429,4571.683890715866,83.21688181816072,792.294853777413,875.5117355955737
squeeze,GBGLLGLBLG,"((0, 4), (7,), (3, 3), (4,), (4,), (3, 4), (5,), (4,), (1,), (2, 3))",18.1776,192.67788,210.85548,3994.439414474415,4381.108882255894,72.60932190055013,844.1427714822353,916.7520933827856
squeeze,GBGLLGLBLG,"((3, 6), (6,), (4, 5), (0,), (1,), (1, 1), (3,), (6,), (3,), (0, 2))",15.3969,203.59234000000004,218.98924,4417.663080808081,4338.194794537819,68.01831668889395,883.2232295957739,951.2415462846678
squeeze,GBGLLGLBLG,"((4, 3), (1,), (1, 2), (2,), (4,), (1, 0), (4,), (0,), (5,), (2, 4))",20.9557,195.08067000000003,216.03637000000003,4066.32698967699,4361.3347396114295,85.21272849757409,850.8121030976732,936.0248315952472
squeeze,LLLBGGLLBB,"((1,), (4,), (5,), (0,), (3, 6), (2, 2), (5,), (5,), (1,), (0,))",82.7073,217.7902,300.4975,3222.540530867168,4009.128793936557,266.5276264485901,873.1489618572016,1139.6765883057917
squeeze,LLLBGGLLBB,"((3,), (4,), (4,), (3,), (1, 5), (1, 2), (5,), (2,), (6,), (7,))",50.8037,152.60670000000002,203.4104,3438.634729945959,4515.899893216289,174.6953672297555,689.1565802340903,863.8519474638458
squeeze,LLLBGGLLBB,"((3,), (4,), (2,), (2,), (3, 4), (0, 3), (2,), (1,), (4,), (2,))",50.8902,191.5777,242.4679,3358.690529965488,4087.2280043570713,170.9244328080497,783.0217404503176,953.9461732583673
squeeze,LLLBGGLLBB,"((5,), (4,), (3,), (5,), (2, 5), (4, 4), (1,), (0,), (2,), (0,))",36.4225,202.9116,239.3341,3553.586054112554,4180.268144462811,129.4304880559145,848.2248976219801,977.6553856778946
squeeze,LLLBGGLLBB,"((2,), (2,), (3,), (2,), (3, 2), (0, 3), (3,), (3,), (2,), (3,))",62.1732,176.92189999999997,239.0951,3292.808415471221,4144.255528764522,204.72443617677533,733.2095622345237,937.933998411299
squeeze,LLLBGGLLBB,"((4,), (4,), (3,), (2,), (3, 0), (0, 5), (3,), (2,), (4,), (6,))",43.1511,161.574,204.7251,3480.933173045346,4370.337381210791,150.20609544339703,706.1328920317524,856.3389874751495
squeeze,LLLBGGLLBB,"((5,), (5,), (1,), (3,), (2, 4), (4, 1), (2,), (2,), (7,), (7,))",37.0165,144.6094,181.6259,3672.019350815851,4701.345419177345,135.92530429947496,679.8587402599844,815.7840445594594
squeeze,LLLBGGLLBB,"((5,), (0,), (2,), (1,), (3, 6), (2, 2), (3,), (2,), (1,), (1,))",36.415,186.1412,222.5562,3564.515691475192,4180.202859384165,129.80183890506913,778.1079764891998,907.9098153942688
squeeze,LLLBGGLLBB,"((0,), (1,), (5,), (4,), (2, 3), (0, 3), (2,), (2,), (4,), (0,))",121.593,233.34189999999995,354.9349,3187.3675870972274,3896.484309036528,387.5615870179132,909.2130519907704,1296.7746390086836
squeeze,LLLBGGLLBB,"((2,), (1,), (4,), (3,), (3, 3), (2, 3), (2,), (4,), (6,), (1,))",61.6283,175.1539,236.7822,3274.969028261712,4185.103509541887,201.83077376442128,733.0372015999488,934.86797536437
squeeze,BBBLBGBGLG,"((7,), (4,), (5,), (2,), (3,), (2, 3), (3,), (3, 1), (5,), (1, 3))",15.2101,164.62549,179.83559,4825.63881895882,4802.917622591781,73.39844900024555,790.682667048807,864.0811160490526
squeeze,BBBLBGBGLG,"((6,), (7,), (5,), (0,), (2,), (4, 1), (0,), (3, 7), (2,), (0, 5))",16.2327,215.1366,231.3693,4551.834368686868,4402.420793603969,73.88856175658334,947.1218413052596,1021.010403061843
squeeze,BBBLBGBGLG,"((6,), (7,), (3,), (1,), (4,), (4, 2), (5,), (2, 7), (5,), (2, 4))",16.4364,163.6172,180.0536,4542.166666666666,4787.457141936683,74.65686819999998,783.3103326836826,857.9672008836826
squeeze,BBBLBGBGLG,"((5,), (2,), (3,), (1,), (4,), (0, 0), (0,), (4, 4), (4,), (0, 4))",18.464,226.61742,245.08142,4256.419731934732,4224.565885292741,78.59053393044289,957.3602215450568,1035.9507554754998
squeeze,BBBLBGBGLG,"((1,), (7,), (5,), (1,), (7,), (1, 1), (6,), (4, 1), (0,), (2, 1))",42.2986,211.97983,254.27843,3468.2034185367647,4291.227186097492,146.70014911931918,909.6536094003249,1056.353758519644
squeeze,BBBLBGBGLG,"((7,), (0,), (0,), (1,), (5,), (0, 6), (1,), (3, 7), (1,), (4, 3))",15.5078,197.89799,213.40579,4914.924671717173,4604.6830558497495,76.21966882405556,911.2575213397232,987.4771901637788
squeeze,BBBLBGBGLG,"((2,), (4,), (3,), (4,), (0,), (4, 4), (4,), (1, 1), (5,), (2, 1))",31.6861,186.71157,218.39767,3610.518320199378,4370.873536703259,114.40324454566952,816.092660309318,930.4959048549875
squeeze,BBBLBGBGLG,"((6,), (4,), (3,), (2,), (6,), (1, 7), (1,), (0, 1), (0,), (0, 0))",17.9991,228.58042000000003,246.57952000000003,4357.148072205572,4262.576529899041,78.4247438664353,974.3415334864654,1052.7662773529007
squeeze,BBBLBGBGLG,"((7,), (0,), (6,), (4,), (5,), (3, 0), (0,), (2, 7), (1,), (0, 7))",14.2464,207.96492,222.21132,5057.561388888888,4570.179530853401,72.05204257066666,950.4370205195652,1022.4890630902318
squeeze,BBBLBGBGLG,"((7,), (0,), (5,), (3,), (0,), (3, 4), (6,), (2, 3), (3,), (3, 0))",17.4556,168.24903999999998,185.70464,4663.258131476367,4841.499089912156,81.39996863979889,814.5775740385938,895.9775426783926
squeeze,GBBGLBGGGG,"((0, 1), (4,), (5,), (1, 7), (1,), (0,), (1, 3), (2, 4), (0, 5), (0, 4))",33.4,248.6674,282.0674,3534.992784272576,4051.321756799976,118.06875899470404,1007.4316478268825,1125.5004068215865
squeeze,GBBGLBGGGG,"((2, 1), (7,), (6,), (2, 5), (5,), (7,), (4, 0), (0, 7), (1, 2), (1, 1))",34.6861,179.37851999999998,214.06462,3511.534095351106,4554.772061213433,121.801422784758,817.0282712778148,938.8296940625728
squeeze,GBBGLBGGGG,"((0, 1), (4,), (5,), (3, 7), (4,), (6,), (1, 3), (3, 1), (3, 0), (2, 0))",35.7175,185.79282,221.51032,3478.22278709857,4382.695237422901,124.23342239819316,814.2733073613704,938.5067297595637
squeeze,GBBGLBGGGG,"((0, 5), (0,), (6,), (1, 1), (5,), (1,), (0, 5), (2, 1), (2, 1), (2, 6))",13.2702,230.62637,243.89657,4444.122572150071,4137.668957838062,58.97439535694589,954.2555720078752,1013.2299673648212
squeeze,GBBGLBGGGG,"((3, 3), (3,), (4,), (1, 0), (1,), (3,), (4, 3), (1, 6), (2, 0), (1, 6))",16.3926,178.04739999999998,194.44,4197.037104284603,4434.827114445709,68.80035043569579,789.6094371765608,858.4097876122567
squeeze,GBBGLBGGGG,"((0, 6), (7,), (4,), (2, 2), (2,), (5,), (2, 0), (2, 0), (4, 2), (4, 4))",13.462,185.4494,198.9114,4570.037611832612,4495.105106642633,61.52184633049063,833.6145449638122,895.1363912943028
squeeze,GBBGLBGGGG,"((2, 2), (7,), (5,), (0, 5), (0,), (7,), (2, 3), (3, 1), (2, 1), (0, 1))",26.6587,208.5435,235.2022,3645.455664812485,4260.07856690885,97.18310893153658,888.4116946181557,985.5948035496924
squeeze,GBBGLBGGGG,"((1, 4), (5,), (1,), (4, 3), (5,), (7,), (1, 6), (4, 6), (3, 6), (1, 3))",17.5717,165.58666,183.15836,3988.857037684537,4680.089151732092,70.09099920908137,774.9603311375504,845.0513303466317
squeeze,GBBGLBGGGG,"((0, 7), (5,), (3,), (0, 1), (3,), (7,), (1, 2), (1, 6), (2, 2), (2, 2))",12.9981,224.17183000000003,237.16993,4767.080284992785,4248.787223311155,61.96298625236472,952.4584071302804,1014.4213933826452
squeeze,GBBGLBGGGG,"((4, 2), (2,), (0,), (0, 6), (5,), (0,), (2, 4), (4, 5), (1, 0), (4, 1))",26.1733,133.70906,159.88236,3893.347226911374,4595.415787516148,101.90174497411948,614.4487252579438,716.3504702320632
squeeze,LGBLLGGLLL,"((1,), (4, 2), (0,), (1,), (4,), (1, 0), (4, 7), (0,), (3,), (4,))",79.1292,220.5371,299.6663,3229.6395139847536,3999.511026494548,255.5587910300024,882.0405632011308,1137.599354231133
squeeze,LGBLLGGLLL,"((5,), (2, 4), (7,), (2,), (5,), (1, 3), (1, 7), (2,), (2,), (1,))",34.7863,179.18428,213.97058,3540.6047459858987,4323.702629487628,123.16453887528928,774.7395425988473,897.9040814741365
squeeze,LGBLLGGLLL,"((5,), (3, 2), (0,), (1,), (4,), (4, 5), (2, 4), (5,), (4,), (4,))",34.5168,171.7894,206.3062,3569.133673554517,4419.403655113553,123.19507318334657,759.2067022697643,882.4017754531109
squeeze,LGBLLGGLLL,"((5,), (1, 1), (4,), (1,), (2,), (4, 5), (1, 2), (1,), (3,), (3,))",33.9479,184.4277,218.3756,3568.1092035222523,4249.943676425658,121.12981443025306,783.8073373727283,904.9371518029814
squeeze,LGBLLGGLLL,"((2,), (3, 0), (3,), (0,), (2,), (1, 7), (1, 3), (0,), (3,), (5,))",57.2036,224.99420000000003,282.19780000000003,3288.8293150828963,3986.495047597401,188.132876608276,896.9382640381392,1085.0711406464152
squeeze,LGBLLGGLLL,"((5,), (2, 2), (2,), (5,), (4,), (0, 6), (1, 4), (3,), (2,), (2,))",34.3508,173.6679,208.0187,3557.522429680922,4379.576782444299,122.20374147748342,760.5919026958583,882.7956441733417
squeeze,LGBLLGGLLL,"((4,), (2, 6), (0,), (0,), (3,), (3, 6), (0, 3), (5,), (2,), (0,))",41.4779,221.3283,262.8062,3403.5917502149427,4046.687222784704,141.17383825624034,895.6464036506599,1036.8202419069005
squeeze,LGBLLGGLLL,"((2,), (2, 5), (3,), (5,), (2,), (4, 3), (3, 1), (5,), (5,), (0,))",60.8184,170.37729999999996,231.1957,3273.0775918466206,4357.019594844182,199.0633422119645,742.3372346166456,941.40057682861
squeeze,LGBLLGGLLL,"((5,), (0, 4), (2,), (5,), (0,), (2, 7), (0, 2), (2,), (2,), (0,))",35.797,201.9732,237.7702,3534.407475770605,4190.953992164853,126.52118441016032,846.4603888503102,972.9815732604706
squeeze,LGBLLGGLLL,"((0,), (4, 4), (3,), (5,), (4,), (3, 6), (1, 5), (2,), (1,), (4,))",118.504,199.6684,318.1724,3185.97020312757,4142.601610871496,377.5502129514296,827.1466354801341,1204.6968484315637
squeeze,BGLGBGGLBB,"((3,), (1, 7), (4,), (4, 7), (4,), (4, 6), (4, 1), (3,), (7,), (4,))",21.0902,157.99718999999996,179.08738999999997,3827.929906702775,4780.521825085325,80.73180731834286,755.3090150971527,836.0408224154955
squeeze,BGLGBGGLBB,"((6,), (4, 4), (5,), (4, 0), (3,), (1, 2), (3, 7), (5,), (7,), (0,))",18.0042,174.87848,192.88268,4316.594336219336,4739.001925354224,77.71682774816017,828.7494534230202,906.4662811711804
squeeze,BGLGBGGLBB,"((6,), (3, 5), (5,), (3, 6), (1,), (2, 5), (1, 7), (3,), (4,), (2,))",16.2305,166.43279999999996,182.6633,4372.502554528805,4699.608423907421,70.96790271127978,782.1689888944987,853.1368916057785
squeeze,BGLGBGGLBB,"((1,), (4, 0), (0,), (2, 5), (4,), (1, 0), (3, 2), (4,), (7,), (3,))",37.7998,205.36422,243.16402,3504.4636575430463,4214.960741643594,132.46802536239562,865.6021250382581,998.0701504006538
squeeze,BGLGBGGLBB,"((1,), (3, 3), (5,), (0, 1), (6,), (1, 7), (4, 3), (2,), (3,), (0,))",41.5044,247.62423000000004,289.12863000000004,3462.091229407884,4023.908999224921,143.69201922183657,996.4173675231418,1140.1093867449783
squeeze,BGLGBGGLBB,"((7,), (3, 4), (1,), (0, 3), (5,), (1, 5), (3, 1), (1,), (1,), (6,))",11.1874,193.73894,204.92634,5049.191587301588,4563.491854461165,56.48732596377778,884.1260745819404,940.6134005457182
squeeze,BGLGBGGLBB,"((7,), (3, 6), (3,), (4, 0), (0,), (4, 0), (3, 7), (2,), (6,), (0,))",17.136,184.914,202.05,4602.95979048729,4687.585392797441,78.8763189697902,866.800165323746,945.6764842935362
squeeze,BGLGBGGLBB,"((5,), (4, 7), (4,), (2, 1), (4,), (4, 5), (0, 7), (0,), (4,), (6,))",13.8698,187.66218,201.53198,4471.311511266512,4527.288475170903,62.01619639896427,849.6008247394477,911.617021138412
squeeze,BGLGBGGLBB,"((5,), (3, 7), (4,), (3, 1), (5,), (3, 6), (0, 5), (4,), (0,), (1,))",19.6582,182.67007,202.32827,4103.442891625919,4464.879232289786,80.66630105216065,815.5998019039215,896.2661029560821
squeeze,BGLGBGGLBB,"((7,), (4, 1), (4,), (4, 4), (6,), (0, 7), (4, 1), (2,), (0,), (0,))",17.2387,190.35539000000003,207.59409,4648.969047896549,4660.371356862952,80.14218272597424,887.1268071804765,967.2689899064508
squeeze,GLBGGGLGGL,"((3, 4), (2,), (6,), (4, 3), (1, 3), (0, 5), (3,), (1, 7), (2, 1), (3,))",20.4451,158.5179,178.963,3984.7279209241033,4552.146268867051,81.46816081608537,721.5966670336403,803.0648278497257
squeeze,GLBGGGLGGL,"((3, 1), (0,), (7,), (3, 5), (1, 3), (4, 2), (0,), (3, 0), (2, 4), (2,))",36.9455,164.52029999999996,201.4658,3582.2305874813173,4445.050918519092,132.347300169791,731.3011106300364,863.6484107998274
squeeze,GLBGGGLGGL,"((4, 2), (0,), (6,), (1, 6), (3, 3), (4, 5), (5,), (2, 0), (0, 0), (2,))",28.4873,166.28249999999997,194.7698,3825.0423794726194,4530.955248270434,108.96512977675036,753.4185660705282,862.3836958472785
squeeze,GLBGGGLGGL,"((1, 7), (0,), (5,), (1, 4), (0, 0), (0, 5), (0,), (1, 0), (2, 5), (0,))",14.7588,239.5969,254.3557,4703.629505494506,4006.569776139937,69.41992714569231,959.9616979968227,1029.381625142515
squeeze,GLBGGGLGGL,"((3, 0), (4,), (0,), (3, 0), (2, 3), (3, 3), (1,), (0, 2), (4, 6), (3,))",53.2352,174.3663,227.6015,3480.33474425174,4308.483868581273,185.2763161771902,751.2543907742028,936.530706951393
squeeze,GLBGGGLGGL,"((3, 2), (4,), (5,), (0, 0), (2, 7), (1, 0), (1,), (2, 6), (0, 1), (0,))",28.5469,206.16030000000003,234.70720000000003,3670.766143913708,4122.780611553247,104.78899403369024,849.9536877120009,954.7426817456912
squeeze,GLBGGGLGGL,"((4, 7), (1,), (1,), (4, 4), (2, 2), (0, 2), (0,), (3, 6), (1, 6), (3,))",15.1037,164.42829999999998,179.53199999999998,4820.576863969364,4600.382154979251,72.80854678033408,756.4330170935747,829.2415638739087
squeeze,GLBGGGLGGL,"((2, 2), (5,), (0,), (2, 4), (3, 1), (3, 6), (4,), (1, 2), (4, 7), (1,))",27.7128,174.4807,202.1935,3628.402228426458,4287.342177081402,100.55318527593674,748.058464196687,848.6116494726238
squeeze,GLBGGGLGGL,"((2, 3), (1,), (1,), (0, 1), (3, 3), (0, 5), (1,), (1, 3), (4, 7), (4,))",22.8297,209.8885,232.7182,3755.319786863464,4077.5643293086328,85.73282413815683,855.833860732095,941.5666848702518
squeeze,GLBGGGLGGL,"((3, 4), (1,), (5,), (1, 6), (2, 0), (0, 7), (0,), (1, 0), (2, 7), (0,))",20.6936,208.0441,228.7377,3925.400367132867,4143.266969069867,81.2306650373007,861.9822476398682,943.2129126771688
squeeze,GGGLLBGLLB,"((0, 0), (1, 0), (3, 4), (1,), (2,), (1,), (1, 0), (5,), (2,), (5,))",45.9275,221.0842,267.0117,3469.6168316743187,4075.9327303927817,159.35082703672228,901.124326952704,1060.4751539894262
squeeze,GGGLLBGLLB,"((4, 7), (3, 5), (1, 4), (3,), (5,), (1,), (2, 3), (0,), (4,), (0,))",17.3261,217.2023,234.5284,4498.815275002774,4207.004938415845,77.94692333622557,913.7711487352798,991.7180720715054
squeeze,GGGLLBGLLB,"((0, 1), (2, 1), (3, 5), (2,), (3,), (6,), (4, 5), (3,), (2,), (2,))",35.1878,205.43472,240.62252,3494.536776149861,4151.109361296552,122.96506117180608,852.7819893273361,975.747050499142
squeeze,GGGLLBGLLB,"((2, 7), (4, 0), (3, 5), (0,), (4,), (3,), (1, 6), (1,), (4,), (6,))",12.0272,194.6548,206.682,4943.5438492063495,4285.4758727618655,59.45699058317461,834.1884489172863,893.645439500461
squeeze,GGGLLBGLLB,"((2, 4), (2, 1), (2, 2), (4,), (1,), (5,), (3, 2), (2,), (2,), (2,))",19.3552,175.3281,194.6833,3925.879167499167,4275.046997956215,75.98617646277988,749.5358675623671,825.522044025147
squeeze,GGGLLBGLLB,"((3, 6), (0, 2), (4, 5), (4,), (3,), (2,), (1, 6), (2,), (3,), (7,))",12.582,161.3909,173.97289999999998,5066.457817460318,4594.83844760797,63.746172259285736,741.565112414053,805.3112846733387
squeeze,GGGLLBGLLB,"((3, 3), (3, 1), (2, 4), (2,), (1,), (4,), (2, 0), (1,), (2,), (2,))",22.5845,187.3876,209.9721,3803.353996714072,4196.61164989514,85.89684833878894,786.3929852058903,872.2898335446793
squeeze,GGGLLBGLLB,"((0, 6), (0, 6), (3, 6), (0,), (1,), (3,), (2, 7), (4,), (5,), (2,))",16.1442,239.5634,255.7076,4244.701462426463,4049.1768637059618,68.5273093497053,970.0345766707368,1038.561886020442
squeeze,GGGLLBGLLB,"((4, 3), (0, 3), (1, 5), (1,), (3,), (0,), (0, 3), (5,), (4,), (2,))",22.5219,208.27080000000004,230.7927,3932.195695750329,4232.369562864249,88.56051824011934,881.4789947533876,970.039512993507
squeeze,GGGLLBGLLB,"((0, 6), (0, 1), (1, 5), (2,), (4,), (0,), (3, 2), (3,), (5,), (7,))",12.7357,222.3464,235.0821,4906.60623015873,4170.905098275875,62.48906496543253,927.385733343287,989.8747983087196
squeeze,LBBGGLBLLL,"((1,), (3,), (1,), (2, 0), (3, 7), (0,), (3,), (0,), (2,), (0,))",79.9624,224.5461,304.5085,3205.394874385109,3902.2726770625263,256.3110671035318,876.2401107709497,1132.5511778744817
squeeze,LBBGGLBLLL,"((4,), (3,), (0,), (0, 1), (0, 1), (2,), (7,), (3,), (4,), (2,))",39.4087,190.3097,229.7184,3410.1075523713616,4182.197725421642,134.3879054991373,795.912794465675,930.3006999648125
squeeze,LBBGGLBLLL,"((0,), (4,), (0,), (2, 5), (3, 7), (4,), (4,), (5,), (0,), (0,))",118.853,216.0944,334.9474,3176.6452027156924,4023.621873709991,377.5538122783682,869.4821546262363,1247.0359669046045
squeeze,LBBGGLBLLL,"((4,), (6,), (1,), (1, 4), (3, 5), (0,), (3,), (1,), (0,), (0,))",41.8106,201.5317,243.3423,3392.9682890935483,4083.461840117033,141.8620399479747,822.9470065239138,964.8090464718886
squeeze,LBBGGLBLLL,"((5,), (3,), (6,), (4, 1), (2, 4), (1,), (0,), (1,), (0,), (0,))",35.4481,187.6767,223.1248,3523.614277903257,4249.37643001222,124.90543128454244,797.5089454424744,922.4143767270168
squeeze,LBBGGLBLLL,"((0,), (1,), (1,), (4, 2), (4, 1), (0,), (4,), (5,), (4,), (1,))",116.034,199.6844,315.7184,3175.406388462557,4108.824729542578,368.4551048788644,820.468200823872,1188.9233057027363
squeeze,LBBGGLBLLL,"((2,), (6,), (2,), (1, 1), (2, 4), (3,), (0,), (4,), (3,), (3,))",58.7054,182.9259,241.6313,3268.2976455930584,4157.907578292688,191.8667206035987,760.5889858760105,952.4557064796091
squeeze,LBBGGLBLLL,"((3,), (5,), (2,), (0, 5), (0, 4), (1,), (0,), (1,), (5,), (4,))",45.3692,205.9558,251.325,3343.1188681844574,4076.695100294962,151.6746285544343,839.6190007373291,991.2936292917634
squeeze,LBBGGLBLLL,"((4,), (7,), (4,), (3, 6), (1, 6), (4,), (6,), (5,), (5,), (2,))",39.351,133.14249999999998,172.49349999999998,3406.051955907772,4830.935905601334,134.03155051692673,643.2028838115256,777.2344343284523
squeeze,LBBGGLBLLL,"((4,), (6,), (3,), (2, 2), (1, 6), (0,), (6,), (0,), (1,), (5,))",36.8789,179.65609999999998,216.535,3430.0898473905686,4282.963496447629,126.49794047293206,769.4605182141448,895.9584586870769
squeeze,GGLBGGBGBG,"((1, 4), (1, 3), (0,), (6,), (0, 7), (2, 7), (7,), (0, 6), (1,), (0, 4))",18.3685,223.6107,241.9792,3979.703762903764,4261.208091946879,73.1011885688978,952.851724285906,1025.9529128548038
squeeze,GGLBGGBGBG,"((4, 3), (4, 2), (4,), (4,), (4, 1), (4, 2), (6,), (3, 4), (4,), (4, 0))",24.2399,124.67271,148.91261,3955.252041855204,5362.584478533569,95.87491396936596,668.567939542717,764.4428535120829
squeeze,GGLBGGBGBG,"((3, 7), (1, 2), (3,), (0,), (1, 1), (3, 6), (5,), (3, 3), (5,), (1, 7))",12.3597,182.83008,195.18978,5173.610515873017,4481.420335882024,63.94427389303573,819.3384385229374,883.2827124159732
squeeze,GGLBGGBGBG,"((2, 3), (0, 2), (2,), (1,), (0, 2), (2, 1), (0,), (4, 5), (1,), (0, 7))",21.7061,231.4741,253.1802,3943.4927014652,4112.384957466292,85.59784692727376,951.9106068830482,1037.508453810322
squeeze,GGLBGGBGBG,"((3, 2), (0, 5), (0,), (1,), (3, 2), (2, 3), (2,), (3, 4), (7,), (2, 4))",24.375,182.22746,206.60246,3845.119975282715,4366.716849814104,93.72479939751618,795.7357200808257,889.4605194783419
squeeze,GGLBGGBGBG,"((3, 7), (4, 7), (3,), (3,), (0, 0), (2, 1), (6,), (2, 2), (2,), (2, 7))",12.3649,161.39929999999998,173.7642,5189.627976190474,4657.461142385043,64.1692309627976,751.7109681581461,815.8801991209436
squeeze,GGLBGGBGBG,"((3, 0), (3, 6), (1,), (6,), (1, 3), (0, 3), (6,), (0, 6), (0,), (4, 1))",50.7184,179.49332,230.21172,3501.91782618266,4564.039219074967,177.61166907546266,819.2145520419732,996.8262211174358
squeeze,GGLBGGBGBG,"((1, 0), (1, 4), (1,), (2,), (0, 4), (2, 1), (3,), (1, 4), (7,), (1, 0))",51.8603,209.89845000000005,261.75875,3366.4531646966752,4153.634716564793,174.58527105711897,871.8414888731396,1046.4267599302586
squeeze,GGLBGGBGBG,"((1, 0), (2, 1), (0,), (1,), (4, 0), (2, 7), (1,), (3, 1), (5,), (0, 1))",53.255,226.66403000000005,279.91903,3369.82310455532,4072.081450943503,179.45992943309355,922.994392159102,1102.4543215921956
squeeze,GGLBGGBGBG,"((0, 2), (3, 6), (2,), (7,), (4, 3), (3, 3), (5,), (0, 7), (6,), (4, 4))",25.0755,189.80086,214.87636,3849.8821678158415,4582.573790198708,96.53772029906617,869.7764463931742,966.3141666922404
squeeze,LBBBGGLLLL,"((1,), (1,), (4,), (4,), (3, 2), (3, 0), (2,), (4,), (2,), (4,))",74.6529,165.8956,240.5485,3222.1889069066983,4262.34421633931,240.54574624841507,707.1041511761397,947.6498974245548
squeeze,LBBBGGLLLL,"((2,), (7,), (4,), (2,), (3, 3), (1, 0), (1,), (0,), (5,), (2,))",56.6307,189.95390000000003,246.5846,3262.38932332446,4142.47460693493,184.7513910523905,786.8792072382572,971.6305982906476
squeeze,LBBBGGLLLL,"((0,), (7,), (2,), (0,), (2, 3), (1, 6), (0,), (2,), (4,), (4,))",113.285,233.3389,346.6239,3196.1128144576865,3938.134309036345,362.071640185839,918.9199277228008,1280.9915679086398
squeeze,LBBBGGLLLL,"((0,), (3,), (6,), (6,), (3, 6), (4, 5), (2,), (0,), (3,), (5,))",110.547,196.2267,306.7737,3184.254891862555,4194.108784331007,352.0098255307298,822.9961261902852,1175.005951721015
squeeze,LBBBGGLLLL,"((0,), (6,), (1,), (5,), (0, 3), (2, 5), (4,), (5,), (3,), (4,))",112.428,186.7559,299.1839,3180.472981244313,4228.675383255105,357.5742163353356,789.730077007652,1147.3042933429876
squeeze,LBBBGGLLLL,"((0,), (7,), (1,), (0,), (0, 5), (3, 4), (2,), (1,), (2,), (5,))",112.313,231.4018000000001,343.7148000000001,3175.4093901320066,3965.398034679436,356.63975483389606,917.6002429412844,1274.2399977751804
squeeze,LBBBGGLLLL,"((0,), (5,), (4,), (3,), (3, 7), (4, 4), (4,), (0,), (5,), (5,))",113.652,194.30760000000004,307.9596,3183.514217080692,4165.427127339534,361.8127577996548,809.3741480882395,1171.1869058878942
squeeze,LBBBGGLLLL,"((4,), (3,), (5,), (3,), (4, 4), (4, 4), (2,), (2,), (2,), (4,))",36.9225,149.0908,186.0133,3396.303984923881,4489.268270916704,125.400033883352,669.3085979255882,794.7086318089401
squeeze,LBBBGGLLLL,"((0,), (3,), (0,), (0,), (2, 1), (0, 4), (1,), (5,), (3,), (5,))",114.089,246.016,360.105,3186.7294030647886,3900.8771817883903,363.5707708662586,959.6782007548526,1323.2489716211112
squeeze,LBBBGGLLLL,"((4,), (5,), (1,), (0,), (3, 7), (2, 2), (5,), (0,), (5,), (3,))",39.2345,189.9769,229.2114,3407.5048638028634,4188.486029496542,133.6917495788734,795.7155915770616,929.407341155935
squeeze,BLLGLBLBGL,"((6,), (4,), (3,), (0, 6), (5,), (3,), (5,), (3,), (2, 4), (5,))",17.2397,181.6471,198.8868,4457.904528943279,4535.236376437347,76.85293670762343,823.8125355943523,900.6654723019758
squeeze,BLLGLBLBGL,"((6,), (5,), (5,), (2, 3), (2,), (3,), (3,), (4,), (0, 2), (0,))",17.7437,181.92830000000004,199.67200000000005,4376.930519284637,4435.893204521573,77.66294205503081,807.0145096801623,884.6774517351931
squeeze,BLLGLBLBGL,"((2,), (4,), (5,), (4, 7), (5,), (1,), (1,), (6,), (3, 2), (5,))",31.9876,165.68231999999995,197.66992,3613.323413635056,4552.24522151821,115.58154402599271,754.2265495100507,869.8080935360434
squeeze,BLLGLBLBGL,"((0,), (4,), (0,), (0, 6), (0,), (4,), (4,), (3,), (2, 2), (0,))",61.8889,269.85618000000005,331.74508000000003,3346.728759768111,3893.1194335888617,207.12536154041263,1050.5823386320542,1257.707700172467
squeeze,BLLGLBLBGL,"((2,), (2,), (4,), (1, 3), (1,), (1,), (0,), (1,), (4, 6), (1,))",32.1393,223.61513,255.75443,3566.651836854984,4005.6033671782734,114.62969338023338,895.7135176800073,1010.3432110602406
squeeze,BLLGLBLBGL,"((3,), (2,), (5,), (4, 0), (5,), (0,), (0,), (5,), (3, 0), (5,))",26.2216,177.90263999999996,204.12424,3738.803898225956,4414.441391265523,98.03742029772172,785.3407776314092,883.3781979291309
squeeze,BLLGLBLBGL,"((1,), (2,), (2,), (1, 0), (2,), (5,), (1,), (1,), (4, 5), (5,))",42.1324,216.05811,258.19051,3462.770140394088,4077.157556242284,145.89481666313984,880.9029557739266,1026.7977724370664
squeeze,BLLGLBLBGL,"((3,), (2,), (3,), (4, 2), (0,), (2,), (4,), (0,), (3, 7), (4,))",26.2537,193.7751,220.0288,3729.513841282127,4251.739538558682,97.91353753486858,823.8812542581626,921.7947917930312
squeeze,BLLGLBLBGL,"((4,), (1,), (1,), (4, 5), (1,), (6,), (0,), (4,), (3, 4), (4,))",22.5038,173.76459,196.26839,3939.231958346091,4445.572811304919,88.64768814422875,772.4831368715467,861.1308250157754
squeeze,BLLGLBLBGL,"((4,), (1,), (3,), (3, 0), (3,), (6,), (5,), (0,), (1, 6), (2,))",22.3088,191.78583,214.09463,3921.136539808229,4280.354320196906,87.47585083927383,820.9113059930494,908.3871568323232
squeeze,LGLGLBGLBL,"((3,), (0, 7), (1,), (1, 7), (0,), (5,), (0, 6), (1,), (0,), (2,))",49.5115,217.2125,266.724,3337.402145417307,4056.3701196909183,165.239786322829,881.0942946233637,1046.334080946193
squeeze,LGLGLBGLBL,"((2,), (0, 4), (0,), (2, 0), (0,), (0,), (4, 5), (3,), (5,), (1,))",61.1583,217.6336000000001,278.79190000000006,3267.041662055401,3987.129505504691,199.80671408048283,867.7333479492062,1067.5400620296891
squeeze,LGLGLBGLBL,"((0,), (1, 5), (2,), (1, 3), (5,), (1,), (1, 5), (2,), (6,), (3,))",121.155,228.13029,349.28529,3187.132379487999,3940.960383189029,386.1370234368685,899.0524350954242,1285.1894585322927
squeeze,LGLGLBGLBL,"((3,), (3, 3), (3,), (2, 1), (5,), (3,), (3, 7), (2,), (6,), (2,))",49.4241,164.85348,214.27758,3336.277974105004,4309.940119008293,164.89253621996315,710.5086272101312,875.4011634300944
squeeze,LGLGLBGLBL,"((4,), (1, 0), (2,), (0, 7), (4,), (5,), (4, 6), (4,), (2,), (5,))",41.3456,179.47682,220.82242,3431.9325264550266,4380.418617088499,141.89530946579893,786.1836036638414,928.0789131296405
squeeze,LGLGLBGLBL,"((4,), (3, 2), (0,), (2, 7), (1,), (2,), (1, 6), (4,), (1,), (1,))",42.2549,187.16800000000003,229.42290000000003,3396.880052545157,4185.846971293647,143.53482693229037,783.4566059230895,926.9914328553798
squeeze,LGLGLBGLBL,"((3,), (3, 4), (1,), (4, 4), (5,), (7,), (4, 2), (5,), (4,), (4,))",49.1623,147.08239000000003,196.24469,3347.960766559759,4698.170499488626,164.59345159384085,691.0181456922811,855.611597286122
squeeze,LGLGLBGLBL,"((4,), (1, 6), (2,), (3, 7), (1,), (7,), (4, 2), (0,), (1,), (5,))",41.3393,173.01184999999998,214.35115,3430.616534391533,4422.489980577825,141.81928610017192,765.1431731462335,906.9624592464054
squeeze,LGLGLBGLBL,"((4,), (2, 5), (1,), (3, 1), (4,), (1,), (2, 1), (5,), (0,), (2,))",41.8905,170.503,212.3935,3415.1092684729056,4297.06218005886,143.06063481096425,732.6619928865756,875.7226276975398
squeeze,LGLGLBGLBL,"((3,), (0, 2), (3,), (4, 1), (2,), (1,), (0, 2), (0,), (0,), (1,))",49.9945,213.01167,263.00617,3328.3943493761144,4017.919121944533,166.40141129988413,855.8636620903386,1022.2650733902228
squeeze,LBLGGBBGLB,"((1,), (5,), (4,), (2, 2), (0, 2), (1,), (5,), (2, 1), (2,), (0,))",82.6577,223.0115,305.6692,3209.552754701411,3953.034148974903,265.2942487322828,881.5720751141166,1146.8663238463994
squeeze,LBLGGBBGLB,"((0,), (3,), (5,), (4, 1), (0, 3), (6,), (5,), (4, 2), (5,), (5,))",121.694,172.89685000000003,294.59085000000005,3196.952300215732,4408.084999754811,389.0499132224533,762.1440109898577,1151.193924212311
squeeze,LBLGGBBGLB,"((2,), (2,), (5,), (3, 4), (4, 5), (6,), (5,), (0, 7), (3,), (2,))",62.1842,174.1126,236.2968,3274.222124973204,4342.874367467189,203.60488346375868,756.1491475930676,959.7540310568264
squeeze,LBLGGBBGLB,"((1,), (0,), (0,), (2, 6), (2, 0), (5,), (4,), (1, 6), (0,), (2,))",83.1265,218.5692,301.6957,3211.5195253555976,3990.5079489076384,266.962377824472,872.2021299863834,1139.1645078108554
squeeze,LBLGGBBGLB,"((2,), (7,), (5,), (2, 3), (4, 1), (4,), (5,), (3, 6), (0,), (7,))",62.2639,156.63944999999998,218.90335,3342.4173064459715,4536.700169811479,208.11193692682133,710.6262194141766,918.738156340998
squeeze,LBLGGBBGLB,"((0,), (7,), (4,), (1, 3), (3, 6), (2,), (6,), (2, 2), (3,), (7,))",121.646,193.11152,314.75751999999994,3210.9268802759343,4242.838454888413,390.59641127804633,819.340983137953,1209.9373944159993
squeeze,LBLGGBBGLB,"((2,), (4,), (0,), (2, 0), (1, 5), (5,), (5,), (4, 1), (2,), (1,))",61.6753,188.4115,250.0868,3269.9801471157552,4167.719645244283,201.6770065674084,785.2463099399432,986.9233165073516
squeeze,LBLGGBBGLB,"((4,), (4,), (3,), (4, 1), (1, 0), (4,), (3,), (4, 5), (1,), (0,))",42.6293,180.8687,223.498,3399.4881740558285,4313.084907990126,144.91780121827813,780.1020602977937,925.0198615160718
squeeze,LBLGGBBGLB,"((3,), (1,), (1,), (3, 4), (2, 2), (4,), (2,), (0, 7), (1,), (3,))",50.8483,186.91040000000004,237.75870000000003,3346.64302608818,4181.654111029432,170.1711085834396,781.5946425541557,951.7657511375952
squeeze,LBLGGBBGLB,"((3,), (3,), (2,), (2, 7), (1, 2), (6,), (2,), (1, 3), (0,), (3,))",50.8099,181.5946,232.4045,3349.9422389645497,4228.113634131458,170.21023016756487,767.8026041446484,938.0128343122132
squeeze,GGGLBLLLBL,"((3, 4), (3, 7), (1, 4), (5,), (0,), (2,), (5,), (0,), (6,), (0,))",20.6659,177.5678,198.2337,3925.639181969991,4330.920367759964,81.12686677067364,769.0320016783278,850.1588684490014
squeeze,GGGLBLLLBL,"((1, 7), (3, 6), (3, 5), (2,), (7,), (2,), (0,), (5,), (7,), (4,))",14.0834,168.38813000000002,182.47153000000003,4738.599714729714,4481.346704707684,66.73559522242445,754.6055914873891,821.3411867098135
squeeze,GGGLBLLLBL,"((3, 6), (1, 5), (1, 7), (0,), (0,), (2,), (3,), (1,), (2,), (1,))",16.4148,197.84340000000003,214.2582,4344.7241625041615,4151.929800735307,71.31777818267331,821.4319083387958,892.7496865214691
squeeze,GGGLBLLLBL,"((1, 7), (0, 0), (1, 5), (2,), (0,), (1,), (3,), (3,), (2,), (1,))",14.2169,203.9974,218.2143,4680.2072222222205,4098.811265092596,66.53803805761109,836.1468411696004,902.6848792272116
squeeze,GGGLBLLLBL,"((3, 5), (1, 0), (4, 0), (5,), (7,), (3,), (3,), (2,), (0,), (5,))",17.9348,144.26082000000002,162.19562000000002,4221.295382950381,4684.708641701251,75.70808843413849,675.8199101129087,751.5279985470472
squeeze,GGGLBLLLBL,"((0, 6), (4, 4), (1, 7), (5,), (3,), (0,), (5,), (5,), (5,), (1,))",15.563,198.77268,214.33568,4312.002909867909,4301.977606684216,67.10770128627426,855.1156181806076,922.223319466882
squeeze,GGGLBLLLBL,"((0, 6), (1, 2), (2, 4), (5,), (7,), (2,), (4,), (4,), (7,), (0,))",15.6363,200.91535,216.55165,4294.345086580087,4270.615465372039,67.14766807729221,858.032200940636,925.1798690179282
squeeze,GGGLBLLLBL,"((0, 5), (2, 5), (2, 1), (2,), (0,), (2,), (1,), (4,), (4,), (3,))",17.1234,204.56607,221.68947,4151.688099678099,4095.015187500852,71.09101600602796,837.7011634973624,908.7921795033903
squeeze,GGGLBLLLBL,"((4, 6), (2, 1), (2, 5), (5,), (1,), (0,), (3,), (2,), (0,), (0,))",16.7153,178.88119999999998,195.5965,4450.486583971586,4397.612326236125,74.39121839706024,786.6501700519095,861.0413884489698
squeeze,GGGLBLLLBL,"((4, 2), (0, 3), (3, 3), (5,), (2,), (1,), (5,), (5,), (0,), (4,))",28.3998,150.55705,178.95685,3834.8081550802144,4715.196115150172,108.90778464264706,709.9060172684702,818.8138019111173
squeeze,BLLLLBBLGL,"((3,), (1,), (1,), (5,), (1,), (5,), (3,), (4,), (1, 1), (3,))",27.2425,174.088,201.3305,3719.7178178065496,4368.429222005618,101.33441265159492,760.4911064005139,861.8255190521088
squeeze,BLLLLBBLGL,"((1,), (3,), (2,), (5,), (5,), (0,), (4,), (5,), (0, 2), (5,))",43.4885,199.6358,243.1243,3477.250903122416,4246.478111997994,151.22042590043918,847.7490550712092,998.9694809716484
squeeze,BLLLLBBLGL,"((3,), (2,), (1,), (4,), (5,), (3,), (0,), (1,), (1, 6), (0,))",27.1879,209.1049,236.2928,3695.47858089408,4089.947820308867,100.47230210949016,855.2281299709035,955.7004320803936
squeeze,BLLLLBBLGL,"((7,), (2,), (3,), (4,), (3,), (6,), (2,), (2,), (0, 2), (0,))",16.3208,178.4525,194.7733,4765.254395049396,4580.72671417411,77.77276393072218,817.4421339611554,895.2148978918775
squeeze,BLLLLBBLGL,"((2,), (4,), (1,), (5,), (2,), (4,), (2,), (4,), (4, 3), (1,))",32.9378,177.74666,210.68446,3578.364566158482,4331.505350555552,117.86345640721484,769.9106088333784,887.7740652405932
squeeze,BLLLLBBLGL,"((3,), (0,), (1,), (4,), (4,), (6,), (1,), (4,), (0, 0), (3,))",26.8263,181.3572,208.1835,3720.9658316133496,4295.318986929084,99.8197456886092,778.9870245762953,878.8067702649046
squeeze,BLLLLBBLGL,"((2,), (3,), (5,), (1,), (3,), (4,), (1,), (0,), (0, 3), (3,))",32.5606,208.7959,241.3565,3592.5558957588296,4065.264407244345,116.97577549944496,848.8105406485495,965.7863161479944
squeeze,BLLLLBBLGL,"((7,), (1,), (4,), (5,), (0,), (1,), (7,), (1,), (2, 0), (5,))",15.8425,172.02989999999997,187.8724,4878.020909090908,4723.055021518351,77.28004625227271,812.5066830462996,889.7867292985723
squeeze,BLLLLBBLGL,"((2,), (4,), (5,), (5,), (4,), (3,), (4,), (0,), (1, 5), (3,))",32.951,186.14390000000003,219.0949,3592.999235588972,4271.795031180908,118.39291781189225,795.168587104636,913.5615049165284
squeeze,BLLLLBBLGL,"((7,), (0,), (3,), (2,), (3,), (0,), (7,), (1,), (3, 4), (0,))",16.3417,203.90929,220.25099,4730.675252525254,4408.944507317821,77.30727577419195,899.0247441365768,976.3320199107688
squeeze,BBLLLBGLBG,"((0,), (5,), (3,), (0,), (0,), (4,), (2, 4), (4,), (1,), (3, 7))",55.1006,249.52050000000003,304.6211,3538.778789300313,4024.836051203081,194.9888345577208,1004.2791039142184,1199.2679384719393
squeeze,BBLLLBGLBG,"((6,), (4,), (4,), (4,), (2,), (2,), (0, 1), (5,), (4,), (2, 5))",16.1681,168.71863999999997,184.88674,4597.481847041845,4685.776808466098,74.33254625115725,790.5778904679405,864.9104367190978
squeeze,BBLLLBGLBG,"((7,), (6,), (4,), (0,), (2,), (5,), (1, 1), (1,), (0,), (0, 3))",15.0015,220.4724,235.4739,4805.355894660894,4373.006379823262,72.0875464537554,964.1272117749462,1036.2147582287016
squeeze,BBLLLBGLBG,"((6,), (1,), (0,), (5,), (1,), (3,), (4, 7), (3,), (3,), (3, 7))",15.6867,172.21599,187.90269,4883.373636363638,4715.431495270043,76.60401722154548,812.0727032351108,888.6767204566563
squeeze,BBLLLBGLBG,"((4,), (4,), (4,), (3,), (3,), (2,), (3, 5), (5,), (7,), (3, 2))",22.4055,153.81246000000002,176.21796,3986.509071516719,4737.912034630459,89.31972900186784,728.7499053101161,818.0696343119839
squeeze,BBLLLBGLBG,"((3,), (2,), (3,), (1,), (2,), (0,), (4, 6), (4,), (5,), (4, 4))",24.4622,181.84049,206.30269,3948.257567603966,4445.368630289857,96.58306627024172,808.3480099625364,904.931076232778
squeeze,BBLLLBGLBG,"((7,), (3,), (1,), (1,), (0,), (3,), (4, 7), (3,), (7,), (2, 3))",15.6843,182.81771000000003,198.50201000000004,4803.475357420358,4679.536713408355,75.33914854838812,855.502185806242,930.84133435463
squeeze,BBLLLBGLBG,"((0,), (3,), (5,), (3,), (1,), (3,), (0, 3), (3,), (2,), (0, 2))",61.7254,262.15426,323.87966,3375.11141307096,3960.282900486509,208.33010201637023,1038.2050331676944,1246.5351351840648
squeeze,BBLLLBGLBG,"((0,), (3,), (0,), (1,), (5,), (0,), (0, 7), (0,), (7,), (2, 5))",60.992,296.28903999999994,357.28104,3392.8081371162343,3889.203791144381,206.93415389899337,1152.328457642529,1359.2626115415223
squeeze,BBLLLBGLBG,"((2,), (1,), (0,), (3,), (1,), (0,), (3, 1), (1,), (6,), (1, 7))",30.6323,229.02216,259.65446,3737.42066784136,4096.109060239056,114.48579112351688,938.0997445715188,1052.5855356950356
squeeze,LGBBBLLBLL,"((0,), (4, 3), (1,), (7,), (5,), (3,), (3,), (7,), (5,), (2,))",121.17,191.6464,312.8164,3184.9294127684348,4367.90135001155,385.91789694515126,837.0925692848535,1223.0104662300048
squeeze,LGBBBLLBLL,"((0,), (3, 1), (2,), (6,), (5,), (3,), (0,), (7,), (0,), (0,))",121.235,227.222,348.457,3175.6444988115627,4093.865385343666,384.9992608134198,930.2162805885586,1315.2155414019785
squeeze,LGBBBLLBLL,"((3,), (4, 7), (6,), (0,), (4,), (1,), (0,), (4,), (4,), (2,))",49.4563,199.2445,248.7008,3342.932961240921,4165.230286303367,165.32909541101938,829.8992257793712,995.2283211903906
squeeze,LGBBBLLBLL,"((1,), (0, 0), (6,), (2,), (2,), (3,), (2,), (4,), (3,), (0,))",82.4158,214.319,296.73479999999995,3210.663655245464,4021.798150690929,264.6094136779791,861.9477578579292,1126.5571715359083
squeeze,LGBBBLLBLL,"((4,), (1, 3), (5,), (6,), (7,), (5,), (1,), (2,), (0,), (2,))",41.908,168.86329999999998,210.7713,3408.228652709359,4431.998189504474,142.83204637774384,748.4018398737506,891.2338862514945
squeeze,LGBBBLLBLL,"((4,), (0, 7), (4,), (1,), (4,), (2,), (2,), (4,), (1,), (3,))",41.6551,184.446,226.1011,3417.18774913337,4237.805530052148,142.34329740892542,781.6462787959986,923.989576204924
squeeze,LGBBBLLBLL,"((1,), (3, 3), (7,), (2,), (3,), (4,), (0,), (4,), (2,), (0,))",82.4123,210.0581,292.4704,3209.341308372478,4064.066117263804,264.4891987079852,853.6900068668118,1118.179205574797
squeeze,LGBBBLLBLL,"((1,), (1, 1), (5,), (4,), (6,), (0,), (5,), (1,), (4,), (3,))",82.3889,191.5223,273.9112,3220.5758073755824,4146.504818773208,265.33969813628613,794.148139852528,1059.487837988814
squeeze,LGBBBLLBLL,"((1,), (2, 0), (5,), (1,), (7,), (3,), (4,), (1,), (1,), (0,))",82.4497,212.6282,295.0779,3201.1352813852805,4009.80470003736,263.932643609632,852.5975557204838,1116.530199330116
squeeze,LGBBBLLBLL,"((1,), (2, 4), (7,), (4,), (1,), (2,), (1,), (0,), (4,), (5,))",82.3985,203.9278,286.32629999999995,3224.850047899903,4114.244561844683,265.72280667188016,839.0088421589501,1104.7316488308302
squeeze,GBBBBBBBBL,"((1, 5), (2,), (1,), (2,), (1,), (3,), (2,), (2,), (0,), (1,))",16.8866,185.1711,202.0577,4131.0578771228775,4209.590377280554,69.75952194782319,779.4944807104553,849.2540026582784
squeeze,GBBBBBBBBL,"((0, 3), (4,), (7,), (6,), (0,), (2,), (5,), (1,), (7,), (3,))",22.4521,180.0654,202.5175,3715.4375596135897,4418.848138919228,83.41937563220029,795.6816576737465,879.1010333059468
squeeze,GBBBBBBBBL,"((1, 4), (2,), (3,), (1,), (4,), (7,), (1,), (5,), (7,), (4,))",19.1892,162.4111,181.6003,3948.764509363185,4508.333852979117,75.77363192307203,732.2034602295766,807.9770921526487
squeeze,GBBBBBBBBL,"((0, 6), (2,), (6,), (6,), (0,), (3,), (4,), (3,), (6,), (4,))",15.0592,171.09640000000002,186.1556,4412.428407148407,4513.24850752937,66.4476418689293,772.2005719436481,838.6482138125774
squeeze,GBBBBBBBBL,"((2, 5), (3,), (7,), (4,), (3,), (3,), (7,), (5,), (3,), (2,))",17.125,131.1037,148.2287,4196.723049173049,4887.886390102802,71.86888221708847,640.8199909221207,712.6888731392091
squeeze,GBBBBBBBBL,"((1, 4), (4,), (3,), (3,), (0,), (5,), (6,), (2,), (1,), (2,))",19.1322,161.599,180.7312,3925.83881118881,4429.474759276764,75.10993330342654,715.7986916243659,790.9086249277925
squeeze,GBBBBBBBBL,"((0, 1), (7,), (5,), (6,), (2,), (7,), (2,), (2,), (3,), (2,))",36.202,171.4178,207.6198,3483.4141633366626,4490.915881687186,126.10655954111384,769.8229204238777,895.9294799649915
squeeze,GBBBBBBBBL,"((1, 4), (7,), (1,), (1,), (3,), (5,), (3,), (1,), (4,), (3,))",19.3127,176.1606,195.4733,3950.715257242755,4331.10067248643,76.29897854855216,762.969293125613,839.2682716741651
squeeze,GBBBBBBBBL,"((3, 6), (7,), (1,), (2,), (4,), (6,), (1,), (1,), (4,), (1,))",15.983,157.90829999999997,173.89129999999997,4385.611913086915,4537.946728864528,70.09523520686817,716.5794534455584,786.6746886524267
squeeze,GBBBBBBBBL,"((1, 7), (4,), (4,), (2,), (7,), (1,), (7,), (1,), (6,), (5,))",13.5426,159.0101,172.5527,4901.284516594517,4646.843840540242,66.37613569443292,738.8951037686879,805.2712394631209
squeeze,GLLGGBLBLG,"((3, 0), (4,), (5,), (4, 1), (0, 3), (6,), (0,), (4,), (4,), (3, 4))",51.9644,164.41566,216.38006,3524.395137473479,4576.655645973809,183.1430786817268,752.4738586255103,935.6169373072372
squeeze,GLLGGBLBLG,"((3, 4), (1,), (1,), (3, 2), (2, 6), (5,), (3,), (0,), (0,), (0, 2))",18.8087,219.65376000000003,238.46246,4014.743364968365,4121.185992404396,75.5121035286805,905.2339988909572,980.7461024196376
squeeze,GLLGGBLBLG,"((1, 5), (1,), (2,), (1, 1), (2, 5), (0,), (5,), (7,), (1,), (1, 2))",16.3365,216.3139,232.6504,4173.927536907537,4200.9103111374725,68.18736720668997,908.71529295236,976.90266015905
squeeze,GLLGGBLBLG,"((4, 0), (4,), (2,), (4, 5), (4, 0), (2,), (4,), (2,), (0,), (4, 3))",51.1267,156.5328,207.6595,3671.04504438914,4764.961597974395,187.68841867097024,745.8727808234064,933.5611994943766
squeeze,GLLGGBLBLG,"((0, 1), (4,), (1,), (4, 1), (4, 1), (2,), (4,), (5,), (4,), (4, 5))",33.3757,184.26522000000003,217.64092,3669.1156420836337,4439.927664359982,122.45930293549074,818.1242478573785,940.5835507928692
squeeze,GLLGGBLBLG,"((3, 0), (3,), (2,), (1, 4), (4, 3), (5,), (2,), (5,), (1,), (1, 4))",48.0432,179.63801999999998,227.68122,3532.6998218601866,4378.039814798412,169.7222040815933,786.4624038115534,956.1846078931468
squeeze,GLLGGBLBLG,"((3, 0), (1,), (3,), (4, 6), (0, 1), (6,), (1,), (7,), (0,), (4, 5))",46.6714,162.23723,208.90863,3628.248748935489,4730.036929364766,169.33544866106777,767.3880892178454,936.7235378789132
squeeze,GLLGGBLBLG,"((2, 5), (4,), (1,), (1, 3), (3, 4), (5,), (3,), (5,), (5,), (4, 7))",14.8269,166.77181,181.59871,4781.739999999999,4560.00411045995,70.89838080599999,760.4801391088458,831.3785199148458
squeeze,GLLGGBLBLG,"((3, 6), (2,), (3,), (1, 3), (2, 7), (7,), (0,), (7,), (4,), (2, 2))",15.2569,178.57469,193.83159,4462.716728549229,4528.248789725682,68.08722285580272,808.630623868139,876.7178467239416
squeeze,GLLGGBLBLG,"((4, 2), (1,), (2,), (4, 6), (3, 6), (0,), (2,), (6,), (1,), (3, 3))",25.5789,155.82729999999998,181.4062,3938.412921335201,4802.95965809451,100.740270273541,748.4322355297905,849.1725058033315
squeeze,BLBGLLLLLG,"((0,), (3,), (3,), (0, 3), (0,), (2,), (5,), (1,), (4,), (1, 0))",62.1057,260.1904,322.2961,3363.3549639667112,3931.2709732099374,208.8835143856274,1022.8789670278828,1231.7624814135104
squeeze,BLBGLLLLLG,"((7,), (1,), (2,), (0, 3), (3,), (5,), (5,), (2,), (3,), (2, 5))",14.5498,184.7202,199.27,4995.774707792208,4600.124689189619,72.68752284343506,849.7359526120443,922.4234754554794
squeeze,BLBGLLLLLG,"((2,), (1,), (1,), (2, 7), (0,), (2,), (1,), (1,), (0,), (2, 2))",30.3733,207.3305,237.7038,3642.018317860255,4118.9704543998505,110.62011497386489,853.9882037959482,964.6083187698132
squeeze,BLBGLLLLLG,"((4,), (3,), (1,), (1, 5), (1,), (4,), (2,), (4,), (1,), (2, 7))",21.0178,181.1137,202.1315,4141.733807858808,4381.653128835472,87.05013282681486,793.577410279969,880.6275431067838
squeeze,BLBGLLLLLG,"((1,), (4,), (2,), (2, 4), (3,), (4,), (3,), (0,), (5,), (1, 0))",42.0234,215.6417,257.6651,3470.5309112037394,4101.854615604035,145.84350869387924,884.5309024617005,1030.3744111555798
squeeze,BLBGLLLLLG,"((0,), (1,), (3,), (2, 6), (3,), (0,), (5,), (5,), (3,), (3, 7))",55.126,217.7552,272.8812,3535.2919607916265,4184.060206902437,194.8865046305992,911.1008671660816,1105.9873717966807
squeeze,BLBGLLLLLG,"((2,), (0,), (7,), (3, 3), (3,), (5,), (3,), (3,), (4,), (4, 3))",30.6855,162.50918000000004,193.19468000000003,3731.4625720048784,4600.377570818319,114.5017947532557,747.6035867240772,862.1053814773329
squeeze,BLBGLLLLLG,"((4,), (2,), (7,), (2, 2), (3,), (3,), (3,), (2,), (1,), (4, 7))",20.3707,158.2559,178.6266,4382.223892773892,4633.11452863582,89.26896825252912,733.2177095323374,822.4866777848665
squeeze,BLBGLLLLLG,"((0,), (5,), (3,), (2, 0), (3,), (3,), (5,), (4,), (4,), (0, 1))",62.1548,235.4458,297.6006,3368.5011836956382,4052.092992323816,209.3685173723657,954.0482762520746,1163.4167936244403
squeeze,BLBGLLLLLG,"((4,), (1,), (3,), (2, 7), (4,), (3,), (2,), (2,), (2,), (4, 4))",20.8554,160.907,181.7624,4136.500251415252,4574.657927262517,86.26836734336565,736.0944831020299,822.3628504453956
squeeze,BLBLLGLBGL,"((7,), (4,), (3,), (1,), (2,), (2, 7), (2,), (3,), (3, 5), (5,))",15.7168,166.91216,182.62896,4859.783402708403,4738.032391878714,76.38024378368742,790.8352206784426,867.2154644621301
squeeze,BLBLLGLBGL,"((6,), (4,), (1,), (3,), (2,), (3, 7), (4,), (0,), (2, 7), (5,))",17.2092,181.5813,198.7905,4486.91820561791,4532.230997174075,77.21627278411974,822.9683963671649,900.1846691512847
squeeze,BLBLLGLBGL,"((4,), (0,), (0,), (1,), (0,), (3, 7), (4,), (4,), (4, 7), (4,))",22.4277,190.1026,212.5303,3949.1168443214,4323.050242824654,88.56960784938707,821.823091091598,910.3926989409852
squeeze,BLBLLGLBGL,"((1,), (3,), (7,), (0,), (0,), (4, 2), (5,), (6,), (3, 2), (2,))",42.2172,210.32846,252.54566,3469.489316912973,4233.908668473141,146.47212438997835,890.5114900206063,1036.9836144105846
squeeze,BLBLLGLBGL,"((7,), (2,), (6,), (5,), (4,), (4, 5), (3,), (3,), (3, 4), (3,))",15.834,148.83691000000002,164.67091000000002,4817.418047508047,5035.94178824894,76.2789973642424,749.5340147028465,825.813012067089
squeeze,BLBLLGLBGL,"((5,), (5,), (1,), (3,), (5,), (1, 3), (3,), (1,), (2, 2), (0,))",19.5411,198.78303,218.32413,4148.0873767898765,4281.462792018878,81.05819023858867,851.0821466297723,932.1403368683608
squeeze,BLBLLGLBGL,"((4,), (5,), (5,), (3,), (5,), (0, 1), (4,), (3,), (3, 0), (5,))",22.2755,168.40855000000002,190.68405,3973.06972087553,4514.171006014261,88.50211456736288,760.2249935749031,848.727108142266
squeeze,BLBLLGLBGL,"((7,), (3,), (4,), (1,), (5,), (3, 0), (5,), (4,), (0, 3), (4,))",15.9477,167.36229999999998,183.31,4847.550424575424,4765.929466585139,77.30727990600148,797.6369171654619,874.9441970714633
squeeze,BLBLLGLBGL,"((7,), (4,), (1,), (5,), (4,), (1, 3), (1,), (7,), (3, 1), (4,))",15.8711,155.11569999999998,170.9868,4853.546611721611,5016.601614132886,77.03112362929485,778.1536709973525,855.1847946266473
squeeze,BLBLLGLBGL,"((0,), (3,), (3,), (2,), (4,), (2, 7), (4,), (5,), (2, 0), (3,))",62.1528,222.3036,284.45640000000003,3375.772132426402,4103.509432569173,209.8136901922717,912.2249194940844,1122.0386096863565
squeeze,BBGGGLLGGB,"((5,), (0,), (4, 0), (3, 3), (2, 7), (0,), (5,), (4, 7), (2, 3), (2,))",19.1835,170.42229999999995,189.6058,4141.029625652126,4587.077209740853,79.43944182369755,781.7402483616182,861.1796901853157
squeeze,BBGGGLLGGB,"((4,), (3,), (4, 3), (3, 1), (4, 4), (1,), (5,), (1, 0), (1, 3), (4,))",19.9081,157.86700000000002,177.7751,4026.761814851815,4575.048679863641,80.16517688625142,722.2492099440335,802.4143868302849
squeeze,BBGGGLLGGB,"((0,), (4,), (2, 0), (0, 0), (4, 7), (2,), (0,), (4, 6), (2, 1), (2,))",57.7119,255.5678,313.2797,3384.767730871105,3979.796665468815,195.34137680726013,1017.1078782412012,1212.4492550484613
squeeze,BBGGGLLGGB,"((5,), (1,), (0, 5), (1, 4), (2, 3), (3,), (0,), (2, 1), (2, 0), (2,))",19.3044,194.1039,213.4083,4146.531036186035,4263.983674171718,80.0462937349497,827.6558606930597,907.7021544280094
squeeze,BBGGGLLGGB,"((5,), (4,), (1, 5), (1, 1), (4, 1), (4,), (3,), (3, 3), (2, 6), (1,))",19.8194,174.44469999999998,194.2641,4110.027892940393,4467.191463447247,81.45828682134282,779.2778746836159,860.7361615049588
squeeze,BBGGGLLGGB,"((3,), (4,), (1, 6), (3, 3), (4, 4), (5,), (2,), (3, 7), (4, 4), (2,))",23.1838,154.0412,177.225,3758.801404852029,4633.0888646306375,87.14330000980847,713.686568414341,800.8298684241495
squeeze,BBGGGLLGGB,"((4,), (1,), (1, 5), (4, 5), (4, 5), (4,), (4,), (4, 5), (2, 7), (4,))",18.8103,145.5047,164.315,4048.084118659117,4872.4831326020285,76.1456766972136,708.9691964643184,785.114873161532
squeeze,BBGGGLLGGB,"((1,), (2,), (0, 5), (2, 5), (2, 1), (0,), (1,), (2, 7), (1, 0), (1,))",41.4635,227.1885,268.652,3466.1973402627486,4018.86275332014,143.72067341798447,913.0394006326728,1056.7600740506573
squeeze,BBGGGLLGGB,"((3,), (2,), (4, 4), (3, 4), (0, 3), (0,), (5,), (3, 5), (4, 2), (5,))",20.8301,170.16610000000003,190.9962,3885.712572803013,4506.708563775846,80.93978146274404,766.8890201343371,847.8288015970811
squeeze,BBGGGLLGGB,"((1,), (3,), (0, 5), (3, 0), (4, 3), (4,), (1,), (0, 3), (3, 4), (7,))",34.445,202.9538,237.3988,3673.517005249916,4255.218611238962,126.53429324583335,863.61278698167,990.1470802275034
squeeze,BBBLGGLGLL,"((5,), (4,), (5,), (4,), (4, 1), (0, 6), (1,), (2, 3), (5,), (5,))",19.4108,159.2664,178.6772,4200.94203171828,4656.045009876563,81.54364558927719,741.5515269610047,823.0951725502819
squeeze,BBBLGGLGLL,"((2,), (0,), (4,), (3,), (2, 2), (0, 3), (5,), (3, 2), (5,), (0,))",32.1376,202.87840000000003,235.016,3581.425960474309,4182.855072070001,115.09843494733914,848.6109444534467,963.7093794007858
squeeze,BBBLGGLGLL,"((0,), (3,), (0,), (0,), (1, 5), (2, 1), (3,), (3, 2), (0,), (4,))",62.155,248.9269,311.0819,3360.410692636553,3939.6795045399554,208.8663266008249,980.6922060586668,1189.558532659492
squeeze,BBBLGGLGLL,"((2,), (2,), (1,), (1,), (0, 5), (4, 0), (2,), (0, 5), (2,), (0,))",32.0605,224.0555,256.116,3588.3271370124926,4044.4959726880097,115.043562176189,906.1915674085984,1021.2351295847874
squeeze,BBBLGGLGLL,"((4,), (3,), (2,), (2,), (3, 2), (2, 3), (0,), (4, 7), (4,), (2,))",22.5129,165.7859,188.2988,3924.654034960138,4450.893820967192,88.35534382365408,737.8954379134849,826.2507817371389
squeeze,BBBLGGLGLL,"((2,), (7,), (2,), (5,), (2, 1), (2, 4), (0,), (0, 4), (5,), (2,))",31.9236,199.3205,231.2441,3597.925946080616,4242.2933204004885,114.85874873229916,845.5760257688856,960.4347745011848
squeeze,BBBLGGLGLL,"((3,), (5,), (0,), (4,), (0, 7), (3, 3), (0,), (1, 4), (4,), (1,))",26.3259,193.43520000000004,219.76110000000003,3702.909594328958,4239.875421864792,97.48242768934472,820.1411502035005,917.6235778928452
squeeze,BBBLGGLGLL,"((0,), (6,), (7,), (4,), (2, 6), (0, 5), (3,), (3, 3), (0,), (0,))",61.894,246.8691,308.7631,3354.782575833674,4031.069152622415,207.64091274864936,995.1464137456584,1202.7873264943078
squeeze,BBBLGGLGLL,"((1,), (0,), (3,), (3,), (0, 5), (1, 4), (4,), (0, 7), (1,), (1,))",42.2652,242.9334,285.1986,3453.3006478464063,4002.976211091701,145.9544425413579,972.4566210796246,1118.4110636209823
squeeze,BBBLGGLGLL,"((2,), (3,), (3,), (4,), (3, 5), (3, 1), (5,), (0, 1), (0,), (2,))",32.1263,196.0504,228.1767,3590.940501225939,4209.003352865831,115.36363182453488,825.1767909306874,940.5404227552224
squeeze,LBGLGBGGBB,"((2,), (5,), (4, 4), (0,), (2, 2), (7,), (1, 0), (1, 5), (4,), (1,))",61.7631,212.1088,273.8719,3288.275822527125,4134.253719119696,203.0941084543251,876.9115952580158,1080.0057037123408
squeeze,LBGLGBGGBB,"((3,), (5,), (3, 2), (0,), (4, 0), (0,), (1, 7), (2, 1), (6,), (4,))",50.9156,205.6112,256.5268,3364.119533738809,4158.200547803002,171.28616453203168,854.9726044744326,1026.2587690064645
squeeze,LBGLGBGGBB,"((3,), (0,), (0, 1), (3,), (3, 0), (6,), (3, 0), (0, 4), (6,), (2,))",50.9039,200.20081,251.10471,3353.3825570646864,4169.897045186539,170.7002503465651,834.8167660629516,1005.5170164095168
squeeze,LBGLGBGGBB,"((1,), (0,), (1, 7), (3,), (1, 1), (6,), (1, 4), (1, 0), (3,), (6,))",83.1076,199.15540000000004,282.26300000000003,3253.913428050645,4165.690031087372,270.42493561306185,829.619664417218,1100.04460003028
squeeze,LBGLGBGGBB,"((1,), (6,), (2, 3), (1,), (0, 4), (5,), (3, 1), (4, 0), (3,), (6,))",83.1161,187.92366,271.03975999999994,3260.427561110569,4260.056387003544,270.9940232120222,800.5653880520825,1071.5594112641047
squeeze,LBGLGBGGBB,"((3,), (5,), (2, 5), (4,), (1, 1), (0,), (2, 1), (4, 2), (0,), (5,))",50.7997,178.80390000000003,229.60360000000003,3374.486047215124,4315.269206929447,171.42287885271415,771.5869637488923,943.0098426016064
squeeze,LBGLGBGGBB,"((3,), (6,), (1, 6), (5,), (0, 3), (7,), (0, 0), (1, 0), (7,), (7,))",50.9084,179.68713999999997,230.59554,3422.7862424508685,4497.592506412209,174.2485711451858,808.1595343626414,982.4081055078271
squeeze,LBGLGBGGBB,"((3,), (7,), (3, 0), (0,), (4, 0), (5,), (0, 5), (4, 0), (4,), (4,))",50.888,193.64983,244.53783,3367.8576126941834,4286.774328814167,171.3835381947816,830.1331200232277,1001.5166582180092
squeeze,LBGLGBGGBB,"((0,), (5,), (0, 3), (3,), (2, 5), (1,), (4, 5), (0, 1), (2,), (6,))",121.637,219.49461,341.13161,3201.4723901069774,4077.5795405703448,389.4174971154424,895.006731001467,1284.4242281169095
squeeze,LBGLGBGGBB,"((2,), (3,), (4, 7), (0,), (2, 5), (1,), (3, 6), (0, 6), (3,), (6,))",62.1764,205.58982,267.76622,3312.9310312751763,4166.096679834073,205.98612497297788,856.5070665096848,1062.4931914826627
squeeze,LBBGBBLBBL,"((2,), (0,), (0,), (4, 4), (1,), (7,), (1,), (0,), (0,), (0,))",61.6734,217.80830000000003,279.48170000000005,3260.58590897023,4040.158065873256,201.09141899828452,879.979960059142,1081.0713790574266
squeeze,LBBGBBLBBL,"((3,), (0,), (4,), (4, 7), (3,), (6,), (5,), (6,), (1,), (3,))",49.0592,145.9766,195.0358,3334.320368663595,4688.956364787843,163.57908983034105,684.477907680089,848.0569975104299
squeeze,LBBGBBLBBL,"((2,), (4,), (4,), (0, 3), (6,), (0,), (4,), (7,), (4,), (3,))",60.6107,182.2739,242.8846,3273.4709313171347,4300.453422156572,198.40736457678344,783.8604170248248,982.2677816016082
squeeze,LBBGBBLBBL,"((3,), (5,), (1,), (4, 7), (7,), (7,), (0,), (3,), (3,), (1,))",49.9713,158.24690000000004,208.2182,3322.385417841117,4515.239743778755,166.0239184305638,714.5226922097825,880.5466106403462
squeeze,LBBGBBLBBL,"((5,), (0,), (1,), (1, 0), (0,), (4,), (3,), (5,), (5,), (5,))",35.0737,169.5421,204.6158,3563.135341614907,4429.149445470035,124.97234003119875,750.9272981988253,875.899638230024
squeeze,LBBGBBLBBL,"((3,), (6,), (6,), (1, 6), (5,), (4,), (2,), (0,), (3,), (5,))",49.1168,174.3229,223.4397,3356.661123916651,4352.368765731807,164.86845309118937,758.7175451117893,923.5859982029788
squeeze,LBBGBBLBBL,"((0,), (5,), (4,), (2, 5), (2,), (3,), (3,), (1,), (6,), (5,))",121.105,201.11310000000003,322.21810000000005,3183.550237116768,4102.796483173043,385.54385146602624,825.1261194000288,1210.6699708660549
squeeze,LBBGBBLBBL,"((5,), (1,), (7,), (2, 2), (5,), (0,), (0,), (5,), (1,), (2,))",35.8084,173.283,209.0914,3533.4920683229807,4387.842949286478,126.52869737933662,760.3385897812086,886.8672871605452
squeeze,LBBGBBLBBL,"((3,), (6,), (2,), (0, 6), (2,), (2,), (1,), (6,), (3,), (3,))",49.1425,178.55740000000003,227.6999,3331.807179709659,4305.934581321922,163.7333343288819,768.8564834109312,932.5898177398132
squeeze,LBBGBBLBBL,"((1,), (0,), (5,), (0, 3), (4,), (6,), (4,), (7,), (6,), (0,))",82.5086,206.35880000000003,288.86740000000003,3212.7876515429425,4173.04450350275,265.08261122609605,861.1444560894234,1126.2270673155194
squeeze,BBGGBLLBLL,"((2,), (7,), (0, 3), (4, 4), (7,), (2,), (4,), (2,), (2,), (5,))",31.9924,172.92511999999996,204.91752,3607.162889293392,4463.592952850185,115.4017980194299,771.8673470027724,887.2691450222022
squeeze,BBGGBLLBLL,"((4,), (2,), (4, 3), (3, 6), (2,), (4,), (1,), (7,), (4,), (2,))",22.3899,153.03945999999996,175.42935999999997,3918.39841117216,4704.1543601020585,87.73254858630355,719.9212430266643,807.6537916129679
squeeze,BBGGBLLBLL,"((6,), (5,), (1, 3), (2, 2), (2,), (1,), (1,), (2,), (1,), (1,))",17.6674,186.68302000000008,204.35042000000004,4365.042401348651,4377.076896751531,77.11895012158716,817.1259338578044,894.2448839793916
squeeze,BBGGBLLBLL,"((4,), (2,), (3, 0), (0, 3), (7,), (5,), (2,), (0,), (2,), (3,))",22.5574,202.21718,224.77458,3915.979989495799,4232.990522911076,88.33432701505255,855.9834065098032,944.3177335248556
squeeze,BBGGBLLBLL,"((2,), (7,), (2, 5), (0, 3), (5,), (2,), (2,), (3,), (5,), (0,))",32.0181,217.61447,249.63257,3575.013905977066,4120.341623504512,114.46515274296428,896.645958617874,1011.1111113608384
squeeze,BBGGBLLBLL,"((2,), (6,), (4, 3), (3, 3), (5,), (5,), (3,), (3,), (3,), (1,))",31.9029,167.17035,199.07325,3573.297412074323,4444.252211899959,113.99855000766593,742.9471977515902,856.9457477592562
squeeze,BBGGBLLBLL,"((3,), (5,), (0, 1), (3, 1), (4,), (4,), (2,), (2,), (4,), (1,))",26.1739,181.3787,207.5526,3713.440668091797,4291.760247814227,97.19522470256788,778.4338944602224,875.6291191627903
squeeze,BBGGBLLBLL,"((6,), (2,), (0, 1), (0, 2), (2,), (2,), (3,), (6,), (4,), (3,))",17.4101,188.37941,205.78951,4442.461812631813,4441.381699338656,77.34370440410113,836.6648641062135,914.0085685103146
squeeze,BBGGBLLBLL,"((0,), (2,), (2, 0), (4, 7), (0,), (2,), (2,), (5,), (3,), (5,))",61.9494,213.3623,275.3117,3363.430891441234,4185.052671310422,208.36252566624955,892.9324635719356,1101.2949892381853
squeeze,BBGGBLLBLL,"((6,), (0,), (0, 7), (3, 5), (6,), (5,), (3,), (6,), (4,), (0,))",17.502,177.09947,194.60147,4381.47484848485,4639.0490652145845,76.68457279818183,821.5731307534983,898.2577035516802
squeeze,LBLGLBBLLB,"((3,), (3,), (2,), (3, 5), (3,), (0,), (1,), (2,), (2,), (7,))",50.9574,183.5996,234.557,3416.2784173257346,4249.981217603734,174.08466582303438,780.2948515595585,954.3795173825928
squeeze,LBLGLBBLLB,"((1,), (3,), (1,), (0, 3), (4,), (3,), (0,), (2,), (5,), (2,))",83.1393,234.86343000000005,318.00273000000004,3225.2056748983805,3896.517096795442,268.1413421670789,915.1493704070195,1183.2907125740985
squeeze,LBLGLBBLLB,"((3,), (5,), (1,), (0, 1), (1,), (2,), (0,), (2,), (4,), (6,))",50.9052,205.41533,256.32053,3394.510930194532,4081.503344884477,172.7982578037387,838.4033564855487,1011.2016142892874
squeeze,LBLGLBBLLB,"((0,), (5,), (0,), (3, 4), (0,), (6,), (4,), (3,), (0,), (2,))",121.483,218.93670000000003,340.41970000000003,3173.762297306878,4009.370661692197,385.5581651637314,877.7983817477061,1263.3565469114376
squeeze,LBLGLBBLLB,"((5,), (2,), (2,), (3, 5), (5,), (3,), (7,), (1,), (1,), (2,))",37.332,175.23970999999997,212.57171,3546.613410658587,4366.829186914408,132.40217184670635,765.2418803344165,897.6440521811228
squeeze,LBLGLBBLLB,"((3,), (1,), (1,), (4, 0), (1,), (7,), (4,), (3,), (4,), (4,))",50.8362,159.5598,210.396,3365.996348895712,4442.353161935147,171.11446359173218,708.8209820477397,879.9354456394718
squeeze,LBLGLBBLLB,"((5,), (7,), (4,), (0, 1), (4,), (7,), (7,), (0,), (1,), (4,))",37.3022,192.29397,229.59617,3571.7830653042606,4356.505333391182,133.2353662585926,837.729705883964,970.9650721425568
squeeze,LBLGLBBLLB,"((1,), (1,), (4,), (0, 0), (3,), (6,), (3,), (5,), (2,), (1,))",82.611,218.4522000000001,301.06320000000005,3210.204550767116,4001.5497234652944,265.1982081434222,874.1473405003856,1139.345548643808
squeeze,LBLGLBBLLB,"((0,), (6,), (5,), (0, 7), (0,), (0,), (7,), (2,), (3,), (5,))",121.46,238.86672000000004,360.32672,3189.76225142484,4026.0577744110574,387.4285230580611,961.6912151040692,1349.1197381621305
squeeze,LBLGLBBLLB,"((5,), (1,), (4,), (0, 4), (5,), (3,), (3,), (5,), (3,), (0,))",36.5244,213.72977,250.25417,3536.7293658008653,4135.25375149195,129.17691804825714,883.8268331980117,1013.0037512462688
squeeze,GBBBLGGLLL,"((1, 2), (4,), (2,), (7,), (1,), (0, 3), (4, 5), (1,), (3,), (3,))",27.8357,175.03880000000004,202.87450000000004,3592.463025795714,4390.500622686312,99.99872304714177,768.5079603942652,868.506683441407
squeeze,GBBBLGGLLL,"((2, 2), (7,), (5,), (2,), (0,), (3, 3), (4, 3), (0,), (1,), (4,))",27.8358,171.8868,199.7226,3622.6462566575415,4338.800298667795,100.839256671068,745.7824991770515,846.6217558481195
squeeze,GBBBLGGLLL,"((1, 4), (5,), (4,), (7,), (5,), (0, 1), (1, 4), (5,), (3,), (3,))",19.8578,162.73311,182.59091,3916.705605056708,4580.103459442012,77.77715656409511,745.3344800767575,823.1116366408526
squeeze,GBBBLGGLLL,"((0, 5), (0,), (6,), (7,), (1,), (0, 2), (2, 5), (0,), (5,), (0,))",17.1701,233.6108,250.7809,4080.62208014208,4104.646154330094,70.06468917824753,958.8896718299768,1028.9543610082242
squeeze,GBBBLGGLLL,"((4, 2), (7,), (7,), (3,), (0,), (3, 6), (1, 7), (1,), (3,), (4,))",28.7289,150.1716,178.90050000000002,3812.6265173216498,4730.886144113509,109.53256595348196,710.4447416793562,819.9773076328381
squeeze,GBBBLGGLLL,"((1, 3), (3,), (3,), (5,), (4,), (3, 5), (3, 6), (0,), (2,), (5,))",23.1172,168.01049999999998,191.1277,3742.0393822272495,4394.550412510452,86.50547280682378,738.3306120810872,824.836084887911
squeeze,GBBBLGGLLL,"((2, 5), (1,), (6,), (1,), (2,), (1, 4), (1, 3), (1,), (0,), (2,))",17.4132,192.1947,209.6079,4131.775442890443,4149.52279255916,71.94743214213985,797.51628825907,869.4637204012099
squeeze,GBBBLGGLLL,"((1, 1), (7,), (0,), (5,), (5,), (3, 0), (2, 1), (5,), (3,), (4,))",36.4407,166.11439,202.55509,3482.5217396444145,4486.46016692864,126.9055299578602,745.2655938886493,872.1711238465095
squeeze,GBBBLGGLLL,"((1, 5), (0,), (7,), (0,), (2,), (0, 7), (1, 5), (3,), (2,), (1,))",17.4118,221.0312,238.443,4109.3046848249805,4097.551368812633,71.5503913112356,905.6866961102988,977.2370874215344
squeeze,GBBBLGGLLL,"((3, 6), (6,), (2,), (7,), (2,), (1, 7), (2, 3), (4,), (1,), (5,))",16.4639,139.1989,155.6628,4416.061242368743,4912.418889357869,72.70559068823474,683.8033057378373,756.5088964260719
squeeze,LBBBGGBLBB,"((2,), (2,), (5,), (3,), (0, 3), (4, 4), (2,), (5,), (1,), (0,))",61.7164,194.11640000000003,255.8328,3264.563072547772,4176.745391285453,201.4770804105873,810.7747790729236,1012.251859483511
squeeze,LBBBGGBLBB,"((4,), (6,), (4,), (2,), (3, 5), (0, 3), (4,), (5,), (7,), (3,))",43.1838,152.8475,196.0313,3437.80391204032,4603.449492874855,148.45743657676678,703.6257463621894,852.0831829389562
squeeze,LBBBGGBLBB,"((2,), (3,), (0,), (3,), (1, 4), (1, 7), (1,), (2,), (7,), (7,))",62.18,177.46679999999998,239.6468,3333.5373733767187,4320.518521316799,207.2793538765644,766.748596318824,974.0279501953884
squeeze,LBBBGGBLBB,"((2,), (7,), (1,), (1,), (4, 1), (0, 6), (7,), (2,), (5,), (2,))",62.141,181.5284,243.6694,3283.409092977996,4305.860595283607,204.0343244467456,781.6359844848807,985.6703089316264
squeeze,LBBBGGBLBB,"((1,), (3,), (1,), (3,), (3, 5), (4, 6), (4,), (5,), (3,), (2,))",83.0639,173.3967,256.4606,3217.916428571428,4300.194568563235,267.29268843121423,745.6395475467888,1012.9322359780032
squeeze,LBBBGGBLBB,"((1,), (1,), (3,), (6,), (2, 7), (3, 2), (0,), (3,), (2,), (0,))",82.6774,214.1485,296.8259,3210.4005277353785,4060.496444349562,265.427568591789,869.5492228127922,1134.9767914045813
squeeze,LBBBGGBLBB,"((0,), (0,), (2,), (1,), (4, 1), (2, 3), (0,), (5,), (2,), (3,))",121.681,233.321,355.00199999999995,3185.57955701084,3949.030975758903,387.624506076636,921.391856295043,1309.016362371679
squeeze,LBBBGGBLBB,"((1,), (5,), (5,), (1,), (0, 1), (3, 2), (5,), (3,), (2,), (6,))",83.0686,180.13079999999997,263.1994,3246.2890273556222,4255.106612944297,269.6646846977933,766.4757582749464,1036.1404429727395
squeeze,LBBBGGBLBB,"((3,), (6,), (7,), (1,), (3, 7), (1, 5), (0,), (5,), (6,), (2,))",50.9015,183.65350000000004,234.55500000000004,3348.077149045396,4328.225570615749,170.4221490021342,794.8937748330796,965.315923835214
squeeze,LBBBGGBLBB,"((0,), (3,), (1,), (2,), (2, 6), (0, 3), (3,), (0,), (3,), (4,))",121.636,224.1895,345.8255,3170.2624781752843,3951.912674542867,385.6180467953288,885.9773265494282,1271.595373344757
squeeze,LBBGBLGGBB,"((2,), (2,), (1,), (0, 4), (4,), (5,), (2, 1), (0, 4), (1,), (5,))",62.2306,200.4283,262.6589,3292.056242570761,4097.95756072108,204.866635208924,821.346667367473,1026.213302576397
squeeze,LBBGBLGGBB,"((3,), (0,), (2,), (1, 2), (3,), (0,), (1, 4), (2, 4), (4,), (3,))",50.9456,191.51538000000005,242.46098000000003,3344.319433728083,4104.8190856749225,170.37836014293742,786.1359870242854,956.5143471672228
squeeze,LBBGBLGGBB,"((3,), (7,), (5,), (0, 6), (5,), (1,), (3, 1), (4, 7), (3,), (4,))",50.8048,166.50478999999996,217.30959,3356.69497079158,4493.589993684924,170.53621665207206,748.2042582446094,918.7404748966816
squeeze,LBBGBLGGBB,"((1,), (2,), (2,), (1, 5), (4,), (5,), (2, 4), (1, 6), (5,), (0,))",82.6262,213.36211000000003,295.98831,3203.2003554487555,4034.581398870786,264.66827320937995,860.8268002298227,1125.4950734392023
squeeze,LBBGBLGGBB,"((5,), (2,), (1,), (0, 7), (6,), (4,), (0, 1), (1, 7), (3,), (1,))",36.42,201.83705,238.25705,3542.326032467533,4241.021458620443,129.01151410246754,855.9952601946472,985.0067742971148
squeeze,LBBGBLGGBB,"((4,), (5,), (4,), (3, 4), (0,), (5,), (0, 5), (1, 0), (1,), (3,))",43.226,167.44870000000003,210.67470000000003,3419.7322489579387,4357.242571625625,147.82134619345587,729.6146042033679,877.4359503968237
squeeze,LBBGBLGGBB,"((0,), (4,), (4,), (3, 5), (4,), (5,), (1, 7), (0, 6), (0,), (7,))",121.609,204.13997,325.74897,3204.925236835041,4214.363156773982,389.74775312627247,860.3199683929461,1250.0677215192186
squeeze,LBBGBLGGBB,"((0,), (0,), (7,), (4, 2), (2,), (2,), (2, 5), (1, 2), (3,), (6,))",121.654,193.34065000000004,314.99465000000004,3193.1197323749784,4214.002427092341,388.4557879223456,814.7379683556111,1203.1937562779567
squeeze,LBBGBLGGBB,"((2,), (0,), (6,), (1, 7), (1,), (5,), (3, 2), (3, 1), (4,), (2,))",62.1429,177.72,239.8629,3266.370379979284,4283.243448658903,202.98172788601465,761.2180256956601,964.1997535816748
squeeze,LBBGBLGGBB,"((1,), (0,), (5,), (3, 6), (3,), (0,), (4, 5), (3, 3), (4,), (7,))",83.0608,170.09375,253.15455,3253.484965986396,4397.330575030192,270.23706406280286,747.9584474965418,1018.1955115593446
squeeze,GBLLLGLBGG,"((4, 5), (4,), (4,), (5,), (0,), (3, 1), (4,), (3,), (1, 7), (1, 3))",16.4541,161.43183,177.88593,4344.802610722609,4686.814240168649,71.48981663709087,756.6009996604845,828.0908162975753
squeeze,GBLLLGLBGG,"((3, 5), (4,), (4,), (3,), (2,), (1, 3), (0,), (3,), (3, 5), (1, 0))",18.0753,181.43853,199.51383,4126.098545621044,4334.966773413148,74.58046904166405,786.5299989669246,861.1104680085887
squeeze,GBLLLGLBGG,"((4, 7), (6,), (3,), (0,), (3,), (0, 2), (0,), (2,), (4, 4), (1, 7))",12.0434,203.92317,215.96657,5323.963611111112,4372.456279987121,64.11862335405557,891.6451453013813,955.7637686554368
squeeze,GBLLLGLBGG,"((0, 2), (3,), (5,), (2,), (4,), (3, 1), (0,), (4,), (2, 3), (3, 1))",27.01,206.1801,233.1901,3608.144559069242,4171.831924429438,97.45598454046022,860.1487233620539,957.6047079025142
squeeze,GBLLLGLBGG,"((2, 1), (2,), (5,), (3,), (5,), (2, 3), (2,), (0,), (1, 3), (2, 0))",35.788,196.1528,231.9408,3478.3369235064456,4172.189343004861,124.48272181844868,818.386621760564,942.8693435790128
squeeze,GBLLLGLBGG,"((4, 3), (1,), (1,), (0,), (1,), (4, 0), (3,), (3,), (4, 3), (1, 4))",20.5964,188.4475,209.0439,4041.288301698301,4382.434043307403,83.23599037709889,825.8587393761718,909.0947297532708
squeeze,GBLLLGLBGG,"((0, 3), (1,), (2,), (1,), (1,), (3, 4), (4,), (6,), (4, 4), (1, 4))",21.5847,214.8265,236.4112,3780.491657509157,4156.36330126484,81.60077827983791,892.8969807391711,974.497759019009
squeeze,GBLLLGLBGG,"((4, 7), (4,), (0,), (2,), (1,), (4, 0), (3,), (0,), (3, 2), (4, 7))",11.3463,183.46109,194.80739,5459.741309523808,4572.448490552331,61.94786282024998,838.8663840455855,900.8142468658356
squeeze,GBLLLGLBGG,"((2, 1), (6,), (3,), (0,), (2,), (4, 1), (2,), (4,), (3, 6), (0, 1))",36.1079,209.24354,245.35144000000005,3476.0314150523946,4158.024183567729,125.51219473157036,870.0396995753214,995.5518943068918
squeeze,GBLLLGLBGG,"((3, 6), (1,), (5,), (4,), (3,), (3, 3), (2,), (6,), (3, 6), (1, 6))",13.6858,157.31139999999996,170.99719999999996,4699.598968253968,4692.948532360146,64.31777155973016,738.2543037535197,802.5720753132499
squeeze,GLBBLLBGGL,"((2, 4), (3,), (2,), (5,), (1,), (4,), (6,), (3, 4), (1, 4), (1,))",19.711,157.19893000000002,176.90993000000003,3895.2540023212105,4472.7919869200605,76.77935163975337,703.1181144564076,779.897466096161
squeeze,GLBBLLBGGL,"((0, 2), (0,), (2,), (2,), (2,), (2,), (0,), (2, 2), (1, 6), (2,))",27.8084,224.0106,251.819,3592.7150654935026,3977.894511558213,99.90765762726951,891.0905362708622,990.9981938981316
squeeze,GLBBLLBGGL,"((2, 5), (0,), (7,), (7,), (3,), (2,), (0,), (2, 2), (2, 3), (0,))",17.1737,189.40950000000004,206.58320000000003,4156.602377622377,4307.580973078566,71.38424225257343,815.8967583203248,887.2810005728983
squeeze,GLBBLLBGGL,"((4, 5), (2,), (1,), (3,), (4,), (0,), (6,), (3, 2), (0, 1), (0,))",18.2123,167.97940000000003,186.19170000000005,4239.529024447774,4489.46326298826,77.21157445195018,754.1373452388102,831.3489196907603
squeeze,GLBBLLBGGL,"((4, 1), (1,), (3,), (2,), (0,), (2,), (1,), (1, 6), (3, 5), (5,))",36.8455,171.5152,208.3607,3710.4656903483,4447.814172493712,136.7139635937283,762.8677373580934,899.5817009518217
squeeze,GLBBLLBGGL,"((2, 3), (5,), (5,), (6,), (0,), (1,), (0,), (3, 7), (3, 7), (0,))",23.0029,188.2911,211.294,3716.6277584751847,4284.061028645157,85.49321666542883,806.6505635507283,892.1437802161571
squeeze,GLBBLLBGGL,"((0, 0), (4,), (7,), (1,), (0,), (1,), (7,), (4, 2), (0, 2), (1,))",53.0053,212.6785,265.6838,3346.49299262396,4170.673125584588,177.3818650219308,887.0125043396419,1064.394369361573
squeeze,GLBBLLBGGL,"((2, 7), (0,), (4,), (1,), (0,), (4,), (4,), (0, 5), (0, 4), (2,))",14.1783,209.4206,223.5989,4730.774307359308,4130.509783674095,67.07433736203248,865.0138372028993,932.0881745649316
squeeze,GLBBLLBGGL,"((1, 7), (4,), (5,), (6,), (0,), (3,), (5,), (1, 0), (1, 1), (1,))",14.1687,184.425,198.5937,4692.995946275944,4352.847862781999,66.49365166399997,802.7739670935701,869.2676187575701
squeeze,GLBBLLBGGL,"((1, 0), (0,), (5,), (1,), (2,), (3,), (6,), (1, 5), (1, 7), (0,))",53.0541,209.0467,262.10079999999994,3367.3517887421017,4099.331814124833,178.65181853510234,856.9517879478096,1035.603606482912
squeeze,GGLGGLBBBL,"((2, 7), (3, 4), (1,), (4, 4), (2, 4), (4,), (7,), (6,), (5,), (0,))",14.1213,153.24314,167.36444,4640.727438672438,4689.125226409444,65.5331043797251,718.5762735481941,784.1093779279192
squeeze,GGLGGLBBBL,"((3, 1), (2, 6), (4,), (0, 3), (4, 7), (1,), (3,), (6,), (1,), (5,))",36.7785,173.5006,210.2791,3570.944635026807,4411.304952985207,131.33398725933344,765.3640561259051,896.6980433852385
squeeze,GGLGGLBBBL,"((1, 3), (0, 3), (0,), (3, 4), (1, 6), (3,), (5,), (3,), (7,), (5,))",22.6771,179.4369,202.114,3756.5232853013,4314.097449664411,85.1870541931061,774.1082726656881,859.2953268587942
squeeze,GGLGGLBBBL,"((1, 0), (4, 2), (0,), (3, 7), (3, 7), (5,), (7,), (1,), (5,), (2,))",53.087,176.55150000000003,229.6385,3370.0066512007,4370.815961674241,178.90354309229156,771.6741142575299,950.5776573498216
squeeze,GGLGGLBBBL,"((2, 6), (4, 1), (0,), (4, 2), (0, 7), (0,), (4,), (6,), (1,), (5,))",15.212,168.10590000000002,183.3179,4431.325277777778,4507.0571234967765,67.40932012555557,757.6628940968368,825.0722142223924
squeeze,GGLGGLBBBL,"((1, 0), (3, 6), (4,), (0, 5), (2, 2), (5,), (3,), (6,), (2,), (3,))",53.2687,187.2651,240.5338,3370.353558617738,4269.180901464748,179.53435260794072,799.4685884308861,979.0029410388267
squeeze,GGLGGLBBBL,"((0, 6), (1, 6), (2,), (1, 4), (2, 2), (1,), (3,), (0,), (3,), (5,))",15.1217,232.1476,247.2693,4430.675736208236,4039.277584974875,66.99934928022009,937.7085970857132,1004.7079463659334
squeeze,GGLGGLBBBL,"((4, 6), (0, 4), (2,), (1, 2), (0, 0), (0,), (6,), (1,), (6,), (2,))",16.5919,188.2926,204.88450000000003,4535.223598623598,4342.8019180360025,75.24797642600288,817.7174644319857,892.9654408579886
squeeze,GGLGGLBBBL,"((2, 2), (3, 5), (1,), (1, 6), (0, 0), (4,), (6,), (2,), (1,), (2,))",27.5376,181.7698,209.3074,3617.055720428521,4241.868218382595,99.60503360687244,771.0435376817607,870.6485712886331
squeeze,GGLGGLBBBL,"((0, 7), (4, 0), (4,), (0, 4), (0, 2), (1,), (5,), (2,), (3,), (0,))",14.172,237.1348,251.3068,4634.25693833944,4053.573569937804,65.67668933014654,961.2433577924872,1026.9200471226338
squeeze,LBGGGGLLGL,"((2,), (3,), (2, 4), (0, 5), (0, 6), (2, 1), (1,), (1,), (2, 7), (1,))",61.1796,211.5025,272.6821,3260.454079090216,3972.23132642254,199.47327637710777,840.1368561166832,1039.610132493791
squeeze,LBGGGGLLGL,"((0,), (6,), (1, 6), (4, 4), (3, 3), (4, 3), (4,), (4,), (1, 4), (0,))",121.374,196.3771,317.7511,3179.3385913562133,4175.502118961322,385.889042187269,819.9729971654795,1205.8620393527483
squeeze,LBGGGGLLGL,"((0,), (2,), (1, 6), (3, 7), (2, 3), (3, 3), (5,), (5,), (3, 0), (0,))",121.329,198.94172999999995,320.27073,3170.870538954902,4117.922890706579,384.7185516208593,819.2267038837676,1203.9452555046269
squeeze,LBGGGGLLGL,"((3,), (6,), (3, 5), (3, 2), (2, 7), (4, 3), (3,), (4,), (1, 4), (1,))",49.948,150.531,200.479,3322.8375109542244,4457.618841356275,165.96908799714163,671.0098218082015,836.9789098053432
squeeze,LBGGGGLLGL,"((4,), (0,), (1, 2), (4, 3), (1, 2), (2, 2), (4,), (3,), (1, 2), (3,))",41.6346,158.4493,200.0839,3405.879642948365,4366.005787613954,141.802436582298,691.7905608433797,833.5929974256777
squeeze,LBGGGGLLGL,"((2,), (3,), (0, 0), (2, 3), (3, 7), (3, 2), (4,), (2,), (3, 6), (3,))",60.6677,169.44445000000002,230.11215,3264.867404181184,4207.1174693747935,198.07199621664284,712.8727056836037,910.9447019002466
squeeze,LBGGGGLLGL,"((4,), (2,), (0, 2), (4, 7), (4, 1), (3, 6), (1,), (0,), (3, 4), (5,))",41.3299,168.55324999999996,209.88315,3418.61682010582,4367.0865625051465,141.29109131329153,736.0866331415704,877.3777244548619
squeeze,LBGGGGLLGL,"((3,), (6,), (0, 1), (3, 6), (3, 4), (2, 6), (0,), (4,), (2, 5), (3,))",49.1448,169.54240999999996,218.68721,3326.817091636812,4285.441850684418,163.4957606050728,726.5641392798962,890.0598998849689
squeeze,LBGGGGLLGL,"((5,), (2,), (0, 7), (2, 2), (3, 0), (2, 2), (4,), (2,), (2, 2), (2,))",35.8343,166.2704,202.1047,3522.609946640318,4338.916894002259,126.23026161089314,721.4334475325131,847.6637091434063
squeeze,LBGGGGLLGL,"((4,), (2,), (3, 3), (1, 2), (3, 7), (0, 7), (1,), (1,), (2, 3), (5,))",41.3342,178.1951,219.5293,3417.0850105820123,4220.722699141794,141.242475244399,752.1121034458419,893.3545786902408
squeeze,LLGLLLGLBL,"((3,), (0,), (3, 3), (3,), (3,), (0,), (2, 0), (2,), (3,), (1,))",48.3393,197.7453,246.0846,3312.5831381993853,4031.278299477788,160.12795009236154,797.1663367137251,957.2942868060866
squeeze,LLGLLLGLBL,"((0,), (4,), (1, 0), (2,), (0,), (0,), (4, 0), (4,), (2,), (0,))",118.161,241.7303,359.8913,3158.468922724984,3869.984520894264,373.20784637810686,935.4925192311266,1308.7003656092334
squeeze,LLGLLLGLBL,"((4,), (2,), (3, 4), (4,), (4,), (4,), (1, 2), (2,), (0,), (5,))",37.977,175.38020000000003,213.35720000000003,3414.948081480896,4264.5534627134375,129.68948329039998,747.9182392013754,877.6077224917753
squeeze,LLGLLLGLBL,"((4,), (4,), (4, 4), (2,), (4,), (4,), (1, 4), (3,), (5,), (1,))",41.3115,175.7616,217.0731,3387.497735988815,4249.895680271081,139.94261272030192,746.9684645975336,886.9110773178355
squeeze,LLGLLLGLBL,"((5,), (0,), (2, 0), (2,), (0,), (4,), (0, 3), (1,), (4,), (5,))",32.2153,201.128,233.3433,3540.6697153209125,4136.160611790442,114.06373707997778,831.897711528188,945.9614486081656
squeeze,LLGLLLGLBL,"((2,), (5,), (3, 3), (5,), (2,), (4,), (1, 3), (5,), (1,), (5,))",57.3242,168.7519,226.0761,3265.3209237503715,4359.424878926708,187.18190969725103,735.6612312261519,922.843140923403
squeeze,LLGLLLGLBL,"((1,), (3,), (3, 7), (3,), (3,), (1,), (3, 6), (2,), (1,), (3,))",76.7373,197.6879,274.4252,3201.801334621392,4056.7659401045057,245.69758955524216,801.9735394907856,1047.6711290460278
squeeze,LLGLLLGLBL,"((4,), (4,), (1, 4), (3,), (3,), (3,), (0, 2), (3,), (2,), (4,))",39.3889,180.5003,219.8892,3397.037381257272,4196.259668893703,133.80556570660457,757.4261291132141,891.2316948198186
squeeze,LLGLLLGLBL,"((4,), (1,), (0, 2), (4,), (3,), (2,), (1, 3), (5,), (4,), (1,))",41.2597,183.1963,224.456,3385.2991866558664,4204.312026445628,139.6764288516651,770.2144072903413,909.8908361420064
squeeze,LLGLLLGLBL,"((2,), (0,), (2, 1), (5,), (4,), (5,), (0, 4), (2,), (5,), (5,))",57.2614,186.6896,243.951,3267.629407650398,4205.475660829985,187.1090345632325,785.1185689300856,972.2276034933182
squeeze,BBGLBGGGGB,"((0,), (1,), (4, 2), (1,), (0,), (1, 5), (1, 2), (1, 3), (2, 0), (1,))",60.6496,259.5746,320.2242,3334.6471184886345,3891.130256669168,202.2450138774883,1010.0385799227964,1212.2835938002847
squeeze,BBGLBGGGGB,"((4,), (2,), (2, 1), (5,), (3,), (3, 3), (3, 5), (1, 5), (2, 0), (1,))",22.8058,176.30187,199.10767,3871.737595704949,4422.033288951569,88.29807326012794,779.6127380444121,867.9108113045401
squeeze,BBGLBGGGGB,"((6,), (7,), (0, 1), (3,), (5,), (4, 4), (1, 4), (0, 2), (2, 4), (0,))",18.5649,212.34571,230.91061,4289.238563658562,4326.822103429676,79.62928501046486,918.782111596468,998.4113966069328
squeeze,BBGLBGGGGB,"((6,), (3,), (1, 3), (3,), (5,), (2, 7), (4, 0), (1, 6), (1, 1), (5,))",15.0498,162.42423,177.47403,4558.575039682541,4762.971528256225,68.6056426322143,773.6219829889405,842.2276256211549
squeeze,BBGLBGGGGB,"((1,), (6,), (4, 3), (0,), (5,), (1, 4), (0, 6), (3, 7), (3, 6), (3,))",37.6138,212.56551,250.17931,3475.807816268375,4203.252660053679,130.7383400395554,893.4665453431669,1024.2048853827223
squeeze,BBGLBGGGGB,"((0,), (3,), (0, 3), (0,), (2,), (4, 0), (0, 2), (1, 6), (1, 6), (5,))",54.0486,262.9406,316.9892,3395.917997454927,3974.228747689892,183.5446134772424,1044.986091454829,1228.530704932071
squeeze,BBGLBGGGGB,"((6,), (7,), (4, 1), (4,), (0,), (0, 2), (0, 3), (3, 7), (3, 1), (5,))",12.0251,171.6422,183.6673,4602.077702020202,4732.2990133263065,55.34044457456313,812.2622137051566,867.6026582797197
squeeze,BBGLBGGGGB,"((1,), (0,), (3, 1), (4,), (5,), (2, 2), (1, 3), (4, 6), (3, 1), (2,))",40.3003,196.47831,236.77861,3466.493336888826,4246.028764978717,139.70072142462075,834.2525559544055,973.9532773790262
squeeze,BBGLBGGGGB,"((3,), (2,), (0, 5), (5,), (6,), (2, 5), (2, 2), (2, 3), (1, 0), (2,))",24.5849,183.14617,207.73107,3739.545479242981,4353.926476338532,91.93635165264077,797.4049586029978,889.3413102556385
squeeze,BBGLBGGGGB,"((3,), (1,), (3, 3), (0,), (6,), (3, 4), (0, 3), (0, 6), (2, 1), (1,))",26.2003,227.44645,253.64675,3691.139560381569,4080.8737831689455,96.70896382386522,928.1802548798464,1024.8892187037115
squeeze,GGGGBLGGBB,"((2, 7), (2, 7), (0, 6), (0, 7), (6,), (1,), (4, 5), (1, 2), (1,), (3,))",11.2586,202.30804,213.56664,4675.767243867243,4272.086224282612,52.64259309180375,864.2773907456157,916.9199838374194
squeeze,GGGGBLGGBB,"((2, 7), (3, 6), (4, 0), (1, 0), (7,), (0,), (1, 3), (1, 6), (1,), (4,))",12.1378,191.89877,204.03657,4731.353066378067,4282.426262169003,57.428217249083694,821.7923323259294,879.220549575013
squeeze,GGGGBLGGBB,"((1, 7), (4, 0), (3, 0), (0, 0), (2,), (3,), (2, 5), (3, 3), (0,), (1,))",13.2013,212.10073,225.30203,4594.379216339217,4131.371684174471,60.65177834865891,876.2669501147348,936.9187284633936
squeeze,GGGGBLGGBB,"((4, 6), (4, 3), (1, 3), (3, 1), (0,), (0,), (4, 3), (4, 3), (5,), (5,))",11.1995,144.2868,155.4863,4705.996865079365,4891.694487086511,52.70481189045636,705.8069441193541,758.5117560098104
squeeze,GGGGBLGGBB,"((2, 1), (3, 3), (1, 3), (0, 5), (6,), (2,), (0, 4), (0, 3), (4,), (4,))",30.1543,209.43335,239.58765,3544.362030769675,4108.831297891633,106.877755984438,860.5263033022926,967.4040592867308
squeeze,GGGGBLGGBB,"((1, 4), (2, 0), (4, 2), (2, 0), (5,), (2,), (4, 1), (3, 6), (2,), (1,))",18.1157,176.21918999999997,194.33489,3889.644370629372,4319.263145373334,70.46363052501052,761.137052874541,831.6006833995516
squeeze,GGGGBLGGBB,"((3, 3), (0, 7), (3, 6), (1, 0), (3,), (4,), (3, 1), (1, 0), (7,), (4,))",17.954,168.35088,186.30488,3934.5049877573415,4444.743635526862,70.64010255019531,748.2765024153465,818.9166049655419
squeeze,GGGGBLGGBB,"((4, 7), (4, 5), (1, 1), (3, 1), (0,), (5,), (0, 7), (0, 6), (6,), (6,))",9.06189,160.31215,169.37404,5126.321865079364,4804.121357523091,46.45416484594404,770.1590236854454,816.6131885313895
squeeze,GGGGBLGGBB,"((0, 1), (2, 6), (0, 5), (3, 3), (1,), (2,), (0, 3), (1, 5), (7,), (1,))",33.1808,224.8676,258.0484,3443.7849511450167,4047.564360091888,114.26753970695256,910.1660834993986,1024.433623206351
squeeze,GGGGBLGGBB,"((1, 5), (2, 1), (3, 7), (3, 2), (0,), (4,), (3, 5), (2, 2), (3,), (3,))",12.9422,164.8553,177.7975,4206.841695526697,4393.728726725489,54.44578659184562,724.3294673629484,778.775253954794
squeeze,GGGGGLGLGG,"((0, 2), (2, 7), (2, 4), (1, 5), (2, 5), (4,), (3, 4), (2,), (2, 0), (4, 1))",27.7159,198.5567,226.2726,3663.310330847025,4233.494440987375,101.53194279872308,840.588685670798,942.1206284695212
squeeze,GGGGGLGLGG,"((2, 5), (3, 3), (1, 1), (4, 6), (1, 0), (4,), (0, 2), (5,), (3, 1), (4, 1))",17.9756,154.98610000000002,172.9617,4193.988792245337,4664.442143684618,75.3894649338853,722.9236965253186,798.3131614592039
squeeze,GGGGGLGLGG,"((3, 6), (2, 3), (1, 1), (2, 4), (4, 1), (1,), (1, 0), (0,), (0, 7), (0, 5))",14.1533,211.0168,225.1701,4603.009758297259,4160.073030658397,65.1477780121086,877.8452986958368,942.9930767079454
squeeze,GGGGGLGLGG,"((3, 7), (4, 4), (0, 2), (4, 6), (4, 0), (1,), (1, 6), (2,), (2, 0), (1, 6))",12.4401,168.63459999999998,181.0747,5045.244642857141,4544.846639982241,62.76334788160712,766.4183951947491,829.1817430763563
squeeze,GGGGGLGLGG,"((3, 6), (1, 7), (3, 1), (1, 0), (4, 6), (5,), (4, 1), (1,), (0, 3), (3, 5))",14.0037,167.51149999999998,181.5152,4689.8916666666655,4515.993420337858,65.6758359325,756.4808318309251,822.1566677634252
squeeze,GGGGGLGLGG,"((1, 4), (3, 3), (0, 7), (3, 3), (3, 3), (0,), (3, 3), (0,), (2, 3), (1, 3))",18.5132,205.3278,223.841,3966.783436563436,4157.959932554392,73.43785511778621,853.7447654395418,927.182620557328
squeeze,GGGGGLGLGG,"((3, 5), (3, 5), (3, 5), (4, 2), (0, 1), (0,), (3, 0), (5,), (1, 1), (3, 2))",16.2336,148.76940000000002,165.003,4318.51186091686,4696.346434277588,70.10499414537993,698.6726412196163,768.7776353649962
squeeze,GGGGGLGLGG,"((4, 1), (3, 3), (0, 7), (1, 3), (0, 0), (5,), (4, 2), (0,), (0, 2), (2, 1))",36.1763,193.9034,230.0797,3712.941083278236,4362.064290333378,134.32047051099846,845.8190969142292,980.1395674252276
squeeze,GGGGGLGLGG,"((3, 1), (0, 3), (3, 3), (1, 2), (4, 0), (0,), (1, 7), (2,), (2, 0), (0, 5))",32.1258,209.9458,242.0716,3694.439341489412,4148.421127761481,118.68681939682054,870.9435924047864,989.6304118016068
squeeze,GGGGGLGLGG,"((1, 7), (2, 6), (1, 5), (2, 7), (0, 6), (5,), (4, 1), (2,), (1, 7), (3, 0))",16.0158,179.7756,195.7914,4518.464568209568,4465.773739224904,72.36682483153079,802.8371534334005,875.2039782649314
squeeze,GGGGBGGBLB,"((4, 1), (3, 3), (2, 0), (3, 1), (1,), (1, 2), (0, 1), (0,), (5,), (5,))",37.0606,182.33434000000003,219.39494,3822.696692544837,4398.233101017555,141.67143304372718,801.9489296401892,943.6203626839164
squeeze,GGGGBGGBLB,"((1, 4), (4, 4), (0, 5), (3, 7), (0,), (3, 3), (0, 0), (7,), (2,), (2,))",23.3896,193.74342,217.13302,3888.297035830096,4351.815571828055,90.9457123492516,843.135632095223,934.0813444444746
squeeze,GGGGBGGBLB,"((2, 2), (4, 4), (3, 0), (4, 2), (0,), (4, 7), (4, 3), (5,), (2,), (2,))",32.812,156.5165,189.3285,3613.2413259449663,4596.100048862906,118.5576743869062,719.3654932978511,837.9231676847573
squeeze,GGGGBGGBLB,"((2, 1), (4, 1), (2, 4), (0, 7), (6,), (0, 3), (3, 0), (4,), (4,), (6,))",41.2481,187.17947,228.42757,3582.5898792503867,4369.933139230232,147.77502559830788,817.961768936551,965.736794534859
squeeze,GGGGBGGBLB,"((3, 0), (4, 4), (3, 6), (3, 3), (1,), (2, 0), (3, 2), (2,), (4,), (6,))",48.8041,144.53331,193.33741,3632.785208483528,4682.756930408011,177.29481259335094,676.8143590773095,854.1091716706604
squeeze,GGGGBGGBLB,"((3, 2), (0, 7), (1, 2), (3, 7), (6,), (1, 6), (3, 6), (6,), (4,), (1,))",34.5626,169.74991,204.31251,3650.105306292936,4532.997710776548,126.15712965928024,769.4759534345251,895.6330830938053
squeeze,GGGGBGGBLB,"((1, 3), (1, 6), (4, 7), (4, 0), (5,), (4, 4), (0, 7), (7,), (4,), (7,))",26.0585,160.05789,186.11639,3922.728447364899,4807.866344164023,102.2204192456582,769.5369424489073,871.7573616945656
squeeze,GGGGBGGBLB,"((4, 4), (0, 1), (4, 6), (0, 3), (5,), (0, 6), (2, 0), (0,), (4,), (5,))",21.3559,207.04017,228.39607,4247.508452797201,4300.542836010175,90.70936576709174,890.3851198598287,981.0944856269203
squeeze,GGGGBGGBLB,"((2, 5), (1, 0), (2, 0), (3, 4), (2,), (4, 0), (1, 7), (0,), (1,), (1,))",21.5481,209.55657,231.10467,4058.755901892226,4135.001294875216,87.45847804956388,866.5166882996089,953.9751663491728
squeeze,GGGGBGGBLB,"((2, 6), (3, 0), (3, 1), (4, 7), (1,), (4, 0), (2, 1), (4,), (1,), (3,))",18.4076,154.12327,172.53087,4332.223817848818,4604.298836139784,79.74584314943388,709.6295926830577,789.3754358324916
squeeze,LLBBLLGLBB,"((4,), (4,), (3,), (5,), (1,), (5,), (2, 7), (3,), (5,), (1,))",42.4559,159.5084,201.9643,3416.3420705183685,4454.435324241668,145.0438773117208,710.5198514732697,855.5637287849904
squeeze,LLBBLLGLBB,"((5,), (5,), (5,), (2,), (3,), (1,), (1, 3), (1,), (2,), (4,))",37.085,164.63909999999998,201.7241,3583.8399912165146,4386.950373206029,132.90670607426446,722.2635611893047,855.1702672635691
squeeze,LLBBLLGLBB,"((1,), (3,), (5,), (1,), (0,), (2,), (0, 0), (1,), (7,), (5,))",83.2888,207.8442,291.133,3240.272271417693,4034.624294187213,269.8783891596539,838.5732587259059,1108.45164788556
squeeze,LLBBLLGLBB,"((5,), (2,), (6,), (4,), (0,), (4,), (1, 6), (3,), (7,), (3,))",36.9479,155.0304,191.9783,3565.968355108658,4603.635567507111,131.75504218771917,713.7034634848543,845.4585056725734
squeeze,LLBBLLGLBB,"((3,), (5,), (2,), (7,), (5,), (1,), (3, 7), (4,), (5,), (3,))",50.8642,151.5398,202.404,3353.1127558122057,4611.28710673893,170.5533978341832,698.7935258977961,869.3469237319794
squeeze,LLBBLLGLBB,"((0,), (1,), (4,), (6,), (5,), (2,), (1, 2), (1,), (3,), (1,))",121.711,219.3338,341.0448,3171.4207707070377,3996.553801710707,385.99679342352425,876.5793322336558,1262.57612565718
squeeze,LLBBLLGLBB,"((3,), (4,), (5,), (0,), (1,), (3,), (0, 5), (3,), (4,), (1,))",50.341,204.3419,254.6829,3331.4998469481825,4064.2354224281257,167.71103379521844,830.4935882662658,998.2046220614842
squeeze,LLBBLLGLBB,"((2,), (4,), (0,), (5,), (1,), (1,), (3, 2), (4,), (0,), (0,))",61.8138,212.7439,274.5577,3260.039941927988,4007.130316666931,201.51545696234825,852.4925313759579,1054.0079883383062
squeeze,LLBBLLGLBB,"((1,), (2,), (3,), (3,), (3,), (1,), (4, 4), (1,), (6,), (5,))",83.1128,182.1521,265.2649,3233.0373191094627,4171.443602899358,268.7067840956809,759.8372122996841,1028.543996395365
squeeze,LLBBLLGLBB,"((3,), (0,), (4,), (7,), (2,), (2,), (0, 5), (0,), (5,), (6,))",50.9444,186.9739,237.9183,3383.199543127595,4308.303042381306,172.35507080490945,805.540222215898,977.8952930208076
squeeze,GBLGGGBBBB,"((1, 1), (0,), (3,), (0, 1), (1, 0), (3, 4), (6,), (4,), (5,), (3,))",28.67,202.5998,231.2698,3514.548205169059,4164.699458134434,100.76209704219694,843.7672772781448,944.5293743203416
squeeze,GBLGGGBBBB,"((3, 4), (4,), (1,), (0, 4), (3, 6), (3, 6), (2,), (1,), (4,), (5,))",10.4481,193.3265,203.7746,4264.013790653788,4302.371072869906,44.550842486129845,831.762341219184,876.3131837053138
squeeze,GBLGGGBBBB,"((2, 1), (3,), (3,), (0, 2), (0, 1), (0, 2), (0,), (1,), (7,), (0,))",32.7055,273.1788,305.8843,3461.054100184249,3849.687830124008,113.19550487357594,1051.6531018078804,1164.8486066814562
squeeze,GBLGGGBBBB,"((2, 5), (7,), (3,), (2, 0), (0, 1), (3, 5), (5,), (1,), (4,), (7,))",9.00279,174.4919,183.49469,4729.712510822511,4499.673300434944,42.580608495307786,785.1565435721643,827.7371520674722
squeeze,GBLGGGBBBB,"((2, 0), (1,), (0,), (4, 6), (4, 2), (3, 0), (3,), (5,), (6,), (2,))",38.1258,172.5182,210.644,3390.876619634842,4415.927840992477,129.27988382487405,761.8279224579084,891.1078062827823
squeeze,GBLGGGBBBB,"((0, 1), (0,), (0,), (2, 1), (4, 3), (3, 3), (6,), (6,), (2,), (0,))",31.0493,238.04250000000005,269.09180000000003,3434.3668898789488,4027.541126203401,106.63468787391844,958.7259585342732,1065.3606464081918
squeeze,GBLGGGBBBB,"((0, 6), (1,), (2,), (2, 0), (2, 3), (3, 6), (7,), (7,), (2,), (5,))",9.54107,188.32353,197.8646,4590.304920634921,4469.494779854368,43.79642056912222,841.7110342587474,885.5074548278697
squeeze,GBLGGGBBBB,"((2, 4), (0,), (3,), (2, 3), (1, 7), (2, 0), (7,), (5,), (2,), (5,))",13.3298,169.6616,182.9914,4159.9198093573095,4486.102611709455,55.45089907477107,761.1193468668049,816.570245941576
squeeze,GBLGGGBBBB,"((3, 3), (0,), (2,), (0, 1), (0, 1), (1, 5), (5,), (2,), (5,), (7,))",12.1672,189.8526,202.0198,4484.53051920302,4364.268625041862,54.56417973324698,828.5677455626226,883.1319252958696
squeeze,GBLGGGBBBB,"((0, 2), (1,), (4,), (4, 6), (0, 1), (2, 2), (4,), (3,), (3,), (0,))",24.4755,230.3777,254.8532,3557.8223731273897,4059.405278278802,87.07948149347942,935.1964513777305,1022.27593287121
squeeze,BGLGBGBGLG,"((6,), (3, 3), (2,), (1, 6), (1,), (2, 5), (3,), (0, 6), (0,), (3, 5))",16.1485,197.0835,213.23200000000003,4617.69803030303,4455.432257313464,74.56889664234846,878.0921832842381,952.6610799265866
squeeze,BGLGBGBGLG,"((3,), (0, 0), (2,), (0, 1), (3,), (2, 6), (5,), (3, 7), (3,), (4, 7))",22.7758,201.76726,224.54306,4250.51285848955,4336.245279222232,96.8088307623863,874.9123286766047,971.721159438991
squeeze,BGLGBGBGLG,"((1,), (2, 0), (3,), (4, 0), (1,), (3, 7), (0,), (3, 3), (2,), (3, 4))",39.1391,201.0417,240.1808,3549.9595607435303,4295.089255737082,138.9422222438971,863.4920456251176,1002.4342678690148
squeeze,BGLGBGBGLG,"((6,), (3, 3), (0,), (1, 3), (1,), (2, 6), (1,), (2, 5), (4,), (1, 1))",17.6996,203.11255,220.81215,4382.490939060938,4356.912768039785,77.56833662500298,884.9436624441192,962.5119990691222
squeeze,BGLGBGBGLG,"((2,), (2, 2), (1,), (0, 4), (2,), (1, 4), (7,), (0, 7), (2,), (4, 6))",28.0717,224.85672,252.92842,3911.963496958839,4234.84960878641,109.81546569757946,952.2343927249952,1062.0498584225747
squeeze,BGLGBGBGLG,"((4,), (1, 2), (0,), (4, 7), (2,), (1, 6), (6,), (4, 7), (3,), (2, 1))",22.5579,175.09409000000002,197.65199,3910.701196760754,4648.194246624219,88.21720652640941,813.8713417559034,902.0885482823128
squeeze,BGLGBGBGLG,"((4,), (1, 3), (4,), (1, 7), (5,), (0, 6), (3,), (1, 4), (2,), (4, 0))",23.5769,193.08403,216.66093,3916.245584214118,4456.553060605426,92.33293051445784,860.48922485053,952.822155364988
squeeze,BGLGBGBGLG,"((1,), (0, 0), (1,), (4, 3), (3,), (2, 3), (1,), (1, 5), (0,), (4, 0))",42.6877,228.28832,270.97601999999995,3474.9786614791665,4154.568319501176,148.3388466076242,948.4394219841467,1096.778268591771
squeeze,BGLGBGBGLG,"((0,), (3, 7), (4,), (2, 2), (7,), (3, 5), (1,), (0, 4), (2,), (4, 0))",61.4255,241.95086,303.37636,3368.759268440475,4127.223012635845,206.9277224435904,998.5851573190336,1205.512879762624
squeeze,BGLGBGBGLG,"((7,), (0, 3), (1,), (0, 4), (4,), (0, 2), (2,), (2, 0), (3,), (2, 2))",15.3042,218.46669,233.77089,4799.237196969699,4367.253558746792,73.44848590986366,954.0994293701322,1027.5479152799958
squeeze,LGBGBLBBGB,"((2,), (2, 6), (2,), (0, 1), (2,), (5,), (7,), (7,), (3, 5), (6,))",62.0615,175.50861000000003,237.57011000000003,3322.1175910671573,4466.050472981611,206.1756008780144,783.8303107028452,990.0059115808596
squeeze,LGBGBLBBGB,"((5,), (4, 1), (3,), (2, 7), (6,), (4,), (0,), (1,), (2, 2), (7,))",37.0655,173.16573999999997,210.23124,3648.392545357221,4493.636555210397,135.22949388993808,778.1438993740592,913.3733932639972
squeeze,LGBGBLBBGB,"((1,), (1, 2), (5,), (3, 5), (7,), (3,), (4,), (6,), (3, 7), (3,))",83.0873,164.04322,247.13052,3224.679754039548,4472.823307418968,267.9299341278101,733.7363378400574,1001.6662719678676
squeeze,LGBGBLBBGB,"((2,), (4, 1), (3,), (2, 5), (6,), (2,), (3,), (1,), (4, 3), (2,))",62.071,182.47342000000003,244.54442000000003,3271.648096075168,4212.291269043925,203.0744689714817,768.6311938985853,971.705662870067
squeeze,LGBGBLBBGB,"((1,), (2, 7), (3,), (2, 7), (4,), (5,), (7,), (7,), (2, 7), (1,))",82.6867,182.18679,264.87349,3217.5684923321346,4420.773446651634,266.0501206549195,805.4065235626974,1071.456644217617
squeeze,LGBGBLBBGB,"((3,), (0, 7), (7,), (0, 7), (3,), (3,), (0,), (1,), (3, 5), (6,))",50.7516,207.64078,258.39238,3390.598914236541,4235.296799642567,172.07831985576723,879.4203310092863,1051.4986508650536
squeeze,LGBGBLBBGB,"((4,), (3, 5), (4,), (4, 4), (3,), (4,), (2,), (3,), (1, 1), (6,))",43.1651,151.29044,194.45554,3469.7567852722,4609.406388439111,149.77239861195304,697.3591206457639,847.131519257717
squeeze,LGBGBLBBGB,"((3,), (3, 0), (3,), (4, 7), (3,), (0,), (5,), (0,), (2, 1), (7,))",50.9327,184.62617,235.55887,3411.374217735161,4358.677834624254,173.7504996196396,804.7259948705694,978.476494490209
squeeze,LGBGBLBBGB,"((0,), (4, 0), (0,), (3, 7), (1,), (0,), (2,), (4,), (3, 7), (2,))",121.588,219.41805,341.00605,3170.8328832313364,4086.691147093421,385.5352286063317,896.6938024475015,1282.2290310538333
squeeze,LGBGBLBBGB,"((1,), (0, 7), (6,), (3, 1), (4,), (0,), (1,), (2,), (4, 1), (3,))",83.0827,207.26822000000004,290.35092000000003,3211.446559987632,4103.825821089488,266.8156511094844,850.592673127257,1117.4083242367417
squeeze,LGLLGBBLGL,"((5,), (2, 5), (5,), (1,), (3, 4), (6,), (7,), (5,), (2, 2), (3,))",35.5717,166.49242,202.06412,3530.6360979020988,4493.784747065119,125.5907280837441,748.1810974979595,873.7718255817036
squeeze,LGLLGBBLGL,"((2,), (2, 3), (1,), (2,), (2, 3), (6,), (3,), (3,), (0, 3), (3,))",60.5965,189.81184,250.40834,3255.4978232822773,4089.0302032560808,197.27177384852453,776.1463466956106,973.4181205441351
squeeze,LGLLGBBLGL,"((5,), (0, 5), (5,), (4,), (0, 0), (2,), (7,), (2,), (4, 6), (3,))",35.5195,182.09724,217.61674,3536.117618939033,4346.9035190517625,125.601129765905,791.5591333656134,917.1602631315184
squeeze,LGLLGBBLGL,"((5,), (3, 7), (1,), (2,), (3, 5), (4,), (2,), (5,), (3, 6), (3,))",35.5825,173.63981000000004,209.22231000000005,3552.11802484472,4388.450264952612,126.39323961903725,762.0096702008213,888.4029098198586
squeeze,LGLLGBBLGL,"((1,), (2, 2), (3,), (1,), (0, 3), (0,), (4,), (5,), (4, 2), (4,))",82.356,217.92103999999995,300.27703999999994,3201.5614109560656,3989.889467505615,263.6677915606977,869.4808622438695,1133.1486538045672
squeeze,LGLLGBBLGL,"((1,), (1, 7), (4,), (4,), (4, 1), (5,), (6,), (0,), (4, 5), (4,))",82.3145,196.25531,278.56981,3199.873585589941,4147.804269125976,263.39599426104314,814.0286126566418,1077.424606917685
squeeze,LGLLGBBLGL,"((1,), (4, 2), (0,), (5,), (2, 7), (4,), (1,), (2,), (0, 4), (0,))",82.4564,214.05416,296.51055999999994,3201.4705179187126,4009.012801291793,263.9817336137125,858.1458676097617,1122.1276012234744
squeeze,LGLLGBBLGL,"((1,), (4, 5), (5,), (1,), (1, 1), (5,), (1,), (1,), (0, 1), (3,))",82.3527,214.6455,296.9982,3200.307245670996,3963.126206883208,263.5539425105698,850.6672062395496,1114.2211487501197
squeeze,LGLLGBBLGL,"((5,), (3, 3), (2,), (1,), (0, 6), (3,), (6,), (3,), (1, 4), (2,))",35.8079,185.6103,221.4182,3520.983150103522,4230.348838358193,126.07901254059188,785.1963169923156,911.2753295329074
squeeze,LGLLGBBLGL,"((0,), (3, 2), (0,), (2,), (1, 2), (6,), (0,), (5,), (0, 6), (0,))",121.312,260.0461,381.3581,3159.2626784866,3852.064731939486,383.2564740525664,1001.7144104884088,1384.9708845409757
squeeze,GLLBLGLBGL,"((4, 4), (2,), (5,), (4,), (1,), (4, 5), (1,), (3,), (2, 1), (4,))",20.8358,150.70337,171.53917,4059.629436175709,4647.913031627074,84.58562700626983,700.4561573331166,785.0417843393865
squeeze,GLLBLGLBGL,"((0, 5), (2,), (4,), (4,), (5,), (1, 5), (1,), (2,), (3, 5), (1,))",17.2774,209.78681,227.06421,4073.493063603065,4101.742238079286,70.3793690570956,860.491419568914,930.8707886260096
squeeze,GLLBLGLBGL,"((1, 5), (5,), (1,), (6,), (1,), (1, 7), (0,), (4,), (3, 6), (3,))",17.0268,183.95701,200.98381,4133.553531329784,4315.869582646354,70.38118926724599,793.934463973571,864.315653240817
squeeze,GLLBLGLBGL,"((4, 2), (1,), (4,), (7,), (0,), (2, 0), (3,), (2,), (4, 5), (0,))",28.7926,176.70694,205.49954,3769.441521841592,4467.309060838707,108.53202196177622,789.4045141750819,897.9365361368581
squeeze,GLLBLGLBGL,"((3, 7), (2,), (3,), (4,), (5,), (0, 0), (3,), (2,), (1, 3), (3,))",14.6997,167.96179000000004,182.66149000000004,4713.525631313132,4409.411689053452,69.28741272261365,740.6126801403414,809.900092862955
squeeze,GLLBLGLBGL,"((1, 2), (3,), (0,), (7,), (5,), (4, 4), (2,), (3,), (4, 0), (1,))",27.9929,174.90449,202.89739,3568.2062263501884,4406.306096168605,99.88444007359818,770.6827205342609,870.567160607859
squeeze,GLLBLGLBGL,"((1, 0), (0,), (3,), (5,), (1,), (3, 6), (0,), (1,), (3, 0), (0,))",53.4329,216.58833,270.02123,3345.963014835113,4032.8176409065823,178.7845071753831,873.4612380384964,1052.2457452138794
squeeze,GLLBLGLBGL,"((2, 0), (4,), (2,), (3,), (4,), (1, 5), (0,), (0,), (0, 4), (5,))",53.4027,204.21491,257.61761,3372.248356201158,4091.173287765229,180.0871672917036,835.4785847553803,1015.565752047084
squeeze,GLLBLGLBGL,"((0, 5), (5,), (0,), (3,), (1,), (0, 0), (5,), (7,), (2, 6), (1,))",17.0604,212.02784,229.08824,4085.1858874458894,4184.225590083695,69.69490531418185,887.1723139381713,956.8672192523532
squeeze,GLLBLGLBGL,"((2, 4), (2,), (2,), (0,), (1,), (4, 4), (4,), (4,), (3, 4), (0,))",19.9372,197.01281,216.95001,3875.189575008325,4137.241188666756,77.26042959485598,815.0895122269777,892.3499418218337
squeeze,BGBLLLLBLG,"((4,), (2, 4), (5,), (5,), (4,), (5,), (5,), (2,), (3,), (2, 0))",22.1796,161.22767000000005,183.40727000000004,3882.787330855419,4619.982009667104,86.11866988344086,744.8689348605449,830.9876047439857
squeeze,BGBLLLLBLG,"((2,), (1, 1), (7,), (4,), (2,), (3,), (3,), (6,), (2,), (4, 1))",31.3907,169.72211,201.11281,3643.944058847712,4577.343537964054,114.38595476807086,776.8764034581243,891.2623582261951
squeeze,BGBLLLLBLG,"((7,), (1, 5), (1,), (4,), (3,), (4,), (3,), (5,), (4,), (4, 5))",14.7544,148.64756999999997,163.40196999999998,5074.876355866357,5089.759056042383,74.87675570499458,756.5803155661939,831.4570712711885
squeeze,BGBLLLLBLG,"((1,), (4, 6), (2,), (3,), (2,), (0,), (1,), (0,), (5,), (3, 0))",42.2696,230.47571,272.74531,3451.372037261136,4079.975804342166,145.88811546621332,940.3353202885818,1086.223435754795
squeeze,BGBLLLLBLG,"((5,), (4, 6), (2,), (5,), (4,), (0,), (4,), (7,), (4,), (1, 0))",19.4573,166.95779,186.41509,4133.028438783437,4739.765889000016,80.41757424194098,791.3408379448279,871.7584121867689
squeeze,BGBLLLLBLG,"((2,), (0, 5), (0,), (2,), (3,), (1,), (4,), (1,), (0,), (1, 6))",30.0941,231.4209,261.515,3672.729720195096,4042.892653531455,110.52749547252324,935.6098564836376,1046.1373519561607
squeeze,BGBLLLLBLG,"((6,), (4, 2), (0,), (1,), (5,), (5,), (2,), (5,), (3,), (3, 1))",17.5801,169.86227000000002,187.44237,4364.076969280718,4684.350671019838,76.72090952765195,795.694438455453,872.415347983105
squeeze,BGBLLLLBLG,"((7,), (4, 2), (5,), (1,), (0,), (5,), (2,), (7,), (0,), (3, 5))",14.5186,169.83732,184.35592,5001.735,4887.595563366033,72.61818977099999,830.0961317259773,902.7143214969772
squeeze,BGBLLLLBLG,"((7,), (0, 7), (2,), (1,), (3,), (3,), (4,), (5,), (3,), (2, 5))",14.6289,176.0171,190.646,4940.859116161617,4722.743565889582,72.27933392441668,831.2836265115432,903.56296043596
squeeze,BGBLLLLBLG,"((2,), (2, 5), (3,), (4,), (4,), (2,), (2,), (7,), (2,), (2, 0))",31.6824,178.2883,209.9707,3579.4231066302123,4440.653725311472,113.40471463350104,791.7166035744493,905.1213182079504
squeeze,BGBBLLBBGL,"((3,), (4, 4), (3,), (0,), (3,), (0,), (2,), (1,), (0, 4), (5,))",26.4547,207.9814,234.4361,3732.681743435741,4180.0067305555785,98.74697571806948,869.363651830372,968.1106275484416
squeeze,BGBBLLBBGL,"((0,), (1, 3), (5,), (3,), (3,), (4,), (5,), (5,), (2, 1), (2,))",62.1179,213.5428,275.6607,3348.0848989826145,4159.561369970272,207.97600294651207,888.2443817152875,1096.2203846617997
squeeze,BGBBLLBBGL,"((1,), (0, 3), (7,), (6,), (5,), (5,), (4,), (5,), (1, 2), (5,))",42.4964,180.6804,223.1768,3464.4432044467085,4521.067284919035,147.22636419344911,816.8682454660851,964.0946096595342
squeeze,BGBBLLBBGL,"((7,), (1, 0), (5,), (5,), (3,), (3,), (5,), (5,), (3, 7), (0,))",16.1594,156.63935000000004,172.79875000000004,4731.705727050725,4950.344845919031,76.4615255257035,775.4187989406073,851.8803244663108
squeeze,BGBBLLBBGL,"((1,), (1, 1), (7,), (0,), (2,), (4,), (0,), (5,), (0, 7), (3,))",42.5816,234.9567,277.5383,3448.9964841971546,4096.223027581668,146.86378869148956,962.4350450245976,1109.2988337160873
squeeze,BGBBLLBBGL,"((0,), (2, 4), (4,), (6,), (4,), (3,), (0,), (6,), (1, 4), (0,))",61.9592,235.05,297.0092,3342.2252532412817,4107.669832565528,207.08160291062725,965.5077941445276,1172.589397055155
squeeze,BGBBLLBBGL,"((5,), (1, 1), (3,), (2,), (1,), (2,), (3,), (5,), (0, 3), (4,))",19.6697,170.5864,190.2561,4161.154609140862,4504.383143651058,81.84866281541801,768.3865046961168,850.2351675115349
squeeze,BGBBLLBBGL,"((2,), (1, 3), (1,), (6,), (4,), (5,), (1,), (3,), (2, 6), (2,))",32.2863,180.60984,212.89614,3578.99470912624,4373.44355481445,115.55249687726251,789.8869406840691,905.4394375613316
squeeze,BGBBLLBBGL,"((4,), (4, 4), (5,), (5,), (1,), (3,), (4,), (1,), (4, 7), (2,))",22.6684,161.32791,183.99631,3914.8405780004286,4597.745431897496,88.7431721583449,741.7446612400704,830.4878333984153
squeeze,BGBBLLBBGL,"((5,), (0, 3), (6,), (3,), (3,), (1,), (1,), (2,), (2, 6), (1,))",19.5722,181.26276,200.83496,4107.05157893577,4403.284859219419,80.38403491324667,798.1515666483233,878.5356015615699
squeeze,GGLGBLBLLB,"((2, 1), (3, 4), (3,), (1, 7), (1,), (1,), (6,), (0,), (1,), (2,))",34.4872,210.7736,245.2608,3510.905910458935,4090.476217332678,121.0813143151794,862.164398041591,983.2457123567704
squeeze,GGLGBLBLLB,"((3, 7), (1, 0), (4,), (1, 5), (2,), (2,), (3,), (2,), (2,), (2,))",15.1616,183.9327,199.0943,4512.444665889666,4278.608143464252,68.41588104635277,786.9759480693671,855.3918291157198
squeeze,GGLGBLBLLB,"((2, 7), (2, 3), (0,), (0, 1), (0,), (4,), (0,), (2,), (2,), (0,))",15.0359,272.7307,287.7666,4557.431053946054,3853.845987350586,68.52507758402747,1051.0621138223162,1119.5871914063437
squeeze,GGLGBLBLLB,"((4, 6), (3, 4), (4,), (2, 4), (0,), (1,), (3,), (2,), (2,), (0,))",17.6089,203.1576,220.7665,4349.724510212011,4224.448154531969,76.59386392787228,858.2287483991439,934.822612327016
squeeze,GGLGBLBLLB,"((4, 6), (1, 5), (4,), (1, 4), (7,), (4,), (7,), (0,), (0,), (1,))",16.5929,199.91664,216.50954,4405.227606005105,4340.564256784994,73.09550114368211,867.7510219205531,940.8465230642352
squeeze,GGLGBLBLLB,"((0, 5), (3, 7), (5,), (0, 0), (5,), (2,), (1,), (3,), (0,), (0,))",17.7618,269.07573,286.83753,4054.455103230102,3896.581478476117,72.01442065255243,1048.4755058254402,1120.4899264779926
squeeze,GGLGBLBLLB,"((3, 6), (4, 0), (0,), (2, 2), (3,), (2,), (1,), (5,), (0,), (1,))",16.6601,194.29736,210.95746,4292.366010378511,4216.616244086596,71.51124696950701,819.2774043591411,890.7886513286481
squeeze,GGLGBLBLLB,"((0, 1), (2, 2), (1,), (1, 6), (1,), (4,), (5,), (4,), (0,), (4,))",31.6858,220.7871,252.4729,3566.977175189583,4072.981406658871,113.02252537762207,899.2617531301329,1012.284278507755
squeeze,GGLGBLBLLB,"((4, 1), (4, 1), (1,), (0, 6), (2,), (5,), (4,), (5,), (3,), (1,))",35.7338,195.64737,231.38117000000005,3682.224437908011,4360.092782946998,131.57987161931732,853.0406859395612,984.6205575588784
squeeze,GGLGBLBLLB,"((0, 3), (1, 7), (4,), (4, 6), (0,), (4,), (7,), (1,), (5,), (6,))",18.8751,196.51946,215.39456,4028.156255966256,4349.112238609031,76.03185214698868,854.6851886108378,930.7170407578265
