graph,order,freq,input_time,task_time,total_time,input_power,task_power,input_e,task_e,total_e
alex,GGGGGGGG,"(('min',),)",54.0608,158.7472,212.808,3313.9331635114627,5017.2575352291005,179.15387796596048,796.4755853965211,975.6294633624816
google,GGGGGGGGGGG,"(('min',),)",53.8778,244.8662,298.744,3320.284631112247,4780.484958724422,178.88963129813942,1170.579186000006,1349.4688172981455
mobile,GGGGGGGGGGGGGG,"(('min',),)",55.4659,141.1671,196.633,3319.606813951761,5348.078721690927,184.12497958196693,754.9727637128152,939.0977432947822
res50,GGGGGGGGGGGGGGGGGG,"(('min',),)",53.9365,608.8785,662.815,3344.1798523795123,5521.731118426279,180.3733566078676,3362.0633607907157,3542.436717398583
squeeze,GGGGGGGGGG,"(('min',),)",59.3839,158.51209999999998,217.896,3335.5757665159326,4720.027928088092,198.0794977612055,748.1815389398924,946.261036701098
