,graph,order,freq,input_time,task_time,total_time,input_power,task_power,input_e,task_e,total_e,Predicted_Time,Predicted_Energy,Error_Time,Error_Energy,Error_EE,Error_Power,Error_FPS
0,squeeze,LBGGGLGGLG,"((1,), (5,), (1, 2), (3, 1), (0, 4), (0,), (3, 4), (4, 2), (4,), (0, 4))",83.2213,205.23686000000004,288.45816,3258.0672198788257,4179.6701360373645,271.1405895257017,857.8223745560817,1128.9629640817834,282.78142985525653,1065.2216465253289,-1.9679561655470197,-5.646006076762411,5.9838548873254505,-3.751885370692183,2.0074621405122555
1,squeeze,LBGGGLGGLG,"((0,), (2,), (1, 2), (2, 0), (0, 2), (4,), (3, 4), (3, 2), (2,), (1, 1))",121.506,214.35376000000005,335.85976000000005,3209.830751092713,4065.0389226408,390.0136952422712,871.3563776144049,1261.370072856676,331.1961850564382,1206.283888036102,-1.3885482868093082,-4.367170745998274,4.566602055031775,-3.020564455183384,1.4081004413644254
2,squeeze,LBGGGLGGLG,"((0,), (6,), (0, 2), (3, 5), (1, 3), (0,), (0, 1), (2, 7), (3,), (2, 5))",121.77,221.74664000000007,343.51664000000005,3205.651975110691,4088.823079882838,390.35224100922886,906.6827795184712,1297.0350205277,338.8726444697682,1240.8976884975707,-1.3518982749225328,-4.328127702156397,4.523929132150933,-3.0170164201723,1.370425027224692
3,squeeze,LBGGGLGGLG,"((0,), (7,), (3, 7), (0, 0), (3, 3), (1,), (4, 5), (2, 5), (3,), (3, 3))",121.736,207.56502,329.30102,3214.259954366366,4192.187619041947,391.291149804744,870.1515069901941,1261.442656794938,333.94715060200826,1231.6062637149448,1.410906835942467,-2.365259563665091,2.4225593811123263,-3.723629457052833,-1.3912772106702094
4,squeeze,LBGGGLGGLG,"((5,), (4,), (0, 4), (2, 0), (1, 4), (0,), (2, 2), (1, 4), (1,), (2, 6))",37.1941,191.6036,228.7977,3600.7985324675324,4279.867041232361,133.92846069645063,820.0379326214688,953.9663933179196,209.82909544872226,860.2880044656813,-8.29055735755986,-9.819883541853342,10.889189244295148,-1.6675776672812876,9.040025889027996
5,squeeze,LBGGGLGGLG,"((3,), (6,), (2, 6), (4, 1), (3, 3), (4,), (1, 2), (0, 0), (0,), (0, 1))",50.4623,201.7049,252.1672,3345.6340356330606,4205.189649894181,168.8283883963262,848.2073578129407,1017.0357462092668,237.0188160915394,930.8071082870023,-6.007277674677992,-8.478427453868665,9.263856835059432,-2.6290862931256216,6.391215751668477
6,squeeze,LBGGGLGGLG,"((1,), (2,), (3, 0), (0, 4), (3, 7), (0,), (0, 7), (0, 1), (4,), (3, 2))",83.5312,229.91515,313.44635,3247.033646616541,4045.018632156104,271.2286169422556,930.0110655649656,1201.2396825072212,309.15809193898735,1151.70579078349,-1.3680995363361677,-4.123564384781583,4.300915400454304,-2.7936852433057777,1.3870761182789793
7,squeeze,LBGGGLGGLG,"((4,), (0,), (1, 5), (2, 7), (2, 4), (5,), (3, 5), (3, 3), (4,), (2, 7))",43.3293,165.31709,208.64639000000005,3470.9566847922206,4492.425893654877,150.39412348236758,742.6747757796737,893.0688992620413,194.5913864054213,811.744980414438,-6.736279307098841,-9.106119238370376,10.018407358193116,-2.5410094232407188,7.222829259922052
8,squeeze,LBGGGLGGLG,"((4,), (6,), (3, 0), (1, 3), (4, 4), (2,), (3, 7), (4, 4), (5,), (0, 6))",43.304,177.35931000000005,220.66331000000005,3454.5704748010608,4454.394313322292,149.59671984078514,790.0283018787657,939.6250217195508,212.85865171558066,870.3939357091981,-3.5369080090475338,-7.367948320879861,7.9539945270807975,-3.9715089292302994,3.6665919949769807
9,squeeze,LBGGGLGGLG,"((0,), (2,), (4, 3), (0, 2), (4, 6), (0,), (3, 1), (3, 2), (5,), (0, 5))",121.761,240.18618,361.94718,3200.3460309700145,4006.664536655832,389.67733307693993,962.3454496008344,1352.022782677774,361.0446347953289,1309.9039309298055,-0.2493582640072311,-3.11524719018043,3.2154153257690825,-2.87305312156113,0.24998161381979211
10,squeeze,BLGBLGBGBL,"((1,), (5,), (2, 3), (5,), (0,), (1, 7), (4,), (4, 2), (1,), (0,))",42.1605,210.23479999999995,252.3953,3464.097240891272,4223.646724387445,146.04807172459647,887.9575243722494,1034.005596096846,228.17799235147962,916.4454879969637,-9.594991526593551,-11.36938799399606,12.827834239964275,-1.962719209217768,10.613340663992096
11,squeeze,BLGBLGBGBL,"((5,), (0,), (3, 2), (5,), (5,), (4, 1), (2,), (2, 0), (0,), (2,))",19.4559,185.1342,204.5901,4187.125793877176,4434.350411774702,81.46430073309494,820.94991600358,902.4142167366748,177.79595097115873,775.9565657821287,-13.096503217331275,-14.013260053885716,16.297001215149535,-1.0549136346574202,15.070168292633214
12,squeeze,BLGBLGBGBL,"((3,), (0,), (4, 1), (2,), (0,), (1, 4), (3,), (4, 7), (5,), (1,))",26.651,195.75003,222.40103,3701.425225318197,4289.430025416079,98.64668367995527,839.6560561580983,938.3027398380536,195.95127313841664,813.7709194247368,-11.892821207520198,-13.272029924458113,15.303056110846242,-1.5653760974305961,13.498129630880056
13,squeeze,BLGBLGBGBL,"((3,), (5,), (4, 6), (5,), (0,), (4, 0), (1,), (4, 1), (2,), (1,))",26.2967,177.688,203.9847,3711.478692380463,4489.176230798081,97.59964172992132,797.6727460980493,895.2723878279706,185.72666775762985,790.7719618596074,-8.950687106616403,-11.672472801478087,13.214988771556405,-2.9893533606879883,9.83059269991134
14,squeeze,BLGBLGBGBL,"((2,), (0,), (1, 5), (7,), (5,), (2, 1), (4,), (3, 4), (7,), (1,))",31.7883,184.5825,216.3708,3594.3032281572923,4438.319645183869,114.25678930763246,819.2361359071516,933.492925214784,196.86981217091287,827.6213852054844,-9.012763195905888,-11.341439999123718,12.792267321972767,-2.5593444586428444,9.90552467849022
15,squeeze,BLGBLGBGBL,"((6,), (0,), (3, 7), (2,), (5,), (2, 2), (5,), (2, 0), (7,), (5,))",17.915,170.72218,188.63718,4446.265142635144,4680.406866018655,79.65484003030859,799.0492634536728,878.7041034839814,167.35115719917442,762.8185131535948,-11.284107831142077,-13.188238210213289,15.191764270547118,-2.1463238801081657,12.71937592609046
16,squeeze,BLGBLGBGBL,"((2,), (5,), (4, 6), (7,), (4,), (1, 7), (0,), (4, 6), (2,), (4,))",32.2561,180.60687,212.86297,3613.1974370214057,4569.350071315707,116.54765784830616,825.2560143146067,941.8036721629128,192.48402145091327,829.6026328835941,-9.573740584887412,-11.913421299541314,13.524672515722605,-2.587390797526308,10.587345586128928
17,squeeze,BLGBLGBGBL,"((6,), (0,), (4, 2), (3,), (2,), (2, 3), (6,), (2, 6), (5,), (2,))",17.3088,168.66669000000002,185.97549,4436.381235431236,4635.947843603464,76.78843552783218,781.929977793234,858.7184133210662,167.81158644792347,757.0330822836959,-9.766826559820615,-11.841522140430827,13.432085521364847,-2.299260351278293,10.823986553344026
18,squeeze,BLGBLGBGBL,"((5,), (0,), (0, 4), (3,), (4,), (1, 0), (1,), (3, 1), (3,), (1,))",19.3868,196.6499,216.0367,4157.912157425908,4289.31729051812,80.6086114135846,843.4938162486593,924.102427662244,191.9780142140291,812.3457148665307,-11.136388301603807,-12.093541738487895,13.757284706558107,-1.077103910802861,12.532000544160637
19,squeeze,BLGBLGBGBL,"((3,), (1,), (0, 4), (4,), (3,), (3, 5), (6,), (4, 6), (4,), (1,))",26.3563,171.36620999999997,197.72251,3727.46867640916,4508.09320981578,98.24228267604276,772.5348476928648,870.7771303689076,185.08497809235732,786.4391496937722,-6.3915494030713464,-9.68536927920987,10.72403131354477,-3.5187206444869847,6.827961965306865
20,squeeze,LLLBLBLBBG,"((2,), (3,), (4,), (4,), (1,), (3,), (0,), (7,), (7,), (2, 4))",62.2649,178.05870000000004,240.32360000000003,3300.282581665212,4386.902732883288,205.49176491912627,781.1261976436457,986.617962562772,217.90660925050787,874.6528503982341,-9.327835780377855,-11.348375603633338,12.801091554616159,-2.2284014511459205,10.287430393504666
21,squeeze,LLLBLBLBBG,"((2,), (2,), (0,), (6,), (2,), (7,), (2,), (5,), (0,), (0, 2))",62.2896,199.9494,262.239,3288.648780926676,4248.099538848526,204.8486171044103,849.4049539330395,1054.2535710374498,247.26841678847916,966.3324796165846,-5.708755452667536,-8.339653176070865,9.098430744638735,-2.7901824141080858,6.054385515933929
22,squeeze,LLLBLBLBBG,"((0,), (0,), (0,), (3,), (2,), (2,), (1,), (3,), (4,), (2, 5))",121.764,226.2392,348.0032,3190.130567387236,3973.566537978641,388.4430584073394,898.9765146990575,1287.419573106397,333.4222841733357,1211.1492401717803,-4.189879813365019,-5.924279429012016,6.297352168077892,-1.8102467800566888,4.373107773169751
23,squeeze,LLLBLBLBBG,"((2,), (5,), (1,), (1,), (1,), (4,), (4,), (7,), (1,), (0, 7))",62.3453,205.0725,267.4178,3315.542756314373,4221.193529130624,206.70850780524648,865.6507100026398,1072.3592178078864,246.74687377678094,968.3831645416367,-7.729824350966561,-9.696009652325012,10.73707774705734,-2.130900139214214,8.377381203183536
24,squeeze,LLLBLBLBBG,"((5,), (4,), (2,), (4,), (0,), (0,), (0,), (5,), (2,), (1, 3))",37.1211,197.37019999999995,234.4913,3557.729590576092,4270.336901150331,132.06683590473415,842.8372482474209,974.9040841521552,205.67908394001037,850.0023222019869,-12.287115155227347,-12.811697476761687,14.694284790493512,-0.5980675729257907,14.008335465162403
25,squeeze,LLLBLBLBBG,"((4,), (5,), (0,), (2,), (1,), (0,), (4,), (2,), (0,), (2, 6))",43.251,201.7951,245.0461,3456.67205963484,4159.525958388619,149.50452325126645,839.3719567256272,988.8764799768936,217.47001560894887,870.1871407404468,-11.253427167806844,-12.00244334249108,13.639518866649,-0.8439944786380805,12.68040760186361
26,squeeze,LLLBLBLBBG,"((5,), (2,), (5,), (2,), (3,), (0,), (3,), (4,), (3,), (0, 3))",37.2597,191.7641,229.0238,3550.077492007991,4272.354289145806,132.27482232897017,819.2841751391854,951.5589974681556,212.60410141929637,866.8865853569404,-7.169428933020772,-8.898282958440397,9.767415200726784,-1.8623757298360555,7.723133500760074
27,squeeze,LLLBLBLBBG,"((5,), (5,), (0,), (4,), (4,), (7,), (5,), (6,), (2,), (2, 0))",36.353,152.34527,188.69827,3570.516155844157,4771.416937082222,129.79897381340265,726.9028015623641,856.7017753757667,177.13375935544013,774.4974413480692,-6.128572691503676,-9.595443407554638,10.613893557171076,-3.6932118914710315,6.528688086698529
28,squeeze,LLLBLBLBBG,"((4,), (1,), (0,), (3,), (1,), (3,), (4,), (4,), (0,), (0, 7))",43.4197,204.0543,247.474,3464.3409553703004,4195.493283372584,150.42064497989185,856.1084450932943,1006.529090073186,226.4455420059481,903.6170611105659,-8.497239303543758,-10.224446563699138,11.388898394209043,-1.887601255972016,9.286320149106537
29,squeeze,LLLBLBLBBG,"((4,), (0,), (1,), (3,), (2,), (2,), (4,), (2,), (1,), (1, 2))",43.225,191.9286,235.1536,3432.3082245800183,4184.488147363434,148.36152300747128,803.1229518400575,951.4844748475288,214.20356770693084,853.6646504158304,-8.909084229656347,-10.280758858138341,11.458811652098902,-1.5058303200510403,9.780431071873004
30,squeeze,GGGBLGGGBG,"((0, 6), (4, 7), (3, 4), (5,), (4,), (0, 0), (4, 6), (4, 6), (5,), (0, 5))",14.0021,205.43659,219.43869,4524.216691919192,4422.828062830367,63.34853454192173,908.6107153841764,971.959249926098,212.67507252769096,908.7858735817883,-3.0822356223093794,-6.4995910424344405,6.951403865392951,-3.526036162790095,3.180258688487518
31,squeeze,GGGBLGGGBG,"((0, 0), (0, 5), (2, 4), (6,), (0,), (3, 1), (3, 4), (4, 7), (1,), (3, 6))",45.0642,189.4433,234.5075,3551.201489705653,4435.152638287484,160.0320541723935,840.2099518008872,1000.2420059732808,237.45964828477577,968.9998431359538,1.2588715861009878,-3.1234603876615785,3.2241659334245747,-4.327849901068899,-1.2432210298043456
32,squeeze,GGGBLGGGBG,"((1, 2), (4, 6), (2, 1), (6,), (2,), (1, 5), (2, 5), (1, 5), (1,), (3, 2))",26.5077,173.265,199.7727,3682.5373363555946,4494.07346845031,97.6155949509132,778.665639511043,876.2812344619562,196.0836864133358,829.0260653076724,-1.846605460437875,-5.392694410864431,5.700082437908165,-3.612803171058201,1.881346507780298
33,squeeze,GGGBLGGGBG,"((0, 4), (4, 7), (3, 4), (7,), (0,), (4, 4), (4, 4), (2, 0), (4,), (2, 1))",19.6289,184.44554000000005,204.07444000000004,3912.185114885116,4536.888400997885,76.79189040156847,836.8088310417916,913.60072144336,195.9430226713114,845.9532567620206,-3.9845349220062176,-7.4044889735272985,7.996596046011764,-3.5618783377688534,4.149888685921118
34,squeeze,GGGBLGGGBG,"((2, 7), (2, 1), (4, 2), (1,), (0,), (1, 2), (0, 7), (2, 5), (6,), (1, 7))",12.2528,203.73803,215.99083,5079.452777777778,4320.424489538264,62.237518995555554,880.2347742622816,942.4722932578372,200.40649407555108,855.1400016001214,-7.215276650610079,-9.26629804212439,10.212630855099897,-2.2105162546974406,7.776362735318245
35,squeeze,GGGBLGGGBG,"((4, 6), (2, 3), (4, 6), (4,), (2,), (3, 3), (3, 4), (4, 4), (2,), (0, 7))",13.2908,155.56305,168.85385,5031.5725,4908.543028824437,66.873623783,763.5879246201673,830.4615484031673,164.87831516007753,769.0599035770376,-2.3544235680278893,-7.393677039496206,7.98398727336316,-5.160759612064024,2.4111932706630754
36,squeeze,GGGBLGGGBG,"((0, 6), (3, 2), (4, 2), (0,), (3,), (2, 5), (0, 2), (4, 7), (7,), (2, 2))",15.2432,220.37629,235.61949,4383.895691530693,4268.446225052669,66.82459880514065,940.6643431416124,1007.488941946753,223.85213854250526,927.5873566559598,-4.994218202193187,-7.930765486755701,8.613914874696672,-3.090914288576805,5.256751860452006
37,squeeze,GGGBLGGGBG,"((1, 3), (2, 3), (4, 5), (6,), (5,), (0, 5), (0, 0), (4, 4), (7,), (3, 3))",21.8484,170.87623,192.72463,3850.55205960706,4627.062396426435,84.1284016191189,790.6549782761147,874.7833798952336,190.99494644671577,823.1914876557282,-0.8974896219980903,-5.897676319100179,6.267301473977582,-5.0454692600925215,0.9056174445781855
38,squeeze,GGGBLGGGBG,"((4, 7), (4, 4), (2, 7), (3,), (0,), (2, 7), (3, 6), (4, 3), (1,), (3, 7))",12.2398,141.60330000000002,153.84310000000002,5404.392936507936,5087.496854408482,66.14868866426984,720.4063433238608,786.5550319881306,145.27288873675138,717.3993017988719,-5.570747900457437,-8.79223034330576,9.639782198818885,-3.411530189238805,5.899387929690508
39,squeeze,GGGBLGGGBG,"((0, 1), (2, 0), (2, 5), (3,), (4,), (3, 7), (2, 2), (1, 2), (7,), (0, 5))",36.1282,221.45889,257.58709,3532.9082831925107,4163.650205977278,127.63761703683566,922.0773529639994,1049.7149700008351,249.46335039874063,982.509156421751,-3.15378367807927,-6.402291621984843,6.840222621827187,-3.3542951570843145,3.25648620860517
40,squeeze,LGGBGGBLBG,"((2,), (1, 7), (3, 0), (5,), (2, 0), (2, 2), (1,), (1,), (1,), (4, 4))",62.5492,182.263,244.8122,3338.9929449489982,4361.634795042412,208.85133751220388,794.9646426488151,1003.8159801610192,226.7950931694795,910.7056333339136,-7.359562485252167,-9.275639028198178,10.223978354701382,-2.068293926872884,7.944222504433425
41,squeeze,LGGBGGBLBG,"((5,), (4, 4), (3, 5), (2,), (0, 7), (2, 3), (0,), (0,), (3,), (4, 0))",37.1902,188.23057,225.42077,3587.270083223542,4437.485113179076,133.41129184910014,835.2703522202119,968.681644069312,206.55046968867165,871.6836420618608,-8.371145352457251,-10.013403536787852,11.127661152160021,-1.7922936946529258,9.135927088314565
42,squeeze,LGGBGGBLBG,"((0,), (2, 1), (3, 5), (7,), (4, 5), (1, 4), (4,), (0,), (2,), (4, 4))",121.777,194.63063,316.40763,3218.4119814740247,4373.540721864429,391.9285558679623,851.2249860271286,1243.153541895091,317.936020446117,1206.6333184436273,0.48304475025366606,-2.937708192971189,3.0266215007695196,-3.404308609205656,-0.48072264475489124
43,squeeze,LGGBGGBLBG,"((2,), (3, 6), (4, 7), (0,), (3, 7), (4, 7), (3,), (3,), (4,), (2, 2))",62.2517,191.08448,253.33618,3284.00035434389,4337.1126443724925,204.4346048585096,828.7549143513427,1033.1895192098525,232.70284053106622,917.1487410006506,-8.144647743932113,-11.2313158478365,12.652340129976755,-3.3603573750385087,8.866818910265607
44,squeeze,LGGBGGBLBG,"((0,), (1, 7), (2, 3), (4,), (1, 6), (2, 3), (3,), (2,), (2,), (3, 3))",121.85,201.71037000000004,323.56037000000003,3199.798479787807,4179.449733820811,389.8954447621443,843.0383522053975,1232.9337969675416,316.635898124538,1176.0080766195663,-2.140086524027036,-4.617094647578551,4.84058923401345,-2.5311775123934424,2.18688781546131
45,squeeze,LGGBGGBLBG,"((4,), (2, 2), (0, 1), (3,), (0, 3), (0, 2), (6,), (4,), (2,), (4, 5))",43.6262,174.68159000000003,218.30779,3498.068521662247,4458.641120605646,152.60743693974152,778.8425201867761,931.4499571265176,207.00616274913617,860.4812610543239,-5.176923485352421,-7.619163598560785,8.247558579629917,-2.5755756963138627,5.45956076899987
46,squeeze,LGGBGGBLBG,"((0,), (2, 5), (3, 3), (6,), (1, 2), (4, 5), (4,), (2,), (6,), (1, 1))",121.633,201.22743,322.86042999999995,3183.2227105663187,4256.475853480099,387.1849279543131,856.519696852857,1243.70462480717,315.86903600295454,1176.3239063287185,-2.165453969396438,-5.417742857464925,5.728075244916607,-3.324274522673358,2.213383776236935
47,squeeze,LGGBGGBLBG,"((1,), (4, 4), (4, 1), (0,), (4, 7), (4, 7), (1,), (3,), (1,), (3, 5))",83.4972,204.9578,288.455,3249.41972797253,4233.270977247315,271.317448910468,867.6419063004597,1138.9593552109277,271.45956861165996,1041.691335944314,-5.891883097308081,-8.540078170620962,9.337508713983716,-2.813992204361201,6.260759742329467
48,squeeze,LGGBGGBLBG,"((5,), (3, 4), (3, 6), (7,), (0, 1), (4, 5), (4,), (3,), (0,), (3, 1))",36.9891,153.50029999999998,190.4894,3565.5185829170828,4854.418937897745,131.88532341537825,745.1547632929852,877.0400867083634,176.5345092376602,788.8463844930201,-7.325809605332266,-10.055834796143115,11.180085749144201,-2.945831173905724,7.904908123970813
49,squeeze,LGGBGGBLBG,"((4,), (4, 4), (4, 7), (7,), (4, 3), (0, 3), (2,), (1,), (3,), (3, 5))",43.5527,161.10794000000004,204.66064000000003,3458.767471264368,4710.883423034741,150.63866204573563,758.9607238652759,909.5993859110116,190.60073417752432,822.6427526845806,-6.869863117048647,-9.559882578344022,10.570400449363984,-2.8884521716920424,7.3766273163357345
50,squeeze,LBBBBLBLGL,"((1,), (7,), (3,), (0,), (5,), (0,), (2,), (5,), (0, 7), (4,))",82.3359,208.7269,291.0628,3222.1841882398794,4108.840665202391,265.3014351044999,857.6255746416331,1122.927009746133,274.3203048490089,1030.9717802323078,-5.752193392969177,-8.188887498094306,8.919277062375581,-2.5854120035758488,6.103264998996873
51,squeeze,LBBBBLBLGL,"((3,), (7,), (0,), (0,), (3,), (4,), (1,), (2,), (1, 3), (5,))",49.1297,188.0925,237.2222,3353.6438595223035,4194.341130197039,164.7635167251729,788.9241090315866,953.6876257567594,221.6256536608712,870.517776364846,-6.574657152293838,-8.720869092321234,9.554066746255142,-2.297248128407695,7.037337998332269
52,squeeze,LBBBBLBLGL,"((1,), (5,), (6,), (4,), (1,), (2,), (0,), (1,), (0, 2), (5,))",82.3452,195.729,278.0742,3228.917527323335,4119.36130048952,265.8858595709455,806.2784679835132,1072.1643275544589,258.9008485191605,977.2797210388427,-6.895048688745495,-8.849819386552632,9.709053045197168,-2.0995346329887834,7.405673480989215
53,squeeze,LBBBBLBLGL,"((4,), (4,), (3,), (4,), (6,), (2,), (4,), (0,), (2, 1), (4,))",41.4195,161.38950000000003,202.80900000000003,3404.007738095238,4381.717539539005,140.99229850803573,707.1632028474304,848.1555013554662,183.76505586313496,750.4633176217299,-9.390088278560155,-11.51819254577859,13.017582797161836,-2.348644013428489,10.363202104674706
54,squeeze,LBBBBLBLGL,"((2,), (3,), (3,), (6,), (1,), (2,), (2,), (0,), (1, 7), (0,))",61.8786,198.0647,259.9433,3270.930638792104,4098.30272279231,202.4006086255611,811.729099299042,1014.129707924603,234.13869618246653,900.61398679855,-9.927012474464041,-11.193412463812034,12.604259182068894,-1.4059708955351002,11.021076070836116
55,squeeze,LBBBBLBLGL,"((3,), (4,), (7,), (3,), (1,), (3,), (6,), (1,), (2, 4), (0,))",50.6379,172.34265,222.98055,3327.1602120399166,4288.135446595907,168.48040610125608,739.028626425272,907.509032526528,202.41789936876387,802.5455411322167,-9.221723881852531,-11.566109827258721,13.07882057960609,-2.5825407197146752,10.158513992764641
56,squeeze,LBBBBLBLGL,"((5,), (0,), (1,), (3,), (0,), (1,), (4,), (4,), (0, 7), (5,))",35.1702,178.0366,213.2068,3565.010584886128,4350.1254285670175,125.38213527256212,774.4815408756147,899.8636761481768,186.21729497837916,781.4961401708683,-12.658838752619912,-13.153940881798338,15.146272629245274,-0.5668600257971413,14.493554438514657
57,squeeze,LBBBBLBLGL,"((5,), (0,), (4,), (4,), (1,), (5,), (5,), (1,), (4, 7), (0,))",36.9637,177.90839999999997,214.8721,3533.671620234838,4362.440927817663,130.6175776688745,776.1148855625557,906.7324632314304,188.4154402940997,782.6683309174323,-12.312747772233008,-13.682551066039482,15.85143124017449,-1.562146445470117,14.04166222502986
58,squeeze,LBBBBLBLGL,"((3,), (7,), (4,), (0,), (0,), (4,), (4,), (0,), (4, 6), (1,))",50.1802,200.93503,251.11523,3328.3838738881145,4133.244089048657,167.01896846848035,830.5135250303146,997.5324934987948,228.90512211961385,887.8082220357112,-8.844588151975548,-10.999568653471254,12.359006003739172,-2.364073024088266,9.702757052671073
59,squeeze,LBBBBLBLGL,"((5,), (3,), (7,), (0,), (0,), (1,), (1,), (2,), (3, 5), (4,))",35.3782,185.39374,220.77194,3555.584855072466,4283.295854621449,125.79019211972472,794.0962380147668,919.8864301344914,201.25070459407536,820.1417344964062,-8.842262927944848,-10.843153281813507,12.161885128225014,-2.1949758935844006,9.69995878787065
60,squeeze,BGBLLLGBLL,"((4,), (2, 2), (1,), (5,), (3,), (2,), (4, 5), (3,), (5,), (5,))",22.6493,149.6638,172.31310000000002,3937.993745600804,4743.558349522148,89.19280174223628,709.938968111213,799.1317698534492,162.47400298834634,724.6964451693865,-5.7100110273993545,-9.314524524248766,10.27124186688463,-3.822795543964732,6.055797746522805
61,squeeze,BGBLLLGBLL,"((4,), (0, 5), (5,), (0,), (3,), (4,), (3, 1), (1,), (1,), (0,))",22.7125,224.06284,246.77534,3911.7493006340064,4110.846140567138,88.84560599064987,921.087861058512,1009.933467049162,214.48400968896766,870.7636340724539,-13.08531489047177,-13.780099136959636,15.982504037958966,-0.7993864852784393,15.05535557539202
62,squeeze,BGBLLLGBLL,"((7,), (1, 4), (4,), (5,), (1,), (4,), (1, 7), (7,), (4,), (1,))",15.6381,156.85138000000003,172.48948000000004,4757.778504273504,5028.11445844453,74.40261602767949,788.6666916049774,863.0693076326569,157.75354927330855,773.5838697745255,-8.543089541861619,-10.368279472662993,11.56764526181415,-1.9956829086598176,9.341108833729907
63,squeeze,BGBLLLGBLL,"((5,), (3, 0), (2,), (5,), (1,), (0,), (1, 2), (4,), (5,), (0,))",19.4763,185.3795,204.8558,4144.395357608079,4431.6011050197685,80.71748730338224,821.5279970480123,902.2454843513945,185.97782045562533,800.4132585247675,-9.215252653024544,-11.286532057273977,12.72245614900391,-2.2815279711393415,10.150661782209122
64,squeeze,BGBLLLGBLL,"((7,), (4, 6), (4,), (0,), (1,), (4,), (3, 3), (3,), (0,), (2,))",15.6494,186.14766,201.79706,4845.440205905207,4583.11026400946,75.82823195829295,853.1352511673431,928.963483125636,177.38789418100478,808.3533393293659,-12.095897640429056,-12.98330300244519,14.920473254472109,-1.0095152992817185,13.760333494961245
65,squeeze,BGBLLLGBLL,"((5,), (4, 4), (2,), (4,), (4,), (4,), (0, 5), (6,), (3,), (4,))",19.2232,152.53321000000005,171.75641000000002,4208.475749250747,4796.047369038901,80.90037102299696,731.5565005115584,812.4568715345554,159.4958341487369,727.8104540417264,-7.138351256446922,-10.41857364477085,11.63028327262473,-3.5323757791363373,7.687082184121242
66,squeeze,BGBLLLGBLL,"((4,), (0, 0), (5,), (3,), (0,), (1,), (3, 6), (3,), (0,), (5,))",22.2955,183.0259,205.3214,3965.356410256411,4395.705561188874,88.40960384487181,804.5279664715987,892.9375703164706,187.0317977364938,793.0910735962274,-8.90779152270841,-11.181800390015628,12.589537323562961,-2.496381310015235,9.778873156784897
67,squeeze,BGBLLLGBLL,"((6,), (1, 6), (7,), (4,), (4,), (3,), (1, 4), (1,), (0,), (4,))",17.1303,175.19863,192.32893,4496.7234004884,4621.310698424739,77.03022086738643,809.6473031683574,886.6775240357439,169.56092105160707,767.2263254859379,-11.838057305467743,-13.471774722124419,15.569225739764484,-1.8530869065774334,13.427627549548014
68,squeeze,BGBLLLGBLL,"((6,), (3, 1), (5,), (3,), (0,), (0,), (2, 5), (7,), (0,), (0,))",17.7219,188.978,206.6999,4365.222138417138,4522.005628599587,77.36003021481469,854.5595796814928,931.9196098963076,183.7923797708594,815.5213993794571,-11.08250184404569,-12.490155725964593,14.272857904822573,-1.5831010893378892,12.463803046513801
69,squeeze,BGBLLLGBLL,"((1,), (0, 2), (7,), (1,), (5,), (1,), (0, 7), (7,), (3,), (1,))",42.0608,226.26481000000004,268.32561000000004,3463.873178981937,4180.090242095649,145.69327700652346,945.8073244106262,1091.5006014171497,238.88144303095555,953.2173277879806,-10.973297319269856,-12.669097337154835,14.507003764825265,-1.9048217746157496,12.325849423652786
70,squeeze,GBBBGBLBBB,"((4, 0), (4,), (2,), (3,), (0, 1), (1,), (0,), (4,), (6,), (4,))",40.3868,172.99540000000002,213.3822,3690.661862675359,4524.664982767312,149.0540225154972,782.7462285598243,931.8002510753216,195.36636889275906,832.9991904775638,-8.442986859841616,-10.603244685085544,11.860883146970941,-2.3594673429734123,9.221562139556504
71,squeeze,GBBBGBLBBB,"((2, 3), (7,), (5,), (3,), (3, 2), (4,), (4,), (7,), (6,), (0,))",20.8182,171.34168,192.15988,3737.5075191230326,4550.279869737591,77.80817903460712,779.65259735102,857.460776385627,181.70537085426636,774.4817797695013,-5.440526475002807,-9.677293574395232,10.714131537196614,-4.480531607731963,5.753549879446602
72,squeeze,GBBBGBLBBB,"((2, 3), (7,), (5,), (6,), (1, 0), (4,), (1,), (3,), (7,), (5,))",15.4068,154.3166,169.7234,3936.862280358531,4742.447877471615,60.65444978102781,731.8384321286363,792.4928819096641,159.60934815705642,705.9776079420297,-5.959138128828188,-10.91685186612139,12.254676776481913,-5.271871863621215,6.336754055903603
73,squeeze,GBBBGBLBBB,"((0, 6), (2,), (0,), (3,), (1, 4), (1,), (0,), (0,), (5,), (3,))",11.2272,248.24410000000003,259.47130000000004,4415.348322510823,4021.695832993148,49.57199868649352,998.3622625351344,1047.9342612216278,233.10463712486268,934.9687395831716,-10.161687583612276,-10.779829023508295,12.082277926085382,-0.6880599415436603,11.311084670106341
74,squeeze,GBBBGBLBBB,"((1, 3), (2,), (5,), (0,), (2, 4), (3,), (4,), (2,), (6,), (2,))",18.5839,204.42842,223.01232,3781.207514152514,4189.898917641442,70.2695823222589,856.53441569315,926.8039980154088,206.15401660659518,832.6699188034681,-7.559359677261243,-10.156848633962797,11.305089458162431,-2.8098993555571754,8.177528466775195
75,squeeze,GBBBGBLBBB,"((4, 3), (3,), (4,), (7,), (3, 3), (6,), (2,), (3,), (3,), (2,))",18.6622,141.5136,160.1758,3994.3827290764807,4985.490135793389,74.54396936657109,705.5146568806114,780.0586262471825,151.7199667318838,709.592589156713,-5.279095386516695,-9.03342835005589,9.930492252492657,-3.9635738054435503,5.573316057377718
76,squeeze,GBBBGBLBBB,"((3, 6), (4,), (5,), (3,), (3, 3), (1,), (1,), (6,), (4,), (2,))",12.7562,157.23758999999998,169.99379,4430.150353535352,4633.131611380235,56.51188393976766,728.5024487262447,785.0143326660124,155.46275659648077,697.785290259336,-8.547978960595689,-11.111777043666839,12.500842827205089,-2.80343512798528,9.346954680107709
77,squeeze,GBBBGBLBBB,"((3, 4), (7,), (1,), (4,), (2, 4), (3,), (1,), (1,), (0,), (2,))",15.8008,179.2388,195.0396,4024.354990287492,4365.638178105788,63.58802833053461,782.4917482778677,846.0797766084023,178.54089737640513,757.9123788325072,-8.459155281078756,-10.420695567186721,11.63292753071387,-2.142803348746595,9.240853421281871
78,squeeze,GBBBGBLBBB,"((0, 3), (4,), (3,), (1,), (2, 7), (0,), (4,), (1,), (2,), (6,))",14.6065,220.89379,235.50029,4004.250541125542,4157.474010866362,58.48808552895023,918.3601910867718,976.848276615722,220.09894327854738,886.0598432482291,-6.539841934569433,-9.29401582014643,10.246309440530505,-2.94689624176413,6.997465090943832
79,squeeze,GBBBGBLBBB,"((4, 2), (3,), (6,), (4,), (3, 6), (2,), (4,), (6,), (6,), (3,))",20.9477,137.33263000000002,158.28033000000002,3907.380500806383,5050.742399222113,81.85063451674188,693.6317371376829,775.4823716544247,149.24955535184694,695.4124104635978,-5.705557126493913,-10.325181347450178,11.514025344679744,-4.899147903289898,6.050788310131689
80,squeeze,BGBGGLBBGG,"((0,), (3, 6), (7,), (3, 7), (1, 0), (0,), (5,), (6,), (4, 2), (4, 5))",56.4394,204.49923,260.93863,3487.2416847420445,4461.034031574924,196.8178283418301,912.2780244608676,1109.0958528026977,259.23501485402966,1055.0613558976302,-0.6528796238296843,-4.871941119292956,5.121455411386551,-4.246787908384383,0.6571701538581163
81,squeeze,BGBGGLBBGG,"((2,), (3, 0), (6,), (0, 0), (4, 4), (4,), (6,), (6,), (4, 5), (0, 2))",30.5828,209.44156000000004,240.02436000000003,3622.9956749996654,4348.245653635056,110.80135212937977,910.703352960546,1021.5047050899258,236.78574151223964,964.8383348594965,-1.3492874172273142,-5.547343046789077,5.8731466384657285,-4.255474207588106,1.3677421905038913
82,squeeze,BGBGGLBBGG,"((3,), (0, 6), (7,), (3, 5), (3, 6), (4,), (0,), (7,), (2, 1), (2, 3))",24.5418,178.95754000000002,203.49934,3780.090250125693,4615.590713605633,92.77021890053472,825.9947597537088,918.7649786542436,193.3126513451509,840.2143895332505,-5.0057600456341005,-8.549584599540317,9.348874537203406,-3.730567827700534,5.269540603765886
83,squeeze,BGBGGLBBGG,"((7,), (4, 5), (0,), (3, 4), (3, 4), (2,), (0,), (7,), (3, 1), (2, 7))",13.9083,167.25048,181.15878,5151.75861111111,5002.419506192627,71.65220429091666,836.6570635720799,908.3092678629964,175.2647494103649,845.5805702582696,-3.2535163847068818,-6.906094633638417,7.418417571440575,-3.7754118934759435,3.3629298586647547
84,squeeze,BGBGGLBBGG,"((0,), (0, 6), (2,), (4, 1), (3, 2), (3,), (1,), (7,), (2, 0), (4, 7))",51.3992,216.6644,268.0636,3564.999069340965,4379.827315775407,183.23810016487013,948.9526574760891,1132.1907576409592,266.0664273064576,1075.6723570273284,-0.745036884359675,-4.991950361032175,5.254239382875107,-4.278792055692475,0.7506293498811158
85,squeeze,BGBGGLBBGG,"((1,), (1, 2), (6,), (0, 4), (4, 5), (5,), (0,), (5,), (1, 2), (0, 1))",41.0784,254.43425,295.51265,3477.3440285401743,4085.544594127648,142.8437289419847,1039.5024746484223,1182.3462035904072,280.06321419940633,1091.192510758289,-5.228011660615434,-7.709560241772974,8.353584902152038,-2.6184409809689377,5.51641023072513
86,squeeze,BGBGGLBBGG,"((2,), (0, 2), (7,), (1, 5), (3, 6), (5,), (5,), (0,), (2, 4), (1, 3))",30.1083,212.78203,242.89033,3644.5685247715815,4270.383118569122,109.7317625143802,908.6607888468684,1018.3925513612488,238.8348144943344,963.4455306625366,-1.6696899813449124,-5.395465690049136,5.703178742333924,-3.7890409457647043,1.6980420188120364
87,squeeze,BGBGGLBBGG,"((7,), (2, 1), (7,), (0, 5), (0, 2), (1,), (0,), (0,), (2, 6), (0, 7))",13.2182,245.96885,259.18705,5158.521904761905,4353.77089069566,68.18637424152381,1070.8920191478871,1139.0783933894108,247.53491048983673,1063.6401023555068,-4.495648802732723,-6.622747957621419,7.092463970363716,-2.2272274804475787,4.707271183327366
88,squeeze,BGBGGLBBGG,"((7,), (2, 6), (3,), (0, 4), (4, 0), (0,), (7,), (1,), (1, 0), (3, 7))",12.6369,197.2956,209.9325,5292.833730158732,4671.935264128644,66.88501056464288,921.7522710974192,988.6372816620624,200.14000700685676,915.3752180880276,-4.664591234393551,-7.410408744738934,8.003500873342343,-2.880165455729355,4.89282135020997
89,squeeze,BGBGGLBBGG,"((0,), (3, 1), (7,), (1, 6), (1, 5), (5,), (1,), (5,), (3, 7), (3, 4))",57.94,218.35256,276.29256,3442.096149499088,4293.225000303835,199.43505090197715,937.4366694723432,1136.8717203743204,273.7922446094073,1084.8562758879484,-0.9049521241515426,-4.575313428435499,4.794685309240395,-3.70387964177824,0.9132162944058617
90,squeeze,LBLGGLLLGL,"((5,), (0,), (0,), (1, 0), (1, 3), (2,), (5,), (2,), (4, 7), (1,))",36.3736,193.23249,229.60609,3548.043774486382,4178.646296909102,129.05512503565788,807.4502287810251,936.5053538166828,201.32212485387015,810.8850161111842,-12.318473410757461,-13.413734069275625,15.491757180067827,-1.2491350243581911,14.0491091908849
91,squeeze,LBLGGLLLGL,"((1,), (5,), (0,), (4, 0), (0, 1), (5,), (3,), (5,), (1, 6), (2,))",82.5071,182.8605,265.3676,3227.871125130356,4231.900605893523,266.3222857082428,773.8474607439925,1040.1697464522354,251.52417616542363,955.8455501407761,-5.216697077780542,-8.106772630050857,8.821947886773126,-3.049139946770959,5.5038144029032665
92,squeeze,LBLGGLLLGL,"((2,), (3,), (4,), (0, 6), (3, 4), (0,), (1,), (5,), (4, 2), (0,))",61.9095,217.0252,278.9347,3271.290034055696,4031.108004540416,202.5239303633712,874.8520209069846,1077.3759512703557,250.9930154598167,951.3935317088556,-10.017285242812504,-11.693450128801532,13.241883128553066,-1.8627631879212048,11.13245501632563
93,squeeze,LBLGGLLLGL,"((5,), (0,), (2,), (1, 4), (1, 0), (3,), (5,), (4,), (4, 5), (5,))",35.1234,165.03046999999998,200.15387,3576.838892339546,4445.812924791238,125.6307431511988,733.6945965103725,859.3253396615713,180.8311470493135,760.5866492725404,-9.65393422105029,-11.490257046058627,12.981912117898615,-2.0325432094644698,10.685505935223146
94,squeeze,LBLGGLLLGL,"((5,), (1,), (4,), (2, 3), (1, 6), (0,), (1,), (1,), (3, 6), (1,))",36.4256,187.11218,223.53778,3543.3901450216454,4170.482245599896,129.07011206650046,780.3480246254918,909.4181366919922,196.62358033613694,789.8428621356711,-12.040112263735937,-13.148547376817895,15.139122006243028,-1.2601597632837405,13.688185118922158
95,squeeze,LBLGGLLLGL,"((4,), (3,), (2,), (0, 2), (2, 3), (5,), (5,), (1,), (3, 0), (0,))",43.0557,198.36867,241.42437,3403.856861626879,4108.051228963351,146.55543987714842,814.9086585813254,961.4640984584738,220.49392489800917,859.4831544484344,-8.66956600197024,-10.60683848450988,11.865380197647358,-2.1211685937914577,9.492526885569454
96,squeeze,LBLGGLLLGL,"((4,), (3,), (3,), (3, 7), (4, 3), (0,), (2,), (0,), (4, 3), (3,))",41.648,173.51375,215.16175,3424.079753056011,4262.785419974646,142.60607355527677,739.6518836651258,882.2579572204025,195.3246103518705,782.4247040075932,-9.219640409194255,-11.315653477055507,12.759471001038413,-2.3088838569367502,10.155985777928139
97,squeeze,LBLGGLLLGL,"((1,), (5,), (5,), (2, 3), (3, 0), (0,), (3,), (1,), (4, 3), (5,))",82.3776,189.02279,271.40039,3228.852033826102,4115.944325299972,265.9850813017131,778.0072798528681,1043.9923611545812,254.02909118330388,950.0087711768551,-6.400616748080627,-9.00232544554128,9.892918131829527,-2.7796216247047743,6.838310815418085
98,squeeze,LBLGGLLLGL,"((5,), (0,), (3,), (0, 3), (4, 1), (0,), (3,), (3,), (4, 3), (1,))",36.3671,203.67452,240.04162,3544.0215800865803,4128.2227580694525,128.88578720516668,840.8137887028719,969.6995759080386,211.42917666672082,844.1356899417171,-11.9197842996057,-12.948740938526436,14.874846243616464,-1.1682040407584064,13.532873647983502
99,squeeze,LBLGGLLLGL,"((3,), (3,), (0,), (1, 0), (2, 0), (3,), (5,), (0,), (2, 1), (0,))",50.5994,207.8728,258.4722,3339.5495443994155,3985.678056249805,168.9792032168838,828.5140574512045,997.4932606680884,232.94243453065937,887.6998535724991,-9.87718039670828,-11.006932219477175,12.36830294087936,-1.2535691046306734,10.959688611814709
100,squeeze,LBGLLLBGBL,"((1,), (2,), (2, 4), (1,), (1,), (2,), (4,), (1, 4), (3,), (5,))",82.3578,190.82816000000005,273.18596,3132.5301972702578,4006.225971002634,257.9882954807444,764.5007305906463,1022.4890260713908,255.62682679966707,956.3655853491382,-6.427538662796928,-6.466909574209531,6.914033894069187,-0.042075318795690056,6.869049473470917
101,squeeze,LBGLLLBGBL,"((3,), (2,), (3, 7), (0,), (4,), (2,), (1,), (0, 3), (6,), (5,))",49.1004,200.05041,249.15081,3253.838022348724,4032.930410109795,159.7647484325313,806.7893820439327,966.554130476464,220.32222879762813,861.2332825390331,-11.570735492440052,-10.896528669895899,12.229073129516184,0.7624250029655271,13.084735643652063
102,squeeze,LBGLLLBGBL,"((2,), (1,), (1, 6), (4,), (0,), (2,), (1,), (0, 6), (4,), (0,))",61.6471,209.97106,271.61816,3172.7164150324643,3932.5131262266345,195.58876610914783,825.7139495777202,1021.302715686868,247.15570327040362,937.790718886684,-9.006193374403379,-8.17700722004042,8.905184826240014,0.9112555954217105,9.897589416673467
103,squeeze,LBGLLLBGBL,"((1,), (7,), (2, 1), (4,), (4,), (1,), (6,), (4, 1), (3,), (5,))",82.3355,163.34072000000003,245.67622000000003,3129.070640024868,4367.859542490361,257.6335956817676,713.4493225292462,971.0829182110136,234.17396505308022,910.3563632094335,-4.681875578727077,-6.253488127816535,6.670635528650615,-1.6488076728655245,4.911841905359801
104,squeeze,LBGLLLBGBL,"((5,), (1,), (1, 5), (2,), (2,), (1,), (4,), (3, 7), (6,), (4,))",35.2989,156.19051,191.48941,3457.312726525393,4410.373576082241,122.0393362023472,688.858498138809,810.8978343411561,173.23219700764088,731.4774558823024,-9.534319935686844,-9.79412881567032,10.857529212989567,-0.28719054540768985,10.539156870217283
105,squeeze,LBGLLLBGBL,"((3,), (6,), (0, 1), (3,), (2,), (4,), (3,), (3, 3), (3,), (3,))",49.1647,161.50821,210.67291,3236.157105849132,4250.611569644933,159.10469326194084,686.5086660186436,845.6133592805844,190.98989706764868,766.8249569667753,-9.34292545365767,-9.317308134871388,10.274626770816315,0.028257385222803855,10.30578749690597
106,squeeze,LBGLLLBGBL,"((4,), (0,), (3, 2), (1,), (5,), (5,), (6,), (2, 0), (6,), (2,))",41.8162,171.06724,212.88344,3307.9493058748394,4245.24236959737,138.32586976432347,726.221895298082,864.5477650624055,191.01651487952842,772.8249054431408,-10.271783056714789,-10.609345524436566,11.86851756112473,-0.3762054783002666,11.447662069566482
107,squeeze,LBGLLLBGBL,"((2,), (6,), (1, 6), (1,), (3,), (3,), (5,), (3, 4), (1,), (2,))",60.6564,174.73824000000002,235.39464,3169.879543694788,4144.652134670528,192.2734815541685,724.229219424571,916.5027009787397,211.5194995014572,824.910073729361,-10.142601589629571,-9.993710564253249,11.103346918203444,0.1656970132791353,11.28744184570006
108,squeeze,LBGLLLBGBL,"((3,), (5,), (2, 3), (1,), (1,), (2,), (0,), (3, 4), (4,), (4,))",49.1061,181.57461,230.68071,3236.305093659721,4083.152129712558,158.92232155976362,741.3967555232272,900.3190770829908,202.50573840061867,798.8887410881995,-12.213839466412834,-11.266043181426616,12.696428273182187,1.079664811885231,13.913171953499212
109,squeeze,LBGLLLBGBL,"((1,), (3,), (2, 4), (5,), (0,), (1,), (4,), (4, 5), (7,), (3,))",82.3288,171.77031,254.09911,3111.008880445796,4239.3825572622445,256.12562791644586,728.2000560695285,984.3256839859744,241.5087694508426,925.2586075422785,-4.954893603978932,-6.000765539765957,6.383845117700998,-1.1003953548426075,5.213202227722848
110,squeeze,GBBGGGBBLB,"((1, 4), (2,), (2,), (3, 4), (3, 7), (2, 2), (0,), (5,), (0,), (1,))",19.7944,200.969,220.7634,3780.697373043625,4082.818331976845,74.83663608097473,820.5199173590546,895.3565534400293,197.8434689049002,812.3449033410632,-10.382124525668567,-9.271351148325092,10.218769116116887,1.239455154972555,11.584881331673891
111,squeeze,GBBGGGBBLB,"((0, 7), (4,), (5,), (4, 0), (1, 0), (3, 4), (5,), (2,), (2,), (0,))",15.285,216.8659,232.1509,4395.809062049062,4121.381685391219,67.18994151341991,893.7871484458836,960.9770899593036,212.03906915866773,887.3258466313944,-8.6632577523207,-7.664203870981805,8.300360415231403,1.0938137892303332,9.484964691239384
112,squeeze,GBBGGGBBLB,"((4, 5), (2,), (0,), (1, 2), (2, 7), (3, 7), (5,), (6,), (5,), (6,))",14.3586,149.62446,163.98306,4581.481951659452,4832.033835767038,65.7836667510974,722.9904533783717,788.7741201294691,153.10096102605414,720.0962553029949,-6.636111665403645,-8.706911531935333,9.537317312888495,-2.217988028851569,7.1077927277634645
113,squeeze,GBBGGGBBLB,"((2, 6), (1,), (3,), (1, 0), (1, 3), (3, 3), (5,), (3,), (2,), (1,))",16.3237,194.2235,210.5472,4145.24498168498,4116.7721964840985,67.66573550753111,799.5739047038293,867.2396402113604,185.33587282402365,773.2420927686047,-11.974192568685952,-10.838705138045464,12.156289514218782,1.2899483273999164,13.603047694881218
114,squeeze,GBBGGGBBLB,"((1, 5), (3,), (1,), (4, 7), (2, 2), (1, 4), (4,), (5,), (1,), (6,))",14.4931,161.1261,175.6192,4385.816406926408,4514.29486666692,63.56407576722512,727.3707261160608,790.9348018832859,164.32414938429312,731.1783223161866,-6.431557947938997,-7.555171352280088,8.172627352764787,-1.2008465458000304,6.8736400936979525
115,squeeze,GBBGGGBBLB,"((4, 4), (0,), (2,), (2, 0), (2, 0), (4, 0), (0,), (1,), (5,), (1,))",20.1,200.1223,220.2223,3966.3927107614622,4193.60954898978,79.72449348630539,839.2347882457974,918.9592817321028,197.2162762562751,829.9332912307158,-10.446727576510137,-9.687696971032944,10.726885093303046,0.8475743933597293,11.665377817918754
116,squeeze,GBBGGGBBLB,"((1, 5), (5,), (6,), (0, 1), (3, 1), (0, 3), (4,), (4,), (2,), (4,))",15.3557,199.44163999999995,214.79734,4152.803131313133,4130.782235950033,63.76919904350508,823.8499836207415,887.6191826642465,200.1533550928123,829.9951058739238,-6.817582055340025,-6.491981912486429,6.942700792150909,0.3494222945008403,7.31638243106002
117,squeeze,GBBGGGBBLB,"((1, 2), (3,), (6,), (0, 1), (2, 1), (4, 1), (0,), (2,), (1,), (4,))",24.7562,222.0245,246.7807,3590.7534060547287,3975.3213880016415,88.89340947097206,882.6187435103703,971.5121529813424,221.7563759764177,881.6146061784818,-10.140308388614788,-9.253363071886042,10.19692121396876,0.9870335640194622,11.284601812866686
118,squeeze,GBBGGGBBLB,"((2, 7), (4,), (2,), (4, 4), (4, 7), (2, 5), (5,), (4,), (3,), (0,))",15.2597,183.50745,198.76715,4445.046244866245,4350.454564393248,67.83007218278544,798.3408234526657,866.1708956354512,170.70026577376186,753.1627663034819,-14.120484308517847,-13.046862911396117,15.004476374557449,1.2501484067267836,16.44220300361844
119,squeeze,GBBGGGBBLB,"((3, 2), (1,), (2,), (4, 5), (0, 3), (4, 6), (7,), (0,), (3,), (0,))",28.2694,203.6985,231.9679,3566.2936375041363,4194.968184190936,100.81698135605944,854.5087266674174,955.3257080234767,210.10379563751889,864.0664724999268,-9.425487044751064,-9.552682897266623,10.561598954246866,-0.14043227875640152,10.406334781405903
120,squeeze,GLGLBLGLGG,"((3, 6), (0,), (3, 5), (5,), (0,), (3,), (3, 1), (1,), (4, 7), (1, 0))",17.8998,191.7273,209.6271,4213.821071926439,4258.299846144442,75.42655442326887,816.4323320916893,891.8588865149582,191.08774905519473,816.2841209267832,-8.843966712703308,-8.47384790698135,9.258389775164275,0.4060277662098839,9.702009174565275
121,squeeze,GLGLBLGLGG,"((4, 2), (1,), (0, 7), (1,), (3,), (0,), (1, 1), (1,), (2, 5), (0, 6))",25.9736,228.6591,254.6327,3919.161947355192,4059.776639706257,101.7947447558248,928.304872636257,1030.0996173920817,231.46364751931222,948.4525065515177,-9.099009074909775,-7.9261373814768685,8.608455381432334,1.290273825947004,10.009801853984294
122,squeeze,GLGLBLGLGG,"((1, 7), (3,), (3, 7), (5,), (1,), (2,), (1, 7), (1,), (0, 6), (1, 0))",15.9483,212.6787,228.627,4496.801281365692,4128.864767274396,71.71633587560447,878.1215911797211,949.8379270553256,209.7959912125982,883.3178091669741,-8.23656382990714,-7.00331245927147,7.530711732290821,1.343946371351775,8.975866830705671
123,squeeze,GLGLBLGLGG,"((1, 2), (3,), (1, 4), (4,), (3,), (0,), (3, 3), (4,), (3, 7), (1, 5))",27.6718,204.67550000000003,232.3473,3586.354572403,4097.020772072939,99.24088645662134,838.5597750344149,937.8006614910362,215.3021851433897,873.2010289119326,-7.336050324927511,-6.888418320839614,7.3980252473590165,0.48307028316569073,7.9168331920358295
124,squeeze,GLGLBLGLGG,"((2, 1), (4,), (1, 5), (5,), (0,), (0,), (0, 2), (3,), (3, 3), (4, 6))",33.6664,201.9173,235.5837,3653.1674320682696,4202.421053398784,122.9889960349832,848.5415125654384,971.5305086004216,215.3492978222683,888.7155971074708,-8.589050166769468,-8.52416993185868,9.318494213727213,0.07097643666230281,9.396084585532982
125,squeeze,GLGLBLGLGG,"((1, 5), (3,), (3, 0), (5,), (3,), (2,), (1, 1), (1,), (4, 1), (2, 1))",18.5294,195.7754,214.3048,3992.3898445998457,4162.587635008457,73.97658838652838,814.9322592788346,888.908847665363,199.08140541545583,829.4913758353673,-7.103618110534233,-6.684315493770845,7.16312110781831,0.45136592861314206,7.646818924537424
126,squeeze,GLGLBLGLGG,"((3, 3), (0,), (0, 2), (4,), (6,), (2,), (4, 7), (0,), (3, 5), (0, 4))",22.4874,219.93997,242.42737,3800.484134615383,4088.909752679452,85.46300692874996,899.314688337026,984.777695265776,224.1730216462603,910.1739696891641,-7.529821551807326,-7.575692050628491,8.196644604337571,-0.04960572109944874,8.14297287857617
127,squeeze,GLGLBLGLGG,"((4, 4), (2,), (0, 6), (0,), (2,), (0,), (0, 6), (2,), (4, 2), (4, 7))",19.3039,211.4248,230.7287,4378.253792318793,4259.947179422513,84.51737338154274,900.658480419969,985.1758538015116,210.04777621240885,903.71000016311,-8.963307896933133,-8.269168730034162,9.0146013238426,0.7624828526426584,9.845818965813656
128,squeeze,GLGLBLGLGG,"((0, 0), (5,), (3, 3), (2,), (2,), (4,), (1, 0), (4,), (1, 2), (3, 5))",47.9152,209.67014,257.58534,3375.934932173192,4069.9050796632177,161.75859746206493,853.3375678396981,1015.096165301763,251.51216124639447,987.3178936707086,-2.357734626359367,-2.7365162612742804,2.813508375481649,-0.3879279464332996,2.414666043784615
129,squeeze,GLGLBLGLGG,"((2, 7), (1,), (2, 1), (1,), (7,), (1,), (2, 1), (5,), (2, 3), (3, 3))",14.5294,185.70141,200.23081,4661.792146464646,4284.46521734462,67.73304281284342,795.6312319568525,863.364274769696,182.77058400185197,789.65920128377,-8.720049625803352,-8.536961238706212,9.333782645235008,0.20057897308946276,9.553083223704695
130,squeeze,GGBGBLGGLG,"((1, 0), (1, 3), (0,), (2, 4), (3,), (0,), (3, 0), (2, 0), (1,), (4, 6))",45.0715,202.87493,247.94643,3508.187889618776,4139.786856260771,158.11929046695266,839.858968678824,997.9782591457766,240.01112744500975,955.462493991149,-3.200410086561942,-4.260189514651266,4.449757622304049,-1.0948180968917571,3.30622277369549
131,squeeze,GGBGBLGGLG,"((1, 0), (2, 6), (1,), (1, 7), (4,), (3,), (1, 1), (0, 7), (1,), (0, 2))",52.3378,237.14765,289.48545,3279.77490893958,3980.64773503398,171.65620322909797,944.0012558411312,1115.657459070229,274.82621961203125,1064.360626240268,-5.063891946199286,-4.597901659951338,4.819497411432926,0.49084620783472116,5.333999939548339
132,squeeze,GGBGBLGGLG,"((4, 1), (1, 7), (3,), (1, 5), (6,), (1,), (3, 2), (2, 6), (1,), (4, 4))",36.3078,162.29962,198.60742,3724.750767862572,4662.928308183387,135.2375059294007,756.7914925054067,892.0289984348074,187.86339041102718,828.9002917005274,-5.409681868367661,-7.07697920639893,7.615959044334336,-1.7626511581354938,5.719065095900736
133,squeeze,GGBGBLGGLG,"((4, 0), (2, 3), (4,), (0, 5), (3,), (3,), (1, 2), (2, 3), (1,), (4, 2))",52.9894,176.82732,229.81672,3573.304383056058,4497.150994565824,189.34725527551072,795.219158004409,984.5664132799196,220.58358219282317,933.2650958525447,-4.0176092527892795,-5.2105492057638925,5.496971616677777,-1.2428737643308472,4.1857774342905
134,squeeze,GGBGBLGGLG,"((3, 3), (4, 6), (3,), (2, 5), (1,), (4,), (4, 0), (3, 4), (5,), (2, 1))",23.4516,146.74962999999997,170.20122999999998,3724.416270200389,4694.925457854292,87.34352060223144,688.9785738176978,776.3220944199293,165.1582638230008,724.4381055588168,-2.9629434387749063,-6.683306997706973,7.161962970058056,-3.8339616748213188,3.053414379799804
135,squeeze,GGBGBLGGLG,"((3, 3), (4, 7), (4,), (4, 7), (4,), (0,), (1, 0), (4, 0), (2,), (3, 0))",23.9242,149.89557000000002,173.81977,3724.9633090928687,4761.979401748111,89.1167671993996,713.7996167532922,802.9163839526918,164.28798052483532,737.2404880041942,-5.483719990634372,-8.179668177298936,8.90834090329071,-2.852363832344464,5.801878776958837
136,squeeze,GGBGBLGGLG,"((1, 6), (1, 1), (3,), (3, 2), (4,), (2,), (2, 3), (0, 5), (3,), (3, 2))",15.87,187.79617,203.66617,4295.961955642396,4241.930616533519,68.17691623604482,796.6183231907336,864.7952394267784,194.6235600211956,820.5494529205613,-4.439917527198745,-5.1163309520002676,5.392214491001639,-0.7078409805621882,4.6462052065123025
137,squeeze,GGBGBLGGLG,"((4, 4), (2, 0), (4,), (0, 2), (2,), (5,), (2, 3), (4, 1), (1,), (2, 2))",19.2767,175.67866,194.95536,4062.89840992341,4479.663544718179,78.3192737785706,786.9812887869398,865.3005625655104,183.81817477340508,803.9852745835069,-5.71268480466243,-7.086010414717768,7.626419279105222,-1.4565327342391614,6.058805251615556
138,squeeze,GGBGBLGGLG,"((4, 6), (1, 0), (6,), (4, 3), (0,), (4,), (3, 4), (0, 6), (2,), (2, 5))",14.1046,163.33946,177.44406,4670.420483405484,4696.710931764304,65.87441275024099,767.1582273704784,833.0326401207194,174.09048931929115,793.1493375415105,-1.8899312159048072,-4.7877238727919735,5.028473288880673,-2.953613928519561,1.926337672908849
139,squeeze,GGBGBLGGLG,"((3, 4), (3, 7), (7,), (1, 5), (0,), (5,), (3, 2), (3, 1), (4,), (0, 5))",17.7275,182.44094000000004,200.16844000000003,4097.28517094017,4397.039692016109,72.63462286784187,802.2000546287296,874.8346774965714,190.67336155039467,820.9450150324341,-4.743544211867444,-6.159982434435284,6.564344928997265,-1.4869734663635414,4.979761395298961
140,squeeze,BGLBBGLGGL,"((4,), (0, 5), (5,), (4,), (6,), (2, 1), (2,), (3, 4), (4, 6), (4,))",22.4811,167.47940000000003,189.9605,3837.787259442913,4460.940734450704,86.27767915826207,747.1156776413635,833.3933567996256,170.2188480170653,742.7373776518479,-10.392503695733947,-10.877933980169026,12.205657325929272,-0.5417295477007764,11.59780612600285
141,squeeze,BGLBBGLGGL,"((1,), (2, 2), (1,), (7,), (2,), (4, 5), (3,), (4, 1), (3, 6), (1,))",42.144,185.99722000000008,228.1412200000001,3362.907534924845,4330.739360334074,141.72637515187267,805.5054815667164,947.2318567185893,210.88410774727006,870.0195232114771,-7.564223708775652,-8.151365788582314,8.87478170858746,-0.6351892128398834,8.183220839671556
142,squeeze,BGLBBGLGGL,"((3,), (3, 3), (4,), (7,), (5,), (4, 5), (3,), (1, 2), (1, 1), (2,))",26.4653,160.17098000000004,186.63628000000003,3624.31072908624,4533.305471697186,95.91847073848606,726.1039800411006,822.0224507795867,179.15476589084045,773.9066726186892,-4.008606530927199,-5.8533411241098925,6.217258470984228,-1.9217708239406213,4.176006187699231
143,squeeze,BGLBBGLGGL,"((6,), (4, 0), (4,), (7,), (7,), (3, 1), (5,), (2, 2), (1, 3), (5,))",17.583,142.09559999999996,159.67859999999996,4358.192367632369,5060.735737278404,76.63009640007994,719.108281030017,795.738377430097,149.42247579162603,732.4523239365644,-6.4229797908886574,-7.953123198345682,8.640296634380473,-1.6351700492681918,6.8638430423789725
144,squeeze,BGLBBGLGGL,"((4,), (1, 0), (4,), (0,), (5,), (2, 6), (2,), (1, 4), (4, 7), (2,))",22.6797,206.3092,228.9889,3826.960692677206,4123.134190740543,86.79432042171123,850.6405163843289,937.43483680604,203.8929618733653,839.6342945719974,-10.959456168676606,-10.432782993990443,11.647992806665476,0.5914981558107875,12.308388625116638
145,squeeze,BGLBBGLGGL,"((2,), (0, 1), (5,), (2,), (0,), (4, 6), (0,), (1, 7), (2, 7), (2,))",32.1315,211.83891000000008,243.97041000000004,3496.17792601398,4081.621919371393,112.33744102971822,864.646338431744,976.9837794614622,223.37336188604186,896.0028140086994,-8.442436979942846,-8.28887512312656,9.038025794858342,0.16772165155012186,9.220906172539125
146,squeeze,BGLBBGLGGL,"((3,), (0, 4), (2,), (7,), (7,), (3, 7), (0,), (2, 0), (4, 6), (5,))",26.2418,177.84366,204.08546,3660.1019158803856,4466.824306026759,96.04766245614992,794.3963831607588,890.4440456169086,186.518707285165,808.0848688213938,-8.607547404325139,-9.249225395005652,10.191896912466278,-0.7021126717315769,9.418225641022445
147,squeeze,BGLBBGLGGL,"((5,), (0, 7), (4,), (3,), (1,), (3, 3), (1,), (2, 6), (1, 6), (5,))",19.5235,176.55100000000004,196.07450000000003,4092.896559959647,4418.8960770820695,79.90766598837217,780.1605213049166,860.0681872932888,175.70957076870687,773.7615713517395,-10.386322153718693,-10.034857377199819,11.154161583751709,0.3921999241251518,11.590108121145144
148,squeeze,BGLBBGLGGL,"((3,), (1, 5), (5,), (2,), (6,), (3, 5), (0,), (2, 5), (4, 1), (5,))",26.1698,174.85669,201.02649,3652.020446827854,4339.290085839138,95.57264468939556,758.7539013596474,854.326546049043,186.58964890685903,786.3048410856287,-7.181561541039178,-7.962026379490437,8.650805820996688,-0.8408510759382497,7.7372143512352505
149,squeeze,BGLBBGLGGL,"((6,), (2, 7), (5,), (6,), (6,), (4, 7), (1,), (2, 7), (3, 0), (2,))",17.4952,148.06719999999996,165.56239999999997,4321.581572455322,4875.920269200199,75.60693392642035,721.9638616837195,797.5707956101398,156.00167613318396,736.8813380648439,-5.774695140210583,-7.609287837434997,8.235987859955182,-1.9470276057523406,6.128603296963094
150,squeeze,LGBBGLLBBG,"((1,), (3, 7), (2,), (7,), (4, 5), (2,), (4,), (5,), (5,), (2, 0))",83.1542,169.66539999999998,252.8196,3118.5792916123405,4475.847604957587,259.3229661305909,759.3964742341708,1018.7194403647616,245.77891123158082,972.1853378367193,-2.7848666671489024,-4.5679016895348825,4.786546424531429,-1.8341126131886478,2.86464315963433
151,squeeze,LGBBGLLBBG,"((0,), (4, 3), (6,), (2,), (3, 0), (5,), (0,), (7,), (3,), (1, 6))",121.647,207.64709,329.29409,3104.222918227332,4169.654471407582,377.6194053336002,865.8166172932725,1243.4360226268727,322.7124712038251,1208.7433569110458,-1.9987054113770746,-2.790064392901815,2.8701432373936218,-0.8074984976949573,2.039468376175004
152,squeeze,LGBBGLLBBG,"((2,), (4, 7), (6,), (0,), (1, 6), (1,), (2,), (5,), (0,), (0, 1))",61.7491,222.3691,284.1182,3173.676788130248,4021.529030702513,195.9716853579335,894.2637911811902,1090.2354765391235,267.44931976455723,1026.4202346541367,-5.866882246699708,-5.853344828546932,6.217262650369518,0.014381142870731703,6.232537906664653
153,squeeze,LGBBGLLBBG,"((5,), (0, 7), (6,), (7,), (2, 6), (4,), (2,), (5,), (5,), (1, 1))",36.4917,159.96930999999998,196.46101,3449.6070129870127,4707.821246671055,125.88202423581816,753.1069164333082,878.9889406691264,182.37881288909068,809.8093777890725,-7.167934803404149,-7.870356460616124,8.54269718003594,-0.7566584409432493,7.721399699795744
154,squeeze,LGBBGLLBBG,"((5,), (3, 5), (2,), (3,), (4, 4), (4,), (5,), (2,), (6,), (1, 3))",37.0425,160.09474000000003,197.13724,3455.4750366300373,4512.980823498082,127.99943404436814,722.5044915629114,850.5039256072796,186.53491382855896,793.556994419599,-5.378144774392213,-6.69566941116928,7.176161458866742,-1.3924104887139228,5.683829345312521
155,squeeze,LGBBGLLBBG,"((0,), (0, 1), (3,), (7,), (0, 0), (4,), (4,), (7,), (5,), (3, 3))",121.713,194.1041,315.8171,3099.932392532694,4338.176415351697,377.3020712923317,842.0578287430673,1219.359900035399,310.3449324453486,1188.8830096807908,-1.7327014764721032,-2.4994171412167554,2.563489435582998,-0.7802348047260913,1.7632533940650197
156,squeeze,LGBBGLLBBG,"((5,), (2, 5), (5,), (0,), (3, 2), (2,), (2,), (0,), (5,), (4, 0))",37.2465,195.84414000000004,233.09064000000004,3478.611621545122,4263.102619851657,129.56610776188035,834.9036663165949,964.4697740784752,220.05932599938842,909.4524896935834,-5.590663786676124,-5.704407319292026,6.04949516422,-0.12047911486094219,5.921727671131675
157,squeeze,LGBBGLLBBG,"((1,), (2, 3), (3,), (2,), (0, 7), (1,), (4,), (7,), (7,), (0, 6))",83.1906,207.78959999999995,290.9802,3131.7934962812883,4146.980511735767,260.53578003173817,861.6994217413702,1122.2352017731084,279.3948517232909,1073.1951099707273,-3.981490244597093,-4.36985862900208,4.569541115754686,-0.40447241411506546,4.146586168374749
158,squeeze,LGBBGLLBBG,"((2,), (1, 3), (0,), (4,), (2, 7), (3,), (5,), (6,), (6,), (3, 1))",62.1264,171.78924000000004,233.91564,3192.4862319636723,4388.466154334809,198.33767664146788,753.8912654188997,952.2289420603676,216.1157889588361,876.1193104967223,-7.609517277751881,-7.992787049610621,8.687130925181217,-0.4148368539332696,8.236256650620849
159,squeeze,LGBBGLLBBG,"((5,), (2, 2), (5,), (3,), (1, 5), (0,), (3,), (2,), (1,), (2, 3))",37.4049,179.4394,216.8443,3460.3746327151102,4283.22295082054,129.43496709924543,768.5789563614672,898.0139234607127,193.81779059099335,811.6201316970912,-10.618913851554616,-9.620540339807008,10.644609268497678,1.1169852088052419,11.880493188367142
160,squeeze,LGLBBLGLLG,"((4,), (1, 0), (3,), (0,), (1,), (0,), (4, 5), (3,), (5,), (0, 7))",43.5491,240.06550000000004,283.61460000000005,3360.5977835808176,3952.1360138355135,146.3510089369394,948.7715082294296,1095.122517166369,246.99291145252397,972.9841637609982,-12.912483541917826,-11.152939647465573,12.552964164725362,2.0204318207870626,14.827020067948547
161,squeeze,LGLBBLGLLG,"((2,), (3, 6), (5,), (3,), (1,), (0,), (4, 5), (5,), (3,), (0, 3))",62.2822,204.918,267.2002,3177.714003657128,4084.6615433193247,197.915019118574,837.0206741339094,1034.9356932524834,246.71200923765105,958.8376109866194,-7.6677303244342445,-7.35292856957239,7.936493249108266,0.3409444563292927,8.304496739197324
162,squeeze,LGLBBLGLLG,"((2,), (0, 4), (5,), (1,), (7,), (3,), (4, 2), (0,), (0,), (4, 1))",62.1955,211.7467,273.9422,3196.964869744958,4079.8777655887984,198.8368285562225,863.9006532668017,1062.7374818230242,248.62582419523758,971.1897457451937,-9.241502698292715,-8.614332103991392,9.426349122702684,0.691032369361983,10.182520615751605
163,squeeze,LGLBBLGLLG,"((1,), (1, 7), (3,), (4,), (2,), (5,), (3, 1), (2,), (3,), (0, 2))",83.1243,216.8859,300.0102,3114.846865988022,3972.1488428220855,258.9194653424482,861.5030767094265,1120.4225420518746,283.3430857389837,1064.5429880163074,-5.555515866132654,-4.987364314648007,5.24915899729841,0.6015719781785641,5.882308445094755
164,squeeze,LGLBBLGLLG,"((4,), (1, 7), (5,), (3,), (3,), (0,), (0, 0), (4,), (3,), (4, 4))",43.6501,181.3743,225.0244,3398.001057471261,4286.977075411454,148.3230859587263,777.5474661687998,925.870552127526,205.81261592951222,852.4957730710521,-8.53764483784327,-7.924950079454256,8.607054882178087,0.6698873621860664,9.334599817276272
165,squeeze,LGLBBLGLLG,"((1,), (4, 0), (3,), (7,), (6,), (4,), (2, 1), (3,), (4,), (4, 6))",83.3887,167.03909999999996,250.4278,3178.017278626763,4483.252056855769,265.0107294422236,748.8783886503364,1013.88911809256,244.70797804572305,977.5276764146948,-2.2840203660603726,-3.586333162966807,3.719735262251505,-1.3327531502883292,2.3374072230731273
166,squeeze,LGLBBLGLLG,"((2,), (0, 1), (5,), (0,), (5,), (3,), (0, 1), (3,), (5,), (4, 7))",62.6031,221.1592,283.7623,3267.0364201737275,4010.679804011672,204.52660771577789,886.998736911378,1091.5253446271558,254.48873811063547,993.6233246918697,-10.316226605635956,-8.969285085059349,9.853031576693946,1.501878734131465,11.502890896743043
167,squeeze,LGLBBLGLLG,"((1,), (1, 0), (1,), (7,), (6,), (2,), (3, 6), (4,), (0,), (3, 2))",83.4044,182.9239,266.3283,3137.9596994922367,4285.536227389976,261.7196459603303,783.9270003054613,1045.6466462657916,259.319694387788,1010.7655784663536,-2.6315662331836394,-3.335837008037564,3.4509552504116088,-0.7233050256724398,2.7026892919792287
168,squeeze,LGLBBLGLLG,"((0,), (3, 4), (3,), (6,), (6,), (2,), (4, 1), (4,), (5,), (0, 0))",121.359,219.302,340.66099999999994,3069.8680393411346,4041.1413072402606,372.55611538640073,886.2303709604035,1258.7864863468044,330.95624577723953,1224.8243995759542,-2.8488010728437994,-2.6980021742538316,2.772812721775309,0.1552208312972455,2.9323375360296073
169,squeeze,LGLBBLGLLG,"((4,), (2, 0), (5,), (0,), (5,), (4,), (1, 0), (5,), (4,), (0, 2))",43.4108,224.34900000000005,267.75980000000004,3304.9517104964007,4000.614823717079,143.47059771401717,897.5339350861032,1041.0045328001204,237.07904575026876,938.0990313120506,-11.45831235672094,-9.885211662937913,10.969577630214959,1.776678009708611,12.941149713437518
170,squeeze,GBLBBBLBGB,"((1, 7), (3,), (1,), (0,), (5,), (3,), (5,), (6,), (0, 1), (7,))",11.5771,204.56789,216.14499,5120.091388888888,4250.289674678255,59.27581001830554,869.4727906377171,928.7486006560226,193.9525915685066,841.7608963334698,-10.267366563293193,-9.366119557123318,10.334015835310577,1.0043692820021495,11.442176797959823
171,squeeze,GBLBBBLBGB,"((3, 0), (1,), (3,), (4,), (5,), (4,), (1,), (3,), (0, 3), (1,))",50.6744,189.6478,240.3222,3370.3846672547666,4143.732083761855,170.79222078233494,785.8496734748516,956.6418942571866,215.46560168213492,866.5218549660683,-10.343030447401485,-9.420457104389586,10.400203846520077,1.0290034869744895,11.536225793727732
172,squeeze,GBLBBBLBGB,"((0, 2), (3,), (4,), (5,), (0,), (5,), (2,), (3,), (3, 2), (2,))",24.225,210.91022,235.13522,3508.424529195005,4047.650408039004,84.991584219749,853.6908380425962,938.6824222623452,218.26555596474287,875.3565807147638,-7.174452230192113,-6.746247724012767,7.234290909868228,0.46130027397331613,7.728962987628775
173,squeeze,GBLBBBLBGB,"((4, 2), (1,), (4,), (3,), (7,), (4,), (3,), (2,), (1, 7), (7,))",21.9664,154.90480000000002,176.87120000000002,4202.247772551405,4690.987165522663,92.3082554709732,726.6564286778552,818.9646841488284,158.11034663353482,727.3916912522676,-10.607070776059187,-11.181555770226527,12.589227234491783,-0.6426514928582048,11.865670884871772
174,squeeze,GBLBBBLBGB,"((3, 4), (4,), (0,), (5,), (5,), (2,), (1,), (1,), (3, 6), (6,))",15.3753,177.13756999999998,192.51287,4249.240840270841,4355.465015591414,65.33335269141625,771.5164890818752,836.8498417732915,167.2322257814981,733.827127882459,-13.131924228495421,-12.31077652742654,14.039098580086051,0.9452813289301154,15.11708888664378
175,squeeze,GBLBBBLBGB,"((3, 0), (6,), (3,), (6,), (7,), (2,), (1,), (6,), (3, 6), (5,))",42.6192,152.03895000000003,194.65815000000003,3498.549747905848,4726.362850902576,149.10539141594893,718.5912451702344,867.6966365861833,179.4948388556197,782.1735544199856,-7.789712963151218,-9.856334409993206,10.934028858801877,-2.2412048733956818,8.447769997764253
176,squeeze,GBLBBBLBGB,"((2, 0), (3,), (0,), (6,), (2,), (1,), (1,), (5,), (4, 5), (2,))",47.4491,192.45837,239.90747,3330.752564021316,4208.385971693976,158.04121148550382,809.9391044430888,967.9803159285926,219.16878959034224,881.2720788971317,-8.644449632876269,-8.957644655023891,9.838986064323286,-0.3428308634658953,9.462424119976799
177,squeeze,GBLBBBLBGB,"((4, 6), (3,), (2,), (6,), (1,), (6,), (5,), (1,), (0, 3), (4,))",14.096,164.0586,178.15460000000002,4562.555822510823,4634.609424388134,64.31378687411257,760.3475337119232,824.6613205860358,162.16430383004675,746.8731898187946,-8.975516865662332,-9.432736667212913,10.415172458675896,-0.5023041997127166,9.8605524102959
178,squeeze,GBLBBBLBGB,"((0, 7), (0,), (4,), (2,), (4,), (3,), (3,), (1,), (3, 3), (5,))",10.6627,223.05686,233.71956,4763.598968253968,4067.2256140045192,50.79282671880159,907.22257437142,958.0154010902216,207.8801181498543,867.5847410968485,-11.055746404000462,-9.439374345178907,10.423265383741741,1.8172866638056244,12.429972659299176
179,squeeze,GBLBBBLBGB,"((3, 2), (7,), (2,), (5,), (6,), (2,), (1,), (0,), (4, 6), (1,))",26.7666,195.2225,221.9891,3601.166188349835,4214.7458829138,96.3909748970847,822.8132281271394,919.204203024224,201.59651723425623,830.2260128948794,-9.1862991316888,-9.679915500451607,10.717345487536601,-0.5435483457265994,10.115543187706717
180,squeeze,BBLGBBGGBL,"((1,), (3,), (1,), (1, 0), (7,), (7,), (2, 5), (3, 4), (7,), (3,))",42.2023,197.93387,240.13617,3364.271522704873,4180.403595585641,141.97999608264786,827.4434618361809,969.4234579188288,213.46618451451056,857.8584849565781,-11.106192576274301,-11.508383880225049,13.00505560283614,-0.45244018183812407,12.49377532378038
181,squeeze,BBLGBBGGBL,"((5,), (6,), (5,), (0, 6), (3,), (5,), (3, 6), (1, 7), (3,), (5,))",19.1687,174.53205,193.70075,4092.026277252161,4533.501195545598,78.43882410076351,791.2412573360242,869.6800814367878,177.30169148398127,784.7457767362619,-8.46618225072372,-9.766154993478404,10.8231617446564,-1.4202103383423772,9.249239744280919
182,squeeze,BBLGBBGGBL,"((1,), (0,), (0,), (2, 5), (0,), (0,), (0, 2), (1, 0), (4,), (2,))",42.1501,243.91129,286.06139,3361.861163865426,3850.810280423988,141.7027842430441,939.2561030434769,1080.9588872865208,262.61763335056264,1001.4689785239603,-8.19535857301028,-7.3536477378987275,7.9373311073218265,0.9168499784196015,8.926954504286007
183,squeeze,BBLGBBGGBL,"((2,), (2,), (2,), (2, 2), (1,), (5,), (4, 0), (0, 1), (6,), (0,))",31.9739,204.45489,236.42879,3477.1196377073807,4070.928317618213,111.17707558409202,832.3212013765168,943.4982769606088,219.65411274065227,871.2216006006435,-7.095023097376478,-7.660499030565044,8.296015194083335,-0.6086605390164009,7.636860084269747
184,squeeze,BBLGBBGGBL,"((5,), (5,), (2,), (3, 6), (6,), (1,), (4, 7), (1, 5), (4,), (2,))",19.5951,152.14221,171.73731,4048.18910048285,4648.215803234722,79.32467024287149,707.1898248610559,786.5144951039274,162.70905762351978,724.4051619193315,-5.257012804311553,-7.896781759424409,8.573839123403763,-2.786242056797838,5.5487091550674705
185,squeeze,BBLGBBGGBL,"((3,), (4,), (2,), (0, 2), (2,), (2,), (3, 7), (3, 6), (7,), (2,))",26.1351,179.29979000000003,205.43489,3625.284517789572,4249.371903333836,94.74717340088225,761.9114898996572,856.6586633005395,196.19310321886704,805.0184702400194,-4.498645182000467,-6.028094417624925,6.41478363162567,-1.6014948044864712,4.710556400559649
186,squeeze,BBLGBBGGBL,"((0,), (2,), (1,), (1, 2), (2,), (5,), (1, 6), (3, 4), (3,), (0,))",61.974,251.3711,313.3451,3248.949750033641,3859.718613250071,201.35041180858488,970.221713503145,1171.57212531173,280.2394171403832,1060.5103617214365,-10.56524670710243,-9.479720555893412,10.472482645998502,1.2137632310047675,11.813357020733765
187,squeeze,BBLGBBGGBL,"((2,), (7,), (4,), (4, 4), (6,), (5,), (3, 4), (3, 4), (6,), (3,))",32.2442,144.11162,176.35582,3497.532008925476,4690.917780910734,112.77512160219484,676.0157606938509,788.7908822960458,167.18026591769026,721.7741697776676,-5.202864346813012,-8.496131740684316,9.284997347442035,-3.474015719124293,5.488419360947321
188,squeeze,BBLGBBGGBL,"((2,), (6,), (4,), (4, 5), (7,), (2,), (4, 1), (3, 1), (7,), (4,))",32.5486,146.69644,179.24504,3502.8877198761074,4695.216181472446,114.01409123915948,688.7714988524017,802.7855900915612,170.9235447682388,734.9329263547709,-4.642524686742345,-8.45215267616493,9.232497457058555,-3.995101565878936,4.868548240702934
189,squeeze,BBLGBBGGBL,"((1,), (7,), (3,), (4, 2), (4,), (7,), (0, 6), (1, 0), (4,), (4,))",42.2166,187.56416,229.78076,3371.482055829229,4292.643417525749,142.33250935812023,805.1460567877464,947.4785661458666,214.31968362235827,869.6562411326637,-6.728620959231624,-8.213623800458823,8.948630657999411,-1.5921313231340757,7.214025383167727
190,squeeze,GBGGLBBGBG,"((3, 0), (2,), (1, 3), (4, 4), (5,), (0,), (1,), (2, 1), (4,), (4, 3))",46.8566,168.03858000000002,214.89518,3503.738086406163,4511.853667490807,164.173254019499,758.1654834529476,922.3387374724466,208.84032556522854,875.8293559753765,-2.817585036002888,-5.042548860576234,5.310324571762559,-2.289471634757826,2.8992745622206453
191,squeeze,GBGGLBBGBG,"((1, 4), (7,), (0, 0), (4, 7), (3,), (4,), (5,), (1, 4), (3,), (3, 1))",20.1098,168.58477,188.69457,3853.0625652288886,4498.918876664369,77.48431757423991,758.449204071121,835.9335216453609,184.57270609579098,796.453636181542,-2.1844104492296847,-4.722849896737114,4.956959660966363,-2.595127687892622,2.233192540434342
192,squeeze,GBGGLBBGBG,"((4, 1), (4,), (0, 5), (0, 4), (3,), (5,), (7,), (0, 6), (7,), (4, 7))",35.7389,181.64188000000004,217.38078000000004,3827.922002522269,4614.932725322002,136.8057216559431,838.2650563010121,975.0707779569552,213.52264052281495,930.5401494977697,-1.7748300825790992,-4.566912419679895,4.785460195695982,-2.8425324582773746,1.8068994780780057
193,squeeze,GBGGLBBGBG,"((2, 2), (0,), (2, 2), (4, 6), (4,), (4,), (3,), (4, 2), (1,), (1, 4))",25.4682,167.79493,193.26313,3639.923834515588,4450.180343008359,92.70230820220988,746.7176991424636,839.4200073446735,187.69939170148294,793.0156655232157,-2.8788410383900187,-5.528143410382613,5.851629903280814,-2.7278323285246264,2.964174922508864
194,squeeze,GBGGLBBGBG,"((4, 3), (3,), (1, 0), (0, 1), (5,), (3,), (7,), (4, 2), (6,), (3, 0))",24.3684,163.04832,187.41672,3847.872361956929,4705.251436125818,93.76649286511125,767.1833418379018,860.949834703013,182.47880866535365,811.7040276731947,-2.634722950357014,-5.719939193298742,6.0669659569122585,-3.1687027823776437,2.706019055452048
195,squeeze,GBGGLBBGBG,"((0, 5), (5,), (0, 3), (3, 7), (0,), (3,), (5,), (2, 7), (0,), (3, 7))",15.054,196.53896,211.59296,4501.291085858585,4318.594077536023,67.76243600651514,848.7719886610894,916.5344246676044,210.62656896413836,887.1012255654572,-0.45672173396584065,-3.2113577308153634,3.317907613461574,-2.7672747420349446,0.45881725207525104
196,squeeze,GBGGLBBGBG,"((2, 7), (3,), (0, 0), (3, 7), (3,), (6,), (0,), (4, 1), (5,), (2, 5))",12.7623,174.19998,186.96228,4822.477499999999,4541.319539676228,61.54590459824999,791.097772985208,852.643677583458,180.81469872587212,796.5445997020256,-3.2881398719184816,-6.579428119425817,7.0428043705798995,-3.4031898912382377,3.3999344729424066
197,squeeze,GBGGLBBGBG,"((2, 4), (6,), (0, 2), (4, 0), (0,), (2,), (5,), (0, 7), (4,), (1, 5))",17.6868,190.68163,208.36843,4015.320253912753,4320.914751557864,71.01816626690407,823.9190679180987,894.9372341850028,202.1424453013156,851.7484138892626,-2.987969290110016,-4.825904951319992,5.070607657316427,-1.8945440557844289,3.0799987055681757
198,squeeze,GBGGLBBGBG,"((0, 6), (5,), (4, 6), (2, 3), (5,), (1,), (6,), (1, 1), (1,), (1, 6))",13.637,209.09171000000003,222.72871000000004,4503.81388888889,4219.737340780521,61.41851000277779,882.312096334652,943.7306063374298,213.5470715295709,893.232997477189,-4.122341691122412,-5.350849969380503,5.6533523731058,-1.2813290394518804,4.299585287994778
199,squeeze,GBGGLBBGBG,"((2, 1), (6,), (2, 2), (0, 5), (1,), (6,), (0,), (1, 4), (7,), (4, 5))",32.7023,200.70659000000003,233.40889000000004,3640.5788149944574,4287.040886446511,119.05530058159324,860.4373575092566,979.4926580908498,225.02648228629184,921.6052474986737,-3.5912975352859107,-5.90993818218154,6.28115028091346,-2.4050117755129476,3.7250761015068576
200,squeeze,GGBGLGBGLG,"((1, 2), (0, 1), (4,), (3, 0), (0,), (1, 5), (0,), (4, 1), (1,), (3, 2))",25.311,205.97814,231.28914,3612.930146628827,4194.59078328132,91.44687494132224,863.9940076014293,955.4408825427516,216.78875138975178,884.4256877522391,-6.26937720043761,-7.432714685760256,8.029526479607016,-1.2411498511114887,6.6887181725489295
201,squeeze,GGBGLGBGLG,"((4, 3), (1, 5), (1,), (2, 0), (4,), (1, 1), (3,), (2, 2), (3,), (2, 5))",20.5206,169.73642999999998,190.25703,4093.5375495338,4496.160245904601,84.0018466389633,763.1621888477689,847.1640354867322,178.4484390335107,780.1777555008147,-6.20665158416973,-7.90712036629731,8.58602792935533,-1.8129950693183483,6.617368597027491
202,squeeze,GGBGLGBGLG,"((2, 6), (1, 2), (6,), (0, 1), (5,), (3, 4), (0,), (1, 2), (4,), (3, 7))",13.3762,200.0468,213.423,4888.123253968254,4272.088056631576,65.38451426973016,854.6175450473656,920.0020593170958,209.59436705160934,876.7326596304515,-1.793917688529663,-4.7031850905597485,4.935301452655199,-2.9624106099691856,1.8266869488185797
203,squeeze,GGBGLGBGLG,"((2, 4), (0, 1), (7,), (0, 4), (2,), (1, 6), (7,), (2, 4), (2,), (4, 3))",18.7898,192.1375,210.9273,4067.97381951382,4410.752344330354,76.43641447390077,847.4709285587734,923.907343032674,206.00643642982502,874.1332713974749,-2.332966652574127,-5.387344522213506,5.6941056088192745,-3.127337613270386,2.3886940891049524
204,squeeze,GGBGLGBGLG,"((4, 3), (1, 6), (6,), (3, 2), (2,), (1, 3), (5,), (4, 6), (5,), (0, 0))",24.2605,167.98278,192.24328,3839.0024162735263,4658.301711404446,93.13611812000389,782.5144715604764,875.6505896804803,186.6284231106749,823.0733116797671,-2.9207038546809527,-6.00436733787826,6.387921617019865,-3.1764378251994456,3.0085754333333097
205,squeeze,GGBGLGBGLG,"((2, 3), (2, 4), (4,), (3, 0), (3,), (1, 6), (1,), (0, 7), (5,), (3, 3))",20.8051,182.21646,203.02156,3783.6757492507495,4368.854188854402,78.71975233073677,796.0771445492206,874.7968968799574,195.522470996244,821.3011208735116,-3.6937402134807673,-6.115222424455704,6.513539875551262,-2.5143559892603085,3.835410306317192
206,squeeze,GGBGLGBGLG,"((3, 4), (2, 0), (7,), (4, 1), (5,), (4, 0), (4,), (0, 4), (4,), (4, 4))",17.9896,154.38127,172.37087,4197.874401709403,4837.657172796856,75.51808133699149,746.843658160988,822.3617394979794,170.58797186396592,774.5265897260053,-1.034338421587173,-5.816801472448808,6.176050042245319,-4.832446905912281,1.0451487971589404
207,squeeze,GGBGLGBGLG,"((0, 7), (2, 4), (4,), (2, 2), (4,), (0, 2), (5,), (0, 6), (3,), (1, 3))",13.4287,232.77561,246.20431,4625.479054834056,4122.484160776987,62.114170583650086,959.6137652402012,1021.7279358238512,231.6552997484642,955.033353056562,-5.909323947877194,-6.527626428606098,6.983482048436813,-0.6571346988583495,6.280456465849655
208,squeeze,GGBGLGBGLG,"((2, 4), (3, 6), (2,), (4, 4), (5,), (0, 7), (7,), (0, 7), (1,), (1, 0))",21.4045,191.00393000000005,212.40843,3805.6385902577817,4407.910582360901,81.45779120517268,841.9282443195209,923.3860355246936,199.03134700324466,850.6946076080088,-6.297811719033631,-7.872268490109829,8.544949887607649,-1.6802774833338743,6.721093535350109
209,squeeze,GGBGLGBGLG,"((1, 7), (2, 1), (5,), (3, 3), (2,), (3, 5), (1,), (4, 6), (5,), (1, 5))",12.8847,174.67775,187.56245,4827.953214285714,4512.523539444059,62.20672878010714,788.2374586921245,850.4441874722316,186.48950432354138,814.5350091470019,-0.5720471642690902,-4.222402698989841,4.408549408187448,-3.6713574307937824,0.5753383711059524
210,squeeze,GBLLLLGGBL,"((1, 1), (3,), (1,), (4,), (0,), (3,), (1, 4), (2, 0), (4,), (5,))",36.1496,178.99630000000005,215.14590000000004,3421.4129452672933,4167.613013214585,123.68270940623454,745.987309197262,869.6700186034965,197.71163805204563,796.2502301441356,-8.103459999913737,-8.442258200099545,9.220692902791438,-0.3686735106517452,8.818025139908563
211,squeeze,GBLLLLGGBL,"((4, 7), (6,), (0,), (2,), (2,), (1,), (4, 0), (4, 7), (1,), (4,))",14.9743,143.08977,158.06407,4764.498864191364,4857.293054257938,71.34503534206074,695.0289459563658,766.3739812984265,147.7804866808192,692.9269834887036,-6.5059588299736895,-9.58370190038101,10.599529179818738,-3.2919136149117736,6.958688220719966
212,squeeze,GBLLLLGGBL,"((1, 1), (5,), (2,), (1,), (4,), (3,), (1, 0), (0, 3), (7,), (5,))",36.1677,190.57453,226.74223,3417.3020637880645,4115.943966671365,123.5959558524676,784.3940869547312,907.9900428071988,211.53524769356733,837.9911183719455,-6.7067269764581035,-7.709217186880187,8.353182140074193,-1.0745578731803316,7.188864490546605
213,squeeze,GBLLLLGGBL,"((4, 3), (6,), (1,), (2,), (0,), (5,), (4, 2), (1, 0), (5,), (5,))",23.8398,151.09390000000002,174.93370000000002,3886.9216588322247,4621.546210810861,92.66343496222846,698.2874410216353,790.9508759838639,160.96632388694462,715.4619128596476,-7.984382719313312,-9.544077314576025,10.551080605044719,-1.6950324753079558,8.67720388698535
214,squeeze,GBLLLLGGBL,"((4, 4), (3,), (1,), (0,), (5,), (0,), (0, 1), (2, 3), (2,), (1,))",20.7164,192.48181,213.19821,4004.5046579972313,4176.2842742008925,82.95892029693384,803.858756172724,886.8176764696578,191.89412915061035,799.550353085308,-9.992617128159582,-9.840503375141699,10.914550040232278,0.16900141762201404,11.101997202149365
215,squeeze,GBLLLLGGBL,"((2, 6), (6,), (0,), (5,), (3,), (2,), (2, 1), (0, 7), (4,), (5,))",16.1,173.33364,189.43364,4309.315853313354,4379.137047465233,69.379985238345,759.0517644960016,828.4317497343466,168.95707443244413,736.4844679446387,-10.809360770112356,-11.09895677214117,12.484619267845773,-0.3246932688556835,12.119389280585128
216,squeeze,GBLLLLGGBL,"((0, 3), (2,), (5,), (5,), (2,), (3,), (0, 5), (2, 7), (7,), (4,))",22.8973,184.6015,207.4988,3645.756606268688,4246.87949829366,83.47798274071603,783.980325704257,867.458308444973,195.97052847465403,807.6104496641108,-5.555825636266793,-6.899220192858255,7.410485934865409,-1.4224218334713208,5.882655731490237
217,squeeze,GBLLLLGGBL,"((0, 7), (0,), (1,), (1,), (5,), (0,), (1, 7), (0, 1), (1,), (2,))",14.0045,243.36470000000003,257.36920000000003,4608.316077533576,3910.716107870088,64.53716250781896,951.7302523769716,1016.2674148847906,231.3488449518184,927.253529534438,-10.110127804019143,-8.758903812776841,9.599735403007353,1.5031993685521383,11.24723793352014
218,squeeze,GBLLLLGGBL,"((1, 5), (0,), (3,), (0,), (5,), (2,), (2, 2), (3, 0), (3,), (3,))",17.3201,192.5001,209.8202,4076.766797091799,4085.032725258248,70.61000860230966,786.3692081154852,856.9792167177949,190.66483389568018,778.2797131315017,-9.12941942878704,-9.183361982535583,10.111981882405262,-0.05936195566206241,10.046617256541632
219,squeeze,GBLLLLGGBL,"((3, 7), (5,), (5,), (3,), (4,), (4,), (1, 4), (1, 7), (0,), (1,))",15.0756,155.58257000000003,170.65817000000004,4538.53387917638,4491.293043634027,68.42112134891143,698.7669143517041,767.1880357006156,160.10663239872278,707.3012460441367,-6.182849377370715,-7.8060119383625075,8.46694247909495,-1.730134149480637,6.5903188663666015
220,squeeze,GGGLBLBBBB,"((3, 6), (1, 2), (2, 2), (0,), (2,), (2,), (2,), (7,), (7,), (4,))",12.8864,180.7914,193.6778,4502.9429004329,4371.55878003371,58.02672339213853,790.3402320245865,848.366955416725,172.4636034425551,755.8821733063753,-10.953344450135686,-10.901506891545576,12.235343731656386,0.05821393096687687,12.300680337176768
221,squeeze,GGGLBLBBBB,"((0, 2), (4, 5), (1, 6), (3,), (4,), (5,), (6,), (4,), (0,), (6,))",20.9811,191.92752,212.90862,3738.600944802961,4272.934455579911,78.4399602830054,820.0937131820024,898.5336734650077,205.42020834979718,848.7022053281444,-3.5171951470085308,-5.545865403652451,5.87149035598375,-2.1026236330245234,3.645411379123567
222,squeeze,GGGLBLBBBB,"((1, 2), (3, 3), (1, 5), (5,), (4,), (0,), (7,), (6,), (3,), (3,))",23.6518,176.76308999999998,200.41489,3596.623637467194,4379.151366654015,85.06662294864658,774.0723271474865,859.138950096133,186.57275883745436,789.6373769322452,-6.906737898838582,-8.089677828727359,8.801707618489718,-1.2707041338859875,7.419159822043022
223,squeeze,GGGLBLBBBB,"((0, 5), (3, 6), (1, 2), (3,), (7,), (0,), (2,), (1,), (7,), (4,))",12.5733,219.73073,232.30403,4215.213272005771,4072.8424714309976,52.99914103291016,894.9286494225372,947.9277904554474,213.00965816594416,869.0733784169538,-8.305655237257765,-8.318609585294118,9.073389427959409,-0.01412775026623828,9.057979811894104
224,squeeze,GGGLBLBBBB,"((2, 1), (0, 7), (2, 4), (0,), (7,), (5,), (6,), (1,), (6,), (1,))",33.347,217.56155000000004,250.90855000000005,3425.9266583461285,4075.121364577324,114.24437627586836,886.5897205155579,1000.8340967914264,228.76408606329753,905.3296169739402,-8.825711175128356,-9.54248862260628,10.549139012673574,-0.7861618189912198,9.680043890532406
225,squeeze,GGGLBLBBBB,"((4, 5), (3, 4), (0, 4), (1,), (1,), (1,), (5,), (1,), (1,), (5,))",12.6069,183.62510000000003,196.23200000000003,4511.16036075036,4350.913131919621,56.87174755194371,798.9368589400538,855.8086064919975,176.5181749221207,771.2742497579521,-10.046182619490875,-9.877717528520296,10.960349935262915,0.18727953507292439,11.168155962736998
226,squeeze,GGGLBLBBBB,"((3, 3), (3, 4), (4, 5), (2,), (6,), (3,), (0,), (2,), (0,), (6,))",16.4077,172.64776999999998,189.05547,4113.32152014652,4367.11044779,67.49014550610805,753.9718801546449,821.4620256607529,174.68432389557196,747.6629625920366,-7.6015500130348235,-8.983867879876149,9.870632458891107,-1.4960401035259003,8.226923735308526
227,squeeze,GGGLBLBBBB,"((2, 7), (2, 2), (0, 7), (4,), (4,), (1,), (5,), (5,), (4,), (1,))",13.4748,183.24861,196.72341,4543.249254079254,4301.46804245979,61.21937504886713,788.2380397401776,849.4574147890447,176.8117041261187,765.7477792243878,-10.121675846245898,-9.854482886048553,10.931750353810333,0.2972829797541286,11.261531566755561
228,squeeze,GGGLBLBBBB,"((2, 6), (4, 3), (3, 5), (5,), (6,), (5,), (5,), (0,), (5,), (1,))",14.4205,183.4144,197.8349,4250.81953130203,4337.211851103033,61.29894305114093,795.5071093429522,856.8060523940931,185.62948607889368,789.9888340766616,-6.169494826800695,-7.798406434073418,8.45799528236717,-1.7360149604501938,6.57514825846092
229,squeeze,GGGLBLBBBB,"((3, 6), (2, 6), (3, 6), (2,), (1,), (2,), (1,), (4,), (5,), (4,))",11.8819,160.5856,172.4675,4490.159000721502,4435.732507064367,53.35162023067281,712.3147660864356,765.6663863171084,159.98278252876852,703.9903265732845,-7.238881221813662,-8.055213190236632,8.760924321792295,-0.8800367860752236,7.803788178885083
230,squeeze,LBLGBLLBLG,"((4,), (2,), (5,), (4, 0), (7,), (5,), (4,), (5,), (3,), (1, 0))",42.7149,161.89405,204.60895,3325.504906718132,4496.822027361875,142.04860953997434,728.0087301388248,870.0573396787992,190.22433583882082,796.5737844202504,-7.030295674348152,-8.445829016933166,9.224952753376193,-1.5225748568874922,7.56192108530604
231,squeeze,LBLGBLLBLG,"((3,), (4,), (5,), (1, 0), (4,), (1,), (0,), (0,), (0,), (4, 6))",51.4566,210.34875,261.80535,3358.2652697940275,4047.746137829159,172.80491268168336,851.4383404096914,1024.2432530913748,241.79840113654848,949.8327341177165,-7.641917502240309,-7.264926446825216,7.8340655465803515,0.40818415153242077,8.274227112094565
232,squeeze,LBLGBLLBLG,"((4,), (1,), (3,), (1, 0), (1,), (3,), (3,), (1,), (4,), (3, 5))",43.5859,183.41292,226.99882,3383.4159534852065,4156.265386032996,147.46922940701086,762.312770747239,909.78200015425,209.34142041966646,841.5667484354204,-7.778630558667015,-7.497977725132388,8.10574465372478,0.3043251637172398,8.434737638129992
233,squeeze,LBLGBLLBLG,"((2,), (7,), (5,), (1, 0), (1,), (4,), (2,), (5,), (5,), (0, 3))",62.3722,201.99791,264.37011,3193.558697032256,4098.210764022734,199.18928176303527,827.8300090720954,1027.0192908351307,248.48452081333596,959.7807321699975,-6.008844640819663,-6.546961606773479,7.005616638407772,-0.572518726785987,6.392989444440066
234,squeeze,LBLGBLLBLG,"((3,), (7,), (1,), (0, 1), (5,), (4,), (5,), (7,), (3,), (1, 5))",51.0042,194.19002,245.19422,3272.224819275472,4245.281988514817,166.89720912729,824.3913942553322,991.2886033826222,228.20291188880043,917.7087021975921,-6.929734359643377,-7.422651782129836,8.017783966615099,-0.5296185834380207,7.445701709309988
235,squeeze,LBLGBLLBLG,"((1,), (0,), (0,), (4, 1), (3,), (4,), (4,), (1,), (3,), (4, 1))",83.1532,195.19986,278.35306,3159.249871675942,4140.585506369499,262.70173642944394,808.2417111613553,1070.9434475907992,267.0910965658399,1024.4689173743038,-4.045927655388492,-4.339587708486828,4.536450977508303,-0.3060423032841047,4.216525215165288
236,squeeze,LBLGBLLBLG,"((2,), (5,), (0,), (3, 7), (1,), (5,), (4,), (7,), (4,), (0, 2))",62.2814,191.89539,254.17679,3183.158776713672,4258.27388553012,198.2515850360149,817.1431279906178,1015.3947130266326,240.20589999732766,948.4951843394404,-5.496524683733849,-6.5885244259133335,7.053228080834498,-1.1555127877837168,5.816214340625176
237,squeeze,LBLGBLLBLG,"((3,), (4,), (1,), (1, 6), (0,), (4,), (1,), (3,), (4,), (4, 1))",50.9002,183.57346,234.47366,3286.506678316994,4224.247134312169,167.28384722767066,775.4596623407696,942.7435095684402,217.7034963735718,877.4177966805312,-7.152259075253144,-6.929319822929696,7.445223146265202,0.24011273737305064,7.703212812738269
238,squeeze,LBLGBLLBLG,"((5,), (3,), (4,), (3, 7), (2,), (3,), (5,), (4,), (2,), (4, 7))",37.6196,143.14084,180.76044,3606.4461422924905,4794.259964388247,135.67306129458655,686.2543984809037,821.9274597754902,173.56305168187123,769.5537959608536,-3.9817275937858745,-6.372054272154689,6.805718338279863,-2.4894497874907793,4.146843610079549
239,squeeze,LBLGBLLBLG,"((0,), (7,), (4,), (3, 0), (4,), (5,), (3,), (2,), (5,), (0, 6))",121.568,220.51579,342.08379,3099.571931353251,4031.962673215002,376.808760550752,889.111434134518,1265.92019468527,335.79386186814725,1232.3001503075059,-1.8387097885733712,-2.6557791335434557,2.728235030189236,-0.8323742925650413,1.873151610592144
240,squeeze,LBLLLBGLLG,"((2,), (6,), (1,), (3,), (4,), (7,), (2, 5), (0,), (3,), (1, 7))",62.3542,205.33209,267.68629,3228.4944932915987,4078.259654068071,201.310191333603,837.397578332474,1038.707769666077,235.94953227720197,921.9933299424742,-11.855951876653085,-11.23650396502993,12.658924520732148,0.7027677135458039,13.45065506869178
241,squeeze,LBLLLBGLLG,"((0,), (5,), (3,), (1,), (4,), (0,), (0, 0), (0,), (5,), (1, 2))",121.553,266.17509,387.72809,3089.8848462162814,3739.013405506642,375.5847727121276,995.232229721937,1370.8170024340643,361.05961384881584,1295.336180126132,-6.878138788237955,-5.506265400407665,5.8271222147583694,1.47320228567017,7.38616979808517
242,squeeze,LBLLLBGLLG,"((2,), (5,), (3,), (4,), (3,), (7,), (2, 5), (3,), (1,), (3, 2))",62.6557,167.80562999999998,230.46133,3217.714828510332,4324.171130129982,201.60817498069483,725.6202607192735,927.2284356999684,208.91608624944084,837.8911769800432,-9.34874573125095,-9.634870467759562,10.66215532211684,-0.3156324077550544,10.31286969680001
243,squeeze,LBLLLBGLLG,"((5,), (3,), (4,), (0,), (4,), (1,), (0, 6), (4,), (5,), (1, 6))",37.2417,214.05300000000005,251.29470000000003,3485.410666000665,4081.541206113242,129.802618399997,873.666139792158,1003.468758192155,214.8916288439926,878.6997732869256,-14.48620729207875,-12.433768753300562,14.199273597000001,2.400125726838522,16.940199742464323
244,squeeze,LBLLLBGLLG,"((3,), (2,), (1,), (2,), (3,), (1,), (4, 2), (1,), (2,), (4, 2))",51.3318,186.07275000000004,237.40455000000003,3294.6564260943533,4154.434697799692,169.12064473299012,773.0270889150078,942.147733647998,208.14093221622105,837.193488142084,-12.326477223700632,-11.139892583462574,12.536438349374942,1.353412755257524,14.059520860307918
245,squeeze,LBLLLBGLLG,"((5,), (3,), (1,), (3,), (0,), (7,), (1, 1), (5,), (3,), (3, 7))",37.5402,168.67426000000003,206.21446000000003,3564.951647917301,4445.453203674033,133.82899785314507,749.833529494347,883.6625273474921,182.23818746670707,787.2835114353131,-11.626862894722782,-10.906767338146818,12.241970587757942,0.8148353449511879,13.156557835976704
246,squeeze,LBLLLBGLLG,"((5,), (6,), (1,), (1,), (5,), (4,), (1, 0), (5,), (5,), (2, 7))",37.6222,184.46917,222.09137,3523.043118014032,4291.203452859176,132.5446327945475,791.5947392500663,924.1393720446138,186.97142051124516,796.0498412387899,-15.813288687784155,-13.860412691045937,16.090642089255944,2.3196962635774705,18.783592376163494
247,squeeze,LBLLLBGLLG,"((5,), (2,), (4,), (4,), (3,), (4,), (1, 0), (2,), (1,), (3, 0))",37.3619,169.10550000000003,206.46740000000003,3445.201469581144,4344.276400058687,128.71927278634374,734.6410327701244,863.3603055564681,182.42294983953866,771.3994929043297,-11.645640018938273,-10.651498807657857,11.921295450416311,1.1251750468154622,13.180605938897024
248,squeeze,LBLLLBGLLG,"((4,), (0,), (1,), (0,), (4,), (7,), (0, 0), (5,), (2,), (1, 4))",43.3584,219.17051,262.52891,3334.6936979285088,4031.9722990563537,144.58698323226346,883.6894250900535,1028.276408322317,228.0606971179025,908.7338785273728,-13.12930179083801,-11.625524890723069,13.154844627193384,1.7310519324873361,15.113613751815445
249,squeeze,LBLLLBGLLG,"((4,), (5,), (3,), (0,), (0,), (5,), (0, 5), (4,), (2,), (1, 0))",42.7394,214.1126,256.852,3316.541619426551,4015.304830135612,141.74699888931914,859.7273569728942,1001.4743558622132,225.6017104509899,893.012125911731,-12.166652215676757,-10.830255344591656,12.14566149812876,1.5215142139027342,13.851973678098028
250,squeeze,LLLLBGBGLB,"((2,), (5,), (1,), (4,), (4,), (1, 1), (3,), (4, 1), (0,), (3,))",62.1072,172.75281999999996,234.86002,3189.1702202516644,4135.458169139657,198.07043270321412,714.4120607109126,912.4824934141268,213.8655533270391,833.6404957777983,-8.939140290016537,-8.640384687418477,9.457553709979983,0.3280834417218932,9.816665819416253
251,squeeze,LLLLBGBGLB,"((1,), (1,), (1,), (0,), (3,), (3, 6), (2,), (4, 1), (4,), (3,))",83.0926,192.56324,275.65584,3125.5776773525577,3997.777800004881,259.7123757131852,769.825045969012,1029.5374216821972,266.8194936913238,992.3992455603327,-3.205571958379762,-3.607268209948418,3.7422616238382327,-0.4149993545040961,3.311731907751349
252,squeeze,LLLLBGBGLB,"((1,), (4,), (5,), (5,), (4,), (0, 3), (5,), (3, 0), (1,), (0,))",82.6831,208.86685,291.54995,3116.390011225467,3958.308397338697,257.6727869371564,826.7594062806821,1084.4321932178386,271.80034460571494,1015.420347927335,-6.774004040914801,-6.363869103306919,6.796381954662406,0.43993623601282916,7.266217937631654
253,squeeze,LLLLBGBGLB,"((2,), (3,), (5,), (3,), (5,), (1, 2), (2,), (4, 3), (4,), (1,))",61.5482,174.82563,236.37383,3175.2255013550143,4119.03909371579,195.42941420249872,720.1136045534919,915.5430187559906,216.27718682748264,838.5277121887952,-8.502059289946505,-8.411981194705758,9.184586919156622,0.09844822139351381,9.292077203014392
254,squeeze,LLLLBGBGLB,"((4,), (3,), (4,), (4,), (7,), (0, 7), (7,), (3, 5), (1,), (3,))",43.1252,151.34968999999998,194.47489,3327.607592143488,4492.687395676462,143.50374293270633,679.9668446025398,823.4705875352462,180.9187905458086,757.4906418147722,-6.970616851456445,-8.012422874502477,8.710331465270821,-1.1198677103797865,7.492919565344426
255,squeeze,LLLLBGBGLB,"((1,), (0,), (0,), (4,), (3,), (4, 2), (6,), (1, 7), (0,), (1,))",82.6954,212.37611,295.07151,3121.4768124379566,3927.1663712647633,258.1317735952818,834.0363172520263,1092.168090847308,275.1370423443731,1025.1013698424697,-6.755809009018479,-6.140695884349413,6.5424477010643844,0.659679834348663,7.24528674356979
256,squeeze,LLLLBGBGLB,"((4,), (1,), (3,), (5,), (4,), (3, 2), (1,), (1, 2), (1,), (3,))",43.0299,163.43117,206.46107,3319.675675761021,4228.546336793566,142.84531236042915,691.0762752213866,833.9215875818157,191.7174313319217,774.6704974732284,-7.141122860633397,-7.105115275934057,7.6485538434533,0.03877667467945724,7.690296372974327
257,squeeze,LLLLBGBGLB,"((0,), (4,), (0,), (1,), (5,), (2, 4), (2,), (0, 0), (3,), (3,))",121.672,228.53203,350.20403,3091.3486308092474,3797.478677875213,376.13057060782273,867.8455111365384,1243.9760817443612,336.5423612534747,1204.2746312994398,-3.9010598326139383,-3.1914962857847073,3.296710684844589,0.7383677131020505,4.059420245237926
258,squeeze,LLLLBGBGLB,"((5,), (3,), (1,), (1,), (3,), (2, 1), (6,), (3, 4), (5,), (0,))",36.3113,182.17593,218.48723,3444.514316017316,4159.978508295995,125.0747926831996,757.8479535288357,882.9227462120352,202.46988643622484,818.2404060127465,-7.331020473725247,-7.325934287772355,7.905053297781187,0.00548855288890471,7.910975723701217
259,squeeze,LLLLBGBGLB,"((1,), (5,), (0,), (5,), (3,), (3, 4), (6,), (0, 1), (3,), (3,))",83.0817,192.2079,275.2896,3129.4675124499563,4050.084511654753,260.0014810291135,778.4582388076856,1038.4597198367992,262.6026569160856,987.919183137993,-4.608580594368403,-4.8668750201258675,5.11585740629825,-0.27077322820738087,4.83123180584137
260,squeeze,BLLGLLGBBL,"((2,), (2,), (4,), (4, 1), (5,), (2,), (0, 6), (6,), (7,), (0,))",31.9167,188.8809,220.7976,3474.308602261582,4258.989494559293,110.88846536580223,804.4417688229045,915.3302341887068,202.06682285461574,833.422341774452,-8.483234032156261,-8.948452629979274,9.827897370721244,-0.5083424800942704,9.269595513391538
261,squeeze,BLLGLLGBBL,"((0,), (4,), (2,), (3, 6), (1,), (3,), (0, 6), (5,), (4,), (3,))",61.8827,222.0341,283.9168,3255.137974205649,4013.81069964785,201.43672671637592,891.2028462666806,1092.6395729830565,260.730379349157,1009.0174817801162,-8.166625099621806,-7.653218249696051,8.28747694791309,0.559063467375236,8.892872671271247
262,squeeze,BLLGLLGBBL,"((1,), (1,), (4,), (4, 3), (1,), (1,), (1, 7), (2,), (3,), (3,))",42.1486,210.158,252.3066,3359.243354789815,4038.700853742116,141.587404463694,848.7652940207355,990.3526984844297,219.6831215161044,874.1824523504544,-12.93009318182545,-11.730189286276957,13.28901601966765,1.3780925458599733,14.85024350471279
263,squeeze,BLLGLLGBBL,"((2,), (5,), (1,), (4, 0), (5,), (5,), (1, 0), (6,), (5,), (3,))",31.8823,168.64190000000002,200.5242,3503.3856135562887,4415.770331721432,111.69599114708566,744.6838987051326,856.3798898522183,184.53189769365133,781.5194074237315,-7.975248028092707,-8.741504011894195,9.578838569762897,-0.8326629166416054,8.666416216505896
264,squeeze,BLLGLLGBBL,"((3,), (3,), (4,), (4, 0), (3,), (0,), (2, 2), (6,), (5,), (0,))",26.3552,183.3324,209.6876,3593.4293997248005,4244.825111405736,94.70555051562708,778.213975254281,872.919525769908,188.9532806560124,789.1027830840496,-9.888195269528389,-9.6018865670272,10.62177760396148,0.3177260774629483,10.973251838762305
265,squeeze,BLLGLLGBBL,"((7,), (3,), (2,), (0, 5), (1,), (5,), (2, 3), (2,), (1,), (4,))",15.984,191.4281,207.4121,4686.253465423466,4404.826079538205,74.90507539132868,843.2074872364474,918.112562627776,185.11500028137573,832.327294326114,-10.750144142325487,-9.343654775415734,10.306674896576249,1.5759009954622802,12.04499888433277
266,squeeze,BLLGLLGBBL,"((4,), (2,), (0,), (3, 3), (5,), (1,), (2, 7), (5,), (5,), (2,))",22.3303,170.10969999999998,192.44,3822.008586870648,4370.841967555179,85.34659834739763,743.522615848221,828.8692141956186,175.4713998006003,750.6944097383251,-8.81760559104121,-9.43150054537358,10.413665460029646,-0.6732604011022182,9.670293973081797
267,squeeze,BLLGLLGBBL,"((6,), (4,), (0,), (0, 7), (1,), (1,), (3, 5), (2,), (1,), (5,))",17.2129,201.76,218.9729,4379.02966921967,4290.587569400024,75.37579979331126,865.6689480021489,941.04474779546,196.18020294498945,851.9128621713137,-10.408912269513973,-9.471588448153106,10.462558975453344,1.0462244014500546,11.618245221920688
268,squeeze,BLLGLLGBBL,"((7,), (4,), (5,), (4, 7), (0,), (2,), (0, 0), (2,), (5,), (4,))",15.6192,177.37529999999998,192.9945,4713.723554778556,4606.421210142517,73.62459094679721,817.065344075392,890.6899350221892,168.95789073702952,789.0439441071655,-12.454556613256065,-11.412051143531938,12.88217109758571,1.1908163684987192,14.22639046813249
269,squeeze,BLLGLLGBBL,"((0,), (2,), (0,), (3, 5), (3,), (2,), (2, 3), (0,), (4,), (2,))",61.7891,256.218,318.00710000000004,3265.29976883739,3821.40384072036,201.7599339466704,979.1124492616892,1180.8723832083597,288.7425922253302,1084.2596076722996,-9.202469936888145,-8.181474722405564,8.910483693427402,1.1244746567146828,10.135154481065362
270,squeeze,LBBGBBBBLG,"((1,), (5,), (6,), (0, 6), (3,), (7,), (4,), (2,), (4,), (3, 4))",83.4521,185.92774,269.37984,3150.845617634277,4253.481285753818,262.94468356737747,790.8401625925017,1053.7848461598792,264.93644117992557,1020.5635150732471,-1.6494919664643186,-3.1525724826746804,3.255194860091367,-1.5282895292191467,1.6771565286697538
271,squeeze,LBBGBBBBLG,"((2,), (0,), (1,), (2, 5), (2,), (6,), (0,), (6,), (2,), (4, 5))",62.5306,182.2789,244.8095,3246.355351612193,4285.130372565216,202.99654794952136,781.0888506677777,984.0853986172992,228.8427654813908,916.5548011458585,-6.522105767386151,-6.862270039401599,7.3678734088802225,-0.36389809035382215,6.977163767891789
272,squeeze,LBBGBBBBLG,"((4,), (4,), (5,), (2, 1), (0,), (3,), (4,), (6,), (0,), (3, 4))",43.6934,172.23520000000002,215.9286,3370.4695158756194,4341.328653198985,147.26727274495977,747.7296088494579,894.9968815944177,188.12213010877582,788.3774037315782,-12.87762246002807,-11.912832329974067,13.523913465579312,1.107396466093165,14.78107327146782
273,squeeze,LBBGBBBBLG,"((1,), (5,), (0,), (0, 4), (1,), (5,), (4,), (4,), (4,), (3, 5))",83.4392,201.39078,284.82998,3156.168708337401,4102.284228859873,263.34819208870607,826.1622206317884,1089.5104127204943,275.78798535269425,1048.4192985003795,-3.1745234990030644,-3.771521019015396,3.9193397411598627,-0.6165707018298812,3.2786035387808155
274,squeeze,LBBGBBBBLG,"((3,), (5,), (5,), (4, 1), (6,), (1,), (3,), (7,), (4,), (1, 0))",50.3425,167.64858,217.99108,3237.2452056057537,4458.586201376007,162.97101676320764,747.4756454682818,910.4466622314894,195.825977076415,815.2662175390313,-10.167894449435734,-10.454258183469245,11.674768639349537,-0.3187766025058007,11.318775606024833
275,squeeze,LBBGBBBBLG,"((0,), (5,), (6,), (0, 3), (3,), (6,), (2,), (2,), (3,), (3, 2))",121.777,214.77730000000005,336.5543,3092.919568909997,4033.8911556407097,376.6464663431527,866.3882509023916,1243.0347172455442,327.42329094245156,1207.0637431676644,-2.713086434357978,-2.8938028503007858,2.980039312876907,-0.18575614059426704,2.7887475662668604
276,squeeze,LBBGBBBBLG,"((5,), (4,), (2,), (2, 0), (0,), (0,), (1,), (3,), (3,), (0, 0))",36.7391,227.82,264.5591,3443.0248679653664,3981.309650194281,126.4936349266664,907.021964507261,1033.5155994339275,224.4701644700818,901.4976073311263,-15.15311154668964,-12.773681614008481,14.644297558774324,2.8043808984115017,17.859360340630655
277,squeeze,LBBGBBBBLG,"((1,), (7,), (5,), (0, 2), (3,), (7,), (7,), (5,), (1,), (0, 6))",83.2028,215.2249,298.4277,3131.8849586628903,4152.20543260239,260.5815978386367,893.6579990113061,1154.2395968499427,284.10129471420237,1089.492207493953,-4.800628522686616,-5.609527652031094,5.942896049244955,-0.8496895691556575,5.042710312253098
278,squeeze,LBBGBBBBLG,"((3,), (6,), (0,), (2, 2), (5,), (7,), (2,), (6,), (3,), (1, 7))",50.9706,166.8836,217.8542,3279.0994084619374,4435.165812751089,167.13766430895,740.1564374288276,907.2941017377776,207.71733052984246,849.430060136052,-4.653052119333727,-6.3776499252994405,6.8121019395590485,-1.808760368632021,4.880126970773472
279,squeeze,LBBGBBBBLG,"((2,), (7,), (4,), (3, 3), (1,), (4,), (5,), (7,), (3,), (4, 7))",62.5563,141.1809,203.7372,3266.803686286561,4798.650181402945,204.359151440448,677.4777513956311,881.8369028360792,196.17409546599316,828.4550650141006,-3.712186352814724,-6.053481959112513,6.443540522148891,-2.431559631083431,3.8553023609164083
280,squeeze,LGLBBLBLLG,"((5,), (1, 4), (0,), (4,), (6,), (4,), (2,), (3,), (4,), (1, 2))",37.3312,181.9216,219.2528,3460.7111104475243,4259.635732397472,129.19249860633863,774.9197478549199,904.1122464612586,197.73886112317678,823.9356053620113,-9.812389568946545,-8.867996359197956,9.730935351922332,1.047142955928028,10.879975111933934
281,squeeze,LGLBBLBLLG,"((3,), (1, 1), (1,), (0,), (1,), (0,), (6,), (2,), (2,), (2, 4))",51.3402,231.6317,282.9719,3257.6028384626907,3895.053474761514,167.24598124724224,902.2178579499164,1069.463839197159,241.87113329959814,938.5939218952907,-14.524681320089332,-12.23696515069753,13.943188236037605,2.676464042162707,16.99283669766894
282,squeeze,LGLBBLBLLG,"((1,), (2, 2), (5,), (2,), (5,), (2,), (5,), (4,), (1,), (2, 0))",83.0817,188.0793,271.161,3120.164379815308,4106.994344272724,259.22856095450146,772.440621374773,1031.6691823292745,261.5432082589722,990.4332495075347,-3.5468934474455454,-3.997011205533775,4.1634237180792635,-0.4666700474214076,3.6773242192183333
283,squeeze,LGLBBLBLLG,"((3,), (0, 6), (4,), (7,), (2,), (2,), (5,), (4,), (4,), (3, 7))",51.3497,160.6619,212.0116,3328.8602182007376,4548.693511541495,170.9359735465424,730.8017420819285,901.7377156284708,200.37561081529873,843.3813870828551,-5.488373836479353,-6.471541284590051,6.919328484051867,-1.0402608525745338,5.807088565996706
284,squeeze,LGLBBLBLLG,"((1,), (2, 3), (1,), (1,), (6,), (4,), (6,), (3,), (1,), (1, 6))",83.1912,214.23472000000004,297.42592,3137.478707442307,3986.504929582959,261.0106186465744,854.0477673678251,1115.0583860143995,275.2420389366449,1037.5185779186338,-7.458624004039426,-6.953878744674484,7.473582617799323,0.5454265769583657,8.05977210060611
285,squeeze,LGLBBLBLLG,"((3,), (4, 3), (5,), (5,), (2,), (1,), (4,), (0,), (0,), (4, 7))",51.4146,177.1912,228.6058,3362.080330487033,4318.822624089223,172.8600153598586,765.2573633495183,938.1173787093768,213.5169203385929,873.6322284239027,-6.600392317870797,-6.8738893180073175,7.381269622093746,-0.29282457059917844,7.066830880418887
286,squeeze,LGLBBLBLLG,"((4,), (4, 1), (3,), (3,), (6,), (4,), (3,), (4,), (0,), (4, 5))",43.7532,153.09310000000002,196.8463,3410.537699430199,4525.701967436248,149.22193807070937,692.8537438709143,842.0756819416237,187.22725109656668,792.3280355023526,-4.886578464229878,-5.9077405399672624,6.2786679519335795,-1.073625634793677,5.137632928484375
287,squeeze,LGLBBLBLLG,"((5,), (4, 0), (3,), (1,), (0,), (3,), (2,), (0,), (5,), (4, 7))",37.6031,190.1819,227.785,3592.6117838248697,4265.642705427155,135.09334016834495,811.2480344392768,946.3413746076218,207.01881567310895,868.2930750096496,-9.116572349755714,-8.24737263868793,8.988704602660217,0.9563896670059624,10.031061311683713
288,squeeze,LGLBBLBLLG,"((5,), (0, 6), (5,), (0,), (4,), (2,), (1,), (0,), (5,), (2, 6))",37.6946,222.72100000000003,260.41560000000004,3492.9114548929338,4042.0830333509207,131.6639001276072,900.2567752709505,1031.9206753985577,231.96308756712335,934.2318155296931,-10.925809526340466,-9.466702450857895,10.456597414580308,1.6380806468446654,12.265965559991686
289,squeeze,LGLBBLBLLG,"((3,), (0, 4), (5,), (1,), (1,), (4,), (6,), (5,), (1,), (1, 3))",51.0223,198.283,249.3053,3253.2572184780465,4121.618726513092,165.98866577835244,817.2469259491954,983.235591727548,224.8065445327644,895.3207764699694,-9.826808923530942,-8.941378444520305,9.819365032966765,0.9819220861993936,10.897705633149386
290,squeeze,LLLGLGLBGL,"((2,), (3,), (4,), (1, 3), (2,), (1, 1), (2,), (2,), (1, 3), (3,))",53.8338,191.6258,245.4596,3165.746068136857,3946.961253754237,170.42414068286593,756.3396078196587,926.7637485025244,228.82860216390543,869.9392533167219,-6.7754521868749755,-6.131497404556472,6.532007260179855,0.690756670238136,7.267884206268115
291,squeeze,LLLGLGLBGL,"((3,), (4,), (2,), (2, 0), (4,), (0, 3), (5,), (5,), (3, 5), (1,))",47.8184,174.3429,222.1613,3235.7463641596987,4151.24960025948,154.72821393993414,723.7408939330784,878.4691078730125,204.73644649596264,809.3981219919734,-7.843334326922544,-7.862653935353143,8.53362319535058,-0.02096387525470576,8.510870341974488
292,squeeze,LLLGLGLBGL,"((1,), (4,), (4,), (0, 3), (2,), (3, 0), (3,), (4,), (0, 6), (3,))",74.0268,208.57270000000003,282.59950000000003,3115.1980928246207,3920.6294883903374,230.6081461779096,817.7362780931915,1048.3444242711012,275.815682474313,1022.7715325425844,-2.4005058486257145,-2.4393597310633126,2.5003523186594014,-0.03980951210396527,2.459547428496499
293,squeeze,LLLGLGLBGL,"((2,), (0,), (3,), (2, 4), (0,), (4, 2), (3,), (1,), (4, 1), (0,))",59.3108,206.15977,265.47057,3158.489952067828,3915.942705218514,187.33256584910453,807.3098474410267,994.6424132901312,243.64319360105134,917.9842246639566,-8.222145452487887,-7.707110374732619,8.35070871225882,0.561175765433303,8.958746631227248
294,squeeze,LLLGLGLBGL,"((1,), (3,), (3,), (2, 3), (3,), (2, 5), (1,), (1,), (4, 2), (5,))",70.1457,197.14804,267.29374,3123.2809742787927,3970.3978958614553,219.0847302374679,782.75616318921,1001.840893426678,257.82322107636094,961.0667117473732,-3.5431128778545564,-4.069925868152728,4.242596396369901,-0.5461642045643267,3.673260648944475
295,squeeze,LLLGLGLBGL,"((5,), (1,), (2,), (3, 2), (4,), (3, 6), (4,), (6,), (3, 7), (5,))",30.339,141.84983,172.18883,3447.15063938619,4651.880108220895,104.58310324833762,659.8684025315155,764.451505779853,164.89659311424063,718.3057526980531,-4.2350231927119575,-6.036452637335642,6.424249410292239,-1.8810942211668567,4.422309004715041
296,squeeze,LLLGLGLBGL,"((2,), (4,), (1,), (0, 4), (3,), (1, 3), (0,), (6,), (0, 1), (5,))",52.4251,208.7051,261.1302,3184.057736037285,3978.00337931347,166.92454521752828,830.2295930799555,997.1541382974838,245.63941407765822,942.0658109353296,-5.932207734816496,-5.524554855301566,5.847609235225269,0.4333607387805214,6.306311216588562
297,squeeze,LLLGLGLBGL,"((3,), (1,), (5,), (4, 2), (5,), (2, 7), (5,), (2,), (0, 6), (5,))",41.3202,168.28533000000002,209.60553,3253.866170119085,4315.441155441721,134.4504009225546,726.2254389390914,860.675839861646,192.72566883270923,789.0373540082652,-8.053156406365211,-8.323515374254804,9.079226159504532,-0.2940383348932134,8.758491419190717
298,squeeze,LLLGLGLBGL,"((0,), (1,), (2,), (1, 5), (5,), (4, 3), (5,), (3,), (1, 4), (1,))",113.337,220.98819,334.32519,3069.872951635116,3884.684541827765,347.9301907194692,858.469405619497,1206.399596338966,323.06340275579595,1169.8373555341896,-3.368512927250283,-3.0306907359494306,3.1254123175166266,0.34959846064100825,3.48593717150837
299,squeeze,LLLGLGLBGL,"((2,), (1,), (2,), (4, 5), (4,), (0, 2), (5,), (1,), (1, 3), (4,))",52.6146,188.28756,240.90216,3169.9755745246007,4072.4076308596095,166.78699686338206,766.7836961399366,933.5706930033186,221.82501443960618,861.9549310336721,-7.919042967648704,-7.671166469381871,8.308527440496647,0.269194094257453,8.600087599943677
300,squeeze,GGLBLBBLGG,"((4, 4), (2, 6), (0,), (7,), (0,), (7,), (0,), (1,), (1, 7), (2, 6))",15.9137,186.9177,202.8314,4507.162614607616,4613.915803951011,71.72563370008122,862.4225300681738,934.148163768255,185.2778674817727,835.908512358499,-8.65424806919802,-10.516495693088729,11.752440602928525,-2.0386800530159763,9.474165887598105
301,squeeze,GGLBLBBLGG,"((1, 0), (4, 2), (0,), (4,), (5,), (3,), (4,), (4,), (0, 4), (1, 2))",50.3567,199.91776,250.27446,3417.038828375657,4261.982999964963,172.07079916886445,852.0460945110755,1024.11689367994,238.24485816819237,946.0003523209784,-4.80656389461699,-7.627697759995621,8.25755943613609,-2.9635802433431717,5.049259792761261
302,squeeze,GGLBLBBLGG,"((0, 4), (1, 3), (3,), (3,), (1,), (7,), (0,), (4,), (4, 2), (0, 4))",17.3036,234.9691,252.2727,4033.290355477855,4141.874884769411,69.79044299504662,973.2126139868724,1043.003056981919,240.71908073631573,964.8148118207146,-4.5798135365754025,-7.49645407439681,8.103964014985873,-3.0566284199616116,4.799627527798723
303,squeeze,GGLBLBBLGG,"((3, 1), (1, 0), (0,), (7,), (0,), (5,), (1,), (1,), (2, 5), (2, 6))",30.4125,189.0504,219.4629,3786.25964075499,4418.801973781493,115.14962132446114,835.3762806641807,950.525901988642,200.20879023263078,851.4372996062332,-8.7732868595873,-10.424608332618885,11.637803796971857,-1.8101293099203735,9.617015189491454
304,squeeze,GGLBLBBLGG,"((3, 1), (2, 0), (2,), (6,), (4,), (4,), (5,), (4,), (0, 6), (1, 0))",36.4346,166.04822,202.48282,3582.608788327616,4580.728440362959,130.53091815920135,760.6218038256454,891.1527219848467,195.56076624188677,827.837146224094,-3.41858818348798,-7.104907407984033,7.648312962222797,-3.8167998946830703,3.539592266452578
305,squeeze,GGLBLBBLGG,"((2, 2), (4, 0), (2,), (4,), (0,), (6,), (2,), (5,), (1, 3), (0, 3))",25.8994,193.72770000000003,219.6271,3695.432609036992,4318.269468853991,95.70948731449266,836.5684121813055,932.277899495798,210.3224808103597,864.2777683075723,-4.2365533167993865,-7.293976530496122,7.867856108503581,-3.1926829281856643,4.423977481527497
306,squeeze,GGLBLBBLGG,"((3, 7), (0, 4), (0,), (0,), (1,), (3,), (0,), (0,), (4, 6), (0, 5))",12.3804,256.3585,268.7389,4952.741904761905,4048.244853949008,61.31692587771429,1037.8019783910868,1099.118904268801,246.73898497827093,996.2843215032094,-8.186353007223392,-9.356092627121479,10.32181080702276,-1.2740367670942356,8.916270375217149
307,squeeze,GGLBLBBLGG,"((2, 6), (3, 0), (0,), (3,), (3,), (6,), (6,), (4,), (1, 5), (0, 2))",14.7344,196.945,211.6794,4448.126666666667,4328.327928916887,65.54047755733335,852.4425439605362,917.9830215178696,196.04343730083914,829.8711195878569,-7.3866246310036985,-9.59842392120947,10.617540465051038,-2.3882071908008786,7.975764409377615
308,squeeze,GGLBLBBLGG,"((2, 2), (4, 1), (0,), (5,), (0,), (6,), (3,), (5,), (2, 3), (4, 4))",24.5734,165.2207,189.7941,3828.035974385092,4620.193645997335,94.06785921295462,763.3516283272319,857.4194875401865,181.94594371716295,791.7770946222169,-4.135089701332675,-7.6558083728990445,8.290514257587848,-3.6725832847468003,4.313454931997329
309,squeeze,GGLBLBBLGG,"((0, 6), (1, 2), (0,), (4,), (5,), (0,), (3,), (1,), (2, 1), (3, 3))",13.9204,233.45403,247.37443,4496.933722943723,4120.113596848126,62.599116196865815,961.8571232419902,1024.456239438856,223.1577080777289,915.9682471052178,-9.789500847873036,-10.589812249380453,11.844077857119895,-0.8871599304176458,10.851842013826412
310,squeeze,LGBLGGLGGL,"((0,), (3, 0), (6,), (0,), (1, 4), (3, 2), (0,), (2, 2), (3, 4), (0,))",121.245,246.56053,367.80553,3192.339793088998,3896.809404573333,387.05523821307554,960.7993921005854,1347.854630313661,345.44751270157843,1235.7870344543312,-6.078760506515915,-8.314516516758955,9.068520119958526,-2.380458373740007,6.47218939964867
311,squeeze,LGBLGGLGGL,"((5,), (0, 3), (5,), (4,), (0, 1), (3, 6), (0,), (4, 1), (1, 4), (1,))",36.1556,183.65032,219.80592,3561.81298976386,4342.64472370101,128.7794857327062,797.528093154002,926.3075788867084,195.96021734872312,810.0243352466858,-10.848526123080246,-12.553415980875236,14.355524714527185,-1.912351847540625,12.168644724884118
312,squeeze,LGBLGGLGGL,"((2,), (2, 1), (6,), (1,), (2, 4), (2, 0), (5,), (1, 5), (3, 2), (0,))",61.6509,195.26469,256.91559,3276.446151693852,4119.588844666745,201.99585405346247,804.41023868131,1006.4060927347724,234.50751138566955,894.4011152186422,-8.721961409321427,-11.129203044843642,12.522902265025662,-2.637262667657769,9.555377771025109
313,squeeze,LGBLGGLGGL,"((1,), (4, 2), (6,), (3,), (1, 6), (0, 1), (3,), (2, 7), (3, 3), (5,))",82.3118,185.4802,267.792,3248.064175877314,4231.42899414394,267.3540088319783,784.8462961196168,1052.2003049515952,252.37057698013245,961.73630300381,-5.758731784320488,-8.597602711391232,9.40632080386664,-3.01234372246958,6.110626367146416
314,squeeze,LGBLGGLGGL,"((0,), (2, 3), (0,), (3,), (4, 3), (1, 2), (1,), (4, 5), (1, 0), (5,))",121.047,214.7111,335.7581,3197.134704402264,4074.175670948037,387.00356456378086,874.770739902491,1261.7743044662718,315.96045446206017,1157.389464059312,-5.896401468181956,-8.27286148065238,9.018990033039593,-2.5253657134768392,6.2658618375664865
315,squeeze,LGBLGGLGGL,"((3,), (2, 4), (2,), (3,), (3, 4), (3, 3), (1,), (3, 7), (1, 5), (0,))",50.3441,179.8504,230.1945,3345.669878910812,4211.34050409683,168.4347389508738,757.4112741980165,925.8460131488904,207.0331543271803,815.8195399446836,-10.061641643401424,-11.883884754225631,13.486619015237997,-2.026102259504386,11.187264063135101
316,squeeze,LGBLGGLGGL,"((3,), (0, 5), (1,), (4,), (2, 4), (2, 3), (4,), (1, 7), (4, 7), (5,))",49.1019,174.71849999999998,223.8204,3370.8957708240014,4360.861196207746,165.51738704942304,761.923126909623,927.440513959046,201.45346428970933,815.5863629904945,-9.993251602754118,-12.060520247392466,13.714568566156277,-2.296792942140785,11.102780381142942
317,squeeze,LGBLGGLGGL,"((3,), (4, 0), (3,), (1,), (2, 7), (1, 4), (5,), (1, 4), (4, 6), (0,))",50.3539,192.729,243.0829,3342.12492812799,4174.655349427924,168.289024418464,804.5771508398944,972.8661752583585,218.81022291850024,856.2923698274105,-9.985349476042844,-11.982511921538444,13.613785377352347,-2.2187082145745363,11.093026988295946
318,squeeze,LGBLGGLGGL,"((2,), (4, 4), (2,), (3,), (1, 5), (0, 3), (2,), (2, 3), (0, 1), (4,))",60.5643,186.6562,247.2205,3286.892088656601,4161.506512450778,199.068318525025,776.7709918893149,975.83931041434,225.46159746143292,870.1115953459902,-8.801415149054012,-10.834541500839727,12.15105230568827,-2.2293398029241653,9.650824257239238
319,squeeze,LGBLGGLGGL,"((2,), (2, 5), (6,), (3,), (2, 7), (1, 2), (3,), (1, 5), (1, 2), (3,))",60.5983,178.72136999999998,239.31967,3282.324994192799,4227.951452287626,198.90331469559348,755.625275846334,954.5285905419277,215.7631729864162,841.6786256085862,-9.84310943332982,-11.822586148967163,13.407726120138062,-2.1955911558124686,10.917756115436262
320,squeeze,GLBBBLBBBL,"((1, 0), (1,), (1,), (7,), (3,), (0,), (6,), (4,), (1,), (5,))",53.1212,175.9597,229.0809,3411.083656208656,4485.619790494016,181.2008571181913,789.2883126493899,970.4891697675812,209.6493192386931,863.2497517019701,-8.482409821729755,-11.050037589939661,12.422756896735795,-2.8056112089581364,9.268611427821227
321,squeeze,GLBBBLBBBL,"((3, 2), (0,), (3,), (2,), (3,), (3,), (3,), (7,), (3,), (2,))",27.93,159.9105,187.8405,3698.0755342176735,4510.653649049948,103.28724967069962,721.3008803464019,824.5881300171015,169.48885996017313,726.1540798318881,-9.769799398865986,-11.937359586193894,13.555532209913624,-2.402255755708328,10.827637901475747
322,squeeze,GLBBBLBBBL,"((2, 7), (2,), (0,), (5,), (3,), (3,), (5,), (4,), (2,), (1,))",13.9433,159.51479999999998,173.45809999999997,4662.616571484072,4513.1930440473325,65.01226164117386,719.9210857826014,784.9333474237752,163.4423150098698,718.7450303732278,-5.774181194265466,-8.432348716968605,9.20887300134477,-2.8210606778418965,6.128024428389535
323,squeeze,GLBBBLBBBL,"((2, 6), (3,), (4,), (5,), (4,), (3,), (5,), (1,), (0,), (0,))",15.1627,179.38160000000002,194.5443,4368.988232323231,4341.944888471116,66.24565787024746,778.8650212057705,845.110679076018,177.12638238040208,751.3808452557184,-8.953188358434513,-11.090835335648206,12.474344323802972,-2.3478548437579674,9.83360998261153
324,squeeze,GLBBBLBBBL,"((2, 5), (1,), (6,), (3,), (1,), (5,), (5,), (5,), (5,), (2,))",16.9691,151.23360000000002,168.20270000000002,4166.746449661448,4598.032580605087,70.7059371789501,695.3770200821976,766.0829572611477,155.68805704369456,683.6398469046288,-7.440215261886678,-10.76164266220781,12.05943608024068,-3.5884130561870835,8.038280645247678
325,squeeze,GLBBBLBBBL,"((2, 3), (0,), (1,), (4,), (5,), (3,), (4,), (1,), (7,), (2,))",22.9063,172.824,195.7303,3752.240991165697,4328.424752799556,85.9499578159388,748.0556794778305,834.0056372937693,179.99759356333547,742.4892193301218,-8.037951424314237,-10.973117431268848,12.325622457685515,-3.191714465276346,8.740509317491894
326,squeeze,GLBBBLBBBL,"((3, 2), (2,), (5,), (2,), (5,), (1,), (6,), (0,), (7,), (5,))",27.7329,166.9172,194.6501,3724.8790664774688,4492.511754946707,103.301698662713,749.8774831027904,853.1791817655034,184.09513983217576,773.6735201186464,-5.422530051525402,-9.318753123152172,10.276383975848665,-4.11961017116383,5.733426845187945
327,squeeze,GLBBBLBBBL,"((3, 6), (0,), (5,), (4,), (2,), (0,), (3,), (2,), (3,), (0,))",15.9014,181.9617,197.8631,4388.881340326339,4321.479551789684,69.78935774506525,786.3437657588889,856.1331235039542,177.01316428914885,753.4113319972296,-10.537556376530619,-11.998343328466035,13.634224379718024,-1.6328493754134523,11.778748656677896
328,squeeze,GLBBBLBBBL,"((1, 0), (0,), (6,), (4,), (5,), (4,), (0,), (0,), (6,), (1,))",53.0587,219.8652,272.9239,3363.1584537907725,4093.159738698405,178.44481545214848,899.9433845808725,1078.388200033021,243.9709425896205,945.5741002073323,-10.608436055024677,-12.315982298547196,14.045869043638884,-1.9101872348643443,11.867379411277179
329,squeeze,GLBBBLBBBL,"((0, 5), (2,), (7,), (1,), (0,), (4,), (3,), (2,), (2,), (3,))",16.6023,200.8661,217.4684,4167.9933616383605,4205.341057702348,69.19827618792856,844.7104574305455,913.908733618474,206.88197873412085,843.7889016860769,-4.868027385072568,-7.672520171108221,8.31011545568829,-2.94800234763089,5.117130709332856
330,squeeze,LLGBLBGBGL,"((0,), (2,), (2, 4), (4,), (5,), (7,), (3, 1), (1,), (1, 4), (1,))",115.435,215.31048,330.74548,3182.564203187784,4091.2246260383936,367.3792987949818,880.8835380201472,1248.262836815129,320.00662567486773,1171.768843824238,-3.246863517267795,-6.128035757762446,6.528078758370265,-2.9778592666180503,3.3558224935139687
331,squeeze,LLGBLBGBGL,"((4,), (0,), (3, 5), (3,), (5,), (4,), (2, 6), (4,), (4, 0), (2,))",39.6884,162.47616,202.16456,3408.248184268172,4460.465342052607,135.2679172365089,724.7192805897942,859.987197826303,186.59207612732652,767.4746396433201,-7.702875257994514,-10.757434345164322,12.054151812231574,-3.309484554050954,8.34573696583295
332,squeeze,LLGBLBGBGL,"((2,), (5,), (4, 2), (2,), (1,), (7,), (4, 4), (1,), (4, 4), (0,))",59.9566,185.9809,245.9375,3272.5854805196914,4288.63964466308,196.2130986213269,797.6050608901197,993.8181595114468,229.6218463803247,893.5414082277152,-6.634065004188173,-10.090050209288469,11.222395555526,-3.7015483272944523,7.105444833263606
333,squeeze,LLGBLBGBGL,"((4,), (0,), (3, 1), (1,), (5,), (3,), (3, 6), (6,), (4, 4), (0,))",41.1977,179.65738,220.85508,3407.041300342504,4349.324181073334,140.36226537912037,781.3881871422808,921.7504525214011,204.88125834316165,829.8166434156949,-7.232716429632654,-9.973828475399824,11.078809979911714,-2.954826249372658,7.796624145134495
334,squeeze,LLGBLBGBGL,"((0,), (3,), (1, 5), (5,), (0,), (2,), (2, 7), (2,), (0, 0), (0,))",115.779,242.2938,358.0728,3177.8531250522524,3951.863702318906,367.9286569654247,957.5120735169164,1325.4407304823412,336.6478683485458,1222.9966917467818,-5.983401043434238,-7.729054674385853,8.376477175031484,-1.8567504571805267,6.3641964396079365
335,squeeze,LLGBLBGBGL,"((2,), (4,), (4, 3), (0,), (0,), (5,), (4, 3), (6,), (0, 6), (1,))",57.5826,202.08835,259.67095,3260.2306702737387,4197.47498454216,187.73255859410452,848.2607937924006,1035.9933523865052,238.61816222871576,927.9718949440677,-8.107486713967905,-10.42684851148902,11.640595801551553,-2.5239943000597753,8.822793526967617
336,squeeze,LLGBLBGBGL,"((1,), (0,), (3, 0), (7,), (5,), (4,), (1, 1), (1,), (4, 5), (1,))",78.5792,203.59126,282.17046,3217.553708220604,4197.5396002894095,252.8327963490085,854.5823761228173,1107.4151724718258,267.8275749221862,1019.8770689747288,-5.083056914538034,-7.904723149287006,8.583201462221131,-2.972774030668455,5.355268247483816
337,squeeze,LLGBLBGBGL,"((0,), (4,), (0, 5), (4,), (2,), (5,), (0, 7), (3,), (0, 6), (3,))",111.898,224.8209,336.7189,3183.9313488936923,4079.405083012376,356.27555007850634,917.1355222274173,1273.4110723059234,328.24263733128237,1204.8807594140387,-2.5173112256893364,-5.381633188392839,5.687725723598783,-2.9382878116286877,2.5823161602747153
338,squeeze,LLGBLBGBGL,"((1,), (1,), (1, 0), (6,), (4,), (1,), (2, 0), (5,), (3, 3), (2,))",74.9459,188.93261000000007,263.87851000000006,3227.6644357871323,4221.874699319905,241.90021603805883,797.6498060354751,1039.550022073534,257.85108421468124,980.8589445517275,-2.2841669771891713,-5.645815619794658,5.98364095549227,-3.4402292224441635,2.3375607683311173
339,squeeze,LLGBLBGBGL,"((0,), (2,), (2, 1), (4,), (2,), (4,), (1, 7), (6,), (4, 6), (5,))",111.518,194.45324,305.97124,3192.4882172084303,4270.77985741728,356.0199010066497,830.4669806015282,1186.486881608178,304.61997193527054,1137.3219129571232,-0.44163237849723436,-4.143743130511145,4.322871835224042,-3.718532997737023,0.44359142184432826
340,squeeze,GLGLGLGLLB,"((3, 0), (5,), (4, 7), (3,), (3, 3), (5,), (2, 7), (2,), (0,), (2,))",48.3018,178.73406999999995,227.03587,3496.570036788034,4365.275021928301,168.89062660292828,780.2233713385842,949.1139979415124,209.5188670730863,851.0394211407063,-7.715522189032806,-10.333276825915043,11.524093286930242,-2.836614237818391,8.360584978155325
341,squeeze,GLGLGLGLLB,"((4, 2), (4,), (3, 1), (0,), (0, 4), (4,), (4, 3), (3,), (0,), (2,))",25.9275,194.67,220.5975,3831.009904602192,4309.442845381014,99.32850930157332,838.9192387103219,938.2477480118952,199.78850404706174,837.0970411974819,-9.43301531202224,-10.780809975696409,12.0835102546433,-1.4881743808934464,10.415512169827613
342,squeeze,GLGLGLGLLB,"((1, 3), (2,), (1, 0), (0,), (0, 4), (2,), (2, 5), (3,), (2,), (3,))",20.4404,226.6322,247.0726,3781.405141051758,4006.508803984631,77.29343364515437,908.0039045664056,985.29733821156,222.02042755166488,875.6291476950904,-10.139599635222648,-11.130466536683366,12.524502045774517,-1.1026735886312637,11.283724080976919
343,squeeze,GLGLGLGLLB,"((0, 2), (4,), (4, 0), (0,), (3, 3), (2,), (1, 4), (1,), (1,), (0,))",27.8843,270.66743,298.55173,3584.769186526633,3860.748851023776,99.95877942786458,1044.9789693820585,1144.9377488099228,270.0980305022971,1024.866926399666,-9.530575990198725,-10.487104869680598,11.71574760755163,-1.0572952021649282,10.534582368034322
344,squeeze,GLGLGLGLLB,"((3, 2), (2,), (2, 2), (3,), (0, 3), (1,), (2, 0), (0,), (4,), (1,))",27.4168,213.7437,241.1605,3685.727791537668,4059.056547660501,101.05086171502992,867.5977650061818,968.6486267212116,213.10574688099604,849.5714857277707,-11.633228957065512,-12.293120302715582,14.016141430574935,-0.7467641262228025,13.164709788267936
345,squeeze,GLGLGLGLLB,"((1, 5), (5,), (4, 4), (5,), (3, 7), (4,), (1, 7), (4,), (4,), (3,))",16.231,179.63571,195.86671,4164.216121933621,4438.412845463698,67.58939187510461,797.2974427679917,864.8868346430963,180.04722444337443,773.7404132178345,-8.076658640268976,-10.538537271511853,11.779974248236776,-2.6781866224908106,8.786297931296847
346,squeeze,GLGLGLGLLB,"((0, 2), (1,), (4, 1), (0,), (4, 5), (3,), (2, 1), (1,), (3,), (5,))",24.3333,232.46454,256.79784,3766.206466082937,4026.654331985622,91.64423180113592,936.0543470240448,1027.698578825181,236.55997780380832,924.7011401425368,-7.880853747131084,-10.022144703205308,11.13845697938337,-2.324479810306029,8.55506598541197
347,squeeze,GLGLGLGLLB,"((1, 4), (5,), (3, 6), (1,), (1, 6), (2,), (0, 6), (4,), (3,), (7,))",16.0596,200.50800000000004,216.56760000000003,4450.354479964479,4288.133605573848,71.47091280643754,859.8050929864014,931.276005792839,197.82102881222897,825.7331623590794,-8.656221515947468,-11.333143211813558,12.781713057548616,-2.9306010111388625,9.476531034304374
348,squeeze,GLGLGLGLLB,"((0, 6), (1,), (1, 6), (5,), (2, 3), (1,), (4, 0), (5,), (0,), (7,))",12.6245,209.5952,222.2197,4938.116825396826,4333.58389292104,62.34125586222223,908.298382753564,970.6396386157862,203.27422890013497,867.9790820142777,-8.525558760031185,-10.576588109250428,11.827538097262558,-2.242188442385437,9.320153962641573
349,squeeze,GLGLGLGLLB,"((2, 6), (3,), (4, 4), (2,), (4, 5), (5,), (4, 4), (2,), (4,), (5,))",13.4799,169.78217999999998,183.26208,4581.988373015874,4484.157214916825,61.76474506941668,761.329987411307,823.0947324807237,169.04292109848075,732.2703884657676,-7.758920395053494,-11.034494625086563,12.403115767831151,-3.551101357509918,8.411567197916263
350,squeeze,LLBBBGGBBB,"((5,), (0,), (1,), (7,), (2,), (0, 4), (3, 6), (0,), (1,), (5,))",37.121,172.3497,209.4707,3616.293600751101,4536.490167839829,134.24043475348165,781.8627194801442,916.1031542336258,201.62063762467173,851.0372427185783,-3.7475706031097733,-7.102465613654492,7.645483446435186,-3.485517229607836,3.893481574015067
351,squeeze,LLBBBGGBBB,"((4,), (4,), (2,), (1,), (7,), (3, 1), (4, 6), (7,), (2,), (6,))",43.1405,134.8052,177.9457,3521.424495565666,4895.630829689588,151.91601345095063,659.9564931224709,811.8725065734216,173.78250413085524,747.6747847636426,-2.3395877895024966,-7.907364923678845,8.586316285906758,-5.701160796019936,2.3956357919724285
352,squeeze,LLBBBGGBBB,"((3,), (2,), (6,), (5,), (3,), (3, 1), (4, 2), (1,), (1,), (4,))",50.9295,150.8468,201.7763,3389.1021221336537,4559.590004535839,172.6052765292059,687.7995614962169,860.4048380254228,190.10570069593336,777.5025798853711,-5.783929680575285,-9.635261736824653,10.662634476695139,-4.087765540625971,6.13900543820792
353,squeeze,LLBBBGGBBB,"((4,), (4,), (4,), (7,), (6,), (0, 5), (3, 7), (6,), (2,), (6,))",43.112,128.299,171.411,3502.1659204244024,5118.151396814212,150.98537716133683,656.6537060598666,807.6390832212035,167.37276902986173,744.2603977773124,-2.355876209892173,-7.847401984449575,8.515660061071047,-5.624020741239655,2.4127168317432837
354,squeeze,LLBBBGGBBB,"((0,), (4,), (6,), (6,), (5,), (0, 0), (4, 0), (5,), (3,), (4,))",121.585,181.27,302.855,3205.1987273959926,4368.683534778452,389.7040872704417,791.9112643492899,1181.6153516197317,298.9134042259628,1122.1338661169061,-1.301479511329593,-5.033912721368224,5.300747735977225,-3.7816506180222675,1.3186413584375825
355,squeeze,LLBBBGGBBB,"((2,), (0,), (6,), (5,), (1,), (3, 0), (2, 4), (7,), (3,), (7,))",62.0707,142.18649999999997,204.2572,3375.836443313907,4805.026378988275,209.54053112200447,683.2098832360161,892.7504143580206,199.60004413444693,825.0367615551047,-2.2800448970969343,-7.5848357742414505,8.20734977618246,-5.428564586995938,2.3332439057057988
356,squeeze,LLBBBGGBBB,"((1,), (4,), (1,), (1,), (5,), (2, 7), (4, 3), (3,), (5,), (5,))",83.119,171.93569999999997,255.0547,3265.6991380643176,4316.330023485146,271.441646656768,742.1312240189349,1013.5728706757028,245.42405589310073,939.4833022107648,-3.7759132087741447,-7.309742654767966,7.886203862335034,-3.672499853036849,3.9240831840437425
357,squeeze,LLBBBGGBBB,"((2,), (4,), (7,), (5,), (4,), (3, 2), (0, 7), (1,), (2,), (5,))",62.2038,164.1768,226.3806,3333.2514825415774,4486.313915708217,207.3409085697198,736.5486624764447,943.8895710461644,214.17171042041633,855.7831980603129,-5.3930812002369715,-9.334394158863141,10.295408134390824,-4.165988078491394,5.700514580388672
358,squeeze,LLBBBGGBBB,"((4,), (4,), (5,), (7,), (5,), (4, 0), (3, 5), (1,), (0,), (1,))",42.7021,161.61409999999998,204.3162,3431.558818555009,4598.662260037191,146.53476782581785,743.2086623598766,889.7434301856945,192.14954166648636,803.3331944358713,-5.954818234439389,-9.711814981515388,10.756462741528267,-3.9948848803776027,6.331869557425904
359,squeeze,LLBBBGGBBB,"((0,), (2,), (4,), (2,), (2,), (3, 7), (0, 7), (5,), (5,), (6,))",121.606,189.8303,311.4363,3224.5824986958787,4270.167675080692,392.128579336411,810.6072108108702,1202.7357901472813,304.30547944920227,1135.2395300053188,-2.2896561996137734,-5.611894207762554,5.945552313673061,-3.40008834165584,2.343309940952965
360,squeeze,GLGGGGBLLG,"((4, 1), (4,), (4, 1), (3, 3), (2, 2), (2, 2), (6,), (4,), (3,), (0, 2))",35.0084,169.6239,204.6323,3733.7400679610255,4601.8790002955175,130.71226579520678,780.5886633582268,911.3009291534336,190.7712219003115,822.3868948301338,-6.773651129214931,-9.756824719349053,10.811703698374867,-3.199925371172601,7.265811877501988
361,squeeze,GLGGGGBLLG,"((4, 6), (4,), (1, 0), (0, 1), (4, 1), (1, 1), (6,), (3,), (5,), (3, 7))",13.4162,179.9158,193.332,5141.600613275614,4572.418396040119,68.9807421478283,822.6503136582747,891.6310558061031,180.50892977102862,808.0183193378133,-6.632668274766399,-9.37750383679687,10.347876337359779,-2.93982435966803,7.103842588417725
362,squeeze,GLGGGGBLLG,"((3, 6), (2,), (3, 2), (4, 3), (3, 6), (2, 3), (1,), (5,), (3,), (3, 5))",13.9371,151.2821,165.2192,4735.492377344877,4757.117103733145,65.99903081229328,719.6666653986681,785.6656962109614,151.02246227963244,700.3345160761985,-8.592668237328086,-10.861003674500557,12.18434593411909,-2.481568374692231,9.400414684062657
363,squeeze,GLGGGGBLLG,"((4, 1), (0,), (1, 7), (0, 4), (3, 7), (2, 0), (2,), (5,), (4,), (4, 6))",35.6322,189.51320000000004,225.1454,3876.9931101000448,4539.47320568862,138.14579389770682,860.2900935243086,998.4358874220154,207.78386151868472,901.4138111625011,-7.711256139950129,-9.717406744065213,10.763322578160906,-2.1737760426746036,8.355576007886475
364,squeeze,GLGGGGBLLG,"((1, 4), (4,), (1, 3), (1, 0), (1, 3), (4, 5), (2,), (5,), (2,), (3, 2))",19.5936,191.7929,211.3865,3970.617036297037,4346.261856680326,77.79868196238962,833.5821656521041,911.3808476144936,192.46124123187826,808.2583370949224,-8.952917413421268,-11.314974501547923,12.758607710774603,-2.594324849322358,9.833283131184059
365,squeeze,GLGGGGBLLG,"((0, 6), (2,), (2, 4), (2, 0), (3, 2), (3, 0), (1,), (0,), (3,), (2, 4))",14.3935,239.249,253.6425,4500.217330447331,4056.046478226722,64.77387814579366,970.405063869265,1035.1789420150585,222.3657441849012,901.1718445701929,-12.331039086548516,-12.945307521809717,14.870315606539977,-0.7006680914897776,14.065455958491345
366,squeeze,GLGGGGBLLG,"((4, 2), (1,), (2, 2), (3, 4), (0, 2), (4, 5), (5,), (5,), (1,), (2, 7))",22.8629,156.40230000000005,179.26520000000002,4250.736244237788,4786.258510166494,97.18415767838412,748.5818393846132,845.7659970629973,164.7141268769309,751.3597677405116,-8.117065176659569,-11.16221622178241,12.564717113664992,-3.314163887970742,8.83413790848749
367,squeeze,GLGGGGBLLG,"((1, 2), (1,), (0, 6), (2, 6), (0, 2), (4, 2), (0,), (3,), (2,), (0, 4))",26.5197,245.9845,272.5042,3678.7632357615057,4039.8797878990304,97.5596973834244,993.747809686449,1091.3075070698735,244.2133606838617,963.9609362455445,-10.381799369014612,-11.66917390371945,13.210760523172333,-1.4365101348171156,11.584476474553462
368,squeeze,GLGGGGBLLG,"((2, 2), (4,), (2, 6), (0, 7), (4, 2), (4, 4), (4,), (3,), (0,), (0, 5))",26.602,219.1481,245.7501,3708.7837474200223,4208.809719990402,98.66106524886744,922.3526533974286,1021.013718646296,227.02040738305584,920.164464288004,-7.621438451884317,-9.877365261262335,10.959916218491022,-2.4420458292187397,8.25022421237277
369,squeeze,GLGGGGBLLG,"((1, 1), (1,), (2, 6), (1, 7), (0, 1), (0, 2), (2,), (3,), (4,), (1, 0))",36.3084,227.56670000000005,263.87510000000003,3490.927226819075,4080.121227747941,126.7499821222377,928.4997233985476,1055.2497055207853,239.15220183665127,943.2094315144365,-9.369166762361722,-10.617418173175878,11.878621042460798,-1.3772922152676084,10.337725504294255
370,squeeze,BLGBBLBLLG,"((4,), (2,), (0, 6), (6,), (0,), (2,), (2,), (4,), (0,), (0, 7))",21.016,216.4093,237.4253,4132.921043956043,4329.570917108276,86.8574686597802,936.9594114717602,1023.8168801315404,218.39434669291936,922.6929275056352,-8.01555407409431,-9.877152309982693,10.95965403130151,-2.023818502301919,8.714032022925833
371,squeeze,BLGBBLBLLG,"((2,), (5,), (2, 1), (3,), (0,), (0,), (7,), (2,), (4,), (0, 4))",30.626,223.0148,253.6408,3652.018766569557,4170.493767018027,111.84672674495926,930.081833352772,1041.9285600977312,234.9720461874715,943.7075242856595,-7.360311831743358,-9.426849361232478,10.40799541006311,-2.230725912781325,7.945095646668431
372,squeeze,BLGBBLBLLG,"((4,), (5,), (2, 0), (0,), (1,), (3,), (5,), (5,), (0,), (0, 2))",21.5044,232.6837,254.1881,3963.927362221112,4186.17729365953,85.2418795681477,974.055221544686,1059.2971011128336,227.80163342124786,934.8749841032466,-10.380685240084857,-11.745724299526232,13.30895778850426,-1.5231527523929747,11.583089279240857
373,squeeze,BLGBBLBLLG,"((0,), (3,), (4, 2), (1,), (3,), (2,), (3,), (0,), (5,), (2, 1))",61.3688,261.8132,323.182,3367.884699042865,3979.60433700608,206.6830425186218,1041.9129462054402,1248.595988724062,294.0734050708686,1119.688878469818,-9.006873813866926,-10.324165015616767,11.512761511966618,-1.4476821018933006,9.898411222230912
374,squeeze,BLGBBLBLLG,"((2,), (2,), (2, 6), (1,), (5,), (5,), (0,), (4,), (2,), (3, 0))",32.5471,206.3476,238.8947,3604.673591817278,4256.807220290995,117.32167186023614,878.3819535697181,995.7036254299544,217.37987902439812,888.8671362463141,-9.005985053499252,-10.729747934532957,12.019399168565386,-1.8943695165524672,9.897337818090836
375,squeeze,BLGBBLBLLG,"((1,), (2,), (1, 5), (2,), (6,), (3,), (3,), (5,), (4,), (1, 6))",41.7478,216.5335,258.2813,3527.004480532019,4215.3670407941245,147.24467765235462,912.7681791277946,1060.0128567801491,234.65594594724385,943.063466026411,-9.147140754191705,-11.032827574278556,12.401009578549724,-2.0755393234075354,10.068082424839849
376,squeeze,BLGBBLBLLG,"((0,), (2,), (2, 4), (1,), (5,), (5,), (4,), (5,), (1,), (4, 6))",55.0864,228.69890000000007,283.78530000000006,3530.324945772072,4209.160429227077,194.47289209277864,962.6303600877608,1157.1032521805394,271.24799409414334,1074.18348391813,-4.417884191273023,-7.1661511715699255,7.719330031025621,-2.8752941458175663,4.622082440729624
377,squeeze,BLGBBLBLLG,"((1,), (3,), (1, 1), (2,), (0,), (4,), (6,), (1,), (5,), (2, 3))",41.3252,221.8863,263.2115,3491.626951736739,4141.462969654554,144.2921821059111,918.9338949236612,1063.2260770295725,238.86931993230547,947.6602479693838,-9.248144578673244,-10.86935615641172,12.194858791198568,-1.7864225146822614,10.190584573436634
378,squeeze,BLGBBLBLLG,"((6,), (4,), (2, 2), (0,), (3,), (5,), (4,), (5,), (4,), (2, 7))",15.8323,194.0014,209.8337,4731.848383838385,4560.607289133397,74.91604316744447,884.7641989420838,959.6802421095284,186.0916276534381,838.0709294257688,-11.314708908322105,-12.671857494579987,14.510622957305547,-1.5302972675084663,12.758270023182968
379,squeeze,BLGBBLBLLG,"((6,), (3,), (1, 2), (7,), (6,), (3,), (7,), (5,), (5,), (0, 6))",15.751,177.46939999999998,193.2204,4622.021717171719,4877.750697220763,72.80146406717174,865.6514895853504,938.4529536525222,179.74896871730812,842.8071770178983,-6.972054339340927,-10.191856316543525,11.348476762270453,-3.461112630550358,7.494580569126088
380,squeeze,LGBGBBLBBB,"((0,), (0, 3), (6,), (4, 4), (5,), (1,), (4,), (6,), (1,), (2,))",121.758,196.92449000000005,318.68249000000003,3203.188929495609,4255.688317285747,390.0138776775264,838.0492514804541,1228.0631291579805,314.6670560077472,1164.6164391759662,-1.260010862929067,-5.166402970303033,5.447861445859941,-3.956241175954662,1.2760897321751887
381,squeeze,LGBGBBLBBB,"((3,), (3, 6), (5,), (2, 0), (4,), (0,), (5,), (0,), (1,), (2,))",50.9141,205.22926,256.14336,3365.1738367507105,4133.733500447015,171.33479724170934,848.3630673339507,1019.69786457566,231.3552763085137,900.6207313209176,-9.67742583352005,-11.67768781238897,13.221673576189513,-2.2145759211668326,10.714293655629106
382,squeeze,LGBGBBLBBB,"((3,), (2, 0), (7,), (1, 0), (6,), (6,), (3,), (0,), (6,), (4,))",50.8404,192.84337000000005,243.68377000000004,3382.1201305684103,4287.035782997184,171.94834028615023,826.7264277037658,998.674767989916,219.21289375738468,869.4046974009732,-10.042062400222779,-12.944161075495206,14.86880286883505,-3.2260618158943033,11.163064281108687
383,squeeze,LGBGBBLBBB,"((2,), (4, 0), (4,), (4, 7), (2,), (6,), (5,), (6,), (0,), (4,))",62.1261,148.97199999999998,211.0981,3317.172102102101,4723.199558777511,206.0829657324053,703.6244846702033,909.7074504026086,205.20977019952895,837.3578570634788,-2.789380766795647,-7.9530615372128795,8.64022385755736,-5.311848449426882,2.8694198111258147
384,squeeze,LGBGBBLBBB,"((5,), (3, 5), (7,), (0, 6), (1,), (6,), (2,), (1,), (1,), (7,))",36.9422,181.77993000000004,218.72213,3695.400898854768,4505.560642584973,136.5162390856726,819.0204982198516,955.5367373055242,204.70330346693947,860.3210013588075,-6.4094230122304126,-9.964633721484253,11.067466189518932,-3.7986844655508896,6.848363605096697
385,squeeze,LGBGBBLBBB,"((5,), (3, 7), (6,), (0, 6), (4,), (0,), (1,), (4,), (2,), (1,))",36.4198,198.20086999999995,234.62067,3572.337012987014,4302.399428489993,130.10379954558445,852.7393098142192,982.8431093598036,219.33868268710293,890.4149697368254,-6.513487201659197,-9.404160108848233,10.380344307362293,-3.0920748038002954,6.967301492686328
386,squeeze,LGBGBBLBBB,"((1,), (0, 4), (3,), (0, 7), (4,), (0,), (5,), (2,), (3,), (1,))",82.6984,233.1082,315.8066,3233.297208565244,4019.3561442246246,267.388505872812,936.9448759391428,1204.3333818119547,303.51864110760005,1125.343595984205,-3.8909759619969804,-6.558797341389584,7.019170510200201,-2.775828186890862,4.04850220980126
387,squeeze,LGBGBBLBBB,"((0,), (1, 7), (3,), (4, 1), (4,), (2,), (5,), (6,), (3,), (4,))",121.692,182.87835,304.57035,3204.635760803909,4355.666276418389,389.9785350037493,796.557061782039,1186.535596785788,299.1484426859564,1119.1817922401867,-1.7801822515039982,-5.6765093881764885,6.018129048613612,-3.966946005387144,1.812447113333464
388,squeeze,LGBGBBLBBB,"((1,), (4, 1), (1,), (4, 6), (2,), (0,), (5,), (6,), (6,), (3,))",83.1168,175.5682,258.685,3231.9227829313545,4423.85650703074,268.6270795643488,776.6885239976743,1045.3156035620232,250.9374403799766,970.0622524433455,-2.994978301804664,-7.19910339635646,7.757579570706229,-4.333925214337645,3.087446659331434
389,squeeze,LGBGBBLBBB,"((5,), (2, 5), (1,), (2, 7), (7,), (7,), (5,), (0,), (1,), (1,))",36.5267,195.8723,232.399,3567.210874458874,4335.266220739588,130.29844144809695,849.1585657685707,979.4570072166676,207.03537799700476,855.1936872531654,-10.91382579227761,-12.686960126674931,14.530429985121755,-1.9903586052117295,12.25086371632687
390,squeeze,BLGBBBGBGG,"((4,), (3,), (2, 4), (1,), (0,), (4,), (3, 5), (4,), (1, 1), (0, 3))",20.9906,216.4273,237.4179,3979.513119796868,4247.565364702177,83.53236809240815,919.2891034560076,1002.8214715484156,216.34790694265584,898.6272379466469,-8.874643848397346,-10.390107966165369,11.594822547316875,-1.6630542603825862,9.738940096577346
391,squeeze,BLGBBBGBGG,"((6,), (5,), (4, 3), (6,), (3,), (2,), (2, 3), (3,), (2, 6), (0, 3))",16.7779,177.98290000000003,194.7608,4457.801905871906,4695.215516116002,74.79255459652823,835.6680736833229,910.4606282798512,185.39286059233385,837.2476556963916,-4.809971723091167,-8.041311212081974,8.744482243137957,-3.3946197385200882,5.053020584360909
392,squeeze,BLGBBBGBGG,"((4,), (3,), (2, 3), (0,), (2,), (6,), (3, 5), (7,), (4, 4), (3, 1))",23.03,187.9464,210.9764,3937.8635939537753,4571.409812116182,90.68899856875544,859.180017111913,949.8690156806684,192.45536054334534,844.2633280336855,-8.778725704227902,-11.11792109265789,12.508619543258112,-2.5643090457665383,9.623550835043298
393,squeeze,BLGBBBGBGG,"((5,), (4,), (3, 0), (4,), (7,), (1,), (3, 5), (4,), (3, 6), (1, 6))",17.9804,171.90019999999998,189.8806,4350.613667443668,4701.021901617362,78.22577398610413,808.1066050924048,886.332379078509,178.60073345461666,800.4590363229534,-5.940505004399254,-9.688616232754057,10.728012160376089,-3.9848302699585125,6.315688814486076
394,squeeze,BLGBBBGBGG,"((3,), (2,), (0, 0), (2,), (0,), (1,), (1, 5), (1,), (1, 2), (3, 1))",26.1503,220.12019999999995,246.2705,3761.49706800982,4180.659517578002,98.3642767775772,920.2476091411733,1018.6118859187504,227.18654861033684,923.1131844851897,-7.749182865858135,-9.375376701738018,10.345286259433,-1.7627961316756973,8.400123821765225
395,squeeze,BLGBBBGBGG,"((4,), (1,), (3, 7), (5,), (2,), (4,), (4, 4), (1,), (3, 5), (2, 6))",20.1014,173.73154,193.83294,4111.84844072594,4635.00748706849,82.65391024640843,805.2469886399389,887.9008988863472,182.26139214313758,803.7550074920216,-5.969856236438669,-9.476946301086745,10.469097002193283,-3.729750826997195,6.348874943177643
396,squeeze,BLGBBBGBGG,"((3,), (2,), (1, 1), (6,), (4,), (1,), (1, 0), (3,), (2, 0), (3, 0))",26.7148,187.0732,213.788,3732.1826700329257,4447.855734900988,99.7045135933956,832.0746054662795,931.7791190596752,196.8737533817273,835.7415126562564,-7.911691310210442,-10.306906909476268,11.491305020637329,-2.6009985777178266,8.591417762771504
397,squeeze,BLGBBBGBGG,"((0,), (3,), (3, 1), (2,), (3,), (7,), (1, 4), (6,), (1, 6), (2, 4))",61.389,234.1053,295.4943,3398.8177045555844,4204.4848812608725,208.6500200649628,984.292194473041,1192.9422145380038,271.5115518313387,1070.7429998960038,-8.116145783069696,-10.243514996183169,11.412562552719798,-2.3152807761970116,8.83304890966821
398,squeeze,BLGBBBGBGG,"((4,), (5,), (3, 6), (7,), (4,), (5,), (0, 7), (1,), (2, 5), (4, 7))",19.0955,169.2624,188.3579,4436.22656121656,4856.288277883588,84.71196429971083,821.9870090064431,906.698973306154,179.87407232110806,828.1486411863705,-4.5040997371981435,-8.66333087743118,9.485052346068658,-4.35540282754228,4.716537280451819
399,squeeze,BLGBBBGBGG,"((6,), (2,), (3, 5), (3,), (7,), (5,), (1, 0), (6,), (3, 7), (2, 2))",17.3557,163.9524,181.3081,4444.300878010879,4883.092042661706,77.13395274849341,800.5946598152891,877.7286125637825,168.8286483829892,785.4265399230072,-6.883008325061481,-10.5160150096016,11.751840299389835,-3.901550747282043,7.391785539087557
400,squeeze,GGLBBLLGBG,"((4, 1), (2, 6), (0,), (4,), (3,), (0,), (3,), (3, 2), (0,), (4, 6))",35.2276,165.1676,200.3952,3902.541522067961,4650.266589945682,137.4771717228013,768.0733720215125,905.5505437443136,189.77613537914056,835.9543630831835,-5.299061365172137,-7.68551033864554,8.325356470949462,-2.519984498438483,5.595574280003298
401,squeeze,GGLBBLLGBG,"((0, 7), (2, 3), (4,), (5,), (0,), (1,), (5,), (1, 4), (5,), (0, 6))",12.6378,229.7989,242.4367,4952.962976190478,4219.246969464168,62.59455550050003,969.5783124111994,1032.1728679116993,227.21956799641987,946.2473724662118,-6.2767444052736785,-8.324719445429007,9.080658815626522,-2.185130069543347,6.6971045397903
402,squeeze,GGLBBLLGBG,"((4, 7), (0, 6), (1,), (3,), (6,), (5,), (5,), (1, 4), (2,), (2, 5))",13.0362,167.69841,180.73461,5105.317362914863,4684.720542910865,66.55393820643073,785.6201863404889,852.1741245469196,165.37120171725044,763.4279590572922,-8.500534724782133,-10.414088263570733,11.62469417536321,-2.091327564628813,9.290256177141233
403,squeeze,GGLBBLLGBG,"((3, 6), (1, 1), (4,), (0,), (4,), (0,), (2,), (0, 2), (2,), (4, 4))",14.6108,208.10766,222.71846,4758.679696969697,4255.467151839208,69.52811731648484,885.5953111761223,955.1234284926072,204.84486327678792,866.4858611888147,-8.025197697223694,-9.280221242576141,10.229545717247156,-1.3645297559009382,8.725430766140876
404,squeeze,GGLBBLLGBG,"((2, 6), (2, 2), (2,), (6,), (3,), (0,), (5,), (4, 2), (2,), (3, 2))",15.7014,159.46023,175.16163,4438.533566433566,4655.018938419442,69.69119094,742.2903905747199,811.9815815147199,166.42224807744304,746.4826402447032,-4.989324387171413,-8.066555050156547,8.77434219348296,-3.2388262088830304,5.251330289980316
405,squeeze,GGLBBLLGBG,"((3, 4), (2, 6), (5,), (2,), (7,), (4,), (3,), (0, 2), (6,), (3, 6))",18.1758,165.39705999999998,183.57286,4267.151212121212,4565.313155886249,77.55888700127271,755.0893739629071,832.6482609641798,175.03967645387453,762.5294980184048,-4.648390587870918,-8.421174490243912,9.19554759887893,-3.95670710293548,4.874999610944815
406,squeeze,GGLBBLLGBG,"((2, 6), (2, 6), (2,), (6,), (5,), (1,), (0,), (1, 4), (4,), (0, 3))",14.8463,201.51962,216.36592,4435.242449494948,4280.469948684012,65.84693997793686,862.5986774802216,928.4456174581584,202.51495609290453,847.6410693846306,-6.401638440608143,-8.703207441998549,9.532873169086795,-2.458984284602015,6.839477031385919
407,squeeze,GGLBBLLGBG,"((2, 2), (1, 1), (4,), (7,), (3,), (4,), (4,), (4, 2), (1,), (2, 3))",26.4787,155.88299999999995,182.3617,3706.5485696471583,4690.396576937656,98.1445876111162,731.1530896027725,829.2976772138887,175.2200806112165,765.7732370601888,-3.9161838197294223,-7.660028708523204,8.295463601936634,-3.8964365047383835,4.07579962517512
408,squeeze,GGLBBLLGBG,"((1, 1), (0, 7), (0,), (2,), (1,), (0,), (3,), (3, 2), (7,), (3, 5))",33.0111,208.17223,241.18333,3656.943107177239,4197.003895978646,120.71971460533857,873.6996603445629,994.4193749499016,224.30318459132798,902.3337575074576,-6.998885623095109,-9.260239669715128,10.20527234809598,-2.4315343550136994,7.525593289915604
409,squeeze,GGLBBLLGBG,"((1, 7), (0, 5), (1,), (6,), (0,), (3,), (0,), (4, 4), (3,), (2, 5))",12.919,191.93474,204.85374,4944.9074206349205,4427.536437614755,63.88325896718254,849.7980549941143,913.6813139612968,193.24139155379933,840.8077619882034,-5.668604559624177,-7.975817263586975,8.667088396136348,-2.4458587654638415,6.009244889425108
410,squeeze,BLLGGLBLGL,"((6,), (1,), (4,), (0, 5), (2, 4), (4,), (2,), (5,), (1, 2), (4,))",17.2825,187.58600000000004,204.86850000000004,4444.675804195804,4470.197691539253,76.81510958601397,838.5465041650826,915.3616137510966,184.79202394556714,811.1352706443549,-9.799689095411397,-11.386357210198971,12.849440392839231,-1.7590494964766825,10.864362879832251
411,squeeze,BLLGGLBLGL,"((4,), (0,), (4,), (1, 2), (3, 1), (0,), (4,), (2,), (1, 6), (0,))",22.6543,217.5962,240.2505,3918.1787644734018,4112.845710017322,88.76359718400978,894.9395976860712,983.703194870081,210.56060153967576,848.9272426101934,-12.357892474864457,-13.700875727834518,15.876031006555117,-1.5323493362878,14.10040541450951
412,squeeze,BLLGGLBLGL,"((3,), (1,), (0,), (4, 0), (1, 4), (0,), (6,), (5,), (4, 4), (5,))",26.4512,183.03121,209.48241,3757.927149127664,4432.975875089782,99.40168260700568,811.3729383184916,910.7746209254972,186.07847665927758,790.1805504706746,-11.172266607359733,-13.240824643563204,15.261584252230728,-2.3287299553844716,12.577453212698328
413,squeeze,BLLGGLBLGL,"((3,), (2,), (5,), (2, 1), (4, 2), (0,), (3,), (2,), (4, 1), (0,))",26.4869,198.80868,225.29558,3728.530004177106,4173.32611316091,98.7572013676386,829.6934557670511,928.4506571346895,204.65902939106297,819.9774736952213,-9.159767186261279,-11.683246988507666,13.22880041455709,-2.777931896564602,10.083381451743632
414,squeeze,BLLGGLBLGL,"((5,), (4,), (3,), (3, 2), (0, 2), (2,), (2,), (1,), (2, 1), (4,))",19.4363,172.84050000000002,192.2768,4192.221236116826,4420.040322633209,81.48126961153746,763.9619793840852,845.4432489956226,173.12670609261255,744.7756914371137,-9.95964874981665,-11.907074505367563,13.516493451103596,-2.162836693228624,11.061317077876648
415,squeeze,BLLGGLBLGL,"((6,), (5,), (0,), (1, 6), (3, 1), (3,), (4,), (2,), (2, 6), (5,))",17.5277,171.73072,189.25842,4473.527754467755,4591.73080736026,78.41065242198445,788.5412375941587,866.9518900161431,174.47670796597131,777.3009713806168,-7.810332578084868,-10.340933524449314,11.533617213457378,-2.7449941160790714,8.472025983497819
416,squeeze,BLLGGLBLGL,"((4,), (0,), (0,), (4, 6), (1, 6), (2,), (5,), (0,), (0, 0), (0,))",22.6529,220.3383,242.9912,3902.2789162716367,4138.912540248371,88.39793406240975,911.9609529670078,1000.3588870294176,213.57389137606546,870.6252724311702,-12.106326741023762,-12.968707159037047,14.901200172603973,-0.9811632464970643,13.773831826726388
417,squeeze,BLLGGLBLGL,"((5,), (2,), (5,), (2, 5), (3, 5), (0,), (5,), (3,), (3, 5), (0,))",19.4742,184.87456999999995,204.34877,4147.559742340994,4383.763586595026,80.77040793429698,810.446408053413,891.21681598771,183.99943933776981,781.2738199339561,-9.958137091909183,-12.336279352169448,14.072274438051412,-2.6411517748002695,11.059452537175762
418,squeeze,BLLGGLBLGL,"((7,), (1,), (2,), (3, 5), (2, 5), (3,), (2,), (4,), (4, 6), (5,))",15.8408,150.45819999999998,166.29899999999998,4890.622445609945,4929.658118448219,77.47137203641802,741.7074871171058,819.1788591535237,154.2423459483643,737.9907486079401,-7.249985899876542,-9.910913793536759,11.001236898799545,-2.868924516591172,7.81669519969042
419,squeeze,BLLGGLBLGL,"((2,), (2,), (0,), (0, 4), (4, 0), (5,), (0,), (5,), (4, 3), (4,))",32.1355,217.07507000000004,249.21057000000005,3626.1335860534064,4166.341312679135,116.52761585461924,904.4088320937152,1020.9364479483344,227.82326057068465,910.2818939099695,-8.582023398652549,-10.838534980383484,12.156075472738019,-2.4683455766813314,9.38767594482731
420,squeeze,BBLGBLBLBG,"((5,), (0,), (1,), (3, 6), (4,), (1,), (5,), (5,), (5,), (0, 7))",18.5223,197.86094,216.38324,4424.04288211788,4488.860083853772,81.94344947545201,888.1700757197863,970.1135251952384,196.09697304668555,852.5656364172088,-9.375156298294845,-12.116920929885262,13.787547111564166,-3.0254006733683587,10.345017895041554
421,squeeze,BBLGBLBLBG,"((4,), (1,), (1,), (2, 5), (4,), (1,), (0,), (3,), (7,), (2, 5))",21.5107,199.75433,221.26503,4055.72580343676,4318.260160955428,87.24150103998711,862.5911652173436,949.8326662573309,194.9062682110539,821.4511152659107,-11.91275539064898,-13.516228231788219,15.62862945896202,-1.8203235306658847,13.52381430873404
422,squeeze,BBLGBLBLBG,"((1,), (5,), (0,), (4, 4), (1,), (3,), (5,), (1,), (5,), (4, 4))",40.4976,208.519,249.0166,3617.607492595888,4314.275787221948,146.50442119215123,899.6084728757334,1046.1128940678846,222.0403913569637,911.8865184937201,-10.833096525708045,-12.830964643998946,14.719635925299496,-2.2405938082922408,12.149234865861835
423,squeeze,BBLGBLBLBG,"((0,), (5,), (1,), (4, 3), (5,), (0,), (3,), (5,), (1,), (2, 6))",62.1903,239.00602,301.19632,3414.861667907687,4140.117799294428,212.37127158567944,989.51307754052,1201.8843491261996,270.6513423856055,1060.642932525903,-10.141218728832575,-11.75166451772025,13.316584900436993,-1.7921963397520635,11.285729213519325
424,squeeze,BBLGBLBLBG,"((4,), (7,), (3,), (0, 2), (6,), (3,), (2,), (1,), (4,), (1, 2))",22.2165,213.75342000000003,235.96992000000003,3957.272163326869,4240.307256487064,87.91673701655138,906.3801779249272,994.2969149414786,214.410334387291,880.6571734907426,-9.136582159585865,-11.429155591559336,12.903970452008195,-2.5230983892769494,10.055292192103856
425,squeeze,BBLGBLBLBG,"((6,), (6,), (4,), (3, 5), (3,), (4,), (5,), (4,), (6,), (1, 0))",18.5021,164.74636000000004,183.24846,4362.986609819917,4798.515485233169,80.72441455354908,790.5379595957985,871.2623741493476,166.97306894889195,766.7210579761289,-8.88159772317216,-11.998832874573175,13.634856521245235,-3.4210818819347937,9.747315033234319
426,squeeze,BBLGBLBLBG,"((5,), (2,), (3,), (3, 4), (0,), (0,), (0,), (1,), (0,), (4, 4))",18.2241,209.2551,227.4792,4401.770612998113,4323.261859094208,80.21830782833892,904.6645926509444,984.8829004792832,197.34113237394695,851.4851852212569,-13.248713564164568,-13.544525465221266,15.666475186337289,-0.3409884892894237,15.272065819985075
427,squeeze,BBLGBLBLBG,"((7,), (1,), (2,), (0, 3), (6,), (1,), (0,), (4,), (2,), (3, 4))",15.6838,207.80691,223.49070999999995,4882.950858585859,4478.923912019229,76.5832246758889,930.7513382818278,1007.3345629577168,201.229037016866,896.8905544066328,-9.96089411641941,-10.963984818191925,12.314100980152693,-1.1140611536830471,11.062853211024462
428,squeeze,BBLGBLBLBG,"((1,), (5,), (4,), (3, 4), (7,), (3,), (1,), (1,), (0,), (1, 2))",41.1184,228.19533,269.31373,3487.3152193523524,4110.295339851877,143.39282211541777,937.9502014749612,1081.343023590379,238.86191784870738,942.0283710708542,-11.307188887582019,-12.883483730903352,14.78879583649465,-1.7772520946747106,12.748709558038684
429,squeeze,BBLGBLBLBG,"((0,), (3,), (5,), (0, 3), (2,), (5,), (2,), (0,), (5,), (4, 3))",58.3643,271.39253,329.75683,3445.808669913249,4015.299850329978,201.11221095341784,1089.7223850896742,1290.834596043092,300.9601038623539,1157.985393753987,-8.732715600658247,-10.291729296405544,11.472441967375008,-1.7081845986846773,9.568286881910582
430,squeeze,GLBLBLLLLB,"((2, 7), (5,), (2,), (3,), (4,), (2,), (1,), (0,), (3,), (3,))",14.8261,193.92363,208.74973,4728.139613997114,4183.2228002967495,70.09987073108262,811.2257505323108,881.3256212633935,183.20269880653,766.4124968246607,-12.238114604253617,-13.038668304457447,14.993639184490304,-0.9121883567039087,13.944680596899264
431,squeeze,GLBLBLLLLB,"((2, 3), (0,), (3,), (4,), (2,), (3,), (0,), (3,), (5,), (5,))",22.8926,180.49306,203.38566,3899.116757564332,4251.461249717787,89.26092028421724,767.3592504329876,856.6201707172048,180.87281604719124,748.1987698835849,-11.06904191416876,-12.656881607497542,14.490988918691967,-1.785474628302424,12.446781359856185
432,squeeze,GLBLBLLLLB,"((4, 7), (1,), (4,), (0,), (0,), (1,), (4,), (4,), (4,), (7,))",13.3364,175.1693,188.5057,5384.509285714285,4534.035632199452,71.809969638,794.2238478674354,866.0338175054354,165.216289784473,752.3238192607561,-12.354751190827121,-13.12997205723617,15.114501938329209,-0.8844984490795493,14.096315954019037
433,squeeze,GLBLBLLLLB,"((0, 5), (1,), (6,), (5,), (3,), (1,), (0,), (2,), (3,), (4,))",17.2875,212.62034,229.90784,4245.102525252525,4147.259752001108,73.38720990530304,881.7917785387913,955.1789884440944,207.41152144119394,845.68206218734,-9.78492884749213,-11.46349821148345,12.94776502336385,-1.86063075996881,10.846224164641812
434,squeeze,GLBLBLLLLB,"((1, 4), (0,), (3,), (3,), (1,), (5,), (5,), (3,), (3,), (0,))",21.6869,211.3982,233.0851,3885.654163703944,4096.256429272321,84.26779328283108,865.9412358865959,950.209029169427,206.31414253382428,830.7443582776481,-11.485486402252109,-12.572462187209737,14.380437218913011,-1.228019836269298,12.97582276105321
435,squeeze,GLBLBLLLLB,"((1, 1), (5,), (1,), (1,), (5,), (3,), (4,), (2,), (5,), (1,))",39.642,202.17407000000003,241.81607,3476.235572622225,4089.800754249692,137.80493056989025,826.8516639757302,964.6565945456204,213.6077304512522,838.5969195231787,-11.665204694108128,-13.067829083967357,15.032212984292665,-1.5878503878365495,13.205673544284613
436,squeeze,GLBLBLLLLB,"((1, 0), (2,), (1,), (2,), (6,), (2,), (3,), (5,), (0,), (7,))",53.3158,178.45054000000002,231.76634,3538.21759188131,4326.537330085852,188.6429014852256,772.0729228839785,960.715824369204,217.70576623401234,871.9628683379708,-6.066702251063579,-9.238211110919037,10.178524711769366,-3.3763414421286755,6.458521521599914
437,squeeze,GLBLBLLLLB,"((2, 2), (3,), (5,), (4,), (4,), (2,), (4,), (5,), (3,), (5,))",28.13,158.14233000000002,186.27233,3744.351583493045,4481.3635073330615,105.32861004365937,708.6932666266225,814.0218766702819,167.37815922234654,712.7340188286776,-10.143305115501304,-12.442891369936833,14.211172073428315,-2.559170752264377,11.2883131619068
438,squeeze,GLBLBLLLLB,"((1, 5), (5,), (6,), (1,), (6,), (4,), (1,), (5,), (5,), (3,))",17.6972,184.47007,202.16727,4222.190714840714,4308.153362565542,74.72095351867907,794.7253523632008,869.4463058818799,179.41805283709382,755.5520366969976,-11.252670703277627,-13.099632307869697,15.074311715548685,-2.0811461248786816,12.679447136549735
439,squeeze,GLBLBLLLLB,"((0, 4), (3,), (5,), (0,), (7,), (2,), (4,), (1,), (3,), (3,))",20.2458,226.5571,246.8029,3954.611421356422,4036.689271100946,80.06427191449785,914.540614861744,994.604886776242,221.6411551191884,875.952278121484,-10.195076670821777,-11.92962252974044,13.545556261262693,-1.9314596512272653,11.352469656314861
440,squeeze,BBLGBBGGLL,"((2,), (1,), (4,), (0, 0), (6,), (1,), (3, 3), (1, 7), (0,), (2,))",31.9924,215.0735,247.0659,3599.1592010129434,4116.163285002463,115.14574082248647,885.2776442769773,1000.4233850994638,229.30576282103846,904.4038981762739,-7.1884210564717925,-9.597885090785187,10.616881143127834,-2.59608128828349,7.745176990088309
441,squeeze,BBLGBBGGLL,"((5,), (3,), (5,), (4, 7), (1,), (4,), (2, 2), (4, 2), (2,), (3,))",19.1688,136.46219999999997,155.63099999999997,4185.7248563936055,4975.981227466323,80.23532262723775,679.0333454587546,759.2686680859924,149.98762287966343,690.2849959753491,-3.6261266202341047,-9.085541786485308,9.993505945058482,-5.664829040063715,3.762561878098613
442,squeeze,BBLGBBGGLL,"((6,), (3,), (0,), (4, 7), (1,), (6,), (0, 7), (3, 6), (2,), (4,))",16.9849,155.97449999999998,172.9594,4490.2241608391605,4864.885330239901,76.26600834943706,758.7980569415033,835.0640652909403,164.68050687958248,759.9668586174046,-4.786610684598529,-8.992987459874895,9.881642314002852,-4.417841656011675,5.027245347545098
443,squeeze,BBLGBBGGLL,"((5,), (1,), (1,), (2, 5), (2,), (4,), (3, 1), (1, 6), (2,), (1,))",19.4353,175.3914,194.8267,4146.058372411902,4417.823499473827,80.57988828533706,774.8482485256138,855.428136810951,177.49629469714645,759.5050517210279,-8.895292741114813,-11.213459198048561,12.629683617319293,-2.54450788184457,9.763812440380004
444,squeeze,BBLGBBGGLL,"((1,), (3,), (5,), (4, 7), (2,), (7,), (1, 2), (4, 5), (5,), (0,))",42.2677,184.2053,226.473,3467.671397941138,4444.698769756158,146.57049434675665,818.737070292564,965.3075646393206,212.04089019379205,864.6207841644542,-6.372552050888168,-10.430538842041209,11.645195479792605,-4.334184985324623,6.806286180471101
445,squeeze,BBLGBBGGLL,"((4,), (2,), (3,), (3, 5), (4,), (4,), (3, 1), (1, 1), (0,), (4,))",22.4057,161.9544,184.3601,3945.295356963298,4507.242859405774,88.39710417951257,729.9678129493464,818.3649171288589,168.67681999288718,725.012224016219,-8.506873237274666,-11.40722080806657,12.876016433972785,-3.170016889152281,9.297827649213529
446,squeeze,BBLGBBGGLL,"((7,), (7,), (1,), (3, 7), (7,), (5,), (4, 4), (3, 4), (3,), (5,))",15.6593,132.15759999999997,147.81689999999998,4899.1467096792085,5396.03306951998,76.71720807087962,713.1267799883935,789.8439880592732,135.45734135992032,695.456864767634,-8.361397539848053,-11.950097072151927,13.57195939437248,-3.916143891286846,9.124318044334991
447,squeeze,BBLGBBGGLL,"((4,), (1,), (3,), (0, 2), (2,), (4,), (2, 7), (4, 0), (3,), (0,))",22.5354,198.7957,221.3311,3917.376297313797,4270.639387594915,88.27964181048533,848.9847465045025,937.264388314988,200.0897086705297,827.8346467359787,-9.597110993199918,-11.67544002986626,13.21879218397943,-2.2989630746313967,10.615933958126087
448,squeeze,BBLGBBGGLL,"((3,), (2,), (3,), (1, 6), (1,), (7,), (0, 5), (3, 7), (5,), (4,))",26.3131,174.47150000000002,200.7846,3743.262509029928,4479.14862169932,98.4968407263554,781.483778750813,879.9806194771684,189.0104513299086,796.0207254565803,-5.864069590043968,-9.541107174663914,10.547450755434863,-3.9060936335431977,6.229363819432522
449,squeeze,BBLGBBGGLL,"((6,), (5,), (5,), (3, 4), (4,), (6,), (4, 5), (1, 2), (0,), (2,))",17.4471,152.3354,169.7825,4448.472450327451,4838.45646169318,77.61294368810806,737.0682004746152,814.6811441627233,156.52800883602816,719.3226112766579,-7.806747552881972,-11.705012883791333,13.256712828312539,-4.228362952207811,8.467807942191769
450,squeeze,LBGBGGLLGG,"((1,), (4,), (1, 6), (1,), (1, 2), (3, 3), (2,), (2,), (1, 6), (2, 5))",83.2128,203.0245,286.2373,3249.7288774701537,4124.974301177978,270.4190391351484,837.4708450095085,1107.889884144657,273.33669294867786,1032.644647323922,-4.5069622482192715,-6.791761338161119,7.2866534500257405,-2.392634210549282,4.719676276226974
451,squeeze,LBGBGGLLGG,"((2,), (1,), (1, 2), (3,), (2, 4), (2, 3), (4,), (3,), (4, 2), (4, 3))",62.5531,161.8143,224.3674,3341.701544831345,4461.34510169098,209.0337909039896,721.9094346885548,930.9432255925444,213.30811134324753,860.241698972203,-4.9290978354041055,-7.594612074795424,8.218797891896418,-2.8037119441409293,5.184654529595587
452,squeeze,LBGBGGLLGG,"((0,), (4,), (2, 0), (4,), (0, 7), (0, 6), (5,), (1,), (0, 6), (4, 3))",121.648,213.66039999999995,335.30839999999995,3212.9657799284414,4198.206278227624,390.850861196735,896.9904326886253,1287.8412938853603,332.70571713807317,1244.8415938485198,-0.7762056846553146,-3.3388974434196257,3.4542306627065478,-2.5827391266854662,0.7822777691694067
453,squeeze,LBGBGGLLGG,"((5,), (3,), (4, 7), (6,), (2, 1), (4, 4), (5,), (2,), (4, 5), (4, 3))",37.5542,137.34846000000002,174.90266000000005,3625.540966466707,5083.058827452277,136.154290562884,698.150302039976,834.3045926028601,163.43108439732592,751.1429214785197,-6.558834269686997,-9.96778297298987,11.071351236412935,-3.6482300671865406,7.0192128045757824
454,squeeze,LBGBGGLLGG,"((4,), (3,), (2, 5), (4,), (3, 7), (4, 5), (2,), (0,), (0, 0), (0, 3))",43.4181,205.9885,249.40660000000003,3424.12601446255,4208.310015140881,148.66904570853643,866.8634675538473,1015.5325132623836,228.02613167491776,910.4298074122763,-8.572535099344709,-10.3495165814501,11.544295342091434,-1.9435970187254448,9.376323743264209
455,squeeze,LBGBGGLLGG,"((3,), (4,), (0, 3), (0,), (3, 7), (1, 5), (5,), (3,), (1, 4), (4, 0))",51.0194,194.42980000000003,245.4492,3364.3207670152706,4307.200011314262,171.6456269406589,837.4480367598298,1009.0936637004888,228.37321985757163,921.4270608998986,-6.957032307470696,-8.68765764310762,9.514220552082753,-1.8600280908450466,7.477225286344012
456,squeeze,LBGBGGLLGG,"((5,), (2,), (0, 0), (1,), (4, 7), (0, 4), (0,), (2,), (3, 5), (0, 7))",37.4152,228.6521,266.0673,3613.022265365071,4156.529390597662,135.18195066308718,950.3991738718756,1085.581124534963,242.0856060783594,972.1569901020245,-9.01339395019252,-10.448241211040468,11.667265224419674,-1.5769873425792806,9.90628658602614
457,squeeze,LBGBGGLLGG,"((2,), (4,), (2, 1), (1,), (3, 7), (0, 2), (0,), (5,), (0, 1), (3, 5))",62.5573,202.9967,265.554,3324.075486369198,4178.329686459695,207.94518742344383,848.1871378633527,1056.1323252867965,245.040005179238,957.5293346399196,-7.7249805390850765,-9.336234512100635,10.297646983729923,-1.7461431950150272,8.371692126661822
458,squeeze,LBGBGGLLGG,"((2,), (1,), (2, 0), (3,), (0, 6), (0, 2), (2,), (4,), (4, 2), (2, 1))",61.6786,191.3146,252.9932,3280.445121166461,4196.605072180486,202.3332624503777,802.8718207421808,1005.2050831925584,236.5468345914458,921.7459706606861,-6.500714409934424,-8.302695034808607,9.054459166450245,-1.92726673097237,6.9526888562933875
459,squeeze,LBGBGGLLGG,"((1,), (6,), (0, 0), (3,), (2, 5), (3, 3), (3,), (5,), (2, 7), (1, 3))",83.1755,195.2353,278.4108,3227.7313412711105,4235.735311468089,268.46816817589524,826.9650542550658,1095.433222430961,266.5583344807534,1020.1965899084961,-4.25718597096327,-6.868208027824958,7.374719075390458,-2.727120654788589,4.446480933464266
460,squeeze,BGGLBBBGLG,"((7,), (1, 2), (4, 4), (4,), (4,), (3,), (7,), (4, 7), (1,), (4, 2))",15.799,142.8794,158.6784,4890.498454323457,5338.86460456491,77.2649850798563,762.8137713814716,840.0787564613279,152.3493165244521,773.0598393511698,-3.9886231998481945,-7.977694542885783,8.669305233396573,-4.154790271720471,4.154323511213188
461,squeeze,BGGLBBBGLG,"((3,), (4, 7), (1, 7), (1,), (4,), (3,), (0,), (2, 5), (1,), (2, 2))",25.0733,207.4454,232.5187,3765.70432161191,4232.099967626742,94.4186341670719,877.9296706243166,972.3483047913884,206.89554298715063,855.6133113600551,-11.019826367878954,-12.00547096715287,13.643428857572943,-1.1077126050000277,12.384586271363366
462,squeeze,BGGLBBBGLG,"((4,), (0, 1), (1, 1), (4,), (0,), (1,), (6,), (1, 1), (1,), (4, 1))",22.4783,193.4305,215.9088,3980.356521044315,4421.139523780124,89.47164798699043,855.1832286545513,944.6548766415416,199.09579298289495,854.5288258189875,-7.787087426313825,-9.540632568687128,10.546870754907118,-1.9016264571104062,8.444682213124171
463,squeeze,BGGLBBBGLG,"((1,), (0, 7), (3, 1), (3,), (2,), (6,), (6,), (0, 5), (3,), (3, 5))",39.2788,208.89517999999995,248.17398,3591.177942284261,4290.505014317548,141.057160159395,896.2658172567665,1037.3229774161614,236.36285518814068,959.5834497699519,-4.759211586911454,-7.494245219540848,8.10138270567782,-2.8717041072431204,4.9970308585322565
464,squeeze,BGGLBBBGLG,"((6,), (2, 4), (4, 1), (1,), (0,), (2,), (7,), (0, 6), (0,), (3, 1))",17.6961,198.1389,215.835,4412.69214063714,4497.22755573641,78.08744138992891,891.075720943301,969.16316233323,194.95581883877426,862.3875188816316,-9.673677189161046,-11.017303133410413,12.381399442105563,-1.4875242370523392,10.70969888746563
465,squeeze,BGGLBBBGLG,"((0,), (2, 6), (0, 7), (5,), (2,), (0,), (4,), (1, 6), (5,), (3, 1))",60.0593,237.04442,297.10372,3386.699860673125,4160.087730713144,203.4028229421254,986.1255832760132,1189.5284062181388,286.08566963127913,1118.4621818417227,-3.708486170661504,-5.974319234826564,6.353922871079515,-2.3530973541249933,3.851311525992014
466,squeeze,BGGLBBBGLG,"((1,), (1, 0), (1, 2), (2,), (7,), (1,), (2,), (3, 7), (4,), (0, 5))",41.8222,230.81216,272.63436,3508.3302345908846,4116.053543726484,146.72608873710692,950.0352091031644,1096.7612978402713,257.9888057115185,1011.1778056993716,-5.371866659976934,-7.803292503977816,8.463743137806182,-2.569453457635215,5.676817739471248
467,squeeze,BGGLBBBGLG,"((1,), (2, 1), (1, 7), (0,), (0,), (0,), (5,), (4, 3), (3,), (4, 3))",40.0755,231.35419000000005,271.42969000000005,3571.966586766696,4167.98167978513,143.14834694796872,964.2800254615285,1107.4283724094971,248.72922565646215,999.91042010741,-8.363294503095036,-9.708795167325718,10.752758461156702,-1.4682988186170967,9.126577017085705
468,squeeze,BGGLBBBGLG,"((7,), (3, 6), (2, 4), (5,), (5,), (2,), (7,), (3, 5), (2,), (1, 6))",14.3782,153.94740000000002,168.3256,5027.453445165946,5119.650912618804,72.285731125285,788.1569469052921,860.4426780305771,164.52227490323472,803.1348629260972,-2.259504850578457,-6.660271110174221,7.135515808103235,-4.502500476254042,2.3117386986061774
469,squeeze,BGGLBBBGLG,"((0,), (3, 3), (2, 6), (4,), (5,), (4,), (5,), (0, 0), (5,), (2, 1))",61.6994,234.16729,295.86669,3374.0480513984767,4124.761533647415,208.1767403424552,965.8842302304588,1174.060970572914,275.30477888164324,1069.3610969202148,-6.949721551404371,-8.91775438217728,9.790881111556915,-2.1150208936345294,7.468781036742037
470,squeeze,BBLLGGGGLL,"((2,), (7,), (3,), (3,), (2, 0), (1, 1), (2, 3), (1, 1), (0,), (0,))",32.0733,208.1882,240.2615,3584.0936609805144,4108.773787955525,114.95371121672636,855.3982191216425,970.3519303383688,210.33405604567744,838.1643336548583,-12.45619625046983,-13.622644790062479,15.771083470839164,-1.3324170182620219,14.22852985244737
471,squeeze,BBLLGGGGLL,"((2,), (5,), (1,), (4,), (3, 5), (4, 1), (2, 1), (2, 1), (5,), (5,))",32.1185,161.34859999999998,193.4671,3624.646541063396,4474.362152224636,116.41820992914468,721.9320691544318,838.3502790835765,177.9435170886753,749.0606669740134,-8.023887736635684,-10.650633075135135,11.920211011781875,-2.8558995089703556,8.723882255057799
472,squeeze,BBLLGGGGLL,"((3,), (7,), (4,), (2,), (3, 1), (3, 7), (4, 4), (1, 0), (1,), (0,))",26.4914,178.85590000000002,205.3473,3710.395754521107,4346.253524398164,98.29357809132046,777.3530857344057,875.6466638257261,185.9409093949685,769.4448084790234,-9.450521436138438,-12.128391477300177,13.802400662970756,-2.957355562542674,10.436859036657285
473,squeeze,BBLLGGGGLL,"((5,), (7,), (5,), (1,), (2, 6), (4, 6), (1, 1), (0, 6), (4,), (3,))",19.4898,170.00529999999998,189.4951,4166.671002469751,4546.570539237701,81.20758450393495,772.9410884942671,854.1486729982021,174.5845582167515,760.2836750396747,-7.868563241608096,-10.989304429759967,12.346049381321933,-3.387270727510513,8.540584537113896
474,squeeze,BBLLGGGGLL,"((4,), (4,), (4,), (1,), (4, 3), (0, 2), (3, 7), (2, 2), (4,), (4,))",22.6642,166.64610000000002,189.3103,3953.247710173812,4451.224712840618,89.59719675292132,741.779238618509,831.3764353714303,174.28968851257758,742.0391066338768,-7.934386817527852,-10.745713366008577,12.039436727643068,-3.0536119309917953,8.618187120311758
475,squeeze,BBLLGGGGLL,"((0,), (4,), (0,), (4,), (4, 4), (4, 5), (2, 0), (1, 1), (5,), (1,))",61.9073,241.8154,303.7227,3358.2709157759987,4007.481512536276,207.9014850642195,969.0707449465648,1176.9722300107842,264.61651756747614,1013.5554140758378,-12.875620568539606,-13.884509062159356,16.12312594511176,-1.1579864329632663,14.778435901134532
476,squeeze,BBLLGGGGLL,"((3,), (3,), (1,), (4,), (2, 2), (4, 4), (4, 6), (4, 7), (5,), (5,))",26.3232,149.1295,175.4527,3749.988242358346,4715.19941981584,98.71169050124722,703.1753318774264,801.8870223786736,154.31580964144024,691.6502126637122,-12.04705904130273,-13.747174681535684,15.938231160287325,-1.9329832768540718,13.697164540478555
477,squeeze,BBLLGGGGLL,"((2,), (7,), (5,), (1,), (4, 2), (2, 0), (0, 2), (0, 7), (2,), (4,))",32.022,201.457,233.479,3611.9287878622777,4224.306828636077,115.66118364492586,851.0161807765381,966.677364421464,214.11542901145427,863.4644029986061,-8.293495769874697,-10.677084746328843,11.953354540664765,-2.599149314941536,9.043519693067005
478,squeeze,BBLLGGGGLL,"((1,), (2,), (5,), (5,), (4, 6), (4, 4), (0, 1), (3, 2), (1,), (1,))",42.3455,205.1391,247.4846,3458.4819187192106,4215.874935851042,146.45114608912434,864.8407900530406,1011.2919361421648,214.41599027055028,860.3868844317324,-13.361885842371493,-14.922006822886264,17.539208749108486,-1.8007328479891551,15.42264160789674
479,squeeze,BBLLGGGGLL,"((1,), (4,), (4,), (0,), (2, 6), (2, 7), (3, 5), (4, 7), (5,), (2,))",42.2531,203.9555,246.2086,3463.06974220033,4197.217169956859,146.32543212416476,856.0455265071362,1002.3709586313008,215.91824923940015,864.3309671799341,-12.302718410567234,-13.771347849089231,15.970733051686448,-1.6746578820967395,14.028620029711014
480,squeeze,BLBLGGGBBG,"((3,), (5,), (5,), (4,), (4, 4), (0, 1), (3, 7), (6,), (5,), (0, 5))",25.16,189.1292,214.2892,3818.6797338321294,4491.626853011667,96.07798210321636,849.4977934086141,945.5757755118306,205.99254695788852,872.2953979496489,-3.871708439861399,-7.74981545212659,8.40086715285084,-4.034303480613743,4.027647196287927
481,squeeze,BLBLGGGBBG,"((7,), (3,), (7,), (1,), (0, 7), (2, 6), (4, 2), (7,), (1,), (4, 1))",16.7834,163.35299999999998,180.13639999999998,4800.840795870795,5075.84216125832,80.5744314134179,829.1540445680301,909.728475981448,168.2536687187788,828.9648449353266,-6.59651868318739,-8.877773223377524,9.742708818058786,-2.4423656463643115,7.0623905984969015
482,squeeze,BLBLGGGBBG,"((7,), (2,), (0,), (4,), (3, 2), (0, 4), (1, 7), (3,), (6,), (3, 6))",14.4554,172.5721,187.0275,5126.725883838386,4808.604509268217,74.1088733412374,829.8309782338857,903.9398515751232,179.06657980044687,839.8828763024217,-4.256550613975554,-7.0864200932265184,7.626893830091151,-2.9556794719619006,4.445787822844914
483,squeeze,BLBLGGGBBG,"((7,), (1,), (3,), (0,), (1, 2), (0, 5), (4, 1), (1,), (5,), (4, 0))",17.4937,196.251,213.7447,4708.348112720612,4613.3711996652455,82.36642937950057,905.378711305504,987.7451406850048,200.74453217811518,909.6756444272219,-6.082100665833967,-7.903809701725432,8.582124489761345,-1.9396824767233123,6.47597604817954
484,squeeze,BLBLGGGBBG,"((7,), (1,), (2,), (4,), (1, 4), (1, 3), (3, 3), (3,), (5,), (1, 3))",15.2652,171.85550000000003,187.12070000000003,4875.229595959595,4739.225416065154,74.4213548282424,814.4619534905852,888.8833083188276,177.05449612102117,820.2678642470411,-5.379524488193371,-7.7192859208438795,8.365004538459116,-2.472785536105826,5.685370380031679
485,squeeze,BLBLGGGBBG,"((6,), (5,), (6,), (5,), (2, 5), (4, 6), (4, 5), (5,), (7,), (2, 5))",16.1479,144.3554,160.5033,4627.475454545455,5198.400083299686,74.72401089245454,750.4171233847595,825.1411342772141,149.5827999476948,734.7054849515957,-6.803909983349369,-10.960021936712176,12.309102242727425,-4.459534678568873,7.300638881023619
486,squeeze,BLBLGGGBBG,"((2,), (2,), (6,), (1,), (3, 0), (2, 3), (4, 5), (2,), (0,), (4, 3))",30.0916,185.7212,215.8128,3741.7926226718746,4427.002377575471,112.596526884393,822.1881939661696,934.7847208505626,208.13969678803542,868.2135856879593,-3.555443982916948,-7.121547205224978,7.667598878892617,-3.697568187961147,3.6865159940050773
487,squeeze,BLBLGGGBBG,"((0,), (2,), (7,), (3,), (3, 4), (0, 1), (1, 1), (7,), (7,), (0, 5))",61.4946,247.03077,308.52537,3399.945334338252,4173.927249935835,209.07827835699703,1031.0884624756318,1240.1667408326289,298.2197186910331,1160.3153838345208,-3.340292990805554,-6.438759754555025,6.881866612353396,-3.2055412328683563,3.4557243076350512
488,squeeze,BLBLGGGBBG,"((4,), (5,), (1,), (2,), (0, 6), (2, 0), (3, 7), (7,), (7,), (3, 0))",24.2792,167.6492,191.9284,3917.492325265464,4713.150981811776,95.11357966358524,790.1559915799588,885.2695712435441,179.59948850309857,801.3353402787702,-6.423703577428583,-9.481205916393453,10.474295434864342,-3.2673897726811214,6.864669604384049
489,squeeze,BLBLGGGBBG,"((7,), (2,), (7,), (0,), (1, 6), (0, 2), (2, 1), (0,), (3,), (4, 1))",16.4735,208.134,224.6075,4836.339331224332,4518.204840255045,79.67143597292406,940.3920462216436,1020.0634821945677,212.88964626366783,949.53647676687,-5.2170358230834495,-6.913981988254851,7.427519337418093,-1.790349331135043,5.504191463505639
490,squeeze,BBGBBGLBBG,"((2,), (0,), (1, 1), (3,), (5,), (3, 0), (5,), (1,), (2,), (4, 3))",30.5927,188.01012,218.60282,3742.2786714893286,4427.537583018718,114.4864087132716,832.4218722878591,946.9082810011308,209.8260117207704,879.6902492950204,-4.014956567911435,-7.098684535216368,7.64110228116983,-3.2127171661767697,4.182898110320792
491,squeeze,BBGBBGLBBG,"((1,), (7,), (1, 3), (2,), (7,), (0, 1), (1,), (1,), (2,), (0, 4))",41.6942,252.10550000000003,293.79970000000003,3511.4869045745454,4072.657488088704,146.40863729671202,1026.739352363347,1173.147989660059,266.5415814153285,1043.573937367052,-9.277789795112634,-11.044987796514361,12.416374887621645,-1.9479221211770232,10.226591453360372
492,squeeze,BBGBBGLBBG,"((5,), (0,), (2, 1), (2,), (6,), (3, 7), (0,), (7,), (7,), (3, 3))",18.8819,172.88076999999998,191.76267,4279.153170163171,4768.086012468895,80.79854224370398,824.3103812618521,905.108923505556,178.7753581538961,812.8655265872741,-6.7725964840309745,-10.191413930714134,11.347928273641482,-3.6671808049417116,7.2645984212902475
493,squeeze,BBGBBGLBBG,"((5,), (4,), (3, 0), (1,), (4,), (1, 3), (3,), (1,), (5,), (1, 2))",19.0693,196.9233,215.9926,4202.173063603063,4404.826288412151,80.13249880176589,867.4129286408727,947.5454274426386,195.85585228771245,839.9209030836562,-9.322887780547832,-11.358244284862812,12.813649947733586,-2.2446198985573216,10.281412312717952
494,squeeze,BBGBBGLBBG,"((2,), (2,), (0, 3), (3,), (7,), (0, 4), (1,), (5,), (1,), (3, 6))",29.0179,201.4504,230.4683,3821.641425315741,4343.726463907571,110.89600871566964,875.0454336447658,985.9414423604354,211.15804851519923,880.7944502710702,-8.378701749785447,-10.664628503456912,11.937744618736588,-2.4949731092312932,9.144927991419094
495,squeeze,BBGBBGLBBG,"((4,), (7,), (0, 6), (1,), (1,), (1, 1), (4,), (7,), (3,), (0, 2))",21.9948,211.8919,233.8867,3951.801703296703,4412.141776381265,86.91908810367033,934.8971040668014,1021.8161921704716,214.81362009979594,912.6633330351793,-8.154837320892574,-10.682240110468133,11.959816416891687,-2.751808278031908,8.878896920662319
496,squeeze,BBGBBGLBBG,"((1,), (6,), (4, 0), (1,), (6,), (1, 3), (0,), (4,), (3,), (1, 2))",41.9718,231.22910000000005,273.20090000000005,3491.370322203976,4165.576595861439,146.53909688948085,963.2025272421046,1109.7416241315857,245.77105399816296,978.0973989832407,-10.040174099659659,-11.862601373663125,13.45921431599684,-2.025823478162782,11.160730914244331
497,squeeze,BBGBBGLBBG,"((7,), (6,), (4, 1), (4,), (4,), (0, 1), (0,), (7,), (5,), (2, 5))",14.6276,171.6115,186.2391,4992.535277777776,4991.085706954248,73.02880902922219,856.527704798979,929.5565138282012,167.3623347169328,819.3301729835774,-10.135769171493642,-11.857949377459326,13.453226120458433,-1.9164245774853745,11.278980611135907
498,squeeze,BBGBBGLBBG,"((7,), (7,), (0, 0), (0,), (3,), (0, 6), (3,), (1,), (6,), (4, 2))",16.0943,210.7935,226.88780000000003,4866.24515928516,4616.042756170037,78.31880946708317,973.0318087227288,1051.350618189812,205.66175230340704,937.9809264560868,-9.355305880965387,-10.783242980245939,12.08656685185088,-1.5753123921466223,10.320853274301957
499,squeeze,BBGBBGLBBG,"((7,), (0,), (3, 3), (0,), (5,), (2, 2), (1,), (1,), (7,), (1, 1))",16.4687,220.52700000000004,236.99570000000003,4716.229072545103,4443.949259531226,77.67016172702353,980.0107983566428,1057.6809600836664,214.38966817383638,939.561481072955,-9.538583116134022,-11.167779648918682,12.571766871053732,-1.80098498222311,10.54436625548285
500,squeeze,LGGBGLGLGB,"((2,), (3, 6), (2, 6), (3,), (4, 2), (3,), (3, 4), (1,), (3, 1), (5,))",62.1375,167.34582,229.48332,3318.296451053127,4360.057965035654,206.1906457273137,729.6374754064228,935.8281211337364,216.4352021981771,852.0182346217448,-5.685867627251899,-8.955692249390593,9.836630614977294,-3.4669508586642115,6.028648606743514
501,squeeze,LGGBGLGLGB,"((4,), (1, 0), (1, 5), (7,), (3, 7), (5,), (4, 4), (2,), (1, 5), (1,))",42.6139,172.92516,215.53906,3441.5794823307965,4538.449540095676,146.65912390209633,784.8121128729712,931.4712367750676,203.13604150691756,843.6842008482749,-5.754418012717713,-9.424556815165678,10.405200884232267,-3.894229018547765,6.10576951341257
502,squeeze,LGGBGLGLGB,"((1,), (3, 3), (4, 5), (2,), (2, 4), (1,), (3, 5), (1,), (1, 4), (4,))",83.2003,185.02257,268.22287,3250.5521228653843,4212.216824041653,270.4469117880368,779.3551821814244,1049.802093969461,260.3146933167301,980.794423638961,-2.9483603256015845,-6.573398045870877,7.035895460586588,-3.7351638080830347,3.0379294316851615
503,squeeze,LGGBGLGLGB,"((2,), (4, 1), (3, 7), (6,), (3, 7), (3,), (0, 0), (3,), (2, 6), (3,))",62.2018,173.04025,235.24205,3300.737837823237,4437.445567074018,205.31183484071343,767.8566902878798,973.1685251285932,218.54784294338683,874.0488600688824,-7.096608389789657,-10.185251834630927,11.340288808556922,-3.3245755524191525,7.638696786834756
504,squeeze,LGGBGLGLGB,"((4,), (4, 2), (1, 3), (7,), (4, 4), (5,), (4, 0), (3,), (0, 4), (2,))",43.1984,160.26634,203.46474,3433.5698380699773,4676.127312918263,148.3247232928821,749.4258098154447,897.7505331083269,191.68618231599743,811.203374342804,-5.788992079906611,-9.64044637944868,10.668984067730111,-4.088114950228265,6.144708784791506
505,squeeze,LGGBGLGLGB,"((1,), (1, 4), (4, 6), (2,), (3, 1), (3,), (0, 6), (0,), (4, 6), (0,))",82.6401,224.4913,307.1314,3228.8665526849045,4074.9488555300977,266.8338548005358,914.7905660114636,1181.6244208119997,306.266144131914,1128.4410121457497,-0.2817217217405863,-4.500872504793267,4.7129985611849445,-4.231070628074146,0.28251763528694357
506,squeeze,LGGBGLGLGB,"((3,), (2, 6), (0, 5), (6,), (1, 0), (3,), (0, 3), (2,), (4, 5), (2,))",50.8231,186.67924,237.50234,3365.443800896535,4324.4877234509495,171.04228683734468,807.2920816031534,978.334368440498,220.6765080356896,881.0045569753721,-7.084491026198056,-9.948522162241249,11.047594554933362,-3.082403753339744,7.624659332378599
507,squeeze,LGGBGLGLGB,"((2,), (1, 1), (4, 1), (7,), (2, 3), (4,), (3, 3), (4,), (1, 2), (7,))",62.2328,157.97217,220.20497,3352.040027358208,4646.27053243531,208.60683661457787,733.9814384158614,942.5882750304391,207.11371308925382,855.4990348601665,-5.94503244442947,-9.239372319527343,10.179934356618833,-3.502568722009806,6.320806437912993
508,squeeze,LGGBGLGLGB,"((2,), (2, 6), (1, 6), (7,), (3, 7), (1,), (3, 2), (0,), (4, 5), (7,))",62.1282,172.51826,234.64646,3345.021360270812,4526.905590118921,207.82015607517704,780.9738755915895,988.7940316667664,221.50817863451303,901.0468246368218,-5.599181579592959,-8.874164307204905,9.738362605662845,-3.4692312867744954,5.931284996553113
509,squeeze,LGGBGLGLGB,"((1,), (2, 3), (3, 6), (4,), (3, 5), (0,), (2, 4), (4,), (0, 3), (0,))",82.6579,223.18077,305.83867,3224.544085497837,4029.126717003835,266.53404256467167,899.223603128488,1165.7576456931597,288.5882761736489,1073.665633784725,-5.640357325105769,-7.899756201356649,8.57734559164437,-2.39445467596289,5.9775102630888535
510,squeeze,GBGLLGLBLG,"((0, 2), (6,), (4, 2), (5,), (4,), (4, 2), (4,), (5,), (4,), (1, 2))",26.3657,194.03496,220.40066,3629.3892032163735,4412.357772180496,95.69138691524194,856.1516638307316,951.8430507459736,213.33209287073004,885.2321997673017,-3.2071442659336644,-6.998091852061954,7.524675559269268,-3.916557226644632,3.313410108226524
511,squeeze,GBGLLGLBLG,"((0, 7), (2,), (1, 0), (2,), (5,), (1, 4), (1,), (0,), (2,), (3, 6))",12.567,242.3541,254.9211,5059.778452380952,4102.557017575651,63.58623581107143,994.271513693231,1057.8577495043023,233.44343458581523,959.6308836566737,-8.425220750335995,-9.285451271085961,10.235900857352059,-0.9393749324851456,9.200372438098887
512,squeeze,GBGLLGLBLG,"((2, 7), (2,), (4, 6), (4,), (4,), (2, 7), (5,), (0,), (3,), (2, 6))",12.448,188.42754,200.87554000000003,5041.429365079365,4424.016957182459,62.755712736507945,833.6066321601761,896.362344896684,186.39848023426964,813.7826377961537,-7.206979887013812,-9.212759501856201,10.147636883009529,-2.16156302747785,7.7667262885058514
513,squeeze,GBGLLGLBLG,"((3, 0), (5,), (1, 3), (5,), (2,), (3, 1), (3,), (5,), (0,), (2, 4))",48.0528,168.39049999999995,216.4433,3535.2862505894013,4549.706432579708,169.88040314232236,766.1273410353131,936.0077441776356,202.16459001687244,850.7801845484397,-6.596974811938072,-9.105433171824417,10.017576946086415,-2.685628602323854,7.062913432038657
514,squeeze,GBGLLGLBLG,"((3, 1), (7,), (0, 0), (2,), (2,), (4, 1), (1,), (1,), (2,), (4, 1))",35.2521,192.2634,227.5155,3622.587996111259,4371.815316883395,127.70383429771373,840.5400769960789,968.2439112937926,207.33547118360698,868.3646128473473,-8.869738025054565,-10.315510098378414,11.502000077933092,-1.5864895392502514,9.73303251064189
515,squeeze,GBGLLGLBLG,"((1, 0), (4,), (0, 4), (5,), (4,), (4, 3), (5,), (3,), (1,), (3, 3))",48.7027,183.83719,232.53989,3447.5553914363463,4429.111046245031,167.90525596250694,814.2353289396465,982.1405849021536,225.71760566512242,919.6042870920206,-2.9338124890648194,-6.367346871869996,6.800348659518068,-3.5373124986683555,3.0224865777635532
516,squeeze,GBGLLGLBLG,"((3, 3), (0,), (3, 5), (3,), (5,), (0, 7), (3,), (7,), (2,), (2, 4))",21.0597,173.30482000000003,194.36452000000003,3951.475178571429,4571.683890715866,83.21688181816072,792.294853777413,875.5117355955737,186.4228821078941,809.8662863142538,-4.085950404994654,-7.497951953398324,8.105714534688916,-3.5573532374149237,4.260012398858647
517,squeeze,GBGLLGLBLG,"((0, 4), (7,), (3, 3), (4,), (4,), (3, 4), (5,), (4,), (1,), (2, 3))",18.1776,192.67788,210.85548,3994.439414474415,4381.108882255894,72.60932190055013,844.1427714822353,916.7520933827856,202.04494502391842,849.2574361788326,-4.1784709489559315,-7.3623673936647265,7.947490870099412,-3.32273600331794,4.36068072628028
518,squeeze,GBGLLGLBLG,"((3, 6), (6,), (4, 5), (0,), (1,), (1, 1), (3,), (6,), (3,), (0, 2))",15.3969,203.59234000000004,218.98924,4417.663080808081,4338.194794537819,68.01831668889395,883.2232295957739,951.2415462846678,204.10793160483522,864.7648120508333,-6.79545186565549,-9.090933272583914,10.00002925983433,-2.4628426969247537,7.290901572593391
519,squeeze,GBGLLGLBLG,"((4, 3), (1,), (1, 2), (2,), (4,), (1, 0), (4,), (0,), (5,), (2, 4))",20.9557,195.08067000000003,216.03637000000003,4066.32698967699,4361.3347396114295,85.21272849757409,850.8121030976732,936.0248315952472,198.0048645971523,843.130405611707,-8.346513785085227,-9.924354872639666,11.017800492694072,-1.7215287194363929,9.106597173525737
520,squeeze,LLLBGGLLBB,"((1,), (4,), (5,), (0,), (3, 6), (2, 2), (5,), (5,), (1,), (0,))",82.7073,217.7902,300.4975,3222.540530867168,4009.128793936557,266.5276264485901,873.1489618572016,1139.6765883057917,286.7642065000408,1064.408915225828,-4.570185608851717,-6.60430106683637,7.071311786597979,-2.1315303513503734,4.789054278277664
521,squeeze,LLLBGGLLBB,"((3,), (4,), (4,), (3,), (1, 5), (1, 2), (5,), (2,), (6,), (7,))",50.8037,152.60670000000002,203.4104,3438.634729945959,4515.899893216289,174.6953672297555,689.1565802340903,863.8519474638458,184.3036475231079,759.299374552814,-9.39320333517465,-12.103066181419655,13.769611356865358,-2.9907942295646794,10.366996385406045
522,squeeze,LLLBGGLLBB,"((3,), (4,), (2,), (2,), (3, 4), (0, 3), (2,), (1,), (4,), (2,))",50.8902,191.5777,242.4679,3358.690529965488,4087.2280043570713,170.9244328080497,783.0217404503176,953.9461732583673,213.13714763249737,828.0146535020565,-12.09675687689076,-13.201113782570143,15.208851585378136,-1.2563323791509335,13.761445479263102
523,squeeze,LLLBGGLLBB,"((5,), (4,), (3,), (5,), (2, 5), (4, 4), (1,), (0,), (2,), (0,))",36.4225,202.9116,239.3341,3553.586054112554,4180.268144462811,129.4304880559145,848.2248976219801,977.6553856778946,206.75688813033963,838.6102546372758,-13.611604810873324,-14.222305024608088,16.58042341740265,-0.7069239015237878,15.756288539767395
524,squeeze,LLLBGGLLBB,"((2,), (2,), (3,), (2,), (3, 2), (0, 3), (3,), (3,), (2,), (3,))",62.1732,176.92189999999997,239.0951,3292.808415471221,4144.255528764522,204.72443617677533,733.2095622345237,937.933998411299,220.89653661309893,849.6153946023436,-7.611433018452102,-9.416291973481297,10.395127533004764,-1.9535522781619432,8.238501004103979
525,squeeze,LLLBGGLLBB,"((4,), (4,), (3,), (2,), (3, 0), (0, 5), (3,), (2,), (4,), (6,))",43.1511,161.574,204.7251,3480.933173045346,4370.337381210791,150.20609544339703,706.1328920317524,856.3389874751495,186.2238444025277,761.8248658102206,-9.037121289706194,-11.036998553995144,12.406279435944976,-2.1985641754570366,9.934955245302174
526,squeeze,LLLBGGLLBB,"((5,), (5,), (1,), (3,), (2, 4), (4, 1), (2,), (2,), (7,), (7,))",37.0165,144.6094,181.6259,3672.019350815851,4701.345419177345,135.92530429947496,679.8587402599844,815.7840445594594,164.41769293403908,718.0558033127332,-9.474533679371124,-11.979670587882296,13.610117876056323,-2.7673283666259305,10.466152856715063
527,squeeze,LLLBGGLLBB,"((5,), (0,), (2,), (1,), (3, 6), (2, 2), (3,), (2,), (1,), (1,))",36.415,186.1412,222.5562,3564.515691475192,4180.202859384165,129.80183890506913,778.1079764891998,907.9098153942688,202.05073965259655,813.2163965953936,-9.21361002182974,-10.429826530485702,11.644307615453652,-1.3396462938425164,10.148668786197101
528,squeeze,LLLBGGLLBB,"((0,), (1,), (5,), (4,), (2, 3), (0, 3), (2,), (2,), (4,), (0,))",121.593,233.34189999999995,354.9349,3187.3675870972274,3896.484309036528,387.5615870179132,909.2130519907704,1296.7746390086836,341.3115215522115,1224.4712083622665,-3.838275257741215,-5.575635771354176,5.904869804421392,-1.8067068974371954,3.991479216943022
529,squeeze,LLLBGGLLBB,"((2,), (1,), (4,), (3,), (3, 3), (2, 3), (2,), (4,), (6,), (1,))",61.6283,175.1539,236.7822,3274.969028261712,4185.103509541887,201.83077376442128,733.0372015999488,934.86797536437,220.489056626408,847.808988576967,-6.881067653561792,-9.312436523828008,10.26870296970195,-2.6110360256500607,7.389547410145964
530,squeeze,BBBLBGBGLG,"((7,), (4,), (5,), (2,), (3,), (2, 3), (3,), (3, 1), (5,), (1, 3))",15.2101,164.62549,179.83559,4825.63881895882,4802.917622591781,73.39844900024555,790.682667048807,864.0811160490526,166.4900865618315,784.5554521018823,-7.420946787100648,-9.20349518929375,10.136398100875503,-1.925433821508064,8.015794642050484
531,squeeze,BBBLBGBGLG,"((6,), (7,), (5,), (0,), (2,), (4, 1), (0,), (3, 7), (2,), (0, 5))",16.2327,215.1366,231.3693,4551.834368686868,4402.420793603969,73.88856175658334,947.1218413052596,1021.010403061843,210.03235694317482,909.3287077204367,-9.222028616944941,-10.938350383746455,12.281773839668729,-1.8906809005008238,10.158883786938596
532,squeeze,BBBLBGBGLG,"((6,), (7,), (3,), (1,), (4,), (4, 2), (5,), (2, 7), (5,), (2, 4))",16.4364,163.6172,180.0536,4542.166666666666,4787.457141936683,74.65686819999998,783.3103326836826,857.9672008836826,164.05480938306232,760.8571854589259,-8.885571083798196,-11.31861629730555,12.763238263457154,-2.670318238777551,9.752100945471856
533,squeeze,BBBLBGBGLG,"((5,), (2,), (3,), (1,), (4,), (0, 0), (0,), (4, 4), (4,), (0, 4))",18.464,226.61742,245.08142,4256.419731934732,4224.565885292741,78.59053393044289,957.3602215450568,1035.9507554754998,213.91697109700473,897.2889442736004,-12.715957375714272,-13.38498094325477,15.453417997270988,-0.7664901251426945,14.568478949182175
534,squeeze,BBBLBGBGLG,"((1,), (7,), (5,), (1,), (7,), (1, 1), (6,), (4, 1), (0,), (2, 1))",42.2986,211.97983,254.27843,3468.2034185367647,4291.227186097492,146.70014911931918,909.6536094003249,1056.353758519644,226.1880346397496,918.8295930191724,-11.047101148237543,-13.018760466493314,14.967320006377088,-2.2165205897803024,12.419045686917114
535,squeeze,BBBLBGBGLG,"((7,), (0,), (0,), (1,), (5,), (0, 6), (1,), (3, 7), (1,), (4, 3))",15.5078,197.89799,213.40579,4914.924671717173,4604.6830558497495,76.21966882405556,911.2575213397232,987.4771901637788,191.82965390125582,882.1115279702587,-10.110379900537925,-10.670186941335277,11.94470980738307,-0.6227716172100077,11.247549927734584
536,squeeze,BBBLBGBGLG,"((2,), (4,), (3,), (4,), (0,), (4, 4), (4,), (1, 1), (5,), (2, 1))",31.6861,186.71157,218.39767,3610.518320199378,4370.873536703259,114.40324454566952,816.092660309318,930.4959048549875,200.58296115313453,833.4719520190313,-8.157004993169329,-10.42712303511716,11.640937958490653,-2.4717378192849595,8.881466673166162
537,squeeze,BBBLBGBGLG,"((6,), (4,), (3,), (2,), (6,), (1, 7), (1,), (0, 1), (0,), (0, 0))",17.9991,228.58042000000003,246.57952000000003,4357.148072205572,4262.576529899041,78.4247438664353,974.3415334864654,1052.7662773529007,217.01887166054232,919.2727523154975,-11.988282051752599,-12.680262267999533,14.521644930860283,-0.7862364607560841,13.62123400295622
538,squeeze,BBBLBGBGLG,"((7,), (0,), (6,), (4,), (5,), (3, 0), (0,), (2, 7), (1,), (0, 7))",14.2464,207.96492,222.21132,5057.561388888888,4570.179530853401,72.05204257066666,950.4370205195652,1022.4890630902318,200.64510704156174,910.6029753860284,-9.705271971940158,-10.942521709332912,12.287032958218916,-1.370234746161763,10.74843701719127
539,squeeze,BBBLBGBGLG,"((7,), (0,), (5,), (3,), (0,), (3, 4), (6,), (2, 3), (3,), (3, 0))",17.4556,168.24903999999998,185.70464,4663.258131476367,4841.499089912156,81.39996863979889,814.5775740385938,895.9775426783926,170.98986462202382,807.6596192751646,-7.9237521356365646,-9.857158153675892,10.935042596593975,-2.0997880157838305,8.605641866846003
540,squeeze,GBBGLBGGGG,"((0, 1), (4,), (5,), (1, 7), (1,), (0,), (1, 3), (2, 4), (0, 5), (0, 4))",33.4,248.6674,282.0674,3534.992784272576,4051.321756799976,118.06875899470404,1007.4316478268825,1125.5004068215865,273.6265446201417,1061.2758610517255,-2.992495899865885,-5.706310311449026,6.051635406671201,-2.797530393918665,3.0848086729217834
541,squeeze,GBBGLBGGGG,"((2, 1), (7,), (6,), (2, 5), (5,), (7,), (4, 0), (0, 7), (1, 2), (1, 1))",34.6861,179.37851999999998,214.06462,3511.534095351106,4554.772061213433,121.801422784758,817.0282712778148,938.8296940625728,210.93949692323778,876.6032507672185,-1.459897052003366,-6.6280864025597115,7.098586873924165,-5.244757409360314,1.481525803533815
542,squeeze,GBBGLBGGGG,"((0, 1), (4,), (5,), (3, 7), (4,), (6,), (1, 3), (3, 1), (3, 0), (2, 0))",35.7175,185.79282,221.51032,3478.22278709857,4382.695237422901,124.23342239819316,814.2733073613704,938.5067297595637,216.07673746177787,880.5469573370113,-2.4529703799904854,-6.175743932853954,6.5822466297353195,-3.816388430652771,2.5146541002283094
543,squeeze,GBBGLBGGGG,"((0, 5), (0,), (6,), (1, 1), (5,), (1,), (0, 5), (2, 1), (2, 1), (2, 6))",13.2702,230.62637,243.89657,4444.122572150071,4137.668957838062,58.97439535694589,954.2555720078752,1013.2299673648212,231.64867554564972,938.6341924982787,-5.0217575648358945,-7.362176136632532,7.94726800522764,-2.464162856450308,5.287271522489941
544,squeeze,GBBGLBGGGG,"((3, 3), (3,), (4,), (1, 0), (1,), (3,), (4, 3), (1, 6), (2, 0), (1, 6))",16.3926,178.04739999999998,194.44,4197.037104284603,4434.827114445709,68.80035043569579,789.6094371765608,858.4097876122567,186.97958928843545,793.7128800175084,-3.836870351555518,-7.536832469572427,8.151172700299528,-3.8475891243799145,3.9899599415934572
545,squeeze,GBBGLBGGGG,"((0, 6), (7,), (4,), (2, 2), (2,), (5,), (2, 0), (2, 0), (4, 2), (4, 4))",13.462,185.4494,198.9114,4570.037611832612,4495.105106642633,61.52184633049063,833.6145449638122,895.1363912943028,191.53888516102597,829.0818204934627,-3.7064315262845735,-7.379274426026849,7.9671956576643925,-3.8142141349188976,3.849095619814205
546,squeeze,GBBGLBGGGG,"((2, 2), (7,), (5,), (0, 5), (0,), (7,), (2, 3), (3, 1), (2, 1), (0, 1))",26.6587,208.5435,235.2022,3645.455664812485,4260.07856690885,97.18310893153658,888.4116946181557,985.5948035496924,225.35292029780962,911.7319277484935,-4.187579751460823,-7.494243631883643,8.101380850356092,-3.4511850048723174,4.370602204388709
547,squeeze,GBBGLBGGGG,"((1, 4), (5,), (1,), (4, 3), (5,), (7,), (1, 6), (4, 6), (3, 6), (1, 3))",17.5717,165.58666,183.15836,3988.857037684537,4680.089151732092,70.09099920908137,774.9603311375504,845.0513303466317,180.26541659715693,785.8650869761391,-1.5794765812726534,-7.003863699760706,7.53134912739668,-5.511439006893057,1.604824406950991
548,squeeze,GBBGLBGGGG,"((0, 7), (5,), (3,), (0, 1), (3,), (7,), (1, 2), (1, 6), (2, 2), (2, 2))",12.9981,224.17183000000003,237.16993,4767.080284992785,4248.787223311155,61.96298625236472,952.4584071302804,1014.4213933826452,226.26656875378438,939.3509441345059,-4.597278097697971,-7.4003219705188465,7.99173617878324,-2.938117295742737,4.818812300141537
549,squeeze,GBBGLBGGGG,"((4, 2), (2,), (0,), (0, 6), (5,), (0,), (2, 4), (4, 5), (1, 0), (4, 1))",26.1733,133.70906,159.88236,3893.347226911374,4595.415787516148,101.90174497411948,614.4487252579438,716.3504702320632,203.81792421994223,886.7770587973034,27.479932257656333,23.790950888889647,-19.218651054909135,-2.8937741834618205,-21.556280875734384
550,squeeze,LGBLLGGLLL,"((1,), (4, 2), (0,), (1,), (4,), (1, 0), (4, 7), (0,), (3,), (4,))",79.1292,220.5371,299.6663,3229.6395139847536,3999.511026494548,255.5587910300024,882.0405632011308,1137.599354231133,271.5207575726443,1008.3778095186159,-9.392294838410486,-11.359143641555058,12.814794563379516,-2.1707301819827585,10.365889768050414
551,squeeze,LGBLLGGLLL,"((5,), (2, 4), (7,), (2,), (5,), (1, 3), (1, 7), (2,), (2,), (1,))",34.7863,179.18428,213.97058,3540.6047459858987,4323.702629487628,123.16453887528928,774.7395425988473,897.9040814741365,185.2937170832767,767.0740992482829,-13.40224572776468,-14.57059667342899,17.055716306164488,-1.3491700281180274,15.476435665562828
552,squeeze,LGBLLGGLLL,"((5,), (3, 2), (0,), (1,), (4,), (4, 5), (2, 4), (5,), (4,), (4,))",34.5168,171.7894,206.3062,3569.133673554517,4419.403655113553,123.19507318334657,759.2067022697643,882.4017754531109,175.2243250373647,743.3648659299897,-15.065894753834488,-15.756644353047237,18.703723554270816,-0.8132770660393017,17.738333394069233
553,squeeze,LGBLLGGLLL,"((5,), (1, 1), (4,), (1,), (2,), (4, 5), (1, 2), (1,), (3,), (3,))",33.9479,184.4277,218.3756,3568.1092035222523,4249.943676425658,121.12981443025306,783.8073373727283,904.9371518029814,186.16195780218627,764.2032549729757,-14.751484230753677,-15.551786833992814,18.415767783530615,-0.9387877267041546,17.304095089096354
554,squeeze,LGBLLGGLLL,"((2,), (3, 0), (3,), (0,), (2,), (1, 7), (1, 3), (0,), (3,), (5,))",57.2036,224.99420000000003,282.19780000000003,3288.8293150828963,3986.495047597401,188.132876608276,896.9382640381392,1085.0711406464152,242.7578445918892,924.9726617989257,-13.975996768263542,-14.754652745820254,17.308455207327235,-0.9051612902263041,16.246624480628036
555,squeeze,LGBLLGGLLL,"((5,), (2, 2), (2,), (5,), (4,), (0, 6), (1, 4), (3,), (2,), (2,))",34.3508,173.6679,208.0187,3557.522429680922,4379.576782444299,122.20374147748342,760.5919026958583,882.7956441733417,180.5269169203437,759.7675986385777,-13.216015233080633,-13.936186290312811,16.19285236106633,-0.8298432702374412,15.228633795251096
556,squeeze,LGBLLGGLLL,"((4,), (2, 6), (0,), (0,), (3,), (3, 6), (0, 3), (5,), (2,), (0,))",41.4779,221.3283,262.8062,3403.5917502149427,4046.687222784704,141.17383825624034,895.6464036506599,1036.8202419069005,224.2487282927147,879.8420224176476,-14.671446757072431,-15.140350578084918,17.84163696317947,-0.5495274479546567,17.194064822947727
557,squeeze,LGBLLGGLLL,"((2,), (2, 5), (3,), (5,), (2,), (4, 3), (3, 1), (5,), (5,), (0,))",60.8184,170.37729999999996,231.1957,3273.0775918466206,4357.019594844182,199.0633422119645,742.3372346166456,941.40057682861,209.0281987280551,829.3009744025214,-9.588197908501284,-11.90774736974665,13.517360510380671,-2.565538356262312,10.605029085470283
558,squeeze,LGBLLGGLLL,"((5,), (0, 4), (2,), (5,), (0,), (2, 7), (0, 2), (2,), (2,), (0,))",35.797,201.9732,237.7702,3534.407475770605,4190.953992164853,126.52118441016032,846.4603888503102,972.9815732604706,207.78017686368284,844.846825234927,-12.613028519266566,-13.169288252413947,15.166624789045416,-0.6365476726356386,14.433534319297715
559,squeeze,LGBLLGGLLL,"((0,), (4, 4), (3,), (5,), (4,), (3, 6), (1, 5), (2,), (1,), (4,))",118.504,199.6684,318.1724,3185.97020312757,4142.601610871496,377.5502129514296,827.1466354801341,1204.6968484315637,301.9558320707518,1112.005515139838,-5.096786499786966,-7.694162511706051,8.335510213730318,-2.7368683484182124,5.370509924593362
560,squeeze,BGLGBGGLBB,"((3,), (1, 7), (4,), (4, 7), (4,), (4, 6), (4, 1), (3,), (7,), (4,))",21.0902,157.99718999999996,179.08738999999997,3827.929906702775,4780.521825085325,80.73180731834286,755.3090150971527,836.0408224154955,166.51374409886944,740.3436738557076,-7.0209554682384585,-11.44646840130354,12.92604393597335,-4.759688546329727,7.551115956929519
561,squeeze,BGLGBGGLBB,"((6,), (4, 4), (5,), (4, 0), (3,), (1, 2), (3, 7), (5,), (7,), (0,))",18.0042,174.87848,192.88268,4316.594336219336,4739.001925354224,77.71682774816017,828.7494534230202,906.4662811711804,184.19024319868976,825.0365235208449,-4.5065927128917105,-8.983208679877862,9.86983670769313,-4.687879607779474,4.719271037572566
562,squeeze,BGLGBGGLBB,"((6,), (3, 5), (5,), (3, 6), (1,), (2, 5), (1, 7), (3,), (4,), (2,))",16.2305,166.43279999999996,182.6633,4372.502554528805,4699.608423907421,70.96790271127978,782.1689888944987,853.1368916057785,169.06807659330218,766.1469125539757,-7.442777726394855,-10.196485453591142,11.35421648595031,-2.975140847524735,8.04127170583568
563,squeeze,BGLGBGGLBB,"((1,), (4, 0), (0,), (2, 5), (4,), (1, 0), (3, 2), (4,), (7,), (3,))",37.7998,205.36422,243.16402,3504.4636575430463,4214.960741643594,132.46802536239562,865.6021250382581,998.0701504006538,227.9098664789743,905.7170927374478,-6.273195154869417,-9.25316297918867,10.196678234709806,-3.1794189818411116,6.693064129557089
564,squeeze,BGLGBGGLBB,"((1,), (3, 3), (5,), (0, 1), (6,), (1, 7), (4, 3), (2,), (3,), (0,))",41.5044,247.62423000000004,289.12863000000004,3462.091229407884,4023.908999224921,143.69201922183657,996.4173675231418,1140.1093867449783,271.18821458760897,1042.857899677775,-6.204994438769718,-8.530013716039742,9.325478293567341,-2.478830576700831,6.615484909501968
565,squeeze,BGLGBGGLBB,"((7,), (3, 4), (1,), (0, 3), (5,), (1, 5), (3, 1), (1,), (1,), (6,))",11.1874,193.73894,204.92634,5049.191587301588,4563.491854461165,56.48732596377778,884.1260745819404,940.6134005457182,189.1471969485798,855.897099921334,-7.699909660915341,-9.006495184443907,9.89795392836013,-1.415584230447173,8.342255822966186
566,squeeze,BGLGBGGLBB,"((7,), (3, 6), (3,), (4, 0), (0,), (4, 0), (3, 7), (2,), (6,), (0,))",17.136,184.914,202.05,4602.95979048729,4687.585392797441,78.8763189697902,866.800165323746,945.6764842935362,188.7486880995434,858.4835707618306,-6.583178371916172,-9.220163024022185,10.156619940242924,-2.8228156408537575,7.047101643133923
567,squeeze,BGLGBGGLBB,"((5,), (4, 7), (4,), (2, 1), (4,), (4, 5), (0, 7), (0,), (4,), (6,))",13.8698,187.66218,201.53198,4471.311511266512,4527.288475170903,62.01619639896427,849.6008247394477,911.617021138412,181.86172969058504,798.3366978890701,-9.76036175966463,-12.42630629119664,14.189542275693098,-2.954294347270989,10.816047083067698
568,squeeze,BGLGBGGLBB,"((5,), (3, 7), (4,), (3, 1), (5,), (3, 6), (0, 5), (4,), (0,), (1,))",19.6582,182.67007,202.32827,4103.442891625919,4464.879232289786,80.66630105216065,815.5998019039215,896.2661029560821,187.74073415590988,809.7644396066272,-7.209835701204842,-9.65133714910711,10.6823242808089,-2.6312071611818095,7.770043038169795
569,squeeze,BGLGBGGLBB,"((7,), (4, 1), (4,), (4, 4), (6,), (0, 7), (4, 1), (2,), (0,), (0,))",17.2387,190.35539000000003,207.59409,4648.969047896549,4660.371356862952,80.14218272597424,887.1268071804765,967.2689899064508,194.31957086638826,880.7001768506912,-6.394459078103685,-8.949817885108889,9.829544188956826,-2.7299225898789303,6.831282651781455
570,squeeze,GLBGGGLGGL,"((3, 4), (2,), (6,), (4, 3), (1, 3), (0, 5), (3,), (1, 7), (2, 1), (3,))",20.4451,158.5179,178.963,3984.7279209241033,4552.146268867051,81.46816081608537,721.5966670336403,803.0648278497257,168.64262733090987,731.0944409256903,-5.766763336047183,-8.961964766498648,9.84419835458038,-3.390737221354229,6.1196702354734684
571,squeeze,GLBGGGLGGL,"((3, 1), (0,), (7,), (3, 5), (1, 3), (4, 2), (0,), (3, 0), (2, 4), (2,))",36.9455,164.52029999999996,201.4658,3582.2305874813173,4445.050918519092,132.347300169791,731.3011106300364,863.6484107998274,187.42137720181285,778.5928739977829,-6.971120060172574,-9.848398461507534,10.92426345559986,-3.0928872874703295,7.493501012461524
572,squeeze,GLBGGGLGGL,"((4, 2), (0,), (6,), (1, 6), (3, 3), (4, 5), (5,), (2, 0), (0, 0), (2,))",28.4873,166.28249999999997,194.7698,3825.0423794726194,4530.955248270434,108.96512977675036,753.4185660705282,862.3836958472785,182.34555098288376,784.3208285215799,-6.3789401730228406,-9.051987845039571,9.952925446700782,-2.855177752694565,6.813573980909735
573,squeeze,GLBGGGLGGL,"((1, 7), (0,), (5,), (1, 4), (0, 0), (0, 5), (0,), (1, 0), (2, 5), (0,))",14.7588,239.5969,254.3557,4703.629505494506,4006.569776139937,69.41992714569231,959.9616979968227,1029.381625142515,228.1633202429546,916.4406039029409,-10.297539924226355,-10.971734727044288,12.323877920574501,-0.7515900926779759,11.479662782411767
574,squeeze,GLBGGGLGGL,"((3, 0), (4,), (0,), (3, 0), (2, 3), (3, 3), (1,), (0, 2), (4, 6), (3,))",53.2352,174.3663,227.6015,3480.33474425174,4308.483868581273,185.2763161771902,751.2543907742028,936.530706951393,213.75116877765913,854.3280160645525,-6.085342681107487,-8.777362053020962,9.621912115852847,-2.866452850669069,6.479651691050059
575,squeeze,GLBGGGLGGL,"((3, 2), (4,), (5,), (0, 0), (2, 7), (1, 0), (1,), (2, 6), (0, 1), (0,))",28.5469,206.16030000000003,234.70720000000003,3670.766143913708,4122.780611553247,104.78899403369024,849.9536877120009,954.7426817456912,215.82962313836404,863.4713101226779,-8.043032706979583,-9.559787507994193,10.57028421824993,-1.6494180328734318,8.746518011354706
576,squeeze,GLBGGGLGGL,"((4, 7), (1,), (1,), (4, 4), (2, 2), (0, 2), (0,), (3, 6), (1, 6), (3,))",15.1037,164.42829999999998,179.53199999999998,4820.576863969364,4600.382154979251,72.80854678033408,756.4330170935747,829.2415638739087,163.74909524384222,744.2176951539175,-8.791137377268546,-10.253208766187658,11.424596495573349,-1.6029926773308374,9.638468373003898
577,squeeze,GLBGGGLGGL,"((2, 2), (5,), (0,), (2, 4), (3, 1), (3, 6), (4,), (1, 2), (4, 7), (1,))",27.7128,174.4807,202.1935,3628.402228426458,4287.342177081402,100.55318527593674,748.058464196687,848.6116494726238,188.62843453537138,766.2817720151918,-6.708952297986145,-9.701714265718188,10.744073585479958,-3.2079840900612364,7.191421324172048
578,squeeze,GLBGGGLGGL,"((2, 3), (1,), (1,), (0, 1), (3, 3), (0, 5), (1,), (1, 3), (4, 7), (4,))",22.8297,209.8885,232.7182,3755.319786863464,4077.5643293086328,85.73282413815683,855.833860732095,941.5666848702518,212.20230716910382,842.1138920170256,-8.815766377918091,-10.562480008193033,11.809898138008105,-1.9155873344445602,9.66808189062105
579,squeeze,GLBGGGLGGL,"((3, 4), (1,), (5,), (1, 6), (2, 0), (0, 7), (0,), (1, 0), (2, 7), (0,))",20.6936,208.0441,228.7377,3925.400367132867,4143.266969069867,81.2306650373007,861.9822476398682,943.2129126771688,207.8866631815887,846.8177375948668,-9.11569750784908,-10.21987440870574,11.383225787887215,-1.2149258679209503,10.030002165265389
580,squeeze,GGGLLBGLLB,"((0, 0), (1, 0), (3, 4), (1,), (2,), (1,), (1, 0), (5,), (2,), (5,))",45.9275,221.0842,267.0117,3469.6168316743187,4075.9327303927817,159.35082703672228,901.124326952704,1060.4751539894262,250.4923886932251,973.2028315898852,-6.18673687586533,-8.22954899709146,8.967536834738475,-2.17753018410953,6.594735829281378
581,squeeze,GGGLLBGLLB,"((4, 7), (3, 5), (1, 4), (3,), (5,), (1,), (2, 3), (0,), (4,), (0,))",17.3261,217.2023,234.5284,4498.815275002774,4207.004938415845,77.94692333622557,913.7711487352798,991.7180720715054,195.51177820554503,837.3892220440804,-16.636203459561816,-15.56176643076214,18.429763121467673,1.2888532833056536,19.95614901186983
582,squeeze,GGGLLBGLLB,"((0, 1), (2, 1), (3, 5), (2,), (3,), (6,), (4, 5), (3,), (2,), (2,))",35.1878,205.43472,240.62252,3494.536776149861,4151.109361296552,122.96506117180608,852.7819893273361,975.747050499142,222.5923317843947,882.362356310514,-7.493142460483461,-9.570584316996626,10.583485743782655,-2.2457166006593,8.100094046846841
583,squeeze,GGGLLBGLLB,"((2, 7), (4, 0), (3, 5), (0,), (4,), (3,), (1, 6), (1,), (4,), (6,))",12.0272,194.6548,206.682,4943.5438492063495,4285.4758727618655,59.45699058317461,834.1884489172863,893.645439500461,182.247845890218,780.8147437051355,-11.822100671457594,-12.625890628211199,14.45037977381414,-0.911554893997591,13.407101735787078
584,squeeze,GGGLLBGLLB,"((2, 4), (2, 1), (2, 2), (4,), (1,), (5,), (3, 2), (2,), (2,), (2,))",19.3552,175.3281,194.6833,3925.879167499167,4275.046997956215,75.98617646277988,749.5358675623671,825.522044025147,177.89443282709834,740.8447387700284,-8.623681216057905,-10.257425088522437,11.42983149150824,-1.7879291858183624,9.437545012563332
585,squeeze,GGGLLBGLLB,"((3, 6), (0, 2), (4, 5), (4,), (3,), (2,), (1, 6), (2,), (3,), (7,))",12.582,161.3909,173.97289999999998,5066.457817460318,4594.83844760797,63.746172259285736,741.565112414053,805.3112846733387,162.9343484046062,730.6339505135536,-6.344983382695687,-9.27310166652846,10.220895717656612,-3.126493795626272,6.7748462515603896
586,squeeze,GGGLLBGLLB,"((3, 3), (3, 1), (2, 4), (2,), (1,), (4,), (2, 0), (1,), (2,), (2,))",22.5845,187.3876,209.9721,3803.353996714072,4196.61164989514,85.89684833878894,786.3929852058903,872.2898335446793,180.24527714069472,745.3026049224535,-14.15751085944527,-14.557916845848622,17.038344933121284,-0.4664426560927753,16.492428168368217
587,squeeze,GGGLLBGLLB,"((0, 6), (0, 6), (3, 6), (0,), (1,), (3,), (2, 7), (4,), (5,), (2,))",16.1442,239.5634,255.7076,4244.701462426463,4049.1768637059618,68.5273093497053,970.0345766707368,1038.561886020442,225.16179640879074,912.0602868945739,-11.945598641264192,-12.180458461709634,13.869872523074836,-0.2667212732372346,13.566157349247684
588,squeeze,GGGLLBGLLB,"((4, 3), (0, 3), (1, 5), (1,), (3,), (0,), (0, 3), (5,), (4,), (2,))",22.5219,208.27080000000004,230.7927,3932.195695750329,4232.369562864249,88.56051824011934,881.4789947533876,970.039512993507,201.13175873469294,844.3158239404739,-12.851767523542582,-12.960677103250593,14.89059964152665,-0.12497049752263582,14.747020287547894
589,squeeze,GGGLLBGLLB,"((0, 6), (0, 1), (1, 5), (2,), (4,), (0,), (3, 2), (3,), (5,), (7,))",12.7357,222.3464,235.0821,4906.60623015873,4170.905098275875,62.48906496543253,927.385733343287,989.8747983087196,213.94705738985203,884.5263421474682,-8.990494218891172,-10.642604129456341,11.910154750788392,-1.8153157699139013,9.878632063462282
590,squeeze,LBBGGLBLLL,"((1,), (3,), (1,), (2, 0), (3, 7), (0,), (3,), (0,), (2,), (0,))",79.9624,224.5461,304.5085,3205.394874385109,3902.2726770625263,256.3110671035318,876.2401107709497,1132.5511778744817,284.30689740994706,1036.8925585030333,-6.634167056109425,-8.446295517609714,9.225509295731776,-1.9408903710946523,7.105561903031824
591,squeeze,LBBGGLBLLL,"((4,), (3,), (0,), (0, 1), (0, 1), (2,), (7,), (3,), (4,), (2,))",39.4087,190.3097,229.7184,3410.1075523713616,4182.197725421642,134.3879054991373,795.912794465675,930.3006999648125,213.22344616512368,843.788366449404,-7.180510501064054,-9.299394649351626,10.252847391040202,-2.282800907143386,7.735994390646128
592,squeeze,LBBGGLBLLL,"((0,), (4,), (0,), (2, 5), (3, 7), (4,), (4,), (5,), (0,), (0,))",118.853,216.0944,334.9474,3176.6452027156924,4023.621873709991,377.5538122783682,869.4821546262363,1247.0359669046045,322.6534737103635,1171.7819148226683,-3.670405051550329,-6.034633649639788,6.422189242724801,-2.4543117817059894,3.8102569137911693
593,squeeze,LBBGGLBLLL,"((4,), (6,), (1,), (1, 4), (3, 5), (0,), (3,), (1,), (0,), (0,))",41.8106,201.5317,243.3423,3392.9682890935483,4083.461840117033,141.8620399479747,822.9470065239138,964.8090464718886,217.82748230552505,848.4104588874236,-10.4851551474918,-12.064417099954758,13.71960781071773,-1.7642458690120877,11.713314327660388
594,squeeze,LBBGGLBLLL,"((5,), (3,), (6,), (4, 1), (2, 4), (1,), (0,), (1,), (0,), (0,))",35.4481,187.6767,223.1248,3523.614277903257,4249.37643001222,124.90543128454244,797.5089454424744,922.4143767270168,196.72778699614284,802.4940331906032,-11.830604667816916,-13.000701914677911,14.943456097689259,-1.3271013626129504,13.418039925582404
595,squeeze,LBBGGLBLLL,"((0,), (1,), (1,), (4, 2), (4, 1), (0,), (4,), (5,), (4,), (1,))",116.034,199.6844,315.7184,3175.406388462557,4108.824729542578,368.4551048788644,820.468200823872,1188.9233057027363,305.79638933081463,1121.7643962290012,-3.1426773571592093,-5.648716712979186,5.9868997179355095,-2.587351464443162,3.2446461159656153
596,squeeze,LBBGGLBLLL,"((2,), (6,), (2,), (1, 1), (2, 4), (3,), (0,), (4,), (3,), (3,))",58.7054,182.9259,241.6313,3268.2976455930584,4157.907578292688,191.8667206035987,760.5889858760105,952.4557064796091,217.12777433897608,839.5028631233009,-10.140873993155658,-11.859117708874413,13.454729973889135,-1.91215271288959,11.285302276791855
597,squeeze,LBBGGLBLLL,"((3,), (5,), (2,), (0, 5), (0, 4), (1,), (0,), (1,), (5,), (4,))",45.3692,205.9558,251.325,3343.1188681844574,4076.695100294962,151.6746285544343,839.6190007373291,991.2936292917634,229.19311132132086,887.8680761962911,-8.806083230350795,-10.43339229057342,11.648752316735711,-1.7844491363750965,9.65643712024615
598,squeeze,LBBGGLBLLL,"((4,), (7,), (4,), (3, 6), (1, 6), (4,), (6,), (5,), (5,), (2,))",39.351,133.14249999999998,172.49349999999998,3406.051955907772,4830.935905601334,134.03155051692673,643.2028838115256,777.2344343284523,164.1509331563767,704.8224938626234,-4.8364528771363995,-9.316615073596724,10.273783980558186,-4.707855404628931,5.082253681540644
599,squeeze,LBBGGLBLLL,"((4,), (6,), (3,), (2, 2), (1, 6), (0,), (6,), (0,), (1,), (5,))",36.8789,179.65609999999998,216.535,3430.0898473905686,4282.963496447629,126.49794047293206,769.4605182141448,895.9584586870769,195.02841306706574,788.4191480246312,-9.932152738787844,-12.00271169045405,13.639865410661752,-2.298888021228302,11.02741215739609
600,squeeze,GGLBGGBGBG,"((1, 4), (1, 3), (0,), (6,), (0, 7), (2, 7), (7,), (0, 6), (1,), (0, 4))",18.3685,223.6107,241.9792,3979.703762903764,4261.208091946879,73.1011885688978,952.851724285906,1025.9529128548038,230.7250603834174,956.3231415710401,-4.650870660198311,-6.786838890101961,7.280987801819419,-2.240154938690194,4.8777274553013745
601,squeeze,GGLBGGBGBG,"((4, 3), (4, 2), (4,), (4,), (4, 1), (4, 2), (6,), (3, 4), (4,), (4, 0))",24.2399,124.67271,148.91261,3955.252041855204,5362.584478533569,95.87491396936596,668.567939542717,764.4428535120829,145.6002875854878,707.8501570886185,-2.2243397751958076,-7.403129764829426,7.995010788191341,-5.296604469585417,2.274942219854751
602,squeeze,GGLBGGBGBG,"((3, 7), (1, 2), (3,), (0,), (1, 1), (3, 6), (5,), (3, 3), (5,), (1, 7))",12.3597,182.83008,195.18978,5173.610515873017,4481.420335882024,63.94427389303573,819.3384385229374,883.2827124159732,186.7780535414419,818.3883449812879,-4.309511726770797,-7.346953192051594,7.929532212017149,-3.174235517126688,4.503594667074606
603,squeeze,GGLBGGBGBG,"((2, 3), (0, 2), (2,), (1,), (0, 2), (2, 1), (0,), (4, 5), (1,), (0, 7))",21.7061,231.4741,253.1802,3943.4927014652,4112.384957466292,85.59784692727376,951.9106068830482,1037.508453810322,235.6116478467656,945.7945118194485,-6.9391493304904595,-8.839825994096492,9.697026240344837,-2.042401987443665,7.456571996245476
604,squeeze,GGLBGGBGBG,"((3, 2), (0, 5), (0,), (1,), (3, 2), (2, 3), (2,), (3, 4), (7,), (2, 4))",24.375,182.22746,206.60246,3845.119975282715,4366.716849814104,93.72479939751618,795.7357200808257,889.4605194783419,194.71012560863002,815.4261764297153,-5.756143654518918,-8.323510872865599,9.079220803626974,-2.724174623049356,6.107712351474593
605,squeeze,GGLBGGBGBG,"((3, 7), (4, 7), (3,), (3,), (0, 0), (2, 1), (6,), (2, 2), (2,), (2, 7))",12.3649,161.39929999999998,173.7642,5189.627976190474,4657.461142385043,64.1692309627976,751.7109681581461,815.8801991209436,163.35745474253233,743.5676672370671,-5.989004212299002,-8.8631311265782,9.725077497327712,-3.057224200421887,6.370535874147733
606,squeeze,GGLBGGBGBG,"((3, 0), (3, 6), (1,), (6,), (1, 3), (0, 3), (6,), (0, 6), (0,), (4, 1))",50.7184,179.49332,230.21172,3501.91782618266,4564.039219074967,177.61166907546266,819.2145520419732,996.8262211174358,222.31890019819073,935.6898853004295,-3.4285047702216382,-6.133098680778365,6.533824590545488,-2.8006130630177344,3.5502243825302626
607,squeeze,GGLBGGBGBG,"((1, 0), (1, 4), (1,), (2,), (0, 4), (2, 1), (3,), (1, 4), (7,), (1, 0))",51.8603,209.89845000000005,261.75875,3366.4531646966752,4153.634716564793,174.58527105711897,871.8414888731396,1046.4267599302586,249.24657410729296,971.8294473237196,-4.780041122868696,-7.128765763932752,7.675967507670133,-2.466630597997604,5.019999146436002
608,squeeze,GGLBGGBGBG,"((1, 0), (2, 1), (0,), (1,), (4, 0), (2, 7), (1,), (3, 1), (5,), (0, 1))",53.255,226.66403000000005,279.91903,3369.82310455532,4072.081450943503,179.45992943309355,922.994392159102,1102.4543215921956,264.4935129734651,1022.8757769890004,-5.5107068020830585,-7.218307647274272,7.779883578575632,-1.8071897750515236,5.832096542981176
609,squeeze,GGLBGGBGBG,"((0, 2), (3, 6), (2,), (7,), (4, 3), (3, 3), (5,), (0, 7), (6,), (4, 4))",25.0755,189.80086,214.87636,3849.8821678158415,4582.573790198708,96.53772029906617,869.7764463931742,966.3141666922404,213.1783934936503,915.1222272700383,-0.7902062871642561,-5.297649686481952,5.594000221687999,-4.543345198725594,0.7965002824736597
610,squeeze,LBBBGGLLLL,"((1,), (1,), (4,), (4,), (3, 2), (3, 0), (2,), (4,), (2,), (4,))",74.6529,165.8956,240.5485,3222.1889069066983,4262.34421633931,240.54574624841507,707.1041511761397,947.6498974245548,232.6919042720258,888.7534536023906,-3.266117114833057,-6.215000284622848,6.626859629455037,-3.0484490871625813,3.376394100410778
611,squeeze,LBBBGGLLLL,"((2,), (7,), (4,), (2,), (3, 3), (1, 0), (1,), (0,), (5,), (2,))",56.6307,189.95390000000003,246.5846,3262.38932332446,4142.47460693493,184.7513910523905,786.8792072382572,971.6305982906476,218.72772677464363,844.1696058197399,-11.29708555414911,-13.118256330661566,15.098979114171652,-2.0531126715393353,12.735867389166177
612,squeeze,LBBBGGLLLL,"((0,), (7,), (2,), (0,), (2, 3), (1, 6), (0,), (2,), (4,), (4,))",113.285,233.3389,346.6239,3196.1128144576865,3938.134309036345,362.071640185839,918.9199277228008,1280.9915679086398,328.8113077252371,1189.824470024593,-5.138881731687541,-7.1169163145146355,7.662230873614694,-2.0851900324770245,5.4172687666956785
613,squeeze,LBBBGGLLLL,"((0,), (3,), (6,), (6,), (3, 6), (4, 5), (2,), (0,), (3,), (5,))",110.547,196.2267,306.7737,3184.254891862555,4194.108784331007,352.0098255307298,822.9961261902852,1175.005951721015,297.513059610826,1107.5314169923054,-3.0187204408898154,-5.7424845065576555,6.092335954852511,-2.8085462246429693,3.112683658756949
614,squeeze,LBBBGGLLLL,"((0,), (6,), (1,), (5,), (0, 3), (2, 5), (4,), (5,), (3,), (4,))",112.428,186.7559,299.1839,3180.472981244313,4228.675383255105,357.5742163353356,789.730077007652,1147.3042933429876,292.9790087917957,1090.4528116447198,-2.073938874452899,-4.9552226055578865,5.2135664277410925,-2.9423053454697943,2.1178620385782603
615,squeeze,LBBBGGLLLL,"((0,), (7,), (1,), (0,), (0, 5), (3, 4), (2,), (1,), (2,), (5,))",112.313,231.4018000000001,343.7148000000001,3175.4093901320066,3965.398034679436,356.63975483389606,917.6002429412844,1274.2399977751804,330.06438236335646,1197.5981600817079,-3.97143726038088,-6.014709774241037,6.399628877873652,-2.127775794583616,4.135683329083464
616,squeeze,LBBBGGLLLL,"((0,), (5,), (4,), (3,), (3, 7), (4, 4), (4,), (0,), (5,), (5,))",113.652,194.30760000000004,307.9596,3183.514217080692,4165.427127339534,361.8127577996548,809.3741480882395,1171.1869058878942,297.2905380951514,1099.0964367795245,-3.464435563901435,-6.155334280630198,6.55906676575195,-2.787468776349247,3.588766051287465
617,squeeze,LBBBGGLLLL,"((4,), (3,), (5,), (3,), (4, 4), (4, 4), (2,), (2,), (2,), (4,))",36.9225,149.0908,186.0133,3396.303984923881,4489.268270916704,125.400033883352,669.3085979255882,794.7086318089401,165.15956945789802,691.0019279099148,-11.21088144885445,-13.049651123451996,15.008164190324141,-2.0709403411166427,12.626413722529076
618,squeeze,LBBBGGLLLL,"((0,), (3,), (0,), (0,), (2, 1), (0, 4), (1,), (5,), (3,), (5,))",114.089,246.016,360.105,3186.7294030647886,3900.8771817883903,363.5707708662586,959.6782007548526,1323.2489716211112,333.1075813457508,1210.4036348343018,-7.497096306424294,-8.5278990731852,9.322950918125535,-1.1143463887096174,8.104714562538604
619,squeeze,LBBBGGLLLL,"((4,), (5,), (1,), (0,), (3, 7), (2, 2), (5,), (0,), (5,), (3,))",39.2345,189.9769,229.2114,3407.5048638028634,4188.486029496542,133.6917495788734,795.7155915770616,929.407341155935,206.3904824161105,823.6872930001291,-9.956275117158002,-11.37499602965459,12.83497378850414,-1.5755910968171503,11.057155987396492
620,squeeze,BLLGLBLBGL,"((6,), (4,), (3,), (0, 6), (5,), (3,), (5,), (3,), (2, 4), (5,))",17.2397,181.6471,198.8868,4457.904528943279,4535.236376437347,76.85293670762343,823.8125355943523,900.6654723019758,181.35055580747212,806.9443576496391,-8.81719862380403,-10.40576302018091,11.614321825771889,-1.7421754677429562,9.669804492435599
621,squeeze,BLLGLBLBGL,"((6,), (5,), (5,), (2, 3), (2,), (3,), (3,), (4,), (0, 2), (0,))",17.7437,181.92830000000004,199.67200000000005,4376.930519284637,4435.893204521573,77.66294205503081,807.0145096801623,884.6774517351931,183.17092770451825,796.3063599073104,-8.264089254117653,-9.989074736171137,11.097624768207204,-1.880381922442415,9.008565115802902
622,squeeze,BLLGLBLBGL,"((2,), (4,), (5,), (4, 7), (5,), (1,), (1,), (6,), (3, 2), (5,))",31.9876,165.68231999999995,197.66992,3613.323413635056,4552.24522151821,115.58154402599271,754.2265495100507,869.8080935360434,185.50249050412398,791.2819787138363,-6.155427945676312,-9.027981620977306,9.923910430747446,-3.0609694438567763,6.559173120969767
623,squeeze,BLLGLBLBGL,"((0,), (4,), (0,), (0, 6), (0,), (4,), (4,), (3,), (2, 2), (0,))",61.8889,269.85618000000005,331.74508000000003,3346.728759768111,3893.1194335888617,207.12536154041263,1050.5823386320542,1257.707700172467,308.5826461738746,1154.8780697982413,-6.981997691156545,-8.175956174882671,8.903938265291512,-1.2835778602961965,7.506071424727577
624,squeeze,BLLGLBLBGL,"((2,), (2,), (4,), (1, 3), (1,), (1,), (0,), (1,), (4, 6), (1,))",32.1393,223.61513,255.75443,3566.651836854984,4005.6033671782734,114.62969338023338,895.7135176800073,1010.3432110602406,230.32972536289714,899.2177166379579,-9.941061289574877,-10.998786670290892,12.358018794131919,-1.1744812851026607,11.0383948910827
625,squeeze,BLLGLBLBGL,"((3,), (2,), (5,), (4, 0), (5,), (0,), (0,), (5,), (3, 0), (5,))",26.2216,177.90263999999996,204.12424,3738.803898225956,4414.441391265523,98.03742029772172,785.3407776314092,883.3781979291309,189.76432658411701,801.8670393501648,-7.034888857826474,-9.227209678714008,10.165171353722561,-2.3582188994909723,7.567235462202452
626,squeeze,BLLGLBLBGL,"((1,), (2,), (2,), (1, 0), (2,), (5,), (1,), (1,), (4, 5), (5,))",42.1324,216.05811,258.19051,3462.770140394088,4077.157556242284,145.89481666313984,880.9029557739266,1026.7977724370664,237.4521381262578,926.7688528623472,-8.032197571375573,-9.741832545789839,10.793297515963946,-1.8589494684741428,8.733706100685941
627,squeeze,BLLGLBLBGL,"((3,), (2,), (3,), (4, 2), (0,), (2,), (4,), (0,), (3, 7), (4,))",26.2537,193.7751,220.0288,3729.513841282127,4251.739538558682,97.91353753486858,823.8812542581626,921.7947917930312,201.26202644530701,826.7577895256765,-8.529235061361502,-10.309995577485669,11.495144463274903,-1.9468083789599406,9.324547648730363
628,squeeze,BLLGLBLBGL,"((4,), (1,), (1,), (4, 5), (1,), (6,), (0,), (4,), (3, 4), (4,))",22.5038,173.76459,196.26839,3939.231958346091,4445.572811304919,88.64768814422875,772.4831368715467,861.1308250157754,178.5513540798596,766.8068572668458,-9.026943116077124,-10.953500328733632,12.30087692292313,-2.117722849650649,9.922655591968352
629,squeeze,BLLGLBLBGL,"((4,), (1,), (3,), (3, 0), (3,), (6,), (5,), (0,), (1, 6), (2,))",22.3088,191.78583,214.09463,3921.136539808229,4280.354320196906,87.47585083927383,820.9113059930494,908.3871568323232,195.03237943522572,812.0032076897629,-8.903656558211793,-10.610448245290582,11.8698975853535,-1.8736116320293967,9.773890171454973
630,squeeze,LGLGLBGLBL,"((3,), (0, 7), (1,), (1, 7), (0,), (5,), (0, 6), (1,), (0,), (2,))",49.5115,217.2125,266.724,3337.402145417307,4056.3701196909183,165.239786322829,881.0942946233637,1046.334080946193,242.17050243612633,935.6246281327196,-9.205582386239582,-10.580698347640501,11.832678350336137,-1.5145380052446311,10.13892993443733
631,squeeze,LGLGLBGLBL,"((2,), (0, 4), (0,), (2, 0), (0,), (0,), (4, 5), (3,), (5,), (1,))",61.1583,217.6336000000001,278.79190000000006,3267.041662055401,3987.129505504691,199.80671408048283,867.7333479492062,1067.5400620296891,248.9903124802431,940.1091479233996,-10.689545686139718,-11.936874187560518,13.554906298675078,-1.3966209342496008,11.96897470544027
632,squeeze,LGLGLBGLBL,"((0,), (1, 5), (2,), (1, 3), (5,), (1,), (1, 5), (2,), (6,), (3,))",121.155,228.13029,349.28529,3187.132379487999,3940.960383189029,386.1370234368685,899.0524350954242,1285.1894585322927,332.1812850814923,1197.015083015113,-4.896858072238787,-6.86080755890079,7.366187508271055,-2.0650731898571624,5.14899715506599
633,squeeze,LGLGLBGLBL,"((3,), (3, 3), (3,), (2, 1), (5,), (3,), (3, 7), (2,), (6,), (2,))",49.4241,164.85348,214.27758,3336.277974105004,4309.940119008293,164.89253621996315,710.5086272101312,875.4011634300944,201.2687762479408,794.1798436129359,-6.071005539664582,-9.278182758965963,10.227068902638095,-3.414469874534554,6.463398841375095
634,squeeze,LGLGLBGLBL,"((4,), (1, 0), (2,), (0, 7), (4,), (5,), (4, 6), (4,), (2,), (5,))",41.3456,179.47682,220.82242,3431.9325264550266,4380.418617088499,141.89530946579893,786.1836036638414,928.0789131296405,206.1418007253654,842.8919092175418,-6.648156140411187,-9.178853512018023,10.10651579170786,-2.710923820008609,7.1216120277289106
635,squeeze,LGLGLBGLBL,"((4,), (3, 2), (0,), (2, 7), (1,), (2,), (1, 6), (4,), (1,), (1,))",42.2549,187.16800000000003,229.42290000000003,3396.880052545157,4185.846971293647,143.53482693229037,783.4566059230895,926.9914328553798,206.02991002539153,820.8415909760707,-10.19644942793788,-11.451005706960997,12.931830336847982,-1.3970007544594838,11.35417181501729
636,squeeze,LGLGLBGLBL,"((3,), (3, 4), (1,), (4, 4), (5,), (7,), (4, 2), (5,), (4,), (4,))",49.1623,147.08239000000003,196.24469,3347.960766559759,4698.170499488626,164.59345159384085,691.0181456922811,855.611597286122,182.27226365362236,763.4702303636614,-7.119900337877999,-10.769064750258169,12.06875700688044,-3.928898036990759,7.665689812757171
637,squeeze,LGLGLBGLBL,"((4,), (1, 6), (2,), (3, 7), (1,), (7,), (4, 2), (0,), (1,), (5,))",41.3393,173.01184999999998,214.35115,3430.616534391533,4422.489980577825,141.81928610017192,765.1431731462335,906.9624592464054,196.27226553904643,806.5173830770857,-8.43423721354122,-11.074887956529032,12.454173744661782,-2.883884393718313,9.211125377954604
638,squeeze,LGLGLBGLBL,"((4,), (2, 5), (1,), (3, 1), (4,), (1,), (2, 1), (5,), (0,), (2,))",41.8905,170.503,212.3935,3415.1092684729056,4297.06218005886,143.06063481096425,732.6619928865756,875.7226276975398,194.4521543039761,784.8370896954307,-8.447219757678031,-10.378347564349962,11.58017876517264,-2.1093054755525977,9.226611944847452
639,squeeze,LGLGLBGLBL,"((3,), (0, 2), (3,), (4, 1), (2,), (1,), (0, 2), (0,), (0,), (1,))",49.9945,213.01167,263.00617,3328.3943493761144,4017.919121944533,166.40141129988413,855.8636620903386,1022.2650733902228,239.21852050732207,917.6238584638681,-9.044521462244756,-10.236211492516741,11.403497627178886,-1.310190490369758,9.943899595328293
640,squeeze,LBLGGBBGLB,"((1,), (5,), (4,), (2, 2), (0, 2), (1,), (5,), (2, 1), (2,), (0,))",82.6577,223.0115,305.6692,3209.552754701411,3953.034148974903,265.2942487322828,881.5720751141166,1146.8663238463994,286.8000120632226,1054.1451177427573,-6.1730746626671555,-8.084743982426003,8.795867337714016,-2.0374421445505986,6.579214485046068
641,squeeze,LBLGGBBGLB,"((0,), (3,), (5,), (4, 1), (0, 3), (6,), (5,), (4, 2), (5,), (5,))",121.694,172.89685000000003,294.59085000000005,3196.952300215732,4408.084999754811,389.0499132224533,762.1440109898577,1151.193924212311,294.0508099821114,1103.591316805873,-0.18331866651277764,-4.135064162974055,4.313427142958527,-3.95900308812964,0.18365534103494038
642,squeeze,LBLGGBBGLB,"((2,), (2,), (5,), (3, 4), (4, 5), (6,), (5,), (0, 7), (3,), (2,))",62.1842,174.1126,236.2968,3274.222124973204,4342.874367467189,203.60488346375868,756.1491475930676,959.7540310568264,220.64563435637777,867.5796479110314,-6.62351993070673,-9.603958948137766,10.624313671688084,-3.1918519687391216,7.0933493378541534
643,squeeze,LBLGGBBGLB,"((1,), (0,), (0,), (2, 6), (2, 0), (5,), (4,), (1, 6), (0,), (2,))",83.1265,218.5692,301.6957,3211.5195253555976,3990.5079489076384,266.962377824472,872.2021299863834,1139.1645078108554,277.8846333919706,1032.7436689423535,-7.8924116611636705,-9.34200794870374,10.30467114627668,-1.5738076674067676,8.568687774268762
644,squeeze,LBLGGBBGLB,"((2,), (7,), (5,), (2, 3), (4, 1), (4,), (5,), (3, 6), (0,), (7,))",62.2639,156.63944999999998,218.90335,3342.4173064459715,4536.700169811479,208.11193692682133,710.6262194141766,918.738156340998,204.54438858198625,824.5789644092232,-6.5594982525455805,-10.24875164723503,11.419063060775002,-3.948237997116658,7.019973276978137
645,squeeze,LBLGGBBGLB,"((0,), (7,), (4,), (1, 3), (3, 6), (2,), (6,), (2, 2), (3,), (7,))",121.646,193.11152,314.75751999999994,3210.9268802759343,4242.838454888413,390.59641127804633,819.340983137953,1209.9373944159993,308.40900444496486,1144.2875288755888,-2.016954370156138,-5.425889458693663,5.737182647172602,-3.479107091052929,2.058472827815229
646,squeeze,LBLGGBBGLB,"((2,), (4,), (0,), (2, 0), (1, 5), (5,), (5,), (4, 1), (2,), (1,))",61.6753,188.4115,250.0868,3269.9801471157552,4167.719645244283,201.6770065674084,785.2463099399432,986.9233165073516,227.1834502709589,879.947115762878,-9.158160178402502,-10.83936299357629,12.15711703898587,-1.8506921683614785,10.081434057685348
647,squeeze,LBLGGBBGLB,"((4,), (4,), (3,), (4, 1), (1, 0), (4,), (3,), (4, 5), (1,), (0,))",42.6293,180.8687,223.498,3399.4881740558285,4313.084907990126,144.91780121827813,780.1020602977937,925.0198615160718,202.82862802397187,820.0613865411509,-9.248123909846225,-11.346618525887438,12.798855878047627,-2.312342958019449,10.190559477425081
648,squeeze,LBLGGBBGLB,"((3,), (1,), (1,), (3, 4), (2, 2), (4,), (2,), (0, 7), (1,), (3,))",50.8483,186.91040000000004,237.75870000000003,3346.64302608818,4181.654111029432,170.1711085834396,781.5946425541557,951.7657511375952,214.3811567970412,846.2954074802554,-9.83246594255387,-11.081544332865166,12.462591989169036,-1.3852861824029656,10.904663241970848
649,squeeze,LBLGGBBGLB,"((3,), (3,), (2,), (2, 7), (1, 2), (6,), (2,), (1, 3), (0,), (3,))",50.8099,181.5946,232.4045,3349.9422389645497,4228.113634131458,170.21023016756487,767.8026041446484,938.0128343122132,211.064856932951,833.996932007444,-9.18211268157416,-11.088963658054592,12.471976612000384,-2.099642518433201,10.110467169732551
650,squeeze,GGGLBLLLBL,"((3, 4), (3, 7), (1, 4), (5,), (0,), (2,), (5,), (0,), (6,), (0,))",20.6659,177.5678,198.2337,3925.639181969991,4330.920367759964,81.12686677067364,769.0320016783278,850.1588684490014,184.4161012570632,774.733500208357,-6.970358088930797,-8.87191453736731,9.735653385371805,-2.0440328581016103,7.4926205731223225
651,squeeze,GGGLBLLLBL,"((1, 7), (3, 6), (3, 5), (2,), (7,), (2,), (0,), (5,), (7,), (4,))",14.0834,168.38813000000002,182.47153000000003,4738.599714729714,4481.346704707684,66.73559522242445,754.6055914873891,821.3411867098135,170.99865450185953,744.6454747917684,-6.287487970392146,-9.337862651850962,10.299627744262096,-3.2550345897195445,6.709336708854476
652,squeeze,GGGLBLLLBL,"((3, 6), (1, 5), (1, 7), (0,), (0,), (2,), (3,), (1,), (2,), (1,))",16.4148,197.84340000000003,214.2582,4344.7241625041615,4151.929800735307,71.31777818267331,821.4319083387958,892.7496865214691,192.30565472497815,791.5182541898457,-10.245836693775004,-11.339285116532936,12.789525926377838,-1.2182704205344668,11.415444494555713
653,squeeze,GGGLBLLLBL,"((1, 7), (0, 0), (1, 5), (2,), (0,), (1,), (3,), (3,), (2,), (1,))",14.2169,203.9974,218.2143,4680.2072222222205,4098.811265092596,66.53803805761109,836.1468411696004,902.6848792272116,196.18135534940333,806.6049871280032,-10.09692978443515,-10.643791018352088,11.911641216267492,-0.6082787079525848,11.230906531028655
654,squeeze,GGGLBLLLBL,"((3, 5), (1, 0), (4, 0), (5,), (7,), (3,), (3,), (2,), (0,), (5,))",17.9348,144.26082000000002,162.19562000000002,4221.295382950381,4684.708641701251,75.70808843413849,675.8199101129087,751.5279985470472,155.2934040826237,690.4149716319606,-4.255488475814766,-8.13183634318859,8.851636975749726,-4.048637154929405,4.444629157400653
655,squeeze,GGGLBLLLBL,"((0, 6), (4, 4), (1, 7), (5,), (3,), (0,), (5,), (5,), (5,), (1,))",15.563,198.77268,214.33568,4312.002909867909,4301.977606684216,67.10770128627426,855.1156181806076,922.223319466882,195.119056057213,824.0179042298248,-8.965667285440768,-10.648767295737837,11.917873960377802,-1.8488629071127254,9.84866590229522
656,squeeze,GGGLBLLLBL,"((0, 6), (1, 2), (2, 4), (5,), (7,), (2,), (4,), (4,), (7,), (0,))",15.6363,200.91535,216.55165,4294.345086580087,4270.615465372039,67.14766807729221,858.032200940636,925.1798690179282,198.9155614491775,826.2592007468461,-8.144056418329072,-10.692047199004202,11.97211095279411,-2.7738986518707676,8.866118076603312
657,squeeze,GGGLBLLLBL,"((0, 5), (2, 5), (2, 1), (2,), (0,), (2,), (1,), (4,), (4,), (3,))",17.1234,204.56607,221.68947,4151.688099678099,4095.015187500852,71.09101600602796,837.7011634973624,908.7921795033903,202.36137095083134,818.1637156550402,-8.718546284209465,-9.972407981973847,11.077057331464662,-1.373621526305148,9.551278961173333
658,squeeze,GGGLBLLLBL,"((4, 6), (2, 1), (2, 5), (5,), (1,), (0,), (3,), (2,), (0,), (0,))",16.7153,178.88119999999998,195.5965,4450.486583971586,4397.612326236125,74.39121839706024,786.6501700519095,861.0413884489698,173.39792401323925,757.4838241563888,-11.349168306570283,-12.027013530571812,13.67125752261619,-0.7646236488177014,12.8021002056898
659,squeeze,GGGLBLLLBL,"((4, 2), (0, 3), (3, 3), (5,), (2,), (1,), (5,), (5,), (0,), (4,))",28.3998,150.55705,178.95685,3834.8081550802144,4715.196115150172,108.90778464264706,709.9060172684702,818.8138019111173,165.81647784952625,740.2210270022694,-7.342760084609084,-9.598369583586866,10.617473976270473,-2.434358611412832,7.924647972801759
660,squeeze,BLLLLBBLGL,"((3,), (1,), (1,), (5,), (1,), (5,), (3,), (4,), (1, 1), (3,))",27.2425,174.088,201.3305,3719.7178178065496,4368.429222005618,101.33441265159492,760.4911064005139,861.8255190521088,177.0601966166634,745.5277372549945,-12.054956096238074,-13.494353465539767,15.599390335940885,-1.6367009502853032,13.707374015788544
661,squeeze,BLLLLBBLGL,"((1,), (3,), (2,), (5,), (5,), (0,), (4,), (5,), (0, 2), (5,))",43.4885,199.6358,243.1243,3477.250903122416,4246.478111997994,151.22042590043918,847.7490550712092,998.9694809716484,216.57014676133818,876.3411383797994,-10.922048202776038,-12.275484379420124,13.993219902761538,-1.5193840331275579,12.261225120710973
662,squeeze,BLLLLBBLGL,"((3,), (2,), (1,), (4,), (5,), (3,), (0,), (1,), (1, 6), (0,))",27.1879,209.1049,236.2928,3695.47858089408,4089.947820308867,100.47230210949016,855.2281299709035,955.7004320803936,207.60690276573536,832.4894741859428,-12.139979396014033,-12.892215359392697,14.800302191800535,-0.8561754916599096,13.817410140082835
663,squeeze,BLLLLBBLGL,"((7,), (2,), (3,), (4,), (3,), (6,), (2,), (2,), (0, 2), (0,))",16.3208,178.4525,194.7733,4765.254395049396,4580.72671417411,77.77276393072218,817.4421339611554,895.2148978918775,173.1043253021487,786.3735850407779,-11.12522850814321,-12.158121263107628,13.84091669933897,-1.162188929013512,12.517870168771749
664,squeeze,BLLLLBBLGL,"((2,), (4,), (1,), (5,), (2,), (4,), (2,), (4,), (4, 3), (1,))",32.9378,177.74666,210.68446,3578.364566158482,4331.505350555552,117.86345640721484,769.9106088333784,887.7740652405932,190.05449383057044,780.8933979849643,-9.7918784182894,-12.03917431702215,13.686972835399356,-2.491234557741169,10.85476368047406
665,squeeze,BLLLLBBLGL,"((3,), (0,), (1,), (4,), (4,), (6,), (1,), (4,), (0, 0), (3,))",26.8263,181.3572,208.1835,3720.9658316133496,4295.318986929084,99.8197456886092,778.9870245762953,878.8067702649046,188.1682656791423,778.6794904842532,-9.614227026088859,-11.393548976695909,12.85859984810736,-1.9685863074055092,10.63688090476794
666,squeeze,BLLLLBBLGL,"((2,), (3,), (5,), (1,), (3,), (4,), (1,), (0,), (0, 3), (3,))",32.5606,208.7959,241.3565,3592.5558957588296,4065.264407244345,116.97577549944496,848.8105406485495,965.7863161479944,214.64346000360626,848.0581771069636,-11.067876770003602,-12.189874413481588,13.882082882880095,-1.2616337075145196,12.445308138410061
667,squeeze,BLLLLBBLGL,"((7,), (1,), (4,), (5,), (0,), (1,), (7,), (1,), (2, 0), (5,))",15.8425,172.02989999999997,187.8724,4878.020909090908,4723.055021518351,77.28004625227271,812.5066830462996,889.7867292985723,162.08299013290093,766.1753939950092,-13.727088101870773,-13.892243077282918,16.13355587668065,-0.19143317615981964,15.911237722078596
668,squeeze,BLLLLBBLGL,"((2,), (4,), (5,), (5,), (4,), (3,), (4,), (0,), (1, 5), (3,))",32.951,186.14390000000003,219.0949,3592.999235588972,4271.795031180908,118.39291781189225,795.168587104636,913.5615049165284,193.79326252272347,794.9106389652128,-11.548254878263496,-12.987726093182602,14.92631500136559,-1.6274084959408646,13.055994386961585
669,squeeze,BLLLLBBLGL,"((7,), (0,), (3,), (2,), (3,), (0,), (7,), (1,), (3, 4), (0,))",16.3417,203.90929,220.25099,4730.675252525254,4408.944507317821,77.30727577419195,899.0247441365768,976.3320199107688,188.10470178275332,831.9161663948904,-14.595297944970271,-14.791674406937634,17.359423863789626,-0.22993635858694153,17.089571878098614
670,squeeze,BBLLLBGLBG,"((0,), (5,), (3,), (0,), (0,), (4,), (2, 4), (4,), (1,), (3, 7))",55.1006,249.52050000000003,304.6211,3538.778789300313,4024.836051203081,194.9888345577208,1004.2791039142184,1199.2679384719393,283.0288556106635,1092.5134255993507,-7.08823006329387,-8.90163986278254,9.771460045355798,-1.9517546600651403,7.628990458499029
671,squeeze,BBLLLBGLBG,"((6,), (4,), (4,), (4,), (2,), (2,), (0, 1), (5,), (4,), (2, 5))",16.1681,168.71863999999997,184.88674,4597.481847041845,4685.776808466098,74.33254625115725,790.5778904679405,864.9104367190978,169.74477224707815,777.7453994525745,-8.18986139996944,-10.07792640324358,11.207399918774898,-2.0564885665835546,8.920432454250449
672,squeeze,BBLLLBGLBG,"((7,), (6,), (4,), (0,), (2,), (5,), (1, 1), (1,), (0,), (0, 3))",15.0015,220.4724,235.4739,4805.355894660894,4373.006379823262,72.0875464537554,964.1272117749462,1036.2147582287016,213.52965186513944,929.0846926324583,-9.319184901112415,-10.338596776923993,11.530710434234159,-1.1241759072190676,10.276909058382216
673,squeeze,BBLLLBGLBG,"((6,), (1,), (0,), (5,), (1,), (3,), (4, 7), (3,), (3,), (3, 7))",15.6867,172.21599,187.90269,4883.373636363638,4715.431495270043,76.60401722154548,812.0727032351108,888.6767204566563,167.60751426705647,779.1901900594676,-10.800896854080978,-12.320175366012501,14.051323000977836,-1.7032441564419822,12.108750506618902
674,squeeze,BBLLLBGLBG,"((4,), (4,), (4,), (3,), (3,), (2,), (3, 5), (5,), (7,), (3, 2))",22.4055,153.81246000000002,176.21796,3986.509071516719,4737.912034630459,89.31972900186784,728.7499053101161,818.0696343119839,166.9724381208824,745.592174278439,-5.246639944712562,-8.85957099416118,9.720791410355991,-3.8129846238070244,5.537154504759749
675,squeeze,BBLLLBGLBG,"((3,), (2,), (3,), (1,), (2,), (0,), (4, 6), (4,), (5,), (4, 4))",24.4622,181.84049,206.30269,3948.257567603966,4445.368630289857,96.58306627024172,808.3480099625364,904.931076232778,192.9486476092358,821.6639731188095,-6.473033575453727,-9.201485649118036,10.133960577328159,-2.917289181901885,6.921034459805684
676,squeeze,BBLLLBGLBG,"((7,), (3,), (1,), (1,), (0,), (3,), (4, 7), (3,), (7,), (2, 3))",15.6843,182.81771000000003,198.50201000000004,4803.475357420358,4679.536713408355,75.33914854838812,855.502185806242,930.84133435463,174.04820283324472,807.3427637865816,-12.319173577514563,-13.267413683737232,15.296919240202044,-1.0814680300270259,14.050019919013153
677,squeeze,BBLLLBGLBG,"((0,), (3,), (5,), (3,), (1,), (3,), (0, 3), (3,), (2,), (0, 2))",61.7254,262.15426,323.87966,3375.11141307096,3960.282900486509,208.33010201637023,1038.2050331676944,1246.5351351840648,299.50329083017044,1134.839952405231,-7.526366172494302,-8.960452026275266,9.84237315068983,-1.5508051262006393,8.138931997128493
678,squeeze,BBLLLBGLBG,"((0,), (3,), (0,), (1,), (5,), (0,), (0, 7), (0,), (7,), (2, 5))",60.992,296.28903999999994,357.28104,3392.8081371162343,3889.203791144381,206.93415389899337,1152.328457642529,1359.2626115415223,313.1951155750805,1183.5413886660006,-12.339284621685925,-12.927687511115941,14.847070373566037,-0.6712275697165725,14.076185174206866
679,squeeze,BBLLLBGLBG,"((2,), (1,), (0,), (3,), (1,), (0,), (3, 1), (1,), (6,), (1, 7))",30.6323,229.02216,259.65446,3737.42066784136,4096.109060239056,114.48579112351688,938.0997445715188,1052.5855356950356,229.81135154068096,920.0567490232995,-11.493393357972366,-12.590785468491699,14.404414381224203,-1.2398985252680903,12.985915734469819
680,squeeze,LGBBBLLBLL,"((0,), (4, 3), (1,), (7,), (5,), (3,), (3,), (7,), (5,), (2,))",121.17,191.6464,312.8164,3184.9294127684348,4367.90135001155,385.91789694515126,837.0925692848535,1223.0104662300048,291.5042868542336,1106.1667470778746,-6.812978202474799,-9.553779168571406,10.562939037969862,-2.941183131758151,7.311080525009037
681,squeeze,LGBBBLLBLL,"((0,), (3, 1), (2,), (6,), (5,), (3,), (0,), (7,), (0,), (0,))",121.235,227.222,348.457,3175.6444988115627,4093.865385343666,384.9992608134198,930.2162805885586,1315.2155414019785,318.0841567340239,1175.957535575194,-8.716382011546932,-10.58822690601267,11.84209477076649,-2.0505814030098106,9.548681574660536
682,squeeze,LGBBBLLBLL,"((3,), (4, 7), (6,), (0,), (4,), (1,), (0,), (4,), (4,), (2,))",49.4563,199.2445,248.7008,3342.932961240921,4165.230286303367,165.32909541101938,829.8992257793712,995.2283211903906,217.61465544138068,854.0006683577411,-12.499414782187797,-14.190477684932373,16.53718293970808,-1.9326303915968885,14.284949924704431
683,squeeze,LGBBBLLBLL,"((1,), (0, 0), (6,), (2,), (2,), (3,), (2,), (4,), (3,), (0,))",82.4158,214.319,296.73479999999995,3210.663655245464,4021.798150690929,264.6094136779791,861.9477578579292,1126.5571715359083,266.97407168316846,994.3042127218772,-10.029402792268213,-11.739569207457272,13.301055866191364,-1.9008058946641022,11.147422717570128
684,squeeze,LGBBBLLBLL,"((4,), (1, 3), (5,), (6,), (7,), (5,), (1,), (2,), (0,), (2,))",41.908,168.86329999999998,210.7713,3408.228652709359,4431.998189504474,142.83204637774384,748.4018398737506,891.2338862514945,183.49821405953963,760.1187168518939,-12.939658264887278,-14.711645441475243,17.249301522613052,-2.035355181558282,14.862861788731673
685,squeeze,LGBBBLLBLL,"((4,), (0, 7), (4,), (1,), (4,), (2,), (2,), (4,), (1,), (3,))",41.6551,184.446,226.1011,3417.18774913337,4237.805530052148,142.34329740892542,781.6462787959986,923.989576204924,193.97601513259758,785.0362176849067,-14.208283315473661,-15.038411914854764,17.70024814011697,-0.9676092651621082,16.56136963399441
686,squeeze,LGBBBLLBLL,"((1,), (3, 3), (7,), (2,), (3,), (4,), (0,), (4,), (2,), (0,))",82.4123,210.0581,292.4704,3209.341308372478,4064.066117263804,264.4891987079852,853.6900068668118,1118.179205574797,264.66419361576243,988.6846235688677,-9.507357457109356,-11.580843335336658,13.097663189955458,-2.2913308971439723,10.506221489336184
687,squeeze,LGBBBLLBLL,"((1,), (1, 1), (5,), (4,), (6,), (0,), (5,), (1,), (4,), (3,))",82.3889,191.5223,273.9112,3220.5758073755824,4146.504818773208,265.33969813628613,794.148139852528,1059.487837988814,253.65071925924642,957.9318797018641,-7.396733226225723,-9.585382167267696,10.601584563461538,-2.3634683929550167,7.987551070196709
688,squeeze,LGBBBLLBLL,"((1,), (2, 0), (5,), (1,), (7,), (3,), (4,), (1,), (1,), (0,))",82.4497,212.6282,295.0779,3201.1352813852805,4009.80470003736,263.932643609632,852.5975557204838,1116.530199330116,273.80514699826034,1012.5060831802933,-7.209198995160144,-9.31673108458991,10.27392505367293,-2.2712726548398163,7.769303548510288
689,squeeze,LGBBBLLBLL,"((1,), (2, 4), (7,), (4,), (1,), (2,), (1,), (0,), (4,), (5,))",82.3985,203.9278,286.32629999999995,3224.850047899903,4114.244561844683,265.72280667188016,839.0088421589501,1104.7316488308302,259.8616305205868,982.7977052717513,-9.242835701580033,-11.037426481636981,12.406820132466965,-1.9773543983328117,10.184138930551574
690,squeeze,GBBBBBBBBL,"((1, 5), (2,), (1,), (2,), (1,), (3,), (2,), (2,), (0,), (1,))",16.8866,185.1711,202.0577,4131.0578771228775,4209.590377280554,69.75952194782319,779.4944807104553,849.2540026582784,187.30757973636884,770.7474097220947,-7.299954549433738,-9.24418285818466,10.185774476295736,-2.097332638081301,7.874812265681738
691,squeeze,GBBBBBBBBL,"((0, 3), (4,), (7,), (6,), (0,), (2,), (5,), (1,), (7,), (3,))",22.4521,180.0654,202.5175,3715.4375596135897,4418.848138919228,83.41937563220029,795.6816576737465,879.1010333059468,195.03751132569803,812.2458376849137,-3.693502375993175,-7.604950180711025,8.230906521058413,-4.061457846788958,3.8351538755080643
692,squeeze,GBBBBBBBBL,"((1, 4), (2,), (3,), (1,), (4,), (7,), (1,), (5,), (7,), (4,))",19.1892,162.4111,181.6003,3948.764509363185,4508.333852979117,75.77363192307203,732.2034602295766,807.9770921526487,170.41924573020563,726.3532967633291,-6.156958039053004,-10.102241286551054,11.237478476801819,-4.204129752251523,6.560910548504211
693,squeeze,GBBBBBBBBL,"((0, 6), (2,), (6,), (6,), (0,), (3,), (4,), (3,), (6,), (4,))",15.0592,171.09640000000002,186.1556,4412.428407148407,4513.24850752937,66.4476418689293,772.2005719436481,838.6482138125774,176.15132145203177,765.3672747383703,-5.374148587508636,-8.737983086026592,9.574610973438492,-3.5548789768393965,5.679366163990157
694,squeeze,GBBBBBBBBL,"((2, 5), (3,), (7,), (4,), (3,), (3,), (7,), (5,), (3,), (2,))",17.125,131.1037,148.2287,4196.723049173049,4887.886390102802,71.86888221708847,640.8199909221207,712.6888731392091,140.85600040290075,643.6804077049057,-4.973867811766045,-9.682831882913934,10.72092060101046,-4.955441164142168,5.234210524230839
695,squeeze,GBBBBBBBBL,"((1, 4), (4,), (3,), (3,), (0,), (5,), (6,), (2,), (1,), (2,))",19.1322,161.599,180.7312,3925.83881118881,4429.474759276764,75.10993330342654,715.7986916243659,790.9086249277925,171.688680926889,724.6900379887335,-5.003297202204716,-8.372469948106154,9.137504790715568,-3.546620721219007,5.266811431186684
696,squeeze,GBBBBBBBBL,"((0, 1), (7,), (5,), (6,), (2,), (7,), (2,), (2,), (3,), (2,))",36.202,171.4178,207.6198,3483.4141633366626,4490.915881687186,126.10655954111384,769.8229204238777,895.9294799649915,200.52717244661983,826.118271032988,-3.4161614419145807,-7.792042844123334,8.450510221098344,-4.530655922913126,3.5369907563366305
697,squeeze,GBBBBBBBBL,"((1, 4), (7,), (1,), (1,), (3,), (5,), (3,), (1,), (4,), (3,))",19.3127,176.1606,195.4733,3950.715257242755,4331.10067248643,76.29897854855216,762.969293125613,839.2682716741651,181.57497672304436,753.7307341105576,-7.110087810946885,-10.191918418764718,11.348553759658794,-3.317723674391657,7.654316430481874
698,squeeze,GBBBBBBBBL,"((3, 6), (7,), (1,), (2,), (4,), (6,), (1,), (1,), (4,), (1,))",15.983,157.90829999999997,173.89129999999997,4385.611913086915,4537.946728864528,70.09523520686817,716.5794534455584,786.6746886524267,163.26272698379503,710.631493649523,-6.112193661330349,-9.666409266728234,10.700791575163066,-3.7855987310825063,6.510103813995404
699,squeeze,GBBBBBBBBL,"((1, 7), (4,), (4,), (2,), (7,), (1,), (7,), (1,), (6,), (5,))",13.5426,159.0101,172.5527,4901.284516594517,4646.843840540242,66.37613569443292,738.8951037686879,805.2712394631209,166.24736575206626,737.8622744869388,-3.654149861424208,-8.370963927772223,9.135711000139395,-4.895710671049925,3.79274235077939
700,squeeze,GLLGGBLBLG,"((3, 0), (4,), (5,), (4, 1), (0, 3), (6,), (0,), (4,), (4,), (3, 4))",51.9644,164.41566,216.38006,3524.395137473479,4576.655645973809,183.1430786817268,752.4738586255103,935.6169373072372,203.15078150346704,850.7285851755531,-6.113908322482646,-9.072981553326509,9.978311956470451,-3.1517695304729307,6.512049030097953
701,squeeze,GLLGGBLBLG,"((3, 4), (1,), (1,), (3, 2), (2, 6), (5,), (3,), (0,), (0,), (0, 2))",18.8087,219.65376000000003,238.46246,4014.743364968365,4121.185992404396,75.5121035286805,905.2339988909572,980.7461024196376,214.07356908805613,872.5257223951598,-10.22755989011598,-11.034495039795008,12.403116291792891,-0.8988673458038063,11.392761383780092
702,squeeze,GLLGGBLBLG,"((1, 5), (1,), (2,), (1, 1), (2, 5), (0,), (5,), (7,), (1,), (1, 2))",16.3365,216.3139,232.6504,4173.927536907537,4200.9103111374725,68.18736720668997,908.71529295236,976.90266015905,210.96822344794526,875.2785206933751,-9.319638630346102,-10.402688375229674,11.61049163929793,-1.1943597583037593,10.277460841113166
703,squeeze,GLLGGBLBLG,"((4, 0), (4,), (2,), (4, 5), (4, 0), (2,), (4,), (2,), (0,), (4, 3))",51.1267,156.5328,207.6595,3671.04504438914,4764.961597974395,187.68841867097024,745.8727808234064,933.5611994943766,197.48498123297546,864.6795855276218,-4.899616327220547,-7.378371552294757,7.966143195658275,-2.606461855719838,5.152046856171588
704,squeeze,GLLGGBLBLG,"((0, 1), (4,), (1,), (4, 1), (4, 1), (2,), (4,), (5,), (4,), (4, 5))",33.3757,184.26522000000003,217.64092,3669.1156420836337,4439.927664359982,122.45930293549074,818.1242478573785,940.5835507928692,213.1974213812307,885.6612596664285,-2.0416650594793007,-5.839171977879452,6.201275095528779,-3.8766552337848097,2.084217806191753
705,squeeze,GLLGGBLBLG,"((3, 0), (3,), (2,), (1, 4), (4, 3), (5,), (2,), (5,), (1,), (1, 4))",48.0432,179.63801999999998,227.68122,3532.6998218601866,4378.039814798412,169.7222040815933,786.4624038115534,956.1846078931468,213.46274450323222,869.949703891551,-6.244904826479663,-9.018645906840664,9.912630996463436,-2.958496362493576,6.660869806512046
706,squeeze,GLLGGBLBLG,"((3, 0), (1,), (3,), (4, 6), (0, 1), (6,), (1,), (7,), (0,), (4, 5))",46.6714,162.23723,208.90863,3628.248748935489,4730.036929364766,169.33544866106777,767.3880892178454,936.7235378789132,201.8858012737142,870.7348724748274,-3.3616747792016928,-7.044625520301163,7.578502652194342,-3.811066399055148,3.4786144850099285
707,squeeze,GLLGGBLBLG,"((2, 5), (4,), (1,), (1, 3), (3, 4), (5,), (3,), (5,), (5,), (4, 7))",14.8269,166.77181,181.59871,4781.739999999999,4560.00411045995,70.89838080599999,760.4801391088458,831.3785199148458,173.2280247638751,764.6107173940092,-4.609440912947509,-8.030975172136436,8.732260874971589,-3.5868688599114713,4.832177268969539
708,squeeze,GLLGGBLBLG,"((3, 6), (2,), (3,), (1, 3), (2, 7), (7,), (0,), (7,), (4,), (2, 2))",15.2569,178.57469,193.83159,4462.716728549229,4528.248789725682,68.08722285580272,808.630623868139,876.7178467239416,175.41523555170562,778.7770208146334,-9.501214145895611,-11.171305143985235,12.576234697687674,-1.8454291760134933,10.498720017319114
709,squeeze,GLLGGBLBLG,"((4, 2), (1,), (2,), (4, 6), (3, 6), (0,), (2,), (6,), (1,), (3, 3))",25.5789,155.82729999999998,181.4062,3938.412921335201,4802.95965809451,100.740270273541,748.4322355297905,849.1725058033315,173.78224797734785,780.7607822536555,-4.202696502463621,-8.056281036202106,8.762187484904995,-4.022644054733316,4.387071816245542
710,squeeze,BLBGLLLLLG,"((0,), (3,), (3,), (0, 3), (0,), (2,), (5,), (1,), (4,), (1, 0))",62.1057,260.1904,322.2961,3363.3549639667112,3931.2709732099374,208.8835143856274,1022.8789670278828,1231.7624814135104,306.42892915901297,1153.0462221022974,-4.923165635881743,-6.390538801026157,6.826808657131991,-1.5433550927082635,5.178091665344445
711,squeeze,BLBGLLLLLG,"((7,), (1,), (2,), (0, 3), (3,), (5,), (5,), (2,), (3,), (2, 5))",14.5498,184.7202,199.27,4995.774707792208,4600.124689189619,72.68752284343506,849.7359526120443,922.4234754554794,184.72923568065653,842.8024599315312,-7.297016269053786,-8.631720423705884,9.4471740780653,-1.439763965446716,7.871393104489581
712,squeeze,BLBGLLLLLG,"((2,), (1,), (1,), (2, 7), (0,), (2,), (1,), (1,), (0,), (2, 2))",30.3733,207.3305,237.7038,3642.018317860255,4118.9704543998505,110.62011497386489,853.9882037959482,964.6083187698132,223.053923133328,889.8416107629143,-6.163080635089553,-7.750991418180027,8.402249018541294,-1.692202593432809,6.56786334931002
713,squeeze,BLBGLLLLLG,"((4,), (3,), (1,), (1, 5), (1,), (4,), (2,), (4,), (1,), (2, 7))",21.0178,181.1137,202.1315,4141.733807858808,4381.653128835472,87.05013282681486,793.577410279969,880.6275431067838,185.798420267443,795.4869063901989,-8.080422760706272,-9.668177810588976,10.702958908895223,-1.7273306705374736,8.790752746469398
714,squeeze,BLBGLLLLLG,"((1,), (4,), (2,), (2, 4), (3,), (4,), (3,), (0,), (5,), (1, 0))",42.0234,215.6417,257.6651,3470.5309112037394,4101.854615604035,145.84350869387924,884.5309024617005,1030.3744111555798,241.00834925511322,943.7756590161137,-6.4644962569190705,-8.404590719828182,9.175777242416409,-2.0741797341874304,6.91127539621259
715,squeeze,BLBGLLLLLG,"((0,), (1,), (3,), (2, 6), (3,), (0,), (5,), (5,), (3,), (3, 7))",55.126,217.7552,272.8812,3535.2919607916265,4184.060206902437,194.8865046305992,911.1008671660816,1105.9873717966807,267.18205746141984,1048.96667453208,-2.0885068442165067,-5.155637281099353,5.435892164070539,-3.132554042458365,2.133055861882888
716,squeeze,BLBGLLLLLG,"((2,), (0,), (7,), (3, 3), (3,), (5,), (3,), (3,), (4,), (4, 3))",30.6855,162.50918000000004,193.19468000000003,3731.4625720048784,4600.377570818319,114.5017947532557,747.6035867240772,862.1053814773329,186.71730905189798,804.0299528847853,-3.3527687967919446,-6.736465151514029,7.223042920749206,-3.5010794542138677,3.4690789948679566
717,squeeze,BLBGLLLLLG,"((4,), (2,), (7,), (2, 2), (3,), (3,), (3,), (2,), (1,), (4, 7))",20.3707,158.2559,178.6266,4382.223892773892,4633.11452863582,89.26896825252912,733.2177095323374,822.4866777848665,171.92125011068464,764.7408088024026,-3.7538361527988315,-7.020888063255436,7.551037988007324,-3.3944749378721397,3.9002449580830696
718,squeeze,BLBGLLLLLG,"((0,), (5,), (3,), (2, 0), (3,), (3,), (5,), (4,), (4,), (0, 1))",62.1548,235.4458,297.6006,3368.5011836956382,4052.092992323816,209.3685173723657,954.0482762520746,1163.4167936244403,282.00715247429224,1081.761872215521,-5.239723147637386,-7.0185441585845085,7.548326808901538,-1.8771800484696217,5.529451075581949
719,squeeze,BLBGLLLLLG,"((4,), (1,), (3,), (2, 7), (4,), (3,), (2,), (2,), (2,), (4, 4))",20.8554,160.907,181.7624,4136.500251415252,4574.657927262517,86.26836734336565,736.0944831020299,822.3628504453956,173.53903414500485,764.150864682517,-4.5242392568513425,-7.078625418372283,7.617865588238774,-2.6754289692363105,4.738626036217276
720,squeeze,BLBLLGLBGL,"((7,), (4,), (3,), (1,), (2,), (2, 7), (2,), (3,), (3, 5), (5,))",15.7168,166.91216,182.62896,4859.783402708403,4738.032391878714,76.38024378368742,790.8352206784426,867.2154644621301,167.50695712762962,778.5800906542655,-8.28017794788427,-10.220686489122809,11.384233282073966,-2.115691567888058,9.027686450568375
721,squeeze,BLBLLGLBGL,"((6,), (4,), (1,), (3,), (2,), (3, 7), (4,), (0,), (2, 7), (5,))",17.2092,181.5813,198.7905,4486.91820561791,4532.230997174075,77.21627278411974,822.9683963671649,900.1846691512847,180.25072916622477,798.8084893058156,-9.326286132272536,-11.261709215848892,12.690924195556253,-2.1344919062206835,10.285545539556807
722,squeeze,BLBLLGLBGL,"((4,), (0,), (0,), (1,), (0,), (3, 7), (4,), (4,), (4, 7), (4,))",22.4277,190.1026,212.5303,3949.1168443214,4323.050242824654,88.56960784938707,821.823091091598,910.3926989409852,193.97277854813137,811.6024203546016,-8.73170623288474,-10.851391789642143,12.172250366530534,-2.3224774664530305,9.567075128154574
723,squeeze,BLBLLGLBGL,"((1,), (3,), (7,), (0,), (0,), (4, 2), (5,), (6,), (3, 2), (2,))",42.2172,210.32846,252.54566,3469.489316912973,4233.908668473141,146.47212438997835,890.5114900206063,1036.9836144105846,234.2705332234841,932.4959003740747,-7.236365406760856,-10.07612006443323,11.20516604894393,-3.061280069635539,7.800864464282489
724,squeeze,BLBLLGLBGL,"((7,), (2,), (6,), (5,), (4,), (4, 5), (3,), (3,), (3, 4), (3,))",15.834,148.83691000000002,164.67091000000002,4817.418047508047,5035.94178824894,76.2789973642424,749.5340147028465,825.813012067089,154.9080652410315,746.6568187366966,-5.928700314444443,-9.585244138047289,10.601415716569823,-3.8869919261510004,6.302347617458065
725,squeeze,BLBLLGLBGL,"((5,), (5,), (1,), (3,), (5,), (1, 3), (3,), (1,), (2, 2), (0,))",19.5411,198.78303,218.32413,4148.0873767898765,4281.462792018878,81.05819023858867,851.0821466297723,932.1403368683608,190.6861976282307,803.7274830302152,-12.659128595528719,-13.7761288466031,15.977163472624225,-1.2788975345821967,14.493934388294486
726,squeeze,BLBLLGLBGL,"((4,), (5,), (5,), (3,), (5,), (0, 1), (4,), (3,), (3, 0), (5,))",22.2755,168.40855000000002,190.68405,3973.06972087553,4514.171006014261,88.50211456736288,760.2249935749031,848.727108142266,177.00369584458466,763.5142094843868,-7.17435682502829,-10.040082123027418,11.160617261520876,-3.0872129726021664,7.728852264998571
727,squeeze,BLBLLGLBGL,"((7,), (3,), (4,), (1,), (5,), (3, 0), (5,), (4,), (0, 3), (4,))",15.9477,167.36229999999998,183.31,4847.550424575424,4765.929466585139,77.30727990600148,797.6369171654619,874.9441970714633,167.93887784204853,782.7868546150934,-8.385315671786305,-10.532939445147584,11.772980334689564,-2.3441916425398834,9.152807471066033
728,squeeze,BLBLLGLBGL,"((7,), (4,), (1,), (5,), (4,), (1, 3), (1,), (7,), (3, 1), (4,))",15.8711,155.11569999999998,170.9868,4853.546611721611,5016.601614132886,77.03112362929485,778.1536709973525,855.1847946266473,158.3506965175816,770.229900687039,-7.390104664464379,-9.934097808263473,11.02980991309597,-2.7469992645839145,7.979821851314292
729,squeeze,BLBLLGLBGL,"((0,), (3,), (3,), (2,), (4,), (2, 7), (4,), (5,), (2, 0), (3,))",62.1528,222.3036,284.45640000000003,3375.772132426402,4103.509432569173,209.8136901922717,912.2249194940844,1122.0386096863565,260.8414879116908,1007.4747455066484,-8.30176859733485,-10.21033172929157,11.371388185228907,-2.0813521730597415,9.053357377068853
730,squeeze,BBGGGLLGGB,"((5,), (0,), (4, 0), (3, 3), (2, 7), (0,), (5,), (4, 7), (2, 3), (2,))",19.1835,170.42229999999995,189.6058,4141.029625652126,4587.077209740853,79.43944182369755,781.7402483616182,861.1796901853157,170.08013311355654,758.8459263039209,-10.29803248974633,-11.882974604216896,13.485446825790785,-1.7668978267275965,11.4802749321738
731,squeeze,BBGGGLLGGB,"((4,), (3,), (4, 3), (3, 1), (4, 4), (1,), (5,), (1, 0), (1, 3), (4,))",19.9081,157.86700000000002,177.7751,4026.761814851815,4575.048679863641,80.16517688625142,722.2492099440335,802.4143868302849,167.05755860692568,728.0744936550426,-6.028707841016164,-9.2645264585673,10.210478985748427,-3.443411858247806,6.415478283321454
732,squeeze,BBGGGLLGGB,"((0,), (4,), (2, 0), (0, 0), (4, 7), (2,), (0,), (4, 6), (2, 1), (2,))",57.7119,255.5678,313.2797,3384.767730871105,3979.796665468815,195.34137680726013,1017.1078782412012,1212.4492550484613,295.3462034532239,1119.1098656655329,-5.724436197677698,-7.698416160039428,8.340502773373347,-2.093840527435917,6.072025418676618
733,squeeze,BBGGGLLGGB,"((5,), (1,), (0, 5), (1, 4), (2, 3), (3,), (0,), (2, 1), (2, 0), (2,))",19.3044,194.1039,213.4083,4146.531036186035,4263.983674171718,80.0462937349497,827.6558606930597,907.7021544280094,198.71823004070313,830.132882783573,-6.883551370446634,-8.545674510744867,9.344199374964392,-1.784994128062911,7.39241183674387
734,squeeze,BBGGGLLGGB,"((5,), (4,), (1, 5), (1, 1), (4, 1), (4,), (3,), (3, 3), (2, 6), (1,))",19.8194,174.44469999999998,194.2641,4110.027892940393,4467.191463447247,81.45828682134282,779.2778746836159,860.7361615049588,180.90001761341625,778.0138773990839,-6.8793371428811385,-9.610643517200286,10.632494677655014,-2.9330830457145316,7.387551733213671
735,squeeze,BBGGGLLGGB,"((3,), (4,), (1, 6), (3, 3), (4, 4), (5,), (2,), (3, 7), (4, 4), (2,))",23.1838,154.0412,177.225,3758.801404852029,4633.0888646306375,87.14330000980847,713.686568414341,800.8298684241495,171.7042049434565,738.2962269986158,-3.1151333370255356,-7.808605034747971,8.46999336292841,-4.8443806131758755,3.2152940333415545
736,squeeze,BBGGGLLGGB,"((4,), (1,), (1, 5), (4, 5), (4, 5), (4,), (4,), (4, 5), (2, 7), (4,))",18.8103,145.5047,164.315,4048.084118659117,4872.4831326020285,76.1456766972136,708.9691964643184,785.114873161532,153.10984566518044,700.9232070112346,-6.819313108857715,-10.72348378922833,12.011539253963956,-4.189892573910338,7.318376088839446
737,squeeze,BBGGGLLGGB,"((1,), (2,), (0, 5), (2, 5), (2, 1), (0,), (1,), (2, 7), (1, 0), (1,))",41.4635,227.1885,268.652,3466.1973402627486,4018.86275332014,143.72067341798447,913.0394006326728,1056.7600740506573,251.45039727546353,973.5237029378821,-6.402931198925173,-7.876562822223456,8.550009708195708,-1.5744420655204958,6.8409526932232785
738,squeeze,BBGGGLLGGB,"((3,), (2,), (4, 4), (3, 4), (0, 3), (0,), (5,), (3, 5), (4, 2), (5,))",20.8301,170.16610000000003,190.9962,3885.712572803013,4506.708563775846,80.93978146274404,766.8890201343371,847.8288015970811,173.25045115062653,747.9339207740292,-9.291152834126258,-11.782435396730673,13.35611048629427,-2.7464603954769164,10.242829805935138
739,squeeze,BBGGGLLGGB,"((1,), (3,), (0, 5), (3, 0), (4, 3), (4,), (1,), (0, 3), (3, 4), (7,))",34.445,202.9538,237.3988,3673.517005249916,4255.218611238962,126.53429324583335,863.61278698167,990.1470802275034,230.24893862110986,923.0290900988955,-3.011751272074727,-6.77858789556662,7.2714923991633515,-3.883807237368256,3.10527441373171
740,squeeze,BBBLGGLGLL,"((5,), (4,), (5,), (4,), (4, 1), (0, 6), (1,), (2, 3), (5,), (5,))",19.4108,159.2664,178.6772,4200.94203171828,4656.045009876563,81.54364558927719,741.5515269610047,823.0951725502819,161.92494743027606,727.6446281066296,-9.375708019671194,-11.596537997897356,13.117741924656231,-2.4505901560127112,10.345689676346714
741,squeeze,BBBLGGLGLL,"((2,), (0,), (4,), (3,), (2, 2), (0, 3), (5,), (3, 2), (5,), (0,))",32.1376,202.87840000000003,235.016,3581.425960474309,4182.855072070001,115.09843494733914,848.6109444534467,963.7093794007858,211.73378320930863,851.8308334041949,-9.906651798469621,-11.609158153690965,13.133892506507157,-1.8897137127293664,10.995985826067177
742,squeeze,BBBLGGLGLL,"((0,), (3,), (0,), (0,), (1, 5), (2, 1), (3,), (3, 2), (0,), (4,))",62.155,248.9269,311.0819,3360.410692636553,3939.6795045399554,208.8663266008249,980.6922060586668,1189.558532659492,283.28367192758435,1071.8567376193362,-8.935983762609032,-9.894577846204024,10.981112578680895,-1.0526595720268686,9.812859273979521
743,squeeze,BBBLGGLGLL,"((2,), (2,), (1,), (1,), (0, 5), (4, 0), (2,), (0, 5), (2,), (0,))",32.0605,224.0555,256.116,3588.3271370124926,4044.4959726880097,115.043562176189,906.1915674085984,1021.2351295847874,232.4929906246544,912.6899042302624,-9.223558612248198,-10.628818203566613,11.892892082121696,-1.5480443712436813,10.16074046442263
744,squeeze,BBBLGGLGLL,"((4,), (3,), (2,), (2,), (3, 2), (2, 3), (0,), (4, 7), (4,), (2,))",22.5129,165.7859,188.2988,3924.654034960138,4450.893820967192,88.35534382365408,737.8954379134849,826.2507817371389,174.13078289693863,742.9629005692934,-7.52422060207573,-10.08021813821926,11.210234199315522,-2.763964308043346,8.13642301915502
745,squeeze,BBBLGGLGLL,"((2,), (7,), (2,), (5,), (2, 1), (2, 4), (0,), (0, 4), (5,), (2,))",31.9236,199.3205,231.2441,3597.925946080616,4242.2933204004885,114.85874873229916,845.5760257688856,960.4347745011848,206.6045767034152,840.5760155432233,-10.655200844728492,-12.47963548802279,14.259121928491226,-2.0420154956346592,11.925932953535352
746,squeeze,BBBLGGLGLL,"((3,), (5,), (0,), (4,), (0, 7), (3, 3), (0,), (1, 4), (4,), (1,))",26.3259,193.43520000000004,219.76110000000003,3702.909594328958,4239.875421864792,97.48242768934472,820.1411502035005,917.6235778928452,201.3396730584492,824.6084735538439,-8.38247849212205,-10.136520745532014,11.279911293917591,-1.9145270735785418,9.149427264741346
747,squeeze,BBBLGGLGLL,"((0,), (6,), (7,), (4,), (2, 6), (0, 5), (3,), (3, 3), (0,), (0,))",61.894,246.8691,308.7631,3354.782575833674,4031.069152622415,207.64091274864936,995.1464137456584,1202.7873264943078,273.43910876597016,1050.18392974073,-11.44048341075402,-12.687479606088111,14.531111401719166,-1.408088304182911,12.91841221742088
748,squeeze,BBBLGGLGLL,"((1,), (0,), (3,), (3,), (0, 5), (1, 4), (4,), (0, 7), (1,), (1,))",42.2652,242.9334,285.1986,3453.3006478464063,4002.976211091701,145.9544425413579,972.4566210796246,1118.4110636209823,246.06255347327,959.8800541110257,-13.722383814903024,-14.174663919784063,16.515710356829626,-0.524214883163595,15.904917661915361
749,squeeze,BBBLGGLGLL,"((2,), (3,), (3,), (4,), (3, 5), (3, 1), (5,), (0, 1), (0,), (2,))",32.1263,196.0504,228.1767,3590.940501225939,4209.003352865831,115.36363182453488,825.1767909306874,940.5404227552224,202.32426509037901,821.3617384065201,-11.330006486035163,-12.67129848598956,14.509889951766496,-1.5126785813322043,12.777723372959054
750,squeeze,LBGLGBGGBB,"((2,), (5,), (4, 4), (0,), (2, 2), (7,), (1, 0), (1, 5), (4,), (1,))",61.7631,212.1088,273.8719,3288.275822527125,4134.253719119696,203.0941084543251,876.9115952580158,1080.0057037123408,244.32649222050668,936.5038014756999,-10.788039145123433,-13.287142997798707,15.323152133554322,-2.8013103049496118,12.092592788844339
751,squeeze,LBGLGBGGBB,"((3,), (5,), (3, 2), (0,), (4, 0), (0,), (1, 7), (2, 1), (6,), (4,))",50.9156,205.6112,256.5268,3364.119533738809,4158.200547803002,171.28616453203168,854.9726044744326,1026.2587690064645,223.9331437608634,879.9326326495169,-12.70575091535722,-14.258210577689677,16.62924307243305,-1.7784214637405906,14.555083580634717
752,squeeze,LBGLGBGGBB,"((3,), (0,), (0, 1), (3,), (3, 0), (6,), (3, 0), (0, 4), (6,), (2,))",50.9039,200.20081,251.10471,3353.3825570646864,4169.897045186539,170.7002503465651,834.8167660629516,1005.5170164095168,229.1606643460336,895.5594172342124,-8.73900200994494,-10.93542897642241,12.278090884789123,-2.4067531747974447,9.575834367817517
753,squeeze,LBGLGBGGBB,"((1,), (0,), (1, 7), (3,), (1, 1), (6,), (1, 4), (1, 0), (3,), (6,))",83.1076,199.15540000000004,282.26300000000003,3253.913428050645,4165.690031087372,270.42493561306185,829.619664417218,1100.04460003028,267.7521023450631,1013.4763426193177,-5.140913848055505,-7.869522509230931,8.541714667678137,-2.8764863460783943,5.41952706546302
754,squeeze,LBGLGBGGBB,"((1,), (6,), (2, 3), (1,), (0, 4), (5,), (3, 1), (4, 0), (3,), (6,))",83.1161,187.92366,271.03975999999994,3260.427561110569,4260.056387003544,270.9940232120222,800.5653880520825,1071.5594112641047,250.02462655899024,959.2209905533701,-7.753524221320782,-10.48363903390204,11.711422270474609,-2.9595871165110337,8.40522540928641
755,squeeze,LBGLGBGGBB,"((3,), (5,), (2, 5), (4,), (1, 1), (0,), (2, 1), (4, 2), (0,), (5,))",50.7997,178.80390000000003,229.60360000000003,3374.486047215124,4315.269206929447,171.42287885271415,771.5869637488923,943.0098426016064,205.34243407779033,828.8158201089382,-10.566544218910197,-12.109526044566618,13.777973311086011,-1.7252848077717629,11.814979222959238
756,squeeze,LBGLGBGGBB,"((3,), (6,), (1, 6), (5,), (0, 3), (7,), (0, 0), (1, 0), (7,), (7,))",50.9084,179.68713999999997,230.59554,3422.7862424508685,4497.592506412209,174.2485711451858,808.1595343626414,982.4081055078271,207.01845055665433,855.9946473717905,-10.22443428148943,-12.867713267765732,14.768019697806647,-2.944318941485981,11.388883155075773
757,squeeze,LBGLGBGGBB,"((3,), (7,), (3, 0), (0,), (4, 0), (5,), (0, 5), (4, 0), (4,), (4,))",50.888,193.64983,244.53783,3367.8576126941834,4286.774328814167,171.3835381947816,830.1331200232277,1001.5166582180092,216.33518914961695,867.895748992596,-11.53303799677255,-13.341855887166547,15.395963095857153,-2.04462530354326,13.03654803513179
758,squeeze,LBGLGBGGBB,"((0,), (5,), (0, 3), (3,), (2, 5), (1,), (4, 5), (0, 1), (2,), (6,))",121.637,219.49461,341.13161,3201.4723901069774,4077.5795405703448,389.4174971154424,895.006731001467,1284.4242281169095,329.73350773363126,1208.0699286524434,-3.3412624137554316,-5.944632450324367,6.320354281944293,-2.6933623401051108,3.4567618998480794
759,squeeze,LBGLGBGGBB,"((2,), (3,), (4, 7), (0,), (2, 5), (1,), (3, 6), (0, 6), (3,), (6,))",62.1764,205.58982,267.76622,3312.9310312751763,4166.096679834073,205.98612497297788,856.5070665096848,1062.4931914826627,240.15262632827714,932.2048420302772,-10.312575526413616,-12.262511468009867,13.976364805038614,-2.1741464347329025,11.498351733191708
760,squeeze,LBBGBBLBBL,"((2,), (0,), (0,), (4, 4), (1,), (7,), (1,), (0,), (0,), (0,))",61.6734,217.80830000000003,279.48170000000005,3260.58590897023,4040.158065873256,201.09141899828452,879.979960059142,1081.0713790574266,255.28138760792933,968.949235662931,-8.658997133648002,-10.371391340713656,11.571518844099659,-1.87472674191151,9.479857743972493
761,squeeze,LBBGBBLBBL,"((3,), (0,), (4,), (4, 7), (3,), (6,), (5,), (6,), (1,), (3,))",49.0592,145.9766,195.0358,3334.320368663595,4688.956364787843,163.57908983034105,684.477907680089,848.0569975104299,180.60937810181895,756.8938875986127,-7.396807098071763,-10.749644207811174,12.044371265970895,-3.6206495744593186,7.987637214523886
762,squeeze,LBBGBBLBBL,"((2,), (4,), (4,), (0, 3), (6,), (0,), (4,), (7,), (4,), (3,))",60.6107,182.2739,242.8846,3273.4709313171347,4300.453422156572,198.40736457678344,783.8604170248248,982.2677816016082,225.61511410637993,885.6662411132193,-7.11016091329795,-9.834542300764275,10.907217189058464,-2.9329164677779502,7.6544011521662885
763,squeeze,LBBGBBLBBL,"((3,), (5,), (1,), (4, 7), (7,), (7,), (0,), (3,), (3,), (1,))",49.9713,158.24690000000004,208.2182,3322.385417841117,4515.239743778755,166.0239184305638,714.5226922097825,880.5466106403462,190.84780265146867,780.1439276887212,-8.342401071823371,-11.40231326069278,12.869764076621237,-3.3384162629736553,9.101701516707317
764,squeeze,LBBGBBLBBL,"((5,), (0,), (1,), (1, 0), (0,), (4,), (3,), (5,), (5,), (5,))",35.0737,169.5421,204.6158,3563.135341614907,4429.149445470035,124.97234003119875,750.9272981988253,875.899638230024,185.40307847293082,777.9793007121074,-9.389656872572496,-11.179401525474926,12.586496508105968,-1.9752101041991017,10.36267665311409
765,squeeze,LBBGBBLBBL,"((3,), (6,), (6,), (1, 6), (5,), (4,), (2,), (0,), (3,), (5,))",49.1168,174.3229,223.4397,3356.661123916651,4352.368765731807,164.86845309118937,758.7175451117893,923.5859982029788,207.4860212361297,831.351918223831,-7.140037676326231,-9.986517785956867,11.094468895459352,-3.065347043442569,7.689037877744153
766,squeeze,LBBGBBLBBL,"((0,), (5,), (4,), (2, 5), (2,), (3,), (3,), (1,), (6,), (5,))",121.105,201.11310000000003,322.21810000000005,3183.550237116768,4102.796483173043,385.54385146602624,825.1261194000288,1210.6699708660549,305.0321053509496,1117.6711412483573,-5.333652780228803,-7.681600424199062,8.320768621960186,-2.4802347538765925,5.63415927293206
767,squeeze,LBBGBBLBBL,"((5,), (1,), (7,), (2, 2), (5,), (0,), (0,), (5,), (1,), (2,))",35.8084,173.283,209.0914,3533.4920683229807,4387.842949286478,126.52869737933662,760.3385897812086,886.8672871605452,190.15870390781467,787.760181659573,-9.05474643729265,-11.174964612606267,12.580872682874553,-2.3313126218859996,9.95626058818929
768,squeeze,LBBGBBLBBL,"((3,), (6,), (2,), (0, 6), (2,), (2,), (1,), (6,), (3,), (3,))",49.1425,178.55740000000003,227.6999,3331.807179709659,4305.934581321922,163.7333343288819,768.8564834109312,932.5898177398132,209.01281600190376,834.4794535147252,-8.206891613960416,-10.520205384920919,11.757073683702954,-2.520138833551397,8.940640270559303
769,squeeze,LBBGBBLBBL,"((1,), (0,), (5,), (0, 3), (4,), (6,), (4,), (7,), (6,), (0,))",82.5086,206.35880000000003,288.86740000000003,3212.7876515429425,4173.04450350275,265.08261122609605,861.1444560894234,1126.2270673155194,274.26833350068756,1035.9951691021947,-5.053898951322465,-8.01187441076176,8.709683298187638,-3.1154259382623644,5.32291362731304
770,squeeze,BBGGBLLBLL,"((2,), (7,), (0, 3), (4, 4), (7,), (2,), (4,), (2,), (2,), (5,))",31.9924,172.92511999999996,204.91752,3607.162889293392,4463.592952850185,115.4017980194299,771.8673470027724,887.2691450222022,188.8023132320945,793.0290980568844,-7.86424058221352,-10.621359651017686,11.883554739192927,-2.992452752575792,8.535492225720303
771,squeeze,BBGGBLLBLL,"((4,), (2,), (4, 3), (3, 6), (2,), (4,), (1,), (7,), (4,), (2,))",22.3899,153.03945999999996,175.42935999999997,3918.39841117216,4704.1543601020585,87.73254858630355,719.9212430266643,807.6537916129679,158.5312063504361,710.4766602462191,-9.632454709726971,-12.032028125897362,13.677737328214496,-2.6553486746404644,10.659197036708475
772,squeeze,BBGGBLLBLL,"((6,), (5,), (1, 3), (2, 2), (2,), (1,), (1,), (2,), (1,), (1,))",17.6674,186.68302000000008,204.35042000000004,4365.042401348651,4377.076896751531,77.11895012158716,817.1259338578044,894.2448839793916,176.3825532733555,767.7987220942875,-13.686229138479149,-14.139992763773876,16.4686601118849,-0.5257140555505645,15.856367995365312
773,squeeze,BBGGBLLBLL,"((4,), (2,), (3, 0), (0, 3), (7,), (5,), (2,), (0,), (2,), (3,))",22.5574,202.21718,224.77458,3915.979989495799,4232.990522911076,88.33432701505255,855.9834065098032,944.3177335248556,208.2640355986097,852.2288209457085,-7.345378824149195,-9.75189910237169,10.805655748295049,-2.5973019453127213,7.927698296028077
774,squeeze,BBGGBLLBLL,"((2,), (7,), (2, 5), (0, 3), (5,), (2,), (2,), (3,), (5,), (0,))",32.0181,217.61447,249.63257,3575.013905977066,4120.341623504512,114.46515274296428,896.645958617874,1011.1111113608384,222.46485570034838,884.0087530191527,-10.883080801376043,-12.570562909809261,14.377952470220862,-1.8935597455654276,12.212137604442779
775,squeeze,BBGGBLLBLL,"((2,), (6,), (4, 3), (3, 3), (5,), (5,), (3,), (3,), (3,), (1,))",31.9029,167.17035,199.07325,3573.297412074323,4444.252211899959,113.99855000766593,742.9471977515902,856.9457477592562,180.88499015817575,755.716184189281,-9.136466020333845,-11.812832239925399,13.395182700575953,-2.9454788982679037,10.05515152247814
776,squeeze,BBGGBLLBLL,"((3,), (5,), (0, 1), (3, 1), (4,), (4,), (2,), (2,), (4,), (1,))",26.1739,181.3787,207.5526,3713.440668091797,4291.760247814227,97.19522470256788,778.4338944602224,875.6291191627903,187.8687481173299,774.6801429189854,-9.483789594864206,-11.528736771605374,13.031052514581104,-2.2592054700349617,10.477448793333602
777,squeeze,BBGGBLLBLL,"((6,), (2,), (0, 1), (0, 2), (2,), (2,), (3,), (6,), (4,), (3,))",17.4101,188.37941,205.78951,4442.461812631813,4441.381699338656,77.34370440410113,836.6648641062135,914.0085685103146,186.20874152545298,813.860044093001,-9.514949753535555,-10.95706625382511,12.305374264800447,-1.5937621699512812,10.515493694945842
778,squeeze,BBGGBLLBLL,"((0,), (2,), (2, 0), (4, 7), (0,), (2,), (2,), (5,), (3,), (5,))",61.9494,213.3623,275.3117,3363.430891441234,4185.052671310422,208.36252566624955,892.9324635719356,1101.2949892381853,253.6779008731546,995.7871770808797,-7.857929440283636,-9.580340706924494,10.595417834822753,-1.869299502581267,8.528058239358735
779,squeeze,BBGGBLLBLL,"((6,), (0,), (0, 7), (3, 5), (6,), (5,), (3,), (6,), (4,), (0,))",17.502,177.09947,194.60147,4381.47484848485,4639.0490652145845,76.68457279818183,821.5731307534983,898.2577035516802,174.52721321675094,787.8082974518304,-10.31557304436039,-12.29595979674169,14.019832801596396,-2.2081723880120814,11.502078336813984
780,squeeze,LBLGLBBLLB,"((3,), (3,), (2,), (3, 5), (3,), (0,), (1,), (2,), (2,), (7,))",50.9574,183.5996,234.557,3416.2784173257346,4249.981217603734,174.08466582303438,780.2948515595585,954.3795173825928,208.02176579188418,830.980502778345,-11.312915073144612,-12.929763511969782,14.849808652750443,-1.8230934528501581,12.755989310591197
781,squeeze,LBLGLBBLLB,"((1,), (3,), (1,), (0, 3), (4,), (3,), (0,), (2,), (5,), (2,))",83.1393,234.86343000000005,318.00273000000004,3225.2056748983805,3896.517096795442,268.1413421670789,915.1493704070195,1183.2907125740985,295.8090104571621,1082.4651761872722,-6.979097174051909,-8.520774761046946,9.314436954171637,-1.6573453279416948,7.502719240545898
782,squeeze,LBLGLBBLLB,"((3,), (5,), (1,), (0, 1), (1,), (2,), (0,), (2,), (4,), (6,))",50.9052,205.41533,256.32053,3394.510930194532,4081.503344884477,172.7982578037387,838.4033564855487,1011.2016142892874,235.0197271264776,910.381370881094,-8.310221141288382,-9.970340432956473,11.074506424776308,-1.8105827196139728,9.063410605552802
783,squeeze,LBLGLBBLLB,"((0,), (5,), (0,), (3, 4), (0,), (6,), (4,), (3,), (0,), (2,))",121.483,218.93670000000003,340.41970000000003,3173.762297306878,4009.370661692197,385.5581651637314,877.7983817477061,1263.3565469114376,324.54975199019793,1178.5072491644976,-4.661877091661293,-6.716179842845903,7.199726417219231,-2.1547547701979495,4.889835198605045
784,squeeze,LBLGLBBLLB,"((5,), (2,), (2,), (3, 5), (5,), (3,), (7,), (1,), (1,), (2,))",37.332,175.23970999999997,212.57171,3546.613410658587,4366.829186914408,132.40217184670635,765.2418803344165,897.6440521811228,186.83296127010902,775.6048487523776,-12.10826630217679,-13.595500703448165,15.734713833346317,-1.6921209068244807,13.77634254411878
785,squeeze,LBLGLBBLLB,"((3,), (1,), (1,), (4, 0), (1,), (7,), (4,), (3,), (4,), (4,))",50.8362,159.5598,210.396,3365.996348895712,4442.353161935147,171.11446359173218,708.8209820477397,879.9354456394718,192.0592972192484,782.3833684257994,-8.715328609266138,-11.086276578252715,12.468577573415555,-2.597312268166035,9.547417410269412
786,squeeze,LBLGLBBLLB,"((5,), (7,), (4,), (0, 1), (4,), (7,), (7,), (0,), (1,), (4,))",37.3022,192.29397,229.59617,3571.7830653042606,4356.505333391182,133.2353662585926,837.729705883964,970.9650721425568,207.30412933421906,855.3990216417873,-9.709238906633741,-11.902184106968797,13.510192036338909,-2.428759237135469,10.753302762166095
787,squeeze,LBLGLBBLLB,"((1,), (1,), (4,), (0, 0), (3,), (6,), (3,), (5,), (2,), (1,))",82.611,218.4522000000001,301.06320000000005,3210.204550767116,4001.5497234652944,265.1982081434222,874.1473405003856,1139.345548643808,283.4923724637712,1051.4915734902988,-5.836258810850636,-7.710915732113395,8.355176338873397,-1.9908479607846898,6.197989520326278
788,squeeze,LBLGLBBLLB,"((0,), (6,), (5,), (0, 7), (0,), (0,), (7,), (2,), (3,), (5,))",121.46,238.86672000000004,360.32672,3189.76225142484,4026.0577744110574,387.4285230580611,961.6912151040692,1349.1197381621305,344.35047021958235,1260.5913290196413,-4.433823220331169,-6.561938621036636,7.022768371041985,-2.2268499927666983,4.639531861312706
789,squeeze,LBLGLBBLLB,"((5,), (1,), (4,), (0, 4), (5,), (3,), (3,), (5,), (3,), (0,))",36.5244,213.72977,250.25417,3536.7293658008653,4135.25375149195,129.17691804825714,883.8268331980117,1013.0037512462688,223.22623916842963,895.4696873021948,-10.80019199343226,-11.60252998071087,13.125409560001097,-0.8994839845614121,12.107864618539374
790,squeeze,GBBBLGGLLL,"((1, 2), (4,), (2,), (7,), (1,), (0, 3), (4, 5), (1,), (3,), (3,))",27.8357,175.03880000000004,202.87450000000004,3592.463025795714,4390.500622686312,99.99872304714177,768.5079603942652,868.506683441407,186.38844038543067,782.3663780622801,-8.126235487737182,-9.918208693317238,11.010225873007755,-1.9504732554426731,8.845001106548262
791,squeeze,GBBBLGGLLL,"((2, 2), (7,), (5,), (2,), (0,), (3, 3), (4, 3), (0,), (1,), (4,))",27.8358,171.8868,199.7226,3622.6462566575415,4338.800298667795,100.839256671068,745.7824991770515,846.6217558481195,182.06942738454154,753.8323414036446,-8.83884578683557,-10.959961021970354,12.30902540897886,-2.3267753172309686,9.695846726740083
792,squeeze,GBBBLGGLLL,"((1, 4), (5,), (4,), (7,), (5,), (0, 1), (1, 4), (5,), (3,), (3,))",19.8578,162.73311,182.59091,3916.705605056708,4580.103459442012,77.77715656409511,745.3344800767575,823.1116366408526,168.89698367514814,742.9857986559487,-7.499785353417578,-9.734504339156262,10.784302759198157,-2.415906810894356,8.107857243436861
793,squeeze,GBBBLGGLLL,"((0, 5), (0,), (6,), (7,), (1,), (0, 2), (2, 5), (0,), (5,), (0,))",17.1701,233.6108,250.7809,4080.62208014208,4104.646154330094,70.06468917824753,958.8896718299768,1028.9543610082242,225.8348366704815,921.555211333961,-9.947353777547848,-10.437698088866428,11.654119943481387,-0.5445084979594063,11.046153772067331
794,squeeze,GBBBLGGLLL,"((4, 2), (7,), (7,), (3,), (0,), (3, 6), (1, 7), (1,), (3,), (4,))",28.7289,150.1716,178.90050000000002,3812.6265173216498,4730.886144113509,109.53256595348196,710.4447416793562,819.9773076328381,161.53156464151073,725.9687196356534,-9.708712585201994,-11.464779222802468,12.949399258464664,-1.9448904627232757,10.75265716458354
795,squeeze,GBBBLGGLLL,"((1, 3), (3,), (3,), (5,), (4,), (3, 5), (3, 6), (0,), (2,), (5,))",23.1172,168.01049999999998,191.1277,3742.0393822272495,4394.550412510452,86.50547280682378,738.3306120810872,824.836084887911,176.34623138314785,744.7945891989057,-7.733818079144024,-9.703927502139097,10.746788020452378,-2.1352454192642183,8.382072302263401
796,squeeze,GBBBLGGLLL,"((2, 5), (1,), (6,), (1,), (2,), (1, 4), (1, 3), (1,), (0,), (2,))",17.4132,192.1947,209.6079,4131.775442890443,4149.52279255916,71.94743214213985,797.51628825907,869.4637204012099,189.85546393154658,777.1992652353281,-9.423516989795433,-10.61165095230274,11.871402778275291,-1.3117466289494264,10.403933423572822
797,squeeze,GBBBLGGLLL,"((1, 1), (7,), (0,), (5,), (5,), (3, 0), (2, 1), (5,), (3,), (4,))",36.4407,166.11439,202.55509,3482.5217396444145,4486.46016692864,126.9055299578602,745.2655938886493,872.1711238465095,188.26534907999832,786.343207764572,-7.05474294425368,-9.84071975501933,10.914816232206096,-2.997438383644123,7.590212957313593
798,squeeze,GBBBLGGLLL,"((1, 5), (0,), (7,), (0,), (2,), (0, 7), (1, 5), (3,), (2,), (1,))",17.4118,221.0312,238.443,4109.3046848249805,4097.551368812633,71.5503913112356,905.6866961102988,977.2370874215344,215.83403927224663,874.7886071605636,-9.481914221744141,-10.48348262459868,11.711227080734812,-1.1064842945398736,10.475159897848698
799,squeeze,GBBBLGGLLL,"((3, 6), (6,), (2,), (7,), (2,), (1, 7), (2, 3), (4,), (1,), (5,))",16.4639,139.1989,155.6628,4416.061242368743,4912.418889357869,72.70559068823474,683.8033057378373,756.5088964260719,143.31823602551125,679.7176136979806,-7.930323734693678,-10.15074417377927,11.297527264346,-2.411673994255471,8.613393743062376
800,squeeze,LBBBGGBLBB,"((2,), (2,), (5,), (3,), (0, 3), (4, 4), (2,), (5,), (1,), (0,))",61.7164,194.11640000000003,255.8328,3264.563072547772,4176.745391285453,201.4770804105873,810.7747790729236,1012.251859483511,235.98225297372548,912.9250687403097,-7.7591876515734155,-9.812458215081131,10.88005950808824,-2.225989246226254,8.411881307228931
801,squeeze,LBBBGGBLBB,"((4,), (6,), (4,), (2,), (3, 5), (0, 3), (4,), (5,), (7,), (3,))",43.1838,152.8475,196.0313,3437.80391204032,4603.449492874855,148.45743657676678,703.6257463621894,852.0831829389562,183.68998485177707,765.8210390942944,-6.295583995118595,-10.123676370085294,11.26400809602731,-4.085284918447462,6.718556353620123
802,squeeze,LBBBGGBLBB,"((2,), (3,), (0,), (3,), (1, 4), (1, 7), (1,), (2,), (7,), (7,))",62.18,177.46679999999998,239.6468,3333.5373733767187,4320.518521316799,207.2793538765644,766.748596318824,974.0279501953884,220.24782185961294,874.3743748622204,-8.094820435902783,-10.231079643369334,11.39712898709674,-2.324416553668416,8.807795680609317
803,squeeze,LBBBGGBLBB,"((2,), (7,), (1,), (1,), (4, 1), (0, 6), (7,), (2,), (5,), (2,))",62.141,181.5284,243.6694,3283.409092977996,4305.860595283607,204.0343244467456,781.6359844848807,985.6703089316264,230.44298458170329,897.5004814839086,-5.428016574217653,-8.945164184085607,9.823930935606825,-3.7190164385503484,5.739560890649421
804,squeeze,LBBBGGBLBB,"((1,), (3,), (1,), (3,), (3, 5), (4, 6), (4,), (5,), (3,), (2,))",83.0639,173.3967,256.4606,3217.916428571428,4300.194568563235,267.29268843121423,745.6395475467888,1012.9322359780032,244.58567797037634,935.1426495602766,-4.6303104763942935,-7.679643677508143,8.31847274362953,-3.197381910695103,4.855117490183506
805,squeeze,LBBBGGBLBB,"((1,), (1,), (3,), (6,), (2, 7), (3, 2), (0,), (3,), (2,), (0,))",82.6774,214.1485,296.8259,3210.4005277353785,4060.496444349562,265.427568591789,869.5492228127922,1134.9767914045813,278.0557523705343,1044.4292051436148,-6.323621904107987,-7.977924037451905,8.669576244616389,-1.7659757635489386,6.7504978657851105
806,squeeze,LBBBGGBLBB,"((0,), (0,), (2,), (1,), (4, 1), (2, 3), (0,), (5,), (2,), (3,))",121.681,233.321,355.00199999999995,3185.57955701084,3949.030975758903,387.624506076636,921.391856295043,1309.016362371679,332.24459315740086,1208.561845098871,-6.410501023261586,-7.674045960037072,8.311905400636752,-1.3500926392281871,6.849594338414943
807,squeeze,LBBBGGBLBB,"((1,), (5,), (5,), (1,), (0, 1), (3, 2), (5,), (3,), (2,), (6,))",83.0686,180.13079999999997,263.1994,3246.2890273556222,4255.106612944297,269.6646846977933,766.4757582749464,1036.1404429727395,251.75573637721993,961.6648554453624,-4.347906424855107,-7.1877888786681154,7.744443098410445,-2.9689705135225113,4.5455423528595995
808,squeeze,LBBBGGBLBB,"((3,), (6,), (7,), (1,), (3, 7), (1, 5), (0,), (5,), (6,), (2,))",50.9015,183.65350000000004,234.55500000000004,3348.077149045396,4328.225570615749,170.4221490021342,794.8937748330796,965.315923835214,209.74111894015982,843.7020842304739,-10.579131146144917,-12.598345950988412,14.414310676458983,-2.2581024214197525,11.830718356623109
809,squeeze,LBBBGGBLBB,"((0,), (3,), (1,), (2,), (2, 6), (0, 3), (3,), (0,), (3,), (4,))",121.636,224.1895,345.8255,3170.2624781752843,3951.912674542867,385.6180467953288,885.9773265494282,1271.595373344757,329.8363801988713,1195.2933305097395,-4.623464666754954,-6.000497047603714,6.383541251960155,-1.4437852832852636,4.847591339526649
810,squeeze,LBBGBLGGBB,"((2,), (2,), (1,), (0, 4), (4,), (5,), (2, 1), (0, 4), (1,), (5,))",62.2306,200.4283,262.6589,3292.056242570761,4097.95756072108,204.866635208924,821.346667367473,1026.213302576397,247.3873294426271,945.9624883420931,-5.814221622557968,-7.820091011569155,8.483509147910546,-2.129694550033694,6.173141765902214
811,squeeze,LBBGBLGGBB,"((3,), (0,), (2,), (1, 2), (3,), (0,), (1, 4), (2, 4), (4,), (3,))",50.9456,191.51538000000005,242.46098000000003,3344.319433728083,4104.8190856749225,170.37836014293742,786.1359870242854,956.5143471672228,219.60288655048632,853.8602506611354,-9.427534875720504,-10.73210211745427,12.022353356606459,-1.44035744190434,10.40883105343821
812,squeeze,LBBGBLGGBB,"((3,), (7,), (5,), (0, 6), (5,), (1,), (3, 1), (4, 7), (3,), (4,))",50.8048,166.50478999999996,217.30959,3356.69497079158,4493.589993684924,170.53621665207206,748.2042582446094,918.7404748966816,203.4594852613448,825.5985013285862,-6.3734438681031875,-10.138006990338576,11.28175177379897,-4.020828360846725,6.807303538031002
813,squeeze,LBBGBLGGBB,"((1,), (2,), (2,), (1, 5), (4,), (5,), (2, 4), (1, 6), (5,), (0,))",82.6262,213.36211000000003,295.98831,3203.2003554487555,4034.581398870786,264.66827320937995,860.8268002298227,1125.4950734392023,283.3136936307343,1049.2402199680903,-4.282134104980606,-6.775227654981931,7.267625851535802,-2.604627178729286,4.4737041146290615
814,squeeze,LBBGBLGGBB,"((5,), (2,), (1,), (0, 7), (6,), (4,), (0, 1), (1, 7), (3,), (1,))",36.42,201.83705,238.25705,3542.326032467533,4241.021458620443,129.01151410246754,855.9952601946472,985.0067742971148,223.22013033265256,903.6078182260999,-6.311217094036644,-8.263796574302743,9.008217329373219,-2.0841123341584367,6.7363636267655345
815,squeeze,LBBGBLGGBB,"((4,), (5,), (4,), (3, 4), (0,), (5,), (0, 5), (1, 0), (1,), (3,))",43.226,167.44870000000003,210.67470000000003,3419.7322489579387,4357.242571625625,147.82134619345587,729.6146042033679,877.4359503968237,199.20672768553592,806.8206974331154,-5.443450169604658,-8.0479097000496,8.752285754241242,-2.754393572012225,5.7568197860100545
816,squeeze,LBBGBLGGBB,"((0,), (4,), (4,), (3, 5), (4,), (5,), (1, 7), (0, 6), (0,), (7,))",121.609,204.13997,325.74897,3204.925236835041,4214.363156773982,389.74775312627247,860.3199683929461,1250.0677215192186,315.1424034992704,1173.9362224206093,-3.256055268794732,-6.090189978354614,6.485147799735589,-2.929521550350542,3.3656424470197077
817,squeeze,LBBGBLGGBB,"((0,), (0,), (7,), (4, 2), (2,), (2,), (2, 5), (1, 2), (3,), (6,))",121.654,193.34065000000004,314.99465000000004,3193.1197323749784,4214.002427092341,388.4557879223456,814.7379683556111,1203.1937562779567,307.1039904955859,1140.1089511495788,-2.5050138167153455,-5.243112740505635,5.533226018861541,-2.808451009616874,2.569377067253563
818,squeeze,LBBGBLGGBB,"((2,), (0,), (6,), (1, 7), (1,), (5,), (3, 2), (3, 1), (4,), (2,))",62.1429,177.72,239.8629,3266.370379979284,4283.243448658903,202.98172788601465,761.2180256956601,964.1997535816748,224.27798314498625,876.1221104692813,-6.4974270114360095,-9.134792120119815,10.05312410906009,-2.820633726310797,6.948928573581287
819,squeeze,LBBGBLGGBB,"((1,), (0,), (5,), (3, 6), (3,), (0,), (4, 5), (3, 3), (4,), (7,))",83.0608,170.09375,253.15455,3253.484965986396,4397.330575030192,270.23706406280286,747.9584474965418,1018.1955115593446,242.72714153465853,940.8198056343653,-4.118989157153791,-7.599297487226211,8.224285401050574,-3.629820231846342,4.295938393792101
820,squeeze,GBLLLGLBGG,"((4, 5), (4,), (4,), (5,), (0,), (3, 1), (4,), (3,), (1, 7), (1, 3))",16.4541,161.43183,177.88593,4344.802610722609,4686.814240168649,71.48981663709087,756.6009996604845,828.0908162975753,169.43158148387226,766.1843729114826,-4.752679717911213,-7.475803639856645,8.07983633898061,-2.8590031865258836,4.989830374057207
821,squeeze,GBLLLGLBGG,"((3, 5), (4,), (4,), (3,), (2,), (1, 3), (0,), (3,), (3, 5), (1, 0))",18.0753,181.43853,199.51383,4126.098545621044,4334.966773413148,74.58046904166405,786.5299989669246,861.1104680085887,184.6694776684315,781.9655669817464,-7.440262327462964,-9.191027628531032,10.121276993349989,-1.8914976912121586,8.038335581487432
822,squeeze,GBLLLGLBGG,"((4, 7), (6,), (3,), (0,), (3,), (0, 2), (0,), (2,), (4, 4), (1, 7))",12.0434,203.92317,215.96657,5323.963611111112,4372.456279987121,64.11862335405557,891.6451453013813,955.7637686554368,199.92731100538876,869.2476563581037,-7.426732292229873,-9.052039335937954,9.95298769740844,-1.7556980367580497,8.022545251048225
823,squeeze,GBLLLGLBGG,"((0, 2), (3,), (5,), (2,), (4,), (3, 1), (0,), (4,), (2, 3), (3, 1))",27.01,206.1801,233.1901,3608.144559069242,4171.831924429438,97.45598454046022,860.1487233620539,957.6047079025142,219.02315193497006,881.8524611878711,-6.075278523843826,-7.910596730520127,8.590127039233234,-1.954031034462226,6.468242256524664
824,squeeze,GBLLLGLBGG,"((2, 1), (2,), (5,), (3,), (5,), (2, 3), (2,), (0,), (1, 3), (2, 0))",35.788,196.1528,231.9408,3478.3369235064456,4172.189343004861,124.48272181844868,818.386621760564,942.8693435790128,218.50620644671784,872.3381816659096,-5.79225110600729,-7.480480980045004,8.08530033368588,-1.7920286747721654,6.148380758492603
825,squeeze,GBLLLGLBGG,"((4, 3), (1,), (1,), (0,), (1,), (4, 0), (3,), (3,), (4, 3), (1, 4))",20.5964,188.4475,209.0439,4041.288301698301,4382.434043307403,83.23599037709889,825.8587393761718,909.0947297532708,196.76938173253674,835.2496238302468,-5.871741900846311,-8.12292751307288,8.84108221257123,-2.391615076797851,6.238022480625406
826,squeeze,GBLLLGLBGG,"((0, 3), (1,), (2,), (1,), (1,), (3, 4), (4,), (6,), (4, 4), (1, 4))",21.5847,214.8265,236.4112,3780.491657509157,4156.36330126484,81.60077827983791,892.8969807391711,974.497759019009,225.99734761793556,908.6718248891093,-4.404974206833029,-6.754857414568528,7.2441922734792525,-2.4581647300559353,4.607953363979205
827,squeeze,GBLLLGLBGG,"((4, 7), (4,), (0,), (2,), (1,), (4, 0), (3,), (0,), (3, 2), (4, 7))",11.3463,183.46109,194.80739,5459.741309523808,4572.448490552331,61.94786282024998,838.8663840455855,900.8142468658356,179.32593323037116,816.2795811390655,-7.947058255659005,-9.384250528995064,10.356092162541588,-1.5612670775123902,8.633138827578584
828,squeeze,GBLLLGLBGG,"((2, 1), (6,), (3,), (0,), (2,), (4, 1), (2,), (4,), (3, 6), (0, 1))",36.1079,209.24354,245.35144000000005,3476.0314150523946,4158.024183567729,125.51219473157036,870.0396995753214,995.5518943068918,236.04235148218163,930.8683806094689,-3.7941854010795377,-6.497251832608471,6.948728203129286,-2.809670541014553,3.9438212928162266
829,squeeze,GBLLLGLBGG,"((3, 6), (1,), (5,), (4,), (3,), (3, 3), (2,), (6,), (3, 6), (1, 6))",13.6858,157.31139999999996,170.99719999999996,4699.598968253968,4692.948532360146,64.31777155973016,738.2543037535197,802.5720753132499,166.81535980058848,748.7864105932787,-2.4455606287187646,-6.701661616992877,7.183044985733078,-4.3627958047874,2.506867595652145
830,squeeze,GLBBLLBGGL,"((2, 4), (3,), (2,), (5,), (1,), (4,), (6,), (3, 4), (1, 4), (1,))",19.711,157.19893000000002,176.90993000000003,3895.2540023212105,4472.7919869200605,76.77935163975337,703.1181144564076,779.897466096161,165.29184179232615,708.2954781758821,-6.567233511241497,-9.180948910975234,10.10905619568265,-2.7974291011154273,7.0288334147011
831,squeeze,GLBBLLBGGL,"((0, 2), (0,), (2,), (2,), (2,), (2,), (0,), (2, 2), (1, 6), (2,))",27.8084,224.0106,251.819,3592.7150654935026,3977.894511558213,99.90765762726951,891.0905362708622,990.9981938981316,231.41503765422544,901.0772196262869,-8.102630200967578,-9.07377781569277,9.979275062478939,-1.0567741131753363,8.817042553760759
832,squeeze,GLBBLLBGGL,"((2, 5), (0,), (7,), (7,), (3,), (2,), (0,), (2, 2), (2, 3), (0,))",17.1737,189.40950000000004,206.58320000000003,4156.602377622377,4307.580973078566,71.38424225257343,815.8967583203248,887.2810005728983,184.79410951725168,788.2652800613524,-10.547368073855157,-11.159454608812036,12.561218033583735,-0.6842577147000548,11.791009215428595
833,squeeze,GLBBLLBGGL,"((4, 5), (2,), (1,), (3,), (4,), (0,), (6,), (3, 2), (0, 1), (0,))",18.2123,167.97940000000003,186.19170000000005,4239.529024447774,4489.46326298826,77.21157445195018,754.1373452388102,831.3489196907603,176.36668667818566,766.2429094856435,-5.276826690886002,-7.831370037665357,8.496784687876682,-2.696851528023678,5.570787492165107
834,squeeze,GLBBLLBGGL,"((4, 1), (1,), (3,), (2,), (0,), (2,), (1,), (1, 6), (3, 5), (5,))",36.8455,171.5152,208.3607,3710.4656903483,4447.814172493712,136.7139635937283,762.8677373580934,899.5817009518217,188.0345703522308,802.4428643248579,-9.755260779873181,-10.798222832254599,12.10538979727766,-1.1557039904978923,10.809783333827301
835,squeeze,GLBBLLBGGL,"((2, 3), (5,), (5,), (6,), (0,), (1,), (0,), (3, 7), (3, 7), (0,))",23.0029,188.2911,211.294,3716.6277584751847,4284.061028645157,85.49321666542883,806.6505635507283,892.1437802161571,187.45337194195056,780.8943604443232,-11.283154305398849,-12.46989804097265,14.246410962493549,-1.3376757551311647,12.718164421940768
836,squeeze,GLBBLLBGGL,"((0, 0), (4,), (7,), (1,), (0,), (1,), (7,), (4, 2), (0, 2), (1,))",53.0053,212.6785,265.6838,3346.49299262396,4170.673125584588,177.3818650219308,887.0125043396419,1064.394369361573,251.20200466667941,980.7212696312,-5.450763401201204,-7.861099432587216,8.531792092348327,-2.5492919013336888,5.764999906165775
837,squeeze,GLBBLLBGGL,"((2, 7), (0,), (4,), (1,), (0,), (4,), (4,), (0, 5), (0, 4), (2,))",14.1783,209.4206,223.5989,4730.774307359308,4130.509783674095,67.07433736203248,865.0138372028993,932.0881745649316,199.43724200527362,827.2846055100646,-10.805803604009846,-11.243954371997681,12.668381395813611,-0.4912323735084858,12.114917831689352
838,squeeze,GLBBLLBGGL,"((1, 7), (4,), (5,), (6,), (0,), (3,), (5,), (1, 0), (1, 1), (1,))",14.1687,184.425,198.5937,4692.995946275944,4352.847862781999,66.49365166399997,802.7739670935701,869.2676187575701,178.33392974029792,772.0747998686818,-10.20161780545007,-11.181000740347876,12.588523664471275,-1.090646524985219,11.360580843592553
839,squeeze,GLBBLLBGGL,"((1, 0), (0,), (5,), (1,), (2,), (3,), (6,), (1, 5), (1, 7), (0,))",53.0541,209.0467,262.10079999999994,3367.3517887421017,4099.331814124833,178.65181853510234,856.9517879478096,1035.603606482912,244.3183621505519,946.674294251947,-6.78457976833647,-8.58719607331074,9.393865743575095,-1.9338177100895098,7.278387794074303
840,squeeze,GGLGGLBBBL,"((2, 7), (3, 4), (1,), (4, 4), (2, 4), (4,), (7,), (6,), (5,), (0,))",14.1213,153.24314,167.36444,4640.727438672438,4689.125226409444,65.5331043797251,718.5762735481941,784.1093779279192,156.86285330129036,712.5330405150959,-6.274682183807769,-9.128361352082075,10.045335913276428,-3.044726051365067,6.694756902412694
841,squeeze,GGLGGLBBBL,"((3, 1), (2, 6), (4,), (0, 3), (4, 7), (1,), (3,), (6,), (1,), (5,))",36.7785,173.5006,210.2791,3570.944635026807,4411.304952985207,131.33398725933344,765.3640561259051,896.6980433852385,196.64709923996784,816.0096322459242,-6.4828129662111715,-8.998392684643012,9.88816895668663,-2.689965126434909,6.932215533673882
842,squeeze,GGLGGLBBBL,"((1, 3), (0, 3), (0,), (3, 4), (1, 6), (3,), (5,), (3,), (7,), (5,))",22.6771,179.4369,202.114,3756.5232853013,4314.097449664411,85.1870541931061,774.1082726656881,859.2953268587942,185.6016904870895,771.6290473756608,-8.169799970764268,-10.202112910773385,11.361194835949956,-2.2131204542319165,8.89663745495846
843,squeeze,GGLGGLBBBL,"((1, 0), (4, 2), (0,), (3, 7), (3, 7), (5,), (7,), (1,), (5,), (2,))",53.087,176.55150000000003,229.6385,3370.0066512007,4370.815961674241,178.90354309229156,771.6741142575299,950.5776573498216,219.52710576459864,876.6397310892571,-4.403179011969399,-7.778209985147445,8.434243126157856,-3.530484526886752,4.605988950742109
844,squeeze,GGLGGLBBBL,"((2, 6), (4, 1), (0,), (4, 2), (0, 7), (0,), (4,), (6,), (1,), (5,))",15.212,168.10590000000002,183.3179,4431.325277777778,4507.0571234967765,67.40932012555557,757.6628940968368,825.0722142223924,166.79134699498033,737.7096835617882,-9.015242376778087,-10.5884708216651,11.84239987725292,-1.7291120908426514,9.90851941828676
845,squeeze,GGLGGLBBBL,"((1, 0), (3, 6), (4,), (0, 5), (2, 2), (5,), (3,), (6,), (2,), (3,))",53.2687,187.2651,240.5338,3370.353558617738,4269.180901464748,179.53435260794072,799.4685884308861,979.0029410388267,228.2746326945405,904.7804904063485,-5.096650576949903,-7.581432855934052,8.20336550350947,-2.6182240079933763,5.370359010439759
846,squeeze,GGLGGLBBBL,"((0, 6), (1, 6), (2,), (1, 4), (2, 2), (1,), (3,), (0,), (3,), (5,))",15.1217,232.1476,247.2693,4430.675736208236,4039.277584974875,66.99934928022009,937.7085970857132,1004.7079463659334,226.38093777984554,909.9741495088831,-8.447616513717817,-9.428988513498473,10.410603082315967,-1.0719240312598766,9.227085294817654
847,squeeze,GGLGGLBBBL,"((4, 6), (0, 4), (2,), (1, 2), (0, 0), (0,), (6,), (1,), (6,), (2,))",16.5919,188.2926,204.88450000000003,4535.223598623598,4342.8019180360025,75.24797642600288,817.7174644319857,892.9654408579886,191.22624391343422,815.4383101879952,-6.666319846823851,-8.681985564357673,9.507418243830124,-2.159633815173438,7.142459009312925
848,squeeze,GGLGGLBBBL,"((2, 2), (3, 5), (1,), (1, 6), (0, 0), (4,), (6,), (2,), (1,), (2,))",27.5376,181.7698,209.3074,3617.055720428521,4241.868218382595,99.60503360687244,771.0435376817607,870.6485712886331,194.134629090758,791.0471475847446,-7.249037018873671,-9.142773138198766,10.062791319952384,-2.0417428115656864,7.815592189968709
849,squeeze,GGLGGLBBBL,"((0, 7), (4, 0), (4,), (0, 4), (0, 2), (1,), (5,), (2,), (3,), (0,))",14.172,237.1348,251.3068,4634.25693833944,4053.573569937804,65.67668933014654,961.2433577924872,1026.9200471226338,234.0800329624543,944.8963168936398,-6.854875012353704,-7.987353101034444,8.680712239269612,-1.2158211058613608,7.359349201864145
850,squeeze,LBGGGGLLGL,"((2,), (3,), (2, 4), (0, 5), (0, 6), (2, 1), (1,), (1,), (2, 7), (1,))",61.1796,211.5025,272.6821,3260.454079090216,3972.23132642254,199.47327637710777,840.1368561166832,1039.610132493791,248.59313038556257,938.315861364282,-8.834085410973959,-9.74348632852653,10.795327597066343,-0.9975229466540578,9.690118780465054
851,squeeze,LBGGGGLLGL,"((0,), (6,), (1, 6), (4, 4), (3, 3), (4, 3), (4,), (4,), (1, 4), (0,))",121.374,196.3771,317.7511,3179.3385913562133,4175.502118961322,385.889042187269,819.9729971654795,1205.8620393527483,304.72621203650726,1124.278814517461,-4.099085090025729,-6.765552125604481,7.256494010367248,-2.780439621542567,4.274291954225568
852,squeeze,LBGGGGLLGL,"((0,), (2,), (1, 6), (3, 7), (2, 3), (3, 3), (5,), (5,), (3, 0), (0,))",121.329,198.94172999999995,320.27073,3170.870538954902,4117.922890706579,384.7185516208593,819.2267038837676,1203.9452555046269,310.2422634950321,1140.9741870813689,-3.131246650284877,-5.230393004610829,5.519061617365688,-2.1670004844055635,3.232463040977168
853,squeeze,LBGGGGLLGL,"((3,), (6,), (3, 5), (3, 2), (2, 7), (4, 3), (3,), (4,), (1, 4), (1,))",49.948,150.531,200.479,3322.8375109542244,4457.618841356275,165.96908799714163,671.0098218082015,836.9789098053432,184.43419568071766,751.904999466208,-8.003234413221508,-10.164403110099977,11.314449351916892,-2.3491789989506775,8.69947368494409
854,squeeze,LBGGGGLLGL,"((4,), (0,), (1, 2), (4, 3), (1, 2), (2, 2), (4,), (3,), (1, 2), (3,))",41.6346,158.4493,200.0839,3405.879642948365,4366.005787613954,141.802436582298,691.7905608433797,833.5929974256777,183.5564966830446,752.2192174854702,-8.260236489270453,-9.761811842410872,10.817827841759355,-1.636777004515385,9.00398711874198
855,squeeze,LBGGGGLLGL,"((2,), (3,), (0, 0), (2, 3), (3, 7), (3, 2), (4,), (2,), (3, 6), (3,))",60.6677,169.44445000000002,230.11215,3264.867404181184,4207.1174693747935,198.07199621664284,712.8727056836037,910.9447019002466,212.54999708059023,823.1347870739115,-7.631997232397238,-9.639434165779996,10.66774436037173,-2.1733033877905292,8.262598522996415
856,squeeze,LBGGGGLLGL,"((4,), (2,), (0, 2), (4, 7), (4, 1), (3, 6), (1,), (0,), (3, 4), (5,))",41.3299,168.55324999999996,209.88315,3418.61682010582,4367.0865625051465,141.29109131329153,736.0866331415704,877.3777244548619,191.77870775529416,788.3485244076528,-8.625962705775017,-10.147191747149188,11.293126997872381,-1.6648372846608444,9.440277524346838
857,squeeze,LBGGGGLLGL,"((3,), (6,), (0, 1), (3, 6), (3, 4), (2, 6), (0,), (4,), (2, 5), (3,))",49.1448,169.54240999999996,218.68721,3326.817091636812,4285.441850684418,163.4957606050728,726.5641392798962,890.0598998849689,197.97575457811587,793.3951287432136,-9.47081240914095,-10.86047929518544,12.183685989461294,-1.53504844462428,10.461612062557865
858,squeeze,LBGGGGLLGL,"((5,), (2,), (0, 7), (2, 2), (3, 0), (2, 2), (4,), (2,), (2, 2), (2,))",35.8343,166.2704,202.1047,3522.609946640318,4338.916894002259,126.23026161089314,721.4334475325131,847.6637091434063,185.7387763172279,764.9946683686067,-8.097745219567937,-9.752575211499806,10.80648587409061,-1.8006413399600523,8.811258482084718
859,squeeze,LBGGGGLLGL,"((4,), (2,), (3, 3), (1, 2), (3, 7), (0, 7), (1,), (1,), (2, 3), (5,))",41.3342,178.1951,219.5293,3417.0850105820123,4220.722699141794,141.242475244399,752.1121034458419,893.3545786902408,201.38416912863119,807.6438081717582,-8.265471110858012,-9.59426106531455,10.612446929111464,-1.4485166823741364,9.010207182561048
860,squeeze,LLGLLLGLBL,"((3,), (0,), (3, 3), (3,), (3,), (0,), (2, 0), (2,), (3,), (1,))",48.3393,197.7453,246.0846,3312.5831381993853,4031.278299477788,160.12795009236154,797.1663367137251,957.2942868060866,213.40178314392207,823.5893441615866,-13.281130495804256,-13.96696339749323,16.234418717572353,-0.7908692832484284,15.31515640337271
861,squeeze,LLGLLLGLBL,"((0,), (4,), (1, 0), (2,), (0,), (0,), (4, 0), (4,), (2,), (0,))",118.161,241.7303,359.8913,3158.468922724984,3869.984520894264,373.20784637810686,935.4925192311266,1308.7003656092334,335.6935580014765,1203.8751674201123,-6.723625160853707,-8.009870016374773,8.707314597555811,-1.378961026025269,7.208283096816842
862,squeeze,LLGLLLGLBL,"((4,), (2,), (3, 4), (4,), (4,), (4,), (1, 2), (2,), (0,), (5,))",37.977,175.38020000000003,213.35720000000003,3414.948081480896,4264.5534627134375,129.68948329039998,747.9182392013754,877.6077224917753,182.86702821552942,748.8779364812938,-14.290669255347657,-14.668260398276976,17.189688698179083,-0.44054846730075853,16.673411320784695
863,squeeze,LLGLLLGLBL,"((4,), (4,), (4, 4), (2,), (4,), (4,), (1, 4), (3,), (5,), (1,))",41.3115,175.7616,217.0731,3387.497735988815,4249.895680271081,139.94261272030192,746.9684645975336,886.9110773178355,186.04004482351843,750.710708226814,-14.296131200264604,-15.356710788066128,18.14285684198222,-1.2374932458180947,16.680846968146128
864,squeeze,LLGLLLGLBL,"((5,), (0,), (2, 0), (2,), (0,), (4,), (0, 3), (1,), (4,), (5,))",32.2153,201.128,233.3433,3540.6697153209125,4136.160611790442,114.06373707997778,831.897711528188,945.9614486081656,198.65550320331687,806.5749543216162,-14.865563655216642,-14.73490219835436,17.281282234182786,0.15347662176690724,17.461281584120727
865,squeeze,LLGLLLGLBL,"((2,), (5,), (3, 3), (5,), (2,), (4,), (1, 3), (5,), (1,), (5,))",57.3242,168.7519,226.0761,3265.3209237503715,4359.424878926708,187.18190969725103,735.6612312261519,922.843140923403,200.20091477090935,804.4822949921373,-11.44534306328296,-12.825673257194392,14.712672568191513,-1.5587324728702316,12.924608890373818
866,squeeze,LLGLLLGLBL,"((1,), (3,), (3, 7), (3,), (3,), (1,), (3, 6), (2,), (1,), (3,))",76.7373,197.6879,274.4252,3201.801334621392,4056.7659401045057,245.69758955524216,801.9735394907856,1047.6711290460278,250.37684015678963,935.7605522944378,-8.763174753342765,-10.681842197321188,11.959317634964501,-2.10295287981727,9.604865940536257
867,squeeze,LLGLLLGLBL,"((4,), (4,), (1, 4), (3,), (3,), (3,), (0, 2), (3,), (2,), (4,))",39.3889,180.5003,219.8892,3397.037381257272,4196.259668893703,133.80556570660457,757.4261291132141,891.2316948198186,188.9449400290751,762.3317313355136,-14.072660217475388,-14.46312605728916,16.908644647191547,-0.4544139744137499,16.377395428616992
868,squeeze,LLGLLLGLBL,"((4,), (1,), (0, 2), (4,), (3,), (2,), (1, 3), (5,), (4,), (1,))",41.2597,183.1963,224.456,3385.2991866558664,4204.312026445628,139.6764288516651,770.2144072903413,909.8908361420064,195.7533958095667,786.8409818180036,-12.787630622675838,-13.52358430663417,15.638465352896963,-0.8438638798749322,14.66263411254219
869,squeeze,LLGLLLGLBL,"((2,), (0,), (2, 1), (5,), (4,), (5,), (0, 4), (2,), (5,), (5,))",57.2614,186.6896,243.951,3267.629407650398,4205.475660829985,187.1090345632325,785.1185689300856,972.2276034933182,217.1764932845518,851.312685670017,-10.975362558648328,-12.43689413763206,14.203349704361138,-1.6417158451743905,12.328455216544718
870,squeeze,BBGLBGGGGB,"((0,), (1,), (4, 2), (1,), (0,), (1, 5), (1, 2), (1, 3), (2, 0), (1,))",60.6496,259.5746,320.2242,3334.6471184886345,3891.130256669168,202.2450138774883,1010.0385799227964,1212.2835938002847,300.2328362608888,1125.9692678033862,-6.242927217590424,-7.119978067699416,7.6657799164702,-0.935450333591829,6.658620019077321
871,squeeze,BBGLBGGGGB,"((4,), (2,), (2, 1), (5,), (3,), (3, 3), (3, 5), (1, 5), (2, 0), (1,))",22.8058,176.30187,199.10767,3871.737595704949,4422.033288951569,88.29807326012794,779.6127380444121,867.9108113045401,185.2347022758419,789.0566020903871,-6.967570723999791,-9.085519869907918,9.993479429137368,-2.276570828463256,7.489399963241879
872,squeeze,BBGLBGGGGB,"((6,), (7,), (0, 1), (3,), (5,), (4, 4), (1, 4), (0, 2), (2, 4), (0,))",18.5649,212.34571,230.91061,4289.238563658562,4326.822103429676,79.62928501046486,918.782111596468,998.4113966069328,210.88565920323316,897.5736964242278,-8.672165734076415,-10.099814618042073,11.234475852448025,-1.5632133351686572,9.495643692617598
873,squeeze,BBGLBGGGGB,"((6,), (3,), (1, 3), (3,), (5,), (2, 7), (4, 0), (1, 6), (1, 1), (5,))",15.0498,162.42423,177.47403,4558.575039682541,4762.971528256225,68.6056426322143,773.6219829889405,842.2276256211549,163.76355765531375,753.6875041409216,-7.725340065071071,-10.512611886238428,11.747590479313331,-3.02062540586213,8.372114370856417
874,squeeze,BBGLBGGGGB,"((1,), (6,), (4, 3), (0,), (5,), (1, 4), (0, 6), (3, 7), (3, 6), (3,))",37.6138,212.56551,250.17931,3475.807816268375,4203.252660053679,130.7383400395554,893.4665453431669,1024.2048853827223,238.83888626468672,947.8984445828786,-4.532918303801088,-7.450310176105995,8.050064987016864,-3.055913955334689,4.748147972330414
875,squeeze,BBGLBGGGGB,"((0,), (3,), (0, 3), (0,), (2,), (4, 0), (0, 2), (1, 6), (1, 6), (5,))",54.0486,262.9406,316.9892,3395.917997454927,3974.228747689892,183.5446134772424,1044.986091454829,1228.530704932071,299.9135539707867,1141.114914326827,-5.386822651753833,-7.115474627887111,7.660559818097991,-1.8270731673776972,5.6935226178128975
876,squeeze,BBGLBGGGGB,"((6,), (7,), (4, 1), (4,), (0,), (0, 2), (0, 3), (3, 7), (3, 1), (5,))",12.0251,171.6422,183.6673,4602.077702020202,4732.2990133263065,55.34044457456313,812.2622137051566,867.6026582797197,172.72650800790584,790.2103894503527,-5.9568535020083475,-8.920243396074893,9.79388146025246,-3.151096070706036,6.334170775682799
877,squeeze,BBGLBGGGGB,"((1,), (0,), (3, 1), (4,), (5,), (2, 2), (1, 3), (4, 6), (3, 1), (2,))",40.3003,196.47831,236.77861,3466.493336888826,4246.028764978717,139.70072142462075,834.2525559544055,973.9532773790262,224.51395709127468,898.8867975932767,-5.1797976636172125,-7.7074005015680465,8.351049318639026,-2.6656796501909494,5.462757446183732
878,squeeze,BBGLBGGGGB,"((3,), (2,), (0, 5), (5,), (6,), (2, 5), (2, 2), (2, 3), (1, 0), (2,))",24.5849,183.14617,207.73107,3739.545479242981,4353.926476338532,91.93635165264077,797.4049586029978,889.3413102556385,195.19044596531427,812.7226555463594,-6.0369515425332,-8.615213734674631,9.427404808565552,-2.7439107547777293,6.4248144793491635
879,squeeze,BBGLBGGGGB,"((3,), (1,), (3, 3), (0,), (6,), (3, 4), (0, 3), (0, 6), (2, 1), (1,))",26.2003,227.44645,253.64675,3691.139560381569,4080.8737831689455,96.70896382386522,928.1802548798464,1024.8892187037115,235.65001785618134,934.2120489783264,-7.095195244496002,-8.84750937667921,9.706272770143745,-1.886139405593441,7.637059529018241
880,squeeze,GGGGBLGGBB,"((2, 7), (2, 7), (0, 6), (0, 7), (6,), (1,), (4, 5), (1, 2), (1,), (3,))",11.2586,202.30804,213.56664,4675.767243867243,4272.086224282612,52.64259309180375,864.2773907456157,916.9199838374194,200.65910147364713,848.1850140915027,-6.0437990345087975,-7.496288766469314,8.103770828766544,-1.5459221605756437,6.432570679106766
881,squeeze,GGGGBLGGBB,"((2, 7), (3, 6), (4, 0), (1, 0), (7,), (0,), (1, 3), (1, 6), (1,), (4,))",12.1378,191.89877,204.03657,4731.353066378067,4282.426262169003,57.428217249083694,821.7923323259294,879.220549575013,184.82692318505258,786.942002722973,-9.414805794347274,-10.495494776213373,11.72621953495152,-1.1930084064429447,10.393316343698658
882,squeeze,GGGGBLGGBB,"((1, 7), (4, 0), (3, 0), (0, 0), (2,), (3,), (2, 5), (3, 3), (0,), (1,))",13.2013,212.10073,225.30203,4594.379216339217,4131.371684174471,60.65177834865891,876.2669501147348,936.9187284633936,209.280902437605,862.5156435482819,-7.11095570794236,-7.941252816787799,8.626288168992124,-0.8938590284499714,7.655322284923497
883,squeeze,GGGGBLGGBB,"((4, 6), (4, 3), (1, 3), (3, 1), (0,), (0,), (4, 3), (4, 3), (5,), (5,))",11.1995,144.2868,155.4863,4705.996865079365,4891.694487086511,52.70481189045636,705.8069441193541,758.5117560098104,144.68990714398117,686.8254422410487,-6.943629667706304,-9.450916640484412,10.43734104183093,-2.694374349466752,7.461745652566713
884,squeeze,GGGGBLGGBB,"((2, 1), (3, 3), (1, 3), (0, 5), (6,), (2,), (0, 4), (0, 3), (4,), (4,))",30.1543,209.43335,239.58765,3544.362030769675,4108.831297891633,106.877755984438,860.5263033022926,967.4040592867308,231.4854619938878,910.5514347596345,-3.3817218901359007,-5.876823027703011,6.24375761289137,-2.582431799012145,3.5000850318306895
885,squeeze,GGGGBLGGBB,"((1, 4), (2, 0), (4, 2), (2, 0), (5,), (2,), (4, 1), (3, 6), (2,), (1,))",18.1157,176.21918999999997,194.33489,3889.644370629372,4319.263145373334,70.46363052501052,761.137052874541,831.6006833995516,186.84357953801427,771.2905749356021,-3.8548458601467464,-7.2522918352356465,7.819375787002834,-3.533663246456451,4.009402132258767
886,squeeze,GGGGBLGGBB,"((3, 3), (0, 7), (3, 6), (1, 0), (3,), (4,), (3, 1), (1, 0), (7,), (4,))",17.954,168.35088,186.30488,3934.5049877573415,4444.743635526862,70.64010255019531,748.2765024153465,818.9166049655419,180.43440360403324,763.6530023006752,-3.151005167425975,-6.748379789806804,7.236742669559698,-3.7144160645133346,3.253523872780727
887,squeeze,GGGGBLGGBB,"((4, 7), (4, 5), (1, 1), (3, 1), (0,), (5,), (0, 7), (0, 6), (6,), (6,))",9.06189,160.31215,169.37404,5126.321865079364,4804.121357523091,46.45416484594404,770.1590236854454,816.6131885313895,165.3240389633886,766.1841637962534,-2.3911580762975277,-6.175387006157523,6.581841170570871,-3.8769325148002376,2.449735115356271
888,squeeze,GGGGBLGGBB,"((0, 1), (2, 6), (0, 5), (3, 3), (1,), (2,), (0, 3), (1, 5), (7,), (1,))",33.1808,224.8676,258.0484,3443.7849511450167,4047.564360091888,114.26753970695256,910.1660834993986,1024.433623206351,251.02969497854576,972.2377080938104,-2.719918054696038,-5.095099763435514,5.368637183891679,-2.4415909826997613,2.7959660398161676
889,squeeze,GGGGBLGGBB,"((1, 5), (2, 1), (3, 7), (3, 2), (0,), (4,), (3, 5), (2, 2), (3,), (3,))",12.9422,164.8553,177.7975,4206.841695526697,4393.728726725489,54.44578659184562,724.3294673629484,778.775253954794,173.45626120981703,736.2017787561136,-2.4416759460526634,-5.4667216225069835,5.782854161343177,-3.1007560921009087,2.5027858665371157
890,squeeze,GGGGGLGLGG,"((0, 2), (2, 7), (2, 4), (1, 5), (2, 5), (4,), (3, 4), (2,), (2, 0), (4, 1))",27.7159,198.5567,226.2726,3663.310330847025,4233.494440987375,101.53194279872308,840.588685670798,942.1206284695212,221.44851646812307,902.7388695613357,-2.131978654011549,-4.180118523905087,4.362475156001881,-2.0927570024664606,2.1784221492273264
891,squeeze,GGGGGLGLGG,"((2, 5), (3, 3), (1, 1), (4, 6), (1, 0), (4,), (0, 2), (5,), (3, 1), (4, 1))",17.9756,154.98610000000002,172.9617,4193.988792245337,4664.442143684618,75.3894649338853,722.9236965253186,798.3131614592039,172.17915756955787,767.9826247829963,-0.45243682875580815,-3.799328150968689,3.9493779803648517,-3.36210271310758,0.4544931230285517
892,squeeze,GGGGGLGLGG,"((3, 6), (2, 3), (1, 1), (2, 4), (4, 1), (1,), (1, 0), (0,), (0, 7), (0, 5))",14.1533,211.0168,225.1701,4603.009758297259,4160.073030658397,65.1477780121086,877.8452986958368,942.9930767079454,216.9169263829021,892.0970303270958,-3.665306191673717,-5.397287386088905,5.705214192024396,-1.7978789633787022,3.8047623828715875
893,squeeze,GGGGGLGLGG,"((3, 7), (4, 4), (0, 2), (4, 6), (4, 0), (1,), (1, 6), (2,), (2, 0), (1, 6))",12.4401,168.63459999999998,181.0747,5045.244642857141,4544.846639982241,62.76334788160712,766.4183951947491,829.1817430763563,177.36316944264894,787.4497034742257,-2.0497234331196283,-5.032918289698482,5.299645097078452,-3.045621677792741,2.0926162793630003
894,squeeze,GGGGGLGLGG,"((3, 6), (1, 7), (3, 1), (1, 0), (4, 6), (5,), (4, 1), (1,), (0, 3), (3, 5))",14.0037,167.51149999999998,181.5152,4689.8916666666655,4515.993420337858,65.6758359325,756.4808318309251,822.1566677634252,179.52647823213726,786.2760698184774,-1.095622718021812,-4.3642044578384915,4.5633587644643985,-3.3047897672899507,1.107759583681698
895,squeeze,GGGGGLGLGG,"((1, 4), (3, 3), (0, 7), (3, 3), (3, 3), (0,), (3, 3), (0,), (2, 3), (1, 3))",18.5132,205.3278,223.841,3966.783436563436,4157.959932554392,73.43785511778621,853.7447654395418,927.182620557328,218.06237990852077,883.4489199223223,-2.581573568505877,-4.716837833815039,4.95033721234853,-2.191848445438304,2.64998487767741
896,squeeze,GGGGGLGLGG,"((3, 5), (3, 5), (3, 5), (4, 2), (0, 1), (0,), (3, 0), (5,), (1, 1), (3, 2))",16.2336,148.76940000000002,165.003,4318.51186091686,4696.346434277588,70.10499414537993,698.6726412196163,768.7776353649962,161.46571091401538,731.0046824867209,-2.143772589579954,-4.913378217661296,5.167265515971782,-2.8302804035815834,2.1907370090906237
897,squeeze,GGGGGLGLGG,"((4, 1), (3, 3), (0, 7), (1, 3), (0, 0), (5,), (4, 2), (0,), (0, 2), (2, 1))",36.1763,193.9034,230.0797,3712.941083278236,4362.064290333378,134.32047051099846,845.8190969142292,980.1395674252276,220.16484505004533,919.4120737020089,-4.30931322926563,-6.195800653446371,6.605035485198677,-1.971443081708234,4.503377888373122
898,squeeze,GGGGGLGLGG,"((3, 1), (0, 3), (3, 3), (1, 2), (4, 0), (0,), (1, 7), (2,), (2, 0), (0, 5))",32.1258,209.9458,242.0716,3694.439341489412,4148.421127761481,118.68681939682054,870.9435924047864,989.6304118016068,234.30044687427662,937.5656705473368,-3.210270484320909,-5.261028827871903,5.553183407822031,-2.1187768101147464,3.316747035439203
899,squeeze,GGGGGLGLGG,"((1, 7), (2, 6), (1, 5), (2, 7), (0, 6), (5,), (4, 1), (2,), (1, 7), (3, 0))",16.0158,179.7756,195.7914,4518.464568209568,4465.773739224904,72.36682483153079,802.8371534334005,875.2039782649314,189.45712123341553,827.0219190308553,-3.235218077292708,-5.505237685230329,5.8259712500169485,-2.345915076572832,3.343383835533161
900,squeeze,GGGGBGGBLB,"((4, 1), (3, 3), (2, 0), (3, 1), (1,), (1, 2), (0, 1), (0,), (5,), (5,))",37.0606,182.33434000000003,219.39494,3822.696692544837,4398.233101017555,141.67143304372718,801.9489296401892,943.6203626839164,198.35366354059397,839.1384020192963,-9.590593319702826,-11.072457186854738,12.451099891650223,-1.639059387251632,10.60795958280841
901,squeeze,GGGGBGGBLB,"((1, 4), (4, 4), (0, 5), (3, 7), (0,), (3, 3), (0, 0), (7,), (2,), (2,))",23.3896,193.74342,217.13302,3888.297035830096,4351.815571828055,90.9457123492516,843.135632095223,934.0813444444746,203.10733016126002,848.9982155784829,-6.459491899822498,-9.108749400898596,10.021591012181137,-2.8322034537580905,6.9055557116545465
902,squeeze,GGGGBGGBLB,"((2, 2), (4, 4), (3, 0), (4, 2), (0,), (4, 7), (4, 3), (5,), (2,), (2,))",32.812,156.5165,189.3285,3613.2413259449663,4596.100048862906,118.5576743869062,719.3654932978511,837.9231676847573,171.9192340943868,738.7394377085172,-9.195269547697881,-11.836852566123929,13.426077573967943,-2.9090808433307402,10.12642127992215
903,squeeze,GGGGBGGBLB,"((2, 1), (4, 1), (2, 4), (0, 7), (6,), (0, 3), (3, 0), (4,), (4,), (6,))",41.2481,187.17947,228.42757,3582.5898792503867,4369.933139230232,147.77502559830788,817.961768936551,965.736794534859,211.20028924184513,868.7139264880848,-7.5416819248897475,-10.046512527619356,11.16856367653787,-2.7091457587350334,8.156845248648285
904,squeeze,GGGGBGGBLB,"((3, 0), (4, 4), (3, 6), (3, 3), (1,), (2, 0), (3, 2), (2,), (4,), (6,))",48.8041,144.53331,193.33741,3632.785208483528,4682.756930408011,177.29481259335094,676.8143590773095,854.1091716706604,177.58885666554772,758.6934577643833,-8.145631688379543,-11.17137212326633,12.576319583331513,-3.294062645580255,8.86798509216794
905,squeeze,GGGGBGGBLB,"((3, 2), (0, 7), (1, 2), (3, 7), (6,), (1, 6), (3, 6), (6,), (4,), (1,))",34.5626,169.74991,204.31251,3650.105306292936,4532.997710776548,126.15712965928024,769.4759534345251,895.6330830938053,183.1722764500852,785.5843344119932,-10.34700887866083,-12.287258114859752,14.008521282973813,-2.1641768020577508,11.541175312998613
906,squeeze,GGGGBGGBLB,"((1, 3), (1, 6), (4, 7), (4, 0), (5,), (4, 4), (0, 7), (7,), (4,), (7,))",26.0585,160.05789,186.11639,3922.728447364899,4807.866344164023,102.2204192456582,769.5369424489073,871.7573616945656,173.42296086038013,781.3471097132262,-6.820156537325846,-10.371033954401645,11.57107396410823,-3.810778474314789,7.319347493922171
907,squeeze,GGGGBGGBLB,"((4, 4), (0, 1), (4, 6), (0, 3), (5,), (0, 6), (2, 0), (0,), (4,), (5,))",21.3559,207.04017,228.39607,4247.508452797201,4300.542836010175,90.70936576709174,890.3851198598287,981.0944856269203,210.89594853848857,888.1835844971495,-7.662181517182603,-9.47012774925554,10.460776662785644,-1.9579694016805949,8.297988454869571
908,squeeze,GGGGBGGBLB,"((2, 5), (1, 0), (2, 0), (3, 4), (2,), (4, 0), (1, 7), (0,), (1,), (1,))",21.5481,209.55657,231.10467,4058.755901892226,4135.001294875216,87.45847804956388,866.5166882996089,953.9751663491728,204.96048051273172,836.2137690199578,-11.312704969254094,-12.344283319227634,14.08269053823778,-1.1631636184370207,12.755722186962897
909,squeeze,GGGGBGGBLB,"((2, 6), (3, 0), (3, 1), (4, 7), (1,), (4, 0), (2, 1), (4,), (1,), (3,))",18.4076,154.12327,172.53087,4332.223817848818,4604.298836139784,79.74584314943388,709.6295926830577,789.3754358324916,160.7015890460233,711.0062323691895,-6.856327191752239,-9.928001291381996,11.022294868240877,-3.2977807370268986,7.361023014270827
910,squeeze,LLBBLLGLBB,"((4,), (4,), (3,), (5,), (1,), (5,), (2, 7), (3,), (5,), (1,))",42.4559,159.5084,201.9643,3416.3420705183685,4454.435324241668,145.0438773117208,710.5198514732697,855.5637287849904,187.95277312353596,771.5830842613415,-6.937625548903466,-9.815825717964012,10.88419980124967,-3.0927645958281595,7.454812527429256
911,squeeze,LLBBLLGLBB,"((5,), (5,), (5,), (2,), (3,), (1,), (1, 3), (1,), (2,), (4,))",37.085,164.63909999999998,201.7241,3583.8399912165146,4386.950373206029,132.90670607426446,722.2635611893047,855.1702672635691,184.3660765271286,766.106458886344,-8.604833766947726,-10.414745669563269,11.625513313997308,-1.9803146897291823,9.414976876354602
912,squeeze,LLBBLLGLBB,"((1,), (3,), (5,), (1,), (0,), (2,), (0, 0), (1,), (7,), (5,))",83.2888,207.8442,291.133,3240.272271417693,4034.624294187213,269.8783891596539,838.5732587259059,1108.45164788556,273.5465629079356,1019.2346198535951,-6.040688308114981,-8.048797455635706,8.75333571820592,-2.137211428395511,6.4290469984750755
913,squeeze,LLBBLLGLBB,"((5,), (2,), (6,), (4,), (0,), (4,), (1, 6), (3,), (7,), (3,))",36.9479,155.0304,191.9783,3565.968355108658,4603.635567507111,131.75504218771917,713.7034634848543,845.4585056725734,176.28901557471144,750.8117692016854,-8.172425959230052,-11.194722843978644,12.605920731839761,-3.291273799095184,8.899751566562815
914,squeeze,LLBBLLGLBB,"((3,), (5,), (2,), (7,), (5,), (1,), (3, 7), (4,), (5,), (3,))",50.8642,151.5398,202.404,3353.1127558122057,4611.28710673893,170.5533978341832,698.7935258977961,869.3469237319794,186.23834484715044,777.0609851867082,-7.986825928761069,-10.61554783550635,11.876280022358502,-2.856897322887768,8.68008957345333
915,squeeze,LLBBLLGLBB,"((0,), (1,), (4,), (6,), (5,), (2,), (1, 2), (1,), (3,), (1,))",121.711,219.3338,341.0448,3171.4207707070377,3996.553801710707,385.99679342352425,876.5793322336558,1262.57612565718,323.28479466524783,1176.7622161435006,-5.2075285518947005,-6.796731521357782,7.292374647693045,-1.6765075803863856,5.493609853547916
916,squeeze,LLBBLLGLBB,"((3,), (4,), (5,), (0,), (1,), (3,), (0, 5), (3,), (4,), (1,))",50.341,204.3419,254.6829,3331.4998469481825,4064.2354224281257,167.71103379521844,830.4935882662658,998.2046220614842,234.11936219092092,903.4897342058977,-8.074172945682285,-9.488524272706943,10.483227896201175,-1.5385788437768904,8.783356325868432
917,squeeze,LLBBLLGLBB,"((2,), (4,), (0,), (5,), (1,), (1,), (3, 2), (4,), (0,), (0,))",61.8138,212.7439,274.5577,3260.039941927988,4007.130316666931,201.51545696234825,852.4925313759579,1054.0079883383062,247.0111112730175,942.1713881350706,-10.033078193393417,-10.610602712750904,11.870090899767646,-0.6419298423913304,11.151963401571717
918,squeeze,LLBBLLGLBB,"((1,), (2,), (3,), (3,), (3,), (1,), (4, 4), (1,), (6,), (5,))",83.1128,182.1521,265.2649,3233.0373191094627,4171.443602899358,268.7067840956809,759.8372122996841,1028.543996395365,248.30061093448458,938.5925145536514,-6.395225702878681,-8.745516201247344,9.583656426717841,-2.5108660493196067,6.832157601896332
919,squeeze,LLBBLLGLBB,"((3,), (0,), (4,), (7,), (2,), (2,), (0, 5), (0,), (5,), (6,))",50.9444,186.9739,237.9183,3383.199543127595,4308.303042381306,172.35507080490945,805.540222215898,977.8952930208076,211.92143357338819,860.0087851219256,-10.926804044334466,-12.055125813595014,13.707593450009794,-1.2667354720517023,12.267219029362185
920,squeeze,GBLGGGBBBB,"((1, 1), (0,), (3,), (0, 1), (1, 0), (3, 4), (6,), (4,), (5,), (3,))",28.67,202.5998,231.2698,3514.548205169059,4164.699458134434,100.76209704219694,843.7672772781448,944.5293743203416,222.8928165861835,884.5563845039871,-3.622169178083997,-6.349510290191817,6.78000756842474,-2.8298428060155323,3.7583012059868257
921,squeeze,GBLGGGBBBB,"((3, 4), (4,), (1,), (0, 4), (3, 6), (3, 6), (2,), (1,), (4,), (5,))",10.4481,193.3265,203.7746,4264.013790653788,4302.371072869906,44.550842486129845,831.762341219184,876.3131837053138,184.96912679424315,781.9825377866504,-9.228565879043236,-10.764490101564522,12.063011814261234,-1.6920788322839593,10.166817312532254
922,squeeze,GBLGGGBBBB,"((2, 1), (3,), (3,), (0, 2), (0, 1), (0, 2), (0,), (1,), (7,), (0,))",32.7055,273.1788,305.8843,3461.054100184249,3849.687830124008,113.19550487357594,1051.6531018078804,1164.8486066814562,271.34376786161016,1030.3322630380042,-11.292025167159556,-11.547967939514168,13.055627632859093,-0.2885228445772867,12.729436320058065
923,squeeze,GBLGGGBBBB,"((2, 5), (7,), (3,), (2, 0), (0, 1), (3, 5), (5,), (1,), (4,), (7,))",9.00279,174.4919,183.49469,4729.712510822511,4499.673300434944,42.580608495307786,785.1565435721643,827.7371520674722,169.9931772558794,738.4413711514968,-7.357985533053077,-10.787939225989518,12.092467243097575,-3.7023738232291947,7.94238507807738
924,squeeze,GBLGGGBBBB,"((2, 0), (1,), (0,), (4, 6), (4, 2), (3, 0), (3,), (5,), (6,), (2,))",38.1258,172.5182,210.644,3390.876619634842,4415.927840992477,129.27988382487405,761.8279224579084,891.1078062827823,203.11393668550298,827.2494576695417,-3.574781771375889,-7.166175423782111,7.719358171975968,-3.7245377489227143,3.7073100139634514
925,squeeze,GBLGGGBBBB,"((0, 1), (0,), (0,), (2, 1), (4, 3), (3, 3), (6,), (6,), (2,), (0,))",31.0493,238.04250000000005,269.09180000000003,3434.3668898789488,4027.541126203401,106.63468787391844,958.7259585342732,1065.3606464081918,248.06370969479377,968.3191424241465,-7.81446714660434,-9.108793750850065,10.02164469671702,-1.4040452597959288,8.476891009603227
926,squeeze,GBLGGGBBBB,"((0, 6), (1,), (2,), (2, 0), (2, 3), (3, 6), (7,), (7,), (2,), (5,))",9.54107,188.32353,197.8646,4590.304920634921,4469.494779854368,43.79642056912222,841.7110342587474,885.5074548278697,186.18370342068292,807.9509896742657,-5.903479742873196,-8.758420353296732,9.59915466962566,-3.034055459885405,6.2738555333836254
927,squeeze,GBLGGGBBBB,"((2, 4), (0,), (3,), (2, 3), (1, 7), (2, 0), (7,), (5,), (2,), (5,))",13.3298,169.6616,182.9914,4159.9198093573095,4486.102611709455,55.45089907477107,761.1193468668049,816.570245941576,170.35272330700568,736.0854238377483,-6.906705283961061,-9.85644805255202,10.934168711588107,-3.168587788828945,7.419122188153804
928,squeeze,GBLGGGBBBB,"((3, 3), (0,), (2,), (0, 1), (0, 1), (1, 5), (5,), (2,), (5,), (7,))",12.1672,189.8526,202.0198,4484.53051920302,4364.268625041862,54.56417973324698,828.5677455626226,883.1319252958696,194.0274611502522,816.6006437050276,-3.95621560349421,-7.533560919400858,8.147346209400542,-3.724702580583444,4.119179214306493
929,squeeze,GBLGGGBBBB,"((0, 2), (1,), (4,), (4, 6), (0, 1), (2, 2), (4,), (3,), (3,), (0,))",24.4755,230.3777,254.8532,3557.8223731273897,4059.405278278802,87.07948149347942,935.1964513777305,1022.27593287121,232.39952077879872,917.7912266712378,-8.810436447806529,-10.220792922954933,11.384365328804751,-1.5466204905577383,9.661671911351755
930,squeeze,BGLGBGBGLG,"((6,), (3, 3), (2,), (1, 6), (1,), (2, 5), (3,), (0, 6), (0,), (3, 5))",16.1485,197.0835,213.23200000000003,4617.69803030303,4455.432257313464,74.56889664234846,878.0921832842381,952.6610799265866,198.07337671374856,874.5688191752938,-7.108981431610389,-8.197276281855734,8.929229928976053,-1.1715824274702011,7.653034212749534
931,squeeze,BGLGBGBGLG,"((3,), (0, 0), (2,), (0, 1), (3,), (2, 6), (5,), (3, 7), (3,), (4, 7))",22.7758,201.76726,224.54306,4250.51285848955,4336.245279222232,96.8088307623863,874.9123286766047,971.721159438991,212.82379398578945,896.6687370240575,-5.219161979092362,-7.72365834436125,8.370139307412904,-2.64240791447362,5.506558169427725
932,squeeze,BGLGBGBGLG,"((1,), (2, 0), (3,), (4, 0), (1,), (3, 7), (0,), (3, 3), (2,), (3, 4))",39.1391,201.0417,240.1808,3549.9595607435303,4295.089255737082,138.9422222438971,863.4920456251176,1002.4342678690148,231.3169731913492,936.3678314672024,-3.6904810079118726,-6.5906003535031825,7.0556072284427245,-3.011248914896518,3.831896417440375
933,squeeze,BGLGBGBGLG,"((6,), (3, 3), (0,), (1, 3), (1,), (2, 6), (1,), (2, 5), (4,), (1, 1))",17.6996,203.11255,220.81215,4382.490939060938,4356.912768039785,77.56833662500298,884.9436624441192,962.5119990691222,202.5264731607064,873.9736277170726,-8.28110085395827,-9.198677152874772,10.130554120188139,-1.0004222766078628,9.02878352341809
934,squeeze,BGLGBGBGLG,"((2,), (2, 2), (1,), (0, 4), (2,), (1, 4), (7,), (0, 7), (2,), (4, 6))",28.0717,224.85672,252.92842,3911.963496958839,4234.84960878641,109.81546569757946,952.2343927249952,1062.0498584225747,238.49914737500555,980.9371958607916,-5.704883865954819,-7.637368614902595,8.268894573888101,-2.0494006775500853,6.0500311149148365
935,squeeze,BGLGBGBGLG,"((4,), (1, 2), (0,), (4, 7), (2,), (1, 6), (6,), (4, 7), (3,), (2, 1))",22.5579,175.09409000000002,197.65199,3910.701196760754,4648.194246624219,88.21720652640941,813.8713417559034,902.0885482823128,181.63069729332457,805.9410807448868,-8.105808955768895,-10.658318157402903,11.929838276584961,-2.777661104177323,8.820806694807665
936,squeeze,BGLGBGBGLG,"((4,), (1, 3), (4,), (1, 7), (5,), (0, 6), (3,), (1, 4), (2,), (4, 0))",23.5769,193.08403,216.66093,3916.245584214118,4456.553060605426,92.33293051445784,860.48922485053,952.822155364988,202.0993136571441,869.4679293424881,-6.72092395378156,-8.748141041133772,9.586808576773423,-2.1732816975457143,7.205178523049936
937,squeeze,BGLGBGBGLG,"((1,), (0, 0), (1,), (4, 3), (3,), (2, 3), (1,), (1, 5), (0,), (4, 0))",42.6877,228.28832,270.97601999999995,3474.9786614791665,4154.568319501176,148.3388466076242,948.4394219841467,1096.778268591771,241.45954363996887,973.698917008806,-10.892652552809317,-11.221899184873072,12.640391134567908,-0.36949436998884094,12.224191230992277
938,squeeze,BGLGBGBGLG,"((0,), (3, 7), (4,), (2, 2), (7,), (3, 5), (1,), (0, 4), (2,), (4, 0))",61.4255,241.95086,303.37636,3368.759268440475,4127.223012635845,206.9277224435904,998.5851573190336,1205.512879762624,288.6697546780142,1123.4342381661284,-4.847643805201487,-6.808607603815696,7.306047724740796,-2.0608673048512545,5.0946124710535505
939,squeeze,BGLGBGBGLG,"((7,), (0, 3), (1,), (0, 4), (4,), (0, 2), (2,), (2, 0), (3,), (2, 2))",15.3042,218.46669,233.77089,4799.237196969699,4367.253558746792,73.44848590986366,954.0994293701322,1027.5479152799958,213.2689131519074,934.8012686689273,-8.77011541004639,-9.026016717263841,9.92153623658762,-0.2805016233086717,9.613204543078158
940,squeeze,LGBGBLBBGB,"((2,), (2, 6), (2,), (0, 1), (2,), (5,), (7,), (7,), (3, 5), (6,))",62.0615,175.50861000000003,237.57011000000003,3322.1175910671573,4466.050472981611,206.1756008780144,783.8303107028452,990.0059115808596,224.9386989081495,908.5294163723186,-5.31691932619408,-8.229899867813703,8.967953457563297,-3.076558684919806,5.615490421685257
941,squeeze,LGBGBLBBGB,"((5,), (4, 1), (3,), (2, 7), (6,), (4,), (0,), (1,), (2, 2), (7,))",37.0655,173.16573999999997,210.23124,3648.392545357221,4493.636555210397,135.22949388993808,778.1438993740592,913.3733932639972,190.39970193664803,808.5715515794479,-9.433202250698795,-11.47415092857405,12.961356540411467,-2.2535285872918,10.41574007818066
942,squeeze,LGBGBLBBGB,"((1,), (1, 2), (5,), (3, 5), (7,), (3,), (4,), (6,), (3, 7), (3,))",83.0873,164.04322,247.13052,3224.679754039548,4472.823307418968,267.9299341278101,733.7363378400574,1001.6662719678676,244.35661154053236,942.5882175089774,-1.1224467376460157,-5.8979778107957825,6.267641941782216,-4.829742358691606,1.1351886253372272
943,squeeze,LGBGBLBBGB,"((2,), (4, 1), (3,), (2, 5), (6,), (2,), (3,), (1,), (4, 3), (2,))",62.071,182.47342000000003,244.54442000000003,3271.648096075168,4212.291269043925,203.0744689714817,768.6311938985853,971.705662870067,228.98805335214976,882.2744084990597,-6.361366433080038,-9.203533311400053,10.136444343109673,-3.035250270166347,6.793527618633819
944,squeeze,LGBGBLBBGB,"((1,), (2, 7), (3,), (2, 7), (4,), (5,), (7,), (7,), (2, 7), (1,))",82.6867,182.18679,264.87349,3217.5684923321346,4420.773446651634,266.0501206549195,805.4065235626974,1071.456644217617,254.17263784943825,990.8817781715924,-4.039986089420183,-7.520123794170014,8.13163263479361,-3.626654022781609,4.210072429944451
945,squeeze,LGBGBLBBGB,"((3,), (0, 7), (7,), (0, 7), (3,), (3,), (0,), (1,), (3, 5), (6,))",50.7516,207.64078,258.39238,3390.598914236541,4235.296799642567,172.07831985576723,879.4203310092863,1051.4986508650536,238.8342901157458,951.9599443857027,-7.569143441557449,-9.466365591383479,10.456186425320976,-2.0525852734324106,8.188979009159798
946,squeeze,LGBGBLBBGB,"((4,), (3, 5), (4,), (4, 4), (3,), (4,), (2,), (3,), (1, 1), (6,))",43.1651,151.29044,194.45554,3469.7567852722,4609.406388439111,149.77239861195304,697.3591206457639,847.131519257717,177.46364071885947,751.1087002962913,-8.73819243264581,-11.335054448872803,12.784144148982332,-2.845507979129636,9.574862328029983
947,squeeze,LGBGBLBBGB,"((3,), (3, 0), (3,), (4, 7), (3,), (0,), (5,), (0,), (2, 1), (7,))",50.9327,184.62617,235.55887,3411.374217735161,4358.677834624254,173.7504996196396,804.7259948705694,978.476494490209,214.09242561637882,868.1705659425643,-9.112984955149933,-11.273232332996885,12.705559584122339,-2.376849296657993,10.0267182838527
948,squeeze,LGBGBLBBGB,"((0,), (4, 0), (0,), (3, 7), (1,), (0,), (2,), (4,), (3, 7), (2,))",121.588,219.41805,341.00605,3170.8328832313364,4086.691147093421,385.5352286063317,896.6938024475015,1282.2290310538333,331.48257749439773,1209.9519756961647,-2.792757637467806,-5.636828804154107,5.973547447292922,-2.925781143013403,2.8729933794976823
949,squeeze,LGBGBLBBGB,"((1,), (0, 7), (6,), (3, 1), (4,), (0,), (1,), (2,), (4, 1), (3,))",83.0827,207.26822000000004,290.35092000000003,3211.446559987632,4103.825821089488,266.8156511094844,850.592673127257,1117.4083242367417,272.1500252355879,1022.7659253128206,-6.26858518802424,-8.46981330558528,9.25357372411229,-2.348442218627211,6.687816673416224
950,squeeze,LGLLGBBLGL,"((5,), (2, 5), (5,), (1,), (3, 4), (6,), (7,), (5,), (2, 2), (3,))",35.5717,166.49242,202.06412,3530.6360979020988,4493.784747065119,125.5907280837441,748.1810974979595,873.7718255817036,170.1096924898788,730.7855498421553,-15.814003747979207,-16.364257985127505,19.566106058122283,-0.6536173017434448,18.784601301905482
951,squeeze,LGLLGBBLGL,"((2,), (2, 3), (1,), (2,), (2, 3), (6,), (3,), (3,), (0, 3), (3,))",60.5965,189.81184,250.40834,3255.4978232822773,4089.0302032560808,197.27177384852453,776.1463466956106,973.4181205441351,215.88367503702884,832.2950443289661,-13.787346285259977,-14.4976832911516,16.95589528938611,-0.8239359018479815,15.992253678769094
952,squeeze,LGLLGBBLGL,"((5,), (0, 5), (5,), (4,), (0, 0), (2,), (7,), (2,), (4, 6), (3,))",35.5195,182.09724,217.61674,3536.117618939033,4346.9035190517625,125.601129765905,791.5591333656134,917.1602631315184,185.67019935679747,778.3620441700403,-14.680185285011863,-15.13347498152291,17.83208983545403,-0.5312830296517522,17.206067938674256
953,squeeze,LGLLGBBLGL,"((5,), (3, 7), (1,), (2,), (3, 5), (4,), (2,), (5,), (3, 6), (3,))",35.5825,173.63981000000004,209.22231000000005,3552.11802484472,4388.450264952612,126.39323961903725,762.0096702008213,888.4029098198586,173.4458063441718,734.8102999204455,-17.099755592904135,-17.28862075998345,20.902348526693462,-0.22782220779935733,20.626906126998673
954,squeeze,LGLLGBBLGL,"((1,), (2, 2), (3,), (1,), (0, 3), (0,), (4,), (5,), (4, 2), (4,))",82.356,217.92103999999995,300.27703999999994,3201.5614109560656,3989.889467505615,263.6677915606977,869.4808622438695,1133.1486538045672,266.59768360267987,995.2361311731894,-11.216094443091649,-12.170735248930843,13.857266462865017,-1.0752408331792693,12.633026642314583
955,squeeze,LGLLGBBLGL,"((1,), (1, 7), (4,), (4,), (4, 1), (5,), (6,), (0,), (4, 5), (4,))",82.3145,196.25531,278.56981,3199.873585589941,4147.804269125976,263.39599426104314,814.0286126566418,1077.424606917685,254.59003276860267,963.7857235501627,-8.608175175693786,-10.547270095549639,11.790886769823324,-2.1217378289399687,9.41897723592056
956,squeeze,LGLLGBBLGL,"((1,), (4, 2), (0,), (5,), (2, 7), (4,), (1,), (2,), (0, 4), (0,))",82.4564,214.05416,296.51055999999994,3201.4705179187126,4009.012801291793,263.9817336137125,858.1458676097617,1122.1276012234744,274.49421440972344,1022.5943064189292,-7.425147215760715,-8.870051382393795,9.733409836116284,-1.5607955326709166,8.020695677546712
957,squeeze,LGLLGBBLGL,"((1,), (4, 5), (5,), (1,), (1, 1), (5,), (1,), (1,), (0, 1), (3,))",82.3527,214.6455,296.9982,3200.307245670996,3963.126206883208,263.5539425105698,850.6672062395496,1114.2211487501197,269.643599847102,997.0395967177047,-9.210358902140822,-10.516902516512422,11.752948671063969,-1.4390888636329402,10.144724431957254
958,squeeze,LGLLGBBLGL,"((5,), (3, 3), (2,), (1,), (0, 6), (3,), (6,), (3,), (1, 4), (2,))",35.8079,185.6103,221.4182,3520.983150103522,4230.348838358193,126.07901254059188,785.1963169923156,911.2753295329074,188.5190967389307,775.480019692768,-14.858355483455881,-14.901677400807513,17.511129415550794,-0.05088217123081737,17.451337201466334
959,squeeze,LGLLGBBLGL,"((0,), (3, 2), (0,), (2,), (1, 2), (6,), (0,), (5,), (0, 6), (0,))",121.312,260.0461,381.3581,3159.2626784866,3852.064731939486,383.2564740525664,1001.7144104884088,1384.9708845409757,344.04287763493016,1239.3114251101526,-9.784824909991373,-10.517149570194707,11.753257210380069,-0.8117532992345067,10.846096457972783
960,squeeze,GLLBLGLBGL,"((4, 4), (2,), (5,), (4,), (1,), (4, 5), (1,), (3,), (2, 1), (4,))",20.8358,150.70337,171.53917,4059.629436175709,4647.913031627074,84.58562700626983,700.4561573331166,785.0417843393865,158.9994086477343,712.3124806462134,-7.310144588122767,-9.264386322363062,10.21030877167738,-2.1083663638878307,7.8866716919984015
961,squeeze,GLLBLGLBGL,"((0, 5), (2,), (4,), (4,), (5,), (1, 5), (1,), (2,), (3, 5), (1,))",17.2774,209.78681,227.06421,4073.493063603065,4101.742238079286,70.3793690570956,860.491419568914,930.8707886260096,210.32349040086604,852.4316329137896,-7.372680881383274,-8.426427885657288,9.20181193230694,-1.1376201041990746,7.959510165615358
962,squeeze,GLLBLGLBGL,"((1, 5), (5,), (1,), (6,), (1,), (1, 7), (0,), (4,), (3, 6), (3,))",17.0268,183.95701,200.98381,4133.553531329784,4315.869582646354,70.38118926724599,793.934463973571,864.315653240817,185.5653871819066,786.8119969851006,-7.671475039752408,-8.967054566825285,9.850339922712703,-1.4032277972930782,8.308889417496266
963,squeeze,GLLBLGLBGL,"((4, 2), (1,), (4,), (7,), (0,), (2, 0), (3,), (2,), (4, 5), (0,))",28.7926,176.70694,205.49954,3769.441521841592,4467.309060838707,108.53202196177622,789.4045141750819,897.9365361368581,184.70434792714454,803.3245675993508,-10.119337528860385,-10.536598604679913,11.777551982537398,-0.46423898572566036,11.258637008944698
964,squeeze,GLLBLGLBGL,"((3, 7), (2,), (3,), (4,), (5,), (0, 0), (3,), (2,), (1, 3), (3,))",14.6997,167.96179000000004,182.66149000000004,4713.525631313132,4409.411689053452,69.28741272261365,740.6126801403414,809.900092862955,170.20803145297583,741.6659744494265,-6.817780007720406,-8.425004394347514,9.200114440221151,-1.7248187334024392,7.316610409459306
965,squeeze,GLLBLGLBGL,"((1, 2), (3,), (0,), (7,), (5,), (4, 4), (2,), (3,), (4, 0), (1,))",27.9929,174.90449,202.89739,3568.2062263501884,4406.306096168605,99.88444007359818,770.6827205342609,870.567160607859,195.5459198457415,812.4907433406324,-3.6232453035785688,-6.671101311319358,7.147948175808123,-3.1624389276659866,3.759459752500981
966,squeeze,GLLBLGLBGL,"((1, 0), (0,), (3,), (5,), (1,), (3, 6), (0,), (1,), (3, 0), (0,))",53.4329,216.58833,270.02123,3345.963014835113,4032.8176409065823,178.7845071753831,873.4612380384964,1052.2457452138794,250.49140261258253,964.4149031306606,-7.232700698170092,-8.346989520529386,9.107163503809875,-1.201165530036409,7.796605865001634
967,squeeze,GLLBLGLBGL,"((2, 0), (4,), (2,), (3,), (4,), (1, 5), (0,), (0,), (0, 4), (5,))",53.4027,204.21491,257.61761,3372.248356201158,4091.173287765229,180.0871672917036,835.4785847553803,1015.565752047084,240.04708376300522,934.6599608280567,-6.820390204301171,-7.966573415452896,8.656173861063788,-1.2300794279615386,7.319616619188711
968,squeeze,GLLBLGLBGL,"((0, 5), (5,), (0,), (3,), (1,), (0, 0), (5,), (7,), (2, 6), (1,))",17.0604,212.02784,229.08824,4085.1858874458894,4184.225590083695,69.69490531418185,887.1723139381713,956.8672192523532,214.0329823748555,881.6139412578409,-6.571816006419413,-7.8645476070662435,8.535853900761246,-1.3836634143885866,7.034082998842148
969,squeeze,GLLBLGLBGL,"((2, 4), (2,), (2,), (0,), (1,), (4, 4), (4,), (4,), (3, 4), (0,))",19.9372,197.01281,216.95001,3875.189575008325,4137.241188666756,77.26042959485598,815.0895122269777,892.3499418218337,204.42167469160705,825.059364602449,-5.774756732388691,-7.540828330419712,8.155846731320755,-1.8743083453922713,6.128672670005909
970,squeeze,BGBLLLLBLG,"((4,), (2, 4), (5,), (5,), (4,), (5,), (5,), (2,), (3,), (2, 0))",22.1796,161.22767000000005,183.40727000000004,3882.787330855419,4619.982009667104,86.11866988344086,744.8689348605449,830.9876047439857,172.75656645551632,766.950498777941,-5.8071326968029755,-7.706144544210563,8.349574851060332,-2.01608879926637,6.165151208435377
971,squeeze,BGBLLLLBLG,"((2,), (1, 1), (7,), (4,), (2,), (3,), (3,), (6,), (2,), (4, 1))",31.3907,169.72211,201.11281,3643.944058847712,4577.343537964054,114.38595476807086,776.8764034581243,891.2623582261951,191.0787262810708,825.3117102571384,-4.989281249130374,-7.39968959311967,7.990998691695383,-2.536985695592607,5.251282502359462
972,squeeze,BGBLLLLBLG,"((7,), (1, 5), (1,), (4,), (3,), (4,), (3,), (5,), (4,), (4, 5))",14.7544,148.64756999999997,163.40196999999998,5074.876355866357,5089.759056042383,74.87675570499458,756.5803155661939,831.4570712711885,155.61458455570948,776.0657152265463,-4.765784307429398,-6.6619622297464,7.137456913487342,-1.9910679250387588,5.004277373180672
973,squeeze,BGBLLLLBLG,"((1,), (4, 6), (2,), (3,), (2,), (0,), (1,), (0,), (5,), (3, 0))",42.2696,230.47571,272.74531,3451.372037261136,4079.975804342166,145.88811546621332,940.3353202885818,1086.223435754795,248.13537116949786,977.9591835552162,-9.023047483567053,-9.96703335942555,11.070426457472502,-1.0376099108045935,9.917948704576851
974,squeeze,BGBLLLLBLG,"((5,), (4, 6), (2,), (5,), (4,), (0,), (4,), (7,), (4,), (1, 0))",19.4573,166.95779,186.41509,4133.028438783437,4739.765889000016,80.41757424194098,791.3408379448279,871.7584121867689,176.6381797791975,801.2896499956623,-5.244698924750408,-8.083519608871756,8.79441812227177,-2.9959491995776677,5.534992623352383
975,squeeze,BGBLLLLBLG,"((2,), (0, 5), (0,), (2,), (3,), (1,), (4,), (1,), (0,), (1, 6))",30.0941,231.4209,261.515,3672.729720195096,4042.892653531455,110.52749547252324,935.6098564836376,1046.1373519561607,237.44221613329137,946.1802585939691,-9.205125467643775,-9.554872806642734,10.56427593519321,-0.3852060381165243,10.138375668291031
976,squeeze,BGBLLLLBLG,"((6,), (4, 2), (0,), (1,), (5,), (5,), (2,), (5,), (3,), (3, 1))",17.5801,169.86227000000002,187.44237,4364.076969280718,4684.350671019838,76.72090952765195,795.694438455453,872.415347983105,173.3536387935259,792.9387473913974,-7.516300186811609,-9.109949839310563,10.023044132118526,-1.7231681428381789,8.127162085853069
977,squeeze,BGBLLLLBLG,"((7,), (4, 2), (5,), (1,), (0,), (5,), (2,), (7,), (0,), (3, 5))",14.5186,169.83732,184.35592,5001.735,4887.595563366033,72.61818977099999,830.0961317259773,902.7143214969772,169.3567377957802,817.5442433585195,-8.135991621109756,-9.434887218496725,10.41779436774872,-1.413933073799381,8.85656065382332
978,squeeze,BGBLLLLBLG,"((7,), (0, 7), (2,), (1,), (3,), (3,), (4,), (5,), (3,), (2, 5))",14.6289,176.0171,190.646,4940.859116161617,4722.743565889582,72.27933392441668,831.2836265115432,903.56296043596,173.3312356581889,815.3477399936866,-9.082154538679594,-9.763040795708415,10.81933708959032,-0.7489027633397779,9.98940801181156
979,squeeze,BGBLLLLBLG,"((2,), (2, 5), (3,), (4,), (4,), (2,), (2,), (7,), (2,), (2, 0))",31.6824,178.2883,209.9707,3579.4231066302123,4440.653725311472,113.40471463350104,791.7166035744493,905.1213182079504,194.72507394017478,824.4374936892875,-7.260834992608594,-8.914144755579146,9.786530226519618,-1.7827524787815074,7.8293081375381215
980,squeeze,BGBBLLBBGL,"((3,), (4, 4), (3,), (0,), (3,), (0,), (2,), (1,), (0, 4), (5,))",26.4547,207.9814,234.4361,3732.681743435741,4180.0067305555785,98.74697571806948,869.363651830372,968.1106275484416,218.30316321071354,885.0248084253585,-6.881592378173188,-8.5822649559671,9.387964984948821,-1.8263548757198411,7.390152552995496
981,squeeze,BGBBLLBBGL,"((0,), (1, 3), (5,), (3,), (3,), (4,), (5,), (5,), (2, 1), (2,))",62.1179,213.5428,275.6607,3348.0848989826145,4159.561369970272,207.97600294651207,888.2443817152875,1096.2203846617997,254.15230994167624,992.6934096216117,-7.802486918999982,-9.44399287668123,10.428897183839437,-1.78042324876931,8.462795425018799
982,squeeze,BGBBLLBBGL,"((1,), (0, 3), (7,), (6,), (5,), (5,), (4,), (5,), (1, 2), (5,))",42.4964,180.6804,223.1768,3464.4432044467085,4521.067284919035,147.22636419344911,816.8682454660851,964.0946096595342,204.44257535164866,860.7179704859482,-8.39434235473908,-10.722665404186111,12.010512469632898,-2.541680404133291,9.163563223622967
983,squeeze,BGBBLLBBGL,"((7,), (1, 0), (5,), (5,), (3,), (3,), (5,), (5,), (3, 7), (0,))",16.1594,156.63935000000004,172.79875000000004,4731.705727050725,4950.344845919031,76.4615255257035,775.4187989406073,851.8803244663108,160.04831665178574,772.9264187740022,-7.378776379004072,-9.268192189058002,10.214931690075165,-2.03993829512054,7.966615091588379
984,squeeze,BGBBLLBBGL,"((1,), (1, 1), (7,), (0,), (2,), (4,), (0,), (5,), (0, 7), (3,))",42.5816,234.9567,277.5383,3448.9964841971546,4096.223027581668,146.86378869148956,962.4350450245976,1109.2988337160873,250.48121423465548,986.3853443321691,-9.748955645164832,-11.08028654210021,12.461001178716494,-1.4751418185268288,10.80204192079528
985,squeeze,BGBBLLBBGL,"((0,), (2, 4), (4,), (6,), (4,), (3,), (0,), (6,), (1, 4), (0,))",61.9592,235.05,297.0092,3342.2252532412817,4107.669832565528,207.08160291062725,965.5077941445276,1172.589397055155,272.4728918400867,1062.557525856361,-8.26112731858587,-9.383665882970481,10.355380157899159,-1.223623673993578,9.005045600761484
986,squeeze,BGBBLLBBGL,"((5,), (1, 1), (3,), (2,), (1,), (2,), (3,), (5,), (0, 3), (4,))",19.6697,170.5864,190.2561,4161.154609140862,4504.383143651058,81.84866281541801,768.3865046961168,850.2351675115349,170.7104139816565,752.1734830045879,-10.273355765383345,-11.533477825194362,13.037110018188294,-1.4044011904825653,11.449615499405764
987,squeeze,BGBBLLBBGL,"((2,), (1, 3), (1,), (6,), (4,), (5,), (1,), (3,), (2, 6), (2,))",32.2863,180.60984,212.89614,3578.99470912624,4373.44355481445,115.55249687726251,789.8869406840691,905.4394375613316,194.7190571038832,811.5423821414518,-8.538004914563889,-10.370329756430515,11.570197377998863,-2.003372920255043,9.33503025665294
988,squeeze,BGBBLLBBGL,"((4,), (4, 4), (5,), (5,), (1,), (3,), (4,), (1,), (4, 7), (2,))",22.6684,161.32791,183.99631,3914.8405780004286,4597.745431897496,88.7431721583449,741.7446612400704,830.4878333984153,170.9467814072646,747.0691654429946,-7.092277335744062,-10.044538234120246,11.166123809427393,-3.177627019278986,7.63367902297389
989,squeeze,BGBBLLBBGL,"((5,), (0, 3), (6,), (3,), (3,), (1,), (1,), (2,), (2, 6), (1,))",19.5722,181.26276,200.83496,4107.05157893577,4403.284859219419,80.38403491324667,798.1515666483233,878.5356015615699,181.82277027983724,780.6541860995359,-9.466573807748786,-11.141428450714217,12.5383834743895,-1.849984821527484,10.456440461720906
990,squeeze,GGLGBLBLLB,"((2, 1), (3, 4), (3,), (1, 7), (1,), (1,), (6,), (0,), (1,), (2,))",34.4872,210.7736,245.2608,3510.905910458935,4090.476217332678,121.0813143151794,862.164398041591,983.2457123567704,222.23763181210012,876.7291111590165,-9.387218906527202,-10.833162032554519,12.149317256836763,-1.5957386017494948,10.359707309770911
991,squeeze,GGLGBLBLLB,"((3, 7), (1, 0), (4,), (1, 5), (2,), (2,), (3,), (2,), (2,), (2,))",15.1616,183.9327,199.0943,4512.444665889666,4278.608143464252,68.41588104635277,786.9759480693671,855.3918291157198,180.9343726111708,767.5070095953921,-9.121269362723696,-10.274217794572644,11.450686237596468,-1.2686669628460172,10.036748201434898
992,squeeze,GGLGBLBLLB,"((2, 7), (2, 3), (0,), (0, 1), (0,), (4,), (0,), (2,), (2,), (0,))",15.0359,272.7307,287.7666,4557.431053946054,3853.845987350586,68.52507758402747,1051.0621138223162,1119.5871914063437,240.78848431195337,951.829409654904,-16.325075838560355,-14.98389612163342,17.624773940559585,1.6028454526463627,19.51011728085143
993,squeeze,GGLGBLBLLB,"((4, 6), (3, 4), (4,), (2, 4), (0,), (1,), (3,), (2,), (2,), (0,))",17.6089,203.1576,220.7665,4349.724510212011,4224.448154531969,76.59386392787228,858.2287483991439,934.822612327016,192.6361256573287,815.5360438250358,-12.742139021396499,-12.760342649932806,14.626768418781483,-0.020861878038452377,14.602855122154539
994,squeeze,GGLGBLBLLB,"((4, 6), (1, 5), (4,), (1, 4), (7,), (4,), (7,), (0,), (0,), (1,))",16.5929,199.91664,216.50954,4405.227606005105,4340.564256784994,73.09550114368211,867.7510219205531,940.8465230642352,191.556997750819,822.9766798910156,-11.524915830120461,-12.52806279065902,14.322379485750286,-1.1338185998359045,13.02617108336587
995,squeeze,GGLGBLBLLB,"((0, 5), (3, 7), (5,), (0, 0), (5,), (2,), (1,), (3,), (0,), (0,))",17.7618,269.07573,286.83753,4054.455103230102,3896.581478476117,72.01442065255243,1048.4755058254402,1120.4899264779926,258.2856247171529,1004.1906332561082,-9.954034007630412,-10.37932519281499,11.581395939213426,-0.47230453968433334,11.054391940749353
996,squeeze,GGLGBLBLLB,"((3, 6), (4, 0), (0,), (2, 2), (3,), (2,), (1,), (5,), (0,), (1,))",16.6601,194.29736,210.95746,4292.366010378511,4216.616244086596,71.51124696950701,819.2774043591411,890.7886513286481,185.66320103634487,782.0753764148558,-11.990217821002929,-12.20416029679341,13.900613443700195,-0.24308942766765618,13.623733094369964
997,squeeze,GGLGBLBLLB,"((0, 1), (2, 2), (1,), (1, 6), (1,), (4,), (5,), (4,), (0,), (4,))",31.6858,220.7871,252.4729,3566.977175189583,4072.981406658871,113.02252537762207,899.2617531301329,1012.284278507755,235.49291976124036,926.0808428450235,-6.725466471355797,-8.515733919112824,9.308413658348112,-1.919352882324782,7.2103994701730985
998,squeeze,GGLGBLBLLB,"((4, 1), (4, 1), (1,), (0, 6), (2,), (5,), (4,), (5,), (3,), (1,))",35.7338,195.64737,231.38117000000005,3682.224437908011,4360.092782946998,131.57987161931732,853.0406859395612,984.6205575588784,206.09228908294912,868.7126556467005,-10.92953282112409,-11.77183444143628,13.342490311240157,-0.9456575753898728,12.270658465476364
999,squeeze,GGLGBLBLLB,"((0, 3), (1, 7), (4,), (4, 6), (0,), (4,), (7,), (1,), (5,), (6,))",18.8751,196.51946,215.39456,4028.156255966256,4349.112238609031,76.03185214698868,854.6851886108378,930.7170407578265,204.93288993784273,850.9355186181032,-4.856979703738702,-8.572049145545032,9.375742391066996,-3.90472094562286,5.104924868492494
