Graph,Component,Freq,Freq_Host,Layer,Metric,Time,Power
Alex,B,0,-1,0,in,62.9054,3339.25664369902
Alex,B,0,-1,0,task,82.1644,3567.80356089716
Alex,B,0,-1,1,task,122.959,3447.28737733432
Alex,B,0,-1,2,task,43.9302,3408.82853444367
Alex,B,0,-1,3,task,35.6418,3293.67726342894
Alex,B,0,-1,4,task,26.4293,3210.85731340185
Alex,B,0,-1,5,task,83.3431,3670.30447163968
Alex,B,0,-1,6,task,35.9925,3627.76953218096
Alex,B,0,-1,7,task,9.51166,3416.93846035739
Alex,B,1,-1,0,in,42.3323,3243.33716283716
Alex,B,1,-1,0,task,68.0011,3488.2994221687
Alex,B,1,-1,1,task,84.9598,3541.67198988001
Alex,B,1,-1,2,task,32.3915,3513.66137566138
Alex,B,1,-1,3,task,26.3135,3329.7769034035
Alex,B,1,-1,4,task,19.3257,3259.89685752844
Alex,B,1,-1,5,task,56.6081,3947.51660839161
Alex,B,1,-1,6,task,24.9456,3818.18105807236
Alex,B,1,-1,7,task,6.50959,3488.60839160839
Alex,B,2,-1,0,in,31.1584,3353.02359198911
Alex,B,2,-1,0,task,44.7959,3658.72955669464
Alex,B,2,-1,1,task,61.6539,3678.96826731871
Alex,B,2,-1,2,task,26.0561,3653.54358974359
Alex,B,2,-1,3,task,20.3847,3399.76969602978
Alex,B,2,-1,4,task,14.4452,3281.30377588098
Alex,B,2,-1,5,task,42.6273,4225.99823449824
Alex,B,2,-1,6,task,18.6349,4009.27417903734
Alex,B,2,-1,7,task,5.2796,3558.32012432012
Alex,B,3,-1,0,in,25.2411,3426.01094557616
Alex,B,3,-1,0,task,32.8938,3828.77564102564
Alex,B,3,-1,1,task,50.8847,3821.75204931762
Alex,B,3,-1,2,task,23.9355,3746.74410533106
Alex,B,3,-1,3,task,18.1453,3473.40229885057
Alex,B,3,-1,4,task,12.8233,3303.85700992556
Alex,B,3,-1,5,task,36.3388,4460.48717948718
Alex,B,3,-1,6,task,16.0197,4214.55693815988
Alex,B,3,-1,7,task,4.3647,3594.44444444444
Alex,B,4,-1,0,in,21.1963,3589.08791208791
Alex,B,4,-1,0,task,28.5121,3967.3169048169
Alex,B,4,-1,1,task,43.9269,3993.17125987202
Alex,B,4,-1,2,task,22.2797,3932.27106227106
Alex,B,4,-1,3,task,17.1303,3593.895759413
Alex,B,4,-1,4,task,12.3653,3366.31667257474
Alex,B,4,-1,5,task,34.3181,4750.88594164456
Alex,B,4,-1,6,task,15.0223,4388.66798642534
Alex,B,4,-1,7,task,4.3783,3766.1655011655
Alex,B,5,-1,0,in,17.9643,3764.81218128277
Alex,B,5,-1,0,task,26.2262,4205.90632509383
Alex,B,5,-1,1,task,37.3118,4208.06289487285
Alex,B,5,-1,2,task,20.6706,4169.62010796221
Alex,B,5,-1,3,task,15.3332,3708.49222003068
Alex,B,5,-1,4,task,11.9387,3499.40777833124
Alex,B,5,-1,5,task,34.4646,4942.72893772894
Alex,B,5,-1,6,task,15.0047,4611.63141025641
Alex,B,5,-1,7,task,3.97746,3801.05769230769
Alex,B,6,-1,0,in,15.8814,3938.44551282051
Alex,B,6,-1,0,task,22.5628,4413.98014888337
Alex,B,6,-1,1,task,34.0227,4478.29313340721
Alex,B,6,-1,2,task,19.9458,4387.47474747475
Alex,B,6,-1,3,task,14.7647,3785.47455621302
Alex,B,6,-1,4,task,10.8466,3537.27749621069
Alex,B,6,-1,5,task,34.2096,5174.91045991046
Alex,B,6,-1,6,task,14.8742,4728.88782051282
Alex,B,6,-1,7,task,3.92411,3954.98626373626
Alex,B,7,-1,0,in,14.165,4176.27838827839
Alex,B,7,-1,0,task,21.4186,4879.92010288562
Alex,B,7,-1,1,task,30.8353,4937.12629569013
Alex,B,7,-1,2,task,18.7076,4704.87682252388
Alex,B,7,-1,3,task,14.4627,4048.47573964497
Alex,B,7,-1,4,task,10.1795,3707.26127320955
Alex,B,7,-1,5,task,34.3846,5664.82030932031
Alex,B,7,-1,6,task,14.9216,5203.79694570136
Alex,B,7,-1,7,task,3.93409,4153.55769230769
Alex,B,0,-1,7,out,1.13604,
Alex,B,1,-1,7,out,0.512283,
Alex,B,2,-1,7,out,0.444879,
Alex,B,3,-1,7,out,0.350583,
Alex,B,4,-1,7,out,0.283034,
Alex,B,5,-1,7,out,0.25235,
Alex,B,6,-1,7,out,0.236571,
Alex,B,7,-1,7,out,0.215658,
Alex,G,0,0,0,in,54.7729,3347.87210736124
Alex,G,0,0,0,task,1.48216,3915.71614934773
Alex,G,0,0,1,task,2.46913,3764.27890694378
Alex,G,0,0,2,task,1.11974,3844.86235986236
Alex,G,0,0,3,task,2.58711,3709.83570523044
Alex,G,0,0,4,task,2.68389,3648.50873015873
Alex,G,0,0,5,task,0.68425,3553.81592932111
Alex,G,0,0,6,task,0.466987,3713.10479375697
Alex,G,0,0,7,task,73.2733,3922.62930974047
Alex,G,0,1,0,in,37.1898,3274.08051926144
Alex,G,0,1,0,task,0.805671,3809.1452991453
Alex,G,0,1,1,task,1.43217,3755.66666666667
Alex,G,0,1,2,task,1.00823,3971.22710622711
Alex,G,0,1,3,task,1.97103,3725.69236061496
Alex,G,0,1,4,task,2.00509,3669.51923076923
Alex,G,0,1,5,task,0.468358,3586.41025641026
Alex,G,0,1,6,task,0.345917,3529.48717948718
Alex,G,0,1,7,task,77.1865,3933.75605498705
Alex,G,0,2,0,in,27.4683,3373.20710059172
Alex,G,0,2,0,task,0.7021,3827.60432378079
Alex,G,0,2,1,task,1.12295,3763.81868131868
Alex,G,0,2,2,task,0.741358,3898.62637362637
Alex,G,0,2,3,task,1.36378,3685.76671694319
Alex,G,0,2,4,task,1.4509,3688.28734671126
Alex,G,0,2,5,task,0.346587,3629.41025641026
Alex,G,0,2,6,task,0.302604,3584.60805860806
Alex,G,0,2,7,task,80.0926,3971.42880936561
Alex,G,0,3,0,in,22.4032,3478.976180189
Alex,G,0,3,0,task,0.634696,3885.930115636
Alex,G,0,3,1,task,0.995837,3834.16635089049
Alex,G,0,3,2,task,0.660188,4043.11355311355
Alex,G,0,3,3,task,1.05951,3716.98340874811
Alex,G,0,3,4,task,1.14196,3693.66360089186
Alex,G,0,3,5,task,0.287729,3616.46153846154
Alex,G,0,3,6,task,0.203525,3530.30769230769
Alex,G,0,3,7,task,81.3327,3961.58665718793
Alex,G,0,4,0,in,18.8064,3599.91565452092
Alex,G,0,4,0,task,0.525729,3909.82654600302
Alex,G,0,4,1,task,0.806662,3794.11803713528
Alex,G,0,4,2,task,0.533837,4014.69230769231
Alex,G,0,4,3,task,0.847379,3765.64856711916
Alex,G,0,4,4,task,0.975538,3760.57831661092
Alex,G,0,4,5,task,0.257104,3692.82051282051
Alex,G,0,4,6,task,0.179696,3552
Alex,G,0,4,7,task,82.2396,3988.59786355457
Alex,G,0,5,0,in,16.1513,3775.87732528909
Alex,G,0,5,0,task,0.609671,3975.02765208648
Alex,G,0,5,1,task,0.803454,3866.582038651
Alex,G,0,5,2,task,0.463167,4074.53846153846
Alex,G,0,5,3,task,0.75075,3775.15837104072
Alex,G,0,5,4,task,0.79628,3761.10367892977
Alex,G,0,5,5,task,0.215104,3687.71794871795
Alex,G,0,5,6,task,0.153388,3622.02564102564
Alex,G,0,5,7,task,82.9443,4042.18750501807
Alex,G,0,6,0,in,14.1813,3926.30011655012
Alex,G,0,6,0,task,0.465733,4047.03902714932
Alex,G,0,6,1,task,0.644058,3910.00986193294
Alex,G,0,6,2,task,0.412008,4119.30769230769
Alex,G,0,6,3,task,0.661938,3843.39649321267
Alex,G,0,6,4,task,0.752646,3873.07858807859
Alex,G,0,6,5,task,0.180804,3738.28205128205
Alex,G,0,6,6,task,0.155488,3768.30769230769
Alex,G,0,6,7,task,83.4078,4055.99546882681
Alex,G,0,7,0,in,12.7189,4177.83516483517
Alex,G,0,7,0,task,0.474775,4243.24095022624
Alex,G,0,7,1,task,0.636912,3967.60683760684
Alex,G,0,7,2,task,0.37695,4189.23076923077
Alex,G,0,7,3,task,0.647587,3933.63970588235
Alex,G,0,7,4,task,0.695479,3932.32434232434
Alex,G,0,7,5,task,0.183254,3895.8717948718
Alex,G,0,7,6,task,0.134313,3718.30769230769
Alex,G,0,7,7,task,83.5434,4147.84900454801
Alex,G,1,0,0,in,55.0718,3445.42233606187
Alex,G,1,0,0,task,1.18939,4077.20871040724
Alex,G,1,0,1,task,1.97788,4025.97385373247
Alex,G,1,0,2,task,1.00815,3928.16483516483
Alex,G,1,0,3,task,2.06319,3868.01910507793
Alex,G,1,0,4,task,1.99865,3335.04585993716
Alex,G,1,0,5,task,0.611246,3946.05128205128
Alex,G,1,0,6,task,0.444354,4543.17948717949
Alex,G,1,0,7,task,25.7274,4108.49549001723
Alex,G,1,1,0,in,37.3273,3313.62749862145
Alex,G,1,1,0,task,0.873221,4060.26520864756
Alex,G,1,1,1,task,1.38419,4036.89662189662
Alex,G,1,1,2,task,0.644846,3938.92307692308
Alex,G,1,1,3,task,1.5374,3930.24007038713
Alex,G,1,1,4,task,1.45002,3353.31863788386
Alex,G,1,1,5,task,0.445258,3903.02564102564
Alex,G,1,1,6,task,0.288692,4547.89743589744
Alex,G,1,1,7,task,26.1554,4104.83885679538
Alex,G,1,2,0,in,27.3708,3405.67307692308
Alex,G,1,2,0,task,0.7889,4115.23190045249
Alex,G,1,2,1,task,1.08579,4032.73707773708
Alex,G,1,2,2,task,0.542763,3911.25641025641
Alex,G,1,2,3,task,1.1781,3918.29751131222
Alex,G,1,2,4,task,1.18974,3361.12496199453
Alex,G,1,2,5,task,0.350934,4011.84615384615
Alex,G,1,2,6,task,0.309137,4606.10256410256
Alex,G,1,2,7,task,25.7149,4125.85653476958
Alex,G,1,3,0,in,22.1954,3482.5989010989
Alex,G,1,3,0,task,0.637029,4130.99264705882
Alex,G,1,3,1,task,0.910117,4078.7962962963
Alex,G,1,3,2,task,0.471742,3930.64102564103
Alex,G,1,3,3,task,1.04113,3979.3665158371
Alex,G,1,3,4,task,1.02579,3383.60675556328
Alex,G,1,3,5,task,0.3094,3951.30769230769
Alex,G,1,3,6,task,0.240188,4576.23076923077
Alex,G,1,3,7,task,25.6827,4148.34180312441
Alex,G,1,4,0,in,18.667,3614.04273504274
Alex,G,1,4,0,task,0.616379,4193.3455882353
Alex,G,1,4,1,task,0.847875,4097.13268213268
Alex,G,1,4,2,task,0.440592,4047.28205128205
Alex,G,1,4,3,task,0.908163,3966.75339366516
Alex,G,1,4,4,task,0.967779,3390.42291042291
Alex,G,1,4,5,task,0.319638,3992.82051282051
Alex,G,1,4,6,task,0.215338,4590.23076923077
Alex,G,1,4,7,task,25.9975,4188.74581939799
Alex,G,1,5,0,in,16.0185,3828.30065359477
Alex,G,1,5,0,task,0.539,4242.37273755656
Alex,G,1,5,1,task,0.762796,4122.26386149463
Alex,G,1,5,2,task,0.450946,4119.5641025641
Alex,G,1,5,3,task,0.894688,4006.28959276018
Alex,G,1,5,4,task,0.888475,3450.1332001332
Alex,G,1,5,5,task,0.291579,4065.82051282051
Alex,G,1,5,6,task,0.211984,4633.97435897436
Alex,G,1,5,7,task,26.2129,4211.40381357773
Alex,G,1,6,0,in,14.149,3948.4662004662
Alex,G,1,6,0,task,0.466113,4313.36538461539
Alex,G,1,6,1,task,0.685271,4173.02980495288
Alex,G,1,6,2,task,0.387917,4088.4358974359
Alex,G,1,6,3,task,0.889553,4091.0492081448
Alex,G,1,6,4,task,0.807158,3538.62637362637
Alex,G,1,6,5,task,0.251329,4065.61538461539
Alex,G,1,6,6,task,0.200462,4684.07692307692
Alex,G,1,6,7,task,26.4771,4219.21493361711
Alex,G,1,7,0,in,12.6879,4178.35164835165
Alex,G,1,7,0,task,0.442342,4429.71719457013
Alex,G,1,7,1,task,0.653654,4265.88866973482
Alex,G,1,7,2,task,0.363184,4255.64102564103
Alex,G,1,7,3,task,0.833496,4212.04185520362
Alex,G,1,7,4,task,0.818971,3615.13653013653
Alex,G,1,7,5,task,0.269296,4198.74358974359
Alex,G,1,7,6,task,0.219771,4796.48717948718
Alex,G,1,7,7,task,26.1933,4374.16952612605
Alex,G,2,0,0,in,54.8927,3355.15152483176
Alex,G,2,0,0,task,1.07669,4304.25904977376
Alex,G,2,0,1,task,1.87784,4341.8945167221
Alex,G,2,0,2,task,0.767171,3958.4358974359
Alex,G,2,0,3,task,1.67603,3782.48617395676
Alex,G,2,0,4,task,1.75435,3371.60687138948
Alex,G,2,0,5,task,0.600279,4192.75824175824
Alex,G,2,0,6,task,0.4172,4914.35897435898
Alex,G,2,0,7,task,12.9253,4356.82445759369
Alex,G,2,1,0,in,37.3502,3323.24276261373
Alex,G,2,1,0,task,0.876342,4340.89083710407
Alex,G,2,1,1,task,1.40598,4332.4592999593
Alex,G,2,1,2,task,0.608942,3889.92307692308
Alex,G,2,1,3,task,1.40335,3820.54298642534
Alex,G,2,1,4,task,1.3995,3389.32502280328
Alex,G,2,1,5,task,0.443713,4203.94871794872
Alex,G,2,1,6,task,0.370621,4906.89743589744
Alex,G,2,1,7,task,13.5801,4386.78979994365
Alex,G,2,2,0,in,27.2941,3422.42753623188
Alex,G,2,2,0,task,0.709917,4321.61764705882
Alex,G,2,2,1,task,1.07132,4359.59096459096
Alex,G,2,2,2,task,0.472938,3955.07692307692
Alex,G,2,2,3,task,1.29935,3824.03846153846
Alex,G,2,2,4,task,1.21517,3403.36728488902
Alex,G,2,2,5,task,0.397192,4254.79487179487
Alex,G,2,2,6,task,0.337283,4913.23076923077
Alex,G,2,2,7,task,13.0681,4402.20287404903
Alex,G,2,3,0,in,22.1855,3492.56105006105
Alex,G,2,3,0,task,0.597158,4365.78902714932
Alex,G,2,3,1,task,0.907463,4383.56125356126
Alex,G,2,3,2,task,0.464188,3969.5641025641
Alex,G,2,3,3,task,1.23427,3852.84785067873
Alex,G,2,3,4,task,1.12691,3443.77622377622
Alex,G,2,3,5,task,0.340696,4222.92307692308
Alex,G,2,3,6,task,0.303479,4923.79487179487
Alex,G,2,3,7,task,13.3058,4367.47985347985
Alex,G,2,4,0,in,18.7255,3631.16959064327
Alex,G,2,4,0,task,0.58905,4471.83257918552
Alex,G,2,4,1,task,0.9653,4455.85673585674
Alex,G,2,4,2,task,0.413496,3991.33333333333
Alex,G,2,4,3,task,1.14112,3874.84445701357
Alex,G,2,4,4,task,0.984988,3425.88245088245
Alex,G,2,4,5,task,0.320979,4262.76923076923
Alex,G,2,4,6,task,0.2625,4960.61538461538
Alex,G,2,4,7,task,13.7016,4425.72161172161
Alex,G,2,5,0,in,16.0366,3893.50961538461
Alex,G,2,5,0,task,0.6188,4520.95871040724
Alex,G,2,5,1,task,0.789162,4431.73789173789
Alex,G,2,5,2,task,0.378612,4033.28205128205
Alex,G,2,5,3,task,1.10413,3928.84615384615
Alex,G,2,5,4,task,0.913004,3463.43656343656
Alex,G,2,5,5,task,0.309633,4323.4358974359
Alex,G,2,5,6,task,0.2744,4983.05128205128
Alex,G,2,5,7,task,13.502,4479.46379261764
Alex,G,2,6,0,in,14.1991,3986.34294871795
Alex,G,2,6,0,task,0.555538,4594.5842760181
Alex,G,2,6,1,task,0.681946,4484.9090510629
Alex,G,2,6,2,task,0.342154,4082.69230769231
Alex,G,2,6,3,task,0.861146,3978.08540723982
Alex,G,2,6,4,task,0.782512,3497.69064269064
Alex,G,2,6,5,task,0.329029,4529.25641025641
Alex,G,2,6,6,task,0.289392,5090
Alex,G,2,6,7,task,13.5868,4563.01098901099
Alex,G,2,7,0,in,12.6263,4240.30525030525
Alex,G,2,7,0,task,0.495659,4724.60124434389
Alex,G,2,7,1,task,0.663542,4576.93951347798
Alex,G,2,7,2,task,0.311996,4210.89743589744
Alex,G,2,7,3,task,0.8155,4066.70248868778
Alex,G,2,7,4,task,0.767083,3611.332001332
Alex,G,2,7,5,task,0.354842,4540.28205128205
Alex,G,2,7,6,task,0.366596,5228.04029304029
Alex,G,2,7,7,task,13.6169,4606.41504649197
Alex,G,3,0,0,in,54.7086,3433.5974103416
Alex,G,3,0,0,task,1.18577,4550.5200477627
Alex,G,3,0,1,task,1.78415,4620.43956043956
Alex,G,3,0,2,task,0.7098,4357
Alex,G,3,0,3,task,1.48593,3791.38260432378
Alex,G,3,0,4,task,1.74901,3459.16692003649
Alex,G,3,0,5,task,0.552067,4524.94871794872
Alex,G,3,0,6,task,0.4942,5479.14652014652
Alex,G,3,0,7,task,4.12994,4828.8141025641
Alex,G,3,1,0,in,37.2122,3403.75654811139
Alex,G,3,1,0,task,0.887134,4528.26640271493
Alex,G,3,1,1,task,1.36488,4624.35795685796
Alex,G,3,1,2,task,0.594388,4457.61538461538
Alex,G,3,1,3,task,1.14855,3848.79807692308
Alex,G,3,1,4,task,1.53533,3514.46944359988
Alex,G,3,1,5,task,0.4431,4612.86080586081
Alex,G,3,1,6,task,0.444792,5482.71428571429
Alex,G,3,1,7,task,5.12703,4829.6047008547
Alex,G,3,2,0,in,27.2054,3497.90546265329
Alex,G,3,2,0,task,0.713737,4564.17986425339
Alex,G,3,2,1,task,1.18177,4640.08343508344
Alex,G,3,2,2,task,0.601766,4516.07692307692
Alex,G,3,2,3,task,1.09789,3867.0899321267
Alex,G,3,2,4,task,1.18609,3489.25205229553
Alex,G,3,2,5,task,0.472938,4584.41025641026
Alex,G,3,2,6,task,0.405125,5480.58974358974
Alex,G,3,2,7,task,4.85223,4861.78418803419
Alex,G,3,3,0,in,22.1584,3593.95970695971
Alex,G,3,3,0,task,0.65135,4638.01470588235
Alex,G,3,3,1,task,0.987584,4673.87260887261
Alex,G,3,3,2,task,0.449633,4519.97435897436
Alex,G,3,3,3,task,0.998142,3921.22454751131
Alex,G,3,3,4,task,1.0892,3494.84124571081
Alex,G,3,3,5,task,0.358167,4649.25641025641
Alex,G,3,3,6,task,0.335154,5508.10256410257
Alex,G,3,3,7,task,5.3489,4920.86538461539
Alex,G,3,4,0,in,18.6761,3732.94107062528
Alex,G,3,4,0,task,0.592638,4705.87952488688
Alex,G,3,4,1,task,0.935492,4720.99918599919
Alex,G,3,4,2,task,0.419534,4506.07692307692
Alex,G,3,4,3,task,0.774433,3915.37330316742
Alex,G,3,4,4,task,1.04621,3566.33779264214
Alex,G,3,4,5,task,0.366421,4678.66666666667
Alex,G,3,4,6,task,0.361492,5527.64102564103
Alex,G,3,4,7,task,5.41097,4941.63888888889
Alex,G,3,5,0,in,15.9289,3916.28487933635
Alex,G,3,5,0,task,0.642746,4723.5492081448
Alex,G,3,5,1,task,0.885413,4743.40557590558
Alex,G,3,5,2,task,0.374588,4569.10256410256
Alex,G,3,5,3,task,0.671883,3927.37839366516
Alex,G,3,5,4,task,0.841575,3605.34299034299
Alex,G,3,5,5,task,0.377533,4808.15384615385
Alex,G,3,5,6,task,0.401188,5596.41025641026
Alex,G,3,5,7,task,5.26423,5034.39102564103
Alex,G,3,6,0,in,13.9654,4099.91208791209
Alex,G,3,6,0,task,0.590304,4755.43269230769
Alex,G,3,6,1,task,0.856567,4819.75713033405
Alex,G,3,6,2,task,0.3752,4559.07692307692
Alex,G,3,6,3,task,0.654734,3962.64988687783
Alex,G,3,6,4,task,0.807625,3615.00832500833
Alex,G,3,6,5,task,0.291112,4756.51282051282
Alex,G,3,6,6,task,0.291142,5653.35897435898
Alex,G,3,6,7,task,5.31501,5073.73931623932
Alex,G,3,7,0,in,12.6567,4327.24053724054
Alex,G,3,7,0,task,0.505517,4971.70248868778
Alex,G,3,7,1,task,0.722808,4927.92022792023
Alex,G,3,7,2,task,0.337341,4703.35897435897
Alex,G,3,7,3,task,0.609758,4128.39366515837
Alex,G,3,7,4,task,0.762621,3724.73026973027
Alex,G,3,7,5,task,0.270054,4851.61538461538
Alex,G,3,7,6,task,0.297033,5686.41025641026
Alex,G,3,7,7,task,5.27765,5133.6217948718
Alex,G,4,0,0,in,54.6176,3601.61323054899
Alex,G,4,0,0,task,1.29173,5085.56686777275
Alex,G,4,0,1,task,2.11616,5188.36870026525
Alex,G,4,0,2,task,0.777029,5200.02564102564
Alex,G,4,0,3,task,1.58632,4102.91352438411
Alex,G,4,0,4,task,1.75137,3698.15901489815
Alex,G,4,0,5,task,0.590713,4980.25641025641
Alex,G,4,0,6,task,0.502221,6022.97435897436
Alex,G,4,0,7,task,2.53543,5374.89468864469
Alex,G,4,1,0,in,37.1469,3574.35401157982
Alex,G,4,1,0,task,0.828713,5024.06391402715
Alex,G,4,1,1,task,1.53717,5208.23926711858
Alex,G,4,1,2,task,0.671883,5238.87179487179
Alex,G,4,1,3,task,1.37518,4115.25169683258
Alex,G,4,1,4,task,1.41797,3736.92155670417
Alex,G,4,1,5,task,0.476087,4953.58974358974
Alex,G,4,1,6,task,0.472763,6020.23076923077
Alex,G,4,1,7,task,2.55728,5473.64926739927
Alex,G,4,2,0,in,27.3601,3671.72296544036
Alex,G,4,2,0,task,0.715663,5109.12047511312
Alex,G,4,2,1,task,1.22631,5231.77655677656
Alex,G,4,2,2,task,0.564259,5364.30769230769
Alex,G,4,2,3,task,1.08964,4139.98397435898
Alex,G,4,2,4,task,1.243,3698.25934934631
Alex,G,4,2,5,task,0.388763,5040.97435897436
Alex,G,4,2,6,task,0.403288,6054.74358974359
Alex,G,4,2,7,task,2.68482,5467.41758241758
Alex,G,4,3,0,in,22.0352,3775.44444444444
Alex,G,4,3,0,task,0.630233,5102.55090497738
Alex,G,4,3,1,task,1.07476,5262.11945461945
Alex,G,4,3,2,task,0.468504,5257.69230769231
Alex,G,4,3,3,task,1.03749,4199.3693438914
Alex,G,4,3,4,task,1.09535,3724.1958041958
Alex,G,4,3,5,task,0.416938,5068.4358974359
Alex,G,4,3,6,task,0.382521,6051.35897435897
Alex,G,4,3,7,task,2.80916,5494.1163003663
Alex,G,4,4,0,in,18.6002,3928.25268298952
Alex,G,4,4,0,task,0.650271,5238.22398190045
Alex,G,4,4,1,task,1.14112,5273.58234039269
Alex,G,4,4,2,task,0.454184,5419.46153846154
Alex,G,4,4,3,task,0.811271,4224.14027149321
Alex,G,4,4,4,task,1.06517,3798.82023773328
Alex,G,4,4,5,task,0.391562,5042.25641025641
Alex,G,4,4,6,task,0.430383,6132.1282051282
Alex,G,4,4,7,task,2.78037,5446.63003663004
Alex,G,4,5,0,in,15.9591,4104.80247128437
Alex,G,4,5,0,task,0.580417,5232.75169683258
Alex,G,4,5,1,task,0.897692,5366.43060643061
Alex,G,4,5,2,task,0.35175,5286.74358974359
Alex,G,4,5,3,task,0.712892,4197.07296380091
Alex,G,4,5,4,task,0.852571,3783.77955377955
Alex,G,4,5,5,task,0.298929,5109.82051282051
Alex,G,4,5,6,task,0.318733,6187.25641025641
Alex,G,4,5,7,task,3.00501,5603.37912087912
Alex,G,4,6,0,in,14.0423,4262.24392274392
Alex,G,4,6,0,task,0.537221,5324.5786199095
Alex,G,4,6,1,task,0.807217,5373.46764346764
Alex,G,4,6,2,task,0.386138,5554.46153846154
Alex,G,4,6,3,task,0.733075,4269.31278280543
Alex,G,4,6,4,task,0.860971,3861.31035631036
Alex,G,4,6,5,task,0.336,5213.61538461539
Alex,G,4,6,6,task,0.327833,6219.82051282051
Alex,G,4,6,7,task,2.94715,5543.72252747253
Alex,G,4,7,0,in,12.5519,4533.08791208791
Alex,G,4,7,0,task,0.501317,5399.40893665158
Alex,G,4,7,1,task,0.817716,5520.42805485113
Alex,G,4,7,2,task,0.374412,5648.38461538462
Alex,G,4,7,3,task,0.694079,4410.33936651584
Alex,G,4,7,4,task,0.845367,3929.74025974026
Alex,G,4,7,5,task,0.299425,5196.07692307692
Alex,G,4,7,6,task,0.329671,6265.58974358974
Alex,G,4,7,7,task,2.85046,5702.5641025641
Alex,G,0,0,7,out,1.87101,
Alex,G,0,1,7,out,0.964133,
Alex,G,0,2,7,out,0.702566,
Alex,G,0,3,7,out,0.666954,
Alex,G,0,4,7,out,0.65275,
Alex,G,0,5,7,out,0.539058,
Alex,G,0,6,7,out,0.478042,
Alex,G,0,7,7,out,0.482563,
Alex,G,1,0,7,out,1.41986,
Alex,G,1,1,7,out,1.05516,
Alex,G,1,2,7,out,0.815821,
Alex,G,1,3,7,out,0.663833,
Alex,G,1,4,7,out,0.58485,
Alex,G,1,5,7,out,0.55965,
Alex,G,1,6,7,out,0.601621,
Alex,G,1,7,7,out,0.486034,
Alex,G,2,0,7,out,1.43106,
Alex,G,2,1,7,out,1.00864,
Alex,G,2,2,7,out,0.791467,
Alex,G,2,3,7,out,0.679817,
Alex,G,2,4,7,out,0.591558,
Alex,G,2,5,7,out,0.622796,
Alex,G,2,6,7,out,0.597187,
Alex,G,2,7,7,out,0.573008,
Alex,G,3,0,7,out,1.58337,
Alex,G,3,1,7,out,1.08278,
Alex,G,3,2,7,out,0.806167,
Alex,G,3,3,7,out,0.717617,
Alex,G,3,4,7,out,0.597508,
Alex,G,3,5,7,out,0.547896,
Alex,G,3,6,7,out,0.517271,
Alex,G,3,7,7,out,0.429158,
Alex,G,4,0,7,out,1.44535,
Alex,G,4,1,7,out,1.26901,
Alex,G,4,2,7,out,0.844871,
Alex,G,4,3,7,out,0.709158,
Alex,G,4,4,7,out,0.593571,
Alex,G,4,5,7,out,0.553642,
Alex,G,4,6,7,out,0.474629,
Alex,G,4,7,7,out,0.587388,
Alex,L,0,-1,0,in,120.577,3082.2239128393
Alex,L,0,-1,0,task,124.98,3329.06067838062
Alex,L,0,-1,1,task,199.392,3269.74889767503
Alex,L,0,-1,2,task,52.7177,3293.14683249567
Alex,L,0,-1,3,task,43.328,3213.56569146314
Alex,L,0,-1,4,task,31.8235,3192.03822505996
Alex,L,0,-1,5,task,59.1413,3737.67658686007
Alex,L,0,-1,6,task,25.6177,3679.25777234101
Alex,L,0,-1,7,task,6.60421,3411.42122583299
Alex,L,1,-1,0,in,81.8932,3058.88182997558
Alex,L,1,-1,0,task,88.4353,3344.02161674616
Alex,L,1,-1,1,task,141.091,3345.46500046869
Alex,L,1,-1,2,task,39.9636,3375.20854757987
Alex,L,1,-1,3,task,31.8904,3270.55198276757
Alex,L,1,-1,4,task,24.7969,3190.99155722326
Alex,L,1,-1,5,task,47.5028,3924.6579206893
Alex,L,1,-1,6,task,20.5334,3780.95970695971
Alex,L,1,-1,7,task,5.7118,3426.72261072261
Alex,L,2,-1,0,in,60.2405,3104.28280522735
Alex,L,2,-1,0,task,75.9778,3370.12812801055
Alex,L,2,-1,1,task,117.709,3396.64100252174
Alex,L,2,-1,2,task,39.5148,3378.34490264637
Alex,L,2,-1,3,task,31.9864,3265.03944773176
Alex,L,2,-1,4,task,24.865,3184.04174484053
Alex,L,2,-1,5,task,46.3426,3990.69912116125
Alex,L,2,-1,6,task,20.1346,3833.33971291866
Alex,L,2,-1,7,task,5.41475,3452.01709401709
Alex,L,3,-1,0,in,48.763,3164.17778968998
Alex,L,3,-1,0,task,75.3159,3411.966873706
Alex,L,3,-1,1,task,118.918,3430.03676503677
Alex,L,3,-1,2,task,38.8877,3395.56064034005
Alex,L,3,-1,3,task,31.6873,3288.40877712031
Alex,L,3,-1,4,task,24.8836,3199.67026266417
Alex,L,3,-1,5,task,47.5332,4010.30358588962
Alex,L,3,-1,6,task,20.2241,3843.5324850588
Alex,L,3,-1,7,task,5.56076,3485.90598290598
Alex,L,4,-1,0,in,41.01,3209.2065556992
Alex,L,4,-1,0,task,75.3315,3442.19196077056
Alex,L,4,-1,1,task,118.339,3466.52977133746
Alex,L,4,-1,2,task,39.4239,3434.64839931574
Alex,L,4,-1,3,task,31.6604,3293.73954186201
Alex,L,4,-1,4,task,24.4457,3210.10378215718
Alex,L,4,-1,5,task,47.3236,4039.54957653588
Alex,L,4,-1,6,task,19.9997,3898.94152046784
Alex,L,4,-1,7,task,5.42882,3496.19658119658
Alex,L,5,-1,0,in,34.8026,3322.45779125089
Alex,L,5,-1,0,task,75.299,3498.93688362919
Alex,L,5,-1,1,task,117.852,3510.82121724429
Alex,L,5,-1,2,task,39.1092,3463.46701819686
Alex,L,5,-1,3,task,31.7783,3334.34347302768
Alex,L,5,-1,4,task,24.3865,3258.10810810811
Alex,L,5,-1,5,task,48.945,4125.14599064599
Alex,L,5,-1,6,task,19.9677,3973.43904633378
Alex,L,5,-1,7,task,5.41483,3547.4188034188
Alex,L,0,-1,7,out,0.845863,
Alex,L,1,-1,7,out,0.613579,
Alex,L,2,-1,7,out,0.487346,
Alex,L,3,-1,7,out,0.418367,
Alex,L,4,-1,7,out,0.367616,
Alex,L,5,-1,7,out,0.339558,
Google,B,0,-1,0,in,61.9324,3293.74163658889
Google,B,0,-1,0,task,92.3673,3566.51564938576
Google,B,0,-1,1,task,127.713,3393.22375426226
Google,B,0,-1,2,task,48.1112,3126.89097164153
Google,B,0,-1,3,task,137.386,3193.78602932948
Google,B,0,-1,4,task,41.7047,3099.68639600535
Google,B,0,-1,5,task,41.1191,3114.8227471162
Google,B,0,-1,6,task,56.6253,3122.92204037907
Google,B,0,-1,7,task,54.7841,3119.51396076663
Google,B,0,-1,8,task,87.372,3148.51690053255
Google,B,0,-1,9,task,31.697,3087.43164331906
Google,B,0,-1,10,task,45.1759,3100.0493496726
Google,B,1,-1,0,in,42.1775,3247.18944359642
Google,B,1,-1,0,task,74.7984,3505.8866115065
Google,B,1,-1,1,task,87.9635,3512.3684617354
Google,B,1,-1,2,task,29.8867,3160.86620119003
Google,B,1,-1,3,task,91.7198,3249.43065857848
Google,B,1,-1,4,task,30.7181,3121.87927777152
Google,B,1,-1,5,task,34.4175,3113.60150095167
Google,B,1,-1,6,task,42.5194,3140.60145778839
Google,B,1,-1,7,task,40.2448,3129.161356928
Google,B,1,-1,8,task,58.03,3188.25250950005
Google,B,1,-1,9,task,22.0209,3106.21030543306
Google,B,1,-1,10,task,31.5918,3119.50951622597
Google,B,2,-1,0,in,30.8905,3341.68834996421
Google,B,2,-1,0,task,46.8873,3671.46899109847
Google,B,2,-1,1,task,60.211,3665.23202493644
Google,B,2,-1,2,task,22.3579,3185.17064695041
Google,B,2,-1,3,task,57.3286,3280.37187565231
Google,B,2,-1,4,task,20.5411,3114.85136165407
Google,B,2,-1,5,task,27.3817,3131.6883656885
Google,B,2,-1,6,task,31.8715,3135.19699723002
Google,B,2,-1,7,task,30.659,3152.75186993909
Google,B,2,-1,8,task,48.0974,3176.20735208486
Google,B,2,-1,9,task,17.8058,3098.44608188841
Google,B,2,-1,10,task,24.5916,3100.82137087202
Google,B,3,-1,0,in,25.0323,3429.29679016636
Google,B,3,-1,0,task,42.6806,3810.40751546045
Google,B,3,-1,1,task,53.0779,3716.52894357263
Google,B,3,-1,2,task,17.808,3168.72420262664
Google,B,3,-1,3,task,51.5222,3311.85177212961
Google,B,3,-1,4,task,17.019,3145.35800129313
Google,B,3,-1,5,task,22.6031,3120.59543155592
Google,B,3,-1,6,task,26.9582,3148.41734382774
Google,B,3,-1,7,task,27.0793,3152.29130153238
Google,B,3,-1,8,task,39.9382,3220.81406796523
Google,B,3,-1,9,task,14.7135,3090.20854243128
Google,B,3,-1,10,task,21.4295,3116.5482171294
Google,B,4,-1,0,in,21.1418,3576.36336032389
Google,B,4,-1,0,task,41.632,3923.38641987212
Google,B,4,-1,1,task,51.254,3839.14389226207
Google,B,4,-1,2,task,17.2287,3175.06073026478
Google,B,4,-1,3,task,42.7216,3398.06085377373
Google,B,4,-1,4,task,15.0792,3149.04882159188
Google,B,4,-1,5,task,19.2501,3161.1100599365
Google,B,4,-1,6,task,23.7758,3162.57000494876
Google,B,4,-1,7,task,23.1736,3189.29086352461
Google,B,4,-1,8,task,33.381,3251.58408494207
Google,B,4,-1,9,task,12.8956,3118.96909646666
Google,B,4,-1,10,task,18.1411,3157.11255035261
Google,B,5,-1,0,in,17.8394,3730.92257415787
Google,B,5,-1,0,task,33.5804,4150.68470813208
Google,B,5,-1,1,task,39.3425,4108.72357246517
Google,B,5,-1,2,task,15.4338,3235.28431167988
Google,B,5,-1,3,task,35.8349,3462.91491819847
Google,B,5,-1,4,task,12.1491,3238.59721014478
Google,B,5,-1,5,task,17.0765,3187.14509723426
Google,B,5,-1,6,task,20.0526,3246.03211830465
Google,B,5,-1,7,task,20.0316,3243.86080078736
Google,B,5,-1,8,task,26.5456,3316.60251266711
Google,B,5,-1,9,task,11.3201,3145.2606367991
Google,B,5,-1,10,task,16.4252,3186.97078579785
Google,B,6,-1,0,in,15.724,3922.85256410256
Google,B,6,-1,0,task,33.0006,4337.82058385
Google,B,6,-1,1,task,33.227,4340.51284667713
Google,B,6,-1,2,task,14.2426,3278.55938687701
Google,B,6,-1,3,task,33.0635,3577.19663284997
Google,B,6,-1,4,task,11.7168,3279.90400169195
Google,B,6,-1,5,task,15.8067,3277.11211179733
Google,B,6,-1,6,task,18.9273,3315.93391307149
Google,B,6,-1,7,task,18.0576,3319.54064043565
Google,B,6,-1,8,task,24.3977,3388.17851100846
Google,B,6,-1,9,task,9.99233,3212.65943586996
Google,B,6,-1,10,task,14.6261,3224.53481094803
Google,B,7,-1,0,in,14.0751,4127.33166833167
Google,B,7,-1,0,task,28.9893,4673.89461957331
Google,B,7,-1,1,task,33.0612,4610.34355803713
Google,B,7,-1,2,task,13.7075,3390.19541753881
Google,B,7,-1,3,task,27.1735,3700.5411630823
Google,B,7,-1,4,task,9.78472,3331.13014178804
Google,B,7,-1,5,task,15.1017,3325.98210808179
Google,B,7,-1,6,task,18.097,3326.61906747273
Google,B,7,-1,7,task,16.8722,3401.07205261181
Google,B,7,-1,8,task,23.793,3495.38648369235
Google,B,7,-1,9,task,9.47433,3254.13846153846
Google,B,7,-1,10,task,14.3986,3301.30363475177
Google,B,0,-1,10,out,0.817425,
Google,B,1,-1,10,out,0.560379,
Google,B,2,-1,10,out,0.449634,
Google,B,3,-1,10,out,0.340229,
Google,B,4,-1,10,out,0.359362,
Google,B,5,-1,10,out,0.252379,
Google,B,6,-1,10,out,0.239721,
Google,B,7,-1,10,out,0.22575,
Google,G,0,0,0,in,53.7055,3339.74009324009
Google,G,0,0,0,task,1.11029,3879.99986769337
Google,G,0,0,1,task,2.05826,3543.58907506847
Google,G,0,0,2,task,4.10428,3526.56441884259
Google,G,0,0,3,task,3.87596,3462.13595283634
Google,G,0,0,4,task,3.64808,3191.41107169404
Google,G,0,0,5,task,3.74401,3222.08612342108
Google,G,0,0,6,task,3.68253,3215.51149120785
Google,G,0,0,7,task,3.87503,3273.37225168719
Google,G,0,0,8,task,3.9221,3352.16260834442
Google,G,0,0,9,task,3.7105,3179.95845065023
Google,G,0,0,10,task,6.33509,3213.41201569485
Google,G,0,1,0,in,36.5235,3289.61323887629
Google,G,0,1,0,task,0.809288,3796.39265962795
Google,G,0,1,1,task,1.5465,3513.22331691297
Google,G,0,1,2,task,3.0623,3551.90003282635
Google,G,0,1,3,task,2.98395,3460.37594677229
Google,G,0,1,4,task,2.76631,3195.98949225265
Google,G,0,1,5,task,2.71944,3213.12395593975
Google,G,0,1,6,task,2.62585,3211.24713134187
Google,G,0,1,7,task,2.78813,3260.35209176788
Google,G,0,1,8,task,2.80589,3349.47810552892
Google,G,0,1,9,task,3.12393,3173.17397690029
Google,G,0,1,10,task,4.85745,3190.79243764339
Google,G,0,2,0,in,26.8603,3365.4107495069
Google,G,0,2,0,task,0.663746,3787.08396178984
Google,G,0,2,1,task,1.24559,3499.27586206897
Google,G,0,2,2,task,2.86248,3562.12052376263
Google,G,0,2,3,task,2.48532,3471.44871794872
Google,G,0,2,4,task,2.50174,3192.78811321443
Google,G,0,2,5,task,2.41322,3220.20563154247
Google,G,0,2,6,task,2.26453,3228.46950796951
Google,G,0,2,7,task,2.19415,3259.8079002079
Google,G,0,2,8,task,2.61001,3350.64087508396
Google,G,0,2,9,task,2.54995,3180.21335577651
Google,G,0,2,10,task,4.23369,3202.23092073097
Google,G,0,3,0,in,21.8273,3451.47985347985
Google,G,0,3,0,task,0.593192,3856.80084213172
Google,G,0,3,1,task,0.943833,3532.26643088712
Google,G,0,3,2,task,2.36994,3575.78862711961
Google,G,0,3,3,task,2.11753,3496.24213900135
Google,G,0,3,4,task,2.6278,3228.42910651713
Google,G,0,3,5,task,2.1002,3238.50682200407
Google,G,0,3,6,task,2.09936,3220.86977582752
Google,G,0,3,7,task,2.03079,3289.37787696076
Google,G,0,3,8,task,2.06821,3366.8491902834
Google,G,0,3,9,task,1.92097,3173.64522541559
Google,G,0,3,10,task,3.80847,3217.21615153962
Google,G,0,4,0,in,18.4358,3570.91804927099
Google,G,0,4,0,task,0.585637,3873.05147058824
Google,G,0,4,1,task,0.822821,3524.11477411477
Google,G,0,4,2,task,2.19144,3609.96450049236
Google,G,0,4,3,task,2.02,3512.50674763833
Google,G,0,4,4,task,2.44869,3229.72323685704
Google,G,0,4,5,task,2.32181,3259.47320246264
Google,G,0,4,6,task,2.12325,3266.0931744312
Google,G,0,4,7,task,1.8387,3301.18984811881
Google,G,0,4,8,task,1.86288,3392.23819163293
Google,G,0,4,9,task,2.03248,3208.45457359542
Google,G,0,4,10,task,3.46168,3242.47056104815
Google,G,0,5,0,in,15.7167,3757.73095776772
Google,G,0,5,0,task,0.489125,3924.74547511312
Google,G,0,5,1,task,0.7812,3579.91554741555
Google,G,0,5,2,task,1.87387,3625.07862559975
Google,G,0,5,3,task,1.8699,3558.8709851552
Google,G,0,5,4,task,2.20214,3274.60284785637
Google,G,0,5,5,task,1.90858,3274.32580544583
Google,G,0,5,6,task,2.03682,3315.1964137108
Google,G,0,5,7,task,2.01655,3360.46990078711
Google,G,0,5,8,task,1.87495,3418.74347302768
Google,G,0,5,9,task,2.04126,3251.09869024627
Google,G,0,5,10,task,3.71531,3262.01135526395
Google,G,0,6,0,in,13.7944,3911.75457875458
Google,G,0,6,0,task,0.463575,4006.52149321267
Google,G,0,6,1,task,0.763758,3632.39308412385
Google,G,0,6,2,task,1.7213,3672.36913790435
Google,G,0,6,3,task,1.73626,3631.05560053981
Google,G,0,6,4,task,2.04193,3330.6455657019
Google,G,0,6,5,task,1.74519,3346.09046026437
Google,G,0,6,6,task,1.7801,3334.95335446346
Google,G,0,6,7,task,1.79092,3416.13022617309
Google,G,0,6,8,task,1.90059,3513.64844804318
Google,G,0,6,9,task,1.78395,3281.81899423296
Google,G,0,6,10,task,3.37779,3308.64601149986
Google,G,0,7,0,in,12.4347,4159.62430731661
Google,G,0,7,0,task,0.470779,4160.14423076923
Google,G,0,7,1,task,0.707903,3699.89371027832
Google,G,0,7,2,task,1.67008,3759.57142857143
Google,G,0,7,3,task,1.61405,3690.27886347886
Google,G,0,7,4,task,2.01819,3392.32657483362
Google,G,0,7,5,task,1.82461,3422.89010989011
Google,G,0,7,6,task,1.91993,3404.39792601764
Google,G,0,7,7,task,1.93241,3464.35217324011
Google,G,0,7,8,task,1.7785,3540.87746288799
Google,G,0,7,9,task,1.97164,3350.12184833266
Google,G,0,7,10,task,3.66205,3381.21973622475
Google,G,1,0,0,in,53.7073,3342.34376395962
Google,G,1,0,0,task,1.09696,3908.57466063348
Google,G,1,0,1,task,2.11689,3755.91606669193
Google,G,1,0,2,task,4.37859,3401.58534588329
Google,G,1,0,3,task,3.9744,3455.72832026273
Google,G,1,0,4,task,4.08281,3194.98127474155
Google,G,1,0,5,task,4.14785,3213.67728190946
Google,G,1,0,6,task,3.94284,3206.07423837334
Google,G,1,0,7,task,3.87835,3260.48979776092
Google,G,1,0,8,task,4.34403,3349.92602959426
Google,G,1,0,9,task,4.21272,3171.63637161925
Google,G,1,0,10,task,6.53756,3209.82895590437
Google,G,1,1,0,in,36.719,3283.23407775021
Google,G,1,1,0,task,0.861175,3914.94061085973
Google,G,1,1,1,task,1.49937,3758.35978835979
Google,G,1,1,2,task,3.01195,3402.74357861252
Google,G,1,1,3,task,2.96488,3459.98006379585
Google,G,1,1,4,task,2.92244,3200.04845311183
Google,G,1,1,5,task,2.9199,3214.25351252816
Google,G,1,1,6,task,2.9363,3221.60797692136
Google,G,1,1,7,task,2.91232,3267.9244698963
Google,G,1,1,8,task,3.13673,3340.49956790847
Google,G,1,1,9,task,3.06495,3174.19345130613
Google,G,1,1,10,task,5.05047,3209.06015426521
Google,G,1,2,0,in,26.94,3382.2900780379
Google,G,1,2,0,task,0.721088,3926.02941176471
Google,G,1,2,1,task,1.25662,3782.03601953602
Google,G,1,2,2,task,2.6472,3420.94633034177
Google,G,1,2,3,task,2.57317,3476.68660287081
Google,G,1,2,4,task,2.66181,3213.46436740099
Google,G,1,2,5,task,2.51915,3228.41982235292
Google,G,1,2,6,task,2.42778,3234.93910657291
Google,G,1,2,7,task,2.41375,3291.9824158627
Google,G,1,2,8,task,2.66423,3352.81095395832
Google,G,1,2,9,task,2.65113,3189.10738361795
Google,G,1,2,10,task,4.3734,3213.04440893602
Google,G,1,3,0,in,21.9998,3480.3083028083
Google,G,1,3,0,task,0.674859,3976.86368778281
Google,G,1,3,1,task,1.07817,3798.55921855922
Google,G,1,3,2,task,2.45405,3425.97245008513
Google,G,1,3,3,task,2.63757,3472.11958217221
Google,G,1,3,4,task,2.64151,3225.87659289068
Google,G,1,3,5,task,2.20736,3246.71088066863
Google,G,1,3,6,task,2.21255,3229.21064850642
Google,G,1,3,7,task,2.00728,3300.04921838725
Google,G,1,3,8,task,2.272,3365.71438386175
Google,G,1,3,9,task,2.27019,3195.30072744157
Google,G,1,3,10,task,4.05679,3220.016449552
Google,G,1,4,0,in,18.4799,3600.45595512159
Google,G,1,4,0,task,0.566037,4007.18325791855
Google,G,1,4,1,task,0.998871,3819.97557997558
Google,G,1,4,2,task,2.29644,3460.0404392165
Google,G,1,4,3,task,2.35935,3515.74064707223
Google,G,1,4,4,task,2.56757,3246.41924194741
Google,G,1,4,5,task,2.25301,3253.50441108188
Google,G,1,4,6,task,2.15375,3271.11214724243
Google,G,1,4,7,task,2.22524,3327.94149512459
Google,G,1,4,8,task,2.40642,3392.9324061903
Google,G,1,4,9,task,2.76926,3219.64608865313
Google,G,1,4,10,task,4.45477,3248.94090105297
Google,G,1,5,0,in,15.9436,3793.035372433
Google,G,1,5,0,task,0.584587,4055.98699095023
Google,G,1,5,1,task,0.829821,3831.19556369556
Google,G,1,5,2,task,2.05882,3503.62621885157
Google,G,1,5,3,task,2.04336,3534.59865047233
Google,G,1,5,4,task,2.20275,3264.12676056338
Google,G,1,5,5,task,2.08037,3314.50961959045
Google,G,1,5,6,task,1.99684,3330.1213120417
Google,G,1,5,7,task,2.01154,3332.94861476552
Google,G,1,5,8,task,2.31318,3428.79536954274
Google,G,1,5,9,task,2.21352,3255.85497600991
Google,G,1,5,10,task,3.83816,3266.69330362908
Google,G,1,6,0,in,13.9169,3921.45754245754
Google,G,1,6,0,task,0.476904,4134.83597285068
Google,G,1,6,1,task,0.775221,3892.90598290598
Google,G,1,6,2,task,2.11024,3523.4997341911
Google,G,1,6,3,task,1.97954,3611.45951417004
Google,G,1,6,4,task,2.18645,3341.31326420059
Google,G,1,6,5,task,2.02125,3320.73456121343
Google,G,1,6,6,task,1.99885,3347.57436929268
Google,G,1,6,7,task,1.86737,3405.81535366042
Google,G,1,6,8,task,2.00086,3457.95492577598
Google,G,1,6,9,task,2.02808,3286.14316669246
Google,G,1,6,10,task,3.81891,3307.25725424001
Google,G,1,7,0,in,12.4943,4233.93162393162
Google,G,1,7,0,task,0.4557,4293.64536199095
Google,G,1,7,1,task,0.788433,4062.01566951567
Google,G,1,7,2,task,1.85617,3665.6954099177
Google,G,1,7,3,task,1.98555,3688.82867928657
Google,G,1,7,4,task,2.24677,3428.40736728061
Google,G,1,7,5,task,2.17939,3423.61215228943
Google,G,1,7,6,task,1.90342,3419.64115125536
Google,G,1,7,7,task,1.89394,3494.92283242375
Google,G,1,7,8,task,2.11957,3566.59765147134
Google,G,1,7,9,task,2.01635,3344.84311218481
Google,G,1,7,10,task,3.57158,3388.78185033358
Google,G,2,0,0,in,54.0824,3356.35448247473
Google,G,2,0,0,task,1.19347,4112.45035193565
Google,G,2,0,1,task,1.87437,3857.92022792023
Google,G,2,0,2,task,4.47749,3344.94439615412
Google,G,2,0,3,task,4.18565,3475.60376008283
Google,G,2,0,4,task,4.18457,3217.10650281472
Google,G,2,0,5,task,4.39571,3248.36876429629
Google,G,2,0,6,task,4.42738,3238.04067843872
Google,G,2,0,7,task,4.1753,3286.36778287511
Google,G,2,0,8,task,4.33889,3365.58891935718
Google,G,2,0,9,task,4.56928,3190.88813260046
Google,G,2,0,10,task,6.37312,3217.80963406716
Google,G,2,1,0,in,36.7579,3311.3671071235
Google,G,2,1,0,task,0.824483,4102.57918552036
Google,G,2,1,1,task,1.36725,3874.78021978022
Google,G,2,1,2,task,3.59278,3351.84536766319
Google,G,2,1,3,task,3.23441,3498.35388295915
Google,G,2,1,4,task,3.03882,3228.17165815405
Google,G,2,1,5,task,3.01554,3260.08486818346
Google,G,2,1,6,task,3.08799,3251.98083801957
Google,G,2,1,7,task,3.00956,3283.45506801493
Google,G,2,1,8,task,3.11386,3388.42959671907
Google,G,2,1,9,task,3.47028,3203.06189407844
Google,G,2,1,10,task,5.3072,3223.8306462816
Google,G,2,2,0,in,27.0113,3400.80412486065
Google,G,2,2,0,task,0.757692,4166.34615384615
Google,G,2,2,1,task,1.07879,3884.79446479446
Google,G,2,2,2,task,2.88534,3350.44608677707
Google,G,2,2,3,task,2.63643,3498.82788264367
Google,G,2,2,4,task,2.63766,3235.68330925725
Google,G,2,2,5,task,2.31516,3251.9072597981
Google,G,2,2,6,task,2.42468,3261.54109271011
Google,G,2,2,7,task,2.32727,3298.70870952209
Google,G,2,2,8,task,2.58837,3385.18875860981
Google,G,2,2,9,task,2.78375,3202.04842301673
Google,G,2,2,10,task,4.62712,3225.3749232617
Google,G,2,3,0,in,21.888,3488.38278388278
Google,G,2,3,0,task,0.601475,4166.55542986425
Google,G,2,3,1,task,0.94535,3911.52523402523
Google,G,2,3,2,task,2.40896,3369.1919551497
Google,G,2,3,3,task,2.41847,3525.93025746184
Google,G,2,3,4,task,2.59195,3266.36688507111
Google,G,2,3,5,task,2.41299,3281.50825465614
Google,G,2,3,6,task,2.18161,3265.22179229221
Google,G,2,3,7,task,2.30711,3319.58381055564
Google,G,2,3,8,task,2.36434,3387.49421806264
Google,G,2,3,9,task,2.68001,3229.91061755146
Google,G,2,3,10,task,4.04618,3261.7490386083
Google,G,2,4,0,in,18.4752,3621.05580693816
Google,G,2,4,0,task,0.570354,4193.9536199095
Google,G,2,4,1,task,0.905246,3960.21571021571
Google,G,2,4,2,task,2.40806,3403.7847942355
Google,G,2,4,3,task,2.58151,3548.35595281911
Google,G,2,4,4,task,2.71486,3262.2501160811
Google,G,2,4,5,task,2.43011,3287.15198885621
Google,G,2,4,6,task,2.41623,3289.26362878123
Google,G,2,4,7,task,2.24347,3345.07320848166
Google,G,2,4,8,task,2.37574,3411.94276951119
Google,G,2,4,9,task,2.43574,3249.02368054481
Google,G,2,4,10,task,4.09217,3269.75973335718
Google,G,2,5,0,in,15.7649,3795.54864253394
Google,G,2,5,0,task,0.590537,4234.09219457014
Google,G,2,5,1,task,0.815937,3952.39316239316
Google,G,2,5,2,task,2.18756,3444.51927806153
Google,G,2,5,3,task,2.3392,3561.23895227579
Google,G,2,5,4,task,2.53639,3319.75938967136
Google,G,2,5,5,task,2.19441,3326.07475622968
Google,G,2,5,6,task,2.29941,3316.33771861941
Google,G,2,5,7,task,2.09201,3367.62417537555
Google,G,2,5,8,task,2.27278,3474.24039995093
Google,G,2,5,9,task,2.3217,3265.2792438391
Google,G,2,5,10,task,3.76483,3284.13830814762
Google,G,2,6,0,in,13.8479,3955.9666999667
Google,G,2,6,0,task,0.482037,4354.83880090498
Google,G,2,6,1,task,0.772304,4039.54196800351
Google,G,2,6,2,task,2.23271,3457.55995803883
Google,G,2,6,3,task,2.36518,3633.26586746587
Google,G,2,6,4,task,2.2225,3352.64768955614
Google,G,2,6,5,task,1.99188,3347.1162358768
Google,G,2,6,6,task,2.11587,3361.6805218154
Google,G,2,6,7,task,1.93393,3433.10787803745
Google,G,2,6,8,task,2.03318,3504.20067476383
Google,G,2,6,9,task,2.36679,3291.11321346885
Google,G,2,6,10,task,3.66829,3333.2356723736
Google,G,2,7,0,in,12.421,4226.23837700761
Google,G,2,7,0,task,0.477575,4479.56730769231
Google,G,2,7,1,task,0.714204,4084.18803418803
Google,G,2,7,2,task,1.84946,3559.72016715679
Google,G,2,7,3,task,2.25738,3714.04951189162
Google,G,2,7,4,task,2.20424,3379.98065314967
Google,G,2,7,5,task,2.1028,3424.78289394487
Google,G,2,7,6,task,1.97858,3434.77733962302
Google,G,2,7,7,task,1.95977,3459.44931125213
Google,G,2,7,8,task,2.04543,3563.86666666667
Google,G,2,7,9,task,2.17192,3389.85900015478
Google,G,2,7,10,task,3.47378,3392.3336146612
Google,G,3,0,0,in,54.0563,3435.22195142728
Google,G,3,0,0,task,1.26394,4616.715057818
Google,G,3,0,1,task,1.97173,4021.11121636984
Google,G,3,0,2,task,4.42391,3386.61142353526
Google,G,3,0,3,task,4.06242,3594.25750977358
Google,G,3,0,4,task,4.43018,3322.95724597094
Google,G,3,0,5,task,4.14598,3326.04378087255
Google,G,3,0,6,task,4.05087,3341.69577522728
Google,G,3,0,7,task,4.07155,3374.75207821098
Google,G,3,0,8,task,4.51133,3466.69308345014
Google,G,3,0,9,task,4.78829,3273.71742659414
Google,G,3,0,10,task,6.91577,3300.49472805158
Google,G,3,1,0,in,36.8224,3386.84243176179
Google,G,3,1,0,task,0.785371,4689.56447963801
Google,G,3,1,1,task,1.51509,4022.55424333011
Google,G,3,1,2,task,3.73753,3404.12604931175
Google,G,3,1,3,task,3.21685,3623.22598454177
Google,G,3,1,4,task,3.22058,3313.79651342077
Google,G,3,1,5,task,3.46197,3337.59711235449
Google,G,3,1,6,task,3.1612,3332.17677862044
Google,G,3,1,7,task,3.29306,3379.81476465631
Google,G,3,1,8,task,3.52278,3471.60517282987
Google,G,3,1,9,task,3.92519,3268.1875658588
Google,G,3,1,10,task,5.57331,3308.59055301752
Google,G,3,2,0,in,27.02,3468.05501672241
Google,G,3,2,0,task,0.769213,4676.13404977376
Google,G,3,2,1,task,1.20925,4000.41208791209
Google,G,3,2,2,task,3.0954,3397.52170504587
Google,G,3,2,3,task,2.62456,3625.61495697285
Google,G,3,2,4,task,2.62582,3335.50258817864
Google,G,3,2,5,task,2.37189,3345.83567645187
Google,G,3,2,6,task,2.58539,3359.24765258216
Google,G,3,2,7,task,2.48103,3414.36539321398
Google,G,3,2,8,task,2.6553,3510.24396655976
Google,G,3,2,9,task,2.81581,3289.9417659805
Google,G,3,2,10,task,4.60667,3315.4726936609
Google,G,3,3,0,in,21.8877,3545.49938949939
Google,G,3,3,0,task,0.593658,4747.93834841629
Google,G,3,3,1,task,1.02209,4007.17236467236
Google,G,3,3,2,task,2.66589,3419.61568556639
Google,G,3,3,3,task,2.58708,3638.33701912123
Google,G,3,3,4,task,2.72974,3348.43731190562
Google,G,3,3,5,task,2.40409,3356.16536827804
Google,G,3,3,6,task,2.36014,3369.86691946551
Google,G,3,3,7,task,2.2643,3399.77584309274
Google,G,3,3,8,task,2.45858,3513.45684140421
Google,G,3,3,9,task,2.93484,3287.90026483688
Google,G,3,3,10,task,4.37404,3336.24915097387
Google,G,3,4,0,in,18.665,3717.45298389261
Google,G,3,4,0,task,0.563034,4754.34954751131
Google,G,3,4,1,task,0.904342,4057.83475783476
Google,G,3,4,2,task,2.61608,3434.1569459492
Google,G,3,4,3,task,2.40185,3665.27533343849
Google,G,3,4,4,task,2.53479,3353.96831845775
Google,G,3,4,5,task,2.17983,3396.15957282154
Google,G,3,4,6,task,2.04225,3387.14285714286
Google,G,3,4,7,task,2.0732,3436.29546509828
Google,G,3,4,8,task,2.1259,3540.54657973605
Google,G,3,4,9,task,2.60908,3317.17762128326
Google,G,3,4,10,task,3.8997,3370.1182864017
Google,G,3,5,0,in,15.7104,3862.31711915535
Google,G,3,5,0,task,0.53588,4885.03676470588
Google,G,3,5,1,task,0.906529,4099.47903947904
Google,G,3,5,2,task,2.41617,3454.57777433834
Google,G,3,5,3,task,2.19946,3697.61147098515
Google,G,3,5,4,task,2.61214,3399.56301914048
Google,G,3,5,5,task,2.16388,3404.10120122444
Google,G,3,5,6,task,1.99704,3405.89939637827
Google,G,3,5,7,task,1.96767,3479.92787494196
Google,G,3,5,8,task,2.08268,3571.05317139001
Google,G,3,5,9,task,2.45009,3350.6800804829
Google,G,3,5,10,task,3.73791,3369.20715778474
Google,G,3,6,0,in,13.9683,4016.61538461539
Google,G,3,6,0,task,0.462583,4901.89762443439
Google,G,3,6,1,task,0.821538,4159.82905982906
Google,G,3,6,2,task,2.19952,3500.07661352732
Google,G,3,6,3,task,2.0694,3756.77716669296
Google,G,3,6,4,task,2.27203,3428.12300727442
Google,G,3,6,5,task,2.22603,3426.64897074756
Google,G,3,6,6,task,2.04689,3473.66645600096
Google,G,3,6,7,task,2.03872,3521.84574316953
Google,G,3,6,8,task,2.07883,3590.22760046971
Google,G,3,6,9,task,2.43603,3378.63232815698
Google,G,3,6,10,task,3.85525,3415.23424609099
Google,G,3,7,0,in,12.5365,4345.50671550672
Google,G,3,7,0,task,0.486559,5049.53054298642
Google,G,3,7,1,task,0.757459,4203.85632885633
Google,G,3,7,2,task,2.1457,3606.19826652221
Google,G,3,7,3,task,2.03251,3870.64939271255
Google,G,3,7,4,task,2.25056,3506.45497343032
Google,G,3,7,5,task,2.00731,3573.42764707906
Google,G,3,7,6,task,2.01361,3565.71583346231
Google,G,3,7,7,task,1.86635,3585.94412629624
Google,G,3,7,8,task,1.87548,3704.00958164642
Google,G,3,7,9,task,2.29142,3453.70112985606
Google,G,3,7,10,task,3.50674,3474.62916313313
Google,G,4,0,0,in,54.1455,3577.81449784853
Google,G,4,0,0,task,1.26254,5213.37355455003
Google,G,4,0,1,task,1.88662,4477.14570614571
Google,G,4,0,2,task,4.2894,3583.35396909027
Google,G,4,0,3,task,4.17492,3856.70831278426
Google,G,4,0,4,task,4.39944,3508.65863624425
Google,G,4,0,5,task,4.29389,3529.22881917745
Google,G,4,0,6,task,4.13496,3522.95954806229
Google,G,4,0,7,task,4.13901,3607.78099754127
Google,G,4,0,8,task,4.21727,3684.00725856422
Google,G,4,0,9,task,4.63406,3454.92937088828
Google,G,4,0,10,task,6.7382,3489.7902695595
Google,G,4,1,0,in,36.4732,3528.14888337469
Google,G,4,1,0,task,0.803367,5316.29807692308
Google,G,4,1,1,task,1.49517,4486.64042215766
Google,G,4,1,2,task,3.92551,3587.42916882436
Google,G,4,1,3,task,3.30683,3883.91609065698
Google,G,4,1,4,task,3.74477,3502.99233110877
Google,G,4,1,5,task,3.61299,3539.10022245639
Google,G,4,1,6,task,3.15464,3523.04201276032
Google,G,4,1,7,task,3.51152,3590.57651493789
Google,G,4,1,8,task,3.41962,3699.31350700581
Google,G,4,1,9,task,3.56288,3472.2780365913
Google,G,4,1,10,task,5.49092,3512.10605192368
Google,G,4,2,0,in,26.8365,3612.07636566332
Google,G,4,2,0,task,0.783154,5348.39115133233
Google,G,4,2,1,task,1.18175,4563.07895807896
Google,G,4,2,2,task,3.24351,3599.48176236909
Google,G,4,2,3,task,2.8362,3894.44094704216
Google,G,4,2,4,task,2.79982,3509.90008426628
Google,G,4,2,5,task,2.7036,3534.63524738173
Google,G,4,2,6,task,2.58186,3540.96484892259
Google,G,4,2,7,task,2.78661,3624.74606614043
Google,G,4,2,8,task,2.84576,3706.91466428309
Google,G,4,2,9,task,3.17065,3485.41621524016
Google,G,4,2,10,task,4.79243,3502.8506892608
Google,G,4,3,0,in,21.8902,3729.36507936508
Google,G,4,3,0,task,0.612296,5345.45531674208
Google,G,4,3,1,task,1.07616,4573.83190883191
Google,G,4,3,2,task,2.85661,3641.61374446185
Google,G,4,3,3,task,2.77107,3897.54968715495
Google,G,4,3,4,task,2.78294,3541.20214879018
Google,G,4,3,5,task,2.59505,3571.70417805981
Google,G,4,3,6,task,2.40447,3579.66086691087
Google,G,4,3,7,task,2.47835,3639.75468623708
Google,G,4,3,8,task,2.71556,3730.52858410146
Google,G,4,3,9,task,2.744,3466.52055495365
Google,G,4,3,10,task,4.14184,3515.92372515125
Google,G,4,4,0,in,18.4404,3849.94519859226
Google,G,4,4,0,task,0.529871,5386.2415158371
Google,G,4,4,1,task,0.978134,4611.58628408628
Google,G,4,4,2,task,2.81199,3625.32241235245
Google,G,4,4,3,task,2.53558,3923.3072008541
Google,G,4,4,4,task,2.62535,3577.73462671454
Google,G,4,4,5,task,2.52321,3562.7645741139
Google,G,4,4,6,task,2.39018,3586.12497813925
Google,G,4,4,7,task,2.28104,3645.88763349327
Google,G,4,4,8,task,2.12879,3738.79916779127
Google,G,4,4,9,task,2.49092,3532.84367785697
Google,G,4,4,10,task,3.82833,3546.85925520263
Google,G,4,5,0,in,15.7932,4016.78846153846
Google,G,4,5,0,task,0.48965,5466.96474358974
Google,G,4,5,1,task,0.79138,4652.20473372781
Google,G,4,5,2,task,2.55054,3667.28509345498
Google,G,4,5,3,task,2.35661,3961.79923146183
Google,G,4,5,4,task,2.68295,3574.03879921659
Google,G,4,5,5,task,2.36227,3598.74535692578
Google,G,4,5,6,task,2.16595,3634.24739220393
Google,G,4,5,7,task,2.06235,3664.86796785304
Google,G,4,5,8,task,2.26917,3784.47023759463
Google,G,4,5,9,task,2.43968,3541.77173061062
Google,G,4,5,10,task,3.75742,3601.74855411999
Google,G,4,6,0,in,14.0606,4185.10256410256
Google,G,4,6,0,task,0.517067,5583.15064102564
Google,G,4,6,1,task,0.822325,4676.10650887574
Google,G,4,6,2,task,2.25666,3736.71885840235
Google,G,4,6,3,task,2.04951,4001.32765154326
Google,G,4,6,4,task,2.25843,3610.18639832512
Google,G,4,6,5,task,2.18286,3670.20688413138
Google,G,4,6,6,task,1.99911,3658.73246887733
Google,G,4,6,7,task,1.91616,3694.97321086873
Google,G,4,6,8,task,2.04187,3817.51770663791
Google,G,4,6,9,task,2.56293,3591.75491321672
Google,G,4,6,10,task,3.77125,3608.07890904276
Google,G,4,7,0,in,12.4924,4497.77472527473
Google,G,4,7,0,task,0.4907,5751.05128205128
Google,G,4,7,1,task,0.757079,4744.8875739645
Google,G,4,7,2,task,2.19818,3797.11166503967
Google,G,4,7,3,task,2.18896,4084.18366215323
Google,G,4,7,4,task,2.60741,3672.6801512798
Google,G,4,7,5,task,2.14346,3740.45247845511
Google,G,4,7,6,task,2.04499,3695.52145688669
Google,G,4,7,7,task,2.00291,3797.75811911238
Google,G,4,7,8,task,2.2601,3900.19693120672
Google,G,4,7,9,task,2.54718,3657.28135341393
Google,G,4,7,10,task,3.66459,3659.57574871989
Google,G,0,0,10,out,1.35237,
Google,G,0,1,10,out,1.04945,
Google,G,0,2,10,out,0.709042,
Google,G,0,3,10,out,0.585929,
Google,G,0,4,10,out,0.555946,
Google,G,0,5,10,out,0.587475,
Google,G,0,6,10,out,0.473988,
Google,G,0,7,10,out,0.484663,
Google,G,1,0,10,out,1.27406,
Google,G,1,1,10,out,0.980963,
Google,G,1,2,10,out,0.742,
Google,G,1,3,10,out,0.66325,
Google,G,1,4,10,out,0.598208,
Google,G,1,5,10,out,0.505283,
Google,G,1,6,10,out,0.542004,
Google,G,1,7,10,out,0.426796,
Google,G,2,0,10,out,1.5188,
Google,G,2,1,10,out,0.967808,
Google,G,2,2,10,out,0.703588,
Google,G,2,3,10,out,0.584325,
Google,G,2,4,10,out,0.520858,
Google,G,2,5,10,out,0.566708,
Google,G,2,6,10,out,0.52325,
Google,G,2,7,10,out,0.441058,
Google,G,3,0,10,out,1.43022,
Google,G,3,1,10,out,0.992192,
Google,G,3,2,10,out,0.796921,
Google,G,3,3,10,out,0.639071,
Google,G,3,4,10,out,0.582313,
Google,G,3,5,10,out,0.520567,
Google,G,3,6,10,out,0.506479,
Google,G,3,7,10,out,0.425542,
Google,G,4,0,10,out,1.40942,
Google,G,4,1,10,out,0.940859,
Google,G,4,2,10,out,0.703734,
Google,G,4,3,10,out,0.652283,
Google,G,4,4,10,out,0.554488,
Google,G,4,5,10,out,0.518671,
Google,G,4,6,10,out,0.466783,
Google,G,4,7,10,out,0.498021,
Google,L,0,-1,0,in,119.135,3096.40027317146
Google,L,0,-1,0,task,136.297,3333.77803254922
Google,L,0,-1,1,task,178.049,3250.96198462891
Google,L,0,-1,2,task,64.3342,3112.68260397208
Google,L,0,-1,3,task,153.416,3142.61615312509
Google,L,0,-1,4,task,49.3583,3077.41703497154
Google,L,0,-1,5,task,56.1748,3091.17885853139
Google,L,0,-1,6,task,60.1297,3091.90030834287
Google,L,0,-1,7,task,64.6669,3107.22643276756
Google,L,0,-1,8,task,95.8546,3126.19978980654
Google,L,0,-1,9,task,38.1158,3096.79507529575
Google,L,0,-1,10,task,49.4778,3108.54261758053
Google,L,1,-1,0,in,80.9351,3062.89576597777
Google,L,1,-1,0,task,95.5733,3324.02807249193
Google,L,1,-1,1,task,126.705,3304.2006166542
Google,L,1,-1,2,task,46.6261,3107.26055629256
Google,L,1,-1,3,task,108.932,3164.50639313812
Google,L,1,-1,4,task,34.7246,3080.27210791076
Google,L,1,-1,5,task,39.1573,3086.67743436596
Google,L,1,-1,6,task,41.7868,3098.27486547557
Google,L,1,-1,7,task,46.5789,3101.32036874481
Google,L,1,-1,8,task,66.4456,3132.23281858998
Google,L,1,-1,9,task,28.152,3069.86958394349
Google,L,1,-1,10,task,38.214,3088.95724913173
Google,L,2,-1,0,in,59.5444,3102.76833774972
Google,L,2,-1,0,task,79.4885,3387.55098213748
Google,L,2,-1,1,task,110.079,3365.31418806963
Google,L,2,-1,2,task,40.9966,3112.72680236732
Google,L,2,-1,3,task,89.7752,3194.84401432154
Google,L,2,-1,4,task,33.3013,3094.6560180781
Google,L,2,-1,5,task,37.4646,3096.9820124714
Google,L,2,-1,6,task,39.2769,3124.94576348397
Google,L,2,-1,7,task,42.8012,3138.20168234593
Google,L,2,-1,8,task,61.167,3139.19452090613
Google,L,2,-1,9,task,28.5137,3085.40054737819
Google,L,2,-1,10,task,37.9234,3097.02215080169
Google,L,3,-1,0,in,48.2239,3157.16380347959
Google,L,3,-1,0,task,79.5635,3421.24169252386
Google,L,3,-1,1,task,108.417,3372.59809491768
Google,L,3,-1,2,task,41.1679,3153.10201982667
Google,L,3,-1,3,task,87.6921,3216.56579696525
Google,L,3,-1,4,task,31.1196,3091.21475941376
Google,L,3,-1,5,task,35.11,3106.20268966409
Google,L,3,-1,6,task,36.8037,3116.97801268427
Google,L,3,-1,7,task,41.9366,3128.05778105056
Google,L,3,-1,8,task,60.4831,3156.25205652131
Google,L,3,-1,9,task,27.9254,3096.78637723384
Google,L,3,-1,10,task,37.3227,3102.09139327146
Google,L,4,-1,0,in,40.5292,3220.64248251748
Google,L,4,-1,0,task,79.1632,3447.45203502456
Google,L,4,-1,1,task,107.932,3397.19716300718
Google,L,4,-1,2,task,41.5909,3160.13362353568
Google,L,4,-1,3,task,88.7297,3220.7886121344
Google,L,4,-1,4,task,31.3861,3105.01640002807
Google,L,4,-1,5,task,35.3374,3126.02967630908
Google,L,4,-1,6,task,37.5755,3131.0660466203
Google,L,4,-1,7,task,41.8639,3132.13698065776
Google,L,4,-1,8,task,60.4134,3167.75106327247
Google,L,4,-1,9,task,28.6847,3091.42875876236
Google,L,4,-1,10,task,38.3347,3099.60070173499
Google,L,5,-1,0,in,34.4793,3349.65773370946
Google,L,5,-1,0,task,79.0684,3516.77742019785
Google,L,5,-1,1,task,106.855,3449.82642541553
Google,L,5,-1,2,task,41.6057,3171.67058109621
Google,L,5,-1,3,task,88.8342,3260.62584705161
Google,L,5,-1,4,task,33.0703,3143.87371154939
Google,L,5,-1,5,task,35.9686,3138.55543018968
Google,L,5,-1,6,task,38.0905,3159.18146402639
Google,L,5,-1,7,task,41.7117,3164.65233199953
Google,L,5,-1,8,task,61.7258,3203.23787951981
Google,L,5,-1,9,task,28.63,3107.18007376841
Google,L,5,-1,10,task,37.5454,3134.36477247083
Google,L,0,-1,10,out,0.861204,
Google,L,1,-1,10,out,0.620725,
Google,L,2,-1,10,out,0.484575,
Google,L,3,-1,10,out,0.416762,
Google,L,4,-1,10,out,0.365779,
Google,L,5,-1,10,out,0.332996,
MobileV1,B,0,-1,0,in,63.5196,3291.19595622448
MobileV1,B,0,-1,0,task,20.3222,3349.40298117037
MobileV1,B,0,-1,1,task,54.0938,3274.75595043406
MobileV1,B,0,-1,2,task,39.6411,3200.79187662798
MobileV1,B,0,-1,3,task,60.4094,3249.4003869346
MobileV1,B,0,-1,4,task,29.1093,3150.86650993199
MobileV1,B,0,-1,5,task,53.4305,3193.82466733099
MobileV1,B,0,-1,6,task,22.436,3145.27154246915
MobileV1,B,0,-1,7,task,37.8855,3264.68534571609
MobileV1,B,0,-1,8,task,40.2712,3247.3014756252
MobileV1,B,0,-1,9,task,39.5877,3230.44766902152
MobileV1,B,0,-1,10,task,37.0876,3249.87574291358
MobileV1,B,0,-1,11,task,36.385,3254.00971250269
MobileV1,B,0,-1,12,task,24.5082,3133.8344379198
MobileV1,B,0,-1,13,task,55.4972,3145.64014000257
MobileV1,B,1,-1,0,in,42.794,3232.39018087855
MobileV1,B,1,-1,0,task,16.2851,3315.42794162359
MobileV1,B,1,-1,1,task,39.3905,3316.98397765162
MobileV1,B,1,-1,2,task,26.28,3220.05656690915
MobileV1,B,1,-1,3,task,37.8964,3346.57937904589
MobileV1,B,1,-1,4,task,19.1049,3177.50592744355
MobileV1,B,1,-1,5,task,37.4605,3227.69626907182
MobileV1,B,1,-1,6,task,16.2474,3148.50054349445
MobileV1,B,1,-1,7,task,28.5092,3269.54065730231
MobileV1,B,1,-1,8,task,29.9734,3251.42556572348
MobileV1,B,1,-1,9,task,30.1032,3266.31381475667
MobileV1,B,1,-1,10,task,29.9858,3268.78087261171
MobileV1,B,1,-1,11,task,28.2514,3279.0978636733
MobileV1,B,1,-1,12,task,20.3197,3127.43095218898
MobileV1,B,1,-1,13,task,39.4279,3132.77183323296
MobileV1,B,2,-1,0,in,31.5333,3349.62795250726
MobileV1,B,2,-1,0,task,11.7054,3387.79948122053
MobileV1,B,2,-1,1,task,29.7544,3363.33271133355
MobileV1,B,2,-1,2,task,21.8888,3311.32737698208
MobileV1,B,2,-1,3,task,34.8415,3322.18318203894
MobileV1,B,2,-1,4,task,12.7951,3180.23130842058
MobileV1,B,2,-1,5,task,27.7342,3260.83784906003
MobileV1,B,2,-1,6,task,12.1472,3152.28181742114
MobileV1,B,2,-1,7,task,22.3152,3287.48333965776
MobileV1,B,2,-1,8,task,22.0058,3310.71106148531
MobileV1,B,2,-1,9,task,22.2361,3292.420303211
MobileV1,B,2,-1,10,task,22.0409,3279.99958439493
MobileV1,B,2,-1,11,task,22.115,3303.64693446089
MobileV1,B,2,-1,12,task,16.2388,3137.00817017046
MobileV1,B,2,-1,13,task,32.7335,3153.97145027008
MobileV1,B,3,-1,0,in,25.3564,3411.55847775413
MobileV1,B,3,-1,0,task,9.377,3429.89322854648
MobileV1,B,3,-1,1,task,22.494,3400.07393429033
MobileV1,B,3,-1,2,task,13.1734,3293.21128054023
MobileV1,B,3,-1,3,task,21.4718,3439.73061878092
MobileV1,B,3,-1,4,task,10.8762,3263.19674752492
MobileV1,B,3,-1,5,task,19.717,3331.22538042059
MobileV1,B,3,-1,6,task,8.53528,3185.48223998224
MobileV1,B,3,-1,7,task,17.4412,3354.85526668454
MobileV1,B,3,-1,8,task,16.8465,3345.10750565629
MobileV1,B,3,-1,9,task,18.2409,3347.45019208434
MobileV1,B,3,-1,10,task,18.198,3325.92111140892
MobileV1,B,3,-1,11,task,18.2146,3316.60189404092
MobileV1,B,3,-1,12,task,14.0989,3174.50277901695
MobileV1,B,3,-1,13,task,27.3152,3164.64401795388
MobileV1,B,4,-1,0,in,21.4689,3551.24949392713
MobileV1,B,4,-1,0,task,8.16448,3512.22716009481
MobileV1,B,4,-1,1,task,20.2551,3517.13066861472
MobileV1,B,4,-1,2,task,13.1122,3362.72564896404
MobileV1,B,4,-1,3,task,19.5949,3470.59450240437
MobileV1,B,4,-1,4,task,8.68726,3252.78076090576
MobileV1,B,4,-1,5,task,16.8736,3377.50160814795
MobileV1,B,4,-1,6,task,7.24973,3247.67368317167
MobileV1,B,4,-1,7,task,15.5528,3377.22484722485
MobileV1,B,4,-1,8,task,15.6131,3416.1291269186
MobileV1,B,4,-1,9,task,14.3217,3395.88585859967
MobileV1,B,4,-1,10,task,14.8176,3416.67863667864
MobileV1,B,4,-1,11,task,14.9967,3408.6716961717
MobileV1,B,4,-1,12,task,12.3028,3204.31214537097
MobileV1,B,4,-1,13,task,21.8819,3256.52389636226
MobileV1,B,5,-1,0,in,18.0419,3712.03332615097
MobileV1,B,5,-1,0,task,7.24261,3650.14010989011
MobileV1,B,5,-1,1,task,16.6332,3577.84023094145
MobileV1,B,5,-1,2,task,12.2372,3415.85239702887
MobileV1,B,5,-1,3,task,18.2561,3620.90971321671
MobileV1,B,5,-1,4,task,7.21729,3297.25984345351
MobileV1,B,5,-1,5,task,12.5444,3488.74576326612
MobileV1,B,5,-1,6,task,5.64923,3287.73516335815
MobileV1,B,5,-1,7,task,11.7081,3501.17048229548
MobileV1,B,5,-1,8,task,11.427,3468.24861249861
MobileV1,B,5,-1,9,task,10.5013,3468.45823906486
MobileV1,B,5,-1,10,task,10.8838,3470.7993950494
MobileV1,B,5,-1,11,task,10.1959,3483.819000444
MobileV1,B,5,-1,12,task,9.97118,3257.34874072006
MobileV1,B,5,-1,13,task,19.7624,3268.49692936663
MobileV1,B,6,-1,0,in,15.9474,3898.35972850679
MobileV1,B,6,-1,0,task,5.88513,3777.69068751761
MobileV1,B,6,-1,1,task,12.9809,3656.053356558
MobileV1,B,6,-1,2,task,9.74254,3486.52753496503
MobileV1,B,6,-1,3,task,14.5851,3667.85819408188
MobileV1,B,6,-1,4,task,6.61068,3418.73306263629
MobileV1,B,6,-1,5,task,10.89,3579.68883335447
MobileV1,B,6,-1,6,task,5.2717,3378.95749907304
MobileV1,B,6,-1,7,task,11.6235,3581.66814802844
MobileV1,B,6,-1,8,task,11.0641,3529.62511323802
MobileV1,B,6,-1,9,task,8.97464,3682.02430432471
MobileV1,B,6,-1,10,task,8.61044,3662.11602711804
MobileV1,B,6,-1,11,task,8.18332,3584.6448172321
MobileV1,B,6,-1,12,task,7.58698,3345.5845662876
MobileV1,B,6,-1,13,task,18.1809,3377.57787534103
MobileV1,B,7,-1,0,in,14.2318,4183.65567765568
MobileV1,B,7,-1,0,task,5.5365,4011.95442378135
MobileV1,B,7,-1,1,task,12.6289,3856.15537437209
MobileV1,B,7,-1,2,task,9.4052,3642.72422022422
MobileV1,B,7,-1,3,task,13.6318,3909.21203491792
MobileV1,B,7,-1,4,task,6.37683,3465.00857677269
MobileV1,B,7,-1,5,task,11.2453,3726.60521259205
MobileV1,B,7,-1,6,task,4.74335,3457.74339009155
MobileV1,B,7,-1,7,task,10.3403,3733.90030743292
MobileV1,B,7,-1,8,task,9.78096,3763.13077991743
MobileV1,B,7,-1,9,task,8.82688,3792.3850820856
MobileV1,B,7,-1,10,task,8.14838,3764.92514778864
MobileV1,B,7,-1,11,task,8.5062,3848.20267765915
MobileV1,B,7,-1,12,task,6.83783,3429.26889239792
MobileV1,B,7,-1,13,task,12.6003,3485.47270329866
MobileV1,B,0,-1,13,out,1.25067,
MobileV1,B,1,-1,13,out,0.505604,
MobileV1,B,2,-1,13,out,0.391067,
MobileV1,B,3,-1,13,out,0.355717,
MobileV1,B,4,-1,13,out,0.296071,
MobileV1,B,5,-1,13,out,0.259642,
MobileV1,B,6,-1,13,out,0.234675,
MobileV1,B,7,-1,13,out,0.217525,
MobileV1,G,0,0,0,in,58.1083,3327.14958958523
MobileV1,G,0,0,0,task,0.896088,3531.58284023669
MobileV1,G,0,0,1,task,1.55318,3429.74028762057
MobileV1,G,0,0,2,task,1.63993,3435.33091822434
MobileV1,G,0,0,3,task,1.43996,3379.10048537255
MobileV1,G,0,0,4,task,1.39726,3374.52460095522
MobileV1,G,0,0,5,task,1.39878,3292.85877292433
MobileV1,G,0,0,6,task,1.51156,3358.66087115517
MobileV1,G,0,0,7,task,1.5645,3343.43476064166
MobileV1,G,0,0,8,task,1.4777,3371.66942325229
MobileV1,G,0,0,9,task,1.42106,3392.819604964
MobileV1,G,0,0,10,task,1.34945,3379.23374440261
MobileV1,G,0,0,11,task,1.40076,3401.57501390434
MobileV1,G,0,0,12,task,1.56053,3468.93560977935
MobileV1,G,0,0,13,task,3.74383,3453.67087957313
MobileV1,G,0,1,0,in,41.1169,3276.07115107115
MobileV1,G,0,1,0,task,0.707175,3558.5372960373
MobileV1,G,0,1,1,task,1.30675,3398.51458885942
MobileV1,G,0,1,2,task,1.49797,3398.6949602122
MobileV1,G,0,1,3,task,1.45469,3386.92926613616
MobileV1,G,0,1,4,task,1.52565,3386.24314765694
MobileV1,G,0,1,5,task,1.54149,3313.91025641026
MobileV1,G,0,1,6,task,1.65783,3378.29000884173
MobileV1,G,0,1,7,task,1.39049,3322.85145888594
MobileV1,G,0,1,8,task,1.34356,3365.97947454844
MobileV1,G,0,1,9,task,1.35952,3382.57736516357
MobileV1,G,0,1,10,task,1.43815,3388.96993810787
MobileV1,G,0,1,11,task,1.4572,3382.68346595933
MobileV1,G,0,1,12,task,1.62403,3429.67904509284
MobileV1,G,0,1,13,task,3.26337,3439.14222497386
MobileV1,G,0,2,0,in,30.0887,3348.8803575342
MobileV1,G,0,2,0,task,0.617137,3558.10606060606
MobileV1,G,0,2,1,task,0.980409,3402.42989768852
MobileV1,G,0,2,2,task,1.16976,3422.20822281167
MobileV1,G,0,2,3,task,1.26627,3406.04774535809
MobileV1,G,0,2,4,task,1.27706,3402.94240242516
MobileV1,G,0,2,5,task,1.3501,3340.55702917772
MobileV1,G,0,2,6,task,1.31212,3376.7212327902
MobileV1,G,0,2,7,task,1.38845,3326.98320070734
MobileV1,G,0,2,8,task,1.36004,3388.94612858406
MobileV1,G,0,2,9,task,1.32078,3404.18213969938
MobileV1,G,0,2,10,task,1.29961,3412.28647214854
MobileV1,G,0,2,11,task,1.29442,3396.04774535809
MobileV1,G,0,2,12,task,1.37308,3472.09902740937
MobileV1,G,0,2,13,task,3.16511,3456.59826372091
MobileV1,G,0,3,0,in,24.1221,3455.72995844735
MobileV1,G,0,3,0,task,0.500879,3594.4696969697
MobileV1,G,0,3,1,task,0.830113,3448.35164835165
MobileV1,G,0,3,2,task,0.91245,3439.46002273589
MobileV1,G,0,3,3,task,0.958417,3435.19420234937
MobileV1,G,0,3,4,task,1.05928,3429.47896930656
MobileV1,G,0,3,5,task,1.07713,3313.33459643804
MobileV1,G,0,3,6,task,1.0871,3394.364342554
MobileV1,G,0,3,7,task,1.03192,3338.59416445623
MobileV1,G,0,3,8,task,1.00928,3404.28192497158
MobileV1,G,0,3,9,task,1.0955,3409.12466843501
MobileV1,G,0,3,10,task,1.0808,3417.55968169761
MobileV1,G,0,3,11,task,1.0922,3420.28609321713
MobileV1,G,0,3,12,task,1.08558,3477.35758494379
MobileV1,G,0,3,13,task,2.37697,3463.29407167578
MobileV1,G,0,4,0,in,20.7627,3614.43543956044
MobileV1,G,0,4,0,task,0.48755,3625.07575757576
MobileV1,G,0,4,1,task,0.701429,3432.62031072376
MobileV1,G,0,4,2,task,0.817338,3456.81413414172
MobileV1,G,0,4,3,task,0.890633,3436.56025009473
MobileV1,G,0,4,4,task,0.912742,3424.37949981053
MobileV1,G,0,4,5,task,1.01097,3374.82625994695
MobileV1,G,0,4,6,task,0.962091,3405.73228495642
MobileV1,G,0,4,7,task,0.9814,3355.9151193634
MobileV1,G,0,4,8,task,0.937883,3438.62492105595
MobileV1,G,0,4,9,task,0.929367,3413.11955286093
MobileV1,G,0,4,10,task,0.902796,3446.52046229632
MobileV1,G,0,4,11,task,1.08838,3471.92838196286
MobileV1,G,0,4,12,task,0.976996,3477.45737021599
MobileV1,G,0,4,13,task,2.36057,3476.0050305709
MobileV1,G,0,5,0,in,17.5585,3758.14820454809
MobileV1,G,0,5,0,task,0.4858,3691.10955710956
MobileV1,G,0,5,1,task,0.653479,3475.00814000814
MobileV1,G,0,5,2,task,0.76475,3509.13982029367
MobileV1,G,0,5,3,task,0.7672,3455.02739425816
MobileV1,G,0,5,4,task,0.818329,3452.43487993488
MobileV1,G,0,5,5,task,0.85193,3423.38522588523
MobileV1,G,0,5,6,task,0.811095,3432.35856735857
MobileV1,G,0,5,7,task,0.904663,3396.96275946276
MobileV1,G,0,5,8,task,0.82285,3479.74969474969
MobileV1,G,0,5,9,task,0.797067,3455.37444037444
MobileV1,G,0,5,10,task,0.810308,3466.35327635328
MobileV1,G,0,5,11,task,0.887192,3506.80708180708
MobileV1,G,0,5,12,task,0.868409,3512.69254250024
MobileV1,G,0,5,13,task,2.31995,3545.37237048666
MobileV1,G,0,6,0,in,15.1565,3946.16025641026
MobileV1,G,0,6,0,task,0.45185,3774.75990675991
MobileV1,G,0,6,1,task,0.643241,3532.43261012492
MobileV1,G,0,6,2,task,0.732113,3547.92022792023
MobileV1,G,0,6,3,task,0.741154,3489.98465921543
MobileV1,G,0,6,4,task,0.788171,3509.79242979243
MobileV1,G,0,6,5,task,0.932488,3458.28449328449
MobileV1,G,0,6,6,task,0.882204,3489.43223443223
MobileV1,G,0,6,7,task,0.971804,3452.25071225071
MobileV1,G,0,6,8,task,0.865084,3555.04477004477
MobileV1,G,0,6,9,task,0.870829,3505.39479039479
MobileV1,G,0,6,10,task,0.8456,3500.31033781034
MobileV1,G,0,6,11,task,0.890138,3557.68111518112
MobileV1,G,0,6,12,task,0.892879,3536.65242165242
MobileV1,G,0,6,13,task,2.19103,3586.95164835165
MobileV1,G,0,7,0,in,13.5475,4266.57738095238
MobileV1,G,0,7,0,task,0.476846,3951.2027972028
MobileV1,G,0,7,1,task,0.626354,3622.22879684418
MobileV1,G,0,7,2,task,0.676025,3626.05632259478
MobileV1,G,0,7,3,task,0.765479,3586.37409598948
MobileV1,G,0,7,4,task,0.688479,3586.38356657587
MobileV1,G,0,7,5,task,0.858142,3503.24786324786
MobileV1,G,0,7,6,task,0.836384,3570.8547008547
MobileV1,G,0,7,7,task,0.875321,3528.33943833944
MobileV1,G,0,7,8,task,0.844404,3612.07977207977
MobileV1,G,0,7,9,task,0.833175,3567.46438746439
MobileV1,G,0,7,10,task,0.813983,3572.71265771266
MobileV1,G,0,7,11,task,0.8533,3603.1919006919
MobileV1,G,0,7,12,task,0.927908,3613.27737077737
MobileV1,G,0,7,13,task,2.13068,3648.41571166928
MobileV1,G,1,0,0,in,59.2484,3348.97332474032
MobileV1,G,1,0,0,task,1.05268,3533.94298009683
MobileV1,G,1,0,1,task,1.71952,3450.36093217128
MobileV1,G,1,0,2,task,1.75143,3403.61111111111
MobileV1,G,1,0,3,task,1.49602,3441.77045177045
MobileV1,G,1,0,4,task,1.75554,3347.8220917014
MobileV1,G,1,0,5,task,1.52431,3386.45604395604
MobileV1,G,1,0,6,task,1.69009,3310.74502126226
MobileV1,G,1,0,7,task,1.57045,3417.23706370258
MobileV1,G,1,0,8,task,1.59865,3417.10496400152
MobileV1,G,1,0,9,task,1.67735,3455.71726804485
MobileV1,G,1,0,10,task,1.71205,3437.69072881142
MobileV1,G,1,0,11,task,1.81889,3437.4225295777
MobileV1,G,1,0,12,task,1.75822,3366.29657698623
MobileV1,G,1,0,13,task,4.1634,3437.06607495069
MobileV1,G,1,1,0,in,40.1064,3298.76282051282
MobileV1,G,1,1,0,task,0.849858,3499.51048951049
MobileV1,G,1,1,1,task,1.3015,3473.95502645503
MobileV1,G,1,1,2,task,1.56462,3473.47781847782
MobileV1,G,1,1,3,task,1.46268,3472.90293040293
MobileV1,G,1,1,4,task,1.62803,3329.36813186813
MobileV1,G,1,1,5,task,1.43252,3367.69027269027
MobileV1,G,1,1,6,task,1.53615,3325.88319088319
MobileV1,G,1,1,7,task,1.33712,3440.7503192848
MobileV1,G,1,1,8,task,1.41117,3441.35022385022
MobileV1,G,1,1,9,task,1.44821,3455.37647537648
MobileV1,G,1,1,10,task,1.35818,3424.0404965405
MobileV1,G,1,1,11,task,1.32099,3443.00773300773
MobileV1,G,1,1,12,task,1.51258,3391.22710622711
MobileV1,G,1,1,13,task,3.52535,3448.46422876843
MobileV1,G,1,2,0,in,30.2278,3368.96542688081
MobileV1,G,1,2,0,task,0.673633,3536.29370629371
MobileV1,G,1,2,1,task,1.03078,3494.31216931217
MobileV1,G,1,2,2,task,1.22241,3445.40394790395
MobileV1,G,1,2,3,task,1.18169,3457.42266992267
MobileV1,G,1,2,4,task,1.33729,3333.09218559218
MobileV1,G,1,2,5,task,1.29421,3395.8954008954
MobileV1,G,1,2,6,task,1.40799,3368.7851037851
MobileV1,G,1,2,7,task,1.4392,3434.89316239316
MobileV1,G,1,2,8,task,1.26295,3445.68477818478
MobileV1,G,1,2,9,task,1.34619,3445.98697598698
MobileV1,G,1,2,10,task,1.26872,3444.67338217338
MobileV1,G,1,2,11,task,1.38101,3450.15059015059
MobileV1,G,1,2,12,task,1.29366,3424.14122914123
MobileV1,G,1,2,13,task,3.21869,3469.75348908794
MobileV1,G,1,3,0,in,24.1934,3457.24034546689
MobileV1,G,1,3,0,task,0.586279,3571.67249417249
MobileV1,G,1,3,1,task,0.857529,3556.4183964184
MobileV1,G,1,3,2,task,1.08547,3474.02218152218
MobileV1,G,1,3,3,task,1.07275,3465.54131054131
MobileV1,G,1,3,4,task,1.13292,3365.72140822141
MobileV1,G,1,3,5,task,1.07048,3432.70655270655
MobileV1,G,1,3,6,task,1.16118,3345.77635327635
MobileV1,G,1,3,7,task,1.11878,3460.42531542532
MobileV1,G,1,3,8,task,1.08701,3449.61538461538
MobileV1,G,1,3,9,task,1.05863,3440.01322751323
MobileV1,G,1,3,10,task,1.18845,3452.25885225885
MobileV1,G,1,3,11,task,1.12852,3461.36955636956
MobileV1,G,1,3,12,task,1.23772,3401.87932437932
MobileV1,G,1,3,13,task,2.94817,3488.50549450549
MobileV1,G,1,4,0,in,20.8315,3628.28340080972
MobileV1,G,1,4,0,task,0.494346,3656.64335664336
MobileV1,G,1,4,1,task,0.73885,3528.77594627595
MobileV1,G,1,4,2,task,1.04026,3498.74033374033
MobileV1,G,1,4,3,task,0.9905,3500.9015059015
MobileV1,G,1,4,4,task,1.03203,3362.75844525845
MobileV1,G,1,4,5,task,0.961246,3442.61396011396
MobileV1,G,1,4,6,task,1.13805,3386.68294668295
MobileV1,G,1,4,7,task,1.04189,3471.02462352462
MobileV1,G,1,4,8,task,1.08165,3464.48310948311
MobileV1,G,1,4,9,task,1.14558,3492.91819291819
MobileV1,G,1,4,10,task,1.11758,3474.92572242572
MobileV1,G,1,4,11,task,1.1361,3504.17785917786
MobileV1,G,1,4,12,task,1.20245,3450.21164021164
MobileV1,G,1,4,13,task,2.8642,3498.50549450549
MobileV1,G,1,5,0,in,17.3216,3773.43253277642
MobileV1,G,1,5,0,task,0.437208,3706.01398601399
MobileV1,G,1,5,1,task,0.675179,3595.4711029711
MobileV1,G,1,5,2,task,0.82705,3519.55535205535
MobileV1,G,1,5,3,task,0.955588,3524.98778998779
MobileV1,G,1,5,4,task,1.06902,3465.4242979243
MobileV1,G,1,5,5,task,0.959466,3457.12250712251
MobileV1,G,1,5,6,task,1.12324,3400.42836792837
MobileV1,G,1,5,7,task,1.09267,3525.65832315832
MobileV1,G,1,5,8,task,0.985046,3501.24338624339
MobileV1,G,1,5,9,task,0.953867,3506.39906389906
MobileV1,G,1,5,10,task,0.982159,3534.91351241351
MobileV1,G,1,5,11,task,0.9485,3525.69800569801
MobileV1,G,1,5,12,task,0.951796,3441.44281644282
MobileV1,G,1,5,13,task,2.5751,3546.29293563579
MobileV1,G,1,6,0,in,15.5287,3990.83280200192
MobileV1,G,1,6,0,task,0.441117,3798.65034965035
MobileV1,G,1,6,1,task,0.644904,3624.85754985755
MobileV1,G,1,6,2,task,0.891334,3553.8665038665
MobileV1,G,1,6,3,task,0.86975,3586.86711436711
MobileV1,G,1,6,4,task,0.983792,3424.60215710216
MobileV1,G,1,6,5,task,0.933246,3485.14041514042
MobileV1,G,1,6,6,task,1.08503,3492.16218966219
MobileV1,G,1,6,7,task,1.00371,3538.35063085063
MobileV1,G,1,6,8,task,0.960371,3531.37057387057
MobileV1,G,1,6,9,task,0.971134,3568.74643874644
MobileV1,G,1,6,10,task,0.962472,3546.34411884412
MobileV1,G,1,6,11,task,0.939634,3556.34106634107
MobileV1,G,1,6,12,task,0.973817,3558.99470899471
MobileV1,G,1,6,13,task,2.38951,3559.20816326531
MobileV1,G,1,7,0,in,13.7509,4212.37912087912
MobileV1,G,1,7,0,task,0.403346,3901.6993006993
MobileV1,G,1,7,1,task,0.642717,3675.42328042328
MobileV1,G,1,7,2,task,0.887746,3626.98310948311
MobileV1,G,1,7,3,task,0.741329,3624.11461757616
MobileV1,G,1,7,4,task,0.894133,3516.44993894994
MobileV1,G,1,7,5,task,0.906237,3681.0520960521
MobileV1,G,1,7,6,task,1.022,3508.87057387057
MobileV1,G,1,7,7,task,1.00424,3603.5816035816
MobileV1,G,1,7,8,task,0.926654,3648.51546601547
MobileV1,G,1,7,9,task,0.964308,3613.23870573871
MobileV1,G,1,7,10,task,0.918779,3607.59971509972
MobileV1,G,1,7,11,task,0.963463,3669.62759462759
MobileV1,G,1,7,12,task,0.96355,3569.01505901506
MobileV1,G,1,7,13,task,2.52931,3672.91711145997
MobileV1,G,2,0,0,in,58.3913,3388.92726086407
MobileV1,G,2,0,0,task,1.1839,3576.87824995517
MobileV1,G,2,0,1,task,2.04234,3540.2271483306
MobileV1,G,2,0,2,task,1.93842,3460.67070860174
MobileV1,G,2,0,3,task,1.66682,3523.12983312983
MobileV1,G,2,0,4,task,1.7255,3331.74017234362
MobileV1,G,2,0,5,task,1.64993,3475.55148555148
MobileV1,G,2,0,6,task,1.58728,3353.78170041963
MobileV1,G,2,0,7,task,1.47461,3542.60669726187
MobileV1,G,2,0,8,task,1.52081,3535.2035002035
MobileV1,G,2,0,9,task,1.46379,3529.70594220594
MobileV1,G,2,0,10,task,1.74032,3557.75104206139
MobileV1,G,2,0,11,task,1.5657,3566.14861830379
MobileV1,G,2,0,12,task,1.76543,3391.25615763547
MobileV1,G,2,0,13,task,4.04364,3463.49341757022
MobileV1,G,2,1,0,in,40.9419,3304.60787299355
MobileV1,G,2,1,0,task,0.758129,3563.67132867133
MobileV1,G,2,1,1,task,1.43666,3507.56613756614
MobileV1,G,2,1,2,task,1.61204,3461.84676434676
MobileV1,G,2,1,3,task,1.52673,3525.86691086691
MobileV1,G,2,1,4,task,1.45244,3352.6048026048
MobileV1,G,2,1,5,task,1.5479,3501.91798941799
MobileV1,G,2,1,6,task,1.51985,3343.90773020083
MobileV1,G,2,1,7,task,1.52437,3532.9711029711
MobileV1,G,2,1,8,task,1.33411,3559.02116402116
MobileV1,G,2,1,9,task,1.34753,3572.06552706553
MobileV1,G,2,1,10,task,1.30763,3570.17297517297
MobileV1,G,2,1,11,task,1.42797,3597.2792022792
MobileV1,G,2,1,12,task,1.45431,3387.65160765161
MobileV1,G,2,1,13,task,3.41338,3488.89630929295
MobileV1,G,2,2,0,in,30.2175,3387.91124260355
MobileV1,G,2,2,0,task,0.561021,3589.69114219114
MobileV1,G,2,2,1,task,1.08815,3531.88542938543
MobileV1,G,2,2,2,task,1.30903,3496.02462352462
MobileV1,G,2,2,3,task,1.29001,3554.05474155474
MobileV1,G,2,2,4,task,1.36182,3351.32682132682
MobileV1,G,2,2,5,task,1.33761,3483.52869352869
MobileV1,G,2,2,6,task,1.37579,3368.69658119658
MobileV1,G,2,2,7,task,1.42686,3550.59727309727
MobileV1,G,2,2,8,task,1.22623,3556.38481888482
MobileV1,G,2,2,9,task,1.36415,3567.01973951974
MobileV1,G,2,2,10,task,1.31956,3577.82763532763
MobileV1,G,2,2,11,task,1.28281,3604.98256213773
MobileV1,G,2,2,12,task,1.2017,3450.78449328449
MobileV1,G,2,2,13,task,3.13422,3494.43972050359
MobileV1,G,2,3,0,in,24.5258,3484.15102441418
MobileV1,G,2,3,0,task,0.483787,3616.5034965035
MobileV1,G,2,3,1,task,0.933829,3550.40496540497
MobileV1,G,2,3,2,task,1.10874,3501.89255189255
MobileV1,G,2,3,3,task,1.05411,3535.40293040293
MobileV1,G,2,3,4,task,1.19053,3372.87749287749
MobileV1,G,2,3,5,task,1.10504,3507.63227513227
MobileV1,G,2,3,6,task,1.12449,3364.1625966626
MobileV1,G,2,3,7,task,1.17553,3574.91758241758
MobileV1,G,2,3,8,task,1.15392,3579.58994708995
MobileV1,G,2,3,9,task,1.11583,3585.38156288156
MobileV1,G,2,3,10,task,1.13082,3571.53642653643
MobileV1,G,2,3,11,task,1.15768,3584.28774928775
MobileV1,G,2,3,12,task,1.1562,3420.49755799756
MobileV1,G,2,3,13,task,2.95954,3526.04028688398
MobileV1,G,2,4,0,in,20.7695,3648.70192307692
MobileV1,G,2,4,0,task,0.510913,3611.3986013986
MobileV1,G,2,4,1,task,0.833846,3550.33475783476
MobileV1,G,2,4,2,task,1.01903,3553.49511599512
MobileV1,G,2,4,3,task,1.03629,3593.64875864876
MobileV1,G,2,4,4,task,1.04805,3388.81868131868
MobileV1,G,2,4,5,task,1.06479,3551.58628408628
MobileV1,G,2,4,6,task,1.11434,3413.39743589744
MobileV1,G,2,4,7,task,1.09177,3572.88258038258
MobileV1,G,2,4,8,task,1.12382,3639.9124949125
MobileV1,G,2,4,9,task,1.09993,3607.384004884
MobileV1,G,2,4,10,task,1.12225,3584.40577940578
MobileV1,G,2,4,11,task,1.11213,3655.54029304029
MobileV1,G,2,4,12,task,1.11615,3452.32498982499
MobileV1,G,2,4,13,task,2.72679,3520.20345368917
MobileV1,G,2,5,0,in,17.6719,3787.097304405
MobileV1,G,2,5,0,task,0.447271,3734.84382284382
MobileV1,G,2,5,1,task,0.803571,3650.77126577127
MobileV1,G,2,5,2,task,0.968742,3529.56450956451
MobileV1,G,2,5,3,task,0.974137,3595.11497761498
MobileV1,G,2,5,4,task,1.05473,3454.53194953195
MobileV1,G,2,5,5,task,0.9324,3540.9126984127
MobileV1,G,2,5,6,task,1.07077,3413.90516890517
MobileV1,G,2,5,7,task,1.033,3637.19881969882
MobileV1,G,2,5,8,task,1.00094,3604.67541717542
MobileV1,G,2,5,9,task,0.964745,3626.89255189255
MobileV1,G,2,5,10,task,1.03932,3677.18966218966
MobileV1,G,2,5,11,task,0.993766,3644.19719169719
MobileV1,G,2,5,12,task,1.05309,3489.16361416361
MobileV1,G,2,5,13,task,2.70874,3562.32747252747
MobileV1,G,2,6,0,in,15.4577,3968.08465309201
MobileV1,G,2,6,0,task,0.420379,3795.46153846154
MobileV1,G,2,6,1,task,0.749263,3632.22527472527
MobileV1,G,2,6,2,task,0.878734,3569.40264863342
MobileV1,G,2,6,3,task,0.953954,3733.87362637363
MobileV1,G,2,6,4,task,1.05067,3457.09198209198
MobileV1,G,2,6,5,task,0.910174,3583.54152969538
MobileV1,G,2,6,6,task,0.980933,3489.38644688645
MobileV1,G,2,6,7,task,1.03023,3645.03866503866
MobileV1,G,2,6,8,task,0.995604,3659.25925925926
MobileV1,G,2,6,9,task,0.965096,3729.70085470085
MobileV1,G,2,6,10,task,0.996713,3646.58831908832
MobileV1,G,2,6,11,task,0.989363,3691.24745624746
MobileV1,G,2,6,12,task,1.08523,3538.28958078958
MobileV1,G,2,6,13,task,2.60604,3583.35667189953
MobileV1,G,2,7,0,in,13.7741,4226.97435897436
MobileV1,G,2,7,0,task,0.425483,3909.95104895105
MobileV1,G,2,7,1,task,0.748709,3692.07061457061
MobileV1,G,2,7,2,task,0.898596,3722.16931216931
MobileV1,G,2,7,3,task,0.791583,3721.628001628
MobileV1,G,2,7,4,task,0.896934,3522.10317460317
MobileV1,G,2,7,5,task,0.832883,3715.84374315144
MobileV1,G,2,7,6,task,0.956842,3508.21835571835
MobileV1,G,2,7,7,task,1.02063,3718.85225885226
MobileV1,G,2,7,8,task,0.985221,3775.6512006512
MobileV1,G,2,7,9,task,0.977813,3740.5932030932
MobileV1,G,2,7,10,task,0.922659,3741.4245014245
MobileV1,G,2,7,11,task,1.00546,3800.5463980464
MobileV1,G,2,7,12,task,0.9359,3578.57651607652
MobileV1,G,2,7,13,task,2.26018,3677.56660125589
MobileV1,G,3,0,0,in,59.7179,3400.3603953863
MobileV1,G,3,0,0,task,0.864033,3640.4662004662
MobileV1,G,3,0,1,task,1.70468,3636.28917378917
MobileV1,G,3,0,2,task,1.64077,3583.94657067071
MobileV1,G,3,0,3,task,1.56488,3706.93121693122
MobileV1,G,3,0,4,task,1.60434,3458.51648351648
MobileV1,G,3,0,5,task,1.5286,3609.90842490843
MobileV1,G,3,0,6,task,1.81026,3457.99832989488
MobileV1,G,3,0,7,task,1.76648,3681.09390609391
MobileV1,G,3,0,8,task,1.6562,3696.16900341038
MobileV1,G,3,0,9,task,1.61277,3707.96780486436
MobileV1,G,3,0,10,task,1.61508,3675.75596816976
MobileV1,G,3,0,11,task,1.57803,3722.21916971917
MobileV1,G,3,0,12,task,1.70497,3523.63205759757
MobileV1,G,3,0,13,task,4.01873,3547.0337510152
MobileV1,G,3,1,0,in,40.9254,3372.0604715797
MobileV1,G,3,1,0,task,0.771254,3680.90909090909
MobileV1,G,3,1,1,task,1.36681,3651.88441188441
MobileV1,G,3,1,2,task,1.66028,3595.59523809524
MobileV1,G,3,1,3,task,1.37839,3697.50101750102
MobileV1,G,3,1,4,task,1.379,3474.8199023199
MobileV1,G,3,1,5,task,1.3328,3599.76229071057
MobileV1,G,3,1,6,task,1.39965,3470.18809734327
MobileV1,G,3,1,7,task,1.42021,3680.50671550672
MobileV1,G,3,1,8,task,1.39078,3677.07875457875
MobileV1,G,3,1,9,task,1.38177,3709.22873422873
MobileV1,G,3,1,10,task,1.51947,3708.87260887261
MobileV1,G,3,1,11,task,1.48278,3747.24751940269
MobileV1,G,3,1,12,task,1.31501,3484.49938949939
MobileV1,G,3,1,13,task,3.2181,3557.16953242836
MobileV1,G,3,2,0,in,29.3767,3468.08412228797
MobileV1,G,3,2,0,task,0.568633,3673.6013986014
MobileV1,G,3,2,1,task,1.01176,3638.46967846968
MobileV1,G,3,2,2,task,1.35648,3610.61965811966
MobileV1,G,3,2,3,task,1.35295,3688.84208384208
MobileV1,G,3,2,4,task,1.40656,3466.61375661376
MobileV1,G,3,2,5,task,1.31632,3609.0059015059
MobileV1,G,3,2,6,task,1.34257,3505.74175824176
MobileV1,G,3,2,7,task,1.18609,3680.11396011396
MobileV1,G,3,2,8,task,1.22932,3723.97028897029
MobileV1,G,3,2,9,task,1.19198,3707.81847781848
MobileV1,G,3,2,10,task,1.19659,3720.45591062832
MobileV1,G,3,2,11,task,1.15658,3723.8431013431
MobileV1,G,3,2,12,task,1.27642,3514.29181929182
MobileV1,G,3,2,13,task,2.99772,3599.6042540093
MobileV1,G,3,3,0,in,24.3496,3557.99267094462
MobileV1,G,3,3,0,task,0.545388,3671.53846153846
MobileV1,G,3,3,1,task,0.940859,3671.25763125763
MobileV1,G,3,3,2,task,1.23267,3610.0061050061
MobileV1,G,3,3,3,task,1.14634,3746.4886039886
MobileV1,G,3,3,4,task,1.21354,3497.21001221001
MobileV1,G,3,3,5,task,1.31603,3623.76678876679
MobileV1,G,3,3,6,task,1.25023,3496.52933911555
MobileV1,G,3,3,7,task,1.23162,3701.8315018315
MobileV1,G,3,3,8,task,1.1212,3691.96072446072
MobileV1,G,3,3,9,task,1.1832,3736.85897435897
MobileV1,G,3,3,10,task,1.10323,3746.19861619862
MobileV1,G,3,3,11,task,1.12055,3768.75152625153
MobileV1,G,3,3,12,task,1.21363,3569.2501017501
MobileV1,G,3,3,13,task,2.76946,3583.50141287284
MobileV1,G,3,4,0,in,20.1616,3690.65405784446
MobileV1,G,3,4,0,task,0.451704,3797.62237762238
MobileV1,G,3,4,1,task,0.8211,3650.56878306878
MobileV1,G,3,4,2,task,1.00053,3662.19881969882
MobileV1,G,3,4,3,task,1.0493,3731.44688644689
MobileV1,G,3,4,4,task,1.07917,3501.32885632886
MobileV1,G,3,4,5,task,1.07876,3645.78551078551
MobileV1,G,3,4,6,task,1.16054,3506.02665852666
MobileV1,G,3,4,7,task,1.10591,3755.90659340659
MobileV1,G,3,4,8,task,1.0983,3713.49308099308
MobileV1,G,3,4,9,task,1.05184,3759.72527472527
MobileV1,G,3,4,10,task,1.02868,3796.94139194139
MobileV1,G,3,4,11,task,1.09355,3747.46947496948
MobileV1,G,3,4,12,task,1.06286,3564.41188441188
MobileV1,G,3,4,13,task,2.47943,3630.05337519623
MobileV1,G,3,5,0,in,17.5753,3873.09679197123
MobileV1,G,3,5,0,task,0.542063,3845.21678321678
MobileV1,G,3,5,1,task,0.754104,3714.88705738706
MobileV1,G,3,5,2,task,0.998462,3650.31135531136
MobileV1,G,3,5,3,task,1.0304,3867.67094017094
MobileV1,G,3,5,4,task,1.02366,3548.96316646317
MobileV1,G,3,5,5,task,1.11306,3688.96621896622
MobileV1,G,3,5,6,task,1.07882,3544.93894993895
MobileV1,G,3,5,7,task,1.13245,3765.30423280423
MobileV1,G,3,5,8,task,1.15745,3772.11334961335
MobileV1,G,3,5,9,task,1.08561,3790.73972323972
MobileV1,G,3,5,10,task,1.0626,3786.68396418396
MobileV1,G,3,5,11,task,1.06773,3859.57773707774
MobileV1,G,3,5,12,task,1.04592,3575.756003256
MobileV1,G,3,5,13,task,2.57903,3622.87723704867
MobileV1,G,3,6,0,in,15.5651,4011.71998834499
MobileV1,G,3,6,0,task,0.419592,3973.28671328671
MobileV1,G,3,6,1,task,0.835683,3825.44871794872
MobileV1,G,3,6,2,task,0.924321,3690.7905982906
MobileV1,G,3,6,3,task,0.971804,3796.4479039479
MobileV1,G,3,6,4,task,0.994262,3626.27798127798
MobileV1,G,3,6,5,task,0.962996,3698.8196988197
MobileV1,G,3,6,6,task,1.06207,3565.57488807489
MobileV1,G,3,6,7,task,1.06313,3831.47334147334
MobileV1,G,3,6,8,task,1.05607,3804.39865689866
MobileV1,G,3,6,9,task,1.08322,3833.80748880749
MobileV1,G,3,6,10,task,1.05884,3825.22893772894
MobileV1,G,3,6,11,task,1.01975,3836.6107041107
MobileV1,G,3,6,12,task,0.972329,3606.25356125356
MobileV1,G,3,6,13,task,2.46875,3686.70298273155
MobileV1,G,3,7,0,in,13.8085,4396.83354145854
MobileV1,G,3,7,0,task,0.396492,4044.58041958042
MobileV1,G,3,7,1,task,0.731908,3818.24684574685
MobileV1,G,3,7,2,task,0.90402,3760.60439560439
MobileV1,G,3,7,3,task,0.948121,3932.24358974359
MobileV1,G,3,7,4,task,0.986417,3622.0522995523
MobileV1,G,3,7,5,task,1.04428,3755.92694342694
MobileV1,G,3,7,6,task,1.04977,3719.68457468457
MobileV1,G,3,7,7,task,0.995925,3882.14387464387
MobileV1,G,3,7,8,task,0.957658,3876.56796906797
MobileV1,G,3,7,9,task,0.988429,3880.77940577941
MobileV1,G,3,7,10,task,0.957425,3902.87749287749
MobileV1,G,3,7,11,task,0.946517,3921.58017908018
MobileV1,G,3,7,12,task,1.05493,3716.54354904355
MobileV1,G,3,7,13,task,2.32447,3735.40345368917
MobileV1,G,4,0,0,in,58.9138,3595.94522041302
MobileV1,G,4,0,0,task,1.2168,3934.96503496503
MobileV1,G,4,0,1,task,1.91853,3903.86888973096
MobileV1,G,4,0,2,task,1.82481,3804.69874952634
MobileV1,G,4,0,3,task,1.79045,3935.5291005291
MobileV1,G,4,0,4,task,1.78978,3684.64948844259
MobileV1,G,4,0,5,task,1.95315,3846.01439939371
MobileV1,G,4,0,6,task,1.86947,3690.04736642668
MobileV1,G,4,0,7,task,1.74875,3950.96816976127
MobileV1,G,4,0,8,task,1.7206,3942.07875457875
MobileV1,G,4,0,9,task,1.62161,3974.56987775953
MobileV1,G,4,0,10,task,1.72118,4002.86282682834
MobileV1,G,4,0,11,task,1.56045,4041.57993347649
MobileV1,G,4,0,12,task,1.67178,3732.91208791209
MobileV1,G,4,0,13,task,4.20023,3768.10937463743
MobileV1,G,4,1,0,in,40.8206,3530.3860158804
MobileV1,G,4,1,0,task,0.801763,3842.40675990676
MobileV1,G,4,1,1,task,1.39195,3837.47354497354
MobileV1,G,4,1,2,task,1.5974,3812.13268213268
MobileV1,G,4,1,3,task,1.57824,3974.34167684168
MobileV1,G,4,1,4,task,1.40717,3660.78856328856
MobileV1,G,4,1,5,task,1.38553,3842.08689458689
MobileV1,G,4,1,6,task,1.30707,3687.83781033781
MobileV1,G,4,1,7,task,1.35815,3941.12244396727
MobileV1,G,4,1,8,task,1.42794,3970.15364265364
MobileV1,G,4,1,9,task,1.3718,4023.83597883598
MobileV1,G,4,1,10,task,1.46172,3972.7207977208
MobileV1,G,4,1,11,task,1.36453,4037.52543752544
MobileV1,G,4,1,12,task,1.35182,3733.77187627188
MobileV1,G,4,1,13,task,3.48332,3792.63107088989
MobileV1,G,4,2,0,in,30.1702,3620.67810650888
MobileV1,G,4,2,0,task,0.611829,3937.37179487179
MobileV1,G,4,2,1,task,1.03507,3900.31135531135
MobileV1,G,4,2,2,task,1.22602,3853.51444851445
MobileV1,G,4,2,3,task,1.31443,3974.9185999186
MobileV1,G,4,2,4,task,1.36926,3695.17501017501
MobileV1,G,4,2,5,task,1.39834,3857.42979242979
MobileV1,G,4,2,6,task,1.40688,3676.50997150997
MobileV1,G,4,2,7,task,1.49109,3989.81786731787
MobileV1,G,4,2,8,task,1.47723,3980.83536833537
MobileV1,G,4,2,9,task,1.48047,3993.96825396825
MobileV1,G,4,2,10,task,1.4574,4007.66788766789
MobileV1,G,4,2,11,task,1.36987,4054.64387464388
MobileV1,G,4,2,12,task,1.2896,3720.66137566138
MobileV1,G,4,2,13,task,3.34093,3827.94539969834
MobileV1,G,4,3,0,in,24.4729,3698.36292235606
MobileV1,G,4,3,0,task,0.544717,3953.69463869464
MobileV1,G,4,3,1,task,0.926624,3918.88176638177
MobileV1,G,4,3,2,task,1.20105,3867.51322751323
MobileV1,G,4,3,3,task,1.15605,3990.19230769231
MobileV1,G,4,3,4,task,1.22118,3689.41188441188
MobileV1,G,4,3,5,task,1.2224,3919.13715913716
MobileV1,G,4,3,6,task,1.24743,3735.88319088319
MobileV1,G,4,3,7,task,1.39656,3963.78713878714
MobileV1,G,4,3,8,task,1.33513,3980.4884004884
MobileV1,G,4,3,9,task,1.33484,3995.2503052503
MobileV1,G,4,3,10,task,1.37871,3996.52523402523
MobileV1,G,4,3,11,task,1.2966,4030.86080586081
MobileV1,G,4,3,12,task,1.34969,3809.30097680098
MobileV1,G,4,3,13,task,3.35755,3811.97616892911
MobileV1,G,4,4,0,in,20.4163,3852.64574898785
MobileV1,G,4,4,0,task,0.505167,4013.00699300699
MobileV1,G,4,4,1,task,0.798876,3924.53296703297
MobileV1,G,4,4,2,task,1.04554,3898.3312983313
MobileV1,G,4,4,3,task,1.1004,4045.04884004884
MobileV1,G,4,4,4,task,1.2047,3743.51851851852
MobileV1,G,4,4,5,task,1.18186,3910.99918599919
MobileV1,G,4,4,6,task,1.11075,3743.42287342287
MobileV1,G,4,4,7,task,1.13301,3992.71672771673
MobileV1,G,4,4,8,task,1.16273,4015.60744810745
MobileV1,G,4,4,9,task,1.18662,4039.62454212454
MobileV1,G,4,4,10,task,1.11355,4034.79955229955
MobileV1,G,4,4,11,task,1.05411,4099.78123728124
MobileV1,G,4,4,12,task,0.964513,3793.3485958486
MobileV1,G,4,4,13,task,2.91448,3833.43031366393
MobileV1,G,4,5,0,in,17.3333,4022.71029121708
MobileV1,G,4,5,0,task,0.4753,4141.15268065268
MobileV1,G,4,5,1,task,0.785166,4016.24949124949
MobileV1,G,4,5,2,task,0.924321,3905.88319088319
MobileV1,G,4,5,3,task,0.948034,4077.06247456247
MobileV1,G,4,5,4,task,1.05026,3760.98290598291
MobileV1,G,4,5,5,task,1.01448,3898.02604802605
MobileV1,G,4,5,6,task,1.06085,3781.21998371998
MobileV1,G,4,5,7,task,1.15337,4040.32051282051
MobileV1,G,4,5,8,task,1.16098,4050.65628815629
MobileV1,G,4,5,9,task,1.11947,4130.06919006919
MobileV1,G,4,5,10,task,1.1429,4043.14407814408
MobileV1,G,4,5,11,task,1.08745,4136.91391941392
MobileV1,G,4,5,12,task,0.953779,3811.29934879935
MobileV1,G,4,5,13,task,2.82255,3852.75504047773
MobileV1,G,4,6,0,in,15.5978,4188.08720691074
MobileV1,G,4,6,0,task,0.403666,4216.37762237762
MobileV1,G,4,6,1,task,0.696967,4029.93487993488
MobileV1,G,4,6,2,task,0.898567,3946.84269434269
MobileV1,G,4,6,3,task,1.03291,4076.60663410664
MobileV1,G,4,6,4,task,1.08792,3848.8431013431
MobileV1,G,4,6,5,task,1.05954,3991.17359970808
MobileV1,G,4,6,6,task,1.10145,3848.78001628002
MobileV1,G,4,6,7,task,1.23092,4122.00061751786
MobileV1,G,4,6,8,task,1.20304,4079.7792022792
MobileV1,G,4,6,9,task,1.15763,4121.34106634107
MobileV1,G,4,6,10,task,1.16115,4184.86271563195
MobileV1,G,4,6,11,task,1.04982,4165.18722018722
MobileV1,G,4,6,12,task,1.05464,3801.54863654864
MobileV1,G,4,6,13,task,2.91769,3921.18886939391
MobileV1,G,4,7,0,in,13.6129,4506.52014652015
MobileV1,G,4,7,0,task,0.415742,4275.76223776224
MobileV1,G,4,7,1,task,0.689034,4088.83190883191
MobileV1,G,4,7,2,task,0.877246,4047.45115995116
MobileV1,G,4,7,3,task,0.964133,4200.9768009768
MobileV1,G,4,7,4,task,1.03373,3846.86304436304
MobileV1,G,4,7,5,task,0.973204,4058.20411070411
MobileV1,G,4,7,6,task,0.951125,3869.08424908425
MobileV1,G,4,7,7,task,1.03886,4147.93345543346
MobileV1,G,4,7,8,task,1.09235,4149.35693935694
MobileV1,G,4,7,9,task,1.09783,4173.31094831095
MobileV1,G,4,7,10,task,1.08509,4169.36813186813
MobileV1,G,4,7,11,task,1.13706,4299.67745217745
MobileV1,G,4,7,12,task,0.998172,3881.04497354497
MobileV1,G,4,7,13,task,2.76716,3978.01821036107
MobileV1,G,0,0,13,out,1.34068,
MobileV1,G,0,1,13,out,0.97615,
MobileV1,G,0,2,13,out,0.810017,
MobileV1,G,0,3,13,out,0.656192,
MobileV1,G,0,4,13,out,0.583129,
MobileV1,G,0,5,13,out,0.476233,
MobileV1,G,0,6,13,out,0.492683,
MobileV1,G,0,7,13,out,0.432688,
MobileV1,G,1,0,13,out,1.5801,
MobileV1,G,1,1,13,out,1.03886,
MobileV1,G,1,2,13,out,0.756117,
MobileV1,G,1,3,13,out,0.658292,
MobileV1,G,1,4,13,out,0.549471,
MobileV1,G,1,5,13,out,0.553817,
MobileV1,G,1,6,13,out,0.510679,
MobileV1,G,1,7,13,out,0.453134,
MobileV1,G,2,0,13,out,1.2703,
MobileV1,G,2,1,13,out,1.05578,
MobileV1,G,2,2,13,out,0.779275,
MobileV1,G,2,3,13,out,0.652662,
MobileV1,G,2,4,13,out,0.575517,
MobileV1,G,2,5,13,out,0.527858,
MobileV1,G,2,6,13,out,0.50995,
MobileV1,G,2,7,13,out,0.505079,
MobileV1,G,3,0,13,out,1.40047,
MobileV1,G,3,1,13,out,0.962413,
MobileV1,G,3,2,13,out,0.771312,
MobileV1,G,3,3,13,out,0.715692,
MobileV1,G,3,4,13,out,0.561896,
MobileV1,G,3,5,13,out,0.574029,
MobileV1,G,3,6,13,out,0.481746,
MobileV1,G,3,7,13,out,0.474892,
MobileV1,G,4,0,13,out,1.42879,
MobileV1,G,4,1,13,out,1.11256,
MobileV1,G,4,2,13,out,0.770904,
MobileV1,G,4,3,13,out,0.664796,
MobileV1,G,4,4,13,out,0.579017,
MobileV1,G,4,5,13,out,0.487375,
MobileV1,G,4,6,13,out,0.490058,
MobileV1,G,4,7,13,out,0.464713,
MobileV1,L,0,-1,0,in,118.809,3097.54094031382
MobileV1,L,0,-1,0,task,26.4274,3307.86742025928
MobileV1,L,0,-1,1,task,63.5251,3281.13618580272
MobileV1,L,0,-1,2,task,41.6719,3219.43480411153
MobileV1,L,0,-1,3,task,63.6124,3239.10067672054
MobileV1,L,0,-1,4,task,30.5354,3147.39796998948
MobileV1,L,0,-1,5,task,54.2604,3176.17259658567
MobileV1,L,0,-1,6,task,18.7016,3142.29646540879
MobileV1,L,0,-1,7,task,30.7449,3235.33033851795
MobileV1,L,0,-1,8,task,30.5275,3240.31115270033
MobileV1,L,0,-1,9,task,30.4104,3266.63615068324
MobileV1,L,0,-1,10,task,30.6674,3230.05996665873
MobileV1,L,0,-1,11,task,30.3369,3223.97074045262
MobileV1,L,0,-1,12,task,24.7697,3128.94721757913
MobileV1,L,0,-1,13,task,47.9381,3133.27494594705
MobileV1,L,1,-1,0,in,80.7393,3069.37334354552
MobileV1,L,1,-1,0,task,18.591,3275.62692307692
MobileV1,L,1,-1,1,task,44.8005,3280.39417644502
MobileV1,L,1,-1,2,task,29.6892,3205.20659340659
MobileV1,L,1,-1,3,task,45.1377,3241.34615384615
MobileV1,L,1,-1,4,task,21.8434,3131.38616938617
MobileV1,L,1,-1,5,task,38.2181,3173.67932067932
MobileV1,L,1,-1,6,task,16.0298,3125.15993168807
MobileV1,L,1,-1,7,task,24.268,3220.05648457822
MobileV1,L,1,-1,8,task,24.2248,3224.71980676328
MobileV1,L,1,-1,9,task,24.2885,3226.18914901524
MobileV1,L,1,-1,10,task,24.4489,3201.89594946117
MobileV1,L,1,-1,11,task,24.3711,3214.47751765143
MobileV1,L,1,-1,12,task,18.0127,3097.51976681855
MobileV1,L,1,-1,13,task,34.9458,3117.92788439631
MobileV1,L,2,-1,0,in,59.3648,3105.2505650378
MobileV1,L,2,-1,0,task,14.8053,3293.03782594217
MobileV1,L,2,-1,1,task,35.1779,3291.24334784712
MobileV1,L,2,-1,2,task,25.9646,3200.46810882611
MobileV1,L,2,-1,3,task,40.9607,3250.98886141082
MobileV1,L,2,-1,4,task,20.5699,3146.82946898063
MobileV1,L,2,-1,5,task,33.013,3224.95578539108
MobileV1,L,2,-1,6,task,13.3385,3151.59296169418
MobileV1,L,2,-1,7,task,21.1819,3243.79899170597
MobileV1,L,2,-1,8,task,21.1721,3236.15913156611
MobileV1,L,2,-1,9,task,21.5732,3225.5755768779
MobileV1,L,2,-1,10,task,21.2274,3245.78346072532
MobileV1,L,2,-1,11,task,21.2543,3249.02992356481
MobileV1,L,2,-1,12,task,17.5587,3123.77063789869
MobileV1,L,2,-1,13,task,34.3601,3133.895951417
MobileV1,L,3,-1,0,in,48.1624,3181.38316014817
MobileV1,L,3,-1,0,task,14.6156,3334.04428904429
MobileV1,L,3,-1,1,task,34.1464,3316.53472485219
MobileV1,L,3,-1,2,task,25.7777,3242.29274887924
MobileV1,L,3,-1,3,task,41.0105,3276.13996031192
MobileV1,L,3,-1,4,task,20.0185,3172.03424482494
MobileV1,L,3,-1,5,task,29.97,3237.02386185243
MobileV1,L,3,-1,6,task,12.3315,3120.13452723979
MobileV1,L,3,-1,7,task,19.6041,3244.82110912344
MobileV1,L,3,-1,8,task,19.706,3236.09719737627
MobileV1,L,3,-1,9,task,19.6185,3241.80990714712
MobileV1,L,3,-1,10,task,19.9167,3250.80935343726
MobileV1,L,3,-1,11,task,19.5727,3249.41864724423
MobileV1,L,3,-1,12,task,17.4829,3111.46857410882
MobileV1,L,3,-1,13,task,34.5586,3149.54636174636
MobileV1,L,4,-1,0,in,40.4569,3245.34819347319
MobileV1,L,4,-1,0,task,14.8462,3349.66483516484
MobileV1,L,4,-1,1,task,33.5731,3323.45453950811
MobileV1,L,4,-1,2,task,25.6876,3230.81476662872
MobileV1,L,4,-1,3,task,40.3328,3275.93103262915
MobileV1,L,4,-1,4,task,19.8385,3165.85037523452
MobileV1,L,4,-1,5,task,30.1133,3239.74032828103
MobileV1,L,4,-1,6,task,11.8082,3146.95895281189
MobileV1,L,4,-1,7,task,18.0934,3278.34319526627
MobileV1,L,4,-1,8,task,18.4274,3256.19729056369
MobileV1,L,4,-1,9,task,18.102,3280.27665317139
MobileV1,L,4,-1,10,task,18.2685,3258.86125817502
MobileV1,L,4,-1,11,task,18.3122,3304.96197965328
MobileV1,L,4,-1,12,task,17.5648,3157.71929824561
MobileV1,L,4,-1,13,task,34.3183,3168.91613785276
MobileV1,L,5,-1,0,in,34.3219,3316.92781356574
MobileV1,L,5,-1,0,task,14.6661,3369.25824175824
MobileV1,L,5,-1,1,task,33.4035,3358.46234955521
MobileV1,L,5,-1,2,task,25.4876,3262.04016913319
MobileV1,L,5,-1,3,task,40.5732,3317.54233188195
MobileV1,L,5,-1,4,task,19.6676,3217.03933949103
MobileV1,L,5,-1,5,task,29.9847,3269.21582580232
MobileV1,L,5,-1,6,task,11.2044,3197.43503555268
MobileV1,L,5,-1,7,task,18.1574,3337.63313609467
MobileV1,L,5,-1,8,task,18.0136,3315.24135783245
MobileV1,L,5,-1,9,task,18.2038,3318.12454583204
MobileV1,L,5,-1,10,task,18.3618,3365.44121768919
MobileV1,L,5,-1,11,task,18.6556,3382.25879155241
MobileV1,L,5,-1,12,task,17.5557,3205.35918197862
MobileV1,L,5,-1,13,task,34.044,3167.65338612874
MobileV1,L,0,-1,13,out,0.861904,
MobileV1,L,1,-1,13,out,0.6279,
MobileV1,L,2,-1,13,out,0.482913,
MobileV1,L,3,-1,13,out,0.411104,
MobileV1,L,4,-1,13,out,0.3675,
MobileV1,L,5,-1,13,out,0.337196,
ResV1_50,B,0,-1,0,in,60.6588,3285.51538461538
ResV1_50,B,0,-1,0,task,89.3449,3538.03174850449
ResV1_50,B,0,-1,1,task,104.317,3319.7645849885
ResV1_50,B,0,-1,2,task,95.5568,3339.06250418622
ResV1_50,B,0,-1,3,task,58.2765,3232.39010609395
ResV1_50,B,0,-1,4,task,120.164,3307.208557391
ResV1_50,B,0,-1,5,task,83.7275,3279.36376061436
ResV1_50,B,0,-1,6,task,80.9705,3269.85852952105
ResV1_50,B,0,-1,7,task,55.3482,3183.46419496797
ResV1_50,B,0,-1,8,task,129.127,3339.78244051168
ResV1_50,B,0,-1,9,task,85.7564,3282.98388806926
ResV1_50,B,0,-1,10,task,94.8737,3294.4378612847
ResV1_50,B,0,-1,11,task,95.8011,3292.4125729933
ResV1_50,B,0,-1,12,task,91.4741,3277.23591392759
ResV1_50,B,0,-1,13,task,59.5,3171.26285057456
ResV1_50,B,0,-1,14,task,163.262,3282.55794332502
ResV1_50,B,0,-1,15,task,103.016,3303.56193485297
ResV1_50,B,0,-1,16,task,104.88,3282.85620811652
ResV1_50,B,0,-1,17,task,5.3228,3193.22872005044
ResV1_50,B,1,-1,0,in,41.97,3290.90291292885
ResV1_50,B,1,-1,0,task,59.3819,3546.99529648348
ResV1_50,B,1,-1,1,task,68.2065,3378.62101947371
ResV1_50,B,1,-1,2,task,67.0531,3374.91487728099
ResV1_50,B,1,-1,3,task,42.6875,3248.11362970452
ResV1_50,B,1,-1,4,task,83.2811,3358.52584482441
ResV1_50,B,1,-1,5,task,49.8069,3307.84466490316
ResV1_50,B,1,-1,6,task,49.3007,3328.33775736752
ResV1_50,B,1,-1,7,task,37.9466,3218.11216912661
ResV1_50,B,1,-1,8,task,82.2098,3406.06493299852
ResV1_50,B,1,-1,9,task,51.6787,3344.01543801195
ResV1_50,B,1,-1,10,task,52.6707,3326.71128953467
ResV1_50,B,1,-1,11,task,54.4952,3321.92312515586
ResV1_50,B,1,-1,12,task,49.8294,3335.81459192663
ResV1_50,B,1,-1,13,task,35.112,3200.62841818455
ResV1_50,B,1,-1,14,task,108.872,3345.86450219927
ResV1_50,B,1,-1,15,task,70.0802,3326.53075392286
ResV1_50,B,1,-1,16,task,70.7132,3321.35952798111
ResV1_50,B,1,-1,17,task,3.9165,3226.53476331361
ResV1_50,B,2,-1,0,in,30.3082,3340.47074293228
ResV1_50,B,2,-1,0,task,41.6995,3684.53346328468
ResV1_50,B,2,-1,1,task,54.1767,3440.5606753418
ResV1_50,B,2,-1,2,task,52.2367,3467.65813453102
ResV1_50,B,2,-1,3,task,29.8251,3268.37630174959
ResV1_50,B,2,-1,4,task,63.5776,3442.15884031598
ResV1_50,B,2,-1,5,task,37.8277,3365.20391308062
ResV1_50,B,2,-1,6,task,39.911,3376.778082808
ResV1_50,B,2,-1,7,task,27.4299,3248.25656357875
ResV1_50,B,2,-1,8,task,58.7328,3483.937801245
ResV1_50,B,2,-1,9,task,39.437,3370.44802736785
ResV1_50,B,2,-1,10,task,41.7783,3386.36264471448
ResV1_50,B,2,-1,11,task,39.4948,3383.49018604403
ResV1_50,B,2,-1,12,task,38.2989,3390.60157854823
ResV1_50,B,2,-1,13,task,26.8758,3228.2790890643
ResV1_50,B,2,-1,14,task,92.1036,3400.20108894557
ResV1_50,B,2,-1,15,task,54.6549,3399.17116335969
ResV1_50,B,2,-1,16,task,55.0816,3360.77854086659
ResV1_50,B,2,-1,17,task,2.85518,3197.12524654832
ResV1_50,B,3,-1,0,in,24.5632,3419.54545454545
ResV1_50,B,3,-1,0,task,37.5544,3792.61163030043
ResV1_50,B,3,-1,1,task,48.0123,3494.64172991144
ResV1_50,B,3,-1,2,task,43.3027,3504.08107890995
ResV1_50,B,3,-1,3,task,26.9858,3311.93852000894
ResV1_50,B,3,-1,4,task,46.0053,3489.8671571855
ResV1_50,B,3,-1,5,task,32.7927,3411.03111563955
ResV1_50,B,3,-1,6,task,30.8127,3421.8665158371
ResV1_50,B,3,-1,7,task,22.4909,3268.59187487704
ResV1_50,B,3,-1,8,task,47.9239,3523.53801247772
ResV1_50,B,3,-1,9,task,32.0671,3431.00181019226
ResV1_50,B,3,-1,10,task,33.7166,3419.82817068732
ResV1_50,B,3,-1,11,task,33.2424,3447.92741061755
ResV1_50,B,3,-1,12,task,31.6432,3422.69763972845
ResV1_50,B,3,-1,13,task,22.3624,3250.48029262801
ResV1_50,B,3,-1,14,task,66.9714,3497.0245915425
ResV1_50,B,3,-1,15,task,45.5218,3463.34815589269
ResV1_50,B,3,-1,16,task,44.2178,3414.60949033623
ResV1_50,B,3,-1,17,task,2.5548,3248.64891518738
ResV1_50,B,4,-1,0,in,20.6425,3591.99746963563
ResV1_50,B,4,-1,0,task,28.8905,3975.45740131155
ResV1_50,B,4,-1,1,task,38.4661,3564.94547298565
ResV1_50,B,4,-1,2,task,37.0796,3575.94251258635
ResV1_50,B,4,-1,3,task,22.1143,3376.61173524469
ResV1_50,B,4,-1,4,task,37.1477,3575.31080365418
ResV1_50,B,4,-1,5,task,27.6764,3511.71380857948
ResV1_50,B,4,-1,6,task,27.352,3441.37011706243
ResV1_50,B,4,-1,7,task,21.7455,3368.92238037058
ResV1_50,B,4,-1,8,task,47.4137,3669.29651795207
ResV1_50,B,4,-1,9,task,27.2675,3494.87808135225
ResV1_50,B,4,-1,10,task,28.999,3510.75779575999
ResV1_50,B,4,-1,11,task,28.9773,3493.62594366354
ResV1_50,B,4,-1,12,task,27.2713,3513.73465355248
ResV1_50,B,4,-1,13,task,19.4122,3303.06862707251
ResV1_50,B,4,-1,14,task,56.6016,3574.28735949506
ResV1_50,B,4,-1,15,task,40.5432,3562.22059467586
ResV1_50,B,4,-1,16,task,45.1004,3525.01852421637
ResV1_50,B,4,-1,17,task,2.22294,3261.06015779093
ResV1_50,B,5,-1,0,in,17.5188,3754.2394709363
ResV1_50,B,5,-1,0,task,24.8064,4228.30856643357
ResV1_50,B,5,-1,1,task,34.1782,3687.19082492375
ResV1_50,B,5,-1,2,task,32.4276,3697.5360408557
ResV1_50,B,5,-1,3,task,19.7456,3426.75835110163
ResV1_50,B,5,-1,4,task,33.1079,3690.06520568411
ResV1_50,B,5,-1,5,task,24.7135,3573.55159023669
ResV1_50,B,5,-1,6,task,23.6223,3589.41202282195
ResV1_50,B,5,-1,7,task,16.7673,3421.64786373129
ResV1_50,B,5,-1,8,task,36.9965,3771.04818329818
ResV1_50,B,5,-1,9,task,26.3137,3634.96631905809
ResV1_50,B,5,-1,10,task,25.7407,3625.06257844719
ResV1_50,B,5,-1,11,task,26.351,3612.66332465611
ResV1_50,B,5,-1,12,task,24.7988,3623.80223968212
ResV1_50,B,5,-1,13,task,15.9022,3347.33949704142
ResV1_50,B,5,-1,14,task,47.1058,3698.15750023108
ResV1_50,B,5,-1,15,task,33.7145,3662.99025591677
ResV1_50,B,5,-1,16,task,33.9186,3577.01451414022
ResV1_50,B,5,-1,17,task,2.19222,3411.88362919132
ResV1_50,B,6,-1,0,in,15.4978,3933.40967365967
ResV1_50,B,6,-1,0,task,22.8919,4463.8519880657
ResV1_50,B,6,-1,1,task,34.2232,3809.70133612039
ResV1_50,B,6,-1,2,task,32.4101,3815.95166334054
ResV1_50,B,6,-1,3,task,18.7639,3530.34222076697
ResV1_50,B,6,-1,4,task,32.4227,3915.79027040768
ResV1_50,B,6,-1,5,task,23.4264,3719.72598090135
ResV1_50,B,6,-1,6,task,21.7181,3702.4451534129
ResV1_50,B,6,-1,7,task,15.3591,3469.27134404057
ResV1_50,B,6,-1,8,task,31.3276,3982.46601378174
ResV1_50,B,6,-1,9,task,22.7756,3762.03819198275
ResV1_50,B,6,-1,10,task,26.5192,3779.10380253296
ResV1_50,B,6,-1,11,task,25.874,3703.55721748793
ResV1_50,B,6,-1,12,task,23.3204,3777.86621392303
ResV1_50,B,6,-1,13,task,14.9309,3444.98596161903
ResV1_50,B,6,-1,14,task,43.8703,3836.97366572293
ResV1_50,B,6,-1,15,task,32.3985,3797.03583803064
ResV1_50,B,6,-1,16,task,33.4929,3684.99393985839
ResV1_50,B,6,-1,17,task,2.21527,3363.55522682446
ResV1_50,B,7,-1,0,in,13.8176,4153.14285714286
ResV1_50,B,7,-1,0,task,21.1996,4911.29871833765
ResV1_50,B,7,-1,1,task,31.25,4054.23165907157
ResV1_50,B,7,-1,2,task,27.7128,4050.5307379188
ResV1_50,B,7,-1,3,task,17.3735,3768.44218804386
ResV1_50,B,7,-1,4,task,28.0879,4067.69559842991
ResV1_50,B,7,-1,5,task,21.2692,3983.31017184442
ResV1_50,B,7,-1,6,task,20.6307,3911.74721152393
ResV1_50,B,7,-1,7,task,15.0957,3603.56011635423
ResV1_50,B,7,-1,8,task,32.6152,4214.4855304824
ResV1_50,B,7,-1,9,task,24.5987,4091.48792647987
ResV1_50,B,7,-1,10,task,23.3148,3994.73073969042
ResV1_50,B,7,-1,11,task,23.2137,3909.75378416192
ResV1_50,B,7,-1,12,task,22.6486,3959.84567478159
ResV1_50,B,7,-1,13,task,14.0012,3603.936941195
ResV1_50,B,7,-1,14,task,41.3401,4135.74401239786
ResV1_50,B,7,-1,15,task,31.0395,3982.82759221279
ResV1_50,B,7,-1,16,task,33.9911,3858.98099736582
ResV1_50,B,7,-1,17,task,2.10426,3471.64694280079
ResV1_50,B,0,-1,17,out,0.713037,
ResV1_50,B,1,-1,17,out,0.548013,
ResV1_50,B,2,-1,17,out,0.434467,
ResV1_50,B,3,-1,17,out,0.323663,
ResV1_50,B,4,-1,17,out,0.309546,
ResV1_50,B,5,-1,17,out,0.255092,
ResV1_50,B,6,-1,17,out,0.234267,
ResV1_50,B,7,-1,17,out,0.2156,
ResV1_50,G,0,0,0,in,53.1921,3355.12710287129
ResV1_50,G,0,0,0,task,0.997121,3936.86499431081
ResV1_50,G,0,0,1,task,4.1916,3551.46534834863
ResV1_50,G,0,0,2,task,3.53296,3588.71175164457
ResV1_50,G,0,0,3,task,3.24564,3571.41842932922
ResV1_50,G,0,0,4,task,3.49583,3502.38242663929
ResV1_50,G,0,0,5,task,2.25003,3660.69851006161
ResV1_50,G,0,0,6,task,2.27681,3613.70662409067
ResV1_50,G,0,0,7,task,2.75479,3444.81257273075
ResV1_50,G,0,0,8,task,3.4769,3602.65191485865
ResV1_50,G,0,0,9,task,2.6455,3851.33928770794
ResV1_50,G,0,0,10,task,3.02832,3769.65128171296
ResV1_50,G,0,0,11,task,2.94163,3750.26386110917
ResV1_50,G,0,0,12,task,2.94513,3757.69825172946
ResV1_50,G,0,0,13,task,2.97179,3734.51365415197
ResV1_50,G,0,0,14,task,3.83562,3806.43943805888
ResV1_50,G,0,0,15,task,3.38514,3888.90494978633
ResV1_50,G,0,0,16,task,3.84323,3796.12653281234
ResV1_50,G,0,0,17,task,86.009,3789.77287448291
ResV1_50,G,0,1,0,in,36.3507,3317.16372763752
ResV1_50,G,0,1,0,task,0.819875,3789.127702363
ResV1_50,G,0,1,1,task,2.7104,3585.24627499604
ResV1_50,G,0,1,2,task,2.2195,3616.69021539123
ResV1_50,G,0,1,3,task,2.22836,3596.40909696802
ResV1_50,G,0,1,4,task,2.69552,3540.98395087818
ResV1_50,G,0,1,5,task,2.02227,3672.21890207462
ResV1_50,G,0,1,6,task,1.88554,3621.86318839247
ResV1_50,G,0,1,7,task,2.0228,3456.11749330166
ResV1_50,G,0,1,8,task,2.61602,3613.1089039166
ResV1_50,G,0,1,9,task,2.15361,3880.00562053559
ResV1_50,G,0,1,10,task,2.12094,3781.11656016655
ResV1_50,G,0,1,11,task,2.22702,3776.06313497823
ResV1_50,G,0,1,12,task,2.3079,3781.82008484984
ResV1_50,G,0,1,13,task,2.37772,3785.07974123142
ResV1_50,G,0,1,14,task,3.18442,3786.95929728529
ResV1_50,G,0,1,15,task,2.50833,3901.10028779477
ResV1_50,G,0,1,16,task,2.8583,3774.03306682634
ResV1_50,G,0,1,17,task,91.7137,3806.97149400942
ResV1_50,G,0,2,0,in,26.7971,3396.3325443787
ResV1_50,G,0,2,0,task,0.633092,3829.2383107089
ResV1_50,G,0,2,1,task,2.25738,3590.23114703542
ResV1_50,G,0,2,2,task,1.94055,3602.57396449704
ResV1_50,G,0,2,3,task,1.8881,3578.79449951138
ResV1_50,G,0,2,4,task,2.36548,3583.11870421245
ResV1_50,G,0,2,5,task,1.65812,3691.50104420466
ResV1_50,G,0,2,6,task,1.5902,3618.31738567929
ResV1_50,G,0,2,7,task,1.83088,3480.27409372237
ResV1_50,G,0,2,8,task,2.71244,3610.28121184371
ResV1_50,G,0,2,9,task,2.08752,3875.35291039493
ResV1_50,G,0,2,10,task,1.98263,3783.63165384497
ResV1_50,G,0,2,11,task,1.94492,3747.90502378466
ResV1_50,G,0,2,12,task,1.94227,3765.97230537185
ResV1_50,G,0,2,13,task,1.72092,3746.14406948164
ResV1_50,G,0,2,14,task,2.32552,3758.89705433455
ResV1_50,G,0,2,15,task,2.01895,3942.58606937248
ResV1_50,G,0,2,16,task,2.31939,3746.05551739927
ResV1_50,G,0,2,17,task,96.8776,3830.0570835643
ResV1_50,G,0,3,0,in,21.6164,3465.62712777419
ResV1_50,G,0,3,0,task,0.596838,3827.53110859729
ResV1_50,G,0,3,1,task,1.91403,3588.84744884745
ResV1_50,G,0,3,2,task,1.62727,3608.86675824176
ResV1_50,G,0,3,3,task,1.65538,3605.48709641162
ResV1_50,G,0,3,4,task,2.11044,3566.0332464146
ResV1_50,G,0,3,5,task,1.4826,3670.88566195709
ResV1_50,G,0,3,6,task,1.50914,3637.77276295133
ResV1_50,G,0,3,7,task,1.65465,3480.96866096866
ResV1_50,G,0,3,8,task,2.27328,3624.19839200348
ResV1_50,G,0,3,9,task,1.71045,3879.88585818943
ResV1_50,G,0,3,10,task,1.67154,3783.8363422292
ResV1_50,G,0,3,11,task,1.5972,3770.59654631083
ResV1_50,G,0,3,12,task,1.50914,3763.12957875458
ResV1_50,G,0,3,13,task,1.45049,3788.21267342022
ResV1_50,G,0,3,14,task,2.04584,3762.1573157786
ResV1_50,G,0,3,15,task,1.59244,3940.51563317635
ResV1_50,G,0,3,16,task,2.00664,3758.79513183862
ResV1_50,G,0,3,17,task,101.399,3840.30417045832
ResV1_50,G,0,4,0,in,18.4312,3586.78431372549
ResV1_50,G,0,4,0,task,0.570121,3884.86425339366
ResV1_50,G,0,4,1,task,1.7383,3618.37943537944
ResV1_50,G,0,4,2,task,1.53472,3630.7698325484
ResV1_50,G,0,4,3,task,1.4611,3635.58942594792
ResV1_50,G,0,4,4,task,1.89198,3624.74324506586
ResV1_50,G,0,4,5,task,1.3286,3691.85047095761
ResV1_50,G,0,4,6,task,1.26928,3680.13703558346
ResV1_50,G,0,4,7,task,1.35074,3517.2351233672
ResV1_50,G,0,4,8,task,1.94536,3651.8520208605
ResV1_50,G,0,4,9,task,1.46227,3917.09478021978
ResV1_50,G,0,4,10,task,1.24597,3806.5083725798
ResV1_50,G,0,4,11,task,1.46032,3809.49404761905
ResV1_50,G,0,4,12,task,1.29433,3777.651425955
ResV1_50,G,0,4,13,task,1.14263,3809.94113852604
ResV1_50,G,0,4,14,task,1.49561,3775.20208604954
ResV1_50,G,0,4,15,task,1.15678,3971.31737310309
ResV1_50,G,0,4,16,task,1.5533,3759.24451138186
ResV1_50,G,0,4,17,task,104.789,3874.18726413386
ResV1_50,G,0,5,0,in,15.4674,3780.5814479638
ResV1_50,G,0,5,0,task,0.47495,3968.84332579186
ResV1_50,G,0,5,1,task,1.57033,3654.74979597621
ResV1_50,G,0,5,2,task,1.36923,3695.20800627943
ResV1_50,G,0,5,3,task,1.24396,3670.21125624899
ResV1_50,G,0,5,4,task,1.58416,3649.87483702738
ResV1_50,G,0,5,5,task,1.24518,3740.69433542648
ResV1_50,G,0,5,6,task,1.22646,3699.14737048666
ResV1_50,G,0,5,7,task,1.36258,3577.38214266516
ResV1_50,G,0,5,8,task,1.86996,3681.60951760104
ResV1_50,G,0,5,9,task,1.536,3953.20839874411
ResV1_50,G,0,5,10,task,1.4527,3853.81770015699
ResV1_50,G,0,5,11,task,1.51045,3830.30579539508
ResV1_50,G,0,5,12,task,1.38527,3843.56259811617
ResV1_50,G,0,5,13,task,1.17626,3822.77750900392
ResV1_50,G,0,5,14,task,1.53825,3814.82683690749
ResV1_50,G,0,5,15,task,1.16045,4012.55886970173
ResV1_50,G,0,5,16,task,1.34111,3795.09387222947
ResV1_50,G,0,5,17,task,104.878,3915.99855382152
ResV1_50,G,0,6,0,in,13.8081,3977.53113553114
ResV1_50,G,0,6,0,task,0.500092,4039.25056561086
ResV1_50,G,0,6,1,task,1.4362,3690.55555555556
ResV1_50,G,0,6,2,task,1.25014,3740.60603087389
ResV1_50,G,0,6,3,task,1.18682,3703.48599688222
ResV1_50,G,0,6,4,task,1.53038,3702.56620060244
ResV1_50,G,0,6,5,task,1.22949,3824.59510727368
ResV1_50,G,0,6,6,task,1.12321,3725.61715070644
ResV1_50,G,0,6,7,task,1.29917,3627.76460785895
ResV1_50,G,0,6,8,task,1.86451,3737.97501086484
ResV1_50,G,0,6,9,task,1.34727,3983.72448979592
ResV1_50,G,0,6,10,task,1.27855,3907.61185243328
ResV1_50,G,0,6,11,task,1.24696,3859.50026164312
ResV1_50,G,0,6,12,task,1.42657,3899.3537414966
ResV1_50,G,0,6,13,task,1.19114,3908.0462828576
ResV1_50,G,0,6,14,task,1.66165,3863.36343269043
ResV1_50,G,0,6,15,task,1.27193,4083.11060962847
ResV1_50,G,0,6,16,task,1.39332,3835.91594359274
ResV1_50,G,0,6,17,task,104.762,3961.22726385683
ResV1_50,G,0,7,0,in,12.278,4202.85667324129
ResV1_50,G,0,7,0,task,0.489796,4182.13235294118
ResV1_50,G,0,7,1,task,1.28208,3781.40973840974
ResV1_50,G,0,7,2,task,1.11694,3817.53761119832
ResV1_50,G,0,7,3,task,1.09699,3812.48535182497
ResV1_50,G,0,7,4,task,1.38918,3785.98435462842
ResV1_50,G,0,7,5,task,1.1475,3898.37192569335
ResV1_50,G,0,7,6,task,1.1223,3827.18995290424
ResV1_50,G,0,7,7,task,1.2528,3678.66876310272
ResV1_50,G,0,7,8,task,1.80084,3818.10343328987
ResV1_50,G,0,7,9,task,1.24941,4058.99986917844
ResV1_50,G,0,7,10,task,1.21144,3985.46801412873
ResV1_50,G,0,7,11,task,1.20878,3950.26425954997
ResV1_50,G,0,7,12,task,1.29523,3987.57849293563
ResV1_50,G,0,7,13,task,1.092,3959.49873676289
ResV1_50,G,0,7,14,task,1.34076,3943.1172578639
ResV1_50,G,0,7,15,task,1.10635,4141.30069335427
ResV1_50,G,0,7,16,task,1.25802,3921.72867868543
ResV1_50,G,0,7,17,task,106.504,4045.46090616643
ResV1_50,G,1,0,0,in,53.0759,3355.18795229161
ResV1_50,G,1,0,0,task,1.07602,3919.88687782805
ResV1_50,G,1,0,1,task,3.13031,3716.70604395604
ResV1_50,G,1,0,2,task,2.39692,3611.41350078493
ResV1_50,G,1,0,3,task,2.8639,3443.96717755928
ResV1_50,G,1,0,4,task,3.33815,3539.99312533051
ResV1_50,G,1,0,5,task,2.34165,3685.76200941915
ResV1_50,G,1,0,6,task,2.57233,3511.89396989565
ResV1_50,G,1,0,7,task,2.90165,3379.46297562087
ResV1_50,G,1,0,8,task,3.63787,3755.14856569484
ResV1_50,G,1,0,9,task,2.34436,4090.76033087791
ResV1_50,G,1,0,10,task,2.46709,3740.09143965278
ResV1_50,G,1,0,11,task,2.40625,3731.63425370148
ResV1_50,G,1,0,12,task,2.41179,3763.59089481947
ResV1_50,G,1,0,13,task,2.7764,3497.26498501498
ResV1_50,G,1,0,14,task,4.15599,3878.91690863928
ResV1_50,G,1,0,15,task,2.88878,4029.33675624096
ResV1_50,G,1,0,16,task,3.04141,4167.63849162218
ResV1_50,G,1,0,17,task,2.55354,3270.44871794872
ResV1_50,G,1,1,0,in,35.8598,3311.89440444613
ResV1_50,G,1,1,0,task,0.933626,3927.9185520362
ResV1_50,G,1,1,1,task,2.69098,3737.74255374255
ResV1_50,G,1,1,2,task,2.09711,3615.92684458399
ResV1_50,G,1,1,3,task,2.08807,3414.45946645947
ResV1_50,G,1,1,4,task,2.25304,3554.34395237993
ResV1_50,G,1,1,5,task,2.00562,3728.18797749869
ResV1_50,G,1,1,6,task,1.85252,3519.38492935636
ResV1_50,G,1,1,7,task,2.0414,3379.10852110852
ResV1_50,G,1,1,8,task,2.62007,3724.23812526271
ResV1_50,G,1,1,9,task,1.74014,4086.97638670853
ResV1_50,G,1,1,10,task,2.2722,3786.43359497645
ResV1_50,G,1,1,11,task,2.39374,3773.38681318681
ResV1_50,G,1,1,12,task,2.19937,3760.27535321821
ResV1_50,G,1,1,13,task,2.28588,3505.07018907019
ResV1_50,G,1,1,14,task,2.75392,3862.15825977301
ResV1_50,G,1,1,15,task,2.37869,4026.83011512297
ResV1_50,G,1,1,16,task,2.98792,4236.57833361027
ResV1_50,G,1,1,17,task,2.16918,3336.59270216962
ResV1_50,G,1,2,0,in,26.5584,3428.56744704571
ResV1_50,G,1,2,0,task,0.656688,3988.90554298643
ResV1_50,G,1,2,1,task,2.29696,3773.59777259777
ResV1_50,G,1,2,2,task,2.07783,3637.19237310309
ResV1_50,G,1,2,3,task,2.14031,3443.06500906501
ResV1_50,G,1,2,4,task,2.38484,3549.18485904204
ResV1_50,G,1,2,5,task,1.68076,3721.60480115123
ResV1_50,G,1,2,6,task,1.71547,3547.39795918367
ResV1_50,G,1,2,7,task,2.25088,3409.46833721834
ResV1_50,G,1,2,8,task,2.60782,3749.72277199507
ResV1_50,G,1,2,9,task,1.84138,4120.66327838828
ResV1_50,G,1,2,10,task,1.977,3755.32515698587
ResV1_50,G,1,2,11,task,1.82429,3776.41008634223
ResV1_50,G,1,2,12,task,2.04333,3815.48698094622
ResV1_50,G,1,2,13,task,2.0701,3539.5879028379
ResV1_50,G,1,2,14,task,2.44151,3879.42181588903
ResV1_50,G,1,2,15,task,1.86754,4029.59576138148
ResV1_50,G,1,2,16,task,2.13704,4227.30921338548
ResV1_50,G,1,2,17,task,1.94618,3291.9289044289
ResV1_50,G,1,3,0,in,21.7216,3481.24595992243
ResV1_50,G,1,3,0,task,0.582487,3983.13914027149
ResV1_50,G,1,3,1,task,1.8195,3773.64542864543
ResV1_50,G,1,3,2,task,1.60373,3644.84661172161
ResV1_50,G,1,3,3,task,1.84917,3455.57575757576
ResV1_50,G,1,3,4,task,2.21486,3585.91028134596
ResV1_50,G,1,3,5,task,1.33601,3734.36976713762
ResV1_50,G,1,3,6,task,1.55385,3555.75549450549
ResV1_50,G,1,3,7,task,1.70841,3411.33929033929
ResV1_50,G,1,3,8,task,2.41083,3774.05191256831
ResV1_50,G,1,3,9,task,1.6954,4154.42137624281
ResV1_50,G,1,3,10,task,1.75417,3788.11126373626
ResV1_50,G,1,3,11,task,1.67172,3777.1549581371
ResV1_50,G,1,3,12,task,1.73898,3801.57182103611
ResV1_50,G,1,3,13,task,1.91683,3537.70758870759
ResV1_50,G,1,3,14,task,2.49217,3909.3851354721
ResV1_50,G,1,3,15,task,1.66177,4041.34255625327
ResV1_50,G,1,3,16,task,1.91937,4251.23707083877
ResV1_50,G,1,3,17,task,1.9154,3318.01282051282
ResV1_50,G,1,4,0,in,18.2142,3650.25066436831
ResV1_50,G,1,4,0,task,0.669083,4063.08540723982
ResV1_50,G,1,4,1,task,1.84278,3804.2632322255
ResV1_50,G,1,4,2,task,1.49549,3669.89665096808
ResV1_50,G,1,4,3,task,1.61096,3465.74876974877
ResV1_50,G,1,4,4,task,2.208,3614.71786678636
ResV1_50,G,1,4,5,task,1.41006,3792.99941130298
ResV1_50,G,1,4,6,task,1.54948,3587.16142072213
ResV1_50,G,1,4,7,task,1.7383,3432.08080808081
ResV1_50,G,1,4,8,task,2.11983,3784.87469453766
ResV1_50,G,1,4,9,task,1.46049,4155.51445578231
ResV1_50,G,1,4,10,task,1.76281,3843.16457352172
ResV1_50,G,1,4,11,task,1.66574,3823.96422030351
ResV1_50,G,1,4,12,task,1.76954,3837.10099424385
ResV1_50,G,1,4,13,task,1.57456,3572.89173789174
ResV1_50,G,1,4,14,task,2.0517,3906.34615384615
ResV1_50,G,1,4,15,task,1.467,4078.08738880168
ResV1_50,G,1,4,16,task,1.6532,4280.91356831363
ResV1_50,G,1,4,17,task,1.79778,3381.60256410256
ResV1_50,G,1,5,0,in,15.5579,3770.17024886878
ResV1_50,G,1,5,0,task,0.505079,4092.2907239819
ResV1_50,G,1,5,1,task,1.55823,3854.79277535881
ResV1_50,G,1,5,2,task,1.27575,3739.13101779173
ResV1_50,G,1,5,3,task,1.48444,3507.81868515831
ResV1_50,G,1,5,4,task,1.87183,3657.98739678401
ResV1_50,G,1,5,5,task,1.26814,3811.30396389325
ResV1_50,G,1,5,6,task,1.38661,3607.80285190999
ResV1_50,G,1,5,7,task,1.62867,3458.11396011396
ResV1_50,G,1,5,8,task,2.10169,3842.27920504984
ResV1_50,G,1,5,9,task,1.50453,4210.54552590267
ResV1_50,G,1,5,10,task,1.62464,3857.56671899529
ResV1_50,G,1,5,11,task,1.62053,3839.90711669283
ResV1_50,G,1,5,12,task,1.68799,3860.67700156986
ResV1_50,G,1,5,13,task,1.62782,3620.21807821808
ResV1_50,G,1,5,14,task,2.07005,3956.65058670143
ResV1_50,G,1,5,15,task,1.49319,4114.46395866039
ResV1_50,G,1,5,16,task,1.70666,4339.20469361147
ResV1_50,G,1,5,17,task,1.7775,3358.24592074592
ResV1_50,G,1,6,0,in,13.8663,3995.1336996337
ResV1_50,G,1,6,0,task,0.532641,4202.2992081448
ResV1_50,G,1,6,1,task,1.45906,3899.93952588292
ResV1_50,G,1,6,2,task,1.18778,3762.34595761381
ResV1_50,G,1,6,3,task,1.44883,3566.38311025103
ResV1_50,G,1,6,4,task,1.6676,3687.65993046501
ResV1_50,G,1,6,5,task,1.10107,3895.30847723705
ResV1_50,G,1,6,6,task,1.29465,3671.1214678179
ResV1_50,G,1,6,7,task,1.49852,3511.34550634551
ResV1_50,G,1,6,8,task,1.96292,3888.33094306823
ResV1_50,G,1,6,9,task,1.35033,4253.46448194663
ResV1_50,G,1,6,10,task,1.62298,3903.33529565672
ResV1_50,G,1,6,11,task,1.6805,3914.96947933019
ResV1_50,G,1,6,12,task,1.71319,3937.87938252224
ResV1_50,G,1,6,13,task,1.49917,3637.46438746439
ResV1_50,G,1,6,14,task,1.84275,4017.72750977836
ResV1_50,G,1,6,15,task,1.31212,4159.52250130822
ResV1_50,G,1,6,16,task,1.46968,4376.81747066493
ResV1_50,G,1,6,17,task,1.6861,3417.03962703963
ResV1_50,G,1,7,0,in,12.3986,4155.70066685451
ResV1_50,G,1,7,0,task,0.537279,4327.36425339367
ResV1_50,G,1,7,1,task,1.32189,3985.38676557544
ResV1_50,G,1,7,2,task,1.08278,3830.83137100994
ResV1_50,G,1,7,3,task,1.33035,3625.48593335386
ResV1_50,G,1,7,4,task,1.72121,3782.64645806171
ResV1_50,G,1,7,5,task,1.09602,3935.88141025641
ResV1_50,G,1,7,6,task,1.22739,3755.32934327577
ResV1_50,G,1,7,7,task,1.38472,3560.12820512821
ResV1_50,G,1,7,8,task,1.80658,3944.05019556715
ResV1_50,G,1,7,9,task,1.28762,4359.63697017269
ResV1_50,G,1,7,10,task,1.53274,3980.16777864992
ResV1_50,G,1,7,11,task,1.48318,3972.17883307169
ResV1_50,G,1,7,12,task,1.56651,4011.27976190476
ResV1_50,G,1,7,13,task,1.48566,3716.96258667957
ResV1_50,G,1,7,14,task,1.81443,4088.96451318018
ResV1_50,G,1,7,15,task,1.20412,4247.32469911041
ResV1_50,G,1,7,16,task,1.49476,4462.70122435523
ResV1_50,G,1,7,17,task,1.68589,3532.59324009324
ResV1_50,G,2,0,0,in,53.8353,3415.85880559221
ResV1_50,G,2,0,0,task,1.30897,4148.53538210156
ResV1_50,G,2,0,1,task,3.78216,3793.74305080884
ResV1_50,G,2,0,2,task,3.07563,3660.28181663198
ResV1_50,G,2,0,3,task,3.02406,3441.16108891109
ResV1_50,G,2,0,4,task,3.36006,3636.33608591303
ResV1_50,G,2,0,5,task,3.17721,3693.33918798289
ResV1_50,G,2,0,6,task,3.01779,3593.80656262505
ResV1_50,G,2,0,7,task,3.22627,3393.4985014985
ResV1_50,G,2,0,8,task,3.31549,3880.1400493566
ResV1_50,G,2,0,9,task,2.29915,4038.03610675039
ResV1_50,G,2,0,10,task,2.45435,3857.60052944255
ResV1_50,G,2,0,11,task,2.91775,3906.2125588697
ResV1_50,G,2,0,12,task,2.5741,3886.09891341152
ResV1_50,G,2,0,13,task,2.93495,3526.51666754298
ResV1_50,G,2,0,14,task,3.05556,4012.11272695223
ResV1_50,G,2,0,15,task,2.51697,4400.49262166405
ResV1_50,G,2,0,16,task,3.15965,3925.7125520346
ResV1_50,G,2,0,17,task,2.45163,3348.42702169625
ResV1_50,G,2,1,0,in,36.3339,3326.4053422858
ResV1_50,G,2,1,0,task,0.800246,4175.85250125691
ResV1_50,G,2,1,1,task,3.2695,3819.75949050949
ResV1_50,G,2,1,2,task,2.48354,3675.15510204082
ResV1_50,G,2,1,3,task,2.48383,3442.31143856144
ResV1_50,G,2,1,4,task,2.56477,3622.59520807062
ResV1_50,G,2,1,5,task,1.98202,3697.60031397174
ResV1_50,G,2,1,6,task,2.09268,3604.41130298273
ResV1_50,G,2,1,7,task,2.39963,3423.294002294
ResV1_50,G,2,1,8,task,2.66563,3910.92349726776
ResV1_50,G,2,1,9,task,1.75435,4065.6027603349
ResV1_50,G,2,1,10,task,1.86022,3849.82838827839
ResV1_50,G,2,1,11,task,1.86098,3873.97174254317
ResV1_50,G,2,1,12,task,1.97505,3939.87629513344
ResV1_50,G,2,1,13,task,2.6304,3560.03576053576
ResV1_50,G,2,1,14,task,2.63699,4038.26250525431
ResV1_50,G,2,1,15,task,2.32855,4405.99089481947
ResV1_50,G,2,1,16,task,2.83322,3902.65401001703
ResV1_50,G,2,1,17,task,2.1835,3326.29191321499
ResV1_50,G,2,2,0,in,26.5959,3423.22742474916
ResV1_50,G,2,2,0,task,0.653392,4151.60916289593
ResV1_50,G,2,2,1,task,2.28769,3769.87075887076
ResV1_50,G,2,2,2,task,2.2801,3711.49230769231
ResV1_50,G,2,2,3,task,2.51388,3474.96673696674
ResV1_50,G,2,2,4,task,2.84935,3641.40094826911
ResV1_50,G,2,2,5,task,1.82878,3703.99234693878
ResV1_50,G,2,2,6,task,1.98208,3604.45820251177
ResV1_50,G,2,2,7,task,1.96315,3401.34939134939
ResV1_50,G,2,2,8,task,2.32616,3909.15652496064
ResV1_50,G,2,2,9,task,1.86253,4109.15155677656
ResV1_50,G,2,2,10,task,1.80994,3867.96138147567
ResV1_50,G,2,2,11,task,1.64602,3900.98377812663
ResV1_50,G,2,2,12,task,1.60621,3901.36577708006
ResV1_50,G,2,2,13,task,1.94793,3556.17016317016
ResV1_50,G,2,2,14,task,2.34389,4071.04269348323
ResV1_50,G,2,2,15,task,1.97826,4447.33922030351
ResV1_50,G,2,2,16,task,2.26637,3933.48717948718
ResV1_50,G,2,2,17,task,1.93317,3315.85081585082
ResV1_50,G,2,3,0,in,21.8444,3530.96692523163
ResV1_50,G,2,3,0,task,0.714029,4241.94852941177
ResV1_50,G,2,3,1,task,1.94591,3821.26806526806
ResV1_50,G,2,3,2,task,1.85544,3704.51501831502
ResV1_50,G,2,3,3,task,2.22335,3492.5330965331
ResV1_50,G,2,3,4,task,2.32108,3675.48359587065
ResV1_50,G,2,3,5,task,1.64316,3733.26631344846
ResV1_50,G,2,3,6,task,1.87979,3644.6518707483
ResV1_50,G,2,3,7,task,1.89787,3408.27143227143
ResV1_50,G,2,3,8,task,2.15629,3913.01257828029
ResV1_50,G,2,3,9,task,1.42607,4105.10141287284
ResV1_50,G,2,3,10,task,1.61347,3895.77838827839
ResV1_50,G,2,3,11,task,1.75738,3925.91533228676
ResV1_50,G,2,3,12,task,1.75263,3927.08806907378
ResV1_50,G,2,3,13,task,1.91013,3572.99274799275
ResV1_50,G,2,3,14,task,1.897,4052.80465015211
ResV1_50,G,2,3,15,task,1.72725,4461.54336734694
ResV1_50,G,2,3,16,task,2.18697,3967.94589308996
ResV1_50,G,2,3,17,task,1.85048,3359.44055944056
ResV1_50,G,2,4,0,in,18.2911,3672.42785319256
ResV1_50,G,2,4,0,task,0.532466,4293.48133484163
ResV1_50,G,2,4,1,task,1.72279,3838.03768209429
ResV1_50,G,2,4,2,task,1.76243,3733.97108843537
ResV1_50,G,2,4,3,task,2.04394,3508.8648018648
ResV1_50,G,2,4,4,task,2.26185,3683.33485441113
ResV1_50,G,2,4,5,task,1.59069,3736.67778649921
ResV1_50,G,2,4,6,task,1.7015,3648.59791993721
ResV1_50,G,2,4,7,task,1.8466,3453.63895363895
ResV1_50,G,2,4,8,task,2.18348,3961.85745328118
ResV1_50,G,2,4,9,task,1.38997,4132.81429879644
ResV1_50,G,2,4,10,task,1.50964,3895.56907378336
ResV1_50,G,2,4,11,task,1.46857,3928.49816849817
ResV1_50,G,2,4,12,task,1.39073,3972.09641548927
ResV1_50,G,2,4,13,task,1.73063,3602.61693861694
ResV1_50,G,2,4,14,task,2.0475,4099.35418670428
ResV1_50,G,2,4,15,task,1.6991,4502.50948456306
ResV1_50,G,2,4,16,task,1.82067,3970.73120382442
ResV1_50,G,2,4,17,task,1.72547,3366.37529137529
ResV1_50,G,2,5,0,in,15.5168,3827.72435897436
ResV1_50,G,2,5,0,task,0.549996,4339.45984162896
ResV1_50,G,2,5,1,task,1.52171,3901.02510347793
ResV1_50,G,2,5,2,task,1.48394,3750.60701203558
ResV1_50,G,2,5,3,task,1.87965,3534.82322987983
ResV1_50,G,2,5,4,task,2.10575,3703.49456757931
ResV1_50,G,2,5,5,task,1.49788,3798.31632653061
ResV1_50,G,2,5,6,task,1.5836,3708.13481161695
ResV1_50,G,2,5,7,task,1.64252,3479.41232841233
ResV1_50,G,2,5,8,task,1.89149,3994.15058670143
ResV1_50,G,2,5,9,task,1.11285,4182.33025902669
ResV1_50,G,2,5,10,task,1.33446,3944.57646520146
ResV1_50,G,2,5,11,task,1.35625,4005.14455782313
ResV1_50,G,2,5,12,task,1.33636,3993.5563840921
ResV1_50,G,2,5,13,task,1.64354,3629.20648184799
ResV1_50,G,2,5,14,task,1.71042,4119.18911567684
ResV1_50,G,2,5,15,task,1.3771,4532.09870486656
ResV1_50,G,2,5,16,task,1.82376,4028.01325510648
ResV1_50,G,2,5,17,task,1.70645,3458.19347319347
ResV1_50,G,2,6,0,in,13.7804,3984.76257076257
ResV1_50,G,2,6,0,task,0.478333,4413.71606334842
ResV1_50,G,2,6,1,task,1.41578,3956.93302155566
ResV1_50,G,2,6,2,task,1.48298,3851.67844060701
ResV1_50,G,2,6,3,task,1.77249,3577.71225071225
ResV1_50,G,2,6,4,task,1.9556,3764.25641025641
ResV1_50,G,2,6,5,task,1.36984,3833.75948456306
ResV1_50,G,2,6,6,task,1.46592,3713.99725274725
ResV1_50,G,2,6,7,task,1.64348,3548.56513856514
ResV1_50,G,2,6,8,task,1.77899,4038.03759235115
ResV1_50,G,2,6,9,task,1.14558,4255.66980638409
ResV1_50,G,2,6,10,task,1.34164,3994.76627420199
ResV1_50,G,2,6,11,task,1.19344,4003.94917582418
ResV1_50,G,2,6,12,task,1.2201,4048.99986917844
ResV1_50,G,2,6,13,task,1.56508,3660.53690753691
ResV1_50,G,2,6,14,task,1.72498,4192.58235549761
ResV1_50,G,2,6,15,task,1.3963,4594.0521978022
ResV1_50,G,2,6,16,task,1.67329,4045.72251195133
ResV1_50,G,2,6,17,task,1.68184,3440.27972027972
ResV1_50,G,2,7,0,in,12.3185,4294.31013431014
ResV1_50,G,2,7,0,task,0.526167,4551.25
ResV1_50,G,2,7,1,task,1.43471,4054.068698597
ResV1_50,G,2,7,2,task,1.32227,3898.41084510727
ResV1_50,G,2,7,3,task,1.78483,3620.96425796426
ResV1_50,G,2,7,4,task,1.96429,3835.11690569318
ResV1_50,G,2,7,5,task,1.44917,3899.97205651491
ResV1_50,G,2,7,6,task,1.54919,3817.75542909471
ResV1_50,G,2,7,7,task,1.8174,3590.76216934708
ResV1_50,G,2,7,8,task,1.93104,4111.46349413299
ResV1_50,G,2,7,9,task,1.0719,4286.88513867085
ResV1_50,G,2,7,10,task,1.25717,4091.24018838305
ResV1_50,G,2,7,11,task,1.34837,4126.08549188906
ResV1_50,G,2,7,12,task,1.38087,4117.83523024595
ResV1_50,G,2,7,13,task,1.75067,3758.68842268842
ResV1_50,G,2,7,14,task,1.82834,4248.62451108214
ResV1_50,G,2,7,15,task,1.31851,4692.85616169545
ResV1_50,G,2,7,16,task,1.69266,4120.83137766189
ResV1_50,G,2,7,17,task,1.64876,3518.06526806527
ResV1_50,G,3,0,0,in,53.5019,3469.15357812919
ResV1_50,G,3,0,0,task,1.18038,4646.00490196078
ResV1_50,G,3,0,1,task,3.49528,3854.36114324272
ResV1_50,G,3,0,2,task,2.66266,3839.53310270854
ResV1_50,G,3,0,3,task,2.94831,3570.17194209299
ResV1_50,G,3,0,4,task,3.38118,3832.26184083852
ResV1_50,G,3,0,5,task,2.99393,3751.85158371041
ResV1_50,G,3,0,6,task,3.3315,3757.70601968598
ResV1_50,G,3,0,7,task,3.28005,3513.88285398812
ResV1_50,G,3,0,8,task,3.7333,4099.8626442914
ResV1_50,G,3,0,9,task,2.75838,4063.05825714901
ResV1_50,G,3,0,10,task,2.81881,4044.35039246468
ResV1_50,G,3,0,11,task,3.01872,4034.00461510048
ResV1_50,G,3,0,12,task,3.36213,4040.22830362914
ResV1_50,G,3,0,13,task,3.22922,3627.66173300384
ResV1_50,G,3,0,14,task,3.61495,4284.70365699874
ResV1_50,G,3,0,15,task,2.86845,4509.89712192569
ResV1_50,G,3,0,16,task,3.81162,4111.17110320786
ResV1_50,G,3,0,17,task,2.50273,3414.60059171598
ResV1_50,G,3,1,0,in,36.7328,3502.93420342635
ResV1_50,G,3,1,0,task,1.18647,4731.54977375566
ResV1_50,G,3,1,1,task,3.35703,3835.46853146853
ResV1_50,G,3,1,2,task,2.44277,3837.03547880691
ResV1_50,G,3,1,3,task,2.59881,3554.60738384423
ResV1_50,G,3,1,4,task,2.71985,3835.43022278268
ResV1_50,G,3,1,5,task,2.05365,3745.64960753532
ResV1_50,G,3,1,6,task,2.26631,3804.99326499831
ResV1_50,G,3,1,7,task,2.39523,3514.38462463462
ResV1_50,G,3,1,8,task,2.77783,4123.51954602774
ResV1_50,G,3,1,9,task,2.06894,4103.78681318681
ResV1_50,G,3,1,10,task,2.14451,4039.02229199372
ResV1_50,G,3,1,11,task,2.28139,4077.37739403454
ResV1_50,G,3,1,12,task,2.37396,4070.52647520547
ResV1_50,G,3,1,13,task,2.38461,3648.8121970622
ResV1_50,G,3,1,14,task,2.71139,4298.79277007146
ResV1_50,G,3,1,15,task,1.9882,4515.94412611198
ResV1_50,G,3,1,16,task,2.81286,4104.47851783569
ResV1_50,G,3,1,17,task,1.91832,3405.2909270217
ResV1_50,G,3,2,0,in,26.5684,3503.33612040134
ResV1_50,G,3,2,0,task,0.619325,4721.20757918552
ResV1_50,G,3,2,1,task,2.57798,3894.24597624598
ResV1_50,G,3,2,2,task,2.40266,3904.37370486656
ResV1_50,G,3,2,3,task,2.32677,3589.07981832982
ResV1_50,G,3,2,4,task,2.38875,3843.59178429538
ResV1_50,G,3,2,5,task,1.94346,3754.14065934066
ResV1_50,G,3,2,6,task,1.78392,3745.55949764521
ResV1_50,G,3,2,7,task,2.02746,3569.62496762497
ResV1_50,G,3,2,8,task,2.39228,4133.72380504556
ResV1_50,G,3,2,9,task,1.64614,4117.83392203035
ResV1_50,G,3,2,10,task,1.72358,4042.16640502355
ResV1_50,G,3,2,11,task,1.77485,4061.63359497645
ResV1_50,G,3,2,12,task,1.83348,4084.03485086342
ResV1_50,G,3,2,13,task,2.19605,3680.73815073815
ResV1_50,G,3,2,14,task,2.72513,4319.43553810899
ResV1_50,G,3,2,15,task,1.95078,4545.12558869702
ResV1_50,G,3,2,16,task,2.33348,4124.12685503808
ResV1_50,G,3,2,17,task,1.67283,3435.24834140219
ResV1_50,G,3,3,0,in,21.564,3590.00549450549
ResV1_50,G,3,3,0,task,0.558016,4749.94626696833
ResV1_50,G,3,3,1,task,1.90178,3896.2792022792
ResV1_50,G,3,3,2,task,1.89108,3886.75987702773
ResV1_50,G,3,3,3,task,2.00448,3632.40688940689
ResV1_50,G,3,3,4,task,2.43087,3887.60119620122
ResV1_50,G,3,3,5,task,1.82776,3792.97705389848
ResV1_50,G,3,3,6,task,1.63628,3767.4568288854
ResV1_50,G,3,3,7,task,1.77826,3531.86506086506
ResV1_50,G,3,3,8,task,2.07582,4183.84854411126
ResV1_50,G,3,3,9,task,1.67376,4178.9645473574
ResV1_50,G,3,3,10,task,1.778,4098.82568027211
ResV1_50,G,3,3,11,task,1.63934,4067.91143380429
ResV1_50,G,3,3,12,task,1.51707,4085.43694400837
ResV1_50,G,3,3,13,task,1.82443,3658.66744366744
ResV1_50,G,3,3,14,task,2.1364,4349.42054060601
ResV1_50,G,3,3,15,task,2.13809,4585.14797226583
ResV1_50,G,3,3,16,task,2.24875,4142.11821303639
ResV1_50,G,3,3,17,task,1.6709,3489.48135198135
ResV1_50,G,3,4,0,in,18.29,3721.13122171946
ResV1_50,G,3,4,0,task,0.68635,4839.28167420815
ResV1_50,G,3,4,1,task,2.19838,3939.03082103082
ResV1_50,G,3,4,2,task,1.76272,3885.35357142857
ResV1_50,G,3,4,3,task,2.11298,3623.17301217301
ResV1_50,G,3,4,4,task,2.34827,3915.10256410256
ResV1_50,G,3,4,5,task,1.71745,3804.75773155416
ResV1_50,G,3,4,6,task,1.94571,3825.25808477237
ResV1_50,G,3,4,7,task,1.92477,3559.95886520887
ResV1_50,G,3,4,8,task,2.33316,4170.69651113913
ResV1_50,G,3,4,9,task,1.7472,4157.68969126112
ResV1_50,G,3,4,10,task,1.76035,4094.87506541078
ResV1_50,G,3,4,11,task,1.7813,4119.77341705913
ResV1_50,G,3,4,12,task,1.85331,4124.77549712193
ResV1_50,G,3,4,13,task,1.8559,3690.76430976431
ResV1_50,G,3,4,14,task,2.34296,4356.26770969144
ResV1_50,G,3,4,15,task,1.89636,4569.63759811617
ResV1_50,G,3,4,16,task,2.04187,4181.33528900478
ResV1_50,G,3,4,17,task,1.54887,3492.72727272727
ResV1_50,G,3,5,0,in,15.464,3890.29166666667
ResV1_50,G,3,5,0,task,0.480609,4907.13235294118
ResV1_50,G,3,5,1,task,1.70234,3965.94017094017
ResV1_50,G,3,5,2,task,1.90129,4006.08529488719
ResV1_50,G,3,5,3,task,1.96099,3673.56643356643
ResV1_50,G,3,5,4,task,2.13701,3907.20160870897
ResV1_50,G,3,5,5,task,1.65649,3829.76874672946
ResV1_50,G,3,5,6,task,1.6448,3831.29546049189
ResV1_50,G,3,5,7,task,1.73769,3608.73426573426
ResV1_50,G,3,5,8,task,2.1455,4242.16451150961
ResV1_50,G,3,5,9,task,1.61543,4217.23181580324
ResV1_50,G,3,5,10,task,1.64964,4125.28551805338
ResV1_50,G,3,5,11,task,1.6298,4134.93001046573
ResV1_50,G,3,5,12,task,1.82671,4141.35719518577
ResV1_50,G,3,5,13,task,1.8725,3730.65216265216
ResV1_50,G,3,5,14,task,2.37449,4420.78292518071
ResV1_50,G,3,5,15,task,1.88796,4636.99179748823
ResV1_50,G,3,5,16,task,2.27535,4184.18191662926
ResV1_50,G,3,5,17,task,1.51212,3485.24475524476
ResV1_50,G,3,6,0,in,13.8072,4091.20146520147
ResV1_50,G,3,6,0,task,0.535675,4958.20984162896
ResV1_50,G,3,6,1,task,1.56039,3998.68971768972
ResV1_50,G,3,6,2,task,1.39408,4000.02518315018
ResV1_50,G,3,6,3,task,1.68575,3708.99715099715
ResV1_50,G,3,6,4,task,2.19027,3983.25262715427
ResV1_50,G,3,6,5,task,1.67735,3892.36263736264
ResV1_50,G,3,6,6,task,1.67565,3857.25274725275
ResV1_50,G,3,6,7,task,1.68271,3623.40533540534
ResV1_50,G,3,6,8,task,2.1033,4261.61690569318
ResV1_50,G,3,6,9,task,1.62502,4268.49607535322
ResV1_50,G,3,6,10,task,1.68922,4189.25987702774
ResV1_50,G,3,6,11,task,1.64278,4202.50686813187
ResV1_50,G,3,6,12,task,1.57135,4172.57260596546
ResV1_50,G,3,6,13,task,1.78853,3773.44988344988
ResV1_50,G,3,6,14,task,2.06835,4460.07780295096
ResV1_50,G,3,6,15,task,1.80326,4730.41879905809
ResV1_50,G,3,6,16,task,2.29594,4289.14884832682
ResV1_50,G,3,6,17,task,1.43935,3546.8006993007
ResV1_50,G,3,7,0,in,12.3335,4421.08387339157
ResV1_50,G,3,7,0,task,0.483117,5081.73925339367
ResV1_50,G,3,7,1,task,1.52737,4096.73402196932
ResV1_50,G,3,7,2,task,1.37293,4147.17994977469
ResV1_50,G,3,7,3,task,1.66355,3765.89879828568
ResV1_50,G,3,7,4,task,1.91138,4020.42658798234
ResV1_50,G,3,7,5,task,1.44083,3959.73404830159
ResV1_50,G,3,7,6,task,1.49608,3993.21400676545
ResV1_50,G,3,7,7,task,1.66104,3722.01441318862
ResV1_50,G,3,7,8,task,1.98631,4368.0279030366
ResV1_50,G,3,7,9,task,1.36319,4332.11785491611
ResV1_50,G,3,7,10,task,1.4394,4258.33859530078
ResV1_50,G,3,7,11,task,1.46481,4270.33708506814
ResV1_50,G,3,7,12,task,1.51792,4278.17991661548
ResV1_50,G,3,7,13,task,1.68493,3839.61993685506
ResV1_50,G,3,7,14,task,2.02799,4524.23067773737
ResV1_50,G,3,7,15,task,1.49643,4769.55825335186
ResV1_50,G,3,7,16,task,1.8345,4327.2745226822
ResV1_50,G,3,7,17,task,1.38168,3623.81118881119
ResV1_50,G,4,0,0,in,53.6109,3638.11451335439
ResV1_50,G,4,0,0,task,1.25428,5429.35803167421
ResV1_50,G,4,0,1,task,4.28596,4157.36365591083
ResV1_50,G,4,0,2,task,3.45188,4145.17917682621
ResV1_50,G,4,0,3,task,3.41238,3802.25164262174
ResV1_50,G,4,0,4,task,3.64146,4210.31149125568
ResV1_50,G,4,0,5,task,2.93606,4054.76063829787
ResV1_50,G,4,0,6,task,3.13723,4047.17162396874
ResV1_50,G,4,0,7,task,3.43397,3745.44401440628
ResV1_50,G,4,0,8,task,3.66427,4525.02907281692
ResV1_50,G,4,0,9,task,2.86536,4340.613066012
ResV1_50,G,4,0,10,task,3.19238,4405.30572580914
ResV1_50,G,4,0,11,task,3.12652,4378.26591847868
ResV1_50,G,4,0,12,task,3.14434,4379.64504909984
ResV1_50,G,4,0,13,task,3.22306,3921.47132070209
ResV1_50,G,4,0,14,task,3.66272,4766.72773220197
ResV1_50,G,4,0,15,task,3.45435,4889.2807388913
ResV1_50,G,4,0,16,task,3.94613,4509.8757858516
ResV1_50,G,4,0,17,task,2.64381,3585.55361305361
ResV1_50,G,4,1,0,in,36.046,3577.89888272647
ResV1_50,G,4,1,0,task,0.800567,5497.94551282051
ResV1_50,G,4,1,1,task,3.7422,4157.64279842074
ResV1_50,G,4,1,2,task,3.10494,4107.11674849973
ResV1_50,G,4,1,3,task,3.00676,3804.45271440917
ResV1_50,G,4,1,4,task,3.00519,4256.05416724836
ResV1_50,G,4,1,5,task,2.5102,4063.80660120022
ResV1_50,G,4,1,6,task,2.31461,4039.09270559074
ResV1_50,G,4,1,7,task,2.45589,3750.49207323881
ResV1_50,G,4,1,8,task,2.79157,4555.74571459896
ResV1_50,G,4,1,9,task,1.98468,4408.48232287293
ResV1_50,G,4,1,10,task,2.48118,4439.26295393629
ResV1_50,G,4,1,11,task,2.58956,4412.8434320074
ResV1_50,G,4,1,12,task,2.3786,4394.95589613131
ResV1_50,G,4,1,13,task,2.50594,3864.70414201183
ResV1_50,G,4,1,14,task,3.09102,4762.85587975243
ResV1_50,G,4,1,15,task,2.92962,4957.10617839607
ResV1_50,G,4,1,16,task,3.79735,4570.63120981882
ResV1_50,G,4,1,17,task,2.23032,3651.93473193473
ResV1_50,G,4,2,0,in,26.6438,3663.44785649133
ResV1_50,G,4,2,0,task,0.948995,5447.99038461539
ResV1_50,G,4,2,1,task,2.76433,4166.68973986826
ResV1_50,G,4,2,2,task,2.26535,4193.47777165018
ResV1_50,G,4,2,3,task,2.52694,3816.44551747237
ResV1_50,G,4,2,4,task,3.01957,4246.99520685002
ResV1_50,G,4,2,5,task,2.45895,4092.92962356792
ResV1_50,G,4,2,6,task,2.33065,4025.4868029365
ResV1_50,G,4,2,7,task,2.2822,3753.68556633326
ResV1_50,G,4,2,8,task,2.42713,4559.49043696775
ResV1_50,G,4,2,9,task,1.8734,4395.02205934676
ResV1_50,G,4,2,10,task,1.83164,4406.03394293034
ResV1_50,G,4,2,11,task,2.35859,4460.14621729643
ResV1_50,G,4,2,12,task,2.32327,4416.73489053346
ResV1_50,G,4,2,13,task,2.31233,3887.48492798928
ResV1_50,G,4,2,14,task,2.86659,4771.6105914654
ResV1_50,G,4,2,15,task,2.79466,4938.59417621386
ResV1_50,G,4,2,16,task,3.47311,4566.02859602587
ResV1_50,G,4,2,17,task,2.02446,3621.49766899767
ResV1_50,G,4,3,0,in,21.7913,3815.10038104311
ResV1_50,G,4,3,0,task,0.802171,5601.32051282051
ResV1_50,G,4,3,1,task,2.40841,4188.02529295742
ResV1_50,G,4,3,2,task,1.94046,4144.78082971608
ResV1_50,G,4,3,3,task,2.21302,3832.80981355365
ResV1_50,G,4,3,4,task,2.63845,4247.13015961655
ResV1_50,G,4,3,5,task,2.103,4111.41869173842
ResV1_50,G,4,3,6,task,2.07824,4084.34355653597
ResV1_50,G,4,3,7,task,2.25313,3763.95612370213
ResV1_50,G,4,3,8,task,2.22883,4579.87270896073
ResV1_50,G,4,3,9,task,1.91441,4398.38575393155
ResV1_50,G,4,3,10,task,1.86987,4431.39258521312
ResV1_50,G,4,3,11,task,1.93524,4438.77641784672
ResV1_50,G,4,3,12,task,1.93238,4448.69173841884
ResV1_50,G,4,3,13,task,2.04438,3956.66274269002
ResV1_50,G,4,3,14,task,2.46076,4805.11633859184
ResV1_50,G,4,3,15,task,2.47438,4973.82587347897
ResV1_50,G,4,3,16,task,3.06457,4590.33016892364
ResV1_50,G,4,3,17,task,2.00483,3684.9358974359
ResV1_50,G,4,4,0,in,18.2499,3959.49359872154
ResV1_50,G,4,4,0,task,0.654208,5674.8108974359
ResV1_50,G,4,4,1,task,2.44376,4253.9844069815
ResV1_50,G,4,4,2,task,1.91202,4178.2213762186
ResV1_50,G,4,4,3,task,2.12071,3862.8287931227
ResV1_50,G,4,4,4,task,2.52038,4269.96342813267
ResV1_50,G,4,4,5,task,2.00127,4080.715505586
ResV1_50,G,4,4,6,task,1.94323,4146.76431782063
ResV1_50,G,4,4,7,task,2.13873,3791.4201183432
ResV1_50,G,4,4,8,task,2.46963,4584.94252042573
ResV1_50,G,4,4,9,task,1.8277,4427.74981221882
ResV1_50,G,4,4,10,task,1.87903,4476.42603002918
ResV1_50,G,4,4,11,task,1.94985,4447.01024692237
ResV1_50,G,4,4,12,task,2.30087,4486.0837543585
ResV1_50,G,4,4,13,task,2.2596,3917.40375038036
ResV1_50,G,4,4,14,task,2.71463,4831.06403276095
ResV1_50,G,4,4,15,task,2.60237,4993.86232773548
ResV1_50,G,4,4,16,task,2.97287,4584.63536161358
ResV1_50,G,4,4,17,task,1.9133,3674.24242424242
ResV1_50,G,4,5,0,in,15.4548,4051.02884615385
ResV1_50,G,4,5,0,task,0.461154,5702.9391025641
ResV1_50,G,4,5,1,task,2.00107,4340.26192133658
ResV1_50,G,4,5,2,task,1.94326,4263.73336654095
ResV1_50,G,4,5,3,task,1.98427,3868.63209189001
ResV1_50,G,4,5,4,task,2.22288,4298.43695777906
ResV1_50,G,4,5,5,task,1.89793,4115.51554828151
ResV1_50,G,4,5,6,task,1.74982,4158.38753291112
ResV1_50,G,4,5,7,task,1.95221,3896.22752059404
ResV1_50,G,4,5,8,task,2.31134,4636.64358176609
ResV1_50,G,4,5,9,task,1.64386,4482.65955865493
ResV1_50,G,4,5,10,task,1.77896,4464.89930975592
ResV1_50,G,4,5,11,task,1.89863,4486.49363125311
ResV1_50,G,4,5,12,task,1.85681,4518.14132213762
ResV1_50,G,4,5,13,task,2.03592,4005.49744749971
ResV1_50,G,4,5,14,task,2.46103,4845.60798548094
ResV1_50,G,4,5,15,task,2.43017,5066.74055361844
ResV1_50,G,4,5,16,task,2.79137,4631.17413892822
ResV1_50,G,4,5,17,task,1.86775,3681.91724941725
ResV1_50,G,4,6,0,in,13.6895,4226.52493660186
ResV1_50,G,4,6,0,task,0.450771,5769.09615384616
ResV1_50,G,4,6,1,task,1.68787,4278.92156862745
ResV1_50,G,4,6,2,task,1.86325,4333.16516046396
ResV1_50,G,4,6,3,task,1.92033,3960.58011370229
ResV1_50,G,4,6,4,task,2.06424,4370.99093888568
ResV1_50,G,4,6,5,task,1.81513,4119.90642567423
ResV1_50,G,4,6,6,task,1.69578,4111.93375080054
ResV1_50,G,4,6,7,task,1.9073,3887.40138067061
ResV1_50,G,4,6,8,task,2.10193,4714.34523809524
ResV1_50,G,4,6,9,task,1.6998,4540.61161317868
ResV1_50,G,4,6,10,task,1.73682,4543.61014255556
ResV1_50,G,4,6,11,task,1.8226,4522.462107735
ResV1_50,G,4,6,12,task,1.78853,4488.09865825407
ResV1_50,G,4,6,13,task,1.82732,4042.68447615733
ResV1_50,G,4,6,14,task,2.57297,4953.90041748935
ResV1_50,G,4,6,15,task,2.64416,5141.06698747599
ResV1_50,G,4,6,16,task,2.74353,4666.38629066034
ResV1_50,G,4,6,17,task,1.76715,3760.46037296037
ResV1_50,G,4,7,0,in,12.2866,4549.19132149901
ResV1_50,G,4,7,0,task,0.454766,5949.67307692308
ResV1_50,G,4,7,1,task,1.6816,4315.57199211045
ResV1_50,G,4,7,2,task,1.72051,4371.16594321497
ResV1_50,G,4,7,3,task,1.84147,4041.55789534749
ResV1_50,G,4,7,4,task,2.14678,4471.49315596684
ResV1_50,G,4,7,5,task,1.6228,4252.43862520458
ResV1_50,G,4,7,6,task,1.68785,4211.70675300648
ResV1_50,G,4,7,7,task,1.90692,3902.95306880148
ResV1_50,G,4,7,8,task,2.1936,4743.33363248971
ResV1_50,G,4,7,9,task,1.75805,4618.83619156052
ResV1_50,G,4,7,10,task,1.85223,4625.9364548495
ResV1_50,G,4,7,11,task,1.81904,4649.9516117555
ResV1_50,G,4,7,12,task,1.7782,4591.48260157973
ResV1_50,G,4,7,13,task,1.91867,4044.55882352941
ResV1_50,G,4,7,14,task,2.36221,4995.61799059984
ResV1_50,G,4,7,15,task,2.47771,5240.17800173154
ResV1_50,G,4,7,16,task,2.71754,4781.49634696822
ResV1_50,G,4,7,17,task,1.69794,3815.87412587413
ResV1_50,G,0,0,17,out,1.36334,
ResV1_50,G,0,1,17,out,1.15273,
ResV1_50,G,0,2,17,out,0.755358,
ResV1_50,G,0,3,17,out,0.615038,
ResV1_50,G,0,4,17,out,0.594621,
ResV1_50,G,0,5,17,out,0.595087,
ResV1_50,G,0,6,17,out,0.496912,
ResV1_50,G,0,7,17,out,0.414575,
ResV1_50,G,1,0,17,out,1.36477,
ResV1_50,G,1,1,17,out,1.05225,
ResV1_50,G,1,2,17,out,0.761367,
ResV1_50,G,1,3,17,out,0.665788,
ResV1_50,G,1,4,17,out,0.567408,
ResV1_50,G,1,5,17,out,0.550171,
ResV1_50,G,1,6,17,out,0.528179,
ResV1_50,G,1,7,17,out,0.538767,
ResV1_50,G,2,0,17,out,1.54283,
ResV1_50,G,2,1,17,out,1.01252,
ResV1_50,G,2,2,17,out,0.843442,
ResV1_50,G,2,3,17,out,0.688567,
ResV1_50,G,2,4,17,out,0.559708,
ResV1_50,G,2,5,17,out,0.557521,
ResV1_50,G,2,6,17,out,0.561108,
ResV1_50,G,2,7,17,out,0.539817,
ResV1_50,G,3,0,17,out,1.46431,
ResV1_50,G,3,1,17,out,0.990646,
ResV1_50,G,3,2,17,out,0.796542,
ResV1_50,G,3,3,17,out,0.687021,
ResV1_50,G,3,4,17,out,0.572104,
ResV1_50,G,3,5,17,out,0.518233,
ResV1_50,G,3,6,17,out,0.593804,
ResV1_50,G,3,7,17,out,0.422217,
ResV1_50,G,4,0,17,out,1.51124,
ResV1_50,G,4,1,17,out,1.00561,
ResV1_50,G,4,2,17,out,0.769767,
ResV1_50,G,4,3,17,out,0.762067,
ResV1_50,G,4,4,17,out,0.645633,
ResV1_50,G,4,5,17,out,0.565629,
ResV1_50,G,4,6,17,out,0.476992,
ResV1_50,G,4,7,17,out,0.439367,
ResV1_50,L,0,-1,0,in,117.515,3111.46478745973
ResV1_50,L,0,-1,0,task,127.134,3360.0299536941
ResV1_50,L,0,-1,1,task,164.792,3252.87134748448
ResV1_50,L,0,-1,2,task,145.268,3245.62277033997
ResV1_50,L,0,-1,3,task,85.694,3173.28534973646
ResV1_50,L,0,-1,4,task,153.221,3230.0970268854
ResV1_50,L,0,-1,5,task,123.338,3209.01779529619
ResV1_50,L,0,-1,6,task,123.571,3221.98551604829
ResV1_50,L,0,-1,7,task,75.9616,3166.84483544338
ResV1_50,L,0,-1,8,task,134.605,3312.80369866457
ResV1_50,L,0,-1,9,task,107.767,3246.81738279962
ResV1_50,L,0,-1,10,task,107.709,3256.66646303615
ResV1_50,L,0,-1,11,task,107.575,3252.20707223094
ResV1_50,L,0,-1,12,task,107.662,3255.70088271141
ResV1_50,L,0,-1,13,task,78.3304,3180.31022109994
ResV1_50,L,0,-1,14,task,180.797,3241.9618870615
ResV1_50,L,0,-1,15,task,139.865,3235.25621299256
ResV1_50,L,0,-1,16,task,141.45,3213.89158155242
ResV1_50,L,0,-1,17,task,3.98956,3176.41134826712
ResV1_50,L,1,-1,0,in,79.7569,3082.04913820605
ResV1_50,L,1,-1,0,task,88.9701,3384.65004392346
ResV1_50,L,1,-1,1,task,117.311,3324.48123494617
ResV1_50,L,1,-1,2,task,103.163,3282.35808750117
ResV1_50,L,1,-1,3,task,60.1989,3188.75800110817
ResV1_50,L,1,-1,4,task,114.144,3257.6261718511
ResV1_50,L,1,-1,5,task,87.5353,3224.50763080582
ResV1_50,L,1,-1,6,task,87.7044,3291.8419491477
ResV1_50,L,1,-1,7,task,55.8222,3169.02970752182
ResV1_50,L,1,-1,8,task,106.876,3327.64243568643
ResV1_50,L,1,-1,9,task,83.1769,3252.29697517683
ResV1_50,L,1,-1,10,task,83.5183,3248.00759358264
ResV1_50,L,1,-1,11,task,83.517,3238.62220429062
ResV1_50,L,1,-1,12,task,83.9395,3317.21661623183
ResV1_50,L,1,-1,13,task,55.3222,3158.97413313576
ResV1_50,L,1,-1,14,task,131.304,3258.44287080941
ResV1_50,L,1,-1,15,task,102.486,3246.88528057911
ResV1_50,L,1,-1,16,task,104.956,3227.05975635711
ResV1_50,L,1,-1,17,task,3.62055,3162.05297266836
ResV1_50,L,2,-1,0,in,58.6992,3130.94644558795
ResV1_50,L,2,-1,0,task,68.5527,3438.54812873322
ResV1_50,L,2,-1,1,task,100.334,3323.89170841521
ResV1_50,L,2,-1,2,task,90.6467,3336.15886081064
ResV1_50,L,2,-1,3,task,49.311,3214.20393559928
ResV1_50,L,2,-1,4,task,94.0074,3303.41745434397
ResV1_50,L,2,-1,5,task,75.536,3265.40550106088
ResV1_50,L,2,-1,6,task,70.0366,3245.13479663767
ResV1_50,L,2,-1,7,task,49.0348,3193.40482225214
ResV1_50,L,2,-1,8,task,97.2212,3346.5036125897
ResV1_50,L,2,-1,9,task,75.7039,3279.82364632586
ResV1_50,L,2,-1,10,task,76.2734,3275.34624106053
ResV1_50,L,2,-1,11,task,72.9821,3273.51878469469
ResV1_50,L,2,-1,12,task,73.6005,3268.8776336268
ResV1_50,L,2,-1,13,task,45.5505,3175.58873632864
ResV1_50,L,2,-1,14,task,128.013,3282.59091432766
ResV1_50,L,2,-1,15,task,91.1957,3279.52210492406
ResV1_50,L,2,-1,16,task,95.4107,3255.53898677867
ResV1_50,L,2,-1,17,task,3.34645,3190.63750352212
ResV1_50,L,3,-1,0,in,47.5773,3180.106685633
ResV1_50,L,3,-1,0,task,67.275,3473.77192233115
ResV1_50,L,3,-1,1,task,98.7355,3345.60734002623
ResV1_50,L,3,-1,2,task,87.3814,3344.74056334295
ResV1_50,L,3,-1,3,task,48.8851,3237.47163206779
ResV1_50,L,3,-1,4,task,88.5285,3309.90998800737
ResV1_50,L,3,-1,5,task,74.642,3277.71480360582
ResV1_50,L,3,-1,6,task,70.7827,3286.13740246229
ResV1_50,L,3,-1,7,task,49.2796,3203.69695894856
ResV1_50,L,3,-1,8,task,90.5931,3386.02331101932
ResV1_50,L,3,-1,9,task,73.2981,3298.733148295
ResV1_50,L,3,-1,10,task,73.8029,3285.81284694687
ResV1_50,L,3,-1,11,task,70.589,3296.30912346001
ResV1_50,L,3,-1,12,task,70.9856,3290.8402981164
ResV1_50,L,3,-1,13,task,45.4597,3198.61963617091
ResV1_50,L,3,-1,14,task,126.953,3307.07540498038
ResV1_50,L,3,-1,15,task,87.4529,3311.20092236267
ResV1_50,L,3,-1,16,task,91.4871,3276.00000721432
ResV1_50,L,3,-1,17,task,3.26611,3219.17159763314
ResV1_50,L,4,-1,0,in,40.0318,3237.0283949921
ResV1_50,L,4,-1,0,task,67.1097,3508.86359815048
ResV1_50,L,4,-1,1,task,97.0168,3347.39795406679
ResV1_50,L,4,-1,2,task,86.1854,3342.91830810699
ResV1_50,L,4,-1,3,task,49.5865,3235.17210536056
ResV1_50,L,4,-1,4,task,85.7208,3336.66572482989
ResV1_50,L,4,-1,5,task,75.1097,3295.07805727246
ResV1_50,L,4,-1,6,task,70.1523,3294.8113999196
ResV1_50,L,4,-1,7,task,49.5672,3215.4812575823
ResV1_50,L,4,-1,8,task,88.3775,3407.93532485015
ResV1_50,L,4,-1,9,task,71.5974,3318.60366059379
ResV1_50,L,4,-1,10,task,72.3813,3304.70320825855
ResV1_50,L,4,-1,11,task,69.2365,3315.26806324718
ResV1_50,L,4,-1,12,task,69.1813,3308.46513504076
ResV1_50,L,4,-1,13,task,45.0922,3200.33315731621
ResV1_50,L,4,-1,14,task,126.64,3318.43646202232
ResV1_50,L,4,-1,15,task,87.3562,3317.83157611213
ResV1_50,L,4,-1,16,task,91.6454,3286.73936523762
ResV1_50,L,4,-1,17,task,3.35615,3194.49211045365
ResV1_50,L,5,-1,0,in,33.9609,3349.47458352631
ResV1_50,L,5,-1,0,task,66.8841,3540.17402269861
ResV1_50,L,5,-1,1,task,96.5158,3381.76466350116
ResV1_50,L,5,-1,2,task,85.8276,3384.79304029304
ResV1_50,L,5,-1,3,task,49.7414,3273.1777805194
ResV1_50,L,5,-1,4,task,84.1427,3392.83090944406
ResV1_50,L,5,-1,5,task,74.9281,3328.32158105354
ResV1_50,L,5,-1,6,task,69.4229,3330.39576913351
ResV1_50,L,5,-1,7,task,49.3097,3245.3943691103
ResV1_50,L,5,-1,8,task,86.2827,3465.86772737891
ResV1_50,L,5,-1,9,task,72.127,3354.41970310391
ResV1_50,L,5,-1,10,task,72.656,3365.83189250386
ResV1_50,L,5,-1,11,task,69.2876,3359.0422947713
ResV1_50,L,5,-1,12,task,69.6854,3361.58481207109
ResV1_50,L,5,-1,13,task,45.2075,3233.70432663442
ResV1_50,L,5,-1,14,task,126.842,3352.95675669775
ResV1_50,L,5,-1,15,task,87.3541,3348.54705332241
ResV1_50,L,5,-1,16,task,90.985,3319.78856744784
ResV1_50,L,5,-1,17,task,3.19899,3252.95364891519
ResV1_50,L,0,-1,17,out,0.857646,
ResV1_50,L,1,-1,17,out,0.624196,
ResV1_50,L,2,-1,17,out,0.476262,
ResV1_50,L,3,-1,17,out,0.409588,
ResV1_50,L,4,-1,17,out,0.372487,
ResV1_50,L,5,-1,17,out,0.333346,
SqueezeV1,B,0,-1,0,in,63.8526,3340.73922330393
SqueezeV1,B,0,-1,0,task,118.687,3702.62899080382
SqueezeV1,B,0,-1,1,task,25.2229,3223.83421412217
SqueezeV1,B,0,-1,2,task,28.0724,3208.8388090294
SqueezeV1,B,0,-1,3,task,71.8766,3314.92117481217
SqueezeV1,B,0,-1,4,task,21.3669,3172.37093912755
SqueezeV1,B,0,-1,5,task,36.5304,3242.31353141997
SqueezeV1,B,0,-1,6,task,37.2302,3209.05559751901
SqueezeV1,B,0,-1,7,task,62.4263,3221.8547432941
SqueezeV1,B,0,-1,8,task,20.7642,3128.35521130225
SqueezeV1,B,0,-1,9,task,63.1632,3246.04826725141
SqueezeV1,B,1,-1,0,in,43.4213,3252.09165459165
SqueezeV1,B,1,-1,0,task,99.3366,3599.78356319364
SqueezeV1,B,1,-1,1,task,16.0725,3211.35454050207
SqueezeV1,B,1,-1,2,task,19.8677,3210.70221824781
SqueezeV1,B,1,-1,3,task,51.4446,3326.35198346462
SqueezeV1,B,1,-1,4,task,14.285,3140.10184372419
SqueezeV1,B,1,-1,5,task,25.7575,3174.34253510735
SqueezeV1,B,1,-1,6,task,26.8727,3198.07731904643
SqueezeV1,B,1,-1,7,task,43.5417,3242.47714503497
SqueezeV1,B,1,-1,8,task,15.0598,3117.43001060445
SqueezeV1,B,1,-1,9,task,45.0127,3274.05017921147
SqueezeV1,B,2,-1,0,in,31.9892,3337.66906656562
SqueezeV1,B,2,-1,0,task,56.2045,3900.70763048427
SqueezeV1,B,2,-1,1,task,11.9114,3223.07930702939
SqueezeV1,B,2,-1,2,task,14.2038,3216.51343101343
SqueezeV1,B,2,-1,3,task,39.8699,3373.09696344845
SqueezeV1,B,2,-1,4,task,10.6151,3120.99589228637
SqueezeV1,B,2,-1,5,task,19.727,3207.01757575675
SqueezeV1,B,2,-1,6,task,20.6555,3234.05665689014
SqueezeV1,B,2,-1,7,task,34.208,3283.3395243792
SqueezeV1,B,2,-1,8,task,10.8286,3135.42692432355
SqueezeV1,B,2,-1,9,task,37.8318,3315.84872578114
SqueezeV1,B,3,-1,0,in,25.8766,3455.08093645485
SqueezeV1,B,3,-1,0,task,40.9782,4097.4806457195
SqueezeV1,B,3,-1,1,task,9.97051,3236.6660412758
SqueezeV1,B,3,-1,2,task,11.6948,3221.10594453759
SqueezeV1,B,3,-1,3,task,31.0164,3404.60303692574
SqueezeV1,B,3,-1,4,task,9.24362,3141.83602732477
SqueezeV1,B,3,-1,5,task,16.4512,3252.36771838868
SqueezeV1,B,3,-1,6,task,17.5783,3245.99124692139
SqueezeV1,B,3,-1,7,task,29.0011,3289.84043810188
SqueezeV1,B,3,-1,8,task,9.31811,3155.16999491079
SqueezeV1,B,3,-1,9,task,27.8609,3380.55810521911
SqueezeV1,B,4,-1,0,in,21.7931,3567.05296457928
SqueezeV1,B,4,-1,0,task,44.0254,4247.28305914541
SqueezeV1,B,4,-1,1,task,9.75007,3294.70244582985
SqueezeV1,B,4,-1,2,task,10.4399,3266.25716043609
SqueezeV1,B,4,-1,3,task,25.2108,3498.07322087386
SqueezeV1,B,4,-1,4,task,7.01009,3196.18807299981
SqueezeV1,B,4,-1,5,task,12.8069,3341.08847422485
SqueezeV1,B,4,-1,6,task,13.5236,3266.67363800185
SqueezeV1,B,4,-1,7,task,19.9732,3390.77819556325
SqueezeV1,B,4,-1,8,task,7.7588,3165.84817954049
SqueezeV1,B,4,-1,9,task,24.9376,3468.87885413819
SqueezeV1,B,5,-1,0,in,18.494,3742.51583710407
SqueezeV1,B,5,-1,0,task,32.0478,4569.58822091887
SqueezeV1,B,5,-1,1,task,8.39245,3311.00342011273
SqueezeV1,B,5,-1,2,task,9.22329,3375.43495543192
SqueezeV1,B,5,-1,3,task,21.2483,3582.68487173962
SqueezeV1,B,5,-1,4,task,6.70203,3314.28076254392
SqueezeV1,B,5,-1,5,task,11.748,3347.19796216259
SqueezeV1,B,5,-1,6,task,12.821,3363.19572392158
SqueezeV1,B,5,-1,7,task,18.48,3453.07787723241
SqueezeV1,B,5,-1,8,task,7.59535,3224.5433438065
SqueezeV1,B,5,-1,9,task,17.4326,3593.67534842068
SqueezeV1,B,6,-1,0,in,16.3441,3941.19532428356
SqueezeV1,B,6,-1,0,task,30.341,4955.64752451849
SqueezeV1,B,6,-1,1,task,7.66054,3443.86277978383
SqueezeV1,B,6,-1,2,task,8.37375,3381.72478613774
SqueezeV1,B,6,-1,3,task,20.3352,3643.04858518153
SqueezeV1,B,6,-1,4,task,5.70217,3302.6999967
SqueezeV1,B,6,-1,5,task,10.8921,3432.1383863367
SqueezeV1,B,6,-1,6,task,10.8427,3415.86948510329
SqueezeV1,B,6,-1,7,task,15.7091,3524.21820006405
SqueezeV1,B,6,-1,8,task,5.67805,3286.35275385275
SqueezeV1,B,6,-1,9,task,12.9053,3732.44416873449
SqueezeV1,B,7,-1,0,in,14.6016,4231.83537296037
SqueezeV1,B,7,-1,0,task,29.0961,5428.69403115914
SqueezeV1,B,7,-1,1,task,7.47081,3477.00568990043
SqueezeV1,B,7,-1,2,task,7.54758,3437.55006018164
SqueezeV1,B,7,-1,3,task,17.3706,3849.69249084249
SqueezeV1,B,7,-1,4,task,5.34605,3515.28083028083
SqueezeV1,B,7,-1,5,task,8.09127,3450.95656541001
SqueezeV1,B,7,-1,6,task,8.88344,3594.38197945688
SqueezeV1,B,7,-1,7,task,14.6517,3672.0080069429
SqueezeV1,B,7,-1,8,task,5.16979,3373.66212916213
SqueezeV1,B,7,-1,9,task,12.1547,4112.69091827712
SqueezeV1,B,0,-1,9,out,0.896554,
SqueezeV1,B,1,-1,9,out,0.510737,
SqueezeV1,B,2,-1,9,out,0.393721,
SqueezeV1,B,3,-1,9,out,0.323517,
SqueezeV1,B,4,-1,9,out,0.295312,
SqueezeV1,B,5,-1,9,out,0.256579,
SqueezeV1,B,6,-1,9,out,0.249433,
SqueezeV1,B,7,-1,9,out,0.215921,
SqueezeV1,G,0,0,0,in,54.7697,3405.85038718862
SqueezeV1,G,0,0,0,task,0.825183,4262.86982248521
SqueezeV1,G,0,0,1,task,2.34532,3783.40466075249
SqueezeV1,G,0,0,2,task,2.46103,3346.45104210833
SqueezeV1,G,0,0,3,task,2.23032,3392.67721021942
SqueezeV1,G,0,0,4,task,2.1716,3323.14398443583
SqueezeV1,G,0,0,5,task,2.00751,3333.85157420178
SqueezeV1,G,0,0,6,task,2.00573,3336.10146381199
SqueezeV1,G,0,0,7,task,2.09603,3411.01114450112
SqueezeV1,G,0,0,8,task,2.30084,3253.45739877319
SqueezeV1,G,0,0,9,task,15.4278,3693.5871823856
SqueezeV1,G,0,1,0,in,37.4308,3300.86191052537
SqueezeV1,G,0,1,0,task,0.639363,3977.29020979021
SqueezeV1,G,0,1,1,task,1.64509,3777.5061050061
SqueezeV1,G,0,1,2,task,1.90578,3304.81013431013
SqueezeV1,G,0,1,3,task,1.6088,3361.59287054409
SqueezeV1,G,0,1,4,task,1.68126,3300.47374847375
SqueezeV1,G,0,1,5,task,1.55219,3284.04761904762
SqueezeV1,G,0,1,6,task,1.47411,3296.65934065934
SqueezeV1,G,0,1,7,task,1.44862,3372.36210131332
SqueezeV1,G,0,1,8,task,1.64115,3202.67542914602
SqueezeV1,G,0,1,9,task,15.2058,3647.48620252297
SqueezeV1,G,0,2,0,in,27.6838,3410.38110891957
SqueezeV1,G,0,2,0,task,0.581204,4036.20046620047
SqueezeV1,G,0,2,1,task,1.38311,3788.6858435682
SqueezeV1,G,0,2,2,task,1.60965,3326.22200675142
SqueezeV1,G,0,2,3,task,1.64494,3394.84193245779
SqueezeV1,G,0,2,4,task,1.79448,3315.09462759463
SqueezeV1,G,0,2,5,task,1.72888,3289.28205128205
SqueezeV1,G,0,2,6,task,1.59708,3304.36019536019
SqueezeV1,G,0,2,7,task,1.48625,3401.50960421692
SqueezeV1,G,0,2,8,task,1.52128,3225.22039072039
SqueezeV1,G,0,2,9,task,14.9582,3660.43633449883
SqueezeV1,G,0,3,0,in,22.3607,3482.13968640056
SqueezeV1,G,0,3,0,task,0.479879,4074.12004662005
SqueezeV1,G,0,3,1,task,1.11513,3792.19133807369
SqueezeV1,G,0,3,2,task,1.32064,3338.95281189399
SqueezeV1,G,0,3,3,task,1.25948,3397.00234521576
SqueezeV1,G,0,3,4,task,1.4947,3322.80920060332
SqueezeV1,G,0,3,5,task,1.30719,3295.21582992171
SqueezeV1,G,0,3,6,task,1.36757,3328.9185520362
SqueezeV1,G,0,3,7,task,1.31839,3391.06707317073
SqueezeV1,G,0,3,8,task,1.29818,3213.76664511959
SqueezeV1,G,0,3,9,task,14.9596,3673.90807109557
SqueezeV1,G,0,4,0,in,18.8252,3621.74190283401
SqueezeV1,G,0,4,0,task,0.516483,4168.88111888112
SqueezeV1,G,0,4,1,task,1.04729,3811.69812540401
SqueezeV1,G,0,4,2,task,1.32049,3352.79508726568
SqueezeV1,G,0,4,3,task,1.28564,3435.3925891182
SqueezeV1,G,0,4,4,task,1.39177,3332.25274725275
SqueezeV1,G,0,4,5,task,1.33289,3346.13768584357
SqueezeV1,G,0,4,6,task,1.31673,3341.32967032967
SqueezeV1,G,0,4,7,task,1.19913,3428.11667147737
SqueezeV1,G,0,4,8,task,1.26085,3251.91790562379
SqueezeV1,G,0,4,9,task,14.8414,3686.84149184149
SqueezeV1,G,0,5,0,in,16.0986,3817.88650075415
SqueezeV1,G,0,5,0,task,0.482096,4183.77622377622
SqueezeV1,G,0,5,1,task,0.9436,3843.71722027972
SqueezeV1,G,0,5,2,task,1.1177,3425.3918997669
SqueezeV1,G,0,5,3,task,1.21943,3441.98380566802
SqueezeV1,G,0,5,4,task,1.29252,3351.0270979021
SqueezeV1,G,0,5,5,task,1.18705,3372.09061771562
SqueezeV1,G,0,5,6,task,1.15118,3371.94857226107
SqueezeV1,G,0,5,7,task,1.20248,3527.4198489988
SqueezeV1,G,0,5,8,task,1.23124,3262.71488927739
SqueezeV1,G,0,5,9,task,14.829,3741.9429280397
SqueezeV1,G,0,6,0,in,14.2794,3985.9217032967
SqueezeV1,G,0,6,0,task,0.464684,4306.56177156177
SqueezeV1,G,0,6,1,task,0.862692,3892.83653846154
SqueezeV1,G,0,6,2,task,1.01856,3472.08041958042
SqueezeV1,G,0,6,3,task,1.05779,3482.46088193457
SqueezeV1,G,0,6,4,task,1.20887,3460.98120629371
SqueezeV1,G,0,6,5,task,1.14351,3403.99694055944
SqueezeV1,G,0,6,6,task,1.05155,3416.92599067599
SqueezeV1,G,0,6,7,task,1.0836,3540.56570740781
SqueezeV1,G,0,6,8,task,1.08745,3301.33595571096
SqueezeV1,G,0,6,9,task,14.8077,3785.97022332506
SqueezeV1,G,0,7,0,in,12.6736,4272.18512256974
SqueezeV1,G,0,7,0,task,0.461388,4433.14685314685
SqueezeV1,G,0,7,1,task,0.774871,3965.26005244755
SqueezeV1,G,0,7,2,task,1.06721,3554.09236596737
SqueezeV1,G,0,7,3,task,0.963842,3556.48976912135
SqueezeV1,G,0,7,4,task,1.17842,3494.57604895105
SqueezeV1,G,0,7,5,task,1.04157,3474.51923076923
SqueezeV1,G,0,7,6,task,1.05414,3484.79895104895
SqueezeV1,G,0,7,7,task,1.02273,3591.86692142158
SqueezeV1,G,0,7,8,task,1.10615,3376.31264568764
SqueezeV1,G,0,7,9,task,14.762,3861.15963606286
SqueezeV1,G,1,0,0,in,55.5685,3370.9430504615
SqueezeV1,G,1,0,0,task,0.965271,4131.89393939394
SqueezeV1,G,1,0,1,task,2.30233,3691.7225715461
SqueezeV1,G,1,0,2,task,2.54861,3251.60733384263
SqueezeV1,G,1,0,3,task,2.30189,3492.54437869822
SqueezeV1,G,1,0,4,task,2.15139,3228.21609762786
SqueezeV1,G,1,0,5,task,2.12211,3276.21006444536
SqueezeV1,G,1,0,6,task,2.1957,3333.97435897436
SqueezeV1,G,1,0,7,task,2.22171,3377.24525070072
SqueezeV1,G,1,0,8,task,2.04759,3180.89126559715
SqueezeV1,G,1,0,9,task,3.86493,3853.0019509476
SqueezeV1,G,1,1,0,in,37.3171,3311.02731744062
SqueezeV1,G,1,1,0,task,0.691717,4202.10955710956
SqueezeV1,G,1,1,1,task,1.61003,3705.56835321541
SqueezeV1,G,1,1,2,task,1.93655,3270.10352392705
SqueezeV1,G,1,1,3,task,1.68376,3468.18903768296
SqueezeV1,G,1,1,4,task,1.52755,3236.09557109557
SqueezeV1,G,1,1,5,task,1.53329,3276.22034827917
SqueezeV1,G,1,1,6,task,1.40986,3301.76136363636
SqueezeV1,G,1,1,7,task,1.6884,3386.46112322226
SqueezeV1,G,1,1,8,task,1.69598,3195.20567667626
SqueezeV1,G,1,1,9,task,3.28808,3862.94871794872
SqueezeV1,G,1,2,0,in,27.8998,3451.26041505874
SqueezeV1,G,1,2,0,task,0.663338,4248.42657342657
SqueezeV1,G,1,2,1,task,1.54671,3707.35769744961
SqueezeV1,G,1,2,2,task,1.75292,3271.94184491979
SqueezeV1,G,1,2,3,task,1.59641,3470.28340080972
SqueezeV1,G,1,2,4,task,1.60399,3240.97974941725
SqueezeV1,G,1,2,5,task,1.49599,3310.61805841218
SqueezeV1,G,1,2,6,task,1.5755,3294.22322775264
SqueezeV1,G,1,2,7,task,1.57068,3402.62742655455
SqueezeV1,G,1,2,8,task,1.52378,3207.49918586316
SqueezeV1,G,1,2,9,task,2.84664,3876.6220735786
SqueezeV1,G,1,3,0,in,22.384,3496.93284493285
SqueezeV1,G,1,3,0,task,0.448175,4278.32167832168
SqueezeV1,G,1,3,1,task,1.27873,3739.70716783217
SqueezeV1,G,1,3,2,task,1.42173,3276.46343240093
SqueezeV1,G,1,3,3,task,1.4259,3496.14883803143
SqueezeV1,G,1,3,4,task,1.41353,3254.26573426573
SqueezeV1,G,1,3,5,task,1.39945,3309.25189393939
SqueezeV1,G,1,3,6,task,1.34415,3335.49688057041
SqueezeV1,G,1,3,7,task,1.27954,3402.97570850202
SqueezeV1,G,1,3,8,task,1.34528,3241.06703345674
SqueezeV1,G,1,3,9,task,2.8642,3885.60897435897
SqueezeV1,G,1,4,0,in,19.0394,3624.13090418354
SqueezeV1,G,1,4,0,task,0.4319,4313.97202797203
SqueezeV1,G,1,4,1,task,1.01217,3768.60795454545
SqueezeV1,G,1,4,2,task,1.28896,3292.37106643357
SqueezeV1,G,1,4,3,task,1.13607,3506.78482749333
SqueezeV1,G,1,4,4,task,1.12064,3256.74752331002
SqueezeV1,G,1,4,5,task,1.16384,3337.08796105855
SqueezeV1,G,1,4,6,task,1.21467,3346.13782051282
SqueezeV1,G,1,4,7,task,1.09655,3428.11032458806
SqueezeV1,G,1,4,8,task,1.10781,3262.56046037296
SqueezeV1,G,1,4,9,task,2.76363,3920.07449072666
SqueezeV1,G,1,5,0,in,16.0422,3806.94657152802
SqueezeV1,G,1,5,0,task,0.414925,4386.85314685315
SqueezeV1,G,1,5,1,task,1.13835,3818.24956293706
SqueezeV1,G,1,5,2,task,1.38227,3325.57619463869
SqueezeV1,G,1,5,3,task,1.22509,3566.05263157895
SqueezeV1,G,1,5,4,task,1.21692,3308.10897435897
SqueezeV1,G,1,5,5,task,1.23743,3360.40064102564
SqueezeV1,G,1,5,6,task,1.22378,3371.29443473193
SqueezeV1,G,1,5,7,task,1.2133,3484.07940328993
SqueezeV1,G,1,5,8,task,1.29106,3296.54677430413
SqueezeV1,G,1,5,9,task,2.74776,3968.75038005473
SqueezeV1,G,1,6,0,in,14.1601,4022.36451048951
SqueezeV1,G,1,6,0,task,0.407108,4512.11188811189
SqueezeV1,G,1,6,1,task,0.976033,3849.00568181818
SqueezeV1,G,1,6,2,task,1.27476,3382.63257575758
SqueezeV1,G,1,6,3,task,1.23121,3611.40869926295
SqueezeV1,G,1,6,4,task,1.27143,3305.67817599068
SqueezeV1,G,1,6,5,task,1.23728,3437.84746503496
SqueezeV1,G,1,6,6,task,1.19639,3409.77564102564
SqueezeV1,G,1,6,7,task,1.23028,3546.5981521852
SqueezeV1,G,1,6,8,task,1.28663,3294.93006993007
SqueezeV1,G,1,6,9,task,2.69634,4020.23411371238
SqueezeV1,G,1,7,0,in,12.8079,4336.02197802198
SqueezeV1,G,1,7,0,task,0.374821,4699.37762237762
SqueezeV1,G,1,7,1,task,0.8561,3897.25378787879
SqueezeV1,G,1,7,2,task,1.23638,3448.15195221445
SqueezeV1,G,1,7,3,task,1.0715,3642.462523252
SqueezeV1,G,1,7,4,task,0.995459,3410.97683566434
SqueezeV1,G,1,7,5,task,1.13864,3466.07736013986
SqueezeV1,G,1,7,6,task,1.19163,3545.97319347319
SqueezeV1,G,1,7,7,task,1.10422,3651.08374646836
SqueezeV1,G,1,7,8,task,1.21608,3399.0472027972
SqueezeV1,G,1,7,9,task,2.61304,4074.44816053512
SqueezeV1,G,2,0,0,in,55.1162,3367.22197053592
SqueezeV1,G,2,0,0,task,0.818358,4428.81118881119
SqueezeV1,G,2,0,1,task,2.49474,3629.97866839043
SqueezeV1,G,2,0,2,task,2.558,3271.26308985133
SqueezeV1,G,2,0,3,task,2.26651,3461.28353057199
SqueezeV1,G,2,0,4,task,2.24945,3243.65998707175
SqueezeV1,G,2,0,5,task,2.38808,3313.33270650918
SqueezeV1,G,2,0,6,task,2.26523,3312.04005798123
SqueezeV1,G,2,0,7,task,2.24557,3387.20403820201
SqueezeV1,G,2,0,8,task,2.2281,3245.29686000274
SqueezeV1,G,2,0,9,task,3.64887,3890.51978818283
SqueezeV1,G,2,1,0,in,37.4688,3329.98476702509
SqueezeV1,G,2,1,0,task,0.726921,4423.68881118881
SqueezeV1,G,2,1,1,task,1.83065,3623.96201837378
SqueezeV1,G,2,1,2,task,2.18461,3270.24886877828
SqueezeV1,G,2,1,3,task,1.93999,3489.3138170871
SqueezeV1,G,2,1,4,task,1.69024,3261.54188948307
SqueezeV1,G,2,1,5,task,1.74583,3303.75497051968
SqueezeV1,G,2,1,6,task,1.71173,3324.11559029206
SqueezeV1,G,2,1,7,task,1.85369,3422.68286099865
SqueezeV1,G,2,1,8,task,1.73454,3239.30974907445
SqueezeV1,G,2,1,9,task,3.43659,3902.63935340022
SqueezeV1,G,2,2,0,in,27.6433,3433.61333076065
SqueezeV1,G,2,2,0,task,0.516746,4523.07692307692
SqueezeV1,G,2,2,1,task,1.54484,3610.01165501166
SqueezeV1,G,2,2,2,task,1.75009,3289.68600027424
SqueezeV1,G,2,2,3,task,1.64057,3520.4308107547
SqueezeV1,G,2,2,4,task,1.7351,3258.81187440011
SqueezeV1,G,2,2,5,task,1.57217,3344.05611545317
SqueezeV1,G,2,2,6,task,1.51089,3341.37490573152
SqueezeV1,G,2,2,7,task,1.48995,3410.46402989723
SqueezeV1,G,2,2,8,task,1.57337,3230.6743624023
SqueezeV1,G,2,2,9,task,3.09213,3922.67140468227
SqueezeV1,G,2,3,0,in,22.3188,3523.33882783883
SqueezeV1,G,2,3,0,task,0.486967,4526.33566433566
SqueezeV1,G,2,3,1,task,1.34202,3650.22435897436
SqueezeV1,G,2,3,2,task,1.55441,3309.23214040861
SqueezeV1,G,2,3,3,task,1.52839,3547.4937643966
SqueezeV1,G,2,3,4,task,1.45466,3273.84036918963
SqueezeV1,G,2,3,5,task,1.41441,3316.57462635404
SqueezeV1,G,2,3,6,task,1.28899,3358.41838920883
SqueezeV1,G,2,3,7,task,1.37982,3432.30194068251
SqueezeV1,G,2,3,8,task,1.29853,3252.03221410942
SqueezeV1,G,2,3,9,task,2.9377,3939.09002229654
SqueezeV1,G,2,4,0,in,18.8537,3665.73234367971
SqueezeV1,G,2,4,0,task,0.494637,4617
SqueezeV1,G,2,4,1,task,1.19359,3647.51748251748
SqueezeV1,G,2,4,2,task,1.45594,3329.33069381599
SqueezeV1,G,2,4,3,task,1.31816,3555.35191529119
SqueezeV1,G,2,4,4,task,1.34805,3296.26165501165
SqueezeV1,G,2,4,5,task,1.24647,3349.56585081585
SqueezeV1,G,2,4,6,task,1.39428,3368.38068181818
SqueezeV1,G,2,4,7,task,1.29238,3447.89124378193
SqueezeV1,G,2,4,8,task,1.33061,3270.77942890443
SqueezeV1,G,2,4,9,task,2.79067,3958.67284889024
SqueezeV1,G,2,5,0,in,15.9962,3815.62021406196
SqueezeV1,G,2,5,0,task,0.397687,4706.03496503496
SqueezeV1,G,2,5,1,task,1.07389,3718.31220862471
SqueezeV1,G,2,5,2,task,1.3391,3376.16914335664
SqueezeV1,G,2,5,3,task,1.32574,3572.2445647142
SqueezeV1,G,2,5,4,task,1.29062,3330.73010935143
SqueezeV1,G,2,5,5,task,1.26971,3364.55201048951
SqueezeV1,G,2,5,6,task,1.1674,3416.93108974359
SqueezeV1,G,2,5,7,task,1.35403,3530.55743067889
SqueezeV1,G,2,5,8,task,1.24536,3335.96882284382
SqueezeV1,G,2,5,9,task,2.62351,3999.17502787068
SqueezeV1,G,2,6,0,in,14.2305,3996.88782051282
SqueezeV1,G,2,6,0,task,0.378992,4740.29370629371
SqueezeV1,G,2,6,1,task,1.13342,3785.70658508159
SqueezeV1,G,2,6,2,task,1.13773,3381.97552447552
SqueezeV1,G,2,6,3,task,1.229,3676.92600884909
SqueezeV1,G,2,6,4,task,1.27277,3361.36436480186
SqueezeV1,G,2,6,5,task,1.08742,3415.29793123543
SqueezeV1,G,2,6,6,task,1.0078,3427.63694638695
SqueezeV1,G,2,6,7,task,1.16028,3507.68847795164
SqueezeV1,G,2,6,8,task,1.08369,3347.86786130536
SqueezeV1,G,2,6,9,task,2.56681,4063.6150805716
SqueezeV1,G,2,7,0,in,12.7572,4284.05372405372
SqueezeV1,G,2,7,0,task,0.385788,4916.81118881119
SqueezeV1,G,2,7,1,task,1.08025,3800.7247960373
SqueezeV1,G,2,7,2,task,1.25218,3478.06162587413
SqueezeV1,G,2,7,3,task,1.21415,3700.44427797464
SqueezeV1,G,2,7,4,task,1.16372,3414.7668997669
SqueezeV1,G,2,7,5,task,1.14987,3540.57837995338
SqueezeV1,G,2,7,6,task,1.11805,3500.54268648019
SqueezeV1,G,2,7,7,task,1.17988,3641.62216872743
SqueezeV1,G,2,7,8,task,1.12335,3391.47680138489
SqueezeV1,G,2,7,9,task,2.71504,4126.48829431438
SqueezeV1,G,3,0,0,in,54.8515,3440.42474321544
SqueezeV1,G,3,0,0,task,0.955704,5024.40326340326
SqueezeV1,G,3,0,1,task,2.54371,3497.15339562398
SqueezeV1,G,3,0,2,task,2.68739,3383.09515974222
SqueezeV1,G,3,0,3,task,2.77533,3606.75345167653
SqueezeV1,G,3,0,4,task,2.35363,3325.6369121075
SqueezeV1,G,3,0,5,task,2.46009,3391.7606902901
SqueezeV1,G,3,0,6,task,2.2841,3422.23844782668
SqueezeV1,G,3,0,7,task,2.40599,3487.35256410256
SqueezeV1,G,3,0,8,task,2.10866,3304.22322775264
SqueezeV1,G,3,0,9,task,3.40416,4122.16973244147
SqueezeV1,G,3,1,0,in,37.401,3394.9149779432
SqueezeV1,G,3,1,0,task,0.632596,5037.162004662
SqueezeV1,G,3,1,1,task,1.87165,3494.4419306184
SqueezeV1,G,3,1,2,task,1.90537,3418.38338132456
SqueezeV1,G,3,1,3,task,1.99529,3630.93532648189
SqueezeV1,G,3,1,4,task,1.78529,3345.62799945153
SqueezeV1,G,3,1,5,task,1.89543,3408.19347319347
SqueezeV1,G,3,1,6,task,1.71357,3433.13245577951
SqueezeV1,G,3,1,7,task,1.78879,3510.85227862556
SqueezeV1,G,3,1,8,task,1.732,3307.1733168792
SqueezeV1,G,3,1,9,task,2.66525,4127.80923786359
SqueezeV1,G,3,2,0,in,27.5165,3505.35746934225
SqueezeV1,G,3,2,0,task,0.528849,5128.17016317016
SqueezeV1,G,3,2,1,task,1.53825,3530.25161113396
SqueezeV1,G,3,2,2,task,1.6949,3390.33868092692
SqueezeV1,G,3,2,3,task,1.85792,3639.23699781999
SqueezeV1,G,3,2,4,task,1.67175,3350.8734402852
SqueezeV1,G,3,2,5,task,1.59845,3418.04401480872
SqueezeV1,G,3,2,6,task,1.51521,3414.10637769094
SqueezeV1,G,3,2,7,task,1.55351,3532.23917782622
SqueezeV1,G,3,2,8,task,1.50442,3339.68051556287
SqueezeV1,G,3,2,9,task,2.40158,4094.80591871896
SqueezeV1,G,3,3,0,in,22.5365,3602.19963369963
SqueezeV1,G,3,3,0,task,0.505721,5180.97902097902
SqueezeV1,G,3,3,1,task,1.28117,3537.41974324695
SqueezeV1,G,3,3,2,task,1.49494,3374.31899595503
SqueezeV1,G,3,3,3,task,1.53172,3635.17543859649
SqueezeV1,G,3,3,4,task,1.4707,3349.47008261347
SqueezeV1,G,3,3,5,task,1.41318,3418.01933360757
SqueezeV1,G,3,3,6,task,1.43173,3443.93939393939
SqueezeV1,G,3,3,7,task,1.50955,3515.87148344233
SqueezeV1,G,3,3,8,task,1.25807,3346.03656759907
SqueezeV1,G,3,3,9,task,2.34421,4150.5930120604
SqueezeV1,G,3,4,0,in,18.9185,3766.02339181286
SqueezeV1,G,3,4,0,task,0.419038,5184.68531468531
SqueezeV1,G,3,4,1,task,1.25539,3545.25405354449
SqueezeV1,G,3,4,2,task,1.42432,3412.52986596737
SqueezeV1,G,3,4,3,task,1.40808,3666.46371846777
SqueezeV1,G,3,4,4,task,1.28625,3402.16418997669
SqueezeV1,G,3,4,5,task,1.23967,3462.22537878788
SqueezeV1,G,3,4,6,task,1.25548,3454.26063519813
SqueezeV1,G,3,4,7,task,1.29141,3573.18488529015
SqueezeV1,G,3,4,8,task,1.21135,3370.83988927739
SqueezeV1,G,3,4,9,task,2.18044,4140.06232897537
SqueezeV1,G,3,5,0,in,16.0733,3895.11203445875
SqueezeV1,G,3,5,0,task,0.432513,5310.78088578089
SqueezeV1,G,3,5,1,task,1.03763,3555.6402972028
SqueezeV1,G,3,5,2,task,1.29121,3452.08988927739
SqueezeV1,G,3,5,3,task,1.35056,3708.73922973113
SqueezeV1,G,3,5,4,task,1.23754,3420.76413170163
SqueezeV1,G,3,5,5,task,1.24699,3486.99373543124
SqueezeV1,G,3,5,6,task,1.25918,3505.08741258741
SqueezeV1,G,3,5,7,task,1.28141,3612.8173985259
SqueezeV1,G,3,5,8,task,1.21342,3384.24315268065
SqueezeV1,G,3,5,9,task,2.08218,4198.61064659978
SqueezeV1,G,3,6,0,in,14.1609,4137.37529137529
SqueezeV1,G,3,6,0,task,0.396259,5368.88111888112
SqueezeV1,G,3,6,1,task,1.01313,3621.31701631702
SqueezeV1,G,3,6,2,task,1.23961,3486.26611133964
SqueezeV1,G,3,6,3,task,1.24034,3732.21158405369
SqueezeV1,G,3,6,4,task,1.236,3470.23455710956
SqueezeV1,G,3,6,5,task,1.187,3524.86232517482
SqueezeV1,G,3,6,6,task,1.07441,3575.40938228438
SqueezeV1,G,3,6,7,task,1.17081,3662.50117136757
SqueezeV1,G,3,6,8,task,1.08485,3417.0032051282
SqueezeV1,G,3,6,9,task,2.06541,4211.71632715111
SqueezeV1,G,3,7,0,in,12.8001,4356.11355311355
SqueezeV1,G,3,7,0,task,0.36925,5528.30769230769
SqueezeV1,G,3,7,1,task,1.10358,3669.50029137529
SqueezeV1,G,3,7,2,task,1.15809,3572.40748834499
SqueezeV1,G,3,7,3,task,1.21077,3780.33865849655
SqueezeV1,G,3,7,4,task,1.12061,3563.72741841492
SqueezeV1,G,3,7,5,task,1.1776,3553.36281365693
SqueezeV1,G,3,7,6,task,1.22818,3651.68706293706
SqueezeV1,G,3,7,7,task,1.2028,3692.5533428165
SqueezeV1,G,3,7,8,task,1.13467,3520.05317599068
SqueezeV1,G,3,7,9,task,2.09446,4295.2371541502
SqueezeV1,G,4,0,0,in,54.8804,3595.90765823324
SqueezeV1,G,4,0,0,task,0.827167,6098.55477855478
SqueezeV1,G,4,0,1,task,2.37828,3659.20814479638
SqueezeV1,G,4,0,2,task,2.55634,3550.73916279799
SqueezeV1,G,4,0,3,task,2.40829,3848.53007889546
SqueezeV1,G,4,0,4,task,2.09635,3533.48290924762
SqueezeV1,G,4,0,5,task,2.21051,3615.40861099685
SqueezeV1,G,4,0,6,task,2.19747,3639.18890913009
SqueezeV1,G,4,0,7,task,2.64095,3753.5830206379
SqueezeV1,G,4,0,8,task,2.2666,3517.53709036062
SqueezeV1,G,4,0,9,task,3.40935,4515.96153846154
SqueezeV1,G,4,1,0,in,37.4691,3558.36119727047
SqueezeV1,G,4,1,0,task,0.677484,6280.64685314685
SqueezeV1,G,4,1,1,task,2.01031,3701.40477169889
SqueezeV1,G,4,1,2,task,2.28282,3564.69606863724
SqueezeV1,G,4,1,3,task,2.111,3868.76725838264
SqueezeV1,G,4,1,4,task,1.75003,3541.82075277664
SqueezeV1,G,4,1,5,task,1.84456,3640.48059783354
SqueezeV1,G,4,1,6,task,1.6368,3661.33347045112
SqueezeV1,G,4,1,7,task,1.8097,3783.82539188207
SqueezeV1,G,4,1,8,task,1.71617,3492.62100644454
SqueezeV1,G,4,1,9,task,2.77614,4499.20289855072
SqueezeV1,G,4,2,0,in,27.6219,3653.82564102564
SqueezeV1,G,4,2,0,task,0.5537,6296.78321678322
SqueezeV1,G,4,2,1,task,1.56438,3672.56615933086
SqueezeV1,G,4,2,2,task,1.82697,3608.2894556424
SqueezeV1,G,4,2,3,task,1.70476,3824.3397695422
SqueezeV1,G,4,2,4,task,1.66603,3558.40720553956
SqueezeV1,G,4,2,5,task,1.57471,3602.83889517345
SqueezeV1,G,4,2,6,task,1.44092,3656.95560689311
SqueezeV1,G,4,2,7,task,1.61685,3725.45468701339
SqueezeV1,G,4,2,8,task,1.47703,3509.89510489511
SqueezeV1,G,4,2,9,task,2.51175,4549.09698996656
SqueezeV1,G,4,3,0,in,22.44,3760.74002313476
SqueezeV1,G,4,3,0,task,0.496446,6301.38344988345
SqueezeV1,G,4,3,1,task,1.43999,3700.58617852735
SqueezeV1,G,4,3,2,task,1.69473,3608.71683463595
SqueezeV1,G,4,3,3,task,1.73787,3889.20793107028
SqueezeV1,G,4,3,4,task,1.55753,3555.70821335527
SqueezeV1,G,4,3,5,task,1.59028,3643.63289284245
SqueezeV1,G,4,3,6,task,1.51778,3693.69973776224
SqueezeV1,G,4,3,7,task,1.60834,3769.76175646216
SqueezeV1,G,4,3,8,task,1.58174,3524.7992509941
SqueezeV1,G,4,3,9,task,2.4596,4545.81939799331
SqueezeV1,G,4,4,0,in,18.9112,3910.7705802969
SqueezeV1,G,4,4,0,task,0.4298,6354.32867132867
SqueezeV1,G,4,4,1,task,1.30442,3755.04006410256
SqueezeV1,G,4,4,2,task,1.4196,3590.35256410256
SqueezeV1,G,4,4,3,task,1.58877,3868.01515623378
SqueezeV1,G,4,4,4,task,1.453,3598.97213081037
SqueezeV1,G,4,4,5,task,1.39942,3686.06497668998
SqueezeV1,G,4,4,6,task,1.23182,3688.1862745098
SqueezeV1,G,4,4,7,task,1.36739,3817.23708760146
SqueezeV1,G,4,4,8,task,1.27333,3545.04880536131
SqueezeV1,G,4,4,9,task,2.32508,4558.5618729097
SqueezeV1,G,4,5,0,in,16.004,4063.96623738253
SqueezeV1,G,4,5,0,task,0.416558,6485.7972027972
SqueezeV1,G,4,5,1,task,1.09696,3782.74256993007
SqueezeV1,G,4,5,2,task,1.24632,3635.03496503496
SqueezeV1,G,4,5,3,task,1.45583,3974.64964185612
SqueezeV1,G,4,5,4,task,1.21552,3598.86290792541
SqueezeV1,G,4,5,5,task,1.27683,3689.05975764432
SqueezeV1,G,4,5,6,task,1.3456,3709.28103146853
SqueezeV1,G,4,5,7,task,1.39224,3876.6993667601
SqueezeV1,G,4,5,8,task,1.25892,3593.36028554779
SqueezeV1,G,4,5,9,task,2.17983,4616.57646701125
SqueezeV1,G,4,6,0,in,14.1554,4236.85789210789
SqueezeV1,G,4,6,0,task,0.411513,6583.46270396271
SqueezeV1,G,4,6,1,task,1.13791,3810.89087995338
SqueezeV1,G,4,6,2,task,1.25446,3697.90938228438
SqueezeV1,G,4,6,3,task,1.41665,4014.86452818437
SqueezeV1,G,4,6,4,task,1.36456,3639.30725524476
SqueezeV1,G,4,6,5,task,1.29666,3760.0743006993
SqueezeV1,G,4,6,6,task,1.1447,3710.06337412587
SqueezeV1,G,4,6,7,task,1.37428,3885.18011003841
SqueezeV1,G,4,6,8,task,1.37401,3630.20032051282
SqueezeV1,G,4,6,9,task,2.1387,4678.67132867133
SqueezeV1,G,4,7,0,in,12.7108,4467.0695970696
SqueezeV1,G,4,7,0,task,0.361375,6707.00699300699
SqueezeV1,G,4,7,1,task,1.06896,3854.81497668998
SqueezeV1,G,4,7,2,task,1.23203,3743.65093240093
SqueezeV1,G,4,7,3,task,1.34353,4100.64185331392
SqueezeV1,G,4,7,4,task,1.18778,3689.31818181818
SqueezeV1,G,4,7,5,task,1.16171,3831.25946969697
SqueezeV1,G,4,7,6,task,1.11294,3776.92744755245
SqueezeV1,G,4,7,7,task,1.21832,3997.63209799647
SqueezeV1,G,4,7,8,task,1.1704,3658.40107808858
SqueezeV1,G,4,7,9,task,2.06987,4789.61538461538
SqueezeV1,G,0,0,9,out,1.54473,
SqueezeV1,G,0,1,9,out,0.939575,
SqueezeV1,G,0,2,9,out,0.754454,
SqueezeV1,G,0,3,9,out,0.652342,
SqueezeV1,G,0,4,9,out,0.560409,
SqueezeV1,G,0,5,9,out,0.515258,
SqueezeV1,G,0,6,9,out,0.52535,
SqueezeV1,G,0,7,9,out,0.421662,
SqueezeV1,G,1,0,9,out,1.56383,
SqueezeV1,G,1,1,9,out,0.923825,
SqueezeV1,G,1,2,9,out,0.802958,
SqueezeV1,G,1,3,9,out,0.590421,
SqueezeV1,G,1,4,9,out,0.630875,
SqueezeV1,G,1,5,9,out,0.506479,
SqueezeV1,G,1,6,9,out,0.462642,
SqueezeV1,G,1,7,9,out,0.490117,
SqueezeV1,G,2,0,9,out,1.35065,
SqueezeV1,G,2,1,9,out,0.9065,
SqueezeV1,G,2,2,9,out,0.850208,
SqueezeV1,G,2,3,9,out,0.637729,
SqueezeV1,G,2,4,9,out,0.586804,
SqueezeV1,G,2,5,9,out,0.539934,
SqueezeV1,G,2,6,9,out,0.584967,
SqueezeV1,G,2,7,9,out,0.476,
SqueezeV1,G,3,0,9,out,1.40671,
SqueezeV1,G,3,1,9,out,1.02253,
SqueezeV1,G,3,2,9,out,0.757633,
SqueezeV1,G,3,3,9,out,0.636883,
SqueezeV1,G,3,4,9,out,0.604712,
SqueezeV1,G,3,5,9,out,0.586629,
SqueezeV1,G,3,6,9,out,0.588613,
SqueezeV1,G,3,7,9,out,0.581904,
SqueezeV1,G,4,0,9,out,1.38755,
SqueezeV1,G,4,1,9,out,1.068,
SqueezeV1,G,4,2,9,out,0.723159,
SqueezeV1,G,4,3,9,out,0.707292,
SqueezeV1,G,4,4,9,out,0.570442,
SqueezeV1,G,4,5,9,out,0.607279,
SqueezeV1,G,4,6,9,out,0.525262,
SqueezeV1,G,4,7,9,out,0.546496,
SqueezeV1,L,0,-1,0,in,120.559,3101.02707081226
SqueezeV1,L,0,-1,0,task,162.674,3446.96057054434
SqueezeV1,L,0,-1,1,task,28.5035,3167.25451074908
SqueezeV1,L,0,-1,2,task,29.5289,3172.8743055438
SqueezeV1,L,0,-1,3,task,73.9993,3228.15929247158
SqueezeV1,L,0,-1,4,task,21.8859,3122.77966687401
SqueezeV1,L,0,-1,5,task,36.6909,3170.2163884623
SqueezeV1,L,0,-1,6,task,39.6417,3181.31519315895
SqueezeV1,L,0,-1,7,task,62.2847,3191.62236605386
SqueezeV1,L,0,-1,8,task,21.4851,3122.07934054536
SqueezeV1,L,0,-1,9,task,68.5844,3184.61273665494
SqueezeV1,L,1,-1,0,in,81.8693,3062.37160409035
SqueezeV1,L,1,-1,0,task,115.662,3413.37392217234
SqueezeV1,L,1,-1,1,task,21.6421,3137.58806907378
SqueezeV1,L,1,-1,2,task,22.049,3157.92496075353
SqueezeV1,L,1,-1,3,task,56.7054,3294.14041395151
SqueezeV1,L,1,-1,4,task,16.7297,3111.7073835559
SqueezeV1,L,1,-1,5,task,27.0243,3136.73686551045
SqueezeV1,L,1,-1,6,task,28.9571,3141.94774669775
SqueezeV1,L,1,-1,7,task,44.9594,3169.89230388772
SqueezeV1,L,1,-1,8,task,15.2199,3084.88145670754
SqueezeV1,L,1,-1,9,task,47.6334,3173.9466454598
SqueezeV1,L,2,-1,0,in,60.2416,3107.70520050125
SqueezeV1,L,2,-1,0,task,89.2884,3514.66223962009
SqueezeV1,L,2,-1,1,task,20.1608,3167.54345641694
SqueezeV1,L,2,-1,2,task,20.5331,3169.00387231816
SqueezeV1,L,2,-1,3,task,49.0245,3267.26287699712
SqueezeV1,L,2,-1,4,task,16.1416,3118.67510298315
SqueezeV1,L,2,-1,5,task,24.2528,3172.80190277294
SqueezeV1,L,2,-1,6,task,27.4587,3184.30931002556
SqueezeV1,L,2,-1,7,task,39.5056,3205.44809931705
SqueezeV1,L,2,-1,8,task,14.7617,3121.81137461572
SqueezeV1,L,2,-1,9,task,44.9783,3195.57661276529
SqueezeV1,L,3,-1,0,in,48.859,3169.39386223533
SqueezeV1,L,3,-1,0,task,86.2092,3592.94114943763
SqueezeV1,L,3,-1,1,task,18.815,3171.22238134206
SqueezeV1,L,3,-1,2,task,19.3375,3190.52206848369
SqueezeV1,L,3,-1,3,task,46.8934,3286.47670062054
SqueezeV1,L,3,-1,4,task,15.1024,3125.24679909462
SqueezeV1,L,3,-1,5,task,22.7866,3171.62514852095
SqueezeV1,L,3,-1,6,task,25.4147,3181.32624390607
SqueezeV1,L,3,-1,7,task,38.305,3220.74387932816
SqueezeV1,L,3,-1,8,task,14.3794,3109.88578363553
SqueezeV1,L,3,-1,9,task,44.5274,3217.19396257132
SqueezeV1,L,4,-1,0,in,41.0332,3226.52462121212
SqueezeV1,L,4,-1,0,task,86.1032,3631.76977105423
SqueezeV1,L,4,-1,1,task,18.5744,3188.38927738928
SqueezeV1,L,4,-1,2,task,19.0371,3201.49694267086
SqueezeV1,L,4,-1,3,task,46.2779,3306.51687460788
SqueezeV1,L,4,-1,4,task,14.9049,3156.95094846541
SqueezeV1,L,4,-1,5,task,22.4348,3207.07623223985
SqueezeV1,L,4,-1,6,task,26.512,3201.67942589991
SqueezeV1,L,4,-1,7,task,37.9585,3242.12080034661
SqueezeV1,L,4,-1,8,task,14.3412,3118.47182312866
SqueezeV1,L,4,-1,9,task,44.6295,3244.14686158487
SqueezeV1,L,5,-1,0,in,34.8408,3326.1470394229
SqueezeV1,L,5,-1,0,task,85.8282,3676.34658873465
SqueezeV1,L,5,-1,1,task,18.0943,3229.57614607615
SqueezeV1,L,5,-1,2,task,18.8134,3229.30108780109
SqueezeV1,L,5,-1,3,task,45.8012,3349.66200377221
SqueezeV1,L,5,-1,4,task,15.7498,3155.51111679019
SqueezeV1,L,5,-1,5,task,23.1937,3243.51302509547
SqueezeV1,L,5,-1,6,task,25.9606,3225.76126373626
SqueezeV1,L,5,-1,7,task,38.7396,3277.16163372917
SqueezeV1,L,5,-1,8,task,14.6422,3146.18530269126
SqueezeV1,L,5,-1,9,task,44.4016,3274.97948717949
SqueezeV1,L,0,-1,9,out,0.883925,
SqueezeV1,L,1,-1,9,out,0.627288,
SqueezeV1,L,2,-1,9,out,0.497525,
SqueezeV1,L,3,-1,9,out,0.413233,
SqueezeV1,L,4,-1,9,out,0.366596,
SqueezeV1,L,5,-1,9,out,0.333229,
YOLOv3,B,0,-1,0,in,440.37,3371.04719788839
YOLOv3,B,0,-1,0,task,374.621,4080.6690620973
YOLOv3,B,0,-1,1,task,754.808,3602.75277726561
YOLOv3,B,0,-1,2,task,127.381,3662.48811621634
YOLOv3,B,0,-1,3,task,475.491,3765.43199493497
YOLOv3,B,0,-1,4,task,703.011,3536.72726488465
YOLOv3,B,0,-1,5,task,97.0585,3533.18052515359
YOLOv3,B,0,-1,6,task,327.642,3666.21501512704
YOLOv3,B,0,-1,7,task,107.866,3511.24478871538
YOLOv3,B,0,-1,8,task,327.691,3668.12622078956
YOLOv3,B,0,-1,9,task,756.238,3505.04484717786
YOLOv3,B,0,-1,10,task,80.9044,3532.03715542004
YOLOv3,B,0,-1,11,task,248.714,3561.4884832625
YOLOv3,B,0,-1,12,task,82.1788,3523.08809583955
YOLOv3,B,0,-1,13,task,249.031,3561.41338653161
YOLOv3,B,0,-1,14,task,87.361,3523.47645148578
YOLOv3,B,0,-1,15,task,250.912,3559.27945321079
YOLOv3,B,0,-1,16,task,79.6694,3521.79087140598
YOLOv3,B,0,-1,17,task,248.381,3563.60249395094
YOLOv3,B,0,-1,18,task,86.4434,3517.06831023522
YOLOv3,B,0,-1,19,task,253.161,3560.07323295985
YOLOv3,B,0,-1,20,task,86.6393,3502.53544830443
YOLOv3,B,0,-1,21,task,248.118,3560.06240819837
YOLOv3,B,0,-1,22,task,80.4056,3525.01317196665
YOLOv3,B,0,-1,23,task,247.99,3562.45181785683
YOLOv3,B,0,-1,24,task,81.6374,3532.68628961094
YOLOv3,B,0,-1,25,task,248.497,3561.42942983728
YOLOv3,B,0,-1,26,task,586.107,4008.47738866222
YOLOv3,B,0,-1,27,task,84.5726,3485.58274081475
YOLOv3,B,0,-1,28,task,245.817,3504.91033754665
YOLOv3,B,0,-1,29,task,85.6916,3476.48230505754
YOLOv3,B,0,-1,30,task,240.388,3505.87850634955
YOLOv3,B,0,-1,31,task,100.021,3433.87403473491
YOLOv3,B,0,-1,32,task,240.959,3507.25256735942
YOLOv3,B,0,-1,33,task,111.126,3453.40096425902
YOLOv3,B,0,-1,34,task,258.25,3501.73398410304
YOLOv3,B,0,-1,35,task,82.3164,3511.3115103522
YOLOv3,B,0,-1,36,task,261.38,3494.08821657806
YOLOv3,B,0,-1,37,task,81.0456,3496.12575842097
YOLOv3,B,0,-1,38,task,243.165,3507.79387856289
YOLOv3,B,0,-1,39,task,107.685,3419.36187218265
YOLOv3,B,0,-1,40,task,243.115,3496.77003017127
YOLOv3,B,0,-1,41,task,102.026,3422.84202377938
YOLOv3,B,0,-1,42,task,244.114,3503.14141453726
YOLOv3,B,0,-1,43,task,587.877,3998.56248506468
YOLOv3,B,0,-1,44,task,72.697,3684.65110029287
YOLOv3,B,0,-1,45,task,293.486,3478.00662439472
YOLOv3,B,0,-1,46,task,69.4145,3722.95156423627
YOLOv3,B,0,-1,47,task,345.766,3431.15988136657
YOLOv3,B,0,-1,48,task,69.6392,3705.70922382916
YOLOv3,B,0,-1,49,task,293.728,3476.93132295682
YOLOv3,B,0,-1,50,task,69.5114,3737.49825976611
YOLOv3,B,0,-1,51,task,320.039,3458.63506305238
YOLOv3,B,0,-1,52,task,69.0938,3727.72676884519
YOLOv3,B,0,-1,53,task,295.577,3464.75570376317
YOLOv3,B,0,-1,54,task,75.1689,3691.01330762935
YOLOv3,B,0,-1,55,task,292.225,3487.43565463829
YOLOv3,B,0,-1,56,task,68.9529,3718.14423838446
YOLOv3,B,0,-1,57,task,294.584,3476.87942704885
YOLOv3,B,0,-1,58,task,61.3225,3274.09797225267
YOLOv3,B,0,-1,59,task,38.2442,3273.96405013374
YOLOv3,B,0,-1,60,task,214.889,3391.40435438059
YOLOv3,B,0,-1,61,task,239.742,3519.44025011665
YOLOv3,B,0,-1,62,task,84.4203,3503.6762507664
YOLOv3,B,0,-1,63,task,237.461,3504.73531414194
YOLOv3,B,0,-1,64,task,101.996,3451.05366580926
YOLOv3,B,0,-1,65,task,235.175,3506.59598321261
YOLOv3,B,0,-1,66,task,149.917,3369.45694576754
YOLOv3,B,0,-1,67,task,37.8495,3389.90301313248
YOLOv3,B,0,-1,68,task,134.778,3519.19287433644
YOLOv3,B,0,-1,69,task,238.904,3556.13791440146
YOLOv3,B,0,-1,70,task,85.2337,3522.05640160686
YOLOv3,B,0,-1,71,task,251.448,3545.90824901494
YOLOv3,B,0,-1,72,task,98.2957,3511.71159146461
YOLOv3,B,0,-1,73,task,243.719,3562.65207362579
YOLOv3,B,0,-1,74,task,373.317,3485.30437755729
YOLOv3,B,1,-1,0,in,298.044,3323.51315198886
YOLOv3,B,1,-1,0,task,260.379,4085.77979469254
YOLOv3,B,1,-1,1,task,520.447,3823.23256280039
YOLOv3,B,1,-1,2,task,84.5815,3879.86035502959
YOLOv3,B,1,-1,3,task,330.11,4039.88507271797
YOLOv3,B,1,-1,4,task,477.242,3778.11190418077
YOLOv3,B,1,-1,5,task,67.05,3726.11017686018
YOLOv3,B,1,-1,6,task,231.871,3895.23869066433
YOLOv3,B,1,-1,7,task,65.3701,3734.34961614207
YOLOv3,B,1,-1,8,task,229.631,3904.65315941995
YOLOv3,B,1,-1,9,task,522.576,3720.44121358853
YOLOv3,B,1,-1,10,task,54.7456,3684.53639792215
YOLOv3,B,1,-1,11,task,173.035,3761.61832040005
YOLOv3,B,1,-1,12,task,54.4583,3682.99758058777
YOLOv3,B,1,-1,13,task,179.763,3766.50760203426
YOLOv3,B,1,-1,14,task,59.5457,3667.7837746115
YOLOv3,B,1,-1,15,task,176.984,3761.52518923478
YOLOv3,B,1,-1,16,task,60.1129,3685.36148180442
YOLOv3,B,1,-1,17,task,172.982,3764.86273971569
YOLOv3,B,1,-1,18,task,59.5351,3669.27957481386
YOLOv3,B,1,-1,19,task,172.452,3744.95673814713
YOLOv3,B,1,-1,20,task,54.7087,3693.33558670746
YOLOv3,B,1,-1,21,task,175.429,3769.84976891533
YOLOv3,B,1,-1,22,task,55.6617,3694.02899374202
YOLOv3,B,1,-1,23,task,186.698,3748.82806417689
YOLOv3,B,1,-1,24,task,55.0848,3692.90016366612
YOLOv3,B,1,-1,25,task,171.989,3750.1719511772
YOLOv3,B,1,-1,26,task,398.731,4393.89927181816
YOLOv3,B,1,-1,27,task,57.7113,3645.12493458922
YOLOv3,B,1,-1,28,task,173.945,3680.34766675915
YOLOv3,B,1,-1,29,task,58.8018,3646.63445712474
YOLOv3,B,1,-1,30,task,172.423,3672.48013429873
YOLOv3,B,1,-1,31,task,70.3821,3592.02652026336
YOLOv3,B,1,-1,32,task,174.116,3675.78439896418
YOLOv3,B,1,-1,33,task,76.7556,3596.09516120402
YOLOv3,B,1,-1,34,task,187.748,3664.05862047595
YOLOv3,B,1,-1,35,task,56.9692,3665.79120294599
YOLOv3,B,1,-1,36,task,172.885,3680.51025410181
YOLOv3,B,1,-1,37,task,54.5276,3672.35963851135
YOLOv3,B,1,-1,38,task,172.269,3674.81438709807
YOLOv3,B,1,-1,39,task,68.7545,3584.76555023923
YOLOv3,B,1,-1,40,task,175.754,3684.32113934089
YOLOv3,B,1,-1,41,task,73.4727,3584.9708318785
YOLOv3,B,1,-1,42,task,174.73,3677.18357736506
YOLOv3,B,1,-1,43,task,402.153,4419.60940968639
YOLOv3,B,1,-1,44,task,46.8849,3915.50388635755
YOLOv3,B,1,-1,45,task,212.998,3657.35488566788
YOLOv3,B,1,-1,46,task,47.6106,3973.77068053897
YOLOv3,B,1,-1,47,task,212.286,3654.86550959555
YOLOv3,B,1,-1,48,task,47.1797,3942.67720896989
YOLOv3,B,1,-1,49,task,209.512,3655.36020411917
YOLOv3,B,1,-1,50,task,47.0575,3941.49781113196
YOLOv3,B,1,-1,51,task,212.855,3636.12206710837
YOLOv3,B,1,-1,52,task,52.3235,3942.3132159463
YOLOv3,B,1,-1,53,task,209.398,3669.36746008175
YOLOv3,B,1,-1,54,task,52.1622,3963.92945738707
YOLOv3,B,1,-1,55,task,208.082,3669.38212358761
YOLOv3,B,1,-1,56,task,46.9378,3920.59054766372
YOLOv3,B,1,-1,57,task,209.88,3662.89200463372
YOLOv3,B,1,-1,58,task,43.4154,3334.70582294523
YOLOv3,B,1,-1,59,task,25.2085,3326.91307704466
YOLOv3,B,1,-1,60,task,111.308,3615.8325662941
YOLOv3,B,1,-1,61,task,184.88,3676.06873151719
YOLOv3,B,1,-1,62,task,59.5707,3620.61960419144
YOLOv3,B,1,-1,63,task,168.893,3693.52047526741
YOLOv3,B,1,-1,64,task,69.0454,3574.0572369252
YOLOv3,B,1,-1,65,task,170.317,3688.14686488647
YOLOv3,B,1,-1,66,task,108.822,3469.39465952508
YOLOv3,B,1,-1,67,task,25.7678,3402.37427270608
YOLOv3,B,1,-1,68,task,84.5905,3710.06123230004
YOLOv3,B,1,-1,69,task,179.316,3746.63032583325
YOLOv3,B,1,-1,70,task,54.7859,3688.04241087312
YOLOv3,B,1,-1,71,task,165.737,3776.06038977488
YOLOv3,B,1,-1,72,task,67.2,3671.68324268324
YOLOv3,B,1,-1,73,task,169.631,3775.28278315708
YOLOv3,B,1,-1,74,task,252.13,3655.38007655896
YOLOv3,B,2,-1,0,in,219.3,3475.85781607826
YOLOv3,B,2,-1,0,task,198.895,4464.38662791819
YOLOv3,B,2,-1,1,task,385.291,4192.64962088747
YOLOv3,B,2,-1,2,task,63.5607,4115.61264932455
YOLOv3,B,2,-1,3,task,256.556,4352.30136407032
YOLOv3,B,2,-1,4,task,357.949,4094.96546334616
YOLOv3,B,2,-1,5,task,51.543,3919.77130344738
YOLOv3,B,2,-1,6,task,179.373,4169.39668909714
YOLOv3,B,2,-1,7,task,56.0402,3899.19317116992
YOLOv3,B,2,-1,8,task,179.259,4171.99727459632
YOLOv3,B,2,-1,9,task,418.558,3985.84508539206
YOLOv3,B,2,-1,10,task,44.8586,3888.2978461969
YOLOv3,B,2,-1,11,task,136.111,3993.82125255248
YOLOv3,B,2,-1,12,task,45.9215,3897.72312573624
YOLOv3,B,2,-1,13,task,133.022,4009.95817689976
YOLOv3,B,2,-1,14,task,44.9489,3899.01334241285
YOLOv3,B,2,-1,15,task,133.552,4004.67936689686
YOLOv3,B,2,-1,16,task,41.1518,3898.95393369078
YOLOv3,B,2,-1,17,task,132.523,4025.68224750692
YOLOv3,B,2,-1,18,task,41.344,3889.09125724915
YOLOv3,B,2,-1,19,task,132.89,4018.45321369042
YOLOv3,B,2,-1,20,task,41.1163,3908.35378667362
YOLOv3,B,2,-1,21,task,134.047,4013.68376413011
YOLOv3,B,2,-1,22,task,41.7096,3908.38508042455
YOLOv3,B,2,-1,23,task,134.053,4002.77068266291
YOLOv3,B,2,-1,24,task,41.5369,3897.10605646132
YOLOv3,B,2,-1,25,task,131.872,4013.27345877689
YOLOv3,B,2,-1,26,task,294.751,4838.52613984049
YOLOv3,B,2,-1,27,task,43.7401,3870.5628146864
YOLOv3,B,2,-1,28,task,147.923,3864.21551424599
YOLOv3,B,2,-1,29,task,40.7174,3882.71966298282
YOLOv3,B,2,-1,30,task,135.727,3892.54364148994
YOLOv3,B,2,-1,31,task,51.5587,3778.43628593629
YOLOv3,B,2,-1,32,task,136.508,3884.43282100495
YOLOv3,B,2,-1,33,task,56.1757,3777.81612015144
YOLOv3,B,2,-1,34,task,136.771,3889.93017251141
YOLOv3,B,2,-1,35,task,45.3589,3846.81970243417
YOLOv3,B,2,-1,36,task,135.032,3883.070231051
YOLOv3,B,2,-1,37,task,41.7043,3897.50201502626
YOLOv3,B,2,-1,38,task,136.77,3896.91799422932
YOLOv3,B,2,-1,39,task,51.9943,3767.49723826898
YOLOv3,B,2,-1,40,task,135.46,3892.12813468583
YOLOv3,B,2,-1,41,task,53.36,3807.72054998142
YOLOv3,B,2,-1,42,task,136.343,3889.24633699634
YOLOv3,B,2,-1,43,task,301.398,4816.26468024028
YOLOv3,B,2,-1,44,task,41.8608,4148.3467638445
YOLOv3,B,2,-1,45,task,163.072,3880.11602112701
YOLOv3,B,2,-1,46,task,38.0852,4201.0443042796
YOLOv3,B,2,-1,47,task,164.84,3868.82443310275
YOLOv3,B,2,-1,48,task,41.2973,4155.48890107714
YOLOv3,B,2,-1,49,task,163.424,3881.38522063283
YOLOv3,B,2,-1,50,task,35.0561,4188.82196779256
YOLOv3,B,2,-1,51,task,164.49,3872.89461880157
YOLOv3,B,2,-1,52,task,34.9109,4219.81077745784
YOLOv3,B,2,-1,53,task,163.569,3905.97191509293
YOLOv3,B,2,-1,54,task,34.7643,4205.93788564377
YOLOv3,B,2,-1,55,task,163.797,3909.96530145864
YOLOv3,B,2,-1,56,task,41.1135,4172.94407117937
YOLOv3,B,2,-1,57,task,163.319,3903.96328450205
YOLOv3,B,2,-1,58,task,30.9855,3383.18639572
YOLOv3,B,2,-1,59,task,17.3122,3343.19347319347
YOLOv3,B,2,-1,60,task,82.3076,3822.86784382013
YOLOv3,B,2,-1,61,task,134.434,3915.94881204479
YOLOv3,B,2,-1,62,task,40.9925,3892.17583980742
YOLOv3,B,2,-1,63,task,132.904,3919.24738869378
YOLOv3,B,2,-1,64,task,52.6017,3783.48425225715
YOLOv3,B,2,-1,65,task,143.497,3886.23488495222
YOLOv3,B,2,-1,66,task,78.9847,3580.28396956927
YOLOv3,B,2,-1,67,task,18.9699,3501.56823568588
YOLOv3,B,2,-1,68,task,63.0302,3952.92899408284
YOLOv3,B,2,-1,69,task,128.895,4031.71644025563
YOLOv3,B,2,-1,70,task,45.4605,3886.98877164072
YOLOv3,B,2,-1,71,task,128.956,4029.75461738145
YOLOv3,B,2,-1,72,task,50.3918,3877.61226757738
YOLOv3,B,2,-1,73,task,128.793,4027.62361407932
YOLOv3,B,2,-1,74,task,183.16,3869.90746441755
YOLOv3,B,3,-1,0,in,177.382,3648.72425388819
YOLOv3,B,3,-1,0,task,167.686,4764.59286047476
YOLOv3,B,3,-1,1,task,315.868,4461.0857903117
YOLOv3,B,3,-1,2,task,54.0807,4318.40816907422
YOLOv3,B,3,-1,3,task,224.829,4576.08860971156
YOLOv3,B,3,-1,4,task,289.45,4346.96946738201
YOLOv3,B,3,-1,5,task,43.1366,4102.28676135088
YOLOv3,B,3,-1,6,task,153.813,4382.9657541748
YOLOv3,B,3,-1,7,task,41.0285,4117.37608053398
YOLOv3,B,3,-1,8,task,159.119,4373.05871324693
YOLOv3,B,3,-1,9,task,315.634,4259.64083823984
YOLOv3,B,3,-1,10,task,38.0157,4066.1459777886
YOLOv3,B,3,-1,11,task,112.867,4207.81999604911
YOLOv3,B,3,-1,12,task,34.8716,4078.07183528546
YOLOv3,B,3,-1,13,task,111.792,4213.44849531097
YOLOv3,B,3,-1,14,task,34.2451,4044.02989167695
YOLOv3,B,3,-1,15,task,112.457,4202.35058601497
YOLOv3,B,3,-1,16,task,34.1428,4094.75935828877
YOLOv3,B,3,-1,17,task,119.102,4184.11852753988
YOLOv3,B,3,-1,18,task,34.1144,4053.24077882901
YOLOv3,B,3,-1,19,task,110.956,4211.8292311621
YOLOv3,B,3,-1,20,task,35.0907,4082.38111888112
YOLOv3,B,3,-1,21,task,112.026,4199.92588614403
YOLOv3,B,3,-1,22,task,34.9977,4097.51917690153
YOLOv3,B,3,-1,23,task,118.273,4158.55606970721
YOLOv3,B,3,-1,24,task,34.7161,4044.22377622378
YOLOv3,B,3,-1,25,task,111.161,4212.2092729368
YOLOv3,B,3,-1,26,task,264.129,5070.60902453438
YOLOv3,B,3,-1,27,task,35.4399,4016.52216628687
YOLOv3,B,3,-1,28,task,117.099,4077.49058240731
YOLOv3,B,3,-1,29,task,33.6579,4024.05885780886
YOLOv3,B,3,-1,30,task,115.949,4080.30274909037
YOLOv3,B,3,-1,31,task,42.7902,3948.93854458632
YOLOv3,B,3,-1,32,task,118.359,4075.20585161252
YOLOv3,B,3,-1,33,task,42.7686,3959.72290057298
YOLOv3,B,3,-1,34,task,116.184,4090.04116285053
YOLOv3,B,3,-1,35,task,34.6078,4032.3440285205
YOLOv3,B,3,-1,36,task,116.032,4070.35988645439
YOLOv3,B,3,-1,37,task,34.8287,4026.17068906703
YOLOv3,B,3,-1,38,task,117.753,4059.47977218446
YOLOv3,B,3,-1,39,task,42.6726,3965.56472542303
YOLOv3,B,3,-1,40,task,118.103,4055.07919204728
YOLOv3,B,3,-1,41,task,43.7918,3962.67455621302
YOLOv3,B,3,-1,42,task,116.697,4079.23501654451
YOLOv3,B,3,-1,43,task,251.038,5211.77592984879
YOLOv3,B,3,-1,44,task,28.334,4384.72695623342
YOLOv3,B,3,-1,45,task,136.757,4076.12041237025
YOLOv3,B,3,-1,46,task,31.4377,4435.20074454088
YOLOv3,B,3,-1,47,task,139.61,4062.08449783396
YOLOv3,B,3,-1,48,task,28.7297,4410.37733506406
YOLOv3,B,3,-1,49,task,138.56,4067.22304748491
YOLOv3,B,3,-1,50,task,31.4555,4454.3768115942
YOLOv3,B,3,-1,51,task,139.102,4058.38538265873
YOLOv3,B,3,-1,52,task,29.2801,4447.63721264368
YOLOv3,B,3,-1,53,task,138.897,4106.18394011159
YOLOv3,B,3,-1,54,task,28.711,4455.3483642794
YOLOv3,B,3,-1,55,task,135.846,4121.95840276335
YOLOv3,B,3,-1,56,task,28.783,4449.91069849691
YOLOv3,B,3,-1,57,task,140.975,4114.38388567364
YOLOv3,B,3,-1,58,task,27.253,3434.98513736975
YOLOv3,B,3,-1,59,task,16.3566,3385.01885801663
YOLOv3,B,3,-1,60,task,62.7115,4054.00370065664
YOLOv3,B,3,-1,61,task,113.956,4106.38987688099
YOLOv3,B,3,-1,62,task,33.7989,4026.2409159468
YOLOv3,B,3,-1,63,task,114.347,4125.56229145327
YOLOv3,B,3,-1,64,task,42.8797,3957.19871794872
YOLOv3,B,3,-1,65,task,114.245,4115.07417298752
YOLOv3,B,3,-1,66,task,62.3644,3693.49012925197
YOLOv3,B,3,-1,67,task,16.4731,3554.77735989501
YOLOv3,B,3,-1,68,task,56.4522,4101.67177851388
YOLOv3,B,3,-1,69,task,106.926,4256.57206606304
YOLOv3,B,3,-1,70,task,37.6562,4010.16987047509
YOLOv3,B,3,-1,71,task,112.494,4215.70280212052
YOLOv3,B,3,-1,72,task,41.8714,4049.38752205959
YOLOv3,B,3,-1,73,task,113.208,4235.03472170754
YOLOv3,B,3,-1,74,task,149.662,4053.74383480973
YOLOv3,B,4,-1,0,in,149.555,3896.87290120468
YOLOv3,B,4,-1,0,task,148.675,5149.90124309873
YOLOv3,B,4,-1,1,task,270.185,4935.1247844771
YOLOv3,B,4,-1,2,task,48.9592,4593.08220214793
YOLOv3,B,4,-1,3,task,198.238,4956.19165500581
YOLOv3,B,4,-1,4,task,243.901,4838.91853603633
YOLOv3,B,4,-1,5,task,36.8146,4345.84809308339
YOLOv3,B,4,-1,6,task,135.08,4729.4838431629
YOLOv3,B,4,-1,7,task,35.4741,4378.24741924742
YOLOv3,B,4,-1,8,task,134.338,4737.2136306092
YOLOv3,B,4,-1,9,task,268.307,4706.06801484411
YOLOv3,B,4,-1,10,task,29.4672,4297.11331679074
YOLOv3,B,4,-1,11,task,97.4408,4537.7112259127
YOLOv3,B,4,-1,12,task,29.3277,4275.74679267198
YOLOv3,B,4,-1,13,task,97.367,4521.58421688485
YOLOv3,B,4,-1,14,task,29.719,4335.08715880893
YOLOv3,B,4,-1,15,task,105.119,4483.5679660643
YOLOv3,B,4,-1,16,task,29.3091,4280.5482730099
YOLOv3,B,4,-1,17,task,97.8387,4521.83052021818
YOLOv3,B,4,-1,18,task,29.7352,4309.21844606543
YOLOv3,B,4,-1,19,task,97.214,4515.4426874978
YOLOv3,B,4,-1,20,task,29.3824,4330.86683209264
YOLOv3,B,4,-1,21,task,96.6856,4522.71761016191
YOLOv3,B,4,-1,22,task,29.3659,4339.46772767462
YOLOv3,B,4,-1,23,task,98.5597,4517.17707199725
YOLOv3,B,4,-1,24,task,29.2687,4297.14677276746
YOLOv3,B,4,-1,25,task,96.9652,4532.16881694255
YOLOv3,B,4,-1,26,task,205.215,5690.84800458648
YOLOv3,B,4,-1,27,task,30.378,4271.42679900745
YOLOv3,B,4,-1,28,task,102.845,4323.86722715036
YOLOv3,B,4,-1,29,task,28.8443,4262.01326259947
YOLOv3,B,4,-1,30,task,102.833,4331.37605366521
YOLOv3,B,4,-1,31,task,36.4022,4203.51389786684
YOLOv3,B,4,-1,32,task,104.035,4366.08650887265
YOLOv3,B,4,-1,33,task,36.7982,4187.23076923077
YOLOv3,B,4,-1,34,task,102.949,4357.03020874708
YOLOv3,B,4,-1,35,task,29.6166,4276.53101736973
YOLOv3,B,4,-1,36,task,104.245,4364.64759147716
YOLOv3,B,4,-1,37,task,31.1683,4280.53450197978
YOLOv3,B,4,-1,38,task,102.696,4374.89330950174
YOLOv3,B,4,-1,39,task,39.1014,4173.17867317867
YOLOv3,B,4,-1,40,task,103.373,4341.64779999117
YOLOv3,B,4,-1,41,task,40.0029,4169.58485958486
YOLOv3,B,4,-1,42,task,103.858,4373.36226421348
YOLOv3,B,4,-1,43,task,238.246,5769.19841729704
YOLOv3,B,4,-1,44,task,24.9117,4787.84141072603
YOLOv3,B,4,-1,45,task,115.737,4385.03678344175
YOLOv3,B,4,-1,46,task,24.8032,4814.75376475377
YOLOv3,B,4,-1,47,task,121.906,4355.90879512048
YOLOv3,B,4,-1,48,task,24.7708,4807.18167872014
YOLOv3,B,4,-1,49,task,120.664,4355.65151936062
YOLOv3,B,4,-1,50,task,24.9261,4797.42407877023
YOLOv3,B,4,-1,51,task,121.678,4344.35960634139
YOLOv3,B,4,-1,52,task,25.0456,4823.88990638991
YOLOv3,B,4,-1,53,task,121.369,4411.5586122911
YOLOv3,B,4,-1,54,task,26.8706,4813.19468020688
YOLOv3,B,4,-1,55,task,119.342,4439.57828663021
YOLOv3,B,4,-1,56,task,25.1356,4844.0941892865
YOLOv3,B,4,-1,57,task,121.144,4412.45738422506
YOLOv3,B,4,-1,58,task,24.521,3525.99448701782
YOLOv3,B,4,-1,59,task,12.6608,3472.89036251105
YOLOv3,B,4,-1,60,task,53.3677,4355.7810129626
YOLOv3,B,4,-1,61,task,101.203,4404.620634651
YOLOv3,B,4,-1,62,task,28.8973,4315.77807250221
YOLOv3,B,4,-1,63,task,100.436,4389.33265564845
YOLOv3,B,4,-1,64,task,36.2962,4205.64059469942
YOLOv3,B,4,-1,65,task,101.817,4430.61109942689
YOLOv3,B,4,-1,66,task,53.0547,3860.66092963353
YOLOv3,B,4,-1,67,task,14.4311,3648.92349048801
YOLOv3,B,4,-1,68,task,43.974,4436.13461538462
YOLOv3,B,4,-1,69,task,92.6219,4592.62395600477
YOLOv3,B,4,-1,70,task,29.4156,4316.10256410256
YOLOv3,B,4,-1,71,task,91.4608,4600.50665053951
YOLOv3,B,4,-1,72,task,36.2126,4290.44565440521
YOLOv3,B,4,-1,73,task,92.7192,4596.61425230931
YOLOv3,B,4,-1,74,task,124.286,4304.50339366516
YOLOv3,B,5,-1,0,in,126.392,4186.28785740744
YOLOv3,B,5,-1,0,task,135.611,5636.37829321394
YOLOv3,B,5,-1,1,task,233.886,5560.39021547558
YOLOv3,B,5,-1,2,task,43.2851,4927.27366863905
YOLOv3,B,5,-1,3,task,181.238,5393.62215303065
YOLOv3,B,5,-1,4,task,208.307,5466.27736358811
YOLOv3,B,5,-1,5,task,32.3579,4690.10158188586
YOLOv3,B,5,-1,6,task,122.589,5136.39350539811
YOLOv3,B,5,-1,7,task,33.0286,4713.3807523122
YOLOv3,B,5,-1,8,task,120.796,5138.00309206937
YOLOv3,B,5,-1,9,task,231.472,5271.01962829757
YOLOv3,B,5,-1,10,task,31.9175,4603.18396630546
YOLOv3,B,5,-1,11,task,85.9992,4918.96480703904
YOLOv3,B,5,-1,12,task,25.6443,4636.85244342221
YOLOv3,B,5,-1,13,task,86.3589,4906.123721034
YOLOv3,B,5,-1,14,task,25.691,4594.07814407814
YOLOv3,B,5,-1,15,task,86.1918,4924.88320479489
YOLOv3,B,5,-1,16,task,29.2825,4611.88423399573
YOLOv3,B,5,-1,17,task,85.0951,4909.33760683761
YOLOv3,B,5,-1,18,task,27.8472,4663.32722832723
YOLOv3,B,5,-1,19,task,85.3748,4934.95875116052
YOLOv3,B,5,-1,20,task,25.5616,4673.82783882784
YOLOv3,B,5,-1,21,task,86.0691,4941.72771672772
YOLOv3,B,5,-1,22,task,26.8648,4668.53917642064
YOLOv3,B,5,-1,23,task,85.4115,4926.1710475303
YOLOv3,B,5,-1,24,task,25.5826,4630.91982091982
YOLOv3,B,5,-1,25,task,85.2524,4934.69214773479
YOLOv3,B,5,-1,26,task,180.904,6447.00986626541
YOLOv3,B,5,-1,27,task,26.0765,4667.20390720391
YOLOv3,B,5,-1,28,task,93.771,4716.05517938851
YOLOv3,B,5,-1,29,task,24.8302,4642.16623484916
YOLOv3,B,5,-1,30,task,92.8003,4723.2084750607
YOLOv3,B,5,-1,31,task,31.2419,4470.75449751861
YOLOv3,B,5,-1,32,task,94.869,4713.08764083612
YOLOv3,B,5,-1,33,task,33.8643,4481.61497105046
YOLOv3,B,5,-1,34,task,94.3289,4731.80946960017
YOLOv3,B,5,-1,35,task,25.5244,4609.09442409442
YOLOv3,B,5,-1,36,task,93.1026,4697.18665949435
YOLOv3,B,5,-1,37,task,24.8937,4714.23178673179
YOLOv3,B,5,-1,38,task,93.1713,4740.508931015
YOLOv3,B,5,-1,39,task,30.9615,4551.98511166253
YOLOv3,B,5,-1,40,task,100.007,4674.1255713983
YOLOv3,B,5,-1,41,task,31.7307,4504.23697270472
YOLOv3,B,5,-1,42,task,93.3585,4721.35646404877
YOLOv3,B,5,-1,43,task,204.207,6473.92982293077
YOLOv3,B,5,-1,44,task,23.088,5177.77120315582
YOLOv3,B,5,-1,45,task,105.737,4737.14252642023
YOLOv3,B,5,-1,46,task,23.0588,5206.18579881657
YOLOv3,B,5,-1,47,task,108.496,4714.85613443769
YOLOv3,B,5,-1,48,task,24.3139,5178.49931770754
YOLOv3,B,5,-1,49,task,106.879,4735.79934346202
YOLOv3,B,5,-1,50,task,23.9581,5172.7587113741
YOLOv3,B,5,-1,51,task,108.06,4707.13507289289
YOLOv3,B,5,-1,52,task,23.1465,5200.21755424063
YOLOv3,B,5,-1,53,task,109.482,4818.14762670768
YOLOv3,B,5,-1,54,task,22.7548,5228.61183431953
YOLOv3,B,5,-1,55,task,104.573,4837.95968263562
YOLOv3,B,5,-1,56,task,23.2809,5181.56904940035
YOLOv3,B,5,-1,57,task,107.383,4820.96094491928
YOLOv3,B,5,-1,58,task,19.2625,3654.75575368028
YOLOv3,B,5,-1,59,task,12.6149,3657.49730256221
YOLOv3,B,5,-1,60,task,46.5393,4722.33192983987
YOLOv3,B,5,-1,61,task,91.0938,4828.69726048599
YOLOv3,B,5,-1,62,task,24.9985,4639.01200651201
YOLOv3,B,5,-1,63,task,90.7322,4821.3432725674
YOLOv3,B,5,-1,64,task,31.2709,4502.97921836228
YOLOv3,B,5,-1,65,task,90.8464,4847.7841152189
YOLOv3,B,5,-1,66,task,45.9687,4049.0415300049
YOLOv3,B,5,-1,67,task,13.275,3783.8635235732
YOLOv3,B,5,-1,68,task,38.0117,4850.36501336501
YOLOv3,B,5,-1,69,task,80.2443,5045.76102716728
YOLOv3,B,5,-1,70,task,25.71,4626.04192104192
YOLOv3,B,5,-1,71,task,80.803,5063.65795662671
YOLOv3,B,5,-1,72,task,30.9654,4633.92597187758
YOLOv3,B,5,-1,73,task,84.0701,4979.48884040601
YOLOv3,B,5,-1,74,task,108.725,4644.63662820828
YOLOv3,B,6,-1,0,in,111.469,4519.65213369069
YOLOv3,B,6,-1,0,task,125.901,6159.29044674896
YOLOv3,B,6,-1,1,task,210.313,6332.67486502893
YOLOv3,B,6,-1,2,task,39.8203,5388.7676778265
YOLOv3,B,6,-1,3,task,167.172,5899.77242418045
YOLOv3,B,6,-1,4,task,185.785,6258.93803102389
YOLOv3,B,6,-1,5,task,29.3995,5171.5450928382
YOLOv3,B,6,-1,6,task,112.245,5614.3704754439
YOLOv3,B,6,-1,7,task,28.3844,5152.71387871388
YOLOv3,B,6,-1,8,task,110.781,5623.9328012135
YOLOv3,B,6,-1,9,task,207.109,5977.14696715769
YOLOv3,B,6,-1,10,task,23.4075,5077.58727810651
YOLOv3,B,6,-1,11,task,78.9427,5400.52549032005
YOLOv3,B,6,-1,12,task,23.9296,5102.20490278952
YOLOv3,B,6,-1,13,task,78.6521,5415.82537176754
YOLOv3,B,6,-1,14,task,24.2215,5091.65953206828
YOLOv3,B,6,-1,15,task,79.3156,5400.88813441311
YOLOv3,B,6,-1,16,task,23.2587,5079.68954635108
YOLOv3,B,6,-1,17,task,77.9374,5426.30486649788
YOLOv3,B,6,-1,18,task,23.1656,5034.11709401709
YOLOv3,B,6,-1,19,task,77.6953,5381.29003847521
YOLOv3,B,6,-1,20,task,23.2358,5030.17564102564
YOLOv3,B,6,-1,21,task,78.3261,5419.26103426408
YOLOv3,B,6,-1,22,task,24.4263,5036.02510339123
YOLOv3,B,6,-1,23,task,77.9668,5411.62914536749
YOLOv3,B,6,-1,24,task,23.3077,5134.46400394477
YOLOv3,B,6,-1,25,task,78.4992,5412.39243628469
YOLOv3,B,6,-1,26,task,160.891,7401.94821111169
YOLOv3,B,6,-1,27,task,23.4937,5083.68205128205
YOLOv3,B,6,-1,28,task,86.6054,5122.65443635648
YOLOv3,B,6,-1,29,task,22.1988,5085.55128205128
YOLOv3,B,6,-1,30,task,86.1737,5131.09728506787
YOLOv3,B,6,-1,31,task,27.7343,4974.40069190069
YOLOv3,B,6,-1,32,task,87.6268,5125.04187474229
YOLOv3,B,6,-1,33,task,30.045,4911.0874460068
YOLOv3,B,6,-1,34,task,86.5018,5112.78670264092
YOLOv3,B,6,-1,35,task,22.8895,5129.39230769231
YOLOv3,B,6,-1,36,task,86.2126,5120.22609913531
YOLOv3,B,6,-1,37,task,22.3649,5054.95256410256
YOLOv3,B,6,-1,38,task,87.6758,5143.07099673149
YOLOv3,B,6,-1,39,task,27.5444,4927.7442002442
YOLOv3,B,6,-1,40,task,86.8022,5128.25942216352
YOLOv3,B,6,-1,41,task,28.1368,4933.9997964998
YOLOv3,B,6,-1,42,task,86.3969,5124.71473539249
YOLOv3,B,6,-1,43,task,196.539,7172.97572603781
YOLOv3,B,6,-1,44,task,22.8241,5659.57820512821
YOLOv3,B,6,-1,45,task,96.5033,5167.99830761936
YOLOv3,B,6,-1,46,task,21.9515,5636.4969820035
YOLOv3,B,6,-1,47,task,100.756,5133.26844651048
YOLOv3,B,6,-1,48,task,22.749,5720.49816053512
YOLOv3,B,6,-1,49,task,97.5567,5152.08350852926
YOLOv3,B,6,-1,50,task,23.3223,5602.05201288245
YOLOv3,B,6,-1,51,task,99.4356,5134.17069772333
YOLOv3,B,6,-1,52,task,22.6617,5630.37525083612
YOLOv3,B,6,-1,53,task,97.9659,5271.90620646959
YOLOv3,B,6,-1,54,task,22.7132,5663.78205128205
YOLOv3,B,6,-1,55,task,96.2236,5315.22637291605
YOLOv3,B,6,-1,56,task,22.4699,5610.14615384615
YOLOv3,B,6,-1,57,task,98.3898,5276.35842080937
YOLOv3,B,6,-1,58,task,17.1802,3780.92197099077
YOLOv3,B,6,-1,59,task,10.8443,3770.89777230746
YOLOv3,B,6,-1,60,task,41.1328,5187.34493284493
YOLOv3,B,6,-1,61,task,89.2985,5254.84838414274
YOLOv3,B,6,-1,62,task,23.1507,5151.30183150183
YOLOv3,B,6,-1,63,task,84.2166,5244.84993501123
YOLOv3,B,6,-1,64,task,27.6977,4871.63715913716
YOLOv3,B,6,-1,65,task,83.9192,5264.549608098
YOLOv3,B,6,-1,66,task,40.8979,4321.48087431694
YOLOv3,B,6,-1,67,task,12.498,3891.59245926487
YOLOv3,B,6,-1,68,task,35.394,5370.14318288512
YOLOv3,B,6,-1,69,task,73.1969,5568.49925074925
YOLOv3,B,6,-1,70,task,24.6329,5009.01908831909
YOLOv3,B,6,-1,71,task,78.1069,5498.85366421507
YOLOv3,B,6,-1,72,task,26.0213,5004.99733884349
YOLOv3,B,6,-1,73,task,74.0103,5569.67436488578
YOLOv3,B,6,-1,74,task,102.04,5075.44957111656
YOLOv3,B,7,-1,0,in,99.6617,5063.86380364555
YOLOv3,B,7,-1,0,task,121.091,7079.55244704999
YOLOv3,B,7,-1,1,task,192.251,7568.5977799851
YOLOv3,B,7,-1,2,task,37.2562,6049.56739339092
YOLOv3,B,7,-1,3,task,158.923,6731.91415662789
YOLOv3,B,7,-1,4,task,167.098,7535.4831002685
YOLOv3,B,7,-1,5,task,27.836,5830.59259259259
YOLOv3,B,7,-1,6,task,106.391,6364.24710910005
YOLOv3,B,7,-1,7,task,26.2867,5822.72518080211
YOLOv3,B,7,-1,8,task,105.942,6392.85930255293
YOLOv3,B,7,-1,9,task,187.658,7088.63291502625
YOLOv3,B,7,-1,10,task,22.0343,5729.79297658863
YOLOv3,B,7,-1,11,task,72.0341,6196.48430831926
YOLOv3,B,7,-1,12,task,22.4718,5688.34030100334
YOLOv3,B,7,-1,13,task,73.441,6156.89278206612
YOLOv3,B,7,-1,14,task,21.6966,5731.95674470457
YOLOv3,B,7,-1,15,task,73.0551,6197.70302648172
YOLOv3,B,7,-1,16,task,21.3974,5724.4342251951
YOLOv3,B,7,-1,17,task,72.9498,6191.54372965069
YOLOv3,B,7,-1,18,task,21.4208,5712.40942028986
YOLOv3,B,7,-1,19,task,72.8835,6153.03371952501
YOLOv3,B,7,-1,20,task,22.4558,5640.21926536732
YOLOv3,B,7,-1,21,task,72.1827,6148.97175141243
YOLOv3,B,7,-1,22,task,21.5819,5764.03441814596
YOLOv3,B,7,-1,23,task,73.3449,6185.94952322519
YOLOv3,B,7,-1,24,task,21.2306,5753.0643812709
YOLOv3,B,7,-1,25,task,71.9789,6186.03194263364
YOLOv3,B,7,-1,26,task,144.302,9027.25724624837
YOLOv3,B,7,-1,27,task,21.0457,5694.20568561873
YOLOv3,B,7,-1,28,task,82.5577,5812.75431628435
YOLOv3,B,7,-1,29,task,20.6242,5718.24954900172
YOLOv3,B,7,-1,30,task,82.4401,5832.26157778873
YOLOv3,B,7,-1,31,task,25.2931,5629.80981810213
YOLOv3,B,7,-1,32,task,83.0574,5796.47721340402
YOLOv3,B,7,-1,33,task,25.75,5586.79459002536
YOLOv3,B,7,-1,34,task,81.1679,5818.94699771383
YOLOv3,B,7,-1,35,task,20.5953,5733.0643812709
YOLOv3,B,7,-1,36,task,81.4131,5817.29424421732
YOLOv3,B,7,-1,37,task,20.3258,5869.07925407926
YOLOv3,B,7,-1,38,task,81.7077,5796.44155232445
YOLOv3,B,7,-1,39,task,24.8656,5610.26651703734
YOLOv3,B,7,-1,40,task,81.7084,5801.09019185942
YOLOv3,B,7,-1,41,task,25.4875,5568.66863905326
YOLOv3,B,7,-1,42,task,81.8353,5803.21678321679
YOLOv3,B,7,-1,43,task,190.037,8326.48753119118
YOLOv3,B,7,-1,44,task,22.4411,6372.85897435897
YOLOv3,B,7,-1,45,task,89.762,5908.49675526523
YOLOv3,B,7,-1,46,task,22.506,6318.96642655004
YOLOv3,B,7,-1,47,task,91.6827,5818.06590744561
YOLOv3,B,7,-1,48,task,22.4119,6291.55953177258
YOLOv3,B,7,-1,49,task,90.5365,5856.73973327142
YOLOv3,B,7,-1,50,task,22.4727,6352.72073071856
YOLOv3,B,7,-1,51,task,91.3229,5837.72300469484
YOLOv3,B,7,-1,52,task,22.4591,6337.6604793757
YOLOv3,B,7,-1,53,task,91.9059,6007.4336462484
YOLOv3,B,7,-1,54,task,22.7791,6311.55769230769
YOLOv3,B,7,-1,55,task,88.4874,6074.63633561951
YOLOv3,B,7,-1,56,task,22.2334,6413.94448160535
YOLOv3,B,7,-1,57,task,92.4562,5982.00818628255
YOLOv3,B,7,-1,58,task,15.5461,4048.76477146042
YOLOv3,B,7,-1,59,task,10.1924,3885.63532763533
YOLOv3,B,7,-1,60,task,37.1168,5896.74071027012
YOLOv3,B,7,-1,61,task,79.3537,6011.44328552803
YOLOv3,B,7,-1,62,task,20.3663,5712.36039322996
YOLOv3,B,7,-1,63,task,80.0678,5982.46870516976
YOLOv3,B,7,-1,64,task,25.2829,5484.89349112426
YOLOv3,B,7,-1,65,task,79.837,6031.54012280776
YOLOv3,B,7,-1,66,task,37.4222,4710.07013921492
YOLOv3,B,7,-1,67,task,11.993,4236.932997558
YOLOv3,B,7,-1,68,task,31.1372,6097.55702917772
YOLOv3,B,7,-1,69,task,69.1504,6390.86310911548
YOLOv3,B,7,-1,70,task,21.7046,5714.57497212932
YOLOv3,B,7,-1,71,task,67.703,6430.20118343195
YOLOv3,B,7,-1,72,task,23.5823,5661.05641025641
YOLOv3,B,7,-1,73,task,67.6299,6386.82255854223
YOLOv3,B,7,-1,74,task,91.1329,5714.35510941391
YOLOv3,B,0,-1,74,out,1.56147,
YOLOv3,B,1,-1,74,out,0.872317,
YOLOv3,B,2,-1,74,out,0.6244,
YOLOv3,B,3,-1,74,out,0.508346,
YOLOv3,B,4,-1,74,out,0.587008,
YOLOv3,B,5,-1,74,out,0.385933,
YOLOv3,B,6,-1,74,out,0.353587,
YOLOv3,B,7,-1,74,out,0.392175,
YOLOv3,G,0,0,0,in,378.72,3476.70602471359
YOLOv3,G,0,0,0,task,0.87605,3905.51416532186
YOLOv3,G,0,0,1,task,0.786071,3845.18305969393
YOLOv3,G,0,0,2,task,0.694371,4044.19988613537
YOLOv3,G,0,0,3,task,1.24965,3776.20802343926
YOLOv3,G,0,0,4,task,1.28365,3629.51638194674
YOLOv3,G,0,0,5,task,1.15733,3630.23833611397
YOLOv3,G,0,0,6,task,1.92033,3602.6165428846
YOLOv3,G,0,0,7,task,1.11551,3597.99242424242
YOLOv3,G,0,0,8,task,1.91701,3613.01706856063
YOLOv3,G,0,0,9,task,1.56415,4264.98025648884
YOLOv3,G,0,0,10,task,1.22386,4355.1272953395
YOLOv3,G,0,0,11,task,2.18881,4252.34188034188
YOLOv3,G,0,0,12,task,1.15553,4093.31831798431
YOLOv3,G,0,0,13,task,1.81265,4083.32419822923
YOLOv3,G,0,0,14,task,1.16786,4400.73964497041
YOLOv3,G,0,0,15,task,1.90009,4394.43380699108
YOLOv3,G,0,0,16,task,1.03157,3542.18816271448
YOLOv3,G,0,0,17,task,1.74128,3526.60412343075
YOLOv3,G,0,0,18,task,1.02086,3531.72135556751
YOLOv3,G,0,0,19,task,1.73976,3529.36511338679
YOLOv3,G,0,0,20,task,1.05936,3549.84293451704
YOLOv3,G,0,0,21,task,1.76534,3549.86510684415
YOLOv3,G,0,0,22,task,1.01733,3532.83216783217
YOLOv3,G,0,0,23,task,1.72212,3529.37098304424
YOLOv3,G,0,0,24,task,1.02515,3539.3648018648
YOLOv3,G,0,0,25,task,1.72349,3522.30668677727
YOLOv3,G,0,0,26,task,1.31142,3544.64980700811
YOLOv3,G,0,0,27,task,0.985892,3558.70734874684
YOLOv3,G,0,0,28,task,1.77771,3579.98129349581
YOLOv3,G,0,0,29,task,1.00164,3526.43831959474
YOLOv3,G,0,0,30,task,1.71622,3554.51717009341
YOLOv3,G,0,0,31,task,1.00357,3542.44738215516
YOLOv3,G,0,0,32,task,1.71588,3544.59093931095
YOLOv3,G,0,0,33,task,1.0136,3532.12245619549
YOLOv3,G,0,0,34,task,1.72562,3546.36679864253
YOLOv3,G,0,0,35,task,1.00293,3539.64458762212
YOLOv3,G,0,0,36,task,1.84797,3564.18706008044
YOLOv3,G,0,0,37,task,1.06639,3545.72464052801
YOLOv3,G,0,0,38,task,1.73763,3551.94391025641
YOLOv3,G,0,0,39,task,1.13418,3583.81989733113
YOLOv3,G,0,0,40,task,1.80443,3554.04252335212
YOLOv3,G,0,0,41,task,1.05446,3630.7207224805
YOLOv3,G,0,0,42,task,1.86092,4329.65162165495
YOLOv3,G,0,0,43,task,1.37693,3825.49056586458
YOLOv3,G,0,0,44,task,1.0442,3619.91340244837
YOLOv3,G,0,0,45,task,1.84406,3671.82485297737
YOLOv3,G,0,0,46,task,1.13797,4013.80890848282
YOLOv3,G,0,0,47,task,1.77374,3685.44029102313
YOLOv3,G,0,0,48,task,1.07704,3615.68502753285
YOLOv3,G,0,0,49,task,1.89044,3610.34925706608
YOLOv3,G,0,0,50,task,0.932458,3634.72889429411
YOLOv3,G,0,0,51,task,1.65947,3851.87611142468
YOLOv3,G,0,0,52,task,0.895884,3605.48072700247
YOLOv3,G,0,0,53,task,1.40872,3611.92840121004
YOLOv3,G,0,0,54,task,0.849625,3593.44515547346
YOLOv3,G,0,0,55,task,1.37976,3595.78357539896
YOLOv3,G,0,0,56,task,0.903612,3620.17559484541
YOLOv3,G,0,0,57,task,1.37993,3594.79252809477
YOLOv3,G,0,0,58,task,2.02072,3581.09641087094
YOLOv3,G,0,0,59,task,1.50074,3553.11753463927
YOLOv3,G,0,0,60,task,1.07785,3584.6109282874
YOLOv3,G,0,0,61,task,1.5246,3587.02809218273
YOLOv3,G,0,0,62,task,0.979825,3964.13370782223
YOLOv3,G,0,0,63,task,1.54968,4396.55754501908
YOLOv3,G,0,0,64,task,0.998579,4223.623657763
YOLOv3,G,0,0,65,task,1.5309,4089.64884662849
YOLOv3,G,0,0,66,task,2.30653,3958.88360904494
YOLOv3,G,0,0,67,task,1.55575,3549.94011038299
YOLOv3,G,0,0,68,task,0.940537,3596.79603729604
YOLOv3,G,0,0,69,task,1.48703,3578.97186815414
YOLOv3,G,0,0,70,task,0.984375,3590.68660968661
YOLOv3,G,0,0,71,task,1.50369,3590.4686979687
YOLOv3,G,0,0,72,task,0.983412,3627.65345765346
YOLOv3,G,0,0,73,task,1.69569,3631.20859909321
YOLOv3,G,0,0,74,task,17253.4,3780.57106651342
YOLOv3,G,0,1,0,in,257.892,3402.11322144711
YOLOv3,G,0,1,0,task,0.861642,3695.98977945132
YOLOv3,G,0,1,1,task,0.612996,3827.06293706294
YOLOv3,G,0,1,2,task,0.532846,4059.04428904429
YOLOv3,G,0,1,3,task,1.019,3758.83484162896
YOLOv3,G,0,1,4,task,0.807596,3616.85897435897
YOLOv3,G,0,1,5,task,0.676842,3630.99067599068
YOLOv3,G,0,1,6,task,1.36975,3580.40158371041
YOLOv3,G,0,1,7,task,0.78645,3577.0337995338
YOLOv3,G,0,1,8,task,1.3417,3577.06447963801
YOLOv3,G,0,1,9,task,1.11606,4198.12354312354
YOLOv3,G,0,1,10,task,0.83545,4275.87412587413
YOLOv3,G,0,1,11,task,1.44725,4328.98190045249
YOLOv3,G,0,1,12,task,0.827167,4089.10839160839
YOLOv3,G,0,1,13,task,1.30185,4088.89705882353
YOLOv3,G,0,1,14,task,0.810629,4265.32051282051
YOLOv3,G,0,1,15,task,1.51521,4475.44714680744
YOLOv3,G,0,1,16,task,0.748912,3618.75874125874
YOLOv3,G,0,1,17,task,1.18808,3493.67929864253
YOLOv3,G,0,1,18,task,0.7455,3525.09324009324
YOLOv3,G,0,1,19,task,1.21292,3504.13461538461
YOLOv3,G,0,1,20,task,0.708662,3500.27389277389
YOLOv3,G,0,1,21,task,1.26525,3524.39479638009
YOLOv3,G,0,1,22,task,0.739317,3514.67948717949
YOLOv3,G,0,1,23,task,1.21435,3489.90384615385
YOLOv3,G,0,1,24,task,0.716771,3492.9662004662
YOLOv3,G,0,1,25,task,1.21651,3495.52601809955
YOLOv3,G,0,1,26,task,0.935025,3502.40675990676
YOLOv3,G,0,1,27,task,0.69965,3494.44638694639
YOLOv3,G,0,1,28,task,1.22453,3493.5435520362
YOLOv3,G,0,1,29,task,0.715225,3493.17599067599
YOLOv3,G,0,1,30,task,1.28835,3521.48472850679
YOLOv3,G,0,1,31,task,0.714321,3483.07692307692
YOLOv3,G,0,1,32,task,1.24932,3504.09785067873
YOLOv3,G,0,1,33,task,0.706534,3491.42773892774
YOLOv3,G,0,1,34,task,1.25032,3512.51791101056
YOLOv3,G,0,1,35,task,0.70735,3491.56177156177
YOLOv3,G,0,1,36,task,1.21278,3498.86877828054
YOLOv3,G,0,1,37,task,0.701371,3487.09207459207
YOLOv3,G,0,1,38,task,1.19347,3506.6600678733
YOLOv3,G,0,1,39,task,0.712659,3555.8682983683
YOLOv3,G,0,1,40,task,1.32872,3542.51131221719
YOLOv3,G,0,1,41,task,0.7581,3510.76923076923
YOLOv3,G,0,1,42,task,1.22684,3790.52601809955
YOLOv3,G,0,1,43,task,0.982334,4406.85314685315
YOLOv3,G,0,1,44,task,0.728204,3703.29254079254
YOLOv3,G,0,1,45,task,1.25498,3568.77828054299
YOLOv3,G,0,1,46,task,0.730946,3539.77855477855
YOLOv3,G,0,1,47,task,1.22774,3974.05260180996
YOLOv3,G,0,1,48,task,0.738675,3524.46386946387
YOLOv3,G,0,1,49,task,1.2654,3535.407239819
YOLOv3,G,0,1,50,task,0.716917,3572.03962703963
YOLOv3,G,0,1,51,task,1.1613,3647.79694570136
YOLOv3,G,0,1,52,task,0.650416,3787.2027972028
YOLOv3,G,0,1,53,task,0.963958,3537.43006993007
YOLOv3,G,0,1,54,task,0.596721,3534.45804195804
YOLOv3,G,0,1,55,task,0.95025,3533.02447552448
YOLOv3,G,0,1,56,task,0.60655,3538.01282051282
YOLOv3,G,0,1,57,task,0.984346,3552.36596736597
YOLOv3,G,0,1,58,task,1.42272,3527.1317346621
YOLOv3,G,0,1,59,task,1.05656,3519.24445120097
YOLOv3,G,0,1,60,task,0.737596,3524.88927738928
YOLOv3,G,0,1,61,task,1.09232,3537.00466200466
YOLOv3,G,0,1,62,task,0.663833,3529.14335664336
YOLOv3,G,0,1,63,task,1.0635,3650.25058275058
YOLOv3,G,0,1,64,task,0.759763,4348.01864801865
YOLOv3,G,0,1,65,task,1.22433,4386.29953379953
YOLOv3,G,0,1,66,task,1.72813,4252.16235855912
YOLOv3,G,0,1,67,task,1.13035,3573.93736698085
YOLOv3,G,0,1,68,task,0.675092,3535
YOLOv3,G,0,1,69,task,1.03711,3541.5675990676
YOLOv3,G,0,1,70,task,0.669142,3541.48601398601
YOLOv3,G,0,1,71,task,1.0505,3556.14801864802
YOLOv3,G,0,1,72,task,0.655492,3556.43356643357
YOLOv3,G,0,1,73,task,1.14573,3660.16317016317
YOLOv3,G,0,1,74,task,17425.2,3762.80425745358
YOLOv3,G,0,2,0,in,189.749,3551.97221288003
YOLOv3,G,0,2,0,task,0.566912,3744.20745920746
YOLOv3,G,0,2,1,task,0.503884,3831.22377622378
YOLOv3,G,0,2,2,task,0.440009,4052.36363636364
YOLOv3,G,0,2,3,task,0.736954,3748.56900452489
YOLOv3,G,0,2,4,task,0.645167,3575.05827505827
YOLOv3,G,0,2,5,task,0.525583,3575.5710955711
YOLOv3,G,0,2,6,task,0.860621,3576.63178733032
YOLOv3,G,0,2,7,task,0.621716,3578.46153846154
YOLOv3,G,0,2,8,task,1.0341,3592.20022624434
YOLOv3,G,0,2,9,task,0.869167,4142.71561771562
YOLOv3,G,0,2,10,task,0.644146,4261.34032634033
YOLOv3,G,0,2,11,task,1.13514,4398.98755656109
YOLOv3,G,0,2,12,task,0.6895,4106.07808857809
YOLOv3,G,0,2,13,task,1.01083,4091.875
YOLOv3,G,0,2,14,task,0.623496,4201.59090909091
YOLOv3,G,0,2,15,task,1.08967,4441.89762443439
YOLOv3,G,0,2,16,task,0.659896,3871.5675990676
YOLOv3,G,0,2,17,task,0.975392,3495.2092760181
YOLOv3,G,0,2,18,task,0.562888,3493.16433566434
YOLOv3,G,0,2,19,task,0.94185,3496.39423076923
YOLOv3,G,0,2,20,task,0.562071,3498.11188811189
YOLOv3,G,0,2,21,task,0.939867,3498.29185520362
YOLOv3,G,0,2,22,task,0.553875,3492.51748251748
YOLOv3,G,0,2,23,task,0.939721,3488.06561085973
YOLOv3,G,0,2,24,task,0.581438,3492.45920745921
YOLOv3,G,0,2,25,task,0.964688,3500.80033936652
YOLOv3,G,0,2,26,task,0.784525,3554.08508158508
YOLOv3,G,0,2,27,task,0.558862,3494.44638694639
YOLOv3,G,0,2,28,task,0.92718,3498.44739819004
YOLOv3,G,0,2,29,task,0.538154,3492.30769230769
YOLOv3,G,0,2,30,task,0.947304,3492.43495475113
YOLOv3,G,0,2,31,task,0.606375,3529.23076923077
YOLOv3,G,0,2,32,task,0.966525,3519.22794117647
YOLOv3,G,0,2,33,task,0.555013,3489.79020979021
YOLOv3,G,0,2,34,task,0.98735,3515.35633484163
YOLOv3,G,0,2,35,task,0.561721,3499.65034965035
YOLOv3,G,0,2,36,task,0.996042,3512.67816742081
YOLOv3,G,0,2,37,task,0.558017,3485.54778554779
YOLOv3,G,0,2,38,task,0.949375,3498.39083710407
YOLOv3,G,0,2,39,task,0.556763,3489.10489510489
YOLOv3,G,0,2,40,task,0.945438,3490.79185520362
YOLOv3,G,0,2,41,task,0.561954,3487.83333333333
YOLOv3,G,0,2,42,task,0.947975,3496.50169683258
YOLOv3,G,0,2,43,task,0.766384,4341.27622377623
YOLOv3,G,0,2,44,task,0.678271,4235.32634032634
YOLOv3,G,0,2,45,task,0.953721,3543.1306561086
YOLOv3,G,0,2,46,task,0.563121,3549.51048951049
YOLOv3,G,0,2,47,task,0.992454,3702.12669683258
YOLOv3,G,0,2,48,task,0.613375,3812.52447552448
YOLOv3,G,0,2,49,task,0.981546,3532.77714932127
YOLOv3,G,0,2,50,task,0.524388,3529.37062937063
YOLOv3,G,0,2,51,task,0.906763,3572.66402714932
YOLOv3,G,0,2,52,task,0.5257,4115.94405594406
YOLOv3,G,0,2,53,task,0.734067,3558.40909090909
YOLOv3,G,0,2,54,task,0.461679,3534.39160839161
YOLOv3,G,0,2,55,task,0.745384,3542.58158508159
YOLOv3,G,0,2,56,task,0.472471,3538.51748251748
YOLOv3,G,0,2,57,task,0.742088,3531.71328671329
YOLOv3,G,0,2,58,task,1.08319,3523.0916949338
YOLOv3,G,0,2,59,task,0.813371,3524.41058941059
YOLOv3,G,0,2,60,task,0.617633,3552.41258741259
YOLOv3,G,0,2,61,task,0.913996,3553.8986013986
YOLOv3,G,0,2,62,task,0.518992,3524.26573426573
YOLOv3,G,0,2,63,task,0.82005,3528.17599067599
YOLOv3,G,0,2,64,task,0.516717,3812.38461538461
YOLOv3,G,0,2,65,task,0.893608,4398.14102564103
YOLOv3,G,0,2,66,task,1.42281,4181.72077402847
YOLOv3,G,0,2,67,task,0.995926,4034.58208458209
YOLOv3,G,0,2,68,task,0.518058,3521.10722610723
YOLOv3,G,0,2,69,task,0.858491,3560.48368298368
YOLOv3,G,0,2,70,task,0.537396,3532.72727272727
YOLOv3,G,0,2,71,task,0.814858,3548.36247086247
YOLOv3,G,0,2,72,task,0.516221,3543.07692307692
YOLOv3,G,0,2,73,task,0.866833,3563.15268065268
YOLOv3,G,0,2,74,task,17282.9,3767.03520044026
YOLOv3,G,0,3,0,in,153.853,3660.75136347891
YOLOv3,G,0,3,0,task,0.510854,3777.7972027972
YOLOv3,G,0,3,1,task,0.402033,3833.91608391608
YOLOv3,G,0,3,2,task,0.353646,4057.32167832168
YOLOv3,G,0,3,3,task,0.610196,3775.21549773756
YOLOv3,G,0,3,4,task,0.583363,3583.13986013986
YOLOv3,G,0,3,5,task,0.46445,3584.39160839161
YOLOv3,G,0,3,6,task,0.771634,3583.66270739065
YOLOv3,G,0,3,7,task,0.47425,3580.72027972028
YOLOv3,G,0,3,8,task,0.887162,3590.32107843137
YOLOv3,G,0,3,9,task,0.691104,4060.1993006993
YOLOv3,G,0,3,10,task,0.566709,4299.41491841492
YOLOv3,G,0,3,11,task,1.05213,4427.19457013575
YOLOv3,G,0,3,12,task,0.573621,4103.44755244755
YOLOv3,G,0,3,13,task,0.867388,4099.91044494721
YOLOv3,G,0,3,14,task,0.524067,4156.92307692308
YOLOv3,G,0,3,15,task,1.00529,4448.49660633484
YOLOv3,G,0,3,16,task,0.5929,4032.78787878788
YOLOv3,G,0,3,17,task,0.836879,3521.85520361991
YOLOv3,G,0,3,18,task,0.482301,3502.85314685315
YOLOv3,G,0,3,19,task,0.78333,3502.80542986425
YOLOv3,G,0,3,20,task,0.479238,3520.64335664336
YOLOv3,G,0,3,21,task,0.863363,3555.50113122172
YOLOv3,G,0,3,22,task,0.504088,3503.28671328671
YOLOv3,G,0,3,23,task,0.807362,3497.58766968326
YOLOv3,G,0,3,24,task,0.51275,3532.32867132867
YOLOv3,G,0,3,25,task,0.798758,3515.58823529412
YOLOv3,G,0,3,26,task,0.603079,3516.08741258741
YOLOv3,G,0,3,27,task,0.473696,3494.41958041958
YOLOv3,G,0,3,28,task,0.813575,3497.72153092006
YOLOv3,G,0,3,29,task,0.493996,3534.45454545454
YOLOv3,G,0,3,30,task,0.785692,3495.98963046757
YOLOv3,G,0,3,31,task,0.455292,3494.87412587413
YOLOv3,G,0,3,32,task,0.7889,3518.04581447964
YOLOv3,G,0,3,33,task,0.493004,3527.07342657343
YOLOv3,G,0,3,34,task,0.802638,3495.74641779789
YOLOv3,G,0,3,35,task,0.471596,3500.44755244755
YOLOv3,G,0,3,36,task,0.814888,3495.26055806938
YOLOv3,G,0,3,37,task,0.470634,3500.97202797203
YOLOv3,G,0,3,38,task,0.806196,3523.80656108597
YOLOv3,G,0,3,39,task,0.486121,3505.28671328671
YOLOv3,G,0,3,40,task,0.793275,3494.85501508296
YOLOv3,G,0,3,41,task,0.463254,3493.29370629371
YOLOv3,G,0,3,42,task,0.781463,3490.73529411765
YOLOv3,G,0,3,43,task,0.655871,4193.99300699301
YOLOv3,G,0,3,44,task,0.533867,4405.831002331
YOLOv3,G,0,3,45,task,0.7896,3601.4213800905
YOLOv3,G,0,3,46,task,0.509192,3592.99300699301
YOLOv3,G,0,3,47,task,0.787412,3557.94683257919
YOLOv3,G,0,3,48,task,0.509746,4192.44522144522
YOLOv3,G,0,3,49,task,0.826029,3541.66496983409
YOLOv3,G,0,3,50,task,0.441905,3540.68531468531
YOLOv3,G,0,3,51,task,0.744946,3573.26715686274
YOLOv3,G,0,3,52,task,0.459754,3690.1048951049
YOLOv3,G,0,3,53,task,0.696179,3780.20745920746
YOLOv3,G,0,3,54,task,0.377562,3536.81118881119
YOLOv3,G,0,3,55,task,0.584179,3535.54545454545
YOLOv3,G,0,3,56,task,0.411979,3567.57342657343
YOLOv3,G,0,3,57,task,0.676258,3658.43006993007
YOLOv3,G,0,3,58,task,0.95028,3542.96688186162
YOLOv3,G,0,3,59,task,0.721088,3551.50083250083
YOLOv3,G,0,3,60,task,0.5033,3525.92307692308
YOLOv3,G,0,3,61,task,0.703092,3539.34965034965
YOLOv3,G,0,3,62,task,0.427496,3529.47552447552
YOLOv3,G,0,3,63,task,0.697288,3529.06177156177
YOLOv3,G,0,3,64,task,0.467979,3570.3986013986
YOLOv3,G,0,3,65,task,0.764779,4308.91025641026
YOLOv3,G,0,3,66,task,1.12435,4194.53961306593
YOLOv3,G,0,3,67,task,0.87815,4366.49905167297
YOLOv3,G,0,3,68,task,0.439571,3526.12587412587
YOLOv3,G,0,3,69,task,0.677629,3544.64335664336
YOLOv3,G,0,3,70,task,0.445696,3540.36363636364
YOLOv3,G,0,3,71,task,0.686,3549.35431235431
YOLOv3,G,0,3,72,task,0.447329,3565.34965034965
YOLOv3,G,0,3,73,task,0.785371,3613.34032634033
YOLOv3,G,0,3,74,task,17310.8,3770.49987018354
YOLOv3,G,0,4,0,in,129.654,3892.7167198277
YOLOv3,G,0,4,0,task,0.478421,3840.08391608392
YOLOv3,G,0,4,1,task,0.368579,3884.32167832168
YOLOv3,G,0,4,2,task,0.360238,4089.41958041958
YOLOv3,G,0,4,3,task,0.553437,3789.11858974359
YOLOv3,G,0,4,4,task,0.498196,3657.66433566434
YOLOv3,G,0,4,5,task,0.436129,3614.54545454546
YOLOv3,G,0,4,6,task,0.696792,3611.20192307692
YOLOv3,G,0,4,7,task,0.412475,3605.07692307692
YOLOv3,G,0,4,8,task,0.780675,3696.80448717949
YOLOv3,G,0,4,9,task,0.614833,4054.44055944056
YOLOv3,G,0,4,10,task,0.475912,4285.77622377622
YOLOv3,G,0,4,11,task,0.841546,4437.07692307692
YOLOv3,G,0,4,12,task,0.478771,4115.7972027972
YOLOv3,G,0,4,13,task,0.855021,4164.14743589744
YOLOv3,G,0,4,14,task,0.465354,4153.4965034965
YOLOv3,G,0,4,15,task,0.805262,4467.04807692308
YOLOv3,G,0,4,16,task,0.500762,4116.97202797203
YOLOv3,G,0,4,17,task,0.716275,3519.8782051282
YOLOv3,G,0,4,18,task,0.425425,3518.00699300699
YOLOv3,G,0,4,19,task,0.728234,3536.25
YOLOv3,G,0,4,20,task,0.422071,3541.83916083916
YOLOv3,G,0,4,21,task,0.700087,3559.83012820513
YOLOv3,G,0,4,22,task,0.414459,3530.4965034965
YOLOv3,G,0,4,23,task,0.699504,3530.54487179487
YOLOv3,G,0,4,24,task,0.431929,3524.56643356643
YOLOv3,G,0,4,25,task,0.70248,3562.25641025641
YOLOv3,G,0,4,26,task,0.534041,3529.3986013986
YOLOv3,G,0,4,27,task,0.410083,3527.15384615385
YOLOv3,G,0,4,28,task,0.715692,3532.6858974359
YOLOv3,G,0,4,29,task,0.43575,3527.15384615385
YOLOv3,G,0,4,30,task,0.711871,3516.72435897436
YOLOv3,G,0,4,31,task,0.412854,3515.5034965035
YOLOv3,G,0,4,32,task,0.712629,3548.95833333333
YOLOv3,G,0,4,33,task,0.424667,3523.78321678322
YOLOv3,G,0,4,34,task,0.71295,3527.41987179487
YOLOv3,G,0,4,35,task,0.416762,3533.77622377622
YOLOv3,G,0,4,36,task,0.706563,3524.58653846154
YOLOv3,G,0,4,37,task,0.45185,3554.16083916084
YOLOv3,G,0,4,38,task,0.704492,3528.47756410256
YOLOv3,G,0,4,39,task,0.427992,3543.1048951049
YOLOv3,G,0,4,40,task,0.791554,3611.40064102564
YOLOv3,G,0,4,41,task,0.441933,3521.94405594406
YOLOv3,G,0,4,42,task,0.709071,3525.72435897436
YOLOv3,G,0,4,43,task,0.577558,4051.48251748252
YOLOv3,G,0,4,44,task,0.558746,4483.01398601399
YOLOv3,G,0,4,45,task,0.728933,3657.52243589744
YOLOv3,G,0,4,46,task,0.429129,3571.58741258741
YOLOv3,G,0,4,47,task,0.693204,3574.75961538461
YOLOv3,G,0,4,48,task,0.559446,4316.40559440559
YOLOv3,G,0,4,49,task,0.789104,3586.91346153846
YOLOv3,G,0,4,50,task,0.396725,3563.37062937063
YOLOv3,G,0,4,51,task,0.644758,3564.36217948718
YOLOv3,G,0,4,52,task,0.386254,3549.4965034965
YOLOv3,G,0,4,53,task,0.638662,3989.61538461538
YOLOv3,G,0,4,54,task,0.391883,3616.04195804196
YOLOv3,G,0,4,55,task,0.559008,3580.44755244755
YOLOv3,G,0,4,56,task,0.359917,3562.44055944056
YOLOv3,G,0,4,57,task,0.548187,3622.97902097902
YOLOv3,G,0,4,58,task,0.843384,3554.39926739927
YOLOv3,G,0,4,59,task,0.619179,3575.07509157509
YOLOv3,G,0,4,60,task,0.464887,3568.6013986014
YOLOv3,G,0,4,61,task,0.631779,3566.03496503497
YOLOv3,G,0,4,62,task,0.397541,3549.44055944056
YOLOv3,G,0,4,63,task,0.647384,3584.86013986014
YOLOv3,G,0,4,64,task,0.405971,3582.46153846154
YOLOv3,G,0,4,65,task,0.651554,4201.98601398601
YOLOv3,G,0,4,66,task,1.04099,4269.05860805861
YOLOv3,G,0,4,67,task,0.7357,4454.19963369963
YOLOv3,G,0,4,68,task,0.385817,3587.30769230769
YOLOv3,G,0,4,69,task,0.595583,3560.84615384615
YOLOv3,G,0,4,70,task,0.409471,3578.86713286713
YOLOv3,G,0,4,71,task,0.624313,3586.0979020979
YOLOv3,G,0,4,72,task,0.380625,3570.72027972028
YOLOv3,G,0,4,73,task,0.649104,3585.23776223776
YOLOv3,G,0,4,74,task,17118.1,3794.67526918859
YOLOv3,G,0,5,0,in,110.195,4181.30355375619
YOLOv3,G,0,5,0,task,0.441962,3922.20979020979
YOLOv3,G,0,5,1,task,0.327046,3907.55244755245
YOLOv3,G,0,5,2,task,0.308175,4135.5034965035
YOLOv3,G,0,5,3,task,0.520596,3846.69551282051
YOLOv3,G,0,5,4,task,0.402821,3642.37062937063
YOLOv3,G,0,5,5,task,0.371787,3709.92307692308
YOLOv3,G,0,5,6,task,0.614425,3659.87179487179
YOLOv3,G,0,5,7,task,0.363271,3651.47552447552
YOLOv3,G,0,5,8,task,0.606142,3644.40064102564
YOLOv3,G,0,5,9,task,0.477779,4061.37762237762
YOLOv3,G,0,5,10,task,0.457188,4331.46153846154
YOLOv3,G,0,5,11,task,0.900724,4552.2995852187
YOLOv3,G,0,5,12,task,0.460308,4166.82517482518
YOLOv3,G,0,5,13,task,0.701487,4166.72756410256
YOLOv3,G,0,5,14,task,0.438112,4178.16083916084
YOLOv3,G,0,5,15,task,0.764488,4496.625
YOLOv3,G,0,5,16,task,0.534859,4270.51048951049
YOLOv3,G,0,5,17,task,0.649746,3561.91025641026
YOLOv3,G,0,5,18,task,0.380216,3568.93706293706
YOLOv3,G,0,5,19,task,0.625683,3560.58012820513
YOLOv3,G,0,5,20,task,0.378437,3558.9020979021
YOLOv3,G,0,5,21,task,0.677979,3623.48397435897
YOLOv3,G,0,5,22,task,0.384271,3562.6993006993
YOLOv3,G,0,5,23,task,0.6272,3559.0641025641
YOLOv3,G,0,5,24,task,0.413875,3613.72727272727
YOLOv3,G,0,5,25,task,0.611509,3568.00961538462
YOLOv3,G,0,5,26,task,0.474192,3565.27972027972
YOLOv3,G,0,5,27,task,0.368521,3570.93706293706
YOLOv3,G,0,5,28,task,0.773441,3641.27564102564
YOLOv3,G,0,5,29,task,0.361346,3560.74825174825
YOLOv3,G,0,5,30,task,0.609437,3555.16666666667
YOLOv3,G,0,5,31,task,0.355075,3595.30769230769
YOLOv3,G,0,5,32,task,0.600863,3556.91025641026
YOLOv3,G,0,5,33,task,0.422012,3605.13986013986
YOLOv3,G,0,5,34,task,0.652605,3567.02243589744
YOLOv3,G,0,5,35,task,0.370183,3553.56643356643
YOLOv3,G,0,5,36,task,0.63493,3560.18269230769
YOLOv3,G,0,5,37,task,0.374326,3562.66433566434
YOLOv3,G,0,5,38,task,0.664212,3654.99679487179
YOLOv3,G,0,5,39,task,0.3682,3562.09090909091
YOLOv3,G,0,5,40,task,0.615913,3554.29487179487
YOLOv3,G,0,5,41,task,0.364029,3561.1048951049
YOLOv3,G,0,5,42,task,0.613404,3554.75961538461
YOLOv3,G,0,5,43,task,0.48303,3901.38461538461
YOLOv3,G,0,5,44,task,0.427905,4481.4965034965
YOLOv3,G,0,5,45,task,0.688013,3811.16346153846
YOLOv3,G,0,5,46,task,0.392088,3624.44755244755
YOLOv3,G,0,5,47,task,0.624079,3619.95833333333
YOLOv3,G,0,5,48,task,0.397104,4070.24475524476
YOLOv3,G,0,5,49,task,0.6587,3621.65064102564
YOLOv3,G,0,5,50,task,0.3423,3595.3006993007
YOLOv3,G,0,5,51,task,0.567146,3634.125
YOLOv3,G,0,5,52,task,0.328446,3602.58741258741
YOLOv3,G,0,5,53,task,0.599113,4241.38461538462
YOLOv3,G,0,5,54,task,0.315059,3586.27972027972
YOLOv3,G,0,5,55,task,0.488338,3615.87412587413
YOLOv3,G,0,5,56,task,0.307183,3598.74825174825
YOLOv3,G,0,5,57,task,0.532496,3686.17482517483
YOLOv3,G,0,5,58,task,0.745529,3584.54334554334
YOLOv3,G,0,5,59,task,0.548508,3620.34432234432
YOLOv3,G,0,5,60,task,0.407954,3598.28671328671
YOLOv3,G,0,5,61,task,0.539117,3584.56643356643
YOLOv3,G,0,5,62,task,0.343292,3602.0979020979
YOLOv3,G,0,5,63,task,0.605938,3671.65034965035
YOLOv3,G,0,5,64,task,0.344021,3580.55944055944
YOLOv3,G,0,5,65,task,0.538738,3930.37762237762
YOLOv3,G,0,5,66,task,0.868788,4345.28876678877
YOLOv3,G,0,5,67,task,0.779246,4460.21245421245
YOLOv3,G,0,5,68,task,0.361025,3677.20979020979
YOLOv3,G,0,5,69,task,0.516483,3602.92307692308
YOLOv3,G,0,5,70,task,0.339383,3596.86713286713
YOLOv3,G,0,5,71,task,0.537659,3597.8951048951
YOLOv3,G,0,5,72,task,0.374967,3695.57342657343
YOLOv3,G,0,5,73,task,0.584266,3631.22377622378
YOLOv3,G,0,5,74,task,17429.2,3825.17008483272
YOLOv3,G,0,6,0,in,97.2393,4477.2837171608
YOLOv3,G,0,6,0,task,0.438288,4068.17482517483
YOLOv3,G,0,6,1,task,0.350817,3987.75524475524
YOLOv3,G,0,6,2,task,0.299308,4181.18181818182
YOLOv3,G,0,6,3,task,0.527654,3942.63461538462
YOLOv3,G,0,6,4,task,0.371087,3743.25874125874
YOLOv3,G,0,6,5,task,0.330342,3702.02797202797
YOLOv3,G,0,6,6,task,0.546671,3701.42948717949
YOLOv3,G,0,6,7,task,0.336029,3709.20979020979
YOLOv3,G,0,6,8,task,0.540138,3748.84935897436
YOLOv3,G,0,6,9,task,0.434379,4109.43356643357
YOLOv3,G,0,6,10,task,0.489359,4479.53146853147
YOLOv3,G,0,6,11,task,0.771779,4574.61217948718
YOLOv3,G,0,6,12,task,0.424142,4220.74825174825
YOLOv3,G,0,6,13,task,0.646304,4213.41346153846
YOLOv3,G,0,6,14,task,0.399321,4222.44755244755
YOLOv3,G,0,6,15,task,0.787471,4582.14743589744
YOLOv3,G,0,6,16,task,0.444267,4289.88111888112
YOLOv3,G,0,6,17,task,0.601913,3634.28205128205
YOLOv3,G,0,6,18,task,0.360938,3610.77622377622
YOLOv3,G,0,6,19,task,0.577879,3620.86538461538
YOLOv3,G,0,6,20,task,0.34545,3613.42657342657
YOLOv3,G,0,6,21,task,0.6181,3673.53205128205
YOLOv3,G,0,6,22,task,0.350117,3616.07692307692
YOLOv3,G,0,6,23,task,0.574613,3607.77884615385
YOLOv3,G,0,6,24,task,0.369396,3669.20979020979
YOLOv3,G,0,6,25,task,0.5929,3640.60897435897
YOLOv3,G,0,6,26,task,0.456954,3637.06993006993
YOLOv3,G,0,6,27,task,0.388063,3685.44055944056
YOLOv3,G,0,6,28,task,0.639042,3633.66666666667
YOLOv3,G,0,6,29,task,0.377679,3660.65734265734
YOLOv3,G,0,6,30,task,0.588525,3616.72435897436
YOLOv3,G,0,6,31,task,0.346908,3625.15384615385
YOLOv3,G,0,6,32,task,0.58275,3621.23076923077
YOLOv3,G,0,6,33,task,0.349446,3624.46853146853
YOLOv3,G,0,6,34,task,0.576363,3651.52884615385
YOLOv3,G,0,6,35,task,0.3437,3614.05594405594
YOLOv3,G,0,6,36,task,0.604713,3663.11217948718
YOLOv3,G,0,6,37,task,0.345975,3612.46153846154
YOLOv3,G,0,6,38,task,0.591791,3654.06730769231
YOLOv3,G,0,6,39,task,0.350321,3624.56643356643
YOLOv3,G,0,6,40,task,0.575779,3673.10256410256
YOLOv3,G,0,6,41,task,0.339296,3626.72727272727
YOLOv3,G,0,6,42,task,0.578725,3613.96794871795
YOLOv3,G,0,6,43,task,0.459288,3897.76223776224
YOLOv3,G,0,6,44,task,0.420234,4586.41958041958
YOLOv3,G,0,6,45,task,0.712541,3986.6858974359
YOLOv3,G,0,6,46,task,0.355483,3661.86713286713
YOLOv3,G,0,6,47,task,0.555363,3663.55128205128
YOLOv3,G,0,6,48,task,0.355834,4082.02797202797
YOLOv3,G,0,6,49,task,0.598996,3662.40384615385
YOLOv3,G,0,6,50,task,0.330983,3717.91608391608
YOLOv3,G,0,6,51,task,0.498837,3653.39743589744
YOLOv3,G,0,6,52,task,0.293475,3641.53146853147
YOLOv3,G,0,6,53,task,0.617779,4469.70629370629
YOLOv3,G,0,6,54,task,0.310187,3652.16783216783
YOLOv3,G,0,6,55,task,0.461096,3664.32167832168
YOLOv3,G,0,6,56,task,0.292571,3666.89510489511
YOLOv3,G,0,6,57,task,0.467191,3704.52447552448
YOLOv3,G,0,6,58,task,0.695363,3637.55860805861
YOLOv3,G,0,6,59,task,0.531125,3695.92673992674
YOLOv3,G,0,6,60,task,0.399992,3644.11188811189
YOLOv3,G,0,6,61,task,0.563908,3753.06993006993
YOLOv3,G,0,6,62,task,0.326491,3646.98601398601
YOLOv3,G,0,6,63,task,0.487083,3657.8041958042
YOLOv3,G,0,6,64,task,0.308846,3658.77622377622
YOLOv3,G,0,6,65,task,0.495045,3921.21678321678
YOLOv3,G,0,6,66,task,0.829733,4384.2387057387
YOLOv3,G,0,6,67,task,0.638925,4475.48168498169
YOLOv3,G,0,6,68,task,0.341862,3801.01398601399
YOLOv3,G,0,6,69,task,0.489767,3647.51048951049
YOLOv3,G,0,6,70,task,0.354842,3697.51748251748
YOLOv3,G,0,6,71,task,0.509017,3660.94405594406
YOLOv3,G,0,6,72,task,0.352916,3702.25174825175
YOLOv3,G,0,6,73,task,0.542705,3661.16783216783
YOLOv3,G,0,6,74,task,17418.7,3872.95580478373
YOLOv3,G,0,7,0,in,87.3436,4931.34930643127
YOLOv3,G,0,7,0,task,0.404804,4188.04895104895
YOLOv3,G,0,7,1,task,0.285279,4056.38461538462
YOLOv3,G,0,7,2,task,0.2639,4280.13286713287
YOLOv3,G,0,7,3,task,0.43193,3972.51282051282
YOLOv3,G,0,7,4,task,0.363154,3846.10489510489
YOLOv3,G,0,7,5,task,0.332617,3833.66433566433
YOLOv3,G,0,7,6,task,0.605996,3918.54166666667
YOLOv3,G,0,7,7,task,0.348163,3802.42657342657
YOLOv3,G,0,7,8,task,0.557491,3814.47435897436
YOLOv3,G,0,7,9,task,0.474134,4175.06293706294
YOLOv3,G,0,7,10,task,0.384913,4479.79020979021
YOLOv3,G,0,7,11,task,0.734125,4658.70192307692
YOLOv3,G,0,7,12,task,0.409529,4333.30769230769
YOLOv3,G,0,7,13,task,0.616963,4298.64743589744
YOLOv3,G,0,7,14,task,0.374442,4303.44055944056
YOLOv3,G,0,7,15,task,0.70493,4649.15064102564
YOLOv3,G,0,7,16,task,0.405037,4446.55944055944
YOLOv3,G,0,7,17,task,0.543959,3697.19230769231
YOLOv3,G,0,7,18,task,0.364263,3814.36363636364
YOLOv3,G,0,7,19,task,0.556617,3753.92948717949
YOLOv3,G,0,7,20,task,0.322992,3704.25174825175
YOLOv3,G,0,7,21,task,0.534917,3705.93269230769
YOLOv3,G,0,7,22,task,0.317362,3715.18181818182
YOLOv3,G,0,7,23,task,0.562012,3736.76923076923
YOLOv3,G,0,7,24,task,0.330663,3708.41258741259
YOLOv3,G,0,7,25,task,0.536229,3695.36858974359
YOLOv3,G,0,7,26,task,0.414458,3694.52447552448
YOLOv3,G,0,7,27,task,0.314854,3698.9020979021
YOLOv3,G,0,7,28,task,0.5418,3701.95512820513
YOLOv3,G,0,7,29,task,0.314212,3698.07692307692
YOLOv3,G,0,7,30,task,0.536229,3700.17948717949
YOLOv3,G,0,7,31,task,0.314883,3691.67832167832
YOLOv3,G,0,7,32,task,0.533721,3690.47756410256
YOLOv3,G,0,7,33,task,0.380917,3865.9020979021
YOLOv3,G,0,7,34,task,0.530279,3690.84294871795
YOLOv3,G,0,7,35,task,0.311704,3697.45454545455
YOLOv3,G,0,7,36,task,0.523863,3701.375
YOLOv3,G,0,7,37,task,0.308321,3684.34265734266
YOLOv3,G,0,7,38,task,0.529287,3699.14743589744
YOLOv3,G,0,7,39,task,0.329175,3737.18181818182
YOLOv3,G,0,7,40,task,0.544338,3706.99358974359
YOLOv3,G,0,7,41,task,0.317275,3802.23776223776
YOLOv3,G,0,7,42,task,0.590771,3834.29487179487
YOLOv3,G,0,7,43,task,0.41965,3879.06993006993
YOLOv3,G,0,7,44,task,0.43085,4666.65734265734
YOLOv3,G,0,7,45,task,0.661763,4096.13782051282
YOLOv3,G,0,7,46,task,0.328562,3756.61538461538
YOLOv3,G,0,7,47,task,0.533779,3751.08333333333
YOLOv3,G,0,7,48,task,0.351721,4056.35664335664
YOLOv3,G,0,7,49,task,0.556442,3830.98717948718
YOLOv3,G,0,7,50,task,0.284638,3727.34965034965
YOLOv3,G,0,7,51,task,0.471217,3719.32051282051
YOLOv3,G,0,7,52,task,0.271104,3723.95104895105
YOLOv3,G,0,7,53,task,0.4816,4397.11188811189
YOLOv3,G,0,7,54,task,0.328912,3866.76923076923
YOLOv3,G,0,7,55,task,0.438842,3840.8041958042
YOLOv3,G,0,7,56,task,0.276383,3735.72027972028
YOLOv3,G,0,7,57,task,0.420992,3732.04895104895
YOLOv3,G,0,7,58,task,0.684133,3745.62576312576
YOLOv3,G,0,7,59,task,0.482154,3717.19047619048
YOLOv3,G,0,7,60,task,0.384825,3741.45454545455
YOLOv3,G,0,7,61,task,0.481804,3739.51048951049
YOLOv3,G,0,7,62,task,0.299192,3710.48951048951
YOLOv3,G,0,7,63,task,0.476671,3750.75524475524
YOLOv3,G,0,7,64,task,0.296917,3738.45454545454
YOLOv3,G,0,7,65,task,0.472004,3837.35664335664
YOLOv3,G,0,7,66,task,0.791671,4481.22832722833
YOLOv3,G,0,7,67,task,0.673021,4549.67582417582
YOLOv3,G,0,7,68,task,0.355717,4085.02797202797
YOLOv3,G,0,7,69,task,0.448175,3715.12587412587
YOLOv3,G,0,7,70,task,0.295692,3716.95804195804
YOLOv3,G,0,7,71,task,0.456838,3740.53846153846
YOLOv3,G,0,7,72,task,0.289012,3744.16783216783
YOLOv3,G,0,7,73,task,0.5131,3785.41958041958
YOLOv3,G,0,7,74,task,17468.7,3948.73824716723
YOLOv3,G,1,0,0,in,380.31,3442.16345140552
YOLOv3,G,1,0,0,task,1.12688,3904.20979020979
YOLOv3,G,1,0,1,task,0.830346,4272.75524475525
YOLOv3,G,1,0,2,task,0.672408,4050.39160839161
YOLOv3,G,1,0,3,task,1.20849,3784.08936651584
YOLOv3,G,1,0,4,task,1.28441,3794.49184149184
YOLOv3,G,1,0,5,task,1.01771,3800.51748251748
YOLOv3,G,1,0,6,task,1.82368,4328.18156108597
YOLOv3,G,1,0,7,task,1.09935,4854.51748251748
YOLOv3,G,1,0,8,task,1.81145,4464.8020361991
YOLOv3,G,1,0,9,task,1.43736,4472.47668997669
YOLOv3,G,1,0,10,task,1.14896,4851.00932400932
YOLOv3,G,1,0,11,task,1.94408,3843.18721719457
YOLOv3,G,1,0,12,task,0.995079,3669.67132867133
YOLOv3,G,1,0,13,task,1.74872,3679.27319004525
YOLOv3,G,1,0,14,task,0.999775,3682.88811188811
YOLOv3,G,1,0,15,task,1.71509,3673.5492081448
YOLOv3,G,1,0,16,task,0.989654,3678.64335664336
YOLOv3,G,1,0,17,task,1.69966,3677.54242081448
YOLOv3,G,1,0,18,task,0.994787,3680.16783216783
YOLOv3,G,1,0,19,task,1.69884,3684.56165158371
YOLOv3,G,1,0,20,task,1.04749,3698.97453828223
YOLOv3,G,1,0,21,task,1.7943,3708.04864253394
YOLOv3,G,1,0,22,task,1.03618,3702.44055944056
YOLOv3,G,1,0,23,task,1.75236,3682.90441176471
YOLOv3,G,1,0,24,task,1.0915,3711.24475524476
YOLOv3,G,1,0,25,task,1.75855,3681.51866515837
YOLOv3,G,1,0,26,task,1.33114,3671.3986013986
YOLOv3,G,1,0,27,task,1.00097,3680.37762237762
YOLOv3,G,1,0,28,task,1.9845,4255.97457066497
YOLOv3,G,1,0,29,task,1.25478,4373.64335664336
YOLOv3,G,1,0,30,task,1.90543,3779.43156108597
YOLOv3,G,1,0,31,task,1.1578,4137.44638694639
YOLOv3,G,1,0,32,task,1.83027,3738.30599547511
YOLOv3,G,1,0,33,task,1.02416,3703.58741258741
YOLOv3,G,1,0,34,task,1.83584,4061.32918552036
YOLOv3,G,1,0,35,task,1.0176,3720.56643356643
YOLOv3,G,1,0,36,task,1.71296,3725.10746606335
YOLOv3,G,1,0,37,task,1.02967,3732.56105433029
YOLOv3,G,1,0,38,task,1.76636,3729.02432126697
YOLOv3,G,1,0,39,task,1.00462,3730.48951048951
YOLOv3,G,1,0,40,task,1.73002,3688.63122171946
YOLOv3,G,1,0,41,task,1.00135,3687.83216783217
YOLOv3,G,1,0,42,task,1.74049,3919.62104072398
YOLOv3,G,1,0,43,task,1.46781,4819.21328671329
YOLOv3,G,1,0,44,task,1.08001,4433.46853146853
YOLOv3,G,1,0,45,task,1.9348,4575.6278280543
YOLOv3,G,1,0,46,task,0.998229,3703.65734265734
YOLOv3,G,1,0,47,task,1.67539,3703.46436651584
YOLOv3,G,1,0,48,task,1.00736,3717.36363636364
YOLOv3,G,1,0,49,task,1.7274,3720.51753393665
YOLOv3,G,1,0,50,task,1.10772,3733.0979020979
YOLOv3,G,1,0,51,task,1.82391,3738.36255656109
YOLOv3,G,1,0,52,task,0.899588,3734.11188811189
YOLOv3,G,1,0,53,task,1.44451,3750.20979020979
YOLOv3,G,1,0,54,task,0.888592,3745.46153846154
YOLOv3,G,1,0,55,task,1.47662,3780
YOLOv3,G,1,0,56,task,0.9282,3768.37762237762
YOLOv3,G,1,0,57,task,1.45291,3804.68531468531
YOLOv3,G,1,0,58,task,2.19712,3779.5507045507
YOLOv3,G,1,0,59,task,1.59049,3804.88511488511
YOLOv3,G,1,0,60,task,0.993708,3779.6013986014
YOLOv3,G,1,0,61,task,1.63039,3800.60023310023
YOLOv3,G,1,0,62,task,1.02276,4265.76223776224
YOLOv3,G,1,0,63,task,1.6326,3781.47435897436
YOLOv3,G,1,0,64,task,1.01427,3685.73193473193
YOLOv3,G,1,0,65,task,1.56004,3982.9662004662
YOLOv3,G,1,0,66,task,2.24312,3780.07680757681
YOLOv3,G,1,0,67,task,1.51366,3690.25974025974
YOLOv3,G,1,0,68,task,0.937738,3688.79020979021
YOLOv3,G,1,0,69,task,1.48158,3687.94871794872
YOLOv3,G,1,0,70,task,0.923446,3683.98601398601
YOLOv3,G,1,0,71,task,1.49689,3697.7331002331
YOLOv3,G,1,0,72,task,0.974254,4385.66433566434
YOLOv3,G,1,0,73,task,1.54397,3919.28904428904
YOLOv3,G,1,0,74,task,10904.6,4063.37343186583
YOLOv3,G,1,1,0,in,257.915,3402.0891887966
YOLOv3,G,1,1,0,task,0.745062,3931.02097902098
YOLOv3,G,1,1,1,task,0.708662,4306.09090909091
YOLOv3,G,1,1,2,task,0.532788,4076.96503496504
YOLOv3,G,1,1,3,task,1.0071,3786.75961538462
YOLOv3,G,1,1,4,task,0.899967,3796.74125874126
YOLOv3,G,1,1,5,task,0.71435,3799.34265734266
YOLOv3,G,1,1,6,task,1.35619,4257.16346153846
YOLOv3,G,1,1,7,task,0.903787,4836.58041958042
YOLOv3,G,1,1,8,task,1.43768,4465.57692307692
YOLOv3,G,1,1,9,task,1.13543,4468.93706293706
YOLOv3,G,1,1,10,task,0.973963,4863.02797202797
YOLOv3,G,1,1,11,task,1.54403,4056.01809954751
YOLOv3,G,1,1,12,task,0.828509,3732.56643356643
YOLOv3,G,1,1,13,task,1.32866,3721.76187782805
YOLOv3,G,1,1,14,task,0.763759,3685.63636363636
YOLOv3,G,1,1,15,task,1.23197,3688.65705128205
YOLOv3,G,1,1,16,task,0.725405,3682.61538461538
YOLOv3,G,1,1,17,task,1.2607,3698.09106334842
YOLOv3,G,1,1,18,task,0.728438,3704.65034965035
YOLOv3,G,1,1,19,task,1.28812,3708.65384615385
YOLOv3,G,1,1,20,task,0.731325,3685.48951048951
YOLOv3,G,1,1,21,task,1.21368,3685.59615384615
YOLOv3,G,1,1,22,task,0.735467,3687.3006993007
YOLOv3,G,1,1,23,task,1.22214,3712.08201357466
YOLOv3,G,1,1,24,task,0.766733,3724.18181818182
YOLOv3,G,1,1,25,task,1.20272,3695.01659125189
YOLOv3,G,1,1,26,task,1.03241,3708.38461538462
YOLOv3,G,1,1,27,task,0.729313,3688.46853146853
YOLOv3,G,1,1,28,task,1.37258,3728.03883861237
YOLOv3,G,1,1,29,task,0.900142,4836.37762237762
YOLOv3,G,1,1,30,task,1.27511,3784.27884615385
YOLOv3,G,1,1,31,task,0.721292,3742.42657342657
YOLOv3,G,1,1,32,task,1.35643,4176.82409502262
YOLOv3,G,1,1,33,task,0.735263,3704.44755244755
YOLOv3,G,1,1,34,task,1.23518,3703.6858974359
YOLOv3,G,1,1,35,task,0.795375,4257.47552447553
YOLOv3,G,1,1,36,task,1.27088,3750.75301659125
YOLOv3,G,1,1,37,task,0.724209,3733.32867132867
YOLOv3,G,1,1,38,task,1.24393,3725.04487179487
YOLOv3,G,1,1,39,task,0.732142,3731.45454545454
YOLOv3,G,1,1,40,task,1.22876,3702.88461538462
YOLOv3,G,1,1,41,task,0.711754,3689.06293706294
YOLOv3,G,1,1,42,task,1.22497,3699.13782051282
YOLOv3,G,1,1,43,task,0.968654,4278.96503496504
YOLOv3,G,1,1,44,task,0.829238,4818.72727272727
YOLOv3,G,1,1,45,task,1.30807,4515.95663650075
YOLOv3,G,1,1,46,task,0.875788,4292.1048951049
YOLOv3,G,1,1,47,task,1.2215,3739.625
YOLOv3,G,1,1,48,task,0.774871,3755.29370629371
YOLOv3,G,1,1,49,task,1.20333,3732.37726244344
YOLOv3,G,1,1,50,task,0.758129,3737.86013986014
YOLOv3,G,1,1,51,task,1.19817,3742.04487179487
YOLOv3,G,1,1,52,task,0.632421,3777.52447552448
YOLOv3,G,1,1,53,task,0.977142,3769.42540792541
YOLOv3,G,1,1,54,task,0.6181,3772.94405594406
YOLOv3,G,1,1,55,task,0.923563,3761.41958041958
YOLOv3,G,1,1,56,task,0.710208,3758.17482517482
YOLOv3,G,1,1,57,task,0.95935,3768.06293706294
YOLOv3,G,1,1,58,task,1.4049,3785.31762531763
YOLOv3,G,1,1,59,task,1.07739,3806.23443223443
YOLOv3,G,1,1,60,task,0.670921,3810.94405594406
YOLOv3,G,1,1,61,task,1.17845,3844.00699300699
YOLOv3,G,1,1,62,task,0.703121,3800.73426573427
YOLOv3,G,1,1,63,task,1.04854,4077.18881118881
YOLOv3,G,1,1,64,task,0.682471,3976.77622377622
YOLOv3,G,1,1,65,task,1.00103,3681.85314685315
YOLOv3,G,1,1,66,task,1.5769,3806.20524370524
YOLOv3,G,1,1,67,task,1.15083,3719.74358974359
YOLOv3,G,1,1,68,task,0.680925,3690.29370629371
YOLOv3,G,1,1,69,task,1.06383,3717.29370629371
YOLOv3,G,1,1,70,task,0.688421,3718.86013986014
YOLOv3,G,1,1,71,task,1.05178,3699.93006993007
YOLOv3,G,1,1,72,task,0.669142,3688.48251748252
YOLOv3,G,1,1,73,task,1.09124,3851.2027972028
YOLOv3,G,1,1,74,task,10932.5,4072.92758465259
YOLOv3,G,1,2,0,in,190.028,3566.52946754252
YOLOv3,G,1,2,0,task,0.766908,3958.4965034965
YOLOv3,G,1,2,1,task,0.560992,4313.11888111888
YOLOv3,G,1,2,2,task,0.458092,4088.09090909091
YOLOv3,G,1,2,3,task,0.765275,3808.02243589744
YOLOv3,G,1,2,4,task,0.729954,3846.82517482517
YOLOv3,G,1,2,5,task,0.548654,3804.32867132867
YOLOv3,G,1,2,6,task,0.945292,4212.3141025641
YOLOv3,G,1,2,7,task,0.667013,4828.73426573427
YOLOv3,G,1,2,8,task,1.11504,4500.85576923077
YOLOv3,G,1,2,9,task,0.883371,4475.65034965035
YOLOv3,G,1,2,10,task,0.843851,4867
YOLOv3,G,1,2,11,task,1.26394,4231.13461538462
YOLOv3,G,1,2,12,task,0.606521,3693.52447552448
YOLOv3,G,1,2,13,task,0.975596,3696.55128205128
YOLOv3,G,1,2,14,task,0.5572,3695.30769230769
YOLOv3,G,1,2,15,task,0.943017,3703.78846153846
YOLOv3,G,1,2,16,task,0.552417,3725.10489510489
YOLOv3,G,1,2,17,task,0.950658,3688.83333333333
YOLOv3,G,1,2,18,task,0.556792,3685.06293706294
YOLOv3,G,1,2,19,task,0.962791,3707.23717948718
YOLOv3,G,1,2,20,task,0.578638,3771.18181818182
YOLOv3,G,1,2,21,task,0.909533,3699.875
YOLOv3,G,1,2,22,task,0.5278,3703.41958041958
YOLOv3,G,1,2,23,task,0.891509,3688.05448717949
YOLOv3,G,1,2,24,task,0.588029,3704.26573426573
YOLOv3,G,1,2,25,task,0.970229,3727.98076923077
YOLOv3,G,1,2,26,task,0.685183,3714.62937062937
YOLOv3,G,1,2,27,task,0.5376,3721.18181818182
YOLOv3,G,1,2,28,task,0.888738,3696.89423076923
YOLOv3,G,1,2,29,task,0.595671,4545.66433566434
YOLOv3,G,1,2,30,task,1.08255,4170.64102564103
YOLOv3,G,1,2,31,task,0.549646,3760.05594405594
YOLOv3,G,1,2,32,task,1.03078,4203.86538461538
YOLOv3,G,1,2,33,task,0.570033,3717.72027972028
YOLOv3,G,1,2,34,task,1.00666,3756.3141025641
YOLOv3,G,1,2,35,task,0.662841,4116.54545454546
YOLOv3,G,1,2,36,task,0.927822,3752.34615384615
YOLOv3,G,1,2,37,task,0.555217,3752.1958041958
YOLOv3,G,1,2,38,task,0.957629,3741.61858974359
YOLOv3,G,1,2,39,task,0.600075,3770.59440559441
YOLOv3,G,1,2,40,task,0.961392,3742.88782051282
YOLOv3,G,1,2,41,task,0.561983,3697.60839160839
YOLOv3,G,1,2,42,task,0.958009,3713.87179487179
YOLOv3,G,1,2,43,task,0.748737,3738.34965034965
YOLOv3,G,1,2,44,task,0.663717,4759.83916083916
YOLOv3,G,1,2,45,task,1.15453,4605.40705128205
YOLOv3,G,1,2,46,task,0.781171,4894.47552447553
YOLOv3,G,1,2,47,task,1.02346,3785.92628205128
YOLOv3,G,1,2,48,task,0.553467,3735.73426573427
YOLOv3,G,1,2,49,task,0.934063,3735.10576923077
YOLOv3,G,1,2,50,task,0.590859,3744.38461538462
YOLOv3,G,1,2,51,task,0.930883,3775.17307692308
YOLOv3,G,1,2,52,task,0.477108,3786.58041958042
YOLOv3,G,1,2,53,task,0.742788,3764.88111888112
YOLOv3,G,1,2,54,task,0.467191,3761.23776223776
YOLOv3,G,1,2,55,task,0.760434,3793.2027972028
YOLOv3,G,1,2,56,task,0.521354,3820.04195804196
YOLOv3,G,1,2,57,task,0.74308,3774.16083916084
YOLOv3,G,1,2,58,task,1.12388,3772.06294756295
YOLOv3,G,1,2,59,task,0.854029,3810.07692307692
YOLOv3,G,1,2,60,task,0.50257,3815.5034965035
YOLOv3,G,1,2,61,task,0.891362,3830.54545454545
YOLOv3,G,1,2,62,task,0.583713,3846.11188811189
YOLOv3,G,1,2,63,task,0.84108,3812.15384615385
YOLOv3,G,1,2,64,task,0.560321,4295.26573426573
YOLOv3,G,1,2,65,task,0.8771,3844.35664335664
YOLOv3,G,1,2,66,task,1.27692,3795.42908292908
YOLOv3,G,1,2,67,task,0.87185,3864.93772893773
YOLOv3,G,1,2,68,task,0.586425,3747.93006993007
YOLOv3,G,1,2,69,task,0.812087,3720.95104895105
YOLOv3,G,1,2,70,task,0.523075,3710.55244755245
YOLOv3,G,1,2,71,task,0.819263,3706.6993006993
YOLOv3,G,1,2,72,task,0.535733,3712.62937062937
YOLOv3,G,1,2,73,task,0.8988,3741.51048951049
YOLOv3,G,1,2,74,task,11058.7,4083.62662057536
YOLOv3,G,1,3,0,in,154.389,3720.76941056961
YOLOv3,G,1,3,0,task,0.555305,4031.52447552448
YOLOv3,G,1,3,1,task,0.504204,4339.16783216783
YOLOv3,G,1,3,2,task,0.43333,4121.26573426573
YOLOv3,G,1,3,3,task,0.705279,3851.17628205128
YOLOv3,G,1,3,4,task,0.623234,3823.53146853147
YOLOv3,G,1,3,5,task,0.489592,3822.1958041958
YOLOv3,G,1,3,6,task,0.835829,4240.95664642375
YOLOv3,G,1,3,7,task,0.676025,4895.60939060939
YOLOv3,G,1,3,8,task,0.966467,4518.8717948718
YOLOv3,G,1,3,9,task,0.760813,4524.1048951049
YOLOv3,G,1,3,10,task,0.726921,4878.6013986014
YOLOv3,G,1,3,11,task,1.23267,4279.54053544495
YOLOv3,G,1,3,12,task,0.529113,3735.48951048951
YOLOv3,G,1,3,13,task,0.830259,3715.3782051282
YOLOv3,G,1,3,14,task,0.476875,3716.8951048951
YOLOv3,G,1,3,15,task,0.797475,3726.41987179487
YOLOv3,G,1,3,16,task,0.497059,3746.57342657343
YOLOv3,G,1,3,17,task,0.828946,3713.20192307692
YOLOv3,G,1,3,18,task,0.502104,3749.3986013986
YOLOv3,G,1,3,19,task,0.787996,3730.83974358974
YOLOv3,G,1,3,20,task,0.458763,3726.04195804196
YOLOv3,G,1,3,21,task,0.766034,3715.58653846154
YOLOv3,G,1,3,22,task,0.467834,3712.04895104895
YOLOv3,G,1,3,23,task,0.820896,3727.5608974359
YOLOv3,G,1,3,24,task,0.488396,3718.10489510489
YOLOv3,G,1,3,25,task,0.799283,3761.90705128205
YOLOv3,G,1,3,26,task,0.624458,3727.45454545454
YOLOv3,G,1,3,27,task,0.482767,3723.65034965035
YOLOv3,G,1,3,28,task,0.813313,3737.11538461538
YOLOv3,G,1,3,29,task,0.550346,4379.5034965035
YOLOv3,G,1,3,30,task,1.20129,4343.37009803922
YOLOv3,G,1,3,31,task,0.558163,3877.29370629371
YOLOv3,G,1,3,32,task,0.839387,4144.8141025641
YOLOv3,G,1,3,33,task,0.482737,3737.74825174825
YOLOv3,G,1,3,34,task,0.805496,3746.21153846154
YOLOv3,G,1,3,35,task,0.510708,3881.66433566434
YOLOv3,G,1,3,36,task,0.797242,3794.27564102564
YOLOv3,G,1,3,37,task,0.475067,3772.85314685315
YOLOv3,G,1,3,38,task,0.790388,3759.77243589744
YOLOv3,G,1,3,39,task,0.486734,3797.33566433566
YOLOv3,G,1,3,40,task,0.788959,3764.82371794872
YOLOv3,G,1,3,41,task,0.473492,3717.70629370629
YOLOv3,G,1,3,42,task,0.791816,3721.77564102564
YOLOv3,G,1,3,43,task,0.609759,3730.82517482517
YOLOv3,G,1,3,44,task,0.517358,4571.41258741259
YOLOv3,G,1,3,45,task,0.9394,4693.23076923077
YOLOv3,G,1,3,46,task,0.688042,4700.4965034965
YOLOv3,G,1,3,47,task,1.03641,3987.48076923077
YOLOv3,G,1,3,48,task,0.467455,3746.15384615385
YOLOv3,G,1,3,49,task,0.791495,3757.65064102564
YOLOv3,G,1,3,50,task,0.507092,3770.53146853147
YOLOv3,G,1,3,51,task,0.808209,3785.89423076923
YOLOv3,G,1,3,52,task,0.4053,3766.25174825175
YOLOv3,G,1,3,53,task,0.697113,3783.77622377622
YOLOv3,G,1,3,54,task,0.414458,3812.76923076923
YOLOv3,G,1,3,55,task,0.60483,3784.23076923077
YOLOv3,G,1,3,56,task,0.377475,3776.14685314685
YOLOv3,G,1,3,57,task,0.590538,3799.04895104895
YOLOv3,G,1,3,58,task,0.948092,3786.19902319902
YOLOv3,G,1,3,59,task,0.683988,3806.87728937729
YOLOv3,G,1,3,60,task,0.423267,3829.06293706294
YOLOv3,G,1,3,61,task,0.7336,3814.94405594406
YOLOv3,G,1,3,62,task,0.447358,3823.04895104895
YOLOv3,G,1,3,63,task,0.68355,3840.34265734266
YOLOv3,G,1,3,64,task,0.450421,3846.45454545455
YOLOv3,G,1,3,65,task,0.821275,4453.91608391608
YOLOv3,G,1,3,66,task,1.0899,3858.53441903442
YOLOv3,G,1,3,67,task,0.736459,3840.24175824176
YOLOv3,G,1,3,68,task,0.483613,3743.18181818182
YOLOv3,G,1,3,69,task,0.673808,3744.41258741259
YOLOv3,G,1,3,70,task,0.438433,3724.31468531469
YOLOv3,G,1,3,71,task,0.700758,3725.16783216783
YOLOv3,G,1,3,72,task,0.444033,3725.78321678322
YOLOv3,G,1,3,73,task,0.711171,3754.82517482517
YOLOv3,G,1,3,74,task,,4100.8265846394
YOLOv3,G,1,4,0,in,129.626,3921.93769116546
YOLOv3,G,1,4,0,task,0.502163,4103.51748251748
YOLOv3,G,1,4,1,task,0.442138,4373.96503496503
YOLOv3,G,1,4,2,task,0.338305,4144.88811188811
YOLOv3,G,1,4,3,task,0.558192,3850.87179487179
YOLOv3,G,1,4,4,task,0.46795,3863.99300699301
YOLOv3,G,1,4,5,task,0.462233,3877.14685314685
YOLOv3,G,1,4,6,task,0.768046,4237.10256410257
YOLOv3,G,1,4,7,task,0.537687,4863.95104895105
YOLOv3,G,1,4,8,task,0.840437,4555.91025641026
YOLOv3,G,1,4,9,task,0.669346,4534.44755244755
YOLOv3,G,1,4,10,task,0.662287,4899.29370629371
YOLOv3,G,1,4,11,task,0.985454,4362.36858974359
YOLOv3,G,1,4,12,task,0.454767,3737.84615384615
YOLOv3,G,1,4,13,task,0.737917,3751.52884615385
YOLOv3,G,1,4,14,task,0.448933,3761.37762237762
YOLOv3,G,1,4,15,task,0.703995,3768.15705128205
YOLOv3,G,1,4,16,task,0.428487,3774.05594405594
YOLOv3,G,1,4,17,task,0.73885,3768.30769230769
YOLOv3,G,1,4,18,task,0.461679,3793.74125874126
YOLOv3,G,1,4,19,task,0.696558,3748.88141025641
YOLOv3,G,1,4,20,task,0.438987,3753.54545454545
YOLOv3,G,1,4,21,task,0.732025,3774.79807692308
YOLOv3,G,1,4,22,task,0.4536,3744.28671328671
YOLOv3,G,1,4,23,task,0.709537,3741.13782051282
YOLOv3,G,1,4,24,task,0.481308,3801.22377622378
YOLOv3,G,1,4,25,task,0.692505,3741.08012820513
YOLOv3,G,1,4,26,task,0.550462,3787.97902097902
YOLOv3,G,1,4,27,task,0.420904,3742.68531468531
YOLOv3,G,1,4,28,task,0.790912,3817.71794871795
YOLOv3,G,1,4,29,task,0.441525,4159.20979020979
YOLOv3,G,1,4,30,task,0.965096,4546.94551282051
YOLOv3,G,1,4,31,task,0.421983,3801.6013986014
YOLOv3,G,1,4,32,task,0.727563,3992.61538461538
YOLOv3,G,1,4,33,task,0.431725,3819.53146853147
YOLOv3,G,1,4,34,task,0.721029,3759.74038461538
YOLOv3,G,1,4,35,task,0.434583,3757.25874125874
YOLOv3,G,1,4,36,task,0.8575,3987.05769230769
YOLOv3,G,1,4,37,task,0.414517,3795.87412587413
YOLOv3,G,1,4,38,task,0.716333,3793.60576923077
YOLOv3,G,1,4,39,task,0.415654,3791.4965034965
YOLOv3,G,1,4,40,task,0.737421,3805.40064102564
YOLOv3,G,1,4,41,task,0.4305,3742.30769230769
YOLOv3,G,1,4,42,task,0.6993,3750.45192307692
YOLOv3,G,1,4,43,task,0.532204,3754.10489510489
YOLOv3,G,1,4,44,task,0.446659,4263.56643356643
YOLOv3,G,1,4,45,task,0.895008,4814.38141025641
YOLOv3,G,1,4,46,task,0.499509,4556.67132867133
YOLOv3,G,1,4,47,task,0.982129,4318.60576923077
YOLOv3,G,1,4,48,task,0.412709,3776.72727272727
YOLOv3,G,1,4,49,task,0.723129,3835.67307692308
YOLOv3,G,1,4,50,task,0.421721,3815.39160839161
YOLOv3,G,1,4,51,task,0.688421,3814.73076923077
YOLOv3,G,1,4,52,task,0.370708,3806.39160839161
YOLOv3,G,1,4,53,task,0.562975,3815.33566433566
YOLOv3,G,1,4,54,task,0.379575,3845.72727272727
YOLOv3,G,1,4,55,task,0.556442,3816.99300699301
YOLOv3,G,1,4,56,task,0.345742,3803.02797202797
YOLOv3,G,1,4,57,task,0.585871,3871.74825174825
YOLOv3,G,1,4,58,task,0.845017,3805.10622710623
YOLOv3,G,1,4,59,task,0.612587,3844.92857142857
YOLOv3,G,1,4,60,task,0.36925,3853.65034965035
YOLOv3,G,1,4,61,task,0.661792,3901.9662004662
YOLOv3,G,1,4,62,task,0.425221,3862.25174825175
YOLOv3,G,1,4,63,task,0.618888,3898.56643356643
YOLOv3,G,1,4,64,task,0.384825,3848.04895104895
YOLOv3,G,1,4,65,task,0.732462,4601.9020979021
YOLOv3,G,1,4,66,task,0.945962,3794.77533577533
YOLOv3,G,1,4,67,task,0.712308,3801.72161172161
YOLOv3,G,1,4,68,task,0.409383,3831.58741258741
YOLOv3,G,1,4,69,task,0.6069,3752.73426573427
YOLOv3,G,1,4,70,task,0.389608,3753.17482517483
YOLOv3,G,1,4,71,task,0.604187,3748.57342657343
YOLOv3,G,1,4,72,task,0.393867,3744.7972027972
YOLOv3,G,1,4,73,task,0.596954,3760.39160839161
YOLOv3,G,1,4,74,task,10904.9,4132.70133264049
YOLOv3,G,1,5,0,in,110.056,4216.07927225471
YOLOv3,G,1,5,0,task,0.45885,4181.16783216783
YOLOv3,G,1,5,1,task,0.409821,4404.02797202797
YOLOv3,G,1,5,2,task,0.302721,4192.96503496503
YOLOv3,G,1,5,3,task,0.508725,3904.48076923077
YOLOv3,G,1,5,4,task,0.378671,3903.70629370629
YOLOv3,G,1,5,5,task,0.404746,3888.97902097902
YOLOv3,G,1,5,6,task,0.696675,4291.37820512821
YOLOv3,G,1,5,7,task,0.510679,4894.8041958042
YOLOv3,G,1,5,8,task,0.809375,4609.39423076923
YOLOv3,G,1,5,9,task,0.578813,4574.39160839161
YOLOv3,G,1,5,10,task,0.635279,4923.87412587413
YOLOv3,G,1,5,11,task,0.990763,4507.58974358974
YOLOv3,G,1,5,12,task,0.412825,3802.0979020979
YOLOv3,G,1,5,13,task,0.656308,3809.04487179487
YOLOv3,G,1,5,14,task,0.379167,3813.70629370629
YOLOv3,G,1,5,15,task,0.627871,3784.57692307692
YOLOv3,G,1,5,16,task,0.391767,3826.78321678322
YOLOv3,G,1,5,17,task,0.627929,3791.94230769231
YOLOv3,G,1,5,18,task,0.405971,3822.18881118881
YOLOv3,G,1,5,19,task,0.73255,3917.1891025641
YOLOv3,G,1,5,20,task,0.3675,3799.3986013986
YOLOv3,G,1,5,21,task,0.605791,3791.75961538462
YOLOv3,G,1,5,22,task,0.386196,3846.06293706294
YOLOv3,G,1,5,23,task,0.574846,3780.33974358974
YOLOv3,G,1,5,24,task,0.361754,3781.04195804196
YOLOv3,G,1,5,25,task,0.631692,3806.50961538462
YOLOv3,G,1,5,26,task,0.482009,3776.44055944056
YOLOv3,G,1,5,27,task,0.381296,3819.92307692308
YOLOv3,G,1,5,28,task,0.641434,3787.5641025641
YOLOv3,G,1,5,29,task,0.377067,3974.87412587413
YOLOv3,G,1,5,30,task,0.79555,4727.97756410256
YOLOv3,G,1,5,31,task,0.374967,3862.54545454545
YOLOv3,G,1,5,32,task,0.6307,3909.33974358974
YOLOv3,G,1,5,33,task,0.424171,3978.63636363636
YOLOv3,G,1,5,34,task,0.638021,3807.10897435897
YOLOv3,G,1,5,35,task,0.3822,3809.04895104895
YOLOv3,G,1,5,36,task,0.766558,4173.84935897436
YOLOv3,G,1,5,37,task,0.370009,3830.55244755245
YOLOv3,G,1,5,38,task,0.645167,3835.24358974359
YOLOv3,G,1,5,39,task,0.364437,3827
YOLOv3,G,1,5,40,task,0.612705,3836.35897435897
YOLOv3,G,1,5,41,task,0.368958,3803.27272727273
YOLOv3,G,1,5,42,task,0.629796,3850.37613122172
YOLOv3,G,1,5,43,task,0.466783,3797.3986013986
YOLOv3,G,1,5,44,task,0.393516,3990.53146853147
YOLOv3,G,1,5,45,task,0.791291,4903
YOLOv3,G,1,5,46,task,0.4928,4582.57342657343
YOLOv3,G,1,5,47,task,1.00739,4639.08653846154
YOLOv3,G,1,5,48,task,0.375171,3818.59440559441
YOLOv3,G,1,5,49,task,0.614425,3856.11538461538
YOLOv3,G,1,5,50,task,0.390571,3833.08391608392
YOLOv3,G,1,5,51,task,0.631721,3862.25
YOLOv3,G,1,5,52,task,0.338917,3873.04895104895
YOLOv3,G,1,5,53,task,0.517796,3912.23776223776
YOLOv3,G,1,5,54,task,0.3192,3858.93006993007
YOLOv3,G,1,5,55,task,0.550404,4031.32167832168
YOLOv3,G,1,5,56,task,0.337546,3927.2027972028
YOLOv3,G,1,5,57,task,0.469787,3881.90909090909
YOLOv3,G,1,5,58,task,0.744099,3875.28876678877
YOLOv3,G,1,5,59,task,0.565717,3889.47435897436
YOLOv3,G,1,5,60,task,0.351283,3903.37062937063
YOLOv3,G,1,5,61,task,0.595934,3925.29370629371
YOLOv3,G,1,5,62,task,0.38395,3923.95104895105
YOLOv3,G,1,5,63,task,0.548071,3907.29370629371
YOLOv3,G,1,5,64,task,0.361142,3896.99300699301
YOLOv3,G,1,5,65,task,0.600483,4414.53146853147
YOLOv3,G,1,5,66,task,0.88095,3803.89926739927
YOLOv3,G,1,5,67,task,0.63003,3827.08241758242
YOLOv3,G,1,5,68,task,0.387625,4001.58041958042
YOLOv3,G,1,5,69,task,0.532408,3792.03496503497
YOLOv3,G,1,5,70,task,0.334017,3785.56643356643
YOLOv3,G,1,5,71,task,0.534275,3800.33566433566
YOLOv3,G,1,5,72,task,0.359888,3795.44755244755
YOLOv3,G,1,5,73,task,0.529258,3791.78321678322
YOLOv3,G,1,5,74,task,10953.8,4168.44010436111
YOLOv3,G,1,6,0,in,97.4021,4542.43719186871
YOLOv3,G,1,6,0,task,0.419154,4296.1958041958
YOLOv3,G,1,6,1,task,0.386954,4475.61538461538
YOLOv3,G,1,6,2,task,0.283938,4327.63636363636
YOLOv3,G,1,6,3,task,0.461883,3961.9391025641
YOLOv3,G,1,6,4,task,0.396813,4029.00699300699
YOLOv3,G,1,6,5,task,0.412358,3998.37762237762
YOLOv3,G,1,6,6,task,0.693962,4355.98076923077
YOLOv3,G,1,6,7,task,0.569304,5014.71328671329
YOLOv3,G,1,6,8,task,0.800158,4688.88782051282
YOLOv3,G,1,6,9,task,0.522434,4650.06293706294
YOLOv3,G,1,6,10,task,0.544571,4974.18881118881
YOLOv3,G,1,6,11,task,0.880134,4523.98076923077
YOLOv3,G,1,6,12,task,0.374004,3831.83216783217
YOLOv3,G,1,6,13,task,0.591237,3851.97756410256
YOLOv3,G,1,6,14,task,0.346383,3856.74825174825
YOLOv3,G,1,6,15,task,0.567991,3840.89423076923
YOLOv3,G,1,6,16,task,0.339938,3852.69230769231
YOLOv3,G,1,6,17,task,0.585404,3839.37820512821
YOLOv3,G,1,6,18,task,0.354463,3847.51748251748
YOLOv3,G,1,6,19,task,0.574671,3832.10576923077
YOLOv3,G,1,6,20,task,0.341367,3838.95104895105
YOLOv3,G,1,6,21,task,0.566767,3849.39423076923
YOLOv3,G,1,6,22,task,0.343438,3836.96503496503
YOLOv3,G,1,6,23,task,0.565425,3842.88782051282
YOLOv3,G,1,6,24,task,0.355745,3850.44755244755
YOLOv3,G,1,6,25,task,0.598529,3852.98076923077
YOLOv3,G,1,6,26,task,0.439396,3834.62237762238
YOLOv3,G,1,6,27,task,0.337021,3848.78321678322
YOLOv3,G,1,6,28,task,0.584617,3839.89743589744
YOLOv3,G,1,6,29,task,0.397921,4034.10489510489
YOLOv3,G,1,6,30,task,0.815413,4876.34294871795
YOLOv3,G,1,6,31,task,0.3374,3966.41958041958
YOLOv3,G,1,6,32,task,0.603837,3965.44871794872
YOLOv3,G,1,6,33,task,0.412037,4106.22377622378
YOLOv3,G,1,6,34,task,0.612821,3935.05128205128
YOLOv3,G,1,6,35,task,0.364262,3867.36363636364
YOLOv3,G,1,6,36,task,0.738208,4280.63141025641
YOLOv3,G,1,6,37,task,0.34545,3886.86713286713
YOLOv3,G,1,6,38,task,0.587592,3919.05769230769
YOLOv3,G,1,6,39,task,0.354316,3910.10489510489
YOLOv3,G,1,6,40,task,0.589196,3879.13141025641
YOLOv3,G,1,6,41,task,0.411542,3965.76923076923
YOLOv3,G,1,6,42,task,0.619792,3866.98717948718
YOLOv3,G,1,6,43,task,0.510767,3933.6993006993
YOLOv3,G,1,6,44,task,0.373421,3999.81118881119
YOLOv3,G,1,6,45,task,0.866046,4972.41987179487
YOLOv3,G,1,6,46,task,0.420554,4593.88811188811
YOLOv3,G,1,6,47,task,0.831279,4766.27564102564
YOLOv3,G,1,6,48,task,0.342271,3885.31468531468
YOLOv3,G,1,6,49,task,0.563996,3982.70192307692
YOLOv3,G,1,6,50,task,0.372575,3987.59440559441
YOLOv3,G,1,6,51,task,0.584267,3896.43269230769
YOLOv3,G,1,6,52,task,0.297966,3906.47552447552
YOLOv3,G,1,6,53,task,0.467717,3905.03496503496
YOLOv3,G,1,6,54,task,0.298783,3920.01398601399
YOLOv3,G,1,6,55,task,0.451734,3923.61538461538
YOLOv3,G,1,6,56,task,0.292367,3910.77622377622
YOLOv3,G,1,6,57,task,0.452375,3916.45454545454
YOLOv3,G,1,6,58,task,0.693263,3899.62881562882
YOLOv3,G,1,6,59,task,0.545941,3982.90476190476
YOLOv3,G,1,6,60,task,0.308088,3949.5034965035
YOLOv3,G,1,6,61,task,0.531125,3936.40559440559
YOLOv3,G,1,6,62,task,0.336904,3936.34265734266
YOLOv3,G,1,6,63,task,0.522637,3976.99300699301
YOLOv3,G,1,6,64,task,0.358225,4027.04895104895
YOLOv3,G,1,6,65,task,0.556237,4375.1048951049
YOLOv3,G,1,6,66,task,0.782337,3900.80952380952
YOLOv3,G,1,6,67,task,0.500909,3942.45604395604
YOLOv3,G,1,6,68,task,0.415187,4231.39160839161
YOLOv3,G,1,6,69,task,0.471858,3855.33566433566
YOLOv3,G,1,6,70,task,0.290033,3831.82517482517
YOLOv3,G,1,6,71,task,0.461621,3840.82517482517
YOLOv3,G,1,6,72,task,0.321767,3905.90909090909
YOLOv3,G,1,6,73,task,0.489796,3869.33566433566
YOLOv3,G,1,6,74,task,10924.6,4224.76623280263
YOLOv3,G,1,7,0,in,87.1575,5006.10550651534
YOLOv3,G,1,7,0,task,0.429421,4541.13986013986
YOLOv3,G,1,7,1,task,0.398679,4604.27972027972
YOLOv3,G,1,7,2,task,0.307533,4361.74825174825
YOLOv3,G,1,7,3,task,0.476029,4030.50961538462
YOLOv3,G,1,7,4,task,0.415479,4128.1958041958
YOLOv3,G,1,7,5,task,0.316545,4043.47552447552
YOLOv3,G,1,7,6,task,0.545271,4376.40384615385
YOLOv3,G,1,7,7,task,0.44135,5053.88111888112
YOLOv3,G,1,7,8,task,0.690463,4783.61858974359
YOLOv3,G,1,7,9,task,0.477517,4810.71328671329
YOLOv3,G,1,7,10,task,0.578725,5089.76223776224
YOLOv3,G,1,7,11,task,0.866163,4654.19871794872
YOLOv3,G,1,7,12,task,0.358429,4031.81118881119
YOLOv3,G,1,7,13,task,0.572775,3957.95833333333
YOLOv3,G,1,7,14,task,0.325471,3937.63636363636
YOLOv3,G,1,7,15,task,0.54635,3943.24358974359
YOLOv3,G,1,7,16,task,0.321825,3950.85314685315
YOLOv3,G,1,7,17,task,0.534829,3934.31730769231
YOLOv3,G,1,7,18,task,0.321621,3943.04195804196
YOLOv3,G,1,7,19,task,0.536288,3926.4391025641
YOLOv3,G,1,7,20,task,0.315437,3933.92307692308
YOLOv3,G,1,7,21,task,0.522812,3933.03846153846
YOLOv3,G,1,7,22,task,0.319112,3937.04195804196
YOLOv3,G,1,7,23,task,0.522492,3928.41346153846
YOLOv3,G,1,7,24,task,0.321912,3933.11888111888
YOLOv3,G,1,7,25,task,0.543871,3960.68269230769
YOLOv3,G,1,7,26,task,0.422479,3993.67132867133
YOLOv3,G,1,7,27,task,0.340813,3970.51748251748
YOLOv3,G,1,7,28,task,0.533896,3929.33333333333
YOLOv3,G,1,7,29,task,0.350846,4025.85314685315
YOLOv3,G,1,7,30,task,0.717237,5036.86217948718
YOLOv3,G,1,7,31,task,0.320512,3993.17482517483
YOLOv3,G,1,7,32,task,0.544658,4004.66346153846
YOLOv3,G,1,7,33,task,0.400167,4334.1958041958
YOLOv3,G,1,7,34,task,0.53025,3952.00641025641
YOLOv3,G,1,7,35,task,0.344575,4014.23076923077
YOLOv3,G,1,7,36,task,0.760113,4507.20833333333
YOLOv3,G,1,7,37,task,0.361783,4037.24475524476
YOLOv3,G,1,7,38,task,0.551892,3990.41987179487
YOLOv3,G,1,7,39,task,0.359012,4048.48251748252
YOLOv3,G,1,7,40,task,0.540837,4009.15705128205
YOLOv3,G,1,7,41,task,0.315146,3969.62237762238
YOLOv3,G,1,7,42,task,0.52395,3941.60256410256
YOLOv3,G,1,7,43,task,0.407371,3955.84615384615
YOLOv3,G,1,7,44,task,0.322146,4027.55244755245
YOLOv3,G,1,7,45,task,0.702917,5155.41666666667
YOLOv3,G,1,7,46,task,0.395792,4692.2027972028
YOLOv3,G,1,7,47,task,0.813984,4973.78205128205
YOLOv3,G,1,7,48,task,0.350087,4006.67132867133
YOLOv3,G,1,7,49,task,0.522346,3987.25961538461
YOLOv3,G,1,7,50,task,0.354988,3987.16783216783
YOLOv3,G,1,7,51,task,0.538213,3988.83012820513
YOLOv3,G,1,7,52,task,0.2737,3985.61538461538
YOLOv3,G,1,7,53,task,0.430442,4014.72027972028
YOLOv3,G,1,7,54,task,0.274546,3994.27272727273
YOLOv3,G,1,7,55,task,0.424375,4013.57342657343
YOLOv3,G,1,7,56,task,0.2709,4000.4965034965
YOLOv3,G,1,7,57,task,0.418367,4016.90909090909
YOLOv3,G,1,7,58,task,0.646771,3996.26800976801
YOLOv3,G,1,7,59,task,0.470575,4027.24175824176
YOLOv3,G,1,7,60,task,0.314388,4117.71328671329
YOLOv3,G,1,7,61,task,0.51867,4163.41258741259
YOLOv3,G,1,7,62,task,0.332675,4043.81818181818
YOLOv3,G,1,7,63,task,0.488571,4056.67132867133
YOLOv3,G,1,7,64,task,0.3101,4053.99300699301
YOLOv3,G,1,7,65,task,0.5306,4340.63636363636
YOLOv3,G,1,7,66,task,0.786917,4003.15934065934
YOLOv3,G,1,7,67,task,0.543958,4056.2032967033
YOLOv3,G,1,7,68,task,0.352975,4288.0979020979
YOLOv3,G,1,7,69,task,0.492654,3975.86013986014
YOLOv3,G,1,7,70,task,0.329058,4005.73426573427
YOLOv3,G,1,7,71,task,0.506829,4030.00699300699
YOLOv3,G,1,7,72,task,0.308496,3941.08391608392
YOLOv3,G,1,7,73,task,0.476146,3956.15384615385
YOLOv3,G,1,7,74,task,11051.6,4300.60962814926
YOLOv3,G,2,0,0,in,379.264,3499.80458893343
YOLOv3,G,2,0,0,task,1.5706,4142.61915008069
YOLOv3,G,2,0,1,task,0.950775,4797.96503496504
YOLOv3,G,2,0,2,task,0.712163,4121.17482517483
YOLOv3,G,2,0,3,task,1.46329,4136.13970588235
YOLOv3,G,2,0,4,task,1.38991,4155.39627039627
YOLOv3,G,2,0,5,task,1.19096,5188.88111888112
YOLOv3,G,2,0,6,task,2.09563,4952.82805429864
YOLOv3,G,2,0,7,task,1.13727,4937.75524475525
YOLOv3,G,2,0,8,task,2.07337,4910.94174208145
YOLOv3,G,2,0,9,task,1.33738,3920.22027972028
YOLOv3,G,2,0,10,task,1.0026,3929.21678321678
YOLOv3,G,2,0,11,task,1.8384,3937.41515837104
YOLOv3,G,2,0,12,task,1.12615,3936.32167832168
YOLOv3,G,2,0,13,task,1.80994,3934.69174208145
YOLOv3,G,2,0,14,task,1.0311,3926.27972027972
YOLOv3,G,2,0,15,task,1.73763,3934.08088235294
YOLOv3,G,2,0,16,task,1.02247,3946.30769230769
YOLOv3,G,2,0,17,task,1.73524,3929.76244343891
YOLOv3,G,2,0,18,task,1.00048,3931.02097902098
YOLOv3,G,2,0,19,task,1.72766,3948.00339366516
YOLOv3,G,2,0,20,task,1.00123,3932.02097902098
YOLOv3,G,2,0,21,task,1.77205,3943.09389140271
YOLOv3,G,2,0,22,task,1.12496,4817.67132867133
YOLOv3,G,2,0,23,task,1.9353,4246.62613122172
YOLOv3,G,2,0,24,task,1.38542,4189.95454545455
YOLOv3,G,2,0,25,task,1.79159,4033.82635746606
YOLOv3,G,2,0,26,task,1.34969,3952.65734265734
YOLOv3,G,2,0,27,task,1.12449,4414.79836829837
YOLOv3,G,2,0,28,task,1.81904,4051.60350678733
YOLOv3,G,2,0,29,task,1.08593,4052.71328671329
YOLOv3,G,2,0,30,task,1.76817,4031.34615384615
YOLOv3,G,2,0,31,task,1.00106,3904.25174825175
YOLOv3,G,2,0,32,task,1.7717,3908.00339366516
YOLOv3,G,2,0,33,task,1.13132,4648.93006993007
YOLOv3,G,2,0,34,task,1.9822,5017.26244343891
YOLOv3,G,2,0,35,task,1.1727,4995.90909090909
YOLOv3,G,2,0,36,task,1.65343,3963.87160633484
YOLOv3,G,2,0,37,task,0.997792,3954.32867132867
YOLOv3,G,2,0,38,task,1.71821,3963.84049773756
YOLOv3,G,2,0,39,task,1.18102,3972.48951048951
YOLOv3,G,2,0,40,task,1.76692,3972.2850678733
YOLOv3,G,2,0,41,task,1.0381,3961.18881118881
YOLOv3,G,2,0,42,task,1.81425,3962.18891402715
YOLOv3,G,2,0,43,task,1.34216,3973.71328671329
YOLOv3,G,2,0,44,task,1.03095,3962.26573426573
YOLOv3,G,2,0,45,task,1.80011,3956.71945701357
YOLOv3,G,2,0,46,task,1.0505,3965.1958041958
YOLOv3,G,2,0,47,task,1.79804,3967.94400452489
YOLOv3,G,2,0,48,task,1.04536,3956.57342657343
YOLOv3,G,2,0,49,task,1.87536,4484.60124434389
YOLOv3,G,2,0,50,task,1.02792,3915.43356643357
YOLOv3,G,2,0,51,task,2.02668,4166.32918552036
YOLOv3,G,2,0,52,task,1.09515,4117.83216783217
YOLOv3,G,2,0,53,task,1.59008,3925.08158508158
YOLOv3,G,2,0,54,task,0.8834,3929.31468531469
YOLOv3,G,2,0,55,task,1.4107,3928.18181818182
YOLOv3,G,2,0,56,task,0.888475,3927.72727272727
YOLOv3,G,2,0,57,task,1.49952,3919.5979020979
YOLOv3,G,2,0,58,task,2.23504,4290.4158004158
YOLOv3,G,2,0,59,task,1.57068,4104.80852480853
YOLOv3,G,2,0,60,task,0.988546,4058.34265734266
YOLOv3,G,2,0,61,task,1.50392,3955.79254079254
YOLOv3,G,2,0,62,task,0.947159,3952.29370629371
YOLOv3,G,2,0,63,task,1.48873,3976.08391608392
YOLOv3,G,2,0,64,task,0.946779,3936.72727272727
YOLOv3,G,2,0,65,task,1.60046,4302.35431235431
YOLOv3,G,2,0,66,task,2.29253,4552.2422827686
YOLOv3,G,2,0,67,task,1.59448,4443.54478854479
YOLOv3,G,2,0,68,task,0.935404,4455.65734265734
YOLOv3,G,2,0,69,task,1.52107,4468.7703962704
YOLOv3,G,2,0,70,task,0.920646,4461.04895104895
YOLOv3,G,2,0,71,task,1.53055,4472.03962703963
YOLOv3,G,2,0,72,task,0.912363,4453.31468531469
YOLOv3,G,2,0,73,task,1.51454,4463.00699300699
YOLOv3,G,2,0,74,task,7752.34,4433.6741802547
YOLOv3,G,2,1,0,in,257.592,3451.51260123065
YOLOv3,G,2,1,0,task,0.718405,4186.34265734266
YOLOv3,G,2,1,1,task,0.650417,4806.88811188811
YOLOv3,G,2,1,2,task,0.480666,4129.03496503497
YOLOv3,G,2,1,3,task,0.859804,4131.24358974359
YOLOv3,G,2,1,4,task,0.610575,4149.65034965035
YOLOv3,G,2,1,5,task,0.60865,5157.88811188811
YOLOv3,G,2,1,6,task,1.1867,5020.39083710407
YOLOv3,G,2,1,7,task,0.854729,4885.72727272727
YOLOv3,G,2,1,8,task,1.59863,5169.72567873303
YOLOv3,G,2,1,9,task,0.960721,3933.02097902098
YOLOv3,G,2,1,10,task,0.750283,3952.25174825175
YOLOv3,G,2,1,11,task,1.37766,3973.94230769231
YOLOv3,G,2,1,12,task,0.830813,3965.05128205128
YOLOv3,G,2,1,13,task,1.36427,3975.64196832579
YOLOv3,G,2,1,14,task,0.761629,3953.79020979021
YOLOv3,G,2,1,15,task,1.27275,3965.96794871795
YOLOv3,G,2,1,16,task,0.824308,3986.70629370629
YOLOv3,G,2,1,17,task,1.16982,3948.70192307692
YOLOv3,G,2,1,18,task,0.746229,3966.26573426573
YOLOv3,G,2,1,19,task,1.24769,3951.39423076923
YOLOv3,G,2,1,20,task,0.747833,4005.04895104895
YOLOv3,G,2,1,21,task,1.23766,3975.33653846154
YOLOv3,G,2,1,22,task,0.758625,4009.45454545455
YOLOv3,G,2,1,23,task,1.43763,4809.12330316742
YOLOv3,G,2,1,24,task,0.715721,4076.00699300699
YOLOv3,G,2,1,25,task,1.35153,4455.07918552036
YOLOv3,G,2,1,26,task,0.976588,3944.24475524475
YOLOv3,G,2,1,27,task,0.7343,4099.25174825175
YOLOv3,G,2,1,28,task,1.27298,4054.1217948718
YOLOv3,G,2,1,29,task,0.729925,4035.89510489511
YOLOv3,G,2,1,30,task,1.2539,4040.26546003017
YOLOv3,G,2,1,31,task,0.728671,4033.58741258741
YOLOv3,G,2,1,32,task,1.23302,3941.74660633484
YOLOv3,G,2,1,33,task,0.736137,3909.76223776224
YOLOv3,G,2,1,34,task,1.43109,5172.07296380091
YOLOv3,G,2,1,35,task,0.827167,4885.04895104895
YOLOv3,G,2,1,36,task,1.51325,4460.85124434389
YOLOv3,G,2,1,37,task,0.712133,3972.37062937063
YOLOv3,G,2,1,38,task,1.23165,3969.25320512821
YOLOv3,G,2,1,39,task,0.739521,3974.46853146853
YOLOv3,G,2,1,40,task,1.21307,3970.48076923077
YOLOv3,G,2,1,41,task,0.711258,3964.07692307692
YOLOv3,G,2,1,42,task,1.23174,3971.44871794872
YOLOv3,G,2,1,43,task,0.899063,3966.2027972028
YOLOv3,G,2,1,44,task,0.688975,3972.99300699301
YOLOv3,G,2,1,45,task,1.28042,3990.395173454
YOLOv3,G,2,1,46,task,0.742408,3979.78321678322
YOLOv3,G,2,1,47,task,1.27453,3985.2907239819
YOLOv3,G,2,1,48,task,0.715429,3970.01398601399
YOLOv3,G,2,1,49,task,1.21628,3979.20512820513
YOLOv3,G,2,1,50,task,0.823317,4707.95804195804
YOLOv3,G,2,1,51,task,1.38393,3960.84615384615
YOLOv3,G,2,1,52,task,0.774929,4260.7972027972
YOLOv3,G,2,1,53,task,1.08395,4129.68531468532
YOLOv3,G,2,1,54,task,0.644962,3951.9020979021
YOLOv3,G,2,1,55,task,1.08445,4000.75291375291
YOLOv3,G,2,1,56,task,0.669579,3984.44055944056
YOLOv3,G,2,1,57,task,1.00695,3946.76923076923
YOLOv3,G,2,1,58,task,1.59203,4300.72476322476
YOLOv3,G,2,1,59,task,1.10524,4011.18648018648
YOLOv3,G,2,1,60,task,0.718171,4025.75524475525
YOLOv3,G,2,1,61,task,1.11808,4129.77622377622
YOLOv3,G,2,1,62,task,0.643621,3937.95804195804
YOLOv3,G,2,1,63,task,1.0215,3928.71328671329
YOLOv3,G,2,1,64,task,0.634142,3935.12587412587
YOLOv3,G,2,1,65,task,1.11166,3922.18181818182
YOLOv3,G,2,1,66,task,1.80081,4577.22857472857
YOLOv3,G,2,1,67,task,1.1076,4297.15567765568
YOLOv3,G,2,1,68,task,0.666196,4433.69230769231
YOLOv3,G,2,1,69,task,1.07135,4465.46853146853
YOLOv3,G,2,1,70,task,0.651292,4487.46153846154
YOLOv3,G,2,1,71,task,1.07998,4482.05594405594
YOLOv3,G,2,1,72,task,0.656133,4478.60839160839
YOLOv3,G,2,1,73,task,1.05933,4454.04195804196
YOLOv3,G,2,1,74,task,7867.05,4434.54582898493
YOLOv3,G,2,2,0,in,190.323,3608.89252566987
YOLOv3,G,2,2,0,task,0.603459,4247.72727272727
YOLOv3,G,2,2,1,task,0.614163,4858.46153846154
YOLOv3,G,2,2,2,task,0.405709,4140.11888111888
YOLOv3,G,2,2,3,task,0.675967,4174.02243589744
YOLOv3,G,2,2,4,task,0.600046,4159.29370629371
YOLOv3,G,2,2,5,task,0.571025,5181.3986013986
YOLOv3,G,2,2,6,task,1.18904,5056.54166666667
YOLOv3,G,2,2,7,task,0.772012,4952.54545454545
YOLOv3,G,2,2,8,task,1.34467,5213.50678733032
YOLOv3,G,2,2,9,task,0.764429,3966.44755244755
YOLOv3,G,2,2,10,task,0.632421,3972.69230769231
YOLOv3,G,2,2,11,task,1.05382,3966.25641025641
YOLOv3,G,2,2,12,task,0.624166,3958.79020979021
YOLOv3,G,2,2,13,task,0.99435,3956.11538461538
YOLOv3,G,2,2,14,task,0.581554,3964.2027972028
YOLOv3,G,2,2,15,task,0.980758,3966.64102564103
YOLOv3,G,2,2,16,task,0.563938,3956.06293706294
YOLOv3,G,2,2,17,task,0.990966,3984.83333333333
YOLOv3,G,2,2,18,task,0.580913,3960.67132867133
YOLOv3,G,2,2,19,task,0.947595,3947.41666666667
YOLOv3,G,2,2,20,task,0.568633,3949.26573426573
YOLOv3,G,2,2,21,task,0.985863,3962.00961538462
YOLOv3,G,2,2,22,task,0.562159,3946.14685314685
YOLOv3,G,2,2,23,task,1.1454,5100.65384615385
YOLOv3,G,2,2,24,task,0.566359,4079.56643356643
YOLOv3,G,2,2,25,task,1.0297,4487.54487179487
YOLOv3,G,2,2,26,task,0.759004,3947.65734265734
YOLOv3,G,2,2,27,task,0.553846,3957.9020979021
YOLOv3,G,2,2,28,task,1.15348,4309.57371794872
YOLOv3,G,2,2,29,task,0.557754,4049.3006993007
YOLOv3,G,2,2,30,task,0.944125,4041.76602564103
YOLOv3,G,2,2,31,task,0.562858,4040.32867132867
YOLOv3,G,2,2,32,task,0.977287,3931.31730769231
YOLOv3,G,2,2,33,task,0.568838,3970.62937062937
YOLOv3,G,2,2,34,task,1.04767,4642.73397435897
YOLOv3,G,2,2,35,task,0.692562,5015.88811188811
YOLOv3,G,2,2,36,task,1.30232,5030.96474358974
YOLOv3,G,2,2,37,task,0.575167,4005.33566433566
YOLOv3,G,2,2,38,task,0.955763,4011.58012820513
YOLOv3,G,2,2,39,task,0.57855,4004.47552447552
YOLOv3,G,2,2,40,task,0.95792,3980.45512820513
YOLOv3,G,2,2,41,task,0.604975,4021.79020979021
YOLOv3,G,2,2,42,task,1.06403,4047.08653846154
YOLOv3,G,2,2,43,task,0.724296,3994.79020979021
YOLOv3,G,2,2,44,task,0.553846,3998.02097902098
YOLOv3,G,2,2,45,task,1.02022,4028.3717948718
YOLOv3,G,2,2,46,task,0.586542,3985.31468531469
YOLOv3,G,2,2,47,task,0.949317,3978.88461538462
YOLOv3,G,2,2,48,task,0.55055,3986.04195804196
YOLOv3,G,2,2,49,task,0.956813,3990.00961538462
YOLOv3,G,2,2,50,task,0.639655,4055.55944055944
YOLOv3,G,2,2,51,task,1.2479,4296.16987179487
YOLOv3,G,2,2,52,task,0.615708,4010.04895104895
YOLOv3,G,2,2,53,task,0.833612,4071.88811188811
YOLOv3,G,2,2,54,task,0.5138,4206.74825174825
YOLOv3,G,2,2,55,task,0.783242,3951.58041958042
YOLOv3,G,2,2,56,task,0.5404,3974.98601398601
YOLOv3,G,2,2,57,task,0.803251,3956.23776223776
YOLOv3,G,2,2,58,task,1.30095,4046.98054648055
YOLOv3,G,2,2,59,task,0.894396,4132.01282051282
YOLOv3,G,2,2,60,task,0.546437,4243.58041958042
YOLOv3,G,2,2,61,task,0.849071,3972.53846153846
YOLOv3,G,2,2,62,task,0.50085,4045.8041958042
YOLOv3,G,2,2,63,task,0.797096,3957.26573426573
YOLOv3,G,2,2,64,task,0.499392,3945.64335664336
YOLOv3,G,2,2,65,task,0.871121,3948.5034965035
YOLOv3,G,2,2,66,task,1.33866,4216.74307824308
YOLOv3,G,2,2,67,task,1.01844,4579.23626373626
YOLOv3,G,2,2,68,task,0.528004,4353.0979020979
YOLOv3,G,2,2,69,task,0.868204,4484.66433566434
YOLOv3,G,2,2,70,task,0.560817,4529.78321678322
YOLOv3,G,2,2,71,task,0.850442,4523.85314685315
YOLOv3,G,2,2,72,task,0.526487,4519.59440559441
YOLOv3,G,2,2,73,task,0.842741,4550.77622377622
YOLOv3,G,2,2,74,task,7780.19,4453.58505476376
YOLOv3,G,2,3,0,in,154.282,3743.34525382509
YOLOv3,G,2,3,0,task,0.535821,4330.99300699301
YOLOv3,G,2,3,1,task,0.496884,4851.13986013986
YOLOv3,G,2,3,2,task,0.330546,4155.00699300699
YOLOv3,G,2,3,3,task,0.560438,4160.45512820513
YOLOv3,G,2,3,4,task,0.495921,4158.69230769231
YOLOv3,G,2,3,5,task,0.497116,5203.83216783217
YOLOv3,G,2,3,6,task,0.903234,5069.32051282051
YOLOv3,G,2,3,7,task,0.451675,4915.84615384615
YOLOv3,G,2,3,8,task,1.10539,5271.81730769231
YOLOv3,G,2,3,9,task,0.618042,4058.91608391608
YOLOv3,G,2,3,10,task,0.468621,3970.18881118881
YOLOv3,G,2,3,11,task,0.8463,3967.03525641026
YOLOv3,G,2,3,12,task,0.522083,3969.55944055944
YOLOv3,G,2,3,13,task,0.863421,3998.60256410256
YOLOv3,G,2,3,14,task,0.458996,3966.4965034965
YOLOv3,G,2,3,15,task,0.788259,3987.27564102564
YOLOv3,G,2,3,16,task,0.496738,3981.95104895105
YOLOv3,G,2,3,17,task,0.807159,3989.9358974359
YOLOv3,G,2,3,18,task,0.508141,4008.20979020979
YOLOv3,G,2,3,19,task,0.799925,3966.26282051282
YOLOv3,G,2,3,20,task,0.479966,3973.97202797203
YOLOv3,G,2,3,21,task,0.871967,4042.83974358974
YOLOv3,G,2,3,22,task,0.504992,4002.07692307692
YOLOv3,G,2,3,23,task,0.942112,5080.92948717949
YOLOv3,G,2,3,24,task,0.465267,4088.47552447553
YOLOv3,G,2,3,25,task,0.836442,4458.10576923077
YOLOv3,G,2,3,26,task,0.710209,4029.96503496504
YOLOv3,G,2,3,27,task,0.517825,3998.34265734266
YOLOv3,G,2,3,28,task,1.00284,4394.72756410256
YOLOv3,G,2,3,29,task,0.479704,4063.27272727273
YOLOv3,G,2,3,30,task,0.846096,4080.39102564103
YOLOv3,G,2,3,31,task,0.481221,4060.86013986014
YOLOv3,G,2,3,32,task,0.812058,3970.50961538461
YOLOv3,G,2,3,33,task,0.481746,3947.40559440559
YOLOv3,G,2,3,34,task,0.863596,4348.09935897436
YOLOv3,G,2,3,35,task,0.6496,5185.76923076923
YOLOv3,G,2,3,36,task,1.03515,5102.25
YOLOv3,G,2,3,37,task,0.4725,4000.02797202797
YOLOv3,G,2,3,38,task,0.790942,3993.17948717949
YOLOv3,G,2,3,39,task,0.485187,3992.76223776224
YOLOv3,G,2,3,40,task,0.823579,4060.74038461539
YOLOv3,G,2,3,41,task,0.475796,4034.82517482518
YOLOv3,G,2,3,42,task,0.795987,4038.03205128205
YOLOv3,G,2,3,43,task,0.623759,4040.45454545455
YOLOv3,G,2,3,44,task,0.467921,4019.2027972028
YOLOv3,G,2,3,45,task,0.801034,4026.00320512821
YOLOv3,G,2,3,46,task,0.470487,4000.3006993007
YOLOv3,G,2,3,47,task,0.801879,4000.84294871795
YOLOv3,G,2,3,48,task,0.49455,4018.63636363636
YOLOv3,G,2,3,49,task,0.807042,4007.48076923077
YOLOv3,G,2,3,50,task,0.545475,4011.22377622378
YOLOv3,G,2,3,51,task,1.00841,4645.24038461539
YOLOv3,G,2,3,52,task,0.499771,3968.53846153846
YOLOv3,G,2,3,53,task,0.796717,4351.3006993007
YOLOv3,G,2,3,54,task,0.468475,4051.56643356643
YOLOv3,G,2,3,55,task,0.681683,3995.76223776224
YOLOv3,G,2,3,56,task,0.4508,3975.29370629371
YOLOv3,G,2,3,57,task,0.705075,3996.77622377622
YOLOv3,G,2,3,58,task,1.08672,3949.8137973138
YOLOv3,G,2,3,59,task,0.881388,4544.45604395604
YOLOv3,G,2,3,60,task,0.480055,3986.90909090909
YOLOv3,G,2,3,61,task,0.815646,4174.81818181818
YOLOv3,G,2,3,62,task,0.497321,4226.81118881119
YOLOv3,G,2,3,63,task,0.685096,3980.48251748252
YOLOv3,G,2,3,64,task,0.443654,3970.82517482517
YOLOv3,G,2,3,65,task,0.770146,3976.32167832168
YOLOv3,G,2,3,66,task,1.17302,4006.34554334554
YOLOv3,G,2,3,67,task,0.896525,4882.61172161172
YOLOv3,G,2,3,68,task,0.45325,4308.72727272727
YOLOv3,G,2,3,69,task,0.728846,4437.14685314685
YOLOv3,G,2,3,70,task,0.448029,4458.05594405594
YOLOv3,G,2,3,71,task,0.710062,4484.6993006993
YOLOv3,G,2,3,72,task,0.436099,4484.98601398601
YOLOv3,G,2,3,73,task,0.70805,4488.31468531469
YOLOv3,G,2,3,74,task,7754.22,4475.13734332852
YOLOv3,G,2,4,0,in,130.471,4029.94015705744
YOLOv3,G,2,4,0,task,0.539058,4426.32051282051
YOLOv3,G,2,4,1,task,0.536696,4903.18881118881
YOLOv3,G,2,4,2,task,0.348745,4196.34965034965
YOLOv3,G,2,4,3,task,0.556033,4202.83653846154
YOLOv3,G,2,4,4,task,0.501637,4195.6013986014
YOLOv3,G,2,4,5,task,0.520246,5231.22377622378
YOLOv3,G,2,4,6,task,0.982741,5114
YOLOv3,G,2,4,7,task,0.492246,4944.79020979021
YOLOv3,G,2,4,8,task,1.03787,5278.27564102564
YOLOv3,G,2,4,9,task,0.55055,4000.39160839161
YOLOv3,G,2,4,10,task,0.420204,3993.93006993007
YOLOv3,G,2,4,11,task,0.753404,3996.17948717949
YOLOv3,G,2,4,12,task,0.463458,4000.98601398601
YOLOv3,G,2,4,13,task,0.746929,4011.28205128205
YOLOv3,G,2,4,14,task,0.432542,4008.8041958042
YOLOv3,G,2,4,15,task,0.719251,3998.58012820513
YOLOv3,G,2,4,16,task,0.444792,4000.41958041958
YOLOv3,G,2,4,17,task,0.715284,4001.09615384615
YOLOv3,G,2,4,18,task,0.428955,4003.54545454545
YOLOv3,G,2,4,19,task,0.724384,4017.01602564103
YOLOv3,G,2,4,20,task,0.434788,4003.60839160839
YOLOv3,G,2,4,21,task,0.718462,3998.42307692308
YOLOv3,G,2,4,22,task,0.435196,4000.56643356643
YOLOv3,G,2,4,23,task,0.802463,5082.99358974359
YOLOv3,G,2,4,24,task,0.432338,4139.84615384615
YOLOv3,G,2,4,25,task,0.758217,4431.99358974359
YOLOv3,G,2,4,26,task,0.574496,4007.41258741259
YOLOv3,G,2,4,27,task,0.4284,3996.76223776224
YOLOv3,G,2,4,28,task,0.821013,4459.69230769231
YOLOv3,G,2,4,29,task,0.511904,4186.29370629371
YOLOv3,G,2,4,30,task,0.773675,4111.17307692308
YOLOv3,G,2,4,31,task,0.475067,4115.72727272727
YOLOv3,G,2,4,32,task,0.821188,4107.20192307692
YOLOv3,G,2,4,33,task,0.465383,3981.06993006993
YOLOv3,G,2,4,34,task,0.775746,4310.70833333333
YOLOv3,G,2,4,35,task,0.638808,5259.64335664336
YOLOv3,G,2,4,36,task,1.05464,5154.30448717949
YOLOv3,G,2,4,37,task,0.463604,4044
YOLOv3,G,2,4,38,task,0.711608,4026.62820512821
YOLOv3,G,2,4,39,task,0.441671,4020.8951048951
YOLOv3,G,2,4,40,task,0.724705,4038.63461538462
YOLOv3,G,2,4,41,task,0.432688,4024.96503496504
YOLOv3,G,2,4,42,task,0.732637,4031.45192307692
YOLOv3,G,2,4,43,task,0.540721,4022.48251748252
YOLOv3,G,2,4,44,task,0.429713,4026.67832167832
YOLOv3,G,2,4,45,task,0.731121,4023.09935897436
YOLOv3,G,2,4,46,task,0.439862,4024.16783216783
YOLOv3,G,2,4,47,task,0.728904,4026.82692307692
YOLOv3,G,2,4,48,task,0.43855,4035.25874125874
YOLOv3,G,2,4,49,task,0.721554,4032.11538461539
YOLOv3,G,2,4,50,task,0.490817,4022.76223776224
YOLOv3,G,2,4,51,task,0.833029,4651.10576923077
YOLOv3,G,2,4,52,task,0.424987,3982.23076923077
YOLOv3,G,2,4,53,task,0.611917,4352.44755244755
YOLOv3,G,2,4,54,task,0.427117,3993.97202797203
YOLOv3,G,2,4,55,task,0.612675,4090.3006993007
YOLOv3,G,2,4,56,task,0.389579,3997.55944055944
YOLOv3,G,2,4,57,task,0.602817,3980.88111888112
YOLOv3,G,2,4,58,task,0.917933,3970.88034188034
YOLOv3,G,2,4,59,task,0.750692,4630.81684981685
YOLOv3,G,2,4,60,task,0.404308,3992.23076923077
YOLOv3,G,2,4,61,task,0.690784,4256.7972027972
YOLOv3,G,2,4,62,task,0.426825,4180.51048951049
YOLOv3,G,2,4,63,task,0.663717,4033.7972027972
YOLOv3,G,2,4,64,task,0.541071,4143.84615384615
YOLOv3,G,2,4,65,task,0.722663,4056.84615384615
YOLOv3,G,2,4,66,task,1.08798,4061.44505494506
YOLOv3,G,2,4,67,task,0.794267,4989.51098901099
YOLOv3,G,2,4,68,task,0.403463,4352.3006993007
YOLOv3,G,2,4,69,task,0.646334,4505.72027972028
YOLOv3,G,2,4,70,task,0.440592,4515.42657342657
YOLOv3,G,2,4,71,task,0.688188,4572.06993006993
YOLOv3,G,2,4,72,task,0.406058,4527.30769230769
YOLOv3,G,2,4,73,task,0.633383,4540.41258741259
YOLOv3,G,2,4,74,task,7813.49,4497.92082885256
YOLOv3,G,2,5,0,in,110.212,4261.68015694507
YOLOv3,G,2,5,0,task,0.478538,4491.39160839161
YOLOv3,G,2,5,1,task,0.429596,4926.35664335664
YOLOv3,G,2,5,2,task,0.267954,4230.60839160839
YOLOv3,G,2,5,3,task,0.460979,4231.77884615385
YOLOv3,G,2,5,4,task,0.339996,4235.66433566434
YOLOv3,G,2,5,5,task,0.461359,5291.84615384615
YOLOv3,G,2,5,6,task,0.919538,5228.01376319759
YOLOv3,G,2,5,7,task,0.50015,5026.88111888112
YOLOv3,G,2,5,8,task,1.16728,5379.30128205128
YOLOv3,G,2,5,9,task,0.487871,4041.61538461539
YOLOv3,G,2,5,10,task,0.399787,4079.55244755245
YOLOv3,G,2,5,11,task,0.679321,4042.19551282051
YOLOv3,G,2,5,12,task,0.443188,4084.64335664336
YOLOv3,G,2,5,13,task,0.67725,4063.66987179487
YOLOv3,G,2,5,14,task,0.431142,4084.23776223776
YOLOv3,G,2,5,15,task,0.668354,4088.32692307692
YOLOv3,G,2,5,16,task,0.415771,4069.8041958042
YOLOv3,G,2,5,17,task,0.6349,4046.13461538462
YOLOv3,G,2,5,18,task,0.375871,4039.9020979021
YOLOv3,G,2,5,19,task,0.625538,4031.47756410256
YOLOv3,G,2,5,20,task,0.378438,4046.82517482518
YOLOv3,G,2,5,21,task,0.626442,4032.51282051282
YOLOv3,G,2,5,22,task,0.377125,4033.1958041958
YOLOv3,G,2,5,23,task,0.740483,5007.68269230769
YOLOv3,G,2,5,24,task,0.403638,4200.95104895105
YOLOv3,G,2,5,25,task,0.677396,4316.75
YOLOv3,G,2,5,26,task,0.517067,4059.46853146853
YOLOv3,G,2,5,27,task,0.385,4042.1958041958
YOLOv3,G,2,5,28,task,0.716625,4440.51602564103
YOLOv3,G,2,5,29,task,0.377971,4152.04195804196
YOLOv3,G,2,5,30,task,0.633179,4137.37820512821
YOLOv3,G,2,5,31,task,0.380246,4137.7972027972
YOLOv3,G,2,5,32,task,0.6384,4060.03846153846
YOLOv3,G,2,5,33,task,0.375346,4010.27272727273
YOLOv3,G,2,5,34,task,0.654733,4099.42307692308
YOLOv3,G,2,5,35,task,0.565192,5368.48251748252
YOLOv3,G,2,5,36,task,0.820546,5087.74038461539
YOLOv3,G,2,5,37,task,0.413,4213.42657342657
YOLOv3,G,2,5,38,task,0.625858,4064.09935897436
YOLOv3,G,2,5,39,task,0.386283,4054.82517482518
YOLOv3,G,2,5,40,task,0.639392,4073.42628205128
YOLOv3,G,2,5,41,task,0.370912,4140.6013986014
YOLOv3,G,2,5,42,task,0.673634,4146.23076923077
YOLOv3,G,2,5,43,task,0.479325,4091.00699300699
YOLOv3,G,2,5,44,task,0.437063,4171.58041958042
YOLOv3,G,2,5,45,task,0.667829,4081.92948717949
YOLOv3,G,2,5,46,task,0.38605,4096.65734265734
YOLOv3,G,2,5,47,task,0.644992,4117.5641025641
YOLOv3,G,2,5,48,task,0.367063,4081.23076923077
YOLOv3,G,2,5,49,task,0.67448,4156.82051282051
YOLOv3,G,2,5,50,task,0.452083,4061.02797202797
YOLOv3,G,2,5,51,task,0.882613,4715.04807692308
YOLOv3,G,2,5,52,task,0.343554,4003.11888111888
YOLOv3,G,2,5,53,task,0.527421,4256.16783216783
YOLOv3,G,2,5,54,task,0.343321,4024.67132867133
YOLOv3,G,2,5,55,task,0.587212,4272.52447552448
YOLOv3,G,2,5,56,task,0.336992,4025.26573426573
YOLOv3,G,2,5,57,task,0.509279,4021.90909090909
YOLOv3,G,2,5,58,task,0.787296,4006.67277167277
YOLOv3,G,2,5,59,task,0.644029,4724.47802197802
YOLOv3,G,2,5,60,task,0.349241,4024.32167832168
YOLOv3,G,2,5,61,task,0.550142,4385.74125874126
YOLOv3,G,2,5,62,task,0.360996,4020.58041958042
YOLOv3,G,2,5,63,task,0.565805,4122.35664335664
YOLOv3,G,2,5,64,task,0.330983,4023.65034965035
YOLOv3,G,2,5,65,task,0.576421,4044.97902097902
YOLOv3,G,2,5,66,task,0.808646,4007.43101343101
YOLOv3,G,2,5,67,task,0.684279,5032.22893772894
YOLOv3,G,2,5,68,task,0.3668,4346.36363636364
YOLOv3,G,2,5,69,task,0.571171,4446.60839160839
YOLOv3,G,2,5,70,task,0.350408,4527.35664335664
YOLOv3,G,2,5,71,task,0.567904,4574.02097902098
YOLOv3,G,2,5,72,task,0.348134,4545.20979020979
YOLOv3,G,2,5,73,task,0.565221,4561.24475524476
YOLOv3,G,2,5,74,task,7876.46,4535.35041416467
YOLOv3,G,2,6,0,in,97.3033,4628.00769906126
YOLOv3,G,2,6,0,task,0.452667,4579.05594405595
YOLOv3,G,2,6,1,task,0.414867,5023.74125874126
YOLOv3,G,2,6,2,task,0.261917,4351.67832167832
YOLOv3,G,2,6,3,task,0.479121,4329.59935897436
YOLOv3,G,2,6,4,task,0.391708,4306.62237762238
YOLOv3,G,2,6,5,task,0.424113,5338.46853146853
YOLOv3,G,2,6,6,task,0.825737,5234
YOLOv3,G,2,6,7,task,0.513275,5104.16083916084
YOLOv3,G,2,6,8,task,0.989013,5379.25320512821
YOLOv3,G,2,6,9,task,0.473755,4113.86713286713
YOLOv3,G,2,6,10,task,0.347638,4094.4965034965
YOLOv3,G,2,6,11,task,0.619617,4079.83974358974
YOLOv3,G,2,6,12,task,0.374121,4078.46153846154
YOLOv3,G,2,6,13,task,0.598558,4140.82051282051
YOLOv3,G,2,6,14,task,0.355629,4093.11188811189
YOLOv3,G,2,6,15,task,0.679496,4101.53205128205
YOLOv3,G,2,6,16,task,0.346471,4085.18181818182
YOLOv3,G,2,6,17,task,0.575167,4099.42628205128
YOLOv3,G,2,6,18,task,0.343262,4097.43356643357
YOLOv3,G,2,6,19,task,0.569042,4085.91346153846
YOLOv3,G,2,6,20,task,0.342533,4097.27972027972
YOLOv3,G,2,6,21,task,0.573505,4086.59294871795
YOLOv3,G,2,6,22,task,0.345537,4083.85314685315
YOLOv3,G,2,6,23,task,0.695421,5000.94230769231
YOLOv3,G,2,6,24,task,0.389258,4343.70629370629
YOLOv3,G,2,6,25,task,0.608796,4277.2467948718
YOLOv3,G,2,6,26,task,0.490146,4181.1048951049
YOLOv3,G,2,6,27,task,0.347929,4099.07692307692
YOLOv3,G,2,6,28,task,0.712483,4560.03205128205
YOLOv3,G,2,6,29,task,0.349475,4190.18181818182
YOLOv3,G,2,6,30,task,0.588817,4188.32051282051
YOLOv3,G,2,6,31,task,0.344254,4184.43356643357
YOLOv3,G,2,6,32,task,0.594708,4128.42628205128
YOLOv3,G,2,6,33,task,0.414313,4145.97202797203
YOLOv3,G,2,6,34,task,0.668442,4172.78205128205
YOLOv3,G,2,6,35,task,0.646187,5484.8041958042
YOLOv3,G,2,6,36,task,0.781288,5107.65064102564
YOLOv3,G,2,6,37,task,0.449983,4503.15384615385
YOLOv3,G,2,6,38,task,0.598004,4157.82692307692
YOLOv3,G,2,6,39,task,0.39445,4179.44055944056
YOLOv3,G,2,6,40,task,0.605734,4147.58653846154
YOLOv3,G,2,6,41,task,0.349388,4133.71328671329
YOLOv3,G,2,6,42,task,0.627988,4161.80128205128
YOLOv3,G,2,6,43,task,0.4466,4130.73426573427
YOLOv3,G,2,6,44,task,0.367208,4165.0979020979
YOLOv3,G,2,6,45,task,0.608796,4130.40705128205
YOLOv3,G,2,6,46,task,0.351196,4129.69230769231
YOLOv3,G,2,6,47,task,0.577967,4124.26923076923
YOLOv3,G,2,6,48,task,0.340929,4126.79020979021
YOLOv3,G,2,6,49,task,0.588146,4169.28525641026
YOLOv3,G,2,6,50,task,0.398125,4130.56643356643
YOLOv3,G,2,6,51,task,0.674217,4587.34294871795
YOLOv3,G,2,6,52,task,0.352654,4091.30769230769
YOLOv3,G,2,6,53,task,0.517037,4175.34265734266
YOLOv3,G,2,6,54,task,0.333842,4123.9020979021
YOLOv3,G,2,6,55,task,0.582079,4421.13286713287
YOLOv3,G,2,6,56,task,0.318937,4098.16083916084
YOLOv3,G,2,6,57,task,0.473287,4085.65734265734
YOLOv3,G,2,6,58,task,0.774609,4098.54700854701
YOLOv3,G,2,6,59,task,0.614833,4760.45054945055
YOLOv3,G,2,6,60,task,0.324859,4086.25874125874
YOLOv3,G,2,6,61,task,0.496708,4364.55944055944
YOLOv3,G,2,6,62,task,0.344458,4107.78321678322
YOLOv3,G,2,6,63,task,0.601738,4274.83916083916
YOLOv3,G,2,6,64,task,0.308409,4078.21678321678
YOLOv3,G,2,6,65,task,0.528675,4102.62937062937
YOLOv3,G,2,6,66,task,0.784758,4064.53418803419
YOLOv3,G,2,6,67,task,0.878092,5105.95054945055
YOLOv3,G,2,6,68,task,0.439542,4547.27972027972
YOLOv3,G,2,6,69,task,0.576042,4563.11888111888
YOLOv3,G,2,6,70,task,0.334454,4629.38461538462
YOLOv3,G,2,6,71,task,0.511583,4728.10489510489
YOLOv3,G,2,6,72,task,0.351604,4666.04895104895
YOLOv3,G,2,6,73,task,0.5187,4660.39160839161
YOLOv3,G,2,6,74,task,7894.05,4581.73536062053
YOLOv3,G,2,7,0,in,87.1896,5043.87902886819
YOLOv3,G,2,7,0,task,0.473171,4905.7972027972
YOLOv3,G,2,7,1,task,0.468183,5094.68531468531
YOLOv3,G,2,7,2,task,0.307883,4483.14685314685
YOLOv3,G,2,7,3,task,0.446279,4381.91666666667
YOLOv3,G,2,7,4,task,0.349271,4397.67832167832
YOLOv3,G,2,7,5,task,0.398767,5395.43356643357
YOLOv3,G,2,7,6,task,0.771604,5348.72435897436
YOLOv3,G,2,7,7,task,0.474425,5256.39160839161
YOLOv3,G,2,7,8,task,0.9331,5478.80128205128
YOLOv3,G,2,7,9,task,0.417025,4199.34265734266
YOLOv3,G,2,7,10,task,0.321213,4181.37762237762
YOLOv3,G,2,7,11,task,0.576684,4199.36217948718
YOLOv3,G,2,7,12,task,0.353675,4213.09090909091
YOLOv3,G,2,7,13,task,0.562217,4199.91346153846
YOLOv3,G,2,7,14,task,0.326871,4209.98601398601
YOLOv3,G,2,7,15,task,0.539146,4190.11858974359
YOLOv3,G,2,7,16,task,0.324362,4303.20979020979
YOLOv3,G,2,7,17,task,0.541392,4195.66025641026
YOLOv3,G,2,7,18,task,0.370009,4228.41258741259
YOLOv3,G,2,7,19,task,0.594446,4257.62820512821
YOLOv3,G,2,7,20,task,0.325967,4183.04195804196
YOLOv3,G,2,7,21,task,0.518146,4193.00641025641
YOLOv3,G,2,7,22,task,0.323137,4271.32167832168
YOLOv3,G,2,7,23,task,0.628425,5120.16987179487
YOLOv3,G,2,7,24,task,0.374062,4457.86713286713
YOLOv3,G,2,7,25,task,0.5733,4362.83653846154
YOLOv3,G,2,7,26,task,0.488337,4301.95804195804
YOLOv3,G,2,7,27,task,0.329846,4189.66433566434
YOLOv3,G,2,7,28,task,0.632975,4617.5
YOLOv3,G,2,7,29,task,0.345654,4360.98601398601
YOLOv3,G,2,7,30,task,0.529696,4290.8717948718
YOLOv3,G,2,7,31,task,0.309429,4272.1048951049
YOLOv3,G,2,7,32,task,0.53063,4234.10576923077
YOLOv3,G,2,7,33,task,0.31605,4166.95804195804
YOLOv3,G,2,7,34,task,0.543288,4164.02243589744
YOLOv3,G,2,7,35,task,0.502921,5599.72027972028
YOLOv3,G,2,7,36,task,0.856975,5347.95512820513
YOLOv3,G,2,7,37,task,0.48825,4647.67132867133
YOLOv3,G,2,7,38,task,0.552942,4251.61538461538
YOLOv3,G,2,7,39,task,0.336029,4233.70629370629
YOLOv3,G,2,7,40,task,0.529142,4220.77243589744
YOLOv3,G,2,7,41,task,0.317975,4232.51748251748
YOLOv3,G,2,7,42,task,0.5628,4239.79166666667
YOLOv3,G,2,7,43,task,0.422742,4242.27972027972
YOLOv3,G,2,7,44,task,0.32273,4225.96503496504
YOLOv3,G,2,7,45,task,0.550521,4233.15064102564
YOLOv3,G,2,7,46,task,0.332179,4225.16083916084
YOLOv3,G,2,7,47,task,0.540633,4221.1891025641
YOLOv3,G,2,7,48,task,0.319053,4232.71328671329
YOLOv3,G,2,7,49,task,0.548567,4221.87820512821
YOLOv3,G,2,7,50,task,0.372138,4212.86713286713
YOLOv3,G,2,7,51,task,0.633937,4609.2467948718
YOLOv3,G,2,7,52,task,0.340375,4227.40559440559
YOLOv3,G,2,7,53,task,0.518992,4268.06293706294
YOLOv3,G,2,7,54,task,0.382783,4349.74125874126
YOLOv3,G,2,7,55,task,0.494842,4481.93706293706
YOLOv3,G,2,7,56,task,0.309342,4169.36363636364
YOLOv3,G,2,7,57,task,0.460046,4183.61538461538
YOLOv3,G,2,7,58,task,0.697229,4185.78388278388
YOLOv3,G,2,7,59,task,0.580854,4808.36813186813
YOLOv3,G,2,7,60,task,0.313629,4179.52447552448
YOLOv3,G,2,7,61,task,0.475592,4432.66433566434
YOLOv3,G,2,7,62,task,0.316955,4205.98601398601
YOLOv3,G,2,7,63,task,0.6083,4474.98601398601
YOLOv3,G,2,7,64,task,0.337896,4278
YOLOv3,G,2,7,65,task,0.517796,4190.25174825175
YOLOv3,G,2,7,66,task,0.707933,4152.21306471306
YOLOv3,G,2,7,67,task,0.596896,4991.61721611722
YOLOv3,G,2,7,68,task,0.391854,4671.77622377622
YOLOv3,G,2,7,69,task,0.525817,4598.18181818182
YOLOv3,G,2,7,70,task,0.418688,4900.47552447553
YOLOv3,G,2,7,71,task,0.515229,4717.68531468531
YOLOv3,G,2,7,72,task,0.329788,4722.72027972028
YOLOv3,G,2,7,73,task,0.484371,4735.13986013986
YOLOv3,G,2,7,74,task,7905.48,4670.76576156981
YOLOv3,G,3,0,0,in,378.802,3565.83663079916
YOLOv3,G,3,0,0,task,1.2565,4763.24959655729
YOLOv3,G,3,0,1,task,0.957104,5175.63986013986
YOLOv3,G,3,0,2,task,0.812671,4825.28904428904
YOLOv3,G,3,0,3,task,1.39615,5396.80147058824
YOLOv3,G,3,0,4,task,1.29999,5843.02097902098
YOLOv3,G,3,0,5,task,1.20768,5757.50815850816
YOLOv3,G,3,0,6,task,2.1096,5355.40158371041
YOLOv3,G,3,0,7,task,1.05755,4611.51748251748
YOLOv3,G,3,0,8,task,1.80378,4616.98529411765
YOLOv3,G,3,0,9,task,1.38422,4644.26573426573
YOLOv3,G,3,0,10,task,1.10037,4642.3986013986
YOLOv3,G,3,0,11,task,1.83843,4630.87952488688
YOLOv3,G,3,0,12,task,1.07966,4618.08391608392
YOLOv3,G,3,0,13,task,1.78054,4622.83653846154
YOLOv3,G,3,0,14,task,1.01579,4629.16783216783
YOLOv3,G,3,0,15,task,1.8342,5128.79524886878
YOLOv3,G,3,0,16,task,1.12817,4919.86013986014
YOLOv3,G,3,0,17,task,1.79885,5051.96266968326
YOLOv3,G,3,0,18,task,1.05598,4502.92307692308
YOLOv3,G,3,0,19,task,1.88799,4854.27319004525
YOLOv3,G,3,0,20,task,1.08929,4734.22377622378
YOLOv3,G,3,0,21,task,1.79524,4658.80938914027
YOLOv3,G,3,0,22,task,1.01561,4435.65734265734
YOLOv3,G,3,0,23,task,1.88335,5449.68891402715
YOLOv3,G,3,0,24,task,1.24282,5743.91608391608
YOLOv3,G,3,0,25,task,1.97172,4894.27319004525
YOLOv3,G,3,0,26,task,1.37436,4647.83216783217
YOLOv3,G,3,0,27,task,1.0505,4628.01398601399
YOLOv3,G,3,0,28,task,1.76467,4639.63235294118
YOLOv3,G,3,0,29,task,1.01392,4621.02097902098
YOLOv3,G,3,0,30,task,1.78672,4632.30769230769
YOLOv3,G,3,0,31,task,1.02661,4638.26573426574
YOLOv3,G,3,0,32,task,1.78908,4636.48755656109
YOLOv3,G,3,0,33,task,1.04988,4639.22377622378
YOLOv3,G,3,0,34,task,1.83636,5101.47058823529
YOLOv3,G,3,0,35,task,1.025,4768.15384615385
YOLOv3,G,3,0,36,task,1.93258,4680.43834841629
YOLOv3,G,3,0,37,task,1.02923,4583.72027972028
YOLOv3,G,3,0,38,task,1.79384,4599.15441176471
YOLOv3,G,3,0,39,task,1.08054,4562.3344988345
YOLOv3,G,3,0,40,task,2.0071,5054.66911764706
YOLOv3,G,3,0,41,task,1.10396,4815.44289044289
YOLOv3,G,3,0,42,task,1.97552,4677.56787330317
YOLOv3,G,3,0,43,task,1.40808,4604.41908091908
YOLOv3,G,3,0,44,task,1.08019,4601.56643356643
YOLOv3,G,3,0,45,task,1.9031,4839.12330316742
YOLOv3,G,3,0,46,task,1.30725,5542.86713286713
YOLOv3,G,3,0,47,task,1.79127,5045.76923076923
YOLOv3,G,3,0,48,task,1.07969,5129.83916083916
YOLOv3,G,3,0,49,task,1.82601,5163.52375565611
YOLOv3,G,3,0,50,task,1.12429,5162.13986013986
YOLOv3,G,3,0,51,task,1.95344,5113.76414027149
YOLOv3,G,3,0,52,task,1.11907,5114.46153846154
YOLOv3,G,3,0,53,task,1.68957,5048.36247086247
YOLOv3,G,3,0,54,task,1.08086,4987.26573426573
YOLOv3,G,3,0,55,task,1.85727,4995.5303030303
YOLOv3,G,3,0,56,task,1.22792,5039.30303030303
YOLOv3,G,3,0,57,task,1.5591,4992.41841491842
YOLOv3,G,3,0,58,task,2.1765,5000.06510559142
YOLOv3,G,3,0,59,task,1.59912,4705.24475524476
YOLOv3,G,3,0,60,task,0.934909,5324.76923076923
YOLOv3,G,3,0,61,task,1.48385,5109.3006993007
YOLOv3,G,3,0,62,task,0.894396,4799.93006993007
YOLOv3,G,3,0,63,task,1.48712,4648.67016317016
YOLOv3,G,3,0,64,task,0.905333,5228.86013986014
YOLOv3,G,3,0,65,task,1.42202,5277.9020979021
YOLOv3,G,3,0,66,task,2.16577,4833.43150843151
YOLOv3,G,3,0,67,task,1.4467,5289.74358974359
YOLOv3,G,3,0,68,task,0.896146,4927.9020979021
YOLOv3,G,3,0,69,task,1.51419,4707.3275058275
YOLOv3,G,3,0,70,task,0.850296,5158.17482517483
YOLOv3,G,3,0,71,task,1.40656,5377.16666666667
YOLOv3,G,3,0,72,task,0.943425,5127.06293706294
YOLOv3,G,3,0,73,task,1.53516,4731.21212121212
YOLOv3,G,3,0,74,task,4769.67,5238.96230890183
YOLOv3,G,3,1,0,in,257.717,3570.80138592785
YOLOv3,G,3,1,0,task,0.837229,4858.94871794872
YOLOv3,G,3,1,1,task,0.797358,5174.23076923077
YOLOv3,G,3,1,2,task,0.568896,4820.17482517483
YOLOv3,G,3,1,3,task,1.12347,5395.31730769231
YOLOv3,G,3,1,4,task,1.00648,5849.1048951049
YOLOv3,G,3,1,5,task,0.780967,5778.69230769231
YOLOv3,G,3,1,6,task,1.4023,5463.43042986425
YOLOv3,G,3,1,7,task,0.774754,4662.82517482517
YOLOv3,G,3,1,8,task,1.31906,4653.01923076923
YOLOv3,G,3,1,9,task,0.947917,4631.9020979021
YOLOv3,G,3,1,10,task,0.729167,4650.58041958042
YOLOv3,G,3,1,11,task,1.30862,4628.66987179487
YOLOv3,G,3,1,12,task,0.799342,4658.68531468531
YOLOv3,G,3,1,13,task,1.29133,4637.80769230769
YOLOv3,G,3,1,14,task,0.718784,4632.44055944056
YOLOv3,G,3,1,15,task,1.24655,4668.50226244344
YOLOv3,G,3,1,16,task,0.90408,5441.04195804196
YOLOv3,G,3,1,17,task,1.35931,4992.04543740573
YOLOv3,G,3,1,18,task,0.8183,4537.76223776224
YOLOv3,G,3,1,19,task,1.42678,4848.55486425339
YOLOv3,G,3,1,20,task,0.761571,4710.07692307692
YOLOv3,G,3,1,21,task,1.25242,4702.83333333333
YOLOv3,G,3,1,22,task,0.794996,4479.52447552448
YOLOv3,G,3,1,23,task,1.32717,4657.17911010558
YOLOv3,G,3,1,24,task,1.01488,5868.22377622378
YOLOv3,G,3,1,25,task,1.55525,5501.57239819005
YOLOv3,G,3,1,26,task,0.958417,4645.94405594406
YOLOv3,G,3,1,27,task,0.719308,4630.15384615385
YOLOv3,G,3,1,28,task,1.26438,4643.77828054299
YOLOv3,G,3,1,29,task,0.75845,4647.81118881119
YOLOv3,G,3,1,30,task,1.2934,4639.27564102564
YOLOv3,G,3,1,31,task,0.732171,4651.30769230769
YOLOv3,G,3,1,32,task,1.2943,4684.89385369533
YOLOv3,G,3,1,33,task,0.746405,4650.31468531469
YOLOv3,G,3,1,34,task,1.27409,4672.42647058824
YOLOv3,G,3,1,35,task,0.8603,5140.66433566434
YOLOv3,G,3,1,36,task,1.31542,4791.17647058824
YOLOv3,G,3,1,37,task,0.773733,4748.46153846154
YOLOv3,G,3,1,38,task,1.22121,4594.18269230769
YOLOv3,G,3,1,39,task,0.728379,4591.89510489511
YOLOv3,G,3,1,40,task,1.33475,4775.23340874811
YOLOv3,G,3,1,41,task,0.787704,4861.88111888112
YOLOv3,G,3,1,42,task,1.54169,4800.47247360483
YOLOv3,G,3,1,43,task,0.962325,4707.77622377622
YOLOv3,G,3,1,44,task,0.704609,4598.48251748252
YOLOv3,G,3,1,45,task,1.20353,4579.97435897436
YOLOv3,G,3,1,46,task,0.805146,4793.81818181818
YOLOv3,G,3,1,47,task,1.5286,5563.99038461538
YOLOv3,G,3,1,48,task,0.752763,5051.44755244755
YOLOv3,G,3,1,49,task,1.27695,5139.5641025641
YOLOv3,G,3,1,50,task,0.735438,5189.17482517483
YOLOv3,G,3,1,51,task,1.27797,5173.6891025641
YOLOv3,G,3,1,52,task,0.782133,5136.62237762238
YOLOv3,G,3,1,53,task,1.18055,5068.57342657343
YOLOv3,G,3,1,54,task,0.794005,5050.47552447553
YOLOv3,G,3,1,55,task,1.29229,5037.05594405594
YOLOv3,G,3,1,56,task,0.785983,5004.5034965035
YOLOv3,G,3,1,57,task,1.05327,4975.48251748252
YOLOv3,G,3,1,58,task,1.56853,4994.51062601063
YOLOv3,G,3,1,59,task,1.16317,5029.9652014652
YOLOv3,G,3,1,60,task,0.722838,4602.16083916084
YOLOv3,G,3,1,61,task,1.01095,5071.64335664336
YOLOv3,G,3,1,62,task,0.648667,5432.77622377622
YOLOv3,G,3,1,63,task,1.08564,5027.37762237762
YOLOv3,G,3,1,64,task,0.711667,4661.77622377622
YOLOv3,G,3,1,65,task,1.05079,4913.48951048951
YOLOv3,G,3,1,66,task,1.57771,5196.70304920305
YOLOv3,G,3,1,67,task,1.15176,4781.02297702298
YOLOv3,G,3,1,68,task,0.627142,5454.02097902098
YOLOv3,G,3,1,69,task,1.04425,5130.83916083916
YOLOv3,G,3,1,70,task,0.698863,4855.94405594406
YOLOv3,G,3,1,71,task,1.03416,4734.03496503497
YOLOv3,G,3,1,72,task,0.61985,5381.04195804196
YOLOv3,G,3,1,73,task,1.01246,5205.16083916084
YOLOv3,G,3,1,74,task,4845.04,5239.35078774359
YOLOv3,G,3,2,0,in,189.978,3737.77578867545
YOLOv3,G,3,2,0,task,0.863742,4947.63636363636
YOLOv3,G,3,2,1,task,0.698367,5192.63636363636
YOLOv3,G,3,2,2,task,0.450538,4845.0979020979
YOLOv3,G,3,2,3,task,0.943746,5420.62085218703
YOLOv3,G,3,2,4,task,0.903816,5920.85314685315
YOLOv3,G,3,2,5,task,0.661034,5797.44755244755
YOLOv3,G,3,2,6,task,1.20744,5548.41346153846
YOLOv3,G,3,2,7,task,0.552913,4640.33566433567
YOLOv3,G,3,2,8,task,1.04586,4677.61858974359
YOLOv3,G,3,2,9,task,0.804359,4673.27972027972
YOLOv3,G,3,2,10,task,0.595204,4676.77622377622
YOLOv3,G,3,2,11,task,1.0262,4668.89102564103
YOLOv3,G,3,2,12,task,0.599958,4655.64335664336
YOLOv3,G,3,2,13,task,0.98245,4648.00320512821
YOLOv3,G,3,2,14,task,0.558746,4666.36363636364
YOLOv3,G,3,2,15,task,0.949346,4642.25641025641
YOLOv3,G,3,2,16,task,0.736692,5768.32284382284
YOLOv3,G,3,2,17,task,0.997646,4844.33653846154
YOLOv3,G,3,2,18,task,0.591092,4578.06993006993
YOLOv3,G,3,2,19,task,1.06024,4838.27884615385
YOLOv3,G,3,2,20,task,0.588058,4737.59440559441
YOLOv3,G,3,2,21,task,0.951126,4725.35256410256
YOLOv3,G,3,2,22,task,0.569713,4534.59440559441
YOLOv3,G,3,2,23,task,0.964338,4480.86858974359
YOLOv3,G,3,2,24,task,0.82845,5988.81118881119
YOLOv3,G,3,2,25,task,1.2943,5747.10576923077
YOLOv3,G,3,2,26,task,0.748504,4675.26573426573
YOLOv3,G,3,2,27,task,0.576187,4676.62937062937
YOLOv3,G,3,2,28,task,1.01564,4662.15064102564
YOLOv3,G,3,2,29,task,0.559737,4662.3986013986
YOLOv3,G,3,2,30,task,0.924584,4659.76923076923
YOLOv3,G,3,2,31,task,0.534421,4655.35664335664
YOLOv3,G,3,2,32,task,0.995371,4683.31730769231
YOLOv3,G,3,2,33,task,0.576566,4657.66433566434
YOLOv3,G,3,2,34,task,0.990734,4674.93269230769
YOLOv3,G,3,2,35,task,0.764487,5340.09090909091
YOLOv3,G,3,2,36,task,0.999717,4753.91119909502
YOLOv3,G,3,2,37,task,0.606725,4647.85314685315
YOLOv3,G,3,2,38,task,0.958183,4626.49038461538
YOLOv3,G,3,2,39,task,0.590742,4649.61538461539
YOLOv3,G,3,2,40,task,1.00949,4514.93269230769
YOLOv3,G,3,2,41,task,0.795783,5435.30769230769
YOLOv3,G,3,2,42,task,0.980408,4803.38782051282
YOLOv3,G,3,2,43,task,0.800713,4721.90909090909
YOLOv3,G,3,2,44,task,0.5908,4671.27272727273
YOLOv3,G,3,2,45,task,0.907287,4643.11217948718
YOLOv3,G,3,2,46,task,0.553671,4547.6993006993
YOLOv3,G,3,2,47,task,1.1671,5675.55128205128
YOLOv3,G,3,2,48,task,0.59958,5044.26573426573
YOLOv3,G,3,2,49,task,0.969558,5119.33653846154
YOLOv3,G,3,2,50,task,0.583188,5207.72027972028
YOLOv3,G,3,2,51,task,0.977054,5227.55448717949
YOLOv3,G,3,2,52,task,0.597888,5224.03496503497
YOLOv3,G,3,2,53,task,0.896438,5198.22377622378
YOLOv3,G,3,2,54,task,0.606287,5180.5944055944
YOLOv3,G,3,2,55,task,0.998113,5167.05594405594
YOLOv3,G,3,2,56,task,0.60235,5055.05594405595
YOLOv3,G,3,2,57,task,0.799108,5027.57342657343
YOLOv3,G,3,2,58,task,1.15086,4988.10314160314
YOLOv3,G,3,2,59,task,0.908513,5045.2326007326
YOLOv3,G,3,2,60,task,0.588262,4862.25874125874
YOLOv3,G,3,2,61,task,0.838542,4717.331002331
YOLOv3,G,3,2,62,task,0.496329,5373.55244755245
YOLOv3,G,3,2,63,task,0.769213,5367.67832167832
YOLOv3,G,3,2,64,task,0.568021,5078.95104895105
YOLOv3,G,3,2,65,task,0.776445,4612.13986013986
YOLOv3,G,3,2,66,task,1.24314,5267.5165000165
YOLOv3,G,3,2,67,task,0.877363,4759.8956043956
YOLOv3,G,3,2,68,task,0.539933,5138.05594405594
YOLOv3,G,3,2,69,task,0.785575,5509.53846153846
YOLOv3,G,3,2,70,task,0.548071,4971.72027972028
YOLOv3,G,3,2,71,task,0.795667,4626.73426573427
YOLOv3,G,3,2,72,task,0.507033,4878.37762237762
YOLOv3,G,3,2,73,task,0.785108,5506.24475524475
YOLOv3,G,3,2,74,task,4782.45,5280.88276338598
YOLOv3,G,3,3,0,in,153.984,3887.26960369538
YOLOv3,G,3,3,0,task,0.626209,5035.65034965035
YOLOv3,G,3,3,1,task,0.616204,5218.2027972028
YOLOv3,G,3,3,2,task,0.3892,4869.64335664336
YOLOv3,G,3,3,3,task,0.748212,5409.8141025641
YOLOv3,G,3,3,4,task,0.759588,5917.25174825175
YOLOv3,G,3,3,5,task,0.600834,5839.9020979021
YOLOv3,G,3,3,6,task,1.11866,5589.48397435897
YOLOv3,G,3,3,7,task,0.452755,4668.99300699301
YOLOv3,G,3,3,8,task,0.877158,4676.79166666667
YOLOv3,G,3,3,9,task,0.662725,4686.11188811189
YOLOv3,G,3,3,10,task,0.511525,4671.07692307692
YOLOv3,G,3,3,11,task,0.918721,4703.57692307692
YOLOv3,G,3,3,12,task,0.549384,4727.16083916084
YOLOv3,G,3,3,13,task,0.827021,4679.47435897436
YOLOv3,G,3,3,14,task,0.472704,4677.7972027972
YOLOv3,G,3,3,15,task,0.793946,4674.58333333333
YOLOv3,G,3,3,16,task,0.805321,5909.51748251748
YOLOv3,G,3,3,17,task,0.892238,4798.55128205128
YOLOv3,G,3,3,18,task,0.529171,4651.03496503497
YOLOv3,G,3,3,19,task,0.898304,4824.86538461539
YOLOv3,G,3,3,20,task,0.500559,4755.74125874126
YOLOv3,G,3,3,21,task,0.886054,4781.94551282051
YOLOv3,G,3,3,22,task,0.554196,4610.82517482518
YOLOv3,G,3,3,23,task,0.879813,4555.18269230769
YOLOv3,G,3,3,24,task,0.694021,6055.76923076923
YOLOv3,G,3,3,25,task,1.12131,5821.46116138763
YOLOv3,G,3,3,26,task,0.631692,4730.74125874126
YOLOv3,G,3,3,27,task,0.51135,4752.76923076923
YOLOv3,G,3,3,28,task,0.845133,4711.49679487179
YOLOv3,G,3,3,29,task,0.464392,4691.44755244755
YOLOv3,G,3,3,30,task,0.822005,4704.03525641026
YOLOv3,G,3,3,31,task,0.471012,4674.46853146853
YOLOv3,G,3,3,32,task,0.7966,4680.35256410257
YOLOv3,G,3,3,33,task,0.472762,4682.72727272727
YOLOv3,G,3,3,34,task,0.792167,4676.09615384615
YOLOv3,G,3,3,35,task,0.564054,5262.12587412587
YOLOv3,G,3,3,36,task,0.867446,4684.01923076923
YOLOv3,G,3,3,37,task,0.52885,4576.53846153846
YOLOv3,G,3,3,38,task,0.809551,4659.53846153846
YOLOv3,G,3,3,39,task,0.466988,4635.81818181818
YOLOv3,G,3,3,40,task,0.812029,4552.78846153846
YOLOv3,G,3,3,41,task,0.612529,5626.79020979021
YOLOv3,G,3,3,42,task,0.82565,4738.18269230769
YOLOv3,G,3,3,43,task,0.701779,4651.09090909091
YOLOv3,G,3,3,44,task,0.477254,4654.53846153846
YOLOv3,G,3,3,45,task,0.791438,4640.04487179487
YOLOv3,G,3,3,46,task,0.490875,4582.57342657343
YOLOv3,G,3,3,47,task,1.03145,5437.00641025641
YOLOv3,G,3,3,48,task,0.594038,5197.69230769231
YOLOv3,G,3,3,49,task,0.830025,5109.12820512821
YOLOv3,G,3,3,50,task,0.511029,5154.95104895105
YOLOv3,G,3,3,51,task,0.915133,5285.99924585219
YOLOv3,G,3,3,52,task,0.495717,5210.18181818182
YOLOv3,G,3,3,53,task,0.736838,5165.14685314685
YOLOv3,G,3,3,54,task,0.490992,5134.67132867133
YOLOv3,G,3,3,55,task,0.802987,5154.44755244755
YOLOv3,G,3,3,56,task,0.523804,5116.84615384615
YOLOv3,G,3,3,57,task,0.728146,5122.5944055944
YOLOv3,G,3,3,58,task,1.06435,5058.69597069597
YOLOv3,G,3,3,59,task,0.723304,4975.98717948718
YOLOv3,G,3,3,60,task,0.50785,5098.48951048951
YOLOv3,G,3,3,61,task,0.712542,4693
YOLOv3,G,3,3,62,task,0.525904,5128.74125874126
YOLOv3,G,3,3,63,task,0.652925,5504.68531468531
YOLOv3,G,3,3,64,task,0.458092,4945.81118881119
YOLOv3,G,3,3,65,task,0.722575,4660.44055944056
YOLOv3,G,3,3,66,task,1.00972,5262.91941391941
YOLOv3,G,3,3,67,task,0.725813,4885.41941391941
YOLOv3,G,3,3,68,task,0.421138,4816.82517482518
YOLOv3,G,3,3,69,task,0.658,5494.26573426573
YOLOv3,G,3,3,70,task,0.397891,5188.26573426574
YOLOv3,G,3,3,71,task,0.801471,5059.12587412587
YOLOv3,G,3,3,72,task,0.413379,4728.94405594406
YOLOv3,G,3,3,73,task,0.684833,5408.93006993007
YOLOv3,G,3,3,74,task,4809.14,5303.14476274988
YOLOv3,G,3,4,0,in,129.507,4129.73107477406
YOLOv3,G,3,4,0,task,0.575809,5084.11188811189
YOLOv3,G,3,4,1,task,0.543988,5253.56643356643
YOLOv3,G,3,4,2,task,0.330867,4908.47552447552
YOLOv3,G,3,4,3,task,0.657241,5430.40064102564
YOLOv3,G,3,4,4,task,0.742642,6004.08391608392
YOLOv3,G,3,4,5,task,0.841896,5923.21212121212
YOLOv3,G,3,4,6,task,1.0334,5662.89743589744
YOLOv3,G,3,4,7,task,0.394362,4735.65734265734
YOLOv3,G,3,4,8,task,0.688042,4728.68269230769
YOLOv3,G,3,4,9,task,0.536609,4718.52447552448
YOLOv3,G,3,4,10,task,0.470283,4752.62937062937
YOLOv3,G,3,4,11,task,0.7427,4712.67628205128
YOLOv3,G,3,4,12,task,0.441292,4716.24475524475
YOLOv3,G,3,4,13,task,0.78155,4750.65064102564
YOLOv3,G,3,4,14,task,0.44555,4710.73426573427
YOLOv3,G,3,4,15,task,0.728758,4697.62820512821
YOLOv3,G,3,4,16,task,0.681421,6132.46853146853
YOLOv3,G,3,4,17,task,0.71155,4836.67628205128
YOLOv3,G,3,4,18,task,0.516687,4819.41258741259
YOLOv3,G,3,4,19,task,0.832912,4835.20833333333
YOLOv3,G,3,4,20,task,0.44552,4846.03496503497
YOLOv3,G,3,4,21,task,0.726425,4858.11217948718
YOLOv3,G,3,4,22,task,0.436538,4744.04195804196
YOLOv3,G,3,4,23,task,0.732287,4553.06730769231
YOLOv3,G,3,4,24,task,0.672846,6082
YOLOv3,G,3,4,25,task,1.01383,5858.14423076923
YOLOv3,G,3,4,26,task,0.582459,4750.65034965035
YOLOv3,G,3,4,27,task,0.424754,4712.91608391608
YOLOv3,G,3,4,28,task,0.735175,4724.32692307692
YOLOv3,G,3,4,29,task,0.428808,4720.85314685315
YOLOv3,G,3,4,30,task,0.737596,4707.73717948718
YOLOv3,G,3,4,31,task,0.431725,4703.73426573427
YOLOv3,G,3,4,32,task,0.749292,4724.92307692308
YOLOv3,G,3,4,33,task,0.456721,4710.25874125874
YOLOv3,G,3,4,34,task,0.739521,4719.09935897436
YOLOv3,G,3,4,35,task,0.467162,4865.83916083916
YOLOv3,G,3,4,36,task,0.854729,4761.90384615385
YOLOv3,G,3,4,37,task,0.502367,4757.11188811189
YOLOv3,G,3,4,38,task,0.7966,4751.93269230769
YOLOv3,G,3,4,39,task,0.465821,4696.75524475525
YOLOv3,G,3,4,40,task,0.747804,4642.41987179487
YOLOv3,G,3,4,41,task,0.614309,5299.93006993007
YOLOv3,G,3,4,42,task,0.8218,4732.84615384615
YOLOv3,G,3,4,43,task,0.691833,4798.84615384615
YOLOv3,G,3,4,44,task,0.438434,4768.13286713287
YOLOv3,G,3,4,45,task,0.744421,4736.36538461539
YOLOv3,G,3,4,46,task,0.426621,4657.02797202797
YOLOv3,G,3,4,47,task,0.785692,5138.07051282051
YOLOv3,G,3,4,48,task,0.58485,5579.34965034965
YOLOv3,G,3,4,49,task,0.755796,5185.00641025641
YOLOv3,G,3,4,50,task,0.434291,5245.74825174825
YOLOv3,G,3,4,51,task,0.792633,5310.03205128205
YOLOv3,G,3,4,52,task,0.451821,5250.23776223776
YOLOv3,G,3,4,53,task,0.664183,5231.83216783217
YOLOv3,G,3,4,54,task,0.438813,5223.14685314685
YOLOv3,G,3,4,55,task,0.76303,5227.37762237762
YOLOv3,G,3,4,56,task,0.4613,5121.63636363636
YOLOv3,G,3,4,57,task,0.604887,5108.93706293706
YOLOv3,G,3,4,58,task,0.865491,5054.01037851038
YOLOv3,G,3,4,59,task,0.635804,5097.2967032967
YOLOv3,G,3,4,60,task,0.425046,5178.17482517483
YOLOv3,G,3,4,61,task,0.651379,4685.18181818182
YOLOv3,G,3,4,62,task,0.42245,4825.69230769231
YOLOv3,G,3,4,63,task,0.580563,5535.62237762238
YOLOv3,G,3,4,64,task,0.401858,5173.73426573427
YOLOv3,G,3,4,65,task,0.750254,5040.9020979021
YOLOv3,G,3,4,66,task,0.934938,5185.71062271062
YOLOv3,G,3,4,67,task,0.669287,5019.23443223443
YOLOv3,G,3,4,68,task,0.395734,4726.34965034965
YOLOv3,G,3,4,69,task,0.618421,5369.87412587413
YOLOv3,G,3,4,70,task,0.365021,5519.44755244755
YOLOv3,G,3,4,71,task,0.692212,5129.95804195804
YOLOv3,G,3,4,72,task,0.365079,4656.04195804196
YOLOv3,G,3,4,73,task,0.71085,5041.12587412587
YOLOv3,G,3,4,74,task,4860.84,5345.04629165536
YOLOv3,G,3,5,0,in,110.177,4401.03274444853
YOLOv3,G,3,5,0,task,0.528908,5219.95804195804
YOLOv3,G,3,5,1,task,0.4718,5296.41958041958
YOLOv3,G,3,5,2,task,0.284871,4956.13986013986
YOLOv3,G,3,5,3,task,0.575546,5490.16025641026
YOLOv3,G,3,5,4,task,0.579629,6029.94405594406
YOLOv3,G,3,5,5,task,0.500937,5929.7972027972
YOLOv3,G,3,5,6,task,0.833583,5709.94230769231
YOLOv3,G,3,5,7,task,0.328417,4764.61538461539
YOLOv3,G,3,5,8,task,0.529783,4756.41987179487
YOLOv3,G,3,5,9,task,0.431463,4760.8041958042
YOLOv3,G,3,5,10,task,0.361142,4760.93706293706
YOLOv3,G,3,5,11,task,0.655725,4777.23076923077
YOLOv3,G,3,5,12,task,0.380479,4771.74125874126
YOLOv3,G,3,5,13,task,0.707087,4844.08333333333
YOLOv3,G,3,5,14,task,0.400838,4772.41958041958
YOLOv3,G,3,5,15,task,0.724529,4790.125
YOLOv3,G,3,5,16,task,0.630233,6121.1958041958
YOLOv3,G,3,5,17,task,0.664154,4912.10897435898
YOLOv3,G,3,5,18,task,0.590742,5063.08391608392
YOLOv3,G,3,5,19,task,0.694167,4788.5
YOLOv3,G,3,5,20,task,0.4088,4881.05594405594
YOLOv3,G,3,5,21,task,0.654004,4832.70512820513
YOLOv3,G,3,5,22,task,0.382141,4818.16783216783
YOLOv3,G,3,5,23,task,0.632042,4583.72435897436
YOLOv3,G,3,5,24,task,0.507937,6007.53146853147
YOLOv3,G,3,5,25,task,1.02702,5939.79543740573
YOLOv3,G,3,5,26,task,0.575284,4877.92307692308
YOLOv3,G,3,5,27,task,0.374062,4810.51748251748
YOLOv3,G,3,5,28,task,0.696063,4795.01282051282
YOLOv3,G,3,5,29,task,0.404717,4757.92307692308
YOLOv3,G,3,5,30,task,0.664008,4763.05769230769
YOLOv3,G,3,5,31,task,0.392583,4759.81818181818
YOLOv3,G,3,5,32,task,0.6629,4769.4967948718
YOLOv3,G,3,5,33,task,0.400021,4771.31468531469
YOLOv3,G,3,5,34,task,0.661179,4766.6891025641
YOLOv3,G,3,5,35,task,0.412125,4819.16083916084
YOLOv3,G,3,5,36,task,0.867854,4929.22115384615
YOLOv3,G,3,5,37,task,0.486325,4970.81818181818
YOLOv3,G,3,5,38,task,0.743779,4845.77243589744
YOLOv3,G,3,5,39,task,0.394595,4721.95104895105
YOLOv3,G,3,5,40,task,0.6636,4699.71153846154
YOLOv3,G,3,5,41,task,0.455759,5027.70629370629
YOLOv3,G,3,5,42,task,0.770992,4864.90705128205
YOLOv3,G,3,5,43,task,0.539787,4907.6013986014
YOLOv3,G,3,5,44,task,0.427292,4910.0979020979
YOLOv3,G,3,5,45,task,0.623262,4727.46794871795
YOLOv3,G,3,5,46,task,0.404279,4801.46153846154
YOLOv3,G,3,5,47,task,0.689529,4933.85897435898
YOLOv3,G,3,5,48,task,0.679409,5801.06993006993
YOLOv3,G,3,5,49,task,0.691571,5199.39102564103
YOLOv3,G,3,5,50,task,0.464129,5281.54545454545
YOLOv3,G,3,5,51,task,0.705016,5294.6282051282
YOLOv3,G,3,5,52,task,0.451559,5329.53846153846
YOLOv3,G,3,5,53,task,0.592609,5249.88111888112
YOLOv3,G,3,5,54,task,0.378262,5224.58741258741
YOLOv3,G,3,5,55,task,0.598879,5149.76923076923
YOLOv3,G,3,5,56,task,0.433388,5129.6013986014
YOLOv3,G,3,5,57,task,0.523746,5090.94405594406
YOLOv3,G,3,5,58,task,0.760609,5085.05433455434
YOLOv3,G,3,5,59,task,0.571229,5108.41941391941
YOLOv3,G,3,5,60,task,0.377154,5184.66433566433
YOLOv3,G,3,5,61,task,0.59955,4966.01398601399
YOLOv3,G,3,5,62,task,0.390979,4921.45454545455
YOLOv3,G,3,5,63,task,0.594183,5549.6993006993
YOLOv3,G,3,5,64,task,0.336671,5465.45454545455
YOLOv3,G,3,5,65,task,0.647004,5221.07692307692
YOLOv3,G,3,5,66,task,0.810862,5151.31318681319
YOLOv3,G,3,5,67,task,0.588408,5173.77655677656
YOLOv3,G,3,5,68,task,0.319025,4728.1958041958
YOLOv3,G,3,5,69,task,0.567117,5233.27272727273
YOLOv3,G,3,5,70,task,0.310829,5575.92307692308
YOLOv3,G,3,5,71,task,0.60165,5051.93006993007
YOLOv3,G,3,5,72,task,0.367004,4760.0979020979
YOLOv3,G,3,5,73,task,0.618392,4916.51048951049
YOLOv3,G,3,5,74,task,4851.16,5375.21992816513
YOLOv3,G,3,6,0,in,97.2193,4756.00754098874
YOLOv3,G,3,6,0,task,0.537104,5331.76923076923
YOLOv3,G,3,6,1,task,0.464858,5367.13986013986
YOLOv3,G,3,6,2,task,0.27373,5012.41258741259
YOLOv3,G,3,6,3,task,0.55965,5542.09294871795
YOLOv3,G,3,6,4,task,0.594796,6124.11888111888
YOLOv3,G,3,6,5,task,0.486704,6065.36363636364
YOLOv3,G,3,6,6,task,0.891479,5849.83974358974
YOLOv3,G,3,6,7,task,0.350758,4881.67132867133
YOLOv3,G,3,6,8,task,0.517679,4851.53525641026
YOLOv3,G,3,6,9,task,0.434467,4823.39160839161
YOLOv3,G,3,6,10,task,0.356533,4826.44755244755
YOLOv3,G,3,6,11,task,0.644846,4868.69871794872
YOLOv3,G,3,6,12,task,0.374033,4824.25874125874
YOLOv3,G,3,6,13,task,0.601388,4813.40384615385
YOLOv3,G,3,6,14,task,0.354141,4814.56643356643
YOLOv3,G,3,6,15,task,0.605179,4804.29807692308
YOLOv3,G,3,6,16,task,0.575721,6169.58041958042
YOLOv3,G,3,6,17,task,0.608009,4957.05448717949
YOLOv3,G,3,6,18,task,0.550084,5203.43356643357
YOLOv3,G,3,6,19,task,0.6916,4849.09615384615
YOLOv3,G,3,6,20,task,0.397979,4955.0979020979
YOLOv3,G,3,6,21,task,0.594825,4899.62820512821
YOLOv3,G,3,6,22,task,0.378262,4828.8041958042
YOLOv3,G,3,6,23,task,0.622591,4647.65705128205
YOLOv3,G,3,6,24,task,0.477108,5989.37762237762
YOLOv3,G,3,6,25,task,0.946809,5974.57051282051
YOLOv3,G,3,6,26,task,0.636183,5029.23076923077
YOLOv3,G,3,6,27,task,0.345246,4818.79020979021
YOLOv3,G,3,6,28,task,0.589254,4823.48717948718
YOLOv3,G,3,6,29,task,0.363534,4837.48251748252
YOLOv3,G,3,6,30,task,0.602816,4816.91346153846
YOLOv3,G,3,6,31,task,0.371234,4871.02797202797
YOLOv3,G,3,6,32,task,0.575137,4811.63141025641
YOLOv3,G,3,6,33,task,0.369337,4877.05594405594
YOLOv3,G,3,6,34,task,0.591383,4853.71794871795
YOLOv3,G,3,6,35,task,0.323429,4834.33566433567
YOLOv3,G,3,6,36,task,0.834867,5068.44871794872
YOLOv3,G,3,6,37,task,0.360616,5069.78321678322
YOLOv3,G,3,6,38,task,0.585958,4902.29166666667
YOLOv3,G,3,6,39,task,0.325558,4845.00699300699
YOLOv3,G,3,6,40,task,0.571812,4803.09294871795
YOLOv3,G,3,6,41,task,0.387742,4916.71328671329
YOLOv3,G,3,6,42,task,0.848313,5048.5641025641
YOLOv3,G,3,6,43,task,0.565396,5194.92307692308
YOLOv3,G,3,6,44,task,0.372313,4976.76223776224
YOLOv3,G,3,6,45,task,0.555333,4774.08974358974
YOLOv3,G,3,6,46,task,0.36575,4789.6993006993
YOLOv3,G,3,6,47,task,0.713358,4908.69871794872
YOLOv3,G,3,6,48,task,0.560846,5932.62237762238
YOLOv3,G,3,6,49,task,0.588729,5212.77243589744
YOLOv3,G,3,6,50,task,0.372925,5285.17482517483
YOLOv3,G,3,6,51,task,0.603983,5359.24358974359
YOLOv3,G,3,6,52,task,0.373421,5349.58041958042
YOLOv3,G,3,6,53,task,0.549325,5321.03496503497
YOLOv3,G,3,6,54,task,0.354579,5296.1048951049
YOLOv3,G,3,6,55,task,0.589633,5288.51748251748
YOLOv3,G,3,6,56,task,0.404717,5268.3986013986
YOLOv3,G,3,6,57,task,0.48895,5241.28671328671
YOLOv3,G,3,6,58,task,0.71887,5160.48290598291
YOLOv3,G,3,6,59,task,0.515142,5158.57142857143
YOLOv3,G,3,6,60,task,0.330283,5177.65034965035
YOLOv3,G,3,6,61,task,0.608241,5211.54545454546
YOLOv3,G,3,6,62,task,0.3486,4884.28671328671
YOLOv3,G,3,6,63,task,0.505779,5545.96503496503
YOLOv3,G,3,6,64,task,0.319667,5633.24475524476
YOLOv3,G,3,6,65,task,0.618596,5330.57342657343
YOLOv3,G,3,6,66,task,0.791204,5171.82112332112
YOLOv3,G,3,6,67,task,0.685476,5356.91941391941
YOLOv3,G,3,6,68,task,0.297179,4724.83916083916
YOLOv3,G,3,6,69,task,0.588117,5134.27272727273
YOLOv3,G,3,6,70,task,0.290762,5623.18181818182
YOLOv3,G,3,6,71,task,0.498546,5066.44055944056
YOLOv3,G,3,6,72,task,0.373042,4919.81818181818
YOLOv3,G,3,6,73,task,0.557492,4961.92307692308
YOLOv3,G,3,6,74,task,4883.9,5436.87443777732
YOLOv3,G,3,7,0,in,87.1525,5183.28182077045
YOLOv3,G,3,7,0,task,0.505867,5535.60839160839
YOLOv3,G,3,7,1,task,0.445521,5566.06993006993
YOLOv3,G,3,7,2,task,0.292688,5187.46853146853
YOLOv3,G,3,7,3,task,0.601679,5671.77243589744
YOLOv3,G,3,7,4,task,0.652838,6267.78321678322
YOLOv3,G,3,7,5,task,0.524825,6149.30769230769
YOLOv3,G,3,7,6,task,0.87815,6007.16346153846
YOLOv3,G,3,7,7,task,0.348017,5002.27972027972
YOLOv3,G,3,7,8,task,0.525904,4922.34294871795
YOLOv3,G,3,7,9,task,0.419213,4926.74125874126
YOLOv3,G,3,7,10,task,0.331742,4928.63636363636
YOLOv3,G,3,7,11,task,0.564667,4925.55448717949
YOLOv3,G,3,7,12,task,0.347112,4927.30769230769
YOLOv3,G,3,7,13,task,0.570587,4970.61217948718
YOLOv3,G,3,7,14,task,0.346792,4928.25874125874
YOLOv3,G,3,7,15,task,0.575954,4926.87820512821
YOLOv3,G,3,7,16,task,0.545825,6257.6013986014
YOLOv3,G,3,7,17,task,0.580854,5057.96794871795
YOLOv3,G,3,7,18,task,0.649337,5424.67132867133
YOLOv3,G,3,7,19,task,0.622387,4942.83012820513
YOLOv3,G,3,7,20,task,0.341513,5016.09090909091
YOLOv3,G,3,7,21,task,0.542996,4982.4358974359
YOLOv3,G,3,7,22,task,0.336379,4935.74825174825
YOLOv3,G,3,7,23,task,0.563587,4731.17628205128
YOLOv3,G,3,7,24,task,0.424375,6026.31468531469
YOLOv3,G,3,7,25,task,0.870392,6099.58333333333
YOLOv3,G,3,7,26,task,0.564142,5119.88111888112
YOLOv3,G,3,7,27,task,0.330926,4926.58741258741
YOLOv3,G,3,7,28,task,0.570879,4931.43269230769
YOLOv3,G,3,7,29,task,0.352538,4944
YOLOv3,G,3,7,30,task,0.586921,4970.70833333333
YOLOv3,G,3,7,31,task,0.327717,4929.69230769231
YOLOv3,G,3,7,32,task,0.542033,4924.46474358974
YOLOv3,G,3,7,33,task,0.331683,4928.74825174825
YOLOv3,G,3,7,34,task,0.546642,4919.00641025641
YOLOv3,G,3,7,35,task,0.31958,4918.95804195804
YOLOv3,G,3,7,36,task,0.807683,5195.02243589744
YOLOv3,G,3,7,37,task,0.356592,5215.41958041958
YOLOv3,G,3,7,38,task,0.637729,5063.86217948718
YOLOv3,G,3,7,39,task,0.343875,4939.63636363636
YOLOv3,G,3,7,40,task,0.554342,4878.07692307692
YOLOv3,G,3,7,41,task,0.372137,5003.14685314685
YOLOv3,G,3,7,42,task,0.782162,5250.32692307692
YOLOv3,G,3,7,43,task,0.526983,5181.98601398601
YOLOv3,G,3,7,44,task,0.378992,5061.64335664336
YOLOv3,G,3,7,45,task,0.51905,4878.53846153846
YOLOv3,G,3,7,46,task,0.336554,4882.07692307692
YOLOv3,G,3,7,47,task,0.60722,4936.61538461538
YOLOv3,G,3,7,48,task,0.544863,6075.0979020979
YOLOv3,G,3,7,49,task,0.603954,5362.42307692308
YOLOv3,G,3,7,50,task,0.389638,5505.69230769231
YOLOv3,G,3,7,51,task,0.560729,5447.98717948718
YOLOv3,G,3,7,52,task,0.330721,5420.34965034965
YOLOv3,G,3,7,53,task,0.493559,5413
YOLOv3,G,3,7,54,task,0.374179,5455.28671328671
YOLOv3,G,3,7,55,task,0.541859,5344.42657342657
YOLOv3,G,3,7,56,task,0.348833,5287.87412587413
YOLOv3,G,3,7,57,task,0.444704,5277.2027972028
YOLOv3,G,3,7,58,task,0.675967,5257.19963369963
YOLOv3,G,3,7,59,task,0.487346,5247.63919413919
YOLOv3,G,3,7,60,task,0.3171,5292.58741258741
YOLOv3,G,3,7,61,task,0.561225,5363.65034965035
YOLOv3,G,3,7,62,task,0.313921,4969.06293706294
YOLOv3,G,3,7,63,task,0.533575,5688.21678321678
YOLOv3,G,3,7,64,task,0.309021,5755.58041958042
YOLOv3,G,3,7,65,task,0.607775,5402.8041958042
YOLOv3,G,3,7,66,task,0.701867,5201.33943833944
YOLOv3,G,3,7,67,task,0.535821,5409.68131868132
YOLOv3,G,3,7,68,task,0.275567,4829.59440559441
YOLOv3,G,3,7,69,task,0.515521,5153.60839160839
YOLOv3,G,3,7,70,task,0.280233,5783.69230769231
YOLOv3,G,3,7,71,task,0.47008,5376.68531468531
YOLOv3,G,3,7,72,task,0.414313,5306.12587412587
YOLOv3,G,3,7,73,task,0.540108,5040.86713286713
YOLOv3,G,3,7,74,task,4883.51,5534.07958058658
YOLOv3,G,4,0,0,in,379.012,3787.20947049984
YOLOv3,G,4,0,0,task,1.03801,5839.51048951049
YOLOv3,G,4,0,1,task,1.09815,6107.49883449883
YOLOv3,G,4,0,2,task,0.717238,6022.11188811189
YOLOv3,G,4,0,3,task,1.63056,7125.91346153846
YOLOv3,G,4,0,4,task,1.30013,6862.01282051282
YOLOv3,G,4,0,5,task,1.30745,6307.48251748252
YOLOv3,G,4,0,6,task,1.89114,5733.59162895928
YOLOv3,G,4,0,7,task,1.08272,5709.76223776224
YOLOv3,G,4,0,8,task,1.8541,5718.00773001508
YOLOv3,G,4,0,9,task,1.35855,5736.71328671329
YOLOv3,G,4,0,10,task,1.09982,5738.74125874126
YOLOv3,G,4,0,11,task,1.9084,5743.85746606335
YOLOv3,G,4,0,12,task,1.13977,5965.59440559441
YOLOv3,G,4,0,13,task,2.11208,5977.76583710407
YOLOv3,G,4,0,14,task,1.18542,6001.04895104895
YOLOv3,G,4,0,15,task,1.86868,5585.85407239819
YOLOv3,G,4,0,16,task,1.01293,5837.33566433567
YOLOv3,G,4,0,17,task,1.7292,5644.95192307692
YOLOv3,G,4,0,18,task,1.01652,5224.82517482518
YOLOv3,G,4,0,19,task,2.26363,6850.4242081448
YOLOv3,G,4,0,20,task,1.2189,6302.44055944056
YOLOv3,G,4,0,21,task,1.6963,5751.51018099548
YOLOv3,G,4,0,22,task,1.02678,5746.52447552448
YOLOv3,G,4,0,23,task,1.7743,5763.15045248869
YOLOv3,G,4,0,24,task,1.05044,5755.3986013986
YOLOv3,G,4,0,25,task,1.81175,5753.52375565611
YOLOv3,G,4,0,26,task,1.36389,5728.81118881119
YOLOv3,G,4,0,27,task,1.01375,5798.40559440559
YOLOv3,G,4,0,28,task,2.05867,5939.09219457014
YOLOv3,G,4,0,29,task,1.08217,5500.65734265734
YOLOv3,G,4,0,30,task,1.79133,5732.13518099548
YOLOv3,G,4,0,31,task,1.06788,5558.18181818182
YOLOv3,G,4,0,32,task,1.99133,6139.11764705882
YOLOv3,G,4,0,33,task,1.11373,5899.89510489511
YOLOv3,G,4,0,34,task,1.75499,5667.54242081448
YOLOv3,G,4,0,35,task,1.03542,5725.9020979021
YOLOv3,G,4,0,36,task,1.84803,5653.63687782806
YOLOv3,G,4,0,37,task,1.20237,6482.73426573427
YOLOv3,G,4,0,38,task,1.75038,6319.03846153846
YOLOv3,G,4,0,39,task,1.18668,6390.6351981352
YOLOv3,G,4,0,40,task,1.83003,6441.875
YOLOv3,G,4,0,41,task,1.04096,6395.98601398601
YOLOv3,G,4,0,42,task,1.7523,6363.45871040724
YOLOv3,G,4,0,43,task,1.34546,6266.09324009324
YOLOv3,G,4,0,44,task,1.2822,6264.12587412588
YOLOv3,G,4,0,45,task,1.95128,6231.44513574661
YOLOv3,G,4,0,46,task,1.17323,6224.23543123543
YOLOv3,G,4,0,47,task,1.93783,5968.7556561086
YOLOv3,G,4,0,48,task,1.1991,6296.88111888112
YOLOv3,G,4,0,49,task,1.81895,6766.48190045249
YOLOv3,G,4,0,50,task,1.13403,5826.12587412587
YOLOv3,G,4,0,51,task,1.87903,6692.25395927602
YOLOv3,G,4,0,52,task,1.16611,6431.41958041958
YOLOv3,G,4,0,53,task,1.70094,5849.46386946387
YOLOv3,G,4,0,54,task,1.03807,6540.15384615385
YOLOv3,G,4,0,55,task,1.63663,6848.34498834499
YOLOv3,G,4,0,56,task,1.1748,5866.98135198135
YOLOv3,G,4,0,57,task,1.84669,6166.21212121212
YOLOv3,G,4,0,58,task,2.43574,6344.10593792173
YOLOv3,G,4,0,59,task,1.69937,6904.32467532467
YOLOv3,G,4,0,60,task,1.00476,5979.47552447553
YOLOv3,G,4,0,61,task,1.54957,5843.77622377622
YOLOv3,G,4,0,62,task,0.942171,7057.60839160839
YOLOv3,G,4,0,63,task,1.65267,6287.14918414919
YOLOv3,G,4,0,64,task,1.02737,5812.31468531469
YOLOv3,G,4,0,65,task,1.54242,6745.86713286713
YOLOv3,G,4,0,66,task,2.25791,6111.51824901825
YOLOv3,G,4,0,67,task,1.59238,6841.68831168831
YOLOv3,G,4,0,68,task,1.1573,6294.26573426573
YOLOv3,G,4,0,69,task,1.6583,6285.33216783217
YOLOv3,G,4,0,70,task,1.11921,6569.04195804196
YOLOv3,G,4,0,71,task,2.02388,6985.75174825175
YOLOv3,G,4,0,72,task,1.20928,7023.23776223776
YOLOv3,G,4,0,73,task,1.75933,7034.55128205128
YOLOv3,G,4,0,74,task,3331.69,6567.27899539951
YOLOv3,G,4,1,0,in,257.872,3806.30300577702
YOLOv3,G,4,1,0,task,1.28511,6014.34382284382
YOLOv3,G,4,1,1,task,0.750721,6091.37762237762
YOLOv3,G,4,1,2,task,0.524533,6050.31468531468
YOLOv3,G,4,1,3,task,1.34578,7164.16496983409
YOLOv3,G,4,1,4,task,0.979796,6926.11188811189
YOLOv3,G,4,1,5,task,0.7735,6325.72027972028
YOLOv3,G,4,1,6,task,1.01447,5738.67628205128
YOLOv3,G,4,1,7,task,0.737654,5736.41958041958
YOLOv3,G,4,1,8,task,1.24431,5744.90064102564
YOLOv3,G,4,1,9,task,0.950717,5764.83216783217
YOLOv3,G,4,1,10,task,0.753784,5767.05594405594
YOLOv3,G,4,1,11,task,1.31883,5780.97115384615
YOLOv3,G,4,1,12,task,0.755709,5756.27972027972
YOLOv3,G,4,1,13,task,1.81557,6338.44896933132
YOLOv3,G,4,1,14,task,0.859892,6298.43356643357
YOLOv3,G,4,1,15,task,1.3615,5472.89705882353
YOLOv3,G,4,1,16,task,0.754541,5848.21678321678
YOLOv3,G,4,1,17,task,1.26236,5828.36990950226
YOLOv3,G,4,1,18,task,0.848167,5287.06993006993
YOLOv3,G,4,1,19,task,1.48091,6616.21606334842
YOLOv3,G,4,1,20,task,0.964542,6692.01398601399
YOLOv3,G,4,1,21,task,1.24883,5775.46153846154
YOLOv3,G,4,1,22,task,0.724529,5761.4965034965
YOLOv3,G,4,1,23,task,1.2285,5782.30769230769
YOLOv3,G,4,1,24,task,0.725929,5771.18181818182
YOLOv3,G,4,1,25,task,1.2899,5792.24981146305
YOLOv3,G,4,1,26,task,0.990763,5771.57575757576
YOLOv3,G,4,1,27,task,0.725025,5752.83216783217
YOLOv3,G,4,1,28,task,1.39857,6227.36538461539
YOLOv3,G,4,1,29,task,0.780996,5918.37762237762
YOLOv3,G,4,1,30,task,1.29821,5714.00358220211
YOLOv3,G,4,1,31,task,0.687662,5733.97902097902
YOLOv3,G,4,1,32,task,1.2794,5562.28714177979
YOLOv3,G,4,1,33,task,0.768775,5882.01398601399
YOLOv3,G,4,1,34,task,1.48024,5695.23472850679
YOLOv3,G,4,1,35,task,0.718463,5743.39160839161
YOLOv3,G,4,1,36,task,1.23953,5669.21794871795
YOLOv3,G,4,1,37,task,0.879696,6177.46853146853
YOLOv3,G,4,1,38,task,1.55575,6367.99208144796
YOLOv3,G,4,1,39,task,0.80395,6410.74125874126
YOLOv3,G,4,1,40,task,1.29847,6453.77243589744
YOLOv3,G,4,1,41,task,0.760784,6451.47552447552
YOLOv3,G,4,1,42,task,1.2973,6492.99792609352
YOLOv3,G,4,1,43,task,0.989946,6494.7972027972
YOLOv3,G,4,1,44,task,0.780208,6391.45454545455
YOLOv3,G,4,1,45,task,1.31574,6361.26979638009
YOLOv3,G,4,1,46,task,0.829208,6364.95804195804
YOLOv3,G,4,1,47,task,1.30646,6359.01112368024
YOLOv3,G,4,1,48,task,0.845688,5897.01398601399
YOLOv3,G,4,1,49,task,1.37576,6549.26131221719
YOLOv3,G,4,1,50,task,0.752121,6627.51048951049
YOLOv3,G,4,1,51,task,1.38839,5820.17269984917
YOLOv3,G,4,1,52,task,0.806925,6833.72027972028
YOLOv3,G,4,1,53,task,1.2469,6688.45804195804
YOLOv3,G,4,1,54,task,0.915163,5899.57342657343
YOLOv3,G,4,1,55,task,1.25277,6189.68531468531
YOLOv3,G,4,1,56,task,0.7119,7199.25874125874
YOLOv3,G,4,1,57,task,1.22955,6004.68531468531
YOLOv3,G,4,1,58,task,1.75919,6587.59528759529
YOLOv3,G,4,1,59,task,1.31938,5830.55111555112
YOLOv3,G,4,1,60,task,0.723888,7226.16783216783
YOLOv3,G,4,1,61,task,1.13111,6244.14685314685
YOLOv3,G,4,1,62,task,0.6958,5783.53146853147
YOLOv3,G,4,1,63,task,1.1758,6681.25874125874
YOLOv3,G,4,1,64,task,0.715254,6787.62937062937
YOLOv3,G,4,1,65,task,1.23941,5891.14801864802
YOLOv3,G,4,1,66,task,1.84377,6607.88115038115
YOLOv3,G,4,1,67,task,1.3389,5943.30133634481
YOLOv3,G,4,1,68,task,0.706679,7276.07692307692
YOLOv3,G,4,1,69,task,1.28552,6305.81351981352
YOLOv3,G,4,1,70,task,0.812875,6290.61538461539
YOLOv3,G,4,1,71,task,1.274,6374.25874125874
YOLOv3,G,4,1,72,task,0.819554,6828.39160839161
YOLOv3,G,4,1,73,task,1.31635,7114.25874125874
YOLOv3,G,4,1,74,task,3445.67,6540.13681066662
YOLOv3,G,4,2,0,in,189.744,3998.28245115995
YOLOv3,G,4,2,0,task,0.692154,6127.51748251748
YOLOv3,G,4,2,1,task,0.620696,6160.44755244755
YOLOv3,G,4,2,2,task,0.425863,6117.13986013986
YOLOv3,G,4,2,3,task,1.26551,7262.72624434389
YOLOv3,G,4,2,4,task,0.890838,7011.40442890443
YOLOv3,G,4,2,5,task,0.686408,6359.75524475525
YOLOv3,G,4,2,6,task,0.755241,5759.42628205128
YOLOv3,G,4,2,7,task,0.518525,5766.98601398602
YOLOv3,G,4,2,8,task,0.950309,5780.29166666667
YOLOv3,G,4,2,9,task,0.73325,5777.58041958042
YOLOv3,G,4,2,10,task,0.559242,5781.61538461538
YOLOv3,G,4,2,11,task,1.00085,5808.9358974359
YOLOv3,G,4,2,12,task,0.578492,5777.72027972028
YOLOv3,G,4,2,13,task,1.34479,6593.83672699849
YOLOv3,G,4,2,14,task,0.669142,6453.98601398601
YOLOv3,G,4,2,15,task,1.09556,5447.71794871795
YOLOv3,G,4,2,16,task,0.60448,5882.25874125874
YOLOv3,G,4,2,17,task,0.984375,5865.70192307692
YOLOv3,G,4,2,18,task,0.629562,5307.02097902098
YOLOv3,G,4,2,19,task,1.35424,6415.97222222222
YOLOv3,G,4,2,20,task,0.785867,6866.43356643357
YOLOv3,G,4,2,21,task,1.14701,5916.78846153846
YOLOv3,G,4,2,22,task,0.552096,5799.30769230769
YOLOv3,G,4,2,23,task,0.934063,5793.73076923077
YOLOv3,G,4,2,24,task,0.571404,5811.07692307692
YOLOv3,G,4,2,25,task,1.015,5835.63461538462
YOLOv3,G,4,2,26,task,0.772042,5792.76923076923
YOLOv3,G,4,2,27,task,0.627025,5828.46153846154
YOLOv3,G,4,2,28,task,1.06735,6245.34615384615
YOLOv3,G,4,2,29,task,0.5803,5829.53146853147
YOLOv3,G,4,2,30,task,1.02702,5618.14423076923
YOLOv3,G,4,2,31,task,0.547225,5753.70629370629
YOLOv3,G,4,2,32,task,0.927296,5485.64102564103
YOLOv3,G,4,2,33,task,0.806517,6376.74125874126
YOLOv3,G,4,2,34,task,1.02413,5826.60576923077
YOLOv3,G,4,2,35,task,0.590013,5778.85314685315
YOLOv3,G,4,2,36,task,0.9548,5765.96153846154
YOLOv3,G,4,2,37,task,0.652984,5470.11888111888
YOLOv3,G,4,2,38,task,1.47998,6616.77469834088
YOLOv3,G,4,2,39,task,0.556471,6392.8951048951
YOLOv3,G,4,2,40,task,0.932517,6440.47435897436
YOLOv3,G,4,2,41,task,0.596809,6467.11188811189
YOLOv3,G,4,2,42,task,1.00132,6455.1282051282
YOLOv3,G,4,2,43,task,0.760404,6484.56643356643
YOLOv3,G,4,2,44,task,0.59293,6344.55244755245
YOLOv3,G,4,2,45,task,0.990355,6302.27243589744
YOLOv3,G,4,2,46,task,0.636767,6367.24475524476
YOLOv3,G,4,2,47,task,0.98423,6315.24038461539
YOLOv3,G,4,2,48,task,0.62335,6266.01398601399
YOLOv3,G,4,2,49,task,0.979329,5841.63461538462
YOLOv3,G,4,2,50,task,0.553642,7378.48951048951
YOLOv3,G,4,2,51,task,0.99995,6001.32692307692
YOLOv3,G,4,2,52,task,0.647296,5867.97902097902
YOLOv3,G,4,2,53,task,0.845805,7317.13286713287
YOLOv3,G,4,2,54,task,0.680808,6144.06993006993
YOLOv3,G,4,2,55,task,0.867125,5780.39160839161
YOLOv3,G,4,2,56,task,0.595525,6921.48951048951
YOLOv3,G,4,2,57,task,0.866367,6674.72027972028
YOLOv3,G,4,2,58,task,1.4037,6336.39928389928
YOLOv3,G,4,2,59,task,0.984842,6064.47252747253
YOLOv3,G,4,2,60,task,0.641404,6022.20979020979
YOLOv3,G,4,2,61,task,0.873863,7363.62937062937
YOLOv3,G,4,2,62,task,0.689588,6106.85314685315
YOLOv3,G,4,2,63,task,0.928988,5826.22144522145
YOLOv3,G,4,2,64,task,0.582779,7151.37762237762
YOLOv3,G,4,2,65,task,0.89705,6377.21678321678
YOLOv3,G,4,2,66,task,1.41625,6399.42621192621
YOLOv3,G,4,2,67,task,0.969062,6017.69230769231
YOLOv3,G,4,2,68,task,0.616321,6355.25174825175
YOLOv3,G,4,2,69,task,0.866046,7218.25874125874
YOLOv3,G,4,2,70,task,0.67375,6472.53146853147
YOLOv3,G,4,2,71,task,1.10337,6361.27156177156
YOLOv3,G,4,2,72,task,0.803513,6486.38461538462
YOLOv3,G,4,2,73,task,0.970346,6984.21678321678
YOLOv3,G,4,2,74,task,3431.46,6610.10728280159
YOLOv3,G,4,3,0,in,154.255,4159.57917889063
YOLOv3,G,4,3,0,task,0.629242,6287.4055944056
YOLOv3,G,4,3,1,task,0.480812,6172.51048951049
YOLOv3,G,4,3,2,task,0.343029,6113.02097902098
YOLOv3,G,4,3,3,task,0.880541,7268.50320512821
YOLOv3,G,4,3,4,task,0.819846,7030.86713286713
YOLOv3,G,4,3,5,task,0.786042,6402.55594405594
YOLOv3,G,4,3,6,task,0.754571,5806.53846153846
YOLOv3,G,4,3,7,task,0.445813,5806
YOLOv3,G,4,3,8,task,0.817017,5816.07692307692
YOLOv3,G,4,3,9,task,0.647879,5861.34265734266
YOLOv3,G,4,3,10,task,0.519925,5853.81118881119
YOLOv3,G,4,3,11,task,0.87188,5866.2532051282
YOLOv3,G,4,3,12,task,0.495192,5821.96503496504
YOLOv3,G,4,3,13,task,1.16667,6630.33012820513
YOLOv3,G,4,3,14,task,0.563383,6348.47552447553
YOLOv3,G,4,3,15,task,0.924963,5437.16666666667
YOLOv3,G,4,3,16,task,0.520421,5890.71328671329
YOLOv3,G,4,3,17,task,0.848225,5901.86217948718
YOLOv3,G,4,3,18,task,0.5411,5336.2027972028
YOLOv3,G,4,3,19,task,0.936455,6258.66987179487
YOLOv3,G,4,3,20,task,0.704579,6965.11188811189
YOLOv3,G,4,3,21,task,1.11376,6052.56315987934
YOLOv3,G,4,3,22,task,0.536784,5859.48251748252
YOLOv3,G,4,3,23,task,0.813925,5831.34615384615
YOLOv3,G,4,3,24,task,0.483554,5879.07692307692
YOLOv3,G,4,3,25,task,0.805292,5831.91346153846
YOLOv3,G,4,3,26,task,0.637991,5835.94405594406
YOLOv3,G,4,3,27,task,0.482387,5797.18181818182
YOLOv3,G,4,3,28,task,0.917729,6102.23717948718
YOLOv3,G,4,3,29,task,0.526079,5820.02097902098
YOLOv3,G,4,3,30,task,0.986709,5649.1858974359
YOLOv3,G,4,3,31,task,0.480142,5800.11888111888
YOLOv3,G,4,3,32,task,0.861234,5652.86858974359
YOLOv3,G,4,3,33,task,0.668675,6520.08391608392
YOLOv3,G,4,3,34,task,0.879258,5947.99358974359
YOLOv3,G,4,3,35,task,0.546816,5771.81118881119
YOLOv3,G,4,3,36,task,0.820692,5825.38782051282
YOLOv3,G,4,3,37,task,0.495104,5440.46153846154
YOLOv3,G,4,3,38,task,1.24749,6751.00961538462
YOLOv3,G,4,3,39,task,0.5215,6406.24475524476
YOLOv3,G,4,3,40,task,0.901338,6479.98717948718
YOLOv3,G,4,3,41,task,0.524767,6555.46853146853
YOLOv3,G,4,3,42,task,0.887046,6535.71794871795
YOLOv3,G,4,3,43,task,0.666837,6530.1958041958
YOLOv3,G,4,3,44,task,0.514558,6460.93006993007
YOLOv3,G,4,3,45,task,0.9254,6456.20512820513
YOLOv3,G,4,3,46,task,0.618712,6511.72027972028
YOLOv3,G,4,3,47,task,0.900521,6443.63782051282
YOLOv3,G,4,3,48,task,0.529434,6441.34965034965
YOLOv3,G,4,3,49,task,0.887075,5831.62820512821
YOLOv3,G,4,3,50,task,0.503504,7199.7972027972
YOLOv3,G,4,3,51,task,0.888767,6323.75320512821
YOLOv3,G,4,3,52,task,0.504467,5803.25174825175
YOLOv3,G,4,3,53,task,0.841954,7095.1048951049
YOLOv3,G,4,3,54,task,0.524912,6661.46853146853
YOLOv3,G,4,3,55,task,0.875175,5892.65734265734
YOLOv3,G,4,3,56,task,0.584617,6208.6013986014
YOLOv3,G,4,3,57,task,0.748592,7373.88811188811
YOLOv3,G,4,3,58,task,1.17594,6187.42810942811
YOLOv3,G,4,3,59,task,0.752296,6529.55311355311
YOLOv3,G,4,3,60,task,0.461533,5858.55244755245
YOLOv3,G,4,3,61,task,0.655813,7290.30769230769
YOLOv3,G,4,3,62,task,0.466229,6339.06293706294
YOLOv3,G,4,3,63,task,0.698075,5814.74125874126
YOLOv3,G,4,3,64,task,0.631633,6473.83216783217
YOLOv3,G,4,3,65,task,0.646567,7232.90909090909
YOLOv3,G,4,3,66,task,1.08625,6231.5695970696
YOLOv3,G,4,3,67,task,0.77735,6543.0989010989
YOLOv3,G,4,3,68,task,0.423879,5944.64335664336
YOLOv3,G,4,3,69,task,0.617342,7352.81118881119
YOLOv3,G,4,3,70,task,0.499858,6312.53846153846
YOLOv3,G,4,3,71,task,0.925429,6371.82517482518
YOLOv3,G,4,3,72,task,0.519633,6366.18881118881
YOLOv3,G,4,3,73,task,0.718259,6753.05594405594
YOLOv3,G,4,3,74,task,3456.75,6634.22625183705
YOLOv3,G,4,4,0,in,130.057,4413.8466121497
YOLOv3,G,4,4,0,task,0.590917,6386.38461538462
YOLOv3,G,4,4,1,task,0.437238,6259.72027972028
YOLOv3,G,4,4,2,task,0.318442,6171.04895104895
YOLOv3,G,4,4,3,task,0.919421,7333.33653846154
YOLOv3,G,4,4,4,task,0.710821,7121.63636363636
YOLOv3,G,4,4,5,task,0.531941,6451.44055944056
YOLOv3,G,4,4,6,task,0.536521,5889.34935897436
YOLOv3,G,4,4,7,task,0.32865,5862.44755244755
YOLOv3,G,4,4,8,task,0.550842,5864.31730769231
YOLOv3,G,4,4,9,task,0.517125,5857.48951048951
YOLOv3,G,4,4,10,task,0.412825,5864.48951048951
YOLOv3,G,4,4,11,task,0.726455,5857.32692307692
YOLOv3,G,4,4,12,task,0.434263,5849.72027972028
YOLOv3,G,4,4,13,task,0.933304,6707.77564102564
YOLOv3,G,4,4,14,task,0.507208,6302.83216783217
YOLOv3,G,4,4,15,task,0.847496,5503.1217948718
YOLOv3,G,4,4,16,task,0.590596,5958.57342657343
YOLOv3,G,4,4,17,task,0.753784,5995.55128205128
YOLOv3,G,4,4,18,task,0.511408,5437.67832167832
YOLOv3,G,4,4,19,task,0.866921,6234.9391025641
YOLOv3,G,4,4,20,task,0.667275,6993.3006993007
YOLOv3,G,4,4,21,task,1.0038,6140.35897435897
YOLOv3,G,4,4,22,task,0.428721,5869.67132867133
YOLOv3,G,4,4,23,task,0.707729,5867.40064102564
YOLOv3,G,4,4,24,task,0.438025,5878.11888111888
YOLOv3,G,4,4,25,task,0.800275,5940.91666666667
YOLOv3,G,4,4,26,task,0.561896,5891.81818181818
YOLOv3,G,4,4,27,task,0.424142,5900.93706293706
YOLOv3,G,4,4,28,task,0.779451,5991.92628205128
YOLOv3,G,4,4,29,task,0.480754,5869.06293706294
YOLOv3,G,4,4,30,task,1.0605,5778.75320512821
YOLOv3,G,4,4,31,task,0.455612,5872.76923076923
YOLOv3,G,4,4,32,task,0.722458,5723.89102564103
YOLOv3,G,4,4,33,task,0.544775,6397.52447552448
YOLOv3,G,4,4,34,task,0.753754,6002.11217948718
YOLOv3,G,4,4,35,task,0.497613,5753.66433566433
YOLOv3,G,4,4,36,task,0.726454,5855.80448717949
YOLOv3,G,4,4,37,task,0.444734,5575.13286713287
YOLOv3,G,4,4,38,task,1.02416,6794.95512820513
YOLOv3,G,4,4,39,task,0.485829,6441.22377622378
YOLOv3,G,4,4,40,task,0.743779,6540.84935897436
YOLOv3,G,4,4,41,task,0.453629,6544.5034965035
YOLOv3,G,4,4,42,task,0.764371,6506.32051282051
YOLOv3,G,4,4,43,task,0.613025,6598.04195804196
YOLOv3,G,4,4,44,task,0.48055,6562.34965034965
YOLOv3,G,4,4,45,task,0.749204,6459.85897435897
YOLOv3,G,4,4,46,task,0.4515,6453.4965034965
YOLOv3,G,4,4,47,task,0.7455,6453.84935897436
YOLOv3,G,4,4,48,task,0.449196,6453.38461538462
YOLOv3,G,4,4,49,task,0.753463,5951.98076923077
YOLOv3,G,4,4,50,task,0.504934,6903.48951048951
YOLOv3,G,4,4,51,task,0.795141,6652.47435897436
YOLOv3,G,4,4,52,task,0.447621,5876.95804195804
YOLOv3,G,4,4,53,task,0.764633,6757.68531468531
YOLOv3,G,4,4,54,task,0.439629,7095.06293706294
YOLOv3,G,4,4,55,task,0.841138,6071.79020979021
YOLOv3,G,4,4,56,task,0.557259,5985.58741258741
YOLOv3,G,4,4,57,task,0.679408,7481.44055944056
YOLOv3,G,4,4,58,task,1.05715,6104.943998944
YOLOv3,G,4,4,59,task,0.854729,6804.26007326007
YOLOv3,G,4,4,60,task,0.413758,5894.74125874126
YOLOv3,G,4,4,61,task,0.671358,6953.1958041958
YOLOv3,G,4,4,62,task,0.408217,6972.76223776224
YOLOv3,G,4,4,63,task,0.762883,6063.16083916084
YOLOv3,G,4,4,64,task,0.463808,6008.34965034965
YOLOv3,G,4,4,65,task,0.6013,7444.31468531469
YOLOv3,G,4,4,66,task,1.03956,6090.32905982906
YOLOv3,G,4,4,67,task,0.741854,6731.83516483517
YOLOv3,G,4,4,68,task,0.384971,5904.81118881119
YOLOv3,G,4,4,69,task,0.661996,7044.44055944056
YOLOv3,G,4,4,70,task,0.448496,6841.43356643357
YOLOv3,G,4,4,71,task,0.899267,6530.71328671329
YOLOv3,G,4,4,72,task,0.486908,6428.48951048951
YOLOv3,G,4,4,73,task,0.690958,6683.46853146853
YOLOv3,G,4,4,74,task,3456.28,6682.74271155843
YOLOv3,G,4,5,0,in,110.151,4713.54849302744
YOLOv3,G,4,5,0,task,0.578929,6501.37762237762
YOLOv3,G,4,5,1,task,0.362775,6245.48251748252
YOLOv3,G,4,5,2,task,0.329758,6268.13286713287
YOLOv3,G,4,5,3,task,0.832242,7424.33974358974
YOLOv3,G,4,5,4,task,0.632625,7217.48251748252
YOLOv3,G,4,5,5,task,0.636563,6563.18881118881
YOLOv3,G,4,5,6,task,0.621775,5911.86538461538
YOLOv3,G,4,5,7,task,0.360325,5913.04895104895
YOLOv3,G,4,5,8,task,0.628804,5951.90384615384
YOLOv3,G,4,5,9,task,0.49595,5930.78321678322
YOLOv3,G,4,5,10,task,0.381004,5921.07692307692
YOLOv3,G,4,5,11,task,0.678883,5960.86858974359
YOLOv3,G,4,5,12,task,0.377796,5922.88811188811
YOLOv3,G,4,5,13,task,0.800858,6773.6858974359
YOLOv3,G,4,5,14,task,0.438316,6241.3006993007
YOLOv3,G,4,5,15,task,0.720971,5553.875
YOLOv3,G,4,5,16,task,0.469642,6013.13286713287
YOLOv3,G,4,5,17,task,0.719571,6074.4967948718
YOLOv3,G,4,5,18,task,0.396404,5530.44055944056
YOLOv3,G,4,5,19,task,0.7868,6156.71794871795
YOLOv3,G,4,5,20,task,0.633325,7021.94405594406
YOLOv3,G,4,5,21,task,1.02947,6293.48397435897
YOLOv3,G,4,5,22,task,0.415887,5990.37762237762
YOLOv3,G,4,5,23,task,0.637583,5919.76282051282
YOLOv3,G,4,5,24,task,0.3794,5934.76923076923
YOLOv3,G,4,5,25,task,0.628133,5934.67628205128
YOLOv3,G,4,5,26,task,0.495133,5941.38461538462
YOLOv3,G,4,5,27,task,0.3773,5911.18881118881
YOLOv3,G,4,5,28,task,0.66535,5963.69551282051
YOLOv3,G,4,5,29,task,0.501784,6088.29370629371
YOLOv3,G,4,5,30,task,0.8316,5829.83653846154
YOLOv3,G,4,5,31,task,0.386429,5921.05594405594
YOLOv3,G,4,5,32,task,0.647646,5852.09294871795
YOLOv3,G,4,5,33,task,0.492625,6274.42657342657
YOLOv3,G,4,5,34,task,0.7119,6039.80448717949
YOLOv3,G,4,5,35,task,0.447912,5708.26573426573
YOLOv3,G,4,5,36,task,0.613988,5903.10897435897
YOLOv3,G,4,5,37,task,0.411366,5798.27272727273
YOLOv3,G,4,5,38,task,0.837375,6732.71153846154
YOLOv3,G,4,5,39,task,0.461796,6446.9020979021
YOLOv3,G,4,5,40,task,0.684979,6582.64102564103
YOLOv3,G,4,5,41,task,0.454942,6654.0979020979
YOLOv3,G,4,5,42,task,0.712163,6596.60897435897
YOLOv3,G,4,5,43,task,0.566067,6713.17482517483
YOLOv3,G,4,5,44,task,0.452346,6641.52447552448
YOLOv3,G,4,5,45,task,0.705367,6530.4967948718
YOLOv3,G,4,5,46,task,0.439104,6482.02097902098
YOLOv3,G,4,5,47,task,0.721671,6494.64423076923
YOLOv3,G,4,5,48,task,0.402179,6433.11188811189
YOLOv3,G,4,5,49,task,0.749263,6229.61161387632
YOLOv3,G,4,5,50,task,0.541304,6433.1958041958
YOLOv3,G,4,5,51,task,0.643037,7047.91025641026
YOLOv3,G,4,5,52,task,0.485771,6033.02797202797
YOLOv3,G,4,5,53,task,0.667917,6220.43356643357
YOLOv3,G,4,5,54,task,0.381354,7441.23076923077
YOLOv3,G,4,5,55,task,0.704083,6278.18181818182
YOLOv3,G,4,5,56,task,0.385146,5967.37062937063
YOLOv3,G,4,5,57,task,0.621483,7415.93706293706
YOLOv3,G,4,5,58,task,1.00605,6167.95482295482
YOLOv3,G,4,5,59,task,0.666429,7143.4010989011
YOLOv3,G,4,5,60,task,0.513071,6049.37762237762
YOLOv3,G,4,5,61,task,0.752442,6382.86713286713
YOLOv3,G,4,5,62,task,0.380858,7432.65034965035
YOLOv3,G,4,5,63,task,0.717938,6220.16083916084
YOLOv3,G,4,5,64,task,0.376134,5980.1048951049
YOLOv3,G,4,5,65,task,0.593512,7399.8041958042
YOLOv3,G,4,5,66,task,0.976325,6193.19902319902
YOLOv3,G,4,5,67,task,0.618888,7104.67948717949
YOLOv3,G,4,5,68,task,0.431142,6009.41958041958
YOLOv3,G,4,5,69,task,0.694808,6426.16783216783
YOLOv3,G,4,5,70,task,0.369163,7381.97902097902
YOLOv3,G,4,5,71,task,0.747163,6525.58741258741
YOLOv3,G,4,5,72,task,0.410054,6472.83216783217
YOLOv3,G,4,5,73,task,0.621075,6558.60839160839
YOLOv3,G,4,5,74,task,3413.6,6767.28133979322
YOLOv3,G,4,6,0,in,97.3344,5056.39231053076
YOLOv3,G,4,6,0,task,0.549296,6620.06293706294
YOLOv3,G,4,6,1,task,0.353092,6378.32167832168
YOLOv3,G,4,6,2,task,0.270317,6316.81818181818
YOLOv3,G,4,6,3,task,0.861817,7512.06542232278
YOLOv3,G,4,6,4,task,0.596342,7241.67832167832
YOLOv3,G,4,6,5,task,0.514296,6609.46853146853
YOLOv3,G,4,6,6,task,0.502513,5984.10256410256
YOLOv3,G,4,6,7,task,0.29925,6005.46153846154
YOLOv3,G,4,6,8,task,0.525759,6018.02564102564
YOLOv3,G,4,6,9,task,0.382667,6013.22377622378
YOLOv3,G,4,6,10,task,0.354929,6002.24475524476
YOLOv3,G,4,6,11,task,0.633996,6035.32692307692
YOLOv3,G,4,6,12,task,0.354055,5997.35664335664
YOLOv3,G,4,6,13,task,0.782075,6873.05128205128
YOLOv3,G,4,6,14,task,0.434525,6272.81118881119
YOLOv3,G,4,6,15,task,0.678096,5642.26923076923
YOLOv3,G,4,6,16,task,0.454767,6088.63636363636
YOLOv3,G,4,6,17,task,0.603779,6081.95512820513
YOLOv3,G,4,6,18,task,0.384067,5666.1048951049
YOLOv3,G,4,6,19,task,0.746288,6115.9358974359
YOLOv3,G,4,6,20,task,0.604683,7153.60256410256
YOLOv3,G,4,6,21,task,0.900492,6391.6858974359
YOLOv3,G,4,6,22,task,0.350934,6009.02797202797
YOLOv3,G,4,6,23,task,0.587388,5997.77884615385
YOLOv3,G,4,6,24,task,0.346529,6037.53146853147
YOLOv3,G,4,6,25,task,0.577383,5999.13461538462
YOLOv3,G,4,6,26,task,0.472151,6058.6993006993
YOLOv3,G,4,6,27,task,0.361404,5987.39160839161
YOLOv3,G,4,6,28,task,0.605004,6006.13782051282
YOLOv3,G,4,6,29,task,0.499596,6296.74825174825
YOLOv3,G,4,6,30,task,0.710413,5952.52243589744
YOLOv3,G,4,6,31,task,0.34507,5970.52447552448
YOLOv3,G,4,6,32,task,0.650942,6043.19230769231
YOLOv3,G,4,6,33,task,0.427787,6022.18181818182
YOLOv3,G,4,6,34,task,0.792371,6124.38141025641
YOLOv3,G,4,6,35,task,0.401479,5722.72027972028
YOLOv3,G,4,6,36,task,0.572921,5961.0608974359
YOLOv3,G,4,6,37,task,0.349562,5879.9020979021
YOLOv3,G,4,6,38,task,0.832417,6712.33547008547
YOLOv3,G,4,6,39,task,0.471858,6549.65034965035
YOLOv3,G,4,6,40,task,0.635046,6625.10897435898
YOLOv3,G,4,6,41,task,0.3892,6703.18881118881
YOLOv3,G,4,6,42,task,0.65555,6703.38461538461
YOLOv3,G,4,6,43,task,0.5355,6839.3006993007
YOLOv3,G,4,6,44,task,0.401012,6723.48251748252
YOLOv3,G,4,6,45,task,0.609292,6622.125
YOLOv3,G,4,6,46,task,0.396579,6624.23076923077
YOLOv3,G,4,6,47,task,0.591354,6560.07371794872
YOLOv3,G,4,6,48,task,0.355717,6539.41958041958
YOLOv3,G,4,6,49,task,0.697988,6313.4391025641
YOLOv3,G,4,6,50,task,0.470546,6361.08391608392
YOLOv3,G,4,6,51,task,0.590917,7222.71153846154
YOLOv3,G,4,6,52,task,0.499975,6181.71328671329
YOLOv3,G,4,6,53,task,0.661091,6247.52447552448
YOLOv3,G,4,6,54,task,0.391241,7617.76223776224
YOLOv3,G,4,6,55,task,0.695188,6348.96503496504
YOLOv3,G,4,6,56,task,0.382725,6032.8041958042
YOLOv3,G,4,6,57,task,0.607075,7332.74125874126
YOLOv3,G,4,6,58,task,0.905654,6312.18986568987
YOLOv3,G,4,6,59,task,0.625071,7267.01465201465
YOLOv3,G,4,6,60,task,0.492333,6166.29370629371
YOLOv3,G,4,6,61,task,0.718462,6323.21678321678
YOLOv3,G,4,6,62,task,0.363417,7535.85314685315
YOLOv3,G,4,6,63,task,0.644437,6349.69230769231
YOLOv3,G,4,6,64,task,0.409704,5963
YOLOv3,G,4,6,65,task,0.639392,7298.34265734266
YOLOv3,G,4,6,66,task,1.03107,6317.22222222222
YOLOv3,G,4,6,67,task,0.664213,7230.15384615385
YOLOv3,G,4,6,68,task,0.463312,6176.25174825175
YOLOv3,G,4,6,69,task,0.631575,6370.53146853147
YOLOv3,G,4,6,70,task,0.369425,7529.01398601399
YOLOv3,G,4,6,71,task,0.7077,6581.1048951049
YOLOv3,G,4,6,72,task,0.434087,6615.58041958042
YOLOv3,G,4,6,73,task,0.686263,6717.72727272727
YOLOv3,G,4,6,74,task,3434.76,6837.31713542232
YOLOv3,G,4,7,0,in,87.1639,5532.54838709677
YOLOv3,G,4,7,0,task,0.530775,6869.27272727273
YOLOv3,G,4,7,1,task,0.323809,6444.30769230769
YOLOv3,G,4,7,2,task,0.262734,6445.93706293706
YOLOv3,G,4,7,3,task,0.965387,7767.37990196078
YOLOv3,G,4,7,4,task,0.700904,7427.84965034965
YOLOv3,G,4,7,5,task,0.587708,6776.65034965035
YOLOv3,G,4,7,6,task,0.515346,6141.34294871795
YOLOv3,G,4,7,7,task,0.296275,6119.47552447553
YOLOv3,G,4,7,8,task,0.504613,6159.57371794872
YOLOv3,G,4,7,9,task,0.389375,6204.44055944056
YOLOv3,G,4,7,10,task,0.330225,6133.23776223776
YOLOv3,G,4,7,11,task,0.551484,6110.73397435897
YOLOv3,G,4,7,12,task,0.328096,6109.78321678322
YOLOv3,G,4,7,13,task,0.689004,7007.98076923077
YOLOv3,G,4,7,14,task,0.413,6330.97202797203
YOLOv3,G,4,7,15,task,0.649688,5756.78525641026
YOLOv3,G,4,7,16,task,0.443334,6202.65034965035
YOLOv3,G,4,7,17,task,0.573796,6261.30128205128
YOLOv3,G,4,7,18,task,0.385466,5869.62237762238
YOLOv3,G,4,7,19,task,0.666575,6117.60256410256
YOLOv3,G,4,7,20,task,0.597217,7193.67832167832
YOLOv3,G,4,7,21,task,0.888242,6544.70512820513
YOLOv3,G,4,7,22,task,0.354841,6157.26573426573
YOLOv3,G,4,7,23,task,0.5894,6161.57051282051
YOLOv3,G,4,7,24,task,0.343963,6163.58041958042
YOLOv3,G,4,7,25,task,0.576887,6174.51923076923
YOLOv3,G,4,7,26,task,0.4858,6260.77622377622
YOLOv3,G,4,7,27,task,0.344137,6121.14685314685
YOLOv3,G,4,7,28,task,0.574234,6123.28205128205
YOLOv3,G,4,7,29,task,0.482096,6485.1048951049
YOLOv3,G,4,7,30,task,0.627404,6124.23076923077
YOLOv3,G,4,7,31,task,0.334717,6112.58041958042
YOLOv3,G,4,7,32,task,0.561488,6090.19230769231
YOLOv3,G,4,7,33,task,0.4018,6119.47552447552
YOLOv3,G,4,7,34,task,0.680021,6163.26282051282
YOLOv3,G,4,7,35,task,0.405912,5849.45454545455
YOLOv3,G,4,7,36,task,0.555713,6119.29166666667
YOLOv3,G,4,7,37,task,0.338712,6044.67132867133
YOLOv3,G,4,7,38,task,0.726833,6706.86538461538
YOLOv3,G,4,7,39,task,0.490904,6809.35664335664
YOLOv3,G,4,7,40,task,0.650592,6760.8141025641
YOLOv3,G,4,7,41,task,0.401392,6904.43356643357
YOLOv3,G,4,7,42,task,0.635454,6793.72115384615
YOLOv3,G,4,7,43,task,0.491342,6835.06293706294
YOLOv3,G,4,7,44,task,0.383338,6850.95804195804
YOLOv3,G,4,7,45,task,0.591413,6710.34935897436
YOLOv3,G,4,7,46,task,0.364291,6712.23776223776
YOLOv3,G,4,7,47,task,0.576887,6680.21794871795
YOLOv3,G,4,7,48,task,0.353996,6667.86013986014
YOLOv3,G,4,7,49,task,0.630758,6453.8108974359
YOLOv3,G,4,7,50,task,0.472092,6287.86713286713
YOLOv3,G,4,7,51,task,0.5586,7516.23397435897
YOLOv3,G,4,7,52,task,0.466696,6347.12587412587
YOLOv3,G,4,7,53,task,0.590946,6370.60839160839
YOLOv3,G,4,7,54,task,0.365808,7755.16083916084
YOLOv3,G,4,7,55,task,0.607425,6378.83216783217
YOLOv3,G,4,7,56,task,0.355892,6090.36363636364
YOLOv3,G,4,7,57,task,0.541858,7353.52447552448
YOLOv3,G,4,7,58,task,0.9261,6538.85897435897
YOLOv3,G,4,7,59,task,0.498925,7517.62271062271
YOLOv3,G,4,7,60,task,0.523688,6534.85314685315
YOLOv3,G,4,7,61,task,0.639975,6217.11188811189
YOLOv3,G,4,7,62,task,0.302517,7720.22377622378
YOLOv3,G,4,7,63,task,0.576537,6430.97202797203
YOLOv3,G,4,7,64,task,0.29995,6089.25174825175
YOLOv3,G,4,7,65,task,0.47565,7368.12587412587
YOLOv3,G,4,7,66,task,0.823434,6446.62454212454
YOLOv3,G,4,7,67,task,0.497204,7507.02747252747
YOLOv3,G,4,7,68,task,0.391183,6378.54545454545
YOLOv3,G,4,7,69,task,0.545591,6238.1048951049
YOLOv3,G,4,7,70,task,0.306396,7736.86013986014
YOLOv3,G,4,7,71,task,0.560788,6630.64335664336
YOLOv3,G,4,7,72,task,0.383192,6637.91608391608
YOLOv3,G,4,7,73,task,0.604158,6765.28671328671
YOLOv3,G,4,7,74,task,3425.56,6958.88470419785
YOLOv3,G,0,0,74,out,7.89218,
YOLOv3,G,0,1,74,out,5.88586,
YOLOv3,G,0,2,74,out,4.68714,
YOLOv3,G,0,3,74,out,4.24183,
YOLOv3,G,0,4,74,out,3.82646,
YOLOv3,G,0,5,74,out,3.60077,
YOLOv3,G,0,6,74,out,3.44665,
YOLOv3,G,0,7,74,out,3.13976,
YOLOv3,G,1,0,74,out,7.98545,
YOLOv3,G,1,1,74,out,6.0671,
YOLOv3,G,1,2,74,out,4.53448,
YOLOv3,G,1,4,74,out,4.085,
YOLOv3,G,1,4,74,out,3.76871,
YOLOv3,G,1,5,74,out,3.49481,
YOLOv3,G,1,6,74,out,3.23625,
YOLOv3,G,1,7,74,out,3.00017,
YOLOv3,G,2,0,74,out,7.63178,
YOLOv3,G,2,1,74,out,5.82823,
YOLOv3,G,2,2,74,out,4.75886,
YOLOv3,G,2,3,74,out,4.19498,
YOLOv3,G,2,4,74,out,3.9324,
YOLOv3,G,2,5,74,out,3.50283,
YOLOv3,G,2,6,74,out,3.21481,
YOLOv3,G,2,7,74,out,3.25325,
YOLOv3,G,3,0,74,out,7.76846,
YOLOv3,G,3,1,74,out,5.94437,
YOLOv3,G,3,2,74,out,5.04499,
YOLOv3,G,3,3,74,out,4.21913,
YOLOv3,G,3,4,74,out,3.50522,
YOLOv3,G,3,5,74,out,3.68743,
YOLOv3,G,3,6,74,out,3.27813,
YOLOv3,G,3,7,74,out,3.14189,
YOLOv3,G,4,0,74,out,7.59608,
YOLOv3,G,4,1,74,out,6.13232,
YOLOv3,G,4,2,74,out,4.79765,
YOLOv3,G,4,3,74,out,4.26945,
YOLOv3,G,4,4,74,out,3.36729,
YOLOv3,G,4,5,74,out,3.53949,
YOLOv3,G,4,6,74,out,3.31573,
YOLOv3,G,4,7,74,out,3.20863,
YOLOv3,L,0,-1,0,in,870.803,3185.2623444596
YOLOv3,L,0,-1,0,task,747.609,3602.30675278689
YOLOv3,L,0,-1,1,task,1457.3,3355.22502232692
YOLOv3,L,0,-1,2,task,233.465,3450.12010389567
YOLOv3,L,0,-1,3,task,874.309,3492.13223361752
YOLOv3,L,0,-1,4,task,1276.51,3343.48539361737
YOLOv3,L,0,-1,5,task,182.758,3367.64729757484
YOLOv3,L,0,-1,6,task,580.914,3426.74223668438
YOLOv3,L,0,-1,7,task,182.754,3371.73706531743
YOLOv3,L,0,-1,8,task,580.883,3429.62474826787
YOLOv3,L,0,-1,9,task,1139.43,3392.3737598685
YOLOv3,L,0,-1,10,task,162.114,3367.6808890673
YOLOv3,L,0,-1,11,task,447.528,3373.35513395126
YOLOv3,L,0,-1,12,task,162.11,3380.92868743319
YOLOv3,L,0,-1,13,task,447.296,3374.75410549044
YOLOv3,L,0,-1,14,task,162.231,3373.69232167325
YOLOv3,L,0,-1,15,task,447.634,3374.29695943983
YOLOv3,L,0,-1,16,task,162.194,3375.82059740385
YOLOv3,L,0,-1,17,task,447.562,3377.10852874679
YOLOv3,L,0,-1,18,task,162.183,3374.2707163859
YOLOv3,L,0,-1,19,task,447.633,3378.55437401688
YOLOv3,L,0,-1,20,task,161.925,3378.22410220053
YOLOv3,L,0,-1,21,task,448.4,3373.57974155585
YOLOv3,L,0,-1,22,task,162.246,3375.75943130402
YOLOv3,L,0,-1,23,task,447.61,3372.42588995468
YOLOv3,L,0,-1,24,task,162.135,3369.76036710423
YOLOv3,L,0,-1,25,task,447.6,3372.5633795512
YOLOv3,L,0,-1,26,task,680.923,3852.74239016329
YOLOv3,L,0,-1,27,task,148.963,3371.43507815885
YOLOv3,L,0,-1,28,task,430.694,3357.59585680519
YOLOv3,L,0,-1,29,task,148.918,3376.65662938537
YOLOv3,L,0,-1,30,task,430.464,3356.23383537218
YOLOv3,L,0,-1,31,task,149.134,3376.81291236796
YOLOv3,L,0,-1,32,task,430.516,3355.18298033324
YOLOv3,L,0,-1,33,task,148.944,3379.76124166132
YOLOv3,L,0,-1,34,task,430.763,3348.60341371864
YOLOv3,L,0,-1,35,task,149.261,3363.37976790749
YOLOv3,L,0,-1,36,task,430.172,3347.25708464606
YOLOv3,L,0,-1,37,task,149.321,3369.18950276629
YOLOv3,L,0,-1,38,task,430.958,3349.09461441562
YOLOv3,L,0,-1,39,task,148.881,3372.33263536741
YOLOv3,L,0,-1,40,task,430.537,3353.69607651777
YOLOv3,L,0,-1,41,task,149.175,3373.61754673402
YOLOv3,L,0,-1,42,task,430.341,3349.69035819867
YOLOv3,L,0,-1,43,task,680.174,3883.85435706089
YOLOv3,L,0,-1,44,task,81.0978,3689.37853329085
YOLOv3,L,0,-1,45,task,402.885,3390.30827501922
YOLOv3,L,0,-1,46,task,81.1034,3679.13424715877
YOLOv3,L,0,-1,47,task,402.587,3393.49208984174
YOLOv3,L,0,-1,48,task,81.0672,3679.87455403759
YOLOv3,L,0,-1,49,task,403.001,3401.29015904878
YOLOv3,L,0,-1,50,task,81.0822,3687.12653664209
YOLOv3,L,0,-1,51,task,402.641,3396.2795566756
YOLOv3,L,0,-1,52,task,81.1902,3681.1464002082
YOLOv3,L,0,-1,53,task,403.35,3393.24450743928
YOLOv3,L,0,-1,54,task,82.0605,3692.86847004805
YOLOv3,L,0,-1,55,task,402.709,3400.45937310951
YOLOv3,L,0,-1,56,task,81.1387,3686.64816433566
YOLOv3,L,0,-1,57,task,403.177,3399.32290230594
YOLOv3,L,0,-1,58,task,96.5455,3273.3523959603
YOLOv3,L,0,-1,59,task,43.7727,3276.53040956027
YOLOv3,L,0,-1,60,task,214.35,3411.84705650544
YOLOv3,L,0,-1,61,task,424.452,3345.75721319158
YOLOv3,L,0,-1,62,task,148.959,3372.5038356582
YOLOv3,L,0,-1,63,task,424.428,3347.33598598761
YOLOv3,L,0,-1,64,task,149.201,3371.22950967247
YOLOv3,L,0,-1,65,task,424.061,3345.5739328059
YOLOv3,L,0,-1,66,task,226.232,3316.32298601016
YOLOv3,L,0,-1,67,task,53.6481,3337.85726251969
YOLOv3,L,0,-1,68,task,230.99,3385.64793553355
YOLOv3,L,0,-1,69,task,436.987,3372.60746651848
YOLOv3,L,0,-1,70,task,162.194,3369.96349710353
YOLOv3,L,0,-1,71,task,435.697,3363.12396830511
YOLOv3,L,0,-1,72,task,162.172,3377.63439362914
YOLOv3,L,0,-1,73,task,435.506,3366.73569780956
YOLOv3,L,0,-1,74,task,624.937,3342.845470121
YOLOv3,L,1,-1,0,in,591.259,3113.98211121516
YOLOv3,L,1,-1,0,task,521.811,3574.95467848016
YOLOv3,L,1,-1,1,task,995.482,3408.93911224727
YOLOv3,L,1,-1,2,task,161.896,3496.71370922034
YOLOv3,L,1,-1,3,task,641.584,3540.05484289606
YOLOv3,L,1,-1,4,task,871.065,3395.21010833786
YOLOv3,L,1,-1,5,task,125.693,3413.69040705348
YOLOv3,L,1,-1,6,task,419.919,3491.873363371
YOLOv3,L,1,-1,7,task,125.74,3406.61026344966
YOLOv3,L,1,-1,8,task,419.62,3482.30079210989
YOLOv3,L,1,-1,9,task,834.906,3437.68963063182
YOLOv3,L,1,-1,10,task,112.375,3405.96821805645
YOLOv3,L,1,-1,11,task,318.776,3415.87934373886
YOLOv3,L,1,-1,12,task,112.406,3445.90260719673
YOLOv3,L,1,-1,13,task,318.711,3416.04444444444
YOLOv3,L,1,-1,14,task,112.439,3408.98502477914
YOLOv3,L,1,-1,15,task,318.838,3420.92669197813
YOLOv3,L,1,-1,16,task,112.406,3424.62141779789
YOLOv3,L,1,-1,17,task,319.278,3419.34734724026
YOLOv3,L,1,-1,18,task,112.382,3410.04804998923
YOLOv3,L,1,-1,19,task,318.866,3417.78345543345
YOLOv3,L,1,-1,20,task,112.226,3402.64662788192
YOLOv3,L,1,-1,21,task,319.006,3423.11743208856
YOLOv3,L,1,-1,22,task,112.455,3424.81307907778
YOLOv3,L,1,-1,23,task,318.774,3422.39136141636
YOLOv3,L,1,-1,24,task,112.372,3403.41111829347
YOLOv3,L,1,-1,25,task,318.729,3421.04958791209
YOLOv3,L,1,-1,26,task,566.084,3895.86917019988
YOLOv3,L,1,-1,27,task,102.534,3409.19244501036
YOLOv3,L,1,-1,28,task,302.53,3394.06542056075
YOLOv3,L,1,-1,29,task,102.677,3429.51601627843
YOLOv3,L,1,-1,30,task,302.189,3388.49036303992
YOLOv3,L,1,-1,31,task,102.683,3442.61004169475
YOLOv3,L,1,-1,32,task,302.438,3395.10897116043
YOLOv3,L,1,-1,33,task,102.572,3399.96592015579
YOLOv3,L,1,-1,34,task,301.996,3389.75535355928
YOLOv3,L,1,-1,35,task,102.838,3426.11527226425
YOLOv3,L,1,-1,36,task,301.643,3391.98593911902
YOLOv3,L,1,-1,37,task,102.699,3411.02551619105
YOLOv3,L,1,-1,38,task,302.622,3388.36510457593
YOLOv3,L,1,-1,39,task,102.548,3405.13806706114
YOLOv3,L,1,-1,40,task,301.929,3390.34663237199
YOLOv3,L,1,-1,41,task,102.764,3443.53918557911
YOLOv3,L,1,-1,42,task,301.977,3386.55018932637
YOLOv3,L,1,-1,43,task,571.926,3916.52578237285
YOLOv3,L,1,-1,44,task,67.3257,3726.76941041415
YOLOv3,L,1,-1,45,task,286.177,3442.17634799278
YOLOv3,L,1,-1,46,task,67.2427,3696.50874125874
YOLOv3,L,1,-1,47,task,287.178,3446.25808454973
YOLOv3,L,1,-1,48,task,67.2187,3672.13986013986
YOLOv3,L,1,-1,49,task,284.54,3445.11883232721
YOLOv3,L,1,-1,50,task,67.3445,3702.39635364635
YOLOv3,L,1,-1,51,task,290.413,3447.87432569664
YOLOv3,L,1,-1,52,task,67.2469,3676.18181818182
YOLOv3,L,1,-1,53,task,285.504,3455.25140612009
YOLOv3,L,1,-1,54,task,67.401,3699.55144855145
YOLOv3,L,1,-1,55,task,288.256,3448.19395403591
YOLOv3,L,1,-1,56,task,67.3577,3710.97902097902
YOLOv3,L,1,-1,57,task,284.685,3451.47965442019
YOLOv3,L,1,-1,58,task,67.986,3257.91044101358
YOLOv3,L,1,-1,59,task,32.5616,3243.0147178403
YOLOv3,L,1,-1,60,task,147.752,3426.28830843784
YOLOv3,L,1,-1,61,task,297.926,3385.85518993905
YOLOv3,L,1,-1,62,task,102.517,3412.95857988166
YOLOv3,L,1,-1,63,task,297.422,3385.18142406965
YOLOv3,L,1,-1,64,task,102.73,3404.65271015904
YOLOv3,L,1,-1,65,task,297.146,3394.20554108454
YOLOv3,L,1,-1,66,task,157.676,3336.72164465242
YOLOv3,L,1,-1,67,task,39.717,3331.27966448445
YOLOv3,L,1,-1,68,task,159.333,3447.74034136778
YOLOv3,L,1,-1,69,task,308.985,3412.36360105481
YOLOv3,L,1,-1,70,task,112.415,3407.21934927817
YOLOv3,L,1,-1,71,task,308.885,3415.56157457566
YOLOv3,L,1,-1,72,task,112.28,3406.21116138763
YOLOv3,L,1,-1,73,task,309.455,3427.02979030559
YOLOv3,L,1,-1,74,task,430.24,3396.38757686279
YOLOv3,L,2,-1,0,in,434.886,3146.54162387721
YOLOv3,L,2,-1,0,task,396.581,3725.79571049954
YOLOv3,L,2,-1,1,task,741.011,3535.8368036691
YOLOv3,L,2,-1,2,task,121.94,3619.46463792618
YOLOv3,L,2,-1,3,task,518.035,3651.41936513288
YOLOv3,L,2,-1,4,task,696.849,3478.476050439
YOLOv3,L,2,-1,5,task,96.0991,3499.0297040982
YOLOv3,L,2,-1,6,task,333.3,3585.60455747199
YOLOv3,L,2,-1,7,task,94.3316,3504.14530935597
YOLOv3,L,2,-1,8,task,333.472,3586.70334466407
YOLOv3,L,2,-1,9,task,828.122,3433.46764959463
YOLOv3,L,2,-1,10,task,84.6856,3489.40733395957
YOLOv3,L,2,-1,11,task,253.358,3511.92305857169
YOLOv3,L,2,-1,12,task,84.5703,3487.60776536896
YOLOv3,L,2,-1,13,task,250.774,3515.86652868782
YOLOv3,L,2,-1,14,task,84.6506,3489.05420450197
YOLOv3,L,2,-1,15,task,251.702,3530.86231758347
YOLOv3,L,2,-1,16,task,84.7052,3494.40889955815
YOLOv3,L,2,-1,17,task,250.618,3517.53482551825
YOLOv3,L,2,-1,18,task,84.6258,3498.16564032982
YOLOv3,L,2,-1,19,task,251.465,3515.5215279334
YOLOv3,L,2,-1,20,task,84.4444,3498.61983787357
YOLOv3,L,2,-1,21,task,250.639,3516.57997865866
YOLOv3,L,2,-1,22,task,84.6325,3495.48864071252
YOLOv3,L,2,-1,23,task,250.506,3515.1570807952
YOLOv3,L,2,-1,24,task,84.6036,3508.95261454963
YOLOv3,L,2,-1,25,task,250.459,3511.50200689427
YOLOv3,L,2,-1,26,task,478.574,4020.67302858027
YOLOv3,L,2,-1,27,task,82.6955,3498.60496258897
YOLOv3,L,2,-1,28,task,247.509,3459.40483720661
YOLOv3,L,2,-1,29,task,96.6274,3450.69490826859
YOLOv3,L,2,-1,30,task,246.524,3464.23250272231
YOLOv3,L,2,-1,31,task,77.4303,3472.64227311557
YOLOv3,L,2,-1,32,task,247.31,3459.30076878966
YOLOv3,L,2,-1,33,task,97.4819,3453.67143742933
YOLOv3,L,2,-1,34,task,246.944,3459.41895856782
YOLOv3,L,2,-1,35,task,77.5946,3477.32416710735
YOLOv3,L,2,-1,36,task,246.977,3462.74509809538
YOLOv3,L,2,-1,37,task,80.137,3493.44093406593
YOLOv3,L,2,-1,38,task,247.349,3464.29389544031
YOLOv3,L,2,-1,39,task,95.8692,3438.49827699143
YOLOv3,L,2,-1,40,task,247.6,3466.76190338818
YOLOv3,L,2,-1,41,task,79.4986,3494.13151364764
YOLOv3,L,2,-1,42,task,246.736,3460.04089575124
YOLOv3,L,2,-1,43,task,477.552,4072.84650306726
YOLOv3,L,2,-1,44,task,57.2964,3759.18367346939
YOLOv3,L,2,-1,45,task,282.645,3446.21907898124
YOLOv3,L,2,-1,46,task,57.1756,3758.53610675039
YOLOv3,L,2,-1,47,task,283.066,3445.60457022624
YOLOv3,L,2,-1,48,task,57.0944,3750.38396127682
YOLOv3,L,2,-1,49,task,281.168,3445.12936379959
YOLOv3,L,2,-1,50,task,57.1835,3759.64056776557
YOLOv3,L,2,-1,51,task,283.089,3443.15489566749
YOLOv3,L,2,-1,52,task,57.1333,3758.29016221873
YOLOv3,L,2,-1,53,task,281.858,3452.17618645091
YOLOv3,L,2,-1,54,task,57.157,3763.94884877028
YOLOv3,L,2,-1,55,task,284.516,3450.31647125737
YOLOv3,L,2,-1,56,task,57.1911,3762.07450287807
YOLOv3,L,2,-1,57,task,281.879,3449.16306404219
YOLOv3,L,2,-1,58,task,55.0048,3289.54883756254
YOLOv3,L,2,-1,59,task,31.2019,3250.51452423545
YOLOv3,L,2,-1,60,task,146.686,3453.99014378648
YOLOv3,L,2,-1,61,task,243.655,3463.06596808764
YOLOv3,L,2,-1,62,task,95.4443,3449.55711243382
YOLOv3,L,2,-1,63,task,243.423,3459.22912862851
YOLOv3,L,2,-1,64,task,95.7669,3447.89223364566
YOLOv3,L,2,-1,65,task,242.349,3455.4381527879
YOLOv3,L,2,-1,66,task,125.542,3388.73511337148
YOLOv3,L,2,-1,67,task,33.7156,3374.20724237003
YOLOv3,L,2,-1,68,task,136.778,3494.29615160611
YOLOv3,L,2,-1,69,task,242.023,3508.26783562765
YOLOv3,L,2,-1,70,task,84.7371,3492.14034721497
YOLOv3,L,2,-1,71,task,242.081,3507.77324694102
YOLOv3,L,2,-1,72,task,84.8035,3478.2881049299
YOLOv3,L,2,-1,73,task,242.56,3507.31559563272
YOLOv3,L,2,-1,74,task,340.888,3470.51032617545
YOLOv3,L,3,-1,0,in,351.846,3201.75815213367
YOLOv3,L,3,-1,0,task,364.718,3797.48616152484
YOLOv3,L,3,-1,1,task,729.155,3565.66342976492
YOLOv3,L,3,-1,2,task,115.986,3659.27642510262
YOLOv3,L,3,-1,3,task,475.94,3717.02977788695
YOLOv3,L,3,-1,4,task,692.917,3500.78878763648
YOLOv3,L,3,-1,5,task,93.6461,3527.84720856012
YOLOv3,L,3,-1,6,task,312.877,3635.31247215835
YOLOv3,L,3,-1,7,task,91.9174,3533.7285713108
YOLOv3,L,3,-1,8,task,313.334,3642.97966667126
YOLOv3,L,3,-1,9,task,827.738,3450.38457394353
YOLOv3,L,3,-1,10,task,80.5605,3562.75390132409
YOLOv3,L,3,-1,11,task,244.168,3540.0240911287
YOLOv3,L,3,-1,12,task,80.6064,3561.37679709862
YOLOv3,L,3,-1,13,task,244.079,3545.94879176803
YOLOv3,L,3,-1,14,task,80.101,3567.80165735903
YOLOv3,L,3,-1,15,task,244.149,3551.89336778718
YOLOv3,L,3,-1,16,task,80.5034,3553.61412358134
YOLOv3,L,3,-1,17,task,242.867,3543.16385542169
YOLOv3,L,3,-1,18,task,80.6945,3561.63842037971
YOLOv3,L,3,-1,19,task,243.857,3545.7572395482
YOLOv3,L,3,-1,20,task,79.9688,3559.04981209592
YOLOv3,L,3,-1,21,task,242.972,3547.14532168406
YOLOv3,L,3,-1,22,task,79.8819,3557.31167608286
YOLOv3,L,3,-1,23,task,242.991,3540.96592143157
YOLOv3,L,3,-1,24,task,80.3764,3560.8724779319
YOLOv3,L,3,-1,25,task,242.914,3544.09471733086
YOLOv3,L,3,-1,26,task,423.706,4188.36313367396
YOLOv3,L,3,-1,27,task,81.6257,3521.6482545526
YOLOv3,L,3,-1,28,task,242.855,3487.66482541131
YOLOv3,L,3,-1,29,task,95.9132,3473.71041143694
YOLOv3,L,3,-1,30,task,242.238,3490.26112984606
YOLOv3,L,3,-1,31,task,77.2978,3530.29296378378
YOLOv3,L,3,-1,32,task,243.151,3482.1025592881
YOLOv3,L,3,-1,33,task,96.8531,3460.02587472165
YOLOv3,L,3,-1,34,task,242.664,3483.39756242002
YOLOv3,L,3,-1,35,task,77.1532,3536.57713977146
YOLOv3,L,3,-1,36,task,243.186,3489.61607943075
YOLOv3,L,3,-1,37,task,79.774,3522.07425359982
YOLOv3,L,3,-1,38,task,243.427,3480.82090721216
YOLOv3,L,3,-1,39,task,95.6974,3465.64371362049
YOLOv3,L,3,-1,40,task,242.816,3487.82960262629
YOLOv3,L,3,-1,41,task,79.2293,3535.71915484468
YOLOv3,L,3,-1,42,task,242.138,3489.35738229365
YOLOv3,L,3,-1,43,task,427.844,4224.96846638532
YOLOv3,L,3,-1,44,task,51.7956,3860.64192138611
YOLOv3,L,3,-1,45,task,280.394,3468.08000595869
YOLOv3,L,3,-1,46,task,51.6607,3845.68097793679
YOLOv3,L,3,-1,47,task,281.616,3461.22167004608
YOLOv3,L,3,-1,48,task,51.6949,3852.00925689298
YOLOv3,L,3,-1,49,task,279.348,3464.1953508622
YOLOv3,L,3,-1,50,task,51.7056,3860.60909442204
YOLOv3,L,3,-1,51,task,281.496,3462.29462236442
YOLOv3,L,3,-1,52,task,51.849,3845.06191482936
YOLOv3,L,3,-1,53,task,280.736,3472.03100277503
YOLOv3,L,3,-1,54,task,51.8012,3856.30275151205
YOLOv3,L,3,-1,55,task,282.61,3469.32826904513
YOLOv3,L,3,-1,56,task,51.7355,3861.14339665503
YOLOv3,L,3,-1,57,task,280.281,3470.57357137111
YOLOv3,L,3,-1,58,task,54.3318,3300.83658509448
YOLOv3,L,3,-1,59,task,30.8835,3249.56651994035
YOLOv3,L,3,-1,60,task,146.137,3472.67857443384
YOLOv3,L,3,-1,61,task,239.911,3491.48749764356
YOLOv3,L,3,-1,62,task,95.1452,3481.6543381128
YOLOv3,L,3,-1,63,task,239.241,3486.61849601856
YOLOv3,L,3,-1,64,task,95.0916,3462.99616028205
YOLOv3,L,3,-1,65,task,239.134,3491.05062822092
YOLOv3,L,3,-1,66,task,126.191,3403.32727443383
YOLOv3,L,3,-1,67,task,32.2864,3396.97910030979
YOLOv3,L,3,-1,68,task,136.26,3524.94294810317
YOLOv3,L,3,-1,69,task,235.092,3536.59590565782
YOLOv3,L,3,-1,70,task,80.543,3552.178979263
YOLOv3,L,3,-1,71,task,235.326,3531.12814973692
YOLOv3,L,3,-1,72,task,80.7357,3550.28329367178
YOLOv3,L,3,-1,73,task,236.207,3538.16451301352
YOLOv3,L,3,-1,74,task,333.028,3505.7226904531
YOLOv3,L,4,-1,0,in,295.614,3278.10823223667
YOLOv3,L,4,-1,0,task,364.803,3823.71576199671
YOLOv3,L,4,-1,1,task,728.686,3588.12685561316
YOLOv3,L,4,-1,2,task,116.188,3679.57774814078
YOLOv3,L,4,-1,3,task,465.998,3767.70389387769
YOLOv3,L,4,-1,4,task,691.735,3531.74333511365
YOLOv3,L,4,-1,5,task,93.5908,3544.25552495246
YOLOv3,L,4,-1,6,task,307.537,3675.13392364864
YOLOv3,L,4,-1,7,task,91.7143,3568.67343148511
YOLOv3,L,4,-1,8,task,307.946,3676.51726539021
YOLOv3,L,4,-1,9,task,825.744,3474.34012169552
YOLOv3,L,4,-1,10,task,80.5872,3575.10634720471
YOLOv3,L,4,-1,11,task,241.102,3570.91667745517
YOLOv3,L,4,-1,12,task,80.6559,3581.97288776797
YOLOv3,L,4,-1,13,task,241.388,3574.16705931046
YOLOv3,L,4,-1,14,task,80.2089,3598.08974358974
YOLOv3,L,4,-1,15,task,239.941,3571.9022968901
YOLOv3,L,4,-1,16,task,80.9358,3613.15300546448
YOLOv3,L,4,-1,17,task,239.821,3571.83874577216
YOLOv3,L,4,-1,18,task,80.7198,3597.26460697772
YOLOv3,L,4,-1,19,task,240.962,3570.45861494759
YOLOv3,L,4,-1,20,task,80.1804,3587.68032786885
YOLOv3,L,4,-1,21,task,239.993,3580.12982545909
YOLOv3,L,4,-1,22,task,80.0218,3579.1258148631
YOLOv3,L,4,-1,23,task,240.108,3582.74378701913
YOLOv3,L,4,-1,24,task,80.3738,3576.35477091215
YOLOv3,L,4,-1,25,task,239.816,3577.73592983903
YOLOv3,L,4,-1,26,task,388.746,4340.47613356869
YOLOv3,L,4,-1,27,task,81.3976,3543.63219840269
YOLOv3,L,4,-1,28,task,241.122,3519.43399283643
YOLOv3,L,4,-1,29,task,95.7197,3487.55820990604
YOLOv3,L,4,-1,30,task,240.787,3511.23545154033
YOLOv3,L,4,-1,31,task,77.4226,3570.55140943218
YOLOv3,L,4,-1,32,task,241.3,3511.42090826208
YOLOv3,L,4,-1,33,task,97.1049,3504.72837022133
YOLOv3,L,4,-1,34,task,240.81,3524.33213940531
YOLOv3,L,4,-1,35,task,77.7681,3572.62659536284
YOLOv3,L,4,-1,36,task,240.716,3514.69162544772
YOLOv3,L,4,-1,37,task,79.9248,3570.17191672349
YOLOv3,L,4,-1,38,task,241.318,3510.12366779073
YOLOv3,L,4,-1,39,task,95.496,3479.85985029463
YOLOv3,L,4,-1,40,task,241.08,3519.69611689124
YOLOv3,L,4,-1,41,task,79.1935,3551.02411994785
YOLOv3,L,4,-1,42,task,240.164,3519.62509264888
YOLOv3,L,4,-1,43,task,385.99,4403.41240839633
YOLOv3,L,4,-1,44,task,47.9546,3924.78646509838
YOLOv3,L,4,-1,45,task,279.136,3490.76417030733
YOLOv3,L,4,-1,46,task,48.1657,3919.71669793621
YOLOv3,L,4,-1,47,task,280.784,3494.26852172619
YOLOv3,L,4,-1,48,task,48.1914,3932.5
YOLOv3,L,4,-1,49,task,277.959,3487.20634462186
YOLOv3,L,4,-1,50,task,49.9696,3936.81347052014
YOLOv3,L,4,-1,51,task,280.14,3486.55911760671
YOLOv3,L,4,-1,52,task,48.5749,3946.19999278395
YOLOv3,L,4,-1,53,task,278.928,3495.99001992671
YOLOv3,L,4,-1,54,task,47.5055,3952.77820272286
YOLOv3,L,4,-1,55,task,281.798,3493.15905192062
YOLOv3,L,4,-1,56,task,48.8038,3914.67367997856
YOLOv3,L,4,-1,57,task,279.628,3502.55281149262
YOLOv3,L,4,-1,58,task,54.3669,3299.78706800446
YOLOv3,L,4,-1,59,task,30.7355,3273.87376725838
YOLOv3,L,4,-1,60,task,146.384,3503.52044711258
YOLOv3,L,4,-1,61,task,237.72,3519.8204528681
YOLOv3,L,4,-1,62,task,94.8922,3495.15830546265
YOLOv3,L,4,-1,63,task,237.162,3518.3290861742
YOLOv3,L,4,-1,64,task,94.9817,3476.30737378563
YOLOv3,L,4,-1,65,task,237.155,3527.22845272799
YOLOv3,L,4,-1,66,task,125.239,3411.73235164153
YOLOv3,L,4,-1,67,task,32.3831,3414.88883677298
YOLOv3,L,4,-1,68,task,136.295,3540.82591093117
YOLOv3,L,4,-1,69,task,232.973,3583.29299075693
YOLOv3,L,4,-1,70,task,80.5287,3569.7700714586
YOLOv3,L,4,-1,71,task,232.687,3572.2972833618
YOLOv3,L,4,-1,72,task,80.5503,3564.84342160572
YOLOv3,L,4,-1,73,task,233.578,3572.24403836889
YOLOv3,L,4,-1,74,task,334.472,3527.32352598807
YOLOv3,L,5,-1,0,in,250.528,3400.14693159502
YOLOv3,L,5,-1,0,task,364.925,3898.41629121076
YOLOv3,L,5,-1,1,task,728.65,3665.64304467679
YOLOv3,L,5,-1,2,task,116.34,3772.09040127274
YOLOv3,L,5,-1,3,task,452.383,3854.67903502649
YOLOv3,L,5,-1,4,task,691.958,3602.96917736529
YOLOv3,L,5,-1,5,task,93.5449,3609.24634402256
YOLOv3,L,5,-1,6,task,301.926,3765.91954240722
YOLOv3,L,5,-1,7,task,91.637,3619.18670223543
YOLOv3,L,5,-1,8,task,302.48,3764.80156308656
YOLOv3,L,5,-1,9,task,824.973,3530.9086659119
YOLOv3,L,5,-1,10,task,80.7196,3660.74947456915
YOLOv3,L,5,-1,11,task,239.793,3643.52947155837
YOLOv3,L,5,-1,12,task,80.6159,3639.58070617907
YOLOv3,L,5,-1,13,task,238.419,3671.74155903506
YOLOv3,L,5,-1,14,task,80.1551,3660.15384615385
YOLOv3,L,5,-1,15,task,237.103,3643.70456856026
YOLOv3,L,5,-1,16,task,83.7327,3675.10832388888
YOLOv3,L,5,-1,17,task,237.11,3645.52957078519
YOLOv3,L,5,-1,18,task,80.6215,3641.02984447247
YOLOv3,L,5,-1,19,task,238.632,3663.50395018349
YOLOv3,L,5,-1,20,task,80.119,3649.11321164711
YOLOv3,L,5,-1,21,task,237.268,3659.81088214217
YOLOv3,L,5,-1,22,task,79.8856,3643.70360712734
YOLOv3,L,5,-1,23,task,237.001,3639.73715181282
YOLOv3,L,5,-1,24,task,80.6751,3684.79543451437
YOLOv3,L,5,-1,25,task,237.128,3641.9132015451
YOLOv3,L,5,-1,26,task,361.757,4590.00062810068
YOLOv3,L,5,-1,27,task,81.5221,3617.22572509458
YOLOv3,L,5,-1,28,task,239.536,3593.96899711092
YOLOv3,L,5,-1,29,task,96.1364,3547.36369910283
YOLOv3,L,5,-1,30,task,238.56,3573.19950736081
YOLOv3,L,5,-1,31,task,77.4364,3630.91646810232
YOLOv3,L,5,-1,32,task,240.243,3581.82548752061
YOLOv3,L,5,-1,33,task,96.6809,3539.18294381675
YOLOv3,L,5,-1,34,task,238.817,3595.96484093768
YOLOv3,L,5,-1,35,task,77.2277,3629.81364923796
YOLOv3,L,5,-1,36,task,239.126,3582.20392730119
YOLOv3,L,5,-1,37,task,80.3314,3642.03272069647
YOLOv3,L,5,-1,38,task,239.398,3570.61263366291
YOLOv3,L,5,-1,39,task,95.6167,3549.80247819133
YOLOv3,L,5,-1,40,task,239.634,3588.56570632719
YOLOv3,L,5,-1,41,task,79.251,3619.50282485876
YOLOv3,L,5,-1,42,task,238.575,3592.09811752452
YOLOv3,L,5,-1,43,task,354.607,4664.39036964554
YOLOv3,L,5,-1,44,task,46.3759,4102.87721893491
YOLOv3,L,5,-1,45,task,278.947,3547.68780470908
YOLOv3,L,5,-1,46,task,45.7598,4074.66728952559
YOLOv3,L,5,-1,47,task,280.89,3553.59537037878
YOLOv3,L,5,-1,48,task,46.2138,4059.86193293886
YOLOv3,L,5,-1,49,task,277.623,3561.74165016317
YOLOv3,L,5,-1,50,task,46.2374,4080.37475345168
YOLOv3,L,5,-1,51,task,279.92,3544.72660761743
YOLOv3,L,5,-1,52,task,46.2135,4096.31114398422
YOLOv3,L,5,-1,53,task,279.033,3563.32464313476
YOLOv3,L,5,-1,54,task,46.1298,4062.58382642998
YOLOv3,L,5,-1,55,task,281.797,3577.08079678557
YOLOv3,L,5,-1,56,task,46.1381,4097.38035918198
YOLOv3,L,5,-1,57,task,278.286,3585.99723838765
YOLOv3,L,5,-1,58,task,54.9311,3385.61819822689
YOLOv3,L,5,-1,59,task,30.7573,3292.98964497041
YOLOv3,L,5,-1,60,task,145.845,3550.79230769231
YOLOv3,L,5,-1,61,task,236.378,3609.55181357169
YOLOv3,L,5,-1,62,task,94.8153,3542.46376811594
YOLOv3,L,5,-1,63,task,235.935,3586.85573939371
YOLOv3,L,5,-1,64,task,95.8851,3568.13092583745
YOLOv3,L,5,-1,65,task,235.065,3581.40227142584
YOLOv3,L,5,-1,66,task,126.524,3483.83579566492
YOLOv3,L,5,-1,67,task,32.3539,3469.01829268293
YOLOv3,L,5,-1,68,task,136.3,3600.27995520717
YOLOv3,L,5,-1,69,task,230.131,3645.40709290709
YOLOv3,L,5,-1,70,task,81.0686,3654.65209471767
YOLOv3,L,5,-1,71,task,230.069,3640.30000529227
YOLOv3,L,5,-1,72,task,80.5523,3645.92349726776
YOLOv3,L,5,-1,73,task,231.693,3653.96824489073
YOLOv3,L,5,-1,74,task,332.026,3586.03886515138
YOLOv3,L,0,-1,74,out,1.24705,
YOLOv3,L,1,-1,74,out,0.889729,
YOLOv3,L,2,-1,74,out,0.6958,
YOLOv3,L,3,-1,74,out,0.587096,
YOLOv3,L,4,-1,74,out,0.501229,
YOLOv3,L,5,-1,74,out,0.450538,
MobileV1,N,0,0,0,in,61.5087,3224.05095150486
MobileV1,N,0,0,0,task,60.246,3328.85809317361
MobileV1,N,0,0,2,task,116.404,3306.70359309951
MobileV1,N,0,0,4,task,59.7086,3306.75002631827
MobileV1,N,0,0,6,task,32.817,3278.64827201784
MobileV1,N,0,0,8,task,24.9638,3265.46131684793
MobileV1,N,0,0,10,task,24.8501,3283.12996480644
MobileV1,N,0,0,12,task,19.4426,3284.74866159481
MobileV1,N,1,1,0,in,41.9751,3257.52518092832
MobileV1,N,1,1,0,task,45.9972,3400.06978644642
MobileV1,N,1,1,2,task,86.2826,3423.12519301369
MobileV1,N,1,1,4,task,45.7799,3403.60995298187
MobileV1,N,1,1,6,task,25.3429,3358.55613770474
MobileV1,N,1,1,8,task,19.6641,3351.91434206819
MobileV1,N,1,1,10,task,19.8658,3357.34347703578
MobileV1,N,1,1,12,task,15.3294,3326.57638515331
MobileV1,N,2,2,0,in,30.7998,3356.01197054861
MobileV1,N,2,2,0,task,37.6944,3487.06965968504
MobileV1,N,2,2,2,task,70.1841,3537.20798042621
MobileV1,N,2,2,4,task,37.4557,3510.70330922639
MobileV1,N,2,2,6,task,21.6777,3485.47305579036
MobileV1,N,2,2,8,task,16.869,3422.67123901739
MobileV1,N,2,2,10,task,16.7782,3415.7100591716
MobileV1,N,2,2,12,task,13.5827,3391.06177156177
MobileV1,N,3,3,0,in,25.1462,3479.48142220099
MobileV1,N,3,3,0,task,32.9812,3595.61681571802
MobileV1,N,3,3,2,task,60.6491,3634.66330511991
MobileV1,N,3,3,4,task,31.8858,3630.45852698027
MobileV1,N,3,3,6,task,18.2963,3586.25246548324
MobileV1,N,3,3,8,task,14.2195,3520.51437451437
MobileV1,N,3,3,10,task,14.6237,3501.36363636364
MobileV1,N,3,3,12,task,11.3912,3481.72161172161
MobileV1,N,4,4,0,in,20.842,3600.91548582996
MobileV1,N,4,4,0,task,29.5466,3746.70209176788
MobileV1,N,4,4,2,task,55.2239,3793.55626158258
MobileV1,N,4,4,4,task,28.858,3762.97323436797
MobileV1,N,4,4,6,task,16.5469,3696.55827505828
MobileV1,N,4,4,8,task,13.8068,3675.58974358974
MobileV1,N,4,4,10,task,13.3949,3596.76923076923
MobileV1,N,4,4,12,task,10.662,3575.21978021978
MobileV1,N,5,5,0,in,17.8753,3787.23335488041
MobileV1,N,5,5,0,task,27.8447,3934.93690176353
MobileV1,N,5,5,2,task,50.1984,3984.98873063211
MobileV1,N,5,5,4,task,27.3209,3980.74263713583
MobileV1,N,5,5,6,task,15.9788,3804.03496503496
MobileV1,N,5,5,8,task,13.0204,3770.91239316239
MobileV1,N,5,5,10,task,12.3891,3783.79273504273
MobileV1,N,5,5,12,task,9.9203,3720.56776556777
MobileV1,N,6,6,0,in,15.6402,3973.72115384615
MobileV1,N,6,6,0,task,26.7591,4133.50705194358
MobileV1,N,6,6,2,task,47.3457,4204.58948511166
MobileV1,N,6,6,4,task,25.7034,4144.37028657617
MobileV1,N,6,6,6,task,15.0094,4024.23853923854
MobileV1,N,6,6,8,task,12.2782,3933.26923076923
MobileV1,N,6,6,10,task,12.1639,3881.39652014652
MobileV1,N,6,6,12,task,9.999,3884.39560439561
MobileV1,N,7,7,0,in,14.078,4214.89010989011
MobileV1,N,7,7,0,task,25.4734,4386.16515837104
MobileV1,N,7,7,2,task,45.5051,4495.72898662331
MobileV1,N,7,7,4,task,24.3074,4391.87028657617
MobileV1,N,7,7,6,task,14.4683,4214.08158508159
MobileV1,N,7,7,8,task,12.3773,4207.15811965812
MobileV1,N,7,7,10,task,11.6228,4132.99297924298
MobileV1,N,7,7,12,task,9.9982,3996.32692307692
MobileV1,N,0,0,0,out,0.0024501,
MobileV1,N,0,0,0,NPU_in,9.6893,
MobileV1,N,0,0,0,NPU_run,18.6117,
MobileV1,N,0,0,0,NPU_run_profile,3.1876,
MobileV1,N,0,0,0,NPU_out,28.8604,
MobileV1,N,0,0,2,in,0.0112876,
MobileV1,N,0,0,2,out,0.0025959,
MobileV1,N,0,0,2,NPU_in,58.0768,
MobileV1,N,0,0,2,NPU_run,28.2633,
MobileV1,N,0,0,2,NPU_run_profile,9.1274,
MobileV1,N,0,0,2,NPU_out,26.8037,
MobileV1,N,0,0,4,in,0.0092457,
MobileV1,N,0,0,4,out,0.0022457,
MobileV1,N,0,0,4,NPU_in,29.1239,
MobileV1,N,0,0,4,NPU_run,15.7778,
MobileV1,N,0,0,4,NPU_run_profile,4.893,
MobileV1,N,0,0,4,NPU_out,12.0834,
MobileV1,N,0,0,6,in,0.0089833,
MobileV1,N,0,0,6,out,0.0025084,
MobileV1,N,0,0,6,NPU_in,14.483,
MobileV1,N,0,0,6,NPU_run,9.3076,
MobileV1,N,0,0,6,NPU_run_profile,2.2869,
MobileV1,N,0,0,6,NPU_out,6.1996,
MobileV1,N,0,0,8,in,0.0090123,
MobileV1,N,0,0,8,out,0.0023333,
MobileV1,N,0,0,8,NPU_in,7.5704,
MobileV1,N,0,0,8,NPU_run,8.3735,
MobileV1,N,0,0,8,NPU_run_profile,1.9345,
MobileV1,N,0,0,8,NPU_out,6.3158,
MobileV1,N,0,0,10,in,0.010354,
MobileV1,N,0,0,10,out,0.0096832,
MobileV1,N,0,0,10,NPU_in,7.2839,
MobileV1,N,0,0,10,NPU_run,8.4018,
MobileV1,N,0,0,10,NPU_run_profile,1.9599,
MobileV1,N,0,0,10,NPU_out,6.4294,
MobileV1,N,0,0,12,in,0.0083123,
MobileV1,N,0,0,12,out,0.0023333,
MobileV1,N,0,0,12,NPU_in,7.3193,
MobileV1,N,0,0,12,NPU_run,6.8709,
MobileV1,N,0,0,12,NPU_run_profile,1.8103,
MobileV1,N,0,0,12,NPU_out,2.7248,
MobileV1,N,1,1,0,out,0.0019249,
MobileV1,N,1,1,0,NPU_in,6.5501,
MobileV1,N,1,1,0,NPU_run,16.4759,
MobileV1,N,1,1,0,NPU_run_profile,3.17,
MobileV1,N,1,1,0,NPU_out,20.3648,
MobileV1,N,1,1,2,in,0.0083418,
MobileV1,N,1,1,2,out,0.0018959,
MobileV1,N,1,1,2,NPU_in,38.7192,
MobileV1,N,1,1,2,NPU_run,25.8227,
MobileV1,N,1,1,2,NPU_run_profile,9.1012,
MobileV1,N,1,1,2,NPU_out,18.9228,
MobileV1,N,1,1,4,in,0.0071459,
MobileV1,N,1,1,4,out,0.0016041,
MobileV1,N,1,1,4,NPU_in,19.8388,
MobileV1,N,1,1,4,NPU_run,14.6286,
MobileV1,N,1,1,4,NPU_run_profile,4.8887,
MobileV1,N,1,1,4,NPU_out,8.7151,
MobileV1,N,1,1,6,in,0.0063876,
MobileV1,N,1,1,6,out,0.0016334,
MobileV1,N,1,1,6,NPU_in,10.0417,
MobileV1,N,1,1,6,NPU_run,8.2743,
MobileV1,N,1,1,6,NPU_run_profile,2.2785,
MobileV1,N,1,1,6,NPU_out,4.4949,
MobileV1,N,1,1,8,in,0.0067959,
MobileV1,N,1,1,8,out,0.0016916,
MobileV1,N,1,1,8,NPU_in,5.0303,
MobileV1,N,1,1,8,NPU_run,7.606,
MobileV1,N,1,1,8,NPU_run_profile,1.9327,
MobileV1,N,1,1,8,NPU_out,4.5381,
MobileV1,N,1,1,10,in,0.0065332,
MobileV1,N,1,1,10,out,0.0015166,
MobileV1,N,1,1,10,NPU_in,5.08,
MobileV1,N,1,1,10,NPU_run,7.8027,
MobileV1,N,1,1,10,NPU_run_profile,1.9502,
MobileV1,N,1,1,10,NPU_out,4.6246,
MobileV1,N,1,1,12,in,0.0060959,
MobileV1,N,1,1,12,out,0.0016043,
MobileV1,N,1,1,12,NPU_in,5.1376,
MobileV1,N,1,1,12,NPU_run,6.1917,
MobileV1,N,1,1,12,NPU_run_profile,1.8243,
MobileV1,N,1,1,12,NPU_out,1.9446,
MobileV1,N,2,2,0,out,0.0014585,
MobileV1,N,2,2,0,NPU_in,4.8444,
MobileV1,N,2,2,0,NPU_run,15.0131,
MobileV1,N,2,2,0,NPU_run_profile,3.1718,
MobileV1,N,2,2,0,NPU_out,15.1473,
MobileV1,N,2,2,2,in,0.0072917,
MobileV1,N,2,2,2,out,0.0014583,
MobileV1,N,2,2,2,NPU_in,28.4219,
MobileV1,N,2,2,2,NPU_run,24.4326,
MobileV1,N,2,2,2,NPU_run_profile,9.1322,
MobileV1,N,2,2,2,NPU_out,14.6579,
MobileV1,N,2,2,4,in,0.0058624,
MobileV1,N,2,2,4,out,0.0011958,
MobileV1,N,2,2,4,NPU_in,14.4012,
MobileV1,N,2,2,4,NPU_run,13.8645,
MobileV1,N,2,2,4,NPU_run_profile,4.894,
MobileV1,N,2,2,4,NPU_out,6.6004,
MobileV1,N,2,2,6,in,0.0057459,
MobileV1,N,2,2,6,out,0.0011668,
MobileV1,N,2,2,6,NPU_in,7.3066,
MobileV1,N,2,2,6,NPU_run,8.2499,
MobileV1,N,2,2,6,NPU_run_profile,2.2891,
MobileV1,N,2,2,6,NPU_out,3.5233,
MobileV1,N,2,2,8,in,0.0058918,
MobileV1,N,2,2,8,out,0.0011665,
MobileV1,N,2,2,8,NPU_in,3.6712,
MobileV1,N,2,2,8,NPU_run,7.481,
MobileV1,N,2,2,8,NPU_run_profile,1.937,
MobileV1,N,2,2,8,NPU_out,3.5589,
MobileV1,N,2,2,10,in,0.0054252,
MobileV1,N,2,2,10,out,0.0011084,
MobileV1,N,2,2,10,NPU_in,3.6404,
MobileV1,N,2,2,10,NPU_run,7.377,
MobileV1,N,2,2,10,NPU_run_profile,1.9519,
MobileV1,N,2,2,10,NPU_out,3.4694,
MobileV1,N,2,2,12,in,0.0051917,
MobileV1,N,2,2,12,out,0.0011083,
MobileV1,N,2,2,12,NPU_in,3.5941,
MobileV1,N,2,2,12,NPU_run,6.27,
MobileV1,N,2,2,12,NPU_run_profile,1.8121,
MobileV1,N,2,2,12,NPU_out,1.3797,
MobileV1,N,3,3,0,out,0.0012249,
MobileV1,N,3,3,0,NPU_in,3.9691,
MobileV1,N,3,3,0,NPU_run,14.254,
MobileV1,N,3,3,0,NPU_run_profile,3.1752,
MobileV1,N,3,3,0,NPU_out,12.6925,
MobileV1,N,3,3,2,in,0.0066499,
MobileV1,N,3,3,2,out,0.0013416,
MobileV1,N,3,3,2,NPU_in,23.0617,
MobileV1,N,3,3,2,NPU_run,22.9188,
MobileV1,N,3,3,2,NPU_run_profile,9.113,
MobileV1,N,3,3,2,NPU_out,12.2237,
MobileV1,N,3,3,4,in,0.0052791,
MobileV1,N,3,3,4,out,0.0009042,
MobileV1,N,3,3,4,NPU_in,11.8269,
MobileV1,N,3,3,4,NPU_run,12.7764,
MobileV1,N,3,3,4,NPU_run_profile,4.896,
MobileV1,N,3,3,4,NPU_out,5.516,
MobileV1,N,3,3,6,in,0.0075543,
MobileV1,N,3,3,6,out,0.0009333,
MobileV1,N,3,3,6,NPU_in,5.7705,
MobileV1,N,3,3,6,NPU_run,7.5188,
MobileV1,N,3,3,6,NPU_run_profile,2.2733,
MobileV1,N,3,3,6,NPU_out,2.9057,
MobileV1,N,3,3,8,in,0.0047542,
MobileV1,N,3,3,8,out,0.0009041,
MobileV1,N,3,3,8,NPU_in,2.935,
MobileV1,N,3,3,8,NPU_run,6.5483,
MobileV1,N,3,3,8,NPU_run_profile,1.9318,
MobileV1,N,3,3,8,NPU_out,3.0023,
MobileV1,N,3,3,10,in,0.0046667,
MobileV1,N,3,3,10,out,0.0009333,
MobileV1,N,3,3,10,NPU_in,2.8956,
MobileV1,N,3,3,10,NPU_run,6.8016,
MobileV1,N,3,3,10,NPU_run_profile,1.9489,
MobileV1,N,3,3,10,NPU_out,2.9372,
MobileV1,N,3,3,12,in,0.0044042,
MobileV1,N,3,3,12,out,0.0009918,
MobileV1,N,3,3,12,NPU_in,2.8962,
MobileV1,N,3,3,12,NPU_run,5.4661,
MobileV1,N,3,3,12,NPU_run_profile,1.8087,
MobileV1,N,3,3,12,NPU_out,1.1491,
MobileV1,N,4,4,0,out,0.0010792,
MobileV1,N,4,4,0,NPU_in,3.2622,
MobileV1,N,4,4,0,NPU_run,13.4493,
MobileV1,N,4,4,0,NPU_run_profile,3.1818,
MobileV1,N,4,4,0,NPU_out,10.8803,
MobileV1,N,4,4,2,in,0.0060376,
MobileV1,N,4,4,2,out,0.0011667,
MobileV1,N,4,4,2,NPU_in,19.6533,
MobileV1,N,4,4,2,NPU_run,22.596,
MobileV1,N,4,4,2,NPU_run_profile,9.1229,
MobileV1,N,4,4,2,NPU_out,10.707,
MobileV1,N,4,4,4,in,0.0047542,
MobileV1,N,4,4,4,out,0.0007875,
MobileV1,N,4,4,4,NPU_in,9.827,
MobileV1,N,4,4,4,NPU_run,12.5443,
MobileV1,N,4,4,4,NPU_run_profile,4.9055,
MobileV1,N,4,4,4,NPU_out,4.7869,
MobileV1,N,4,4,6,in,0.0060956,
MobileV1,N,4,4,6,out,0.0007873,
MobileV1,N,4,4,6,NPU_in,4.8931,
MobileV1,N,4,4,6,NPU_run,7.3646,
MobileV1,N,4,4,6,NPU_run_profile,2.2805,
MobileV1,N,4,4,6,NPU_out,2.5933,
MobileV1,N,4,4,8,in,0.0049001,
MobileV1,N,4,4,8,out,0.0007582,
MobileV1,N,4,4,8,NPU_in,2.4959,
MobileV1,N,4,4,8,NPU_run,6.9039,
MobileV1,N,4,4,8,NPU_run_profile,1.9381,
MobileV1,N,4,4,8,NPU_out,2.6278,
MobileV1,N,4,4,10,in,0.0045499,
MobileV1,N,4,4,10,out,0.000846,
MobileV1,N,4,4,10,NPU_in,2.4864,
MobileV1,N,4,4,10,NPU_run,6.432,
MobileV1,N,4,4,10,NPU_run_profile,1.9543,
MobileV1,N,4,4,10,NPU_out,2.5993,
MobileV1,N,4,4,12,in,0.0042583,
MobileV1,N,4,4,12,out,0.0007875,
MobileV1,N,4,4,12,NPU_in,2.4248,
MobileV1,N,4,4,12,NPU_run,5.3344,
MobileV1,N,4,4,12,NPU_run_profile,1.8072,
MobileV1,N,4,4,12,NPU_out,1.0036,
MobileV1,N,5,5,0,out,0.0009333,
MobileV1,N,5,5,0,NPU_in,2.8169,
MobileV1,N,5,5,0,NPU_run,13.4511,
MobileV1,N,5,5,0,NPU_run_profile,3.1759,
MobileV1,N,5,5,0,NPU_out,9.5381,
MobileV1,N,5,5,2,in,0.0056,
MobileV1,N,5,5,2,out,0.0010792,
MobileV1,N,5,5,2,NPU_in,16.4046,
MobileV1,N,5,5,2,NPU_run,22.1179,
MobileV1,N,5,5,2,NPU_run_profile,9.1043,
MobileV1,N,5,5,2,NPU_out,9.434,
MobileV1,N,5,5,4,in,0.0048709,
MobileV1,N,5,5,4,out,0.0006998,
MobileV1,N,5,5,4,NPU_in,8.4365,
MobileV1,N,5,5,4,NPU_run,12.542,
MobileV1,N,5,5,4,NPU_run_profile,4.8946,
MobileV1,N,5,5,4,NPU_out,4.2573,
MobileV1,N,5,5,6,in,0.0048416,
MobileV1,N,5,5,6,out,0.0024207,
MobileV1,N,5,5,6,NPU_in,4.138,
MobileV1,N,5,5,6,NPU_run,7.6635,
MobileV1,N,5,5,6,NPU_run_profile,2.2803,
MobileV1,N,5,5,6,NPU_out,2.2431,
MobileV1,N,5,5,8,in,0.00455,
MobileV1,N,5,5,8,out,0.0007292,
MobileV1,N,5,5,8,NPU_in,2.0801,
MobileV1,N,5,5,8,NPU_run,6.5397,
MobileV1,N,5,5,8,NPU_run_profile,1.9399,
MobileV1,N,5,5,8,NPU_out,2.2326,
MobileV1,N,5,5,10,in,0.0039959,
MobileV1,N,5,5,10,out,0.0006416,
MobileV1,N,5,5,10,NPU_in,2.0697,
MobileV1,N,5,5,10,NPU_run,6.4256,
MobileV1,N,5,5,10,NPU_run_profile,1.9508,
MobileV1,N,5,5,10,NPU_out,2.3007,
MobileV1,N,5,5,12,in,0.0037917,
MobileV1,N,5,5,12,out,0.0006712,
MobileV1,N,5,5,12,NPU_in,2.0446,
MobileV1,N,5,5,12,NPU_run,5.0679,
MobileV1,N,5,5,12,NPU_run_profile,1.8115,
MobileV1,N,5,5,12,NPU_out,0.86,
MobileV1,N,6,6,0,out,0.0008749,
MobileV1,N,6,6,0,NPU_in,2.4825,
MobileV1,N,6,6,0,NPU_run,13.617,
MobileV1,N,6,6,0,NPU_run_profile,3.1794,
MobileV1,N,6,6,0,NPU_out,8.6145,
MobileV1,N,6,6,2,in,0.0055418,
MobileV1,N,6,6,2,out,0.0008748,
MobileV1,N,6,6,2,NPU_in,14.5897,
MobileV1,N,6,6,2,NPU_run,22.123,
MobileV1,N,6,6,2,NPU_run_profile,9.1158,
MobileV1,N,6,6,2,NPU_out,8.6783,
MobileV1,N,6,6,4,in,0.0045793,
MobileV1,N,6,6,4,out,0.0006999,
MobileV1,N,6,6,4,NPU_in,7.3728,
MobileV1,N,6,6,4,NPU_run,12.4786,
MobileV1,N,6,6,4,NPU_run_profile,4.8994,
MobileV1,N,6,6,4,NPU_out,3.9058,
MobileV1,N,6,6,6,in,0.0044625,
MobileV1,N,6,6,6,out,0.0006125,
MobileV1,N,6,6,6,NPU_in,3.653,
MobileV1,N,6,6,6,NPU_run,7.3031,
MobileV1,N,6,6,6,NPU_run_profile,2.2848,
MobileV1,N,6,6,6,NPU_out,2.1144,
MobileV1,N,6,6,8,in,0.0036749,
MobileV1,N,6,6,8,out,0.0005539,
MobileV1,N,6,6,8,NPU_in,1.7971,
MobileV1,N,6,6,8,NPU_run,6.5693,
MobileV1,N,6,6,8,NPU_run_profile,1.9352,
MobileV1,N,6,6,8,NPU_out,2.0651,
MobileV1,N,6,6,10,in,0.0037917,
MobileV1,N,6,6,10,out,0.0005833,
MobileV1,N,6,6,10,NPU_in,1.8039,
MobileV1,N,6,6,10,NPU_run,6.6106,
MobileV1,N,6,6,10,NPU_run_profile,1.9517,
MobileV1,N,6,6,10,NPU_out,2.0383,
MobileV1,N,6,6,12,in,0.0037626,
MobileV1,N,6,6,12,out,0.0006122,
MobileV1,N,6,6,12,NPU_in,1.8052,
MobileV1,N,6,6,12,NPU_run,5.6228,
MobileV1,N,6,6,12,NPU_run_profile,1.8121,
MobileV1,N,6,6,12,NPU_out,0.7595,
MobileV1,N,7,7,0,out,0.0007293,
MobileV1,N,7,7,0,NPU_in,2.2008,
MobileV1,N,7,7,0,NPU_run,13.367,
MobileV1,N,7,7,0,NPU_run_profile,3.1766,
MobileV1,N,7,7,0,NPU_out,7.8281,
MobileV1,N,7,7,2,in,0.0055418,
MobileV1,N,7,7,2,out,0.0008457,
MobileV1,N,7,7,2,NPU_in,13.0925,
MobileV1,N,7,7,2,NPU_run,22.1342,
MobileV1,N,7,7,2,NPU_run_profile,9.1113,
MobileV1,N,7,7,2,NPU_out,8.0277,
MobileV1,N,7,7,4,in,0.0044917,
MobileV1,N,7,7,4,out,0.0006999,
MobileV1,N,7,7,4,NPU_in,6.6737,
MobileV1,N,7,7,4,NPU_run,12.107,
MobileV1,N,7,7,4,NPU_run_profile,4.8896,
MobileV1,N,7,7,4,NPU_out,3.6377,
MobileV1,N,7,7,6,in,0.0040249,
MobileV1,N,7,7,6,out,0.0004956,
MobileV1,N,7,7,6,NPU_in,3.2662,
MobileV1,N,7,7,6,NPU_run,7.5495,
MobileV1,N,7,7,6,NPU_run_profile,2.2824,
MobileV1,N,7,7,6,NPU_out,1.9093,
MobileV1,N,7,7,8,in,0.0044041,
MobileV1,N,7,7,8,out,0.0005543,
MobileV1,N,7,7,8,NPU_in,1.6193,
MobileV1,N,7,7,8,NPU_run,6.7594,
MobileV1,N,7,7,8,NPU_run_profile,1.9382,
MobileV1,N,7,7,8,NPU_out,2.0723,
MobileV1,N,7,7,10,in,0.0042874,
MobileV1,N,7,7,10,out,0.0005251,
MobileV1,N,7,7,10,NPU_in,1.6183,
MobileV1,N,7,7,10,NPU_run,6.3287,
MobileV1,N,7,7,10,NPU_run_profile,1.9643,
MobileV1,N,7,7,10,NPU_out,1.8703,
MobileV1,N,7,7,12,in,0.0034126,
MobileV1,N,7,7,12,out,0.0005249,
MobileV1,N,7,7,12,NPU_in,1.6208,
MobileV1,N,7,7,12,NPU_run,5.4595,
MobileV1,N,7,7,12,NPU_run_profile,1.8104,
MobileV1,N,7,7,12,NPU_out,0.6831,
MobileV1,N,0,0,1,task,135.3698,3326.93072822262
MobileV1,N,0,0,3,task,81.7323,3354.04173260136
MobileV1,N,0,0,5,task,43.011,3369.522208233
MobileV1,N,0,0,7,task,25.0947,3302.35658622423
MobileV1,N,0,0,9,task,25.0973,3326.32703553756
MobileV1,N,0,0,11,task,24.6585,3315.21423751687
MobileV1,N,0,0,13,task,10.3205,3304.51923076923
MobileV1,N,1,1,1,task,102.0233,3448.11274855549
MobileV1,N,1,1,3,task,62.5125,3427.09701351394
MobileV1,N,1,1,5,task,33.8496,3408.47803790412
MobileV1,N,1,1,7,task,20.3541,3411.62471823049
MobileV1,N,1,1,9,task,19.3707,3376.37179487179
MobileV1,N,1,1,11,task,20.098,3389.90391659622
MobileV1,N,1,1,13,task,8.7166,3394.66575091575
MobileV1,N,2,2,1,task,83.1063,3537.1970696027
MobileV1,N,2,2,3,task,51.7579,3536.48123861282
MobileV1,N,2,2,5,task,28.4082,3514.18160786582
MobileV1,N,2,2,7,task,17.0297,3447.12076385153
MobileV1,N,2,2,9,task,16.6776,3468.78205128205
MobileV1,N,2,2,11,task,16.7349,3459.85969159046
MobileV1,N,2,2,13,task,8.5611,3386.15384615385
MobileV1,N,3,3,1,task,72.6988,3646.98580781425
MobileV1,N,3,3,3,task,44.4686,3643.41625310174
MobileV1,N,3,3,5,task,24.8361,3612.26202998068
MobileV1,N,3,3,7,task,14.4714,3586.0979020979
MobileV1,N,3,3,9,task,14.4133,3563.44522144522
MobileV1,N,3,3,11,task,14.6722,3506.70629370629
MobileV1,N,3,3,13,task,7.0461,3491.11538461538
MobileV1,N,4,4,1,task,66.021,3791.32869148554
MobileV1,N,4,4,3,task,41.3789,3785.86981222923
MobileV1,N,4,4,5,task,23.1347,3728.34092867916
MobileV1,N,4,4,7,task,14.0584,3631.76068376068
MobileV1,N,4,4,9,task,13.7931,3658.57478632479
MobileV1,N,4,4,11,task,13.9644,3668.79700854701
MobileV1,N,4,4,13,task,7.3063,3521.66666666667
MobileV1,N,5,5,1,task,60.8117,3959.31425891182
MobileV1,N,5,5,3,task,38.2309,3959.59474030243
MobileV1,N,5,5,5,task,20.7843,3916.27218934911
MobileV1,N,5,5,7,task,12.3028,3874.94658119658
MobileV1,N,5,5,9,task,12.7131,3738.15781440781
MobileV1,N,5,5,11,task,13.3152,3759.32692307692
MobileV1,N,5,5,13,task,6.2784,3673.55128205128
MobileV1,N,6,6,1,task,57.0193,4161.36605727497
MobileV1,N,6,6,3,task,35.6855,4140.97965440357
MobileV1,N,6,6,5,task,19.982,4106.32713440406
MobileV1,N,6,6,7,task,12.0023,3933.99114774115
MobileV1,N,6,6,9,task,12.1482,4009.33455433455
MobileV1,N,6,6,11,task,12.2747,3964.49175824176
MobileV1,N,6,6,13,task,6.4998,3700.48717948718
MobileV1,N,7,7,1,task,54.2967,4409.67760617761
MobileV1,N,7,7,3,task,34.4827,4434.38937873721
MobileV1,N,7,7,5,task,19.2576,4309.69921104536
MobileV1,N,7,7,7,task,12.0683,4176.04395604396
MobileV1,N,7,7,9,task,11.6186,4143.26465201465
MobileV1,N,7,7,11,task,11.7516,4093.4478021978
MobileV1,N,7,7,13,task,6.0248,4057.97435897436
MobileV1,N,0,0,1,in,0.0115208,
MobileV1,N,0,0,1,out,0.0025082,
MobileV1,N,0,0,1,NPU_in,31.4992,
MobileV1,N,0,0,1,NPU_run,38.3085,
MobileV1,N,0,0,1,NPU_run_profile,10.3492,
MobileV1,N,0,0,1,NPU_out,61.6356,
MobileV1,N,0,0,3,in,0.0112001,
MobileV1,N,0,0,3,out,0.0025082,
MobileV1,N,0,0,3,NPU_in,28.9748,
MobileV1,N,0,0,3,NPU_run,23.0276,
MobileV1,N,0,0,3,NPU_run_profile,6.2754,
MobileV1,N,0,0,3,NPU_out,26.9367,
MobileV1,N,0,0,5,in,0.0100625,
MobileV1,N,0,0,5,out,0.0022752,
MobileV1,N,0,0,5,NPU_in,14.395,
MobileV1,N,0,0,5,NPU_run,13.7266,
MobileV1,N,0,0,5,NPU_run_profile,4.05,
MobileV1,N,0,0,5,NPU_out,12.194,
MobileV1,N,0,0,7,in,0.0098583,
MobileV1,N,0,0,7,out,0.0023916,
MobileV1,N,0,0,7,NPU_in,7.4461,
MobileV1,N,0,0,7,NPU_run,8.4111,
MobileV1,N,0,0,7,NPU_run_profile,1.9785,
MobileV1,N,0,0,7,NPU_out,6.4982,
MobileV1,N,0,0,9,in,0.0103835,
MobileV1,N,0,0,9,out,0.0023042,
MobileV1,N,0,0,9,NPU_in,7.483,
MobileV1,N,0,0,9,NPU_run,8.3363,
MobileV1,N,0,0,9,NPU_run_profile,1.9499,
MobileV1,N,0,0,9,NPU_out,6.5939,
MobileV1,N,0,0,11,in,0.0091292,
MobileV1,N,0,0,11,out,0.0024209,
MobileV1,N,0,0,11,NPU_in,7.3481,
MobileV1,N,0,0,11,NPU_run,8.6075,
MobileV1,N,0,0,11,NPU_run_profile,1.9447,
MobileV1,N,0,0,11,NPU_out,6.4034,
MobileV1,N,0,0,13,in,0.0081374,
MobileV1,N,0,0,13,out,1.68887,
MobileV1,N,0,0,13,NPU_in,3.6641,
MobileV1,N,0,0,13,NPU_run,4.5722,
MobileV1,N,0,0,13,NPU_run_profile,1.317,
MobileV1,N,0,0,13,NPU_out,0.0597,
MobileV1,N,1,1,1,in,0.0087499,
MobileV1,N,1,1,1,out,0.0018375,
MobileV1,N,1,1,1,NPU_in,21.1435,
MobileV1,N,1,1,1,NPU_run,33.9762,
MobileV1,N,1,1,1,NPU_run_profile,10.3541,
MobileV1,N,1,1,1,NPU_out,43.6399,
MobileV1,N,1,1,3,in,0.0087499,
MobileV1,N,1,1,3,out,0.0018958,
MobileV1,N,1,1,3,NPU_in,19.5662,
MobileV1,N,1,1,3,NPU_run,20.6275,
MobileV1,N,1,1,3,NPU_run_profile,6.2829,
MobileV1,N,1,1,3,NPU_out,19.3128,
MobileV1,N,1,1,5,in,0.0070584,
MobileV1,N,1,1,5,out,0.001604,
MobileV1,N,1,1,5,NPU_in,9.9056,
MobileV1,N,1,1,5,NPU_run,12.7362,
MobileV1,N,1,1,5,NPU_run_profile,4.0533,
MobileV1,N,1,1,5,NPU_out,8.5163,
MobileV1,N,1,1,7,in,0.0066791,
MobileV1,N,1,1,7,out,0.0015458,
MobileV1,N,1,1,7,NPU_in,5.1962,
MobileV1,N,1,1,7,NPU_run,7.9536,
MobileV1,N,1,1,7,NPU_run_profile,1.985,
MobileV1,N,1,1,7,NPU_out,4.7601,
MobileV1,N,1,1,9,in,0.0076124,
MobileV1,N,1,1,9,out,0.0015459,
MobileV1,N,1,1,9,NPU_in,4.9298,
MobileV1,N,1,1,9,NPU_run,7.5619,
MobileV1,N,1,1,9,NPU_run_profile,1.9636,
MobileV1,N,1,1,9,NPU_out,4.5498,
MobileV1,N,1,1,11,in,0.0062418,
MobileV1,N,1,1,11,out,0.0017209,
MobileV1,N,1,1,11,NPU_in,4.9727,
MobileV1,N,1,1,11,NPU_run,7.8898,
MobileV1,N,1,1,11,NPU_run_profile,1.9448,
MobileV1,N,1,1,11,NPU_out,4.6867,
MobileV1,N,1,1,13,in,0.00595,
MobileV1,N,1,1,13,out,1.12076,
MobileV1,N,1,1,13,NPU_in,2.4584,
MobileV1,N,1,1,13,NPU_run,4.416,
MobileV1,N,1,1,13,NPU_run_profile,1.325,
MobileV1,N,1,1,13,NPU_out,0.0405,
MobileV1,N,2,2,1,in,0.007525,
MobileV1,N,2,2,1,out,0.0015167,
MobileV1,N,2,2,1,NPU_in,15.3423,
MobileV1,N,2,2,1,NPU_run,32.1266,
MobileV1,N,2,2,1,NPU_run_profile,10.3559,
MobileV1,N,2,2,1,NPU_out,32.4503,
MobileV1,N,2,2,3,in,0.0110249,
MobileV1,N,2,2,3,out,0.0014587,
MobileV1,N,2,2,3,NPU_in,14.5772,
MobileV1,N,2,2,3,NPU_run,19.5972,
MobileV1,N,2,2,3,NPU_run_profile,6.2881,
MobileV1,N,2,2,3,NPU_out,14.8364,
MobileV1,N,2,2,5,in,0.0061834,
MobileV1,N,2,2,5,out,0.001225,
MobileV1,N,2,2,5,NPU_in,7.1724,
MobileV1,N,2,2,5,NPU_run,11.9032,
MobileV1,N,2,2,5,NPU_run_profile,4.0547,
MobileV1,N,2,2,5,NPU_out,6.6055,
MobileV1,N,2,2,7,in,0.0061833,
MobileV1,N,2,2,7,out,0.0011373,
MobileV1,N,2,2,7,NPU_in,3.6561,
MobileV1,N,2,2,7,NPU_run,7.607,
MobileV1,N,2,2,7,NPU_run_profile,1.9732,
MobileV1,N,2,2,7,NPU_out,3.4348,
MobileV1,N,2,2,9,in,0.0058916,
MobileV1,N,2,2,9,out,0.0011956,
MobileV1,N,2,2,9,NPU_in,3.6417,
MobileV1,N,2,2,9,NPU_run,7.1456,
MobileV1,N,2,2,9,NPU_run_profile,1.9508,
MobileV1,N,2,2,9,NPU_out,3.5208,
MobileV1,N,2,2,11,in,0.0055123,
MobileV1,N,2,2,11,out,0.0011377,
MobileV1,N,2,2,11,NPU_in,3.6226,
MobileV1,N,2,2,11,NPU_run,7.3205,
MobileV1,N,2,2,11,NPU_run_profile,1.9527,
MobileV1,N,2,2,11,NPU_out,3.5053,
MobileV1,N,2,2,13,in,0.0047249,
MobileV1,N,2,2,13,out,0.540459,
MobileV1,N,2,2,13,NPU_in,1.8118,
MobileV1,N,2,2,13,NPU_run,4.6902,
MobileV1,N,2,2,13,NPU_run_profile,1.319,
MobileV1,N,2,2,13,NPU_out,0.0308,
MobileV1,N,3,3,1,in,0.0069127,
MobileV1,N,3,3,1,out,0.0012251,
MobileV1,N,3,3,1,NPU_in,12.4611,
MobileV1,N,3,3,1,NPU_run,30.3082,
MobileV1,N,3,3,1,NPU_run_profile,10.3626,
MobileV1,N,3,3,1,NPU_out,27.4032,
MobileV1,N,3,3,3,in,0.006679,
MobileV1,N,3,3,3,out,0.0011956,
MobileV1,N,3,3,3,NPU_in,11.5087,
MobileV1,N,3,3,3,NPU_run,18.454,
MobileV1,N,3,3,3,NPU_run_profile,6.2961,
MobileV1,N,3,3,3,NPU_out,12.4224,
MobileV1,N,3,3,5,in,0.0056292,
MobileV1,N,3,3,5,out,0.0011084,
MobileV1,N,3,3,5,NPU_in,5.7077,
MobileV1,N,3,3,5,NPU_run,11.4329,
MobileV1,N,3,3,5,NPU_run_profile,4.0471,
MobileV1,N,3,3,5,NPU_out,5.5455,
MobileV1,N,3,3,7,in,0.005279,
MobileV1,N,3,3,7,out,0.0009333,
MobileV1,N,3,3,7,NPU_in,2.9119,
MobileV1,N,3,3,7,NPU_run,6.7806,
MobileV1,N,3,3,7,NPU_run_profile,1.9779,
MobileV1,N,3,3,7,NPU_out,2.8936,
MobileV1,N,3,3,9,in,0.0049291,
MobileV1,N,3,3,9,out,0.0009334,
MobileV1,N,3,3,9,NPU_in,2.9117,
MobileV1,N,3,3,9,NPU_run,6.5545,
MobileV1,N,3,3,9,NPU_run_profile,1.9569,
MobileV1,N,3,3,9,NPU_out,3.0693,
MobileV1,N,3,3,11,in,0.0047832,
MobileV1,N,3,3,11,out,0.0010207,
MobileV1,N,3,3,11,NPU_in,2.9069,
MobileV1,N,3,3,11,NPU_run,6.925,
MobileV1,N,3,3,11,NPU_run_profile,1.9423,
MobileV1,N,3,3,11,NPU_out,2.8657,
MobileV1,N,3,3,13,in,0.0048125,
MobileV1,N,3,3,13,out,0.395033,
MobileV1,N,3,3,13,NPU_in,1.4704,
MobileV1,N,3,3,13,NPU_run,3.768,
MobileV1,N,3,3,13,NPU_run_profile,1.3286,
MobileV1,N,3,3,13,NPU_out,0.0266,
MobileV1,N,4,4,1,in,0.0067959,
MobileV1,N,4,4,1,out,0.0010208,
MobileV1,N,4,4,1,NPU_in,10.4338,
MobileV1,N,4,4,1,NPU_run,29.6159,
MobileV1,N,4,4,1,NPU_run_profile,10.3658,
MobileV1,N,4,4,1,NPU_out,23.5406,
MobileV1,N,4,4,3,in,0.0063001,
MobileV1,N,4,4,3,out,0.0010208,
MobileV1,N,4,4,3,NPU_in,9.8853,
MobileV1,N,4,4,3,NPU_run,18.0292,
MobileV1,N,4,4,3,NPU_run_profile,6.2955,
MobileV1,N,4,4,3,NPU_out,10.9272,
MobileV1,N,4,4,5,in,0.0052499,
MobileV1,N,4,4,5,out,0.0008751,
MobileV1,N,4,4,5,NPU_in,4.8006,
MobileV1,N,4,4,5,NPU_run,11.4081,
MobileV1,N,4,4,5,NPU_run_profile,4.0555,
MobileV1,N,4,4,5,NPU_out,4.8732,
MobileV1,N,4,4,7,in,0.0078461,
MobileV1,N,4,4,7,out,0.0008167,
MobileV1,N,4,4,7,NPU_in,2.4509,
MobileV1,N,4,4,7,NPU_run,6.8722,
MobileV1,N,4,4,7,NPU_run_profile,1.9824,
MobileV1,N,4,4,7,NPU_out,2.6311,
MobileV1,N,4,4,9,in,0.0073502,
MobileV1,N,4,4,9,out,0.0007,
MobileV1,N,4,4,9,NPU_in,2.4434,
MobileV1,N,4,4,9,NPU_run,6.6736,
MobileV1,N,4,4,9,NPU_run_profile,1.9607,
MobileV1,N,4,4,9,NPU_out,2.6349,
MobileV1,N,4,4,11,in,0.0042584,
MobileV1,N,4,4,11,out,0.0008751,
MobileV1,N,4,4,11,NPU_in,2.4171,
MobileV1,N,4,4,11,NPU_run,7.0123,
MobileV1,N,4,4,11,NPU_run_profile,1.9464,
MobileV1,N,4,4,11,NPU_out,2.5702,
MobileV1,N,4,4,13,in,0.0035876,
MobileV1,N,4,4,13,out,0.252875,
MobileV1,N,4,4,13,NPU_in,1.2377,
MobileV1,N,4,4,13,NPU_run,4.3583,
MobileV1,N,4,4,13,NPU_run_profile,1.328,
MobileV1,N,4,4,13,NPU_out,0.0222,
MobileV1,N,5,5,1,in,0.0063,
MobileV1,N,5,5,1,out,0.0010208,
MobileV1,N,5,5,1,NPU_in,8.7591,
MobileV1,N,5,5,1,NPU_run,29.0925,
MobileV1,N,5,5,1,NPU_run_profile,10.3612,
MobileV1,N,5,5,1,NPU_out,20.429,
MobileV1,N,5,5,3,in,0.0056291,
MobileV1,N,5,5,3,out,0.0009334,
MobileV1,N,5,5,3,NPU_in,8.3075,
MobileV1,N,5,5,3,NPU_run,18.0734,
MobileV1,N,5,5,3,NPU_run_profile,6.2875,
MobileV1,N,5,5,3,NPU_out,9.6689,
MobileV1,N,5,5,5,in,0.0050459,
MobileV1,N,5,5,5,out,0.0007584,
MobileV1,N,5,5,5,NPU_in,4.1215,
MobileV1,N,5,5,5,NPU_run,10.541,
MobileV1,N,5,5,5,NPU_run_profile,4.0502,
MobileV1,N,5,5,5,NPU_out,4.2937,
MobileV1,N,5,5,7,in,0.0042876,
MobileV1,N,5,5,7,out,0.0007,
MobileV1,N,5,5,7,NPU_in,2.0812,
MobileV1,N,5,5,7,NPU_run,6.312,
MobileV1,N,5,5,7,NPU_run_profile,1.9773,
MobileV1,N,5,5,7,NPU_out,2.3056,
MobileV1,N,5,5,9,in,0.0043457,
MobileV1,N,5,5,9,out,0.0006707,
MobileV1,N,5,5,9,NPU_in,2.0812,
MobileV1,N,5,5,9,NPU_run,6.4266,
MobileV1,N,5,5,9,NPU_run_profile,1.9624,
MobileV1,N,5,5,9,NPU_out,2.2384,
MobileV1,N,5,5,11,in,0.0039956,
MobileV1,N,5,5,11,out,0.0006708,
MobileV1,N,5,5,11,NPU_in,2.0512,
MobileV1,N,5,5,11,NPU_run,7.0965,
MobileV1,N,5,5,11,NPU_run_profile,1.9442,
MobileV1,N,5,5,11,NPU_out,2.2504,
MobileV1,N,5,5,13,in,0.0030625,
MobileV1,N,5,5,13,out,0.2191,
MobileV1,N,5,5,13,NPU_in,1.0519,
MobileV1,N,5,5,13,NPU_run,3.5833,
MobileV1,N,5,5,13,NPU_run_profile,1.3288,
MobileV1,N,5,5,13,NPU_out,0.0232,
MobileV1,N,6,6,1,in,0.0056874,
MobileV1,N,6,6,1,out,0.000875,
MobileV1,N,6,6,1,NPU_in,7.8314,
MobileV1,N,6,6,1,NPU_run,28.7776,
MobileV1,N,6,6,1,NPU_run_profile,10.3599,
MobileV1,N,6,6,1,NPU_out,18.3725,
MobileV1,N,6,6,3,in,0.0057459,
MobileV1,N,6,6,3,out,0.000875,
MobileV1,N,6,6,3,NPU_in,7.3947,
MobileV1,N,6,6,3,NPU_run,17.4299,
MobileV1,N,6,6,3,NPU_run_profile,6.288,
MobileV1,N,6,6,3,NPU_out,8.8228,
MobileV1,N,6,6,5,in,0.0045213,
MobileV1,N,6,6,5,out,0.0006709,
MobileV1,N,6,6,5,NPU_in,3.6398,
MobileV1,N,6,6,5,NPU_run,10.7473,
MobileV1,N,6,6,5,NPU_run_profile,4.0507,
MobileV1,N,6,6,5,NPU_out,3.8829,
MobileV1,N,6,6,7,in,0.0040834,
MobileV1,N,6,6,7,out,0.0005541,
MobileV1,N,6,6,7,NPU_in,1.8089,
MobileV1,N,6,6,7,NPU_run,6.5442,
MobileV1,N,6,6,7,NPU_run_profile,1.9797,
MobileV1,N,6,6,7,NPU_out,2.0346,
MobileV1,N,6,6,9,in,0.0045501,
MobileV1,N,6,6,9,out,0.0007584,
MobileV1,N,6,6,9,NPU_in,1.8105,
MobileV1,N,6,6,9,NPU_run,6.4359,
MobileV1,N,6,6,9,NPU_run_profile,1.961,
MobileV1,N,6,6,9,NPU_out,2.1609,
MobileV1,N,6,6,11,in,0.0062127,
MobileV1,N,6,6,11,out,0.0006416,
MobileV1,N,6,6,11,NPU_in,1.808,
MobileV1,N,6,6,11,NPU_run,6.5664,
MobileV1,N,6,6,11,NPU_run_profile,1.9485,
MobileV1,N,6,6,11,NPU_out,2.0514,
MobileV1,N,6,6,13,in,0.0028292,
MobileV1,N,6,6,13,out,0.195533,
MobileV1,N,6,6,13,NPU_in,0.9384,
MobileV1,N,6,6,13,NPU_run,3.9534,
MobileV1,N,6,6,13,NPU_run_profile,1.3231,
MobileV1,N,6,6,13,NPU_out,0.0201,
MobileV1,N,7,7,1,in,0.0058335,
MobileV1,N,7,7,1,out,0.0007585,
MobileV1,N,7,7,1,NPU_in,6.8665,
MobileV1,N,7,7,1,NPU_run,28.4192,
MobileV1,N,7,7,1,NPU_run_profile,10.3646,
MobileV1,N,7,7,1,NPU_out,16.8087,
MobileV1,N,7,7,3,in,0.0058043,
MobileV1,N,7,7,3,out,0.0007875,
MobileV1,N,7,7,3,NPU_in,6.5254,
MobileV1,N,7,7,3,NPU_run,17.5223,
MobileV1,N,7,7,3,NPU_run_profile,6.297,
MobileV1,N,7,7,3,NPU_out,8.1729,
MobileV1,N,7,7,5,in,0.0043167,
MobileV1,N,7,7,5,out,0.0006126,
MobileV1,N,7,7,5,NPU_in,3.2386,
MobileV1,N,7,7,5,NPU_run,10.4388,
MobileV1,N,7,7,5,NPU_run_profile,4.0542,
MobileV1,N,7,7,5,NPU_out,3.5519,
MobileV1,N,7,7,7,in,0.0035292,
MobileV1,N,7,7,7,out,0.0004086,
MobileV1,N,7,7,7,NPU_in,1.6206,
MobileV1,N,7,7,7,NPU_run,6.7492,
MobileV1,N,7,7,7,NPU_run_profile,1.9832,
MobileV1,N,7,7,7,NPU_out,1.8473,
MobileV1,N,7,7,9,in,0.0059209,
MobileV1,N,7,7,9,out,0.0006414,
MobileV1,N,7,7,9,NPU_in,1.6131,
MobileV1,N,7,7,9,NPU_run,6.4658,
MobileV1,N,7,7,9,NPU_run_profile,1.9595,
MobileV1,N,7,7,9,NPU_out,1.8702,
MobileV1,N,7,7,11,in,0.004725,
MobileV1,N,7,7,11,out,0.0006124,
MobileV1,N,7,7,11,NPU_in,1.6237,
MobileV1,N,7,7,11,NPU_run,6.6407,
MobileV1,N,7,7,11,NPU_run_profile,1.9612,
MobileV1,N,7,7,11,NPU_out,1.8619,
MobileV1,N,7,7,13,in,0.0029168,
MobileV1,N,7,7,13,out,0.182729,
MobileV1,N,7,7,13,NPU_in,0.8341,
MobileV1,N,7,7,13,NPU_run,3.8468,
MobileV1,N,7,7,13,NPU_run_profile,1.3272,
MobileV1,N,7,7,13,NPU_out,0.016,
YOLOv3,N,0,0,0,in,466.081,3331.72145434703
YOLOv3,N,0,0,0,task,1574.7938,3391.78452870799
YOLOv3,N,0,0,2,task,891.9867,3386.08615082665
YOLOv3,N,0,0,4,task,907.9218,3389.52890019143
YOLOv3,N,0,0,6,task,800.8208,3393.35631817336
YOLOv3,N,0,0,8,task,803.1827,3392.43547003574
YOLOv3,N,0,0,10,task,241.3498,3390.41344906272
YOLOv3,N,0,0,12,task,245.8328,3382.61709380029
YOLOv3,N,0,0,14,task,236.3342,3401.80351317532
YOLOv3,N,0,0,16,task,233.6462,3394.25133072349
YOLOv3,N,0,0,18,task,249.0446,3385.51171658513
YOLOv3,N,0,0,20,task,235.625,3390.81186900862
YOLOv3,N,0,0,22,task,241.045,3386.77846647014
YOLOv3,N,0,0,24,task,235.8216,3388.99080568853
YOLOv3,N,0,0,26,task,257.2626,3423.66175670009
YOLOv3,N,0,0,28,task,229.5414,3392.10799098329
YOLOv3,N,0,0,30,task,231.7364,3386.50858772529
YOLOv3,N,0,0,32,task,225.8294,3394.05376134001
YOLOv3,N,0,0,34,task,223.7387,3394.28964715162
YOLOv3,N,0,0,36,task,234.844,3406.42936626158
YOLOv3,N,0,0,38,task,234.9188,3389.7033813867
YOLOv3,N,0,0,40,task,222.8549,3393.44395061874
YOLOv3,N,0,0,42,task,225.6886,3391.27416766847
YOLOv3,N,0,0,44,task,70.1809,3391.92632087477
YOLOv3,N,0,0,46,task,69.1725,3385.37914036868
YOLOv3,N,0,0,48,task,68.4311,3387.92312747591
YOLOv3,N,0,0,50,task,66.9898,3390.42471791571
YOLOv3,N,0,0,52,task,69.4243,3370.17449754537
YOLOv3,N,0,0,54,task,67.5599,3366.5865848763
YOLOv3,N,0,0,56,task,75.259,3370.33376339175
YOLOv3,N,0,0,60,task,221.3034,3409.24761973807
YOLOv3,N,0,0,62,task,126.0194,3373.97775871122
YOLOv3,N,0,0,64,task,124.5159,3382.20758160949
YOLOv3,N,0,0,68,task,430.4852,3472.8142052163
YOLOv3,N,0,0,70,task,241.8167,3392.46123185763
YOLOv3,N,0,0,72,task,235.4254,3385.26020261581
YOLOv3,N,0,0,74,task,327.8367,3393.39318411358
YOLOv3,N,1,1,0,in,312.279,3393.62433852569
YOLOv3,N,1,1,0,task,1154.0381,3487.91712178507
YOLOv3,N,1,1,2,task,619.7664,3523.02661405196
YOLOv3,N,1,1,4,task,659.7543,3503.03228797736
YOLOv3,N,1,1,6,task,585.011,3509.88342632501
YOLOv3,N,1,1,8,task,580.8903,3505.31196861212
YOLOv3,N,1,1,10,task,169.7057,3519.9183627513
YOLOv3,N,1,1,12,task,168.9214,3514.74959268058
YOLOv3,N,1,1,14,task,172.6656,3518.84256827416
YOLOv3,N,1,1,16,task,171.9098,3515.63656539647
YOLOv3,N,1,1,18,task,172.2015,3527.11438627189
YOLOv3,N,1,1,20,task,165.3511,3536.51014082154
YOLOv3,N,1,1,22,task,168.265,3520.32178358091
YOLOv3,N,1,1,24,task,172.1651,3510.49986038558
YOLOv3,N,1,1,26,task,191.9792,3538.40871816765
YOLOv3,N,1,1,28,task,167.5609,3495.69271949638
YOLOv3,N,1,1,30,task,163.1917,3509.72502580125
YOLOv3,N,1,1,32,task,163.946,3500.80475657547
YOLOv3,N,1,1,34,task,154.0131,3518.62761494649
YOLOv3,N,1,1,36,task,167.9573,3528.08067942946
YOLOv3,N,1,1,38,task,157.6505,3513.07115810589
YOLOv3,N,1,1,40,task,164.555,3521.47805142852
YOLOv3,N,1,1,42,task,159.8569,3538.88988346984
YOLOv3,N,1,1,44,task,55.5305,3477.55118643957
YOLOv3,N,1,1,46,task,51.5707,3488.28520671653
YOLOv3,N,1,1,48,task,52.4937,3484.05145104325
YOLOv3,N,1,1,50,task,53.1092,3487.99500855244
YOLOv3,N,1,1,52,task,50.202,3482.62999880943
YOLOv3,N,1,1,54,task,50.415,3467.84585112821
YOLOv3,N,1,1,56,task,52.6638,3496.79172178058
YOLOv3,N,1,1,60,task,137.7592,3558.95757849997
YOLOv3,N,1,1,62,task,92.0243,3493.98674549457
YOLOv3,N,1,1,64,task,92.8806,3476.96504338233
YOLOv3,N,1,1,68,task,309.6517,3651.50550693641
YOLOv3,N,1,1,70,task,163.7273,3502.01403765849
YOLOv3,N,1,1,72,task,168.4154,3499.93226860574
YOLOv3,N,1,1,74,task,230.4615,3513.3004458924
YOLOv3,N,2,2,0,in,226.31,3561.1350452758
YOLOv3,N,2,2,0,task,931.3699,3615.87222804067
YOLOv3,N,2,2,2,task,491.6957,3671.17665821502
YOLOv3,N,2,2,4,task,527.8433,3640.80354725756
YOLOv3,N,2,2,6,task,464.6437,3642.9605807579
YOLOv3,N,2,2,8,task,467.4877,3647.72002722912
YOLOv3,N,2,2,10,task,139.4276,3657.07288364475
YOLOv3,N,2,2,12,task,139.8857,3660.89333327337
YOLOv3,N,2,2,14,task,132.6682,3666.88912372776
YOLOv3,N,2,2,16,task,134.0055,3665.63959189974
YOLOv3,N,2,2,18,task,132.7753,3664.46265605117
YOLOv3,N,2,2,20,task,134.5547,3668.82645441657
YOLOv3,N,2,2,22,task,134.0018,3669.20469688158
YOLOv3,N,2,2,24,task,131.1144,3667.19871088784
YOLOv3,N,2,2,26,task,151.8916,3693.76613294868
YOLOv3,N,2,2,28,task,128.6692,3650.09507122025
YOLOv3,N,2,2,30,task,129.8199,3667.33839088422
YOLOv3,N,2,2,32,task,126.5998,3664.93025059985
YOLOv3,N,2,2,34,task,124.6904,3668.52656433873
YOLOv3,N,2,2,36,task,128.9442,3680.98608947156
YOLOv3,N,2,2,38,task,128.7889,3666.70720421031
YOLOv3,N,2,2,40,task,128.5179,3666.50469985152
YOLOv3,N,2,2,42,task,125.1947,3656.101340006
YOLOv3,N,2,2,44,task,42.261,3635.65157141832
YOLOv3,N,2,2,46,task,40.7081,3669.2395447857
YOLOv3,N,2,2,48,task,41.0389,3645.33616324857
YOLOv3,N,2,2,50,task,42.0724,3652.84230014551
YOLOv3,N,2,2,52,task,41.1863,3608.59884083153
YOLOv3,N,2,2,54,task,40.4727,3646.72060501636
YOLOv3,N,2,2,56,task,40.1553,3614.85628815629
YOLOv3,N,2,2,60,task,112.7397,3728.65301596028
YOLOv3,N,2,2,62,task,76.9208,3637.72055560035
YOLOv3,N,2,2,64,task,74.2444,3636.99614441552
YOLOv3,N,2,2,68,task,227.6621,3785.69942572928
YOLOv3,N,2,2,70,task,133.1255,3650.17605931076
YOLOv3,N,2,2,72,task,132.9305,3638.37430588949
YOLOv3,N,2,2,74,task,188.4674,3646.55324608434
YOLOv3,N,3,3,0,in,183.533,3711.93595708975
YOLOv3,N,3,3,0,task,826.6813,3726.344792877
YOLOv3,N,3,3,2,task,424.0736,3813.24598132837
YOLOv3,N,3,3,4,task,466.559,3780.70879142303
YOLOv3,N,3,3,6,task,402.1524,3780.46161990465
YOLOv3,N,3,3,8,task,411.736,3768.70500580907
YOLOv3,N,3,3,10,task,123.4767,3795.91144374203
YOLOv3,N,3,3,12,task,115.8643,3806.09880498536
YOLOv3,N,3,3,14,task,116.2388,3799.2739711514
YOLOv3,N,3,3,16,task,115.2591,3792.79122593149
YOLOv3,N,3,3,18,task,116.5611,3789.85823972625
YOLOv3,N,3,3,20,task,116.6593,3797.31404880684
YOLOv3,N,3,3,22,task,116.4275,3800.83469328262
YOLOv3,N,3,3,24,task,119.2476,3804.6984477307
YOLOv3,N,3,3,26,task,132.5212,3822.78511658036
YOLOv3,N,3,3,28,task,111.1853,3771.21481649141
YOLOv3,N,3,3,30,task,112.7317,3783.80641620647
YOLOv3,N,3,3,32,task,109.6112,3780.70759641916
YOLOv3,N,3,3,34,task,111.5098,3794.0724063951
YOLOv3,N,3,3,36,task,112.462,3796.89250145152
YOLOv3,N,3,3,38,task,110.463,3792.55628528526
YOLOv3,N,3,3,40,task,111.0785,3782.49686239986
YOLOv3,N,3,3,42,task,112.3237,3776.03241491449
YOLOv3,N,3,3,44,task,37.3787,3723.86733049559
YOLOv3,N,3,3,46,task,35.5121,3735.8478659579
YOLOv3,N,3,3,48,task,36.0356,3748.26051991487
YOLOv3,N,3,3,50,task,36.7133,3717.61994744386
YOLOv3,N,3,3,52,task,35.4424,3723.71581317233
YOLOv3,N,3,3,54,task,34.0245,3775.23771011597
YOLOv3,N,3,3,56,task,35.8981,3716.91267428224
YOLOv3,N,3,3,60,task,92.8308,3917.03971988321
YOLOv3,N,3,3,62,task,67.1743,3757.14281153037
YOLOv3,N,3,3,64,task,65.3398,3766.33309500168
YOLOv3,N,3,3,68,task,191.5586,3944.45406593658
YOLOv3,N,3,3,70,task,113.0475,3816.31740966315
YOLOv3,N,3,3,72,task,115.3205,3783.7640945397
YOLOv3,N,3,3,74,task,166.9046,3787.99717242248
YOLOv3,N,4,4,0,in,152.903,3961.01391561749
YOLOv3,N,4,4,0,task,752.4026,3907.03272100413
YOLOv3,N,4,4,2,task,380.5152,4020.92501007174
YOLOv3,N,4,4,4,task,412.5461,3964.71901634719
YOLOv3,N,4,4,6,task,366.2073,3967.15823357274
YOLOv3,N,4,4,8,task,370.6653,3955.22622777616
YOLOv3,N,4,4,10,task,110.1575,3975.35259261631
YOLOv3,N,4,4,12,task,104.9762,4002.97026097352
YOLOv3,N,4,4,14,task,103.1968,4017.84688380414
YOLOv3,N,4,4,16,task,103.4695,4016.94963690156
YOLOv3,N,4,4,18,task,106.2617,4028.10891011931
YOLOv3,N,4,4,20,task,103.7638,4020.24602961141
YOLOv3,N,4,4,22,task,103.8566,4008.80279474312
YOLOv3,N,4,4,24,task,103.6128,4014.37446363431
YOLOv3,N,4,4,26,task,121.3032,4031.5383415102
YOLOv3,N,4,4,28,task,101.1317,3972.01498270187
YOLOv3,N,4,4,30,task,101.618,3976.56660098688
YOLOv3,N,4,4,32,task,102.2941,3978.83853868298
YOLOv3,N,4,4,34,task,101.9802,3981.63789448166
YOLOv3,N,4,4,36,task,102.7973,3987.21686310583
YOLOv3,N,4,4,38,task,102.365,3986.7898171912
YOLOv3,N,4,4,40,task,100.6008,3972.5090379846
YOLOv3,N,4,4,42,task,103.9201,3981.3303200059
YOLOv3,N,4,4,44,task,35.3014,3891.64451490538
YOLOv3,N,4,4,46,task,32.25,3932.25190598875
YOLOv3,N,4,4,48,task,32.4709,3944.55880084827
YOLOv3,N,4,4,50,task,32.2954,3948.57942934259
YOLOv3,N,4,4,52,task,31.7089,3910.0632350106
YOLOv3,N,4,4,54,task,31.9494,3922.23240794293
YOLOv3,N,4,4,56,task,31.6744,3899.66367842684
YOLOv3,N,4,4,60,task,88.5309,4110.94430761965
YOLOv3,N,4,4,62,task,58.1189,3954.1947953871
YOLOv3,N,4,4,64,task,60.0638,3945.11094192362
YOLOv3,N,4,4,68,task,171.2955,4139.99405359056
YOLOv3,N,4,4,70,task,100.3127,3990.71164442001
YOLOv3,N,4,4,72,task,100.6136,3993.74102742071
YOLOv3,N,4,4,74,task,153.2068,3965.13407950724
YOLOv3,N,5,5,0,in,129.378,4285.54940517827
YOLOv3,N,5,5,0,task,696.6718,4116.46945861548
YOLOv3,N,5,5,2,task,343.9257,4262.45341274906
YOLOv3,N,5,5,4,task,384.6886,4181.53635710457
YOLOv3,N,5,5,6,task,334.8552,4177.19386565413
YOLOv3,N,5,5,8,task,339.3065,4171.84794426613
YOLOv3,N,5,5,10,task,100.0101,4219.17799684
YOLOv3,N,5,5,12,task,96.1197,4261.93074385871
YOLOv3,N,5,5,14,task,96.6551,4237.5227514888
YOLOv3,N,5,5,16,task,97.0473,4226.97527090201
YOLOv3,N,5,5,18,task,94.535,4247.51443409377
YOLOv3,N,5,5,20,task,95.8705,4244.92839415872
YOLOv3,N,5,5,22,task,95.3713,4244.9077524439
YOLOv3,N,5,5,24,task,95.2913,4267.91806379327
YOLOv3,N,5,5,26,task,109.8716,4237.4547117704
YOLOv3,N,5,5,28,task,93.1686,4188.13089669054
YOLOv3,N,5,5,30,task,95.79,4174.66733314481
YOLOv3,N,5,5,32,task,96.1745,4176.41575970623
YOLOv3,N,5,5,34,task,94.8641,4200.01878513327
YOLOv3,N,5,5,36,task,95.8482,4176.82074503837
YOLOv3,N,5,5,38,task,94.9154,4180.56604679472
YOLOv3,N,5,5,40,task,96.1921,4210.340048357
YOLOv3,N,5,5,42,task,95.0932,4161.35337681734
YOLOv3,N,5,5,44,task,31.8912,4110.56374911638
YOLOv3,N,5,5,46,task,30.2564,4141.82636077373
YOLOv3,N,5,5,48,task,30.4327,4156.9338731444
YOLOv3,N,5,5,50,task,30.2853,4123.60751237067
YOLOv3,N,5,5,52,task,29.1129,4120.23100738271
YOLOv3,N,5,5,54,task,29.4155,4100.5326665079
YOLOv3,N,5,5,56,task,30.0095,4113.78036868682
YOLOv3,N,5,5,60,task,73.0577,4261.41003471821
YOLOv3,N,5,5,62,task,54.5775,4148.71522595052
YOLOv3,N,5,5,64,task,55.9489,4189.95964845965
YOLOv3,N,5,5,68,task,159.1517,4374.49126976811
YOLOv3,N,5,5,70,task,93.2935,4214.09555243479
YOLOv3,N,5,5,72,task,92.4636,4232.59947780592
YOLOv3,N,5,5,74,task,139.5962,4200.25300076443
YOLOv3,N,6,6,0,in,112.882,4643.89067321005
YOLOv3,N,6,6,0,task,658.7035,4361.35078291324
YOLOv3,N,6,6,2,task,324.0786,4555.96512680906
YOLOv3,N,6,6,4,task,357.4869,4415.91188456819
YOLOv3,N,6,6,6,task,316.9123,4462.04870599874
YOLOv3,N,6,6,8,task,316.8661,4435.2063594632
YOLOv3,N,6,6,10,task,94.768,4452.7906750299
YOLOv3,N,6,6,12,task,91.4422,4516.33152463298
YOLOv3,N,6,6,14,task,92.7644,4475.31333219081
YOLOv3,N,6,6,16,task,91.7662,4482.22986900874
YOLOv3,N,6,6,18,task,91.274,4480.52386885232
YOLOv3,N,6,6,20,task,90.7089,4499.98556113107
YOLOv3,N,6,6,22,task,89.8148,4520.45767245884
YOLOv3,N,6,6,24,task,90.3303,4482.76080219859
YOLOv3,N,6,6,26,task,103.9142,4469.98208941463
YOLOv3,N,6,6,28,task,89.3024,4408.07325854656
YOLOv3,N,6,6,30,task,89.6181,4418.33496011373
YOLOv3,N,6,6,32,task,90.0813,4470.32003930421
YOLOv3,N,6,6,34,task,89.0337,4448.92770344245
YOLOv3,N,6,6,36,task,88.9968,4433.68054785904
YOLOv3,N,6,6,38,task,89.5637,4433.89022399562
YOLOv3,N,6,6,40,task,90.0968,4414.9982945904
YOLOv3,N,6,6,42,task,90.6034,4396.98567539539
YOLOv3,N,6,6,44,task,29.4149,4289.47664787913
YOLOv3,N,6,6,46,task,29.3912,4384.54116059379
YOLOv3,N,6,6,48,task,29.7526,4326.88146648673
YOLOv3,N,6,6,50,task,29.1471,4333.41112963404
YOLOv3,N,6,6,52,task,29.2523,4354.39125717763
YOLOv3,N,6,6,54,task,28.7593,4302.00593395253
YOLOv3,N,6,6,56,task,28.4745,4335.8449101638
YOLOv3,N,6,6,60,task,75.8212,4622.09923675574
YOLOv3,N,6,6,62,task,52.3284,4388.751065243
YOLOv3,N,6,6,64,task,53.4382,4345.76218919969
YOLOv3,N,6,6,68,task,148.9922,4661.30785150739
YOLOv3,N,6,6,70,task,88.8319,4479.72870942288
YOLOv3,N,6,6,72,task,87.4176,4469.64355700205
YOLOv3,N,6,6,74,task,132.1196,4396.15832787551
YOLOv3,N,7,7,0,in,101.873,5219.09560340051
YOLOv3,N,7,7,0,task,629.0385,4718.14259479864
YOLOv3,N,7,7,2,task,305.2709,4952.48731758511
YOLOv3,N,7,7,4,task,339.8484,4826.90038411984
YOLOv3,N,7,7,6,task,297.9547,4829.95868500298
YOLOv3,N,7,7,8,task,298.9188,4817.73261144089
YOLOv3,N,7,7,10,task,89.4473,4851.22539671774
YOLOv3,N,7,7,12,task,85.7922,4910.49685793304
YOLOv3,N,7,7,14,task,86.9599,4866.70434918404
YOLOv3,N,7,7,16,task,87.3189,4862.98177397067
YOLOv3,N,7,7,18,task,86.7909,4855.3758856179
YOLOv3,N,7,7,20,task,86.2352,4852.60619285022
YOLOv3,N,7,7,22,task,86.6883,4839.13559496374
YOLOv3,N,7,7,24,task,87.1145,4828.90891764417
YOLOv3,N,7,7,26,task,101.3065,4841.24715101752
YOLOv3,N,7,7,28,task,86.4581,4792.33478385287
YOLOv3,N,7,7,30,task,86.1249,4819.16782803285
YOLOv3,N,7,7,32,task,85.8819,4830.27286058314
YOLOv3,N,7,7,34,task,85.5262,4811.42743981594
YOLOv3,N,7,7,36,task,85.6312,4816.27032461722
YOLOv3,N,7,7,38,task,85.3403,4877.63429442258
YOLOv3,N,7,7,40,task,84.7567,4820.70288254485
YOLOv3,N,7,7,42,task,85.7803,4823.65220643433
YOLOv3,N,7,7,44,task,28.8486,4593.6208356487
YOLOv3,N,7,7,46,task,27.7375,4659.19077955069
YOLOv3,N,7,7,48,task,28.1729,4598.08949220714
YOLOv3,N,7,7,50,task,27.9189,4590.44954486518
YOLOv3,N,7,7,52,task,27.4234,4572.66119909502
YOLOv3,N,7,7,54,task,27.7436,4639.50948969331
YOLOv3,N,7,7,56,task,27.8017,4613.83128588818
YOLOv3,N,7,7,60,task,66.2196,4905.74108818011
YOLOv3,N,7,7,62,task,50.7537,4696.03065550041
YOLOv3,N,7,7,64,task,50.7936,4686.99906367352
YOLOv3,N,7,7,68,task,140.9515,4996.7254095415
YOLOv3,N,7,7,70,task,85.1032,4840.06293836116
YOLOv3,N,7,7,72,task,85.5711,4843.06696149802
YOLOv3,N,7,7,74,task,126.9529,4782.31088467173
YOLOv3,N,0,0,0,out,0.0025959,
YOLOv3,N,0,0,0,NPU_in,77.017,
YOLOv3,N,0,0,0,NPU_run,513.292,
YOLOv3,N,0,0,0,NPU_run_profile,100.8928,
YOLOv3,N,0,0,0,NPU_out,961.4764,
YOLOv3,N,0,0,2,in,0.0128626,
YOLOv3,N,0,0,2,out,0.0026251,
YOLOv3,N,0,0,2,NPU_in,502.7049,
YOLOv3,N,0,0,2,NPU_run,195.7915,
YOLOv3,N,0,0,2,NPU_run_profile,52.7911,
YOLOv3,N,0,0,2,NPU_out,186.6968,
YOLOv3,N,0,0,4,in,0.0138835,
YOLOv3,N,0,0,4,out,0.0026834,
YOLOv3,N,0,0,4,NPU_in,471.316,
YOLOv3,N,0,0,4,NPU_run,234.438,
YOLOv3,N,0,0,4,NPU_run_profile,83.1981,
YOLOv3,N,0,0,4,NPU_out,194.3567,
YOLOv3,N,0,0,6,in,0.0138251,
YOLOv3,N,0,0,6,out,0.002975,
YOLOv3,N,0,0,6,NPU_in,387.2964,
YOLOv3,N,0,0,6,NPU_run,216.2559,
YOLOv3,N,0,0,6,NPU_run_profile,66.242,
YOLOv3,N,0,0,6,NPU_out,190.1172,
YOLOv3,N,0,0,8,in,0.0119291,
YOLOv3,N,0,0,8,out,0.0030625,
YOLOv3,N,0,0,8,NPU_in,389.1719,
YOLOv3,N,0,0,8,NPU_run,217.6356,
YOLOv3,N,0,0,8,NPU_run_profile,66.1816,
YOLOv3,N,0,0,8,NPU_out,189.3114,
YOLOv3,N,0,0,10,in,0.0128916,
YOLOv3,N,0,0,10,out,0.0025376,
YOLOv3,N,0,0,10,NPU_in,126.9825,
YOLOv3,N,0,0,10,NPU_run,60.8652,
YOLOv3,N,0,0,10,NPU_run_profile,19.721,
YOLOv3,N,0,0,10,NPU_out,49.1963,
YOLOv3,N,0,0,12,in,0.0131252,
YOLOv3,N,0,0,12,out,0.0026251,
YOLOv3,N,0,0,12,NPU_in,136.1261,
YOLOv3,N,0,0,12,NPU_run,58.0182,
YOLOv3,N,0,0,12,NPU_run_profile,19.7589,
YOLOv3,N,0,0,12,NPU_out,47.3357,
YOLOv3,N,0,0,14,in,0.0123373,
YOLOv3,N,0,0,14,out,0.0025667,
YOLOv3,N,0,0,14,NPU_in,128.1729,
YOLOv3,N,0,0,14,NPU_run,56.7872,
YOLOv3,N,0,0,14,NPU_run_profile,19.8116,
YOLOv3,N,0,0,14,NPU_out,47.1149,
YOLOv3,N,0,0,16,in,0.0129206,
YOLOv3,N,0,0,16,out,0.0025374,
YOLOv3,N,0,0,16,NPU_in,119.4008,
YOLOv3,N,0,0,16,NPU_run,58.9171,
YOLOv3,N,0,0,16,NPU_run_profile,19.7773,
YOLOv3,N,0,0,16,NPU_out,50.5661,
YOLOv3,N,0,0,18,in,0.0129793,
YOLOv3,N,0,0,18,out,0.0025959,
YOLOv3,N,0,0,18,NPU_in,123.8782,
YOLOv3,N,0,0,18,NPU_run,62.4826,
YOLOv3,N,0,0,18,NPU_run_profile,19.7401,
YOLOv3,N,0,0,18,NPU_out,58.5827,
YOLOv3,N,0,0,20,in,0.017704,
YOLOv3,N,0,0,20,out,0.0025667,
YOLOv3,N,0,0,20,NPU_in,119.0924,
YOLOv3,N,0,0,20,NPU_run,59.0719,
YOLOv3,N,0,0,20,NPU_run_profile,19.7399,
YOLOv3,N,0,0,20,NPU_out,53.1169,
YOLOv3,N,0,0,22,in,0.0128626,
YOLOv3,N,0,0,22,out,0.0026541,
YOLOv3,N,0,0,22,NPU_in,130.1035,
YOLOv3,N,0,0,22,NPU_run,57.8487,
YOLOv3,N,0,0,22,NPU_run_profile,19.7846,
YOLOv3,N,0,0,22,NPU_out,48.7209,
YOLOv3,N,0,0,24,in,0.0132416,
YOLOv3,N,0,0,24,out,0.002625,
YOLOv3,N,0,0,24,NPU_in,124.298,
YOLOv3,N,0,0,24,NPU_run,57.8034,
YOLOv3,N,0,0,24,NPU_run_profile,19.737,
YOLOv3,N,0,0,24,NPU_out,49.1652,
YOLOv3,N,0,0,26,in,0.0139126,
YOLOv3,N,0,0,26,out,0.0027125,
YOLOv3,N,0,0,26,NPU_in,123.9013,
YOLOv3,N,0,0,26,NPU_run,67.3348,
YOLOv3,N,0,0,26,NPU_run_profile,29.0416,
YOLOv3,N,0,0,26,NPU_out,61.3498,
YOLOv3,N,0,0,28,in,0.0137667,
YOLOv3,N,0,0,28,out,0.0028874,
YOLOv3,N,0,0,28,NPU_in,94.8178,
YOLOv3,N,0,0,28,NPU_run,60.4324,
YOLOv3,N,0,0,28,NPU_run_profile,19.5792,
YOLOv3,N,0,0,28,NPU_out,69.5575,
YOLOv3,N,0,0,30,in,0.0138832,
YOLOv3,N,0,0,30,out,0.0028876,
YOLOv3,N,0,0,30,NPU_in,100.8986,
YOLOv3,N,0,0,30,NPU_run,59.5351,
YOLOv3,N,0,0,30,NPU_run_profile,19.8183,
YOLOv3,N,0,0,30,NPU_out,66.894,
YOLOv3,N,0,0,32,in,0.0137959,
YOLOv3,N,0,0,32,out,0.0030043,
YOLOv3,N,0,0,32,NPU_in,100.5441,
YOLOv3,N,0,0,32,NPU_run,58.9531,
YOLOv3,N,0,0,32,NPU_run_profile,19.7839,
YOLOv3,N,0,0,32,NPU_out,61.6277,
YOLOv3,N,0,0,34,in,0.0139123,
YOLOv3,N,0,0,34,out,0.0025958,
YOLOv3,N,0,0,34,NPU_in,96.5847,
YOLOv3,N,0,0,34,NPU_run,62.0602,
YOLOv3,N,0,0,34,NPU_run_profile,19.8287,
YOLOv3,N,0,0,34,NPU_out,60.5621,
YOLOv3,N,0,0,36,in,0.0133001,
YOLOv3,N,0,0,36,out,0.0028585,
YOLOv3,N,0,0,36,NPU_in,106.4567,
YOLOv3,N,0,0,36,NPU_run,60.3299,
YOLOv3,N,0,0,36,NPU_run_profile,19.8144,
YOLOv3,N,0,0,36,NPU_out,63.6234,
YOLOv3,N,0,0,38,in,0.0137083,
YOLOv3,N,0,0,38,out,0.0026542,
YOLOv3,N,0,0,38,NPU_in,108.7331,
YOLOv3,N,0,0,38,NPU_run,61.9952,
YOLOv3,N,0,0,38,NPU_run_profile,19.8819,
YOLOv3,N,0,0,38,NPU_out,59.6127,
YOLOv3,N,0,0,40,in,0.0137375,
YOLOv3,N,0,0,40,out,0.002975,
YOLOv3,N,0,0,40,NPU_in,95.0762,
YOLOv3,N,0,0,40,NPU_run,59.5253,
YOLOv3,N,0,0,40,NPU_run_profile,19.7732,
YOLOv3,N,0,0,40,NPU_out,64.1435,
YOLOv3,N,0,0,42,in,0.0137669,
YOLOv3,N,0,0,42,out,0.0029458,
YOLOv3,N,0,0,42,NPU_in,102.4766,
YOLOv3,N,0,0,42,NPU_run,59.7898,
YOLOv3,N,0,0,42,NPU_run_profile,19.7962,
YOLOv3,N,0,0,42,NPU_out,58.8867,
YOLOv3,N,0,0,44,in,0.0182583,
YOLOv3,N,0,0,44,out,0.0026541,
YOLOv3,N,0,0,44,NPU_in,32.5161,
YOLOv3,N,0,0,44,NPU_run,20.4606,
YOLOv3,N,0,0,44,NPU_run_profile,8.7444,
YOLOv3,N,0,0,44,NPU_out,14.0459,
YOLOv3,N,0,0,46,in,0.0284376,
YOLOv3,N,0,0,46,out,0.0027417,
YOLOv3,N,0,0,46,NPU_in,33.27,
YOLOv3,N,0,0,46,NPU_run,19.7745,
YOLOv3,N,0,0,46,NPU_run_profile,8.7302,
YOLOv3,N,0,0,46,NPU_out,13.019,
YOLOv3,N,0,0,48,in,0.0184918,
YOLOv3,N,0,0,48,out,0.009946,
YOLOv3,N,0,0,48,NPU_in,32.6741,
YOLOv3,N,0,0,48,NPU_run,19.5578,
YOLOv3,N,0,0,48,NPU_run_profile,8.775,
YOLOv3,N,0,0,48,NPU_out,13.153,
YOLOv3,N,0,0,50,in,0.0130085,
YOLOv3,N,0,0,50,out,0.0027418,
YOLOv3,N,0,0,50,NPU_in,30.5697,
YOLOv3,N,0,0,50,NPU_run,20.2144,
YOLOv3,N,0,0,50,NPU_run_profile,8.7627,
YOLOv3,N,0,0,50,NPU_out,13.0185,
YOLOv3,N,0,0,52,in,0.0126292,
YOLOv3,N,0,0,52,out,0.0025956,
YOLOv3,N,0,0,52,NPU_in,34.5634,
YOLOv3,N,0,0,52,NPU_run,19.2077,
YOLOv3,N,0,0,52,NPU_run_profile,8.7828,
YOLOv3,N,0,0,52,NPU_out,12.8399,
YOLOv3,N,0,0,54,in,0.019425,
YOLOv3,N,0,0,54,out,0.0024791,
YOLOv3,N,0,0,54,NPU_in,31.3782,
YOLOv3,N,0,0,54,NPU_run,20.0249,
YOLOv3,N,0,0,54,NPU_run_profile,8.774,
YOLOv3,N,0,0,54,NPU_out,13.1235,
YOLOv3,N,0,0,56,in,0.0107043,
YOLOv3,N,0,0,56,out,0.0026833,
YOLOv3,N,0,0,56,NPU_in,33.332,
YOLOv3,N,0,0,56,NPU_run,20.6246,
YOLOv3,N,0,0,56,NPU_run_profile,8.7384,
YOLOv3,N,0,0,56,NPU_out,17.9336,
YOLOv3,N,0,0,58,in,0.0095374,
YOLOv3,N,0,0,58,task,159.9718,
YOLOv3,N,0,0,58,out,5.59705,
YOLOv3,N,0,0,58,NPU_in,40.3001,
YOLOv3,N,0,0,58,NPU_run,97.2184,
YOLOv3,N,0,0,58,NPU_run_profile,7.064,
YOLOv3,N,0,0,58,NPU_out,10.1907,
YOLOv3,N,0,0,60,in,0.0433998,
YOLOv3,N,0,0,60,out,0.0028582,
YOLOv3,N,0,0,60,NPU_in,136.7919,
YOLOv3,N,0,0,60,NPU_run,43.1962,
YOLOv3,N,0,0,60,NPU_run_profile,17.264,
YOLOv3,N,0,0,60,NPU_out,36.5006,
YOLOv3,N,0,0,62,in,0.013329,
YOLOv3,N,0,0,62,out,0.0028875,
YOLOv3,N,0,0,62,NPU_in,57.9418,
YOLOv3,N,0,0,62,NPU_run,35.9439,
YOLOv3,N,0,0,62,NPU_run_profile,14.6894,
YOLOv3,N,0,0,62,NPU_out,28.6438,
YOLOv3,N,0,0,64,in,0.0162751,
YOLOv3,N,0,0,64,out,0.0029166,
YOLOv3,N,0,0,64,NPU_in,57.3788,
YOLOv3,N,0,0,64,NPU_run,34.4414,
YOLOv3,N,0,0,64,NPU_run_profile,14.896,
YOLOv3,N,0,0,64,NPU_out,29.0113,
YOLOv3,N,0,0,66,in,0.0105293,
YOLOv3,N,0,0,66,task,319.2045,
YOLOv3,N,0,0,66,out,5.59408,
YOLOv3,N,0,0,66,NPU_in,121.0953,
YOLOv3,N,0,0,66,NPU_run,142.9001,
YOLOv3,N,0,0,66,NPU_run_profile,13.8827,
YOLOv3,N,0,0,66,NPU_out,43.5335,
YOLOv3,N,0,0,68,in,0.0133291,
YOLOv3,N,0,0,68,out,0.0028876,
YOLOv3,N,0,0,68,NPU_in,260.3238,
YOLOv3,N,0,0,68,NPU_run,103.7099,
YOLOv3,N,0,0,68,NPU_run_profile,46.8173,
YOLOv3,N,0,0,68,NPU_out,61.2341,
YOLOv3,N,0,0,70,in,0.0131542,
YOLOv3,N,0,0,70,out,0.0029166,
YOLOv3,N,0,0,70,NPU_in,124.4401,
YOLOv3,N,0,0,70,NPU_run,59.5527,
YOLOv3,N,0,0,70,NPU_run_profile,19.7332,
YOLOv3,N,0,0,70,NPU_out,53.1643,
YOLOv3,N,0,0,72,in,0.0133583,
YOLOv3,N,0,0,72,out,0.0029751,
YOLOv3,N,0,0,72,NPU_in,118.7175,
YOLOv3,N,0,0,72,NPU_run,60.6942,
YOLOv3,N,0,0,72,NPU_run_profile,19.7554,
YOLOv3,N,0,0,72,NPU_out,51.3929,
YOLOv3,N,0,0,74,in,0.0081084,
YOLOv3,N,0,0,74,out,1.41642,
YOLOv3,N,0,0,74,NPU_in,116.2707,
YOLOv3,N,0,0,74,NPU_run,103.742,
YOLOv3,N,0,0,74,NPU_run_profile,33.0106,
YOLOv3,N,0,0,74,NPU_out,102.5306,
YOLOv3,N,1,1,0,out,0.0019833,
YOLOv3,N,1,1,0,NPU_in,49.1048,
YOLOv3,N,1,1,0,NPU_run,433.5046,
YOLOv3,N,1,1,0,NPU_run_profile,100.8772,
YOLOv3,N,1,1,0,NPU_out,656.4579,
YOLOv3,N,1,1,2,in,0.0093919,
YOLOv3,N,1,1,2,out,0.0019832,
YOLOv3,N,1,1,2,NPU_in,319.3146,
YOLOv3,N,1,1,2,NPU_run,171.15,
YOLOv3,N,1,1,2,NPU_run_profile,52.8082,
YOLOv3,N,1,1,2,NPU_out,123.7901,
YOLOv3,N,1,1,4,in,0.0107333,
YOLOv3,N,1,1,4,out,0.0019252,
YOLOv3,N,1,1,4,NPU_in,310.3378,
YOLOv3,N,1,1,4,NPU_run,199.9305,
YOLOv3,N,1,1,4,NPU_run_profile,83.2035,
YOLOv3,N,1,1,4,NPU_out,143.7579,
YOLOv3,N,1,1,6,in,0.0106458,
YOLOv3,N,1,1,6,out,0.0021875,
YOLOv3,N,1,1,6,NPU_in,253.7494,
YOLOv3,N,1,1,6,NPU_run,190.2612,
YOLOv3,N,1,1,6,NPU_run_profile,66.2334,
YOLOv3,N,1,1,6,NPU_out,135.4102,
YOLOv3,N,1,1,8,in,0.105321,
YOLOv3,N,1,1,8,out,0.002479,
YOLOv3,N,1,1,8,NPU_in,247.3299,
YOLOv3,N,1,1,8,NPU_run,189.1167,
YOLOv3,N,1,1,8,NPU_run_profile,66.1438,
YOLOv3,N,1,1,8,NPU_out,139.0696,
YOLOv3,N,1,1,10,in,0.0103833,
YOLOv3,N,1,1,10,out,0.0019251,
YOLOv3,N,1,1,10,NPU_in,82.6796,
YOLOv3,N,1,1,10,NPU_run,51.8241,
YOLOv3,N,1,1,10,NPU_run_profile,19.7224,
YOLOv3,N,1,1,10,NPU_out,31.7827,
YOLOv3,N,1,1,12,in,0.0097708,
YOLOv3,N,1,1,12,out,0.0019834,
YOLOv3,N,1,1,12,NPU_in,80.7916,
YOLOv3,N,1,1,12,NPU_run,51.465,
YOLOv3,N,1,1,12,NPU_run_profile,19.749,
YOLOv3,N,1,1,12,NPU_out,33.2707,
YOLOv3,N,1,1,14,in,0.0270081,
YOLOv3,N,1,1,14,out,0.0018083,
YOLOv3,N,1,1,14,NPU_in,85.7214,
YOLOv3,N,1,1,14,NPU_run,51.1165,
YOLOv3,N,1,1,14,NPU_run_profile,19.8069,
YOLOv3,N,1,1,14,NPU_out,32.4511,
YOLOv3,N,1,1,16,in,0.009625,
YOLOv3,N,1,1,16,out,0.001896,
YOLOv3,N,1,1,16,NPU_in,83.7332,
YOLOv3,N,1,1,16,NPU_run,51.4703,
YOLOv3,N,1,1,16,NPU_run_profile,19.7734,
YOLOv3,N,1,1,16,NPU_out,33.337,
YOLOv3,N,1,1,18,in,0.0181999,
YOLOv3,N,1,1,18,out,0.0018666,
YOLOv3,N,1,1,18,NPU_in,85.4895,
YOLOv3,N,1,1,18,NPU_run,50.9905,
YOLOv3,N,1,1,18,NPU_run_profile,19.7288,
YOLOv3,N,1,1,18,NPU_out,32.3455,
YOLOv3,N,1,1,20,in,0.0095959,
YOLOv3,N,1,1,20,out,0.0018665,
YOLOv3,N,1,1,20,NPU_in,78.4825,
YOLOv3,N,1,1,20,NPU_run,51.2438,
YOLOv3,N,1,1,20,NPU_run_profile,19.7241,
YOLOv3,N,1,1,20,NPU_out,32.2649,
YOLOv3,N,1,1,22,in,0.0100624,
YOLOv3,N,1,1,22,out,0.0018956,
YOLOv3,N,1,1,22,NPU_in,82.225,
YOLOv3,N,1,1,22,NPU_run,50.6359,
YOLOv3,N,1,1,22,NPU_run_profile,19.7709,
YOLOv3,N,1,1,22,NPU_out,31.9337,
YOLOv3,N,1,1,24,in,0.0095084,
YOLOv3,N,1,1,24,out,0.001925,
YOLOv3,N,1,1,24,NPU_in,84.0019,
YOLOv3,N,1,1,24,NPU_run,51.2312,
YOLOv3,N,1,1,24,NPU_run_profile,19.729,
YOLOv3,N,1,1,24,NPU_out,33.7566,
YOLOv3,N,1,1,26,in,0.0226334,
YOLOv3,N,1,1,26,out,0.001896,
YOLOv3,N,1,1,26,NPU_in,82.2228,
YOLOv3,N,1,1,26,NPU_run,61.8216,
YOLOv3,N,1,1,26,NPU_run_profile,29.0412,
YOLOv3,N,1,1,26,NPU_out,44.4296,
YOLOv3,N,1,1,28,in,0.0108209,
YOLOv3,N,1,1,28,out,0.0019249,
YOLOv3,N,1,1,28,NPU_in,66.2689,
YOLOv3,N,1,1,28,NPU_run,52.0858,
YOLOv3,N,1,1,28,NPU_run_profile,18.7364,
YOLOv3,N,1,1,28,NPU_out,45.4386,
YOLOv3,N,1,1,30,in,0.01085,
YOLOv3,N,1,1,30,out,0.0021582,
YOLOv3,N,1,1,30,NPU_in,70.0107,
YOLOv3,N,1,1,30,NPU_run,50.432,
YOLOv3,N,1,1,30,NPU_run_profile,17.9223,
YOLOv3,N,1,1,30,NPU_out,39.582,
YOLOv3,N,1,1,32,in,0.0106458,
YOLOv3,N,1,1,32,out,0.002158,
YOLOv3,N,1,1,32,NPU_in,66.9169,
YOLOv3,N,1,1,32,NPU_run,51.3187,
YOLOv3,N,1,1,32,NPU_run_profile,17.682,
YOLOv3,N,1,1,32,NPU_out,42.1404,
YOLOv3,N,1,1,34,in,0.0109956,
YOLOv3,N,1,1,34,out,0.0018375,
YOLOv3,N,1,1,34,NPU_in,60.9021,
YOLOv3,N,1,1,34,NPU_run,50.0605,
YOLOv3,N,1,1,34,NPU_run_profile,18.1654,
YOLOv3,N,1,1,34,NPU_out,39.5776,
YOLOv3,N,1,1,36,in,0.010675,
YOLOv3,N,1,1,36,out,0.0021291,
YOLOv3,N,1,1,36,NPU_in,66.2606,
YOLOv3,N,1,1,36,NPU_run,51.0529,
YOLOv3,N,1,1,36,NPU_run_profile,18.1457,
YOLOv3,N,1,1,36,NPU_out,47.36,
YOLOv3,N,1,1,38,in,0.0106167,
YOLOv3,N,1,1,38,out,0.0019833,
YOLOv3,N,1,1,38,NPU_in,63.1369,
YOLOv3,N,1,1,38,NPU_run,50.7432,
YOLOv3,N,1,1,38,NPU_run_profile,18.6388,
YOLOv3,N,1,1,38,NPU_out,40.1696,
YOLOv3,N,1,1,40,in,0.0109668,
YOLOv3,N,1,1,40,out,0.0020707,
YOLOv3,N,1,1,40,NPU_in,71.3364,
YOLOv3,N,1,1,40,NPU_run,49.4225,
YOLOv3,N,1,1,40,NPU_run_profile,17.8961,
YOLOv3,N,1,1,40,NPU_out,40.3907,
YOLOv3,N,1,1,42,in,0.0108209,
YOLOv3,N,1,1,42,out,0.0021293,
YOLOv3,N,1,1,42,NPU_in,64.8585,
YOLOv3,N,1,1,42,NPU_run,49.8403,
YOLOv3,N,1,1,42,NPU_run_profile,17.7786,
YOLOv3,N,1,1,42,NPU_out,41.8924,
YOLOv3,N,1,1,44,in,0.01295,
YOLOv3,N,1,1,44,out,0.0018374,
YOLOv3,N,1,1,44,NPU_in,23.6829,
YOLOv3,N,1,1,44,NPU_run,18.7644,
YOLOv3,N,1,1,44,NPU_run_profile,8.7493,
YOLOv3,N,1,1,44,NPU_out,10.3352,
YOLOv3,N,1,1,46,in,0.0109959,
YOLOv3,N,1,1,46,out,0.001925,
YOLOv3,N,1,1,46,NPU_in,21.7355,
YOLOv3,N,1,1,46,NPU_run,17.9249,
YOLOv3,N,1,1,46,NPU_run_profile,8.7466,
YOLOv3,N,1,1,46,NPU_out,9.4198,
YOLOv3,N,1,1,48,in,0.0105,
YOLOv3,N,1,1,48,out,0.0019541,
YOLOv3,N,1,1,48,NPU_in,21.9685,
YOLOv3,N,1,1,48,NPU_run,18.0981,
YOLOv3,N,1,1,48,NPU_run_profile,8.7704,
YOLOv3,N,1,1,48,NPU_out,10.0022,
YOLOv3,N,1,1,50,in,0.0101209,
YOLOv3,N,1,1,50,out,0.0019249,
YOLOv3,N,1,1,50,NPU_in,23.0196,
YOLOv3,N,1,1,50,NPU_run,17.7991,
YOLOv3,N,1,1,50,NPU_run_profile,8.7735,
YOLOv3,N,1,1,50,NPU_out,9.7613,
YOLOv3,N,1,1,52,in,0.0137083,
YOLOv3,N,1,1,52,out,0.0020416,
YOLOv3,N,1,1,52,NPU_in,19.7132,
YOLOv3,N,1,1,52,NPU_run,18.2214,
YOLOv3,N,1,1,52,NPU_run_profile,8.7798,
YOLOv3,N,1,1,52,NPU_out,9.5621,
YOLOv3,N,1,1,54,in,0.010646,
YOLOv3,N,1,1,54,out,0.0018376,
YOLOv3,N,1,1,54,NPU_in,20.3685,
YOLOv3,N,1,1,54,NPU_run,18.1601,
YOLOv3,N,1,1,54,NPU_run_profile,8.7928,
YOLOv3,N,1,1,54,NPU_out,9.5809,
YOLOv3,N,1,1,56,in,0.0074665,
YOLOv3,N,1,1,56,out,0.0018667,
YOLOv3,N,1,1,56,NPU_in,20.9732,
YOLOv3,N,1,1,56,NPU_run,18.0185,
YOLOv3,N,1,1,56,NPU_run_profile,8.742,
YOLOv3,N,1,1,56,NPU_out,10.8553,
YOLOv3,N,1,1,58,in,0.0248792,
YOLOv3,N,1,1,58,task,102.1617,
YOLOv3,N,1,1,58,out,3.25695,
YOLOv3,N,1,1,58,NPU_in,30.6389,
YOLOv3,N,1,1,58,NPU_run,48.1039,
YOLOv3,N,1,1,58,NPU_run_profile,7.0485,
YOLOv3,N,1,1,58,NPU_out,5.9531,
YOLOv3,N,1,1,60,in,0.0171793,
YOLOv3,N,1,1,60,out,0.0021582,
YOLOv3,N,1,1,60,NPU_in,75.8981,
YOLOv3,N,1,1,60,NPU_run,36.7785,
YOLOv3,N,1,1,60,NPU_run_profile,17.057,
YOLOv3,N,1,1,60,NPU_out,22.483,
YOLOv3,N,1,1,62,in,0.0103542,
YOLOv3,N,1,1,62,out,0.001954,
YOLOv3,N,1,1,62,NPU_in,38.7318,
YOLOv3,N,1,1,62,NPU_run,31.3379,
YOLOv3,N,1,1,62,NPU_run_profile,14.7004,
YOLOv3,N,1,1,62,NPU_out,18.9716,
YOLOv3,N,1,1,64,in,0.0086626,
YOLOv3,N,1,1,64,out,0.002275,
YOLOv3,N,1,1,64,NPU_in,39.8289,
YOLOv3,N,1,1,64,NPU_run,31.1056,
YOLOv3,N,1,1,64,NPU_run_profile,14.9018,
YOLOv3,N,1,1,64,NPU_out,19.2845,
YOLOv3,N,1,1,66,in,0.0126874,
YOLOv3,N,1,1,66,task,203.1762,
YOLOv3,N,1,1,66,out,3.37094,
YOLOv3,N,1,1,66,NPU_in,79.7047,
YOLOv3,N,1,1,66,NPU_run,85.8273,
YOLOv3,N,1,1,66,NPU_run_profile,13.877,
YOLOv3,N,1,1,66,NPU_out,25.8673,
YOLOv3,N,1,1,68,in,0.0097415,
YOLOv3,N,1,1,68,out,0.0022168,
YOLOv3,N,1,1,68,NPU_in,160.1823,
YOLOv3,N,1,1,68,NPU_run,97.5698,
YOLOv3,N,1,1,68,NPU_run_profile,47.0839,
YOLOv3,N,1,1,68,NPU_out,44.3433,
YOLOv3,N,1,1,70,in,0.0092456,
YOLOv3,N,1,1,70,out,0.0019249,
YOLOv3,N,1,1,70,NPU_in,77.9544,
YOLOv3,N,1,1,70,NPU_run,50.943,
YOLOv3,N,1,1,70,NPU_run_profile,19.7319,
YOLOv3,N,1,1,70,NPU_out,31.59,
YOLOv3,N,1,1,72,in,0.0096834,
YOLOv3,N,1,1,72,out,0.0021292,
YOLOv3,N,1,1,72,NPU_in,82.0846,
YOLOv3,N,1,1,72,NPU_run,50.6112,
YOLOv3,N,1,1,72,NPU_run_profile,19.7573,
YOLOv3,N,1,1,72,NPU_out,32.4759,
YOLOv3,N,1,1,74,in,0.0065043,
YOLOv3,N,1,1,74,out,0.862809,
YOLOv3,N,1,1,74,NPU_in,76.4762,
YOLOv3,N,1,1,74,NPU_run,84.8844,
YOLOv3,N,1,1,74,NPU_run_profile,33.0039,
YOLOv3,N,1,1,74,NPU_out,64.7519,
YOLOv3,N,2,2,0,out,0.0014583,
YOLOv3,N,2,2,0,NPU_in,36.4901,
YOLOv3,N,2,2,0,NPU_run,385.3868,
YOLOv3,N,2,2,0,NPU_run_profile,100.8859,
YOLOv3,N,2,2,0,NPU_out,498.4657,
YOLOv3,N,2,2,2,in,0.0082834,
YOLOv3,N,2,2,2,out,0.0015165,
YOLOv3,N,2,2,2,NPU_in,234.4051,
YOLOv3,N,2,2,2,NPU_run,156.4344,
YOLOv3,N,2,2,2,NPU_run_profile,52.7904,
YOLOv3,N,2,2,2,NPU_out,96.3093,
YOLOv3,N,2,2,4,in,0.009275,
YOLOv3,N,2,2,4,out,0.0016043,
YOLOv3,N,2,2,4,NPU_in,226.4788,
YOLOv3,N,2,2,4,NPU_run,187.8035,
YOLOv3,N,2,2,4,NPU_run_profile,83.1963,
YOLOv3,N,2,2,4,NPU_out,108.7886,
YOLOv3,N,2,2,6,in,0.0091584,
YOLOv3,N,2,2,6,out,0.0017792,
YOLOv3,N,2,2,6,NPU_in,181.5195,
YOLOv3,N,2,2,6,NPU_run,172.6756,
YOLOv3,N,2,2,6,NPU_run_profile,66.2428,
YOLOv3,N,2,2,6,NPU_out,105.6989,
YOLOv3,N,2,2,8,in,0.00805,
YOLOv3,N,2,2,8,out,0.0018376,
YOLOv3,N,2,2,8,NPU_in,179.2107,
YOLOv3,N,2,2,8,NPU_run,174.4796,
YOLOv3,N,2,2,8,NPU_run_profile,66.1502,
YOLOv3,N,2,2,8,NPU_out,109.1574,
YOLOv3,N,2,2,10,in,0.0112584,
YOLOv3,N,2,2,10,out,0.0015168,
YOLOv3,N,2,2,10,NPU_in,61.301,
YOLOv3,N,2,2,10,NPU_run,48.9968,
YOLOv3,N,2,2,10,NPU_run_profile,19.7187,
YOLOv3,N,2,2,10,NPU_out,26.0345,
YOLOv3,N,2,2,12,in,0.0076708,
YOLOv3,N,2,2,12,out,0.0015751,
YOLOv3,N,2,2,12,NPU_in,64.3202,
YOLOv3,N,2,2,12,NPU_run,47.7413,
YOLOv3,N,2,2,12,NPU_run_profile,19.7612,
YOLOv3,N,2,2,12,NPU_out,24.6801,
YOLOv3,N,2,2,14,in,0.0076418,
YOLOv3,N,2,2,14,out,0.0014583,
YOLOv3,N,2,2,14,NPU_in,57.2241,
YOLOv3,N,2,2,14,NPU_run,47.9084,
YOLOv3,N,2,2,14,NPU_run_profile,19.8098,
YOLOv3,N,2,2,14,NPU_out,24.6379,
YOLOv3,N,2,2,16,in,0.00805,
YOLOv3,N,2,2,16,out,0.0014292,
YOLOv3,N,2,2,16,NPU_in,58.7925,
YOLOv3,N,2,2,16,NPU_run,47.4009,
YOLOv3,N,2,2,16,NPU_run_profile,19.7762,
YOLOv3,N,2,2,16,NPU_out,24.554,
YOLOv3,N,2,2,18,in,0.0076123,
YOLOv3,N,2,2,18,out,0.0015459,
YOLOv3,N,2,2,18,NPU_in,57.72,
YOLOv3,N,2,2,18,NPU_run,47.274,
YOLOv3,N,2,2,18,NPU_run_profile,19.7273,
YOLOv3,N,2,2,18,NPU_out,24.5747,
YOLOv3,N,2,2,20,in,0.0078167,
YOLOv3,N,2,2,20,out,0.0013708,
YOLOv3,N,2,2,20,NPU_in,58.9025,
YOLOv3,N,2,2,20,NPU_run,47.3484,
YOLOv3,N,2,2,20,NPU_run_profile,19.7376,
YOLOv3,N,2,2,20,NPU_out,25.2594,
YOLOv3,N,2,2,22,in,0.0083707,
YOLOv3,N,2,2,22,out,0.0014583,
YOLOv3,N,2,2,22,NPU_in,58.6764,
YOLOv3,N,2,2,22,NPU_run,46.9003,
YOLOv3,N,2,2,22,NPU_run_profile,19.7817,
YOLOv3,N,2,2,22,NPU_out,24.9435,
YOLOv3,N,2,2,24,in,0.0075541,
YOLOv3,N,2,2,24,out,0.0013415,
YOLOv3,N,2,2,24,NPU_in,56.3803,
YOLOv3,N,2,2,24,NPU_run,47.1504,
YOLOv3,N,2,2,24,NPU_run_profile,19.7308,
YOLOv3,N,2,2,24,NPU_out,24.6436,
YOLOv3,N,2,2,26,in,0.0093335,
YOLOv3,N,2,2,26,out,0.0015751,
YOLOv3,N,2,2,26,NPU_in,58.0726,
YOLOv3,N,2,2,26,NPU_run,56.9679,
YOLOv3,N,2,2,26,NPU_run_profile,29.0564,
YOLOv3,N,2,2,26,NPU_out,33.7118,
YOLOv3,N,2,2,28,in,0.0094498,
YOLOv3,N,2,2,28,out,0.0014292,
YOLOv3,N,2,2,28,NPU_in,46.716,
YOLOv3,N,2,2,28,NPU_run,46.1869,
YOLOv3,N,2,2,28,NPU_run_profile,17.4855,
YOLOv3,N,2,2,28,NPU_out,32.7372,
YOLOv3,N,2,2,30,in,0.0092458,
YOLOv3,N,2,2,30,out,0.00175,
YOLOv3,N,2,2,30,NPU_in,45.7257,
YOLOv3,N,2,2,30,NPU_run,47.2933,
YOLOv3,N,2,2,30,NPU_run_profile,17.7248,
YOLOv3,N,2,2,30,NPU_out,33.7639,
YOLOv3,N,2,2,32,in,0.0095373,
YOLOv3,N,2,2,32,out,0.0016334,
YOLOv3,N,2,2,32,NPU_in,44.9688,
YOLOv3,N,2,2,32,NPU_run,47.1143,
YOLOv3,N,2,2,32,NPU_run_profile,17.7084,
YOLOv3,N,2,2,32,NPU_out,31.4718,
YOLOv3,N,2,2,34,in,0.0095084,
YOLOv3,N,2,2,34,out,0.0015751,
YOLOv3,N,2,2,34,NPU_in,43.9395,
YOLOv3,N,2,2,34,NPU_run,46.6488,
YOLOv3,N,2,2,34,NPU_run_profile,17.7487,
YOLOv3,N,2,2,34,NPU_out,31.1616,
YOLOv3,N,2,2,36,in,0.0093041,
YOLOv3,N,2,2,36,out,0.00175,
YOLOv3,N,2,2,36,NPU_in,46.6004,
YOLOv3,N,2,2,36,NPU_run,48.1106,
YOLOv3,N,2,2,36,NPU_run_profile,17.7377,
YOLOv3,N,2,2,36,NPU_out,31.0382,
YOLOv3,N,2,2,38,in,0.0096832,
YOLOv3,N,2,2,38,out,0.0014875,
YOLOv3,N,2,2,38,NPU_in,45.6371,
YOLOv3,N,2,2,38,NPU_run,46.9352,
YOLOv3,N,2,2,38,NPU_run_profile,17.7939,
YOLOv3,N,2,2,38,NPU_out,33.0681,
YOLOv3,N,2,2,40,in,0.0093625,
YOLOv3,N,2,2,40,out,0.0018957,
YOLOv3,N,2,2,40,NPU_in,46.8125,
YOLOv3,N,2,2,40,NPU_run,47.165,
YOLOv3,N,2,2,40,NPU_run_profile,17.6876,
YOLOv3,N,2,2,40,NPU_out,31.4366,
YOLOv3,N,2,2,42,in,0.0098,
YOLOv3,N,2,2,42,out,0.0018083,
YOLOv3,N,2,2,42,NPU_in,43.6424,
YOLOv3,N,2,2,42,NPU_run,47.0593,
YOLOv3,N,2,2,42,NPU_run_profile,17.777,
YOLOv3,N,2,2,42,NPU_out,31.205,
YOLOv3,N,2,2,44,in,0.0093625,
YOLOv3,N,2,2,44,out,0.0014582,
YOLOv3,N,2,2,44,NPU_in,15.3948,
YOLOv3,N,2,2,44,NPU_run,17.2747,
YOLOv3,N,2,2,44,NPU_run_profile,8.7569,
YOLOv3,N,2,2,44,NPU_out,7.3442,
YOLOv3,N,2,2,46,in,0.0093335,
YOLOv3,N,2,2,46,out,0.0016917,
YOLOv3,N,2,2,46,NPU_in,15.4261,
YOLOv3,N,2,2,46,NPU_run,15.5576,
YOLOv3,N,2,2,46,NPU_run_profile,7.0636,
YOLOv3,N,2,2,46,NPU_out,7.5651,
YOLOv3,N,2,2,48,in,0.0088373,
YOLOv3,N,2,2,48,out,0.0015166,
YOLOv3,N,2,2,48,NPU_in,15.0868,
YOLOv3,N,2,2,48,NPU_run,16.6263,
YOLOv3,N,2,2,48,NPU_run_profile,8.3574,
YOLOv3,N,2,2,48,NPU_out,7.3353,
YOLOv3,N,2,2,50,in,0.0087208,
YOLOv3,N,2,2,50,out,0.0015458,
YOLOv3,N,2,2,50,NPU_in,15.1913,
YOLOv3,N,2,2,50,NPU_run,16.5028,
YOLOv3,N,2,2,50,NPU_run_profile,7.9253,
YOLOv3,N,2,2,50,NPU_out,8.1525,
YOLOv3,N,2,2,52,in,0.025579,
YOLOv3,N,2,2,52,out,0.0014875,
YOLOv3,N,2,2,52,NPU_in,14.4714,
YOLOv3,N,2,2,52,NPU_run,17.2974,
YOLOv3,N,2,2,52,NPU_run_profile,8.5694,
YOLOv3,N,2,2,52,NPU_out,7.4269,
YOLOv3,N,2,2,54,in,0.0093335,
YOLOv3,N,2,2,54,out,0.0015165,
YOLOv3,N,2,2,54,NPU_in,13.9015,
YOLOv3,N,2,2,54,NPU_run,16.8831,
YOLOv3,N,2,2,54,NPU_run_profile,8.3712,
YOLOv3,N,2,2,54,NPU_out,7.4569,
YOLOv3,N,2,2,56,in,0.006679,
YOLOv3,N,2,2,56,out,0.0015169,
YOLOv3,N,2,2,56,NPU_in,13.8928,
YOLOv3,N,2,2,56,NPU_run,16.7055,
YOLOv3,N,2,2,56,NPU_run_profile,8.1246,
YOLOv3,N,2,2,56,NPU_out,7.3483,
YOLOv3,N,2,2,58,in,0.0747834,
YOLOv3,N,2,2,58,task,90.9654,
YOLOv3,N,2,2,58,out,1.78378,
YOLOv3,N,2,2,58,NPU_in,20.7465,
YOLOv3,N,2,2,58,NPU_run,51.4443,
YOLOv3,N,2,2,58,NPU_run_profile,7.053,
YOLOv3,N,2,2,58,NPU_out,3.5205,
YOLOv3,N,2,2,60,in,0.0088667,
YOLOv3,N,2,2,60,out,0.0017208,
YOLOv3,N,2,2,60,NPU_in,53.7374,
YOLOv3,N,2,2,60,NPU_run,39.1122,
YOLOv3,N,2,2,60,NPU_run_profile,16.8427,
YOLOv3,N,2,2,60,NPU_out,16.9277,
YOLOv3,N,2,2,62,in,0.0084292,
YOLOv3,N,2,2,62,out,0.0016919,
YOLOv3,N,2,2,62,NPU_in,29.6224,
YOLOv3,N,2,2,62,NPU_run,28.6385,
YOLOv3,N,2,2,62,NPU_run_profile,13.4435,
YOLOv3,N,2,2,62,NPU_out,15.7467,
YOLOv3,N,2,2,64,in,0.0068248,
YOLOv3,N,2,2,64,out,0.0016626,
YOLOv3,N,2,2,64,NPU_in,28.8236,
YOLOv3,N,2,2,64,NPU_run,27.7785,
YOLOv3,N,2,2,64,NPU_run_profile,13.0239,
YOLOv3,N,2,2,64,NPU_out,14.9804,
YOLOv3,N,2,2,66,in,0.005017,
YOLOv3,N,2,2,66,task,181.7898,
YOLOv3,N,2,2,66,out,1.32026,
YOLOv3,N,2,2,66,NPU_in,37.2014,
YOLOv3,N,2,2,66,NPU_run,96.9682,
YOLOv3,N,2,2,66,NPU_run_profile,13.4619,
YOLOv3,N,2,2,66,NPU_out,18.4955,
YOLOv3,N,2,2,68,in,0.008429,
YOLOv3,N,2,2,68,out,0.0016333,
YOLOv3,N,2,2,68,NPU_in,112.4169,
YOLOv3,N,2,2,68,NPU_run,86.7737,
YOLOv3,N,2,2,68,NPU_run_profile,46.3308,
YOLOv3,N,2,2,68,NPU_out,25.3484,
YOLOv3,N,2,2,70,in,0.0086334,
YOLOv3,N,2,2,70,out,0.0016917,
YOLOv3,N,2,2,70,NPU_in,55.9376,
YOLOv3,N,2,2,70,NPU_run,48.2775,
YOLOv3,N,2,2,70,NPU_run_profile,19.7316,
YOLOv3,N,2,2,70,NPU_out,25.7816,
YOLOv3,N,2,2,72,in,0.00805,
YOLOv3,N,2,2,72,out,0.0016626,
YOLOv3,N,2,2,72,NPU_in,57.4532,
YOLOv3,N,2,2,72,NPU_run,47.8635,
YOLOv3,N,2,2,72,NPU_run_profile,20.0206,
YOLOv3,N,2,2,72,NPU_out,24.4996,
YOLOv3,N,2,2,74,in,0.0057461,
YOLOv3,N,2,2,74,out,0.349533,
YOLOv3,N,2,2,74,NPU_in,55.8075,
YOLOv3,N,2,2,74,NPU_run,78.9413,
YOLOv3,N,2,2,74,NPU_run_profile,33.0127,
YOLOv3,N,2,2,74,NPU_out,50.2412,
YOLOv3,N,3,3,0,out,0.0012251,
YOLOv3,N,3,3,0,NPU_in,29.5828,
YOLOv3,N,3,3,0,NPU_run,368.3329,
YOLOv3,N,3,3,0,NPU_run_profile,100.976,
YOLOv3,N,3,3,0,NPU_out,419.1528,
YOLOv3,N,3,3,2,in,0.0076416,
YOLOv3,N,3,3,2,out,0.0012542,
YOLOv3,N,3,3,2,NPU_in,188.4207,
YOLOv3,N,3,3,2,NPU_run,149.7496,
YOLOv3,N,3,3,2,NPU_run_profile,52.7839,
YOLOv3,N,3,3,2,NPU_out,82.0712,
YOLOv3,N,3,3,4,in,0.0085167,
YOLOv3,N,3,3,4,out,0.0013416,
YOLOv3,N,3,3,4,NPU_in,179.6149,
YOLOv3,N,3,3,4,NPU_run,190.6385,
YOLOv3,N,3,3,4,NPU_run_profile,92.796,
YOLOv3,N,3,3,4,NPU_out,92.0338,
YOLOv3,N,3,3,6,in,0.008254,
YOLOv3,N,3,3,6,out,0.0015749,
YOLOv3,N,3,3,6,NPU_in,145.4113,
YOLOv3,N,3,3,6,NPU_run,164.5157,
YOLOv3,N,3,3,6,NPU_run_profile,66.2206,
YOLOv3,N,3,3,6,NPU_out,88.0459,
YOLOv3,N,3,3,8,in,0.0073792,
YOLOv3,N,3,3,8,out,0.0016624,
YOLOv3,N,3,3,8,NPU_in,146.3981,
YOLOv3,N,3,3,8,NPU_run,170.9148,
YOLOv3,N,3,3,8,NPU_run_profile,66.1513,
YOLOv3,N,3,3,8,NPU_out,90.1747,
YOLOv3,N,3,3,10,in,0.0072334,
YOLOv3,N,3,3,10,out,0.0013415,
YOLOv3,N,3,3,10,NPU_in,51.4861,
YOLOv3,N,3,3,10,NPU_run,47.5243,
YOLOv3,N,3,3,10,NPU_run_profile,19.7291,
YOLOv3,N,3,3,10,NPU_out,21.7572,
YOLOv3,N,3,3,12,in,0.0078459,
YOLOv3,N,3,3,12,out,0.0011959,
YOLOv3,N,3,3,12,NPU_in,47.9156,
YOLOv3,N,3,3,12,NPU_run,44.6258,
YOLOv3,N,3,3,12,NPU_run_profile,18.0793,
YOLOv3,N,3,3,12,NPU_out,20.4899,
YOLOv3,N,3,3,14,in,0.0070875,
YOLOv3,N,3,3,14,out,0.0012251,
YOLOv3,N,3,3,14,NPU_in,46.975,
YOLOv3,N,3,3,14,NPU_run,45.3515,
YOLOv3,N,3,3,14,NPU_run_profile,18.3358,
YOLOv3,N,3,3,14,NPU_out,20.8129,
YOLOv3,N,3,3,16,in,0.0069416,
YOLOv3,N,3,3,16,out,0.0011961,
YOLOv3,N,3,3,16,NPU_in,46.4063,
YOLOv3,N,3,3,16,NPU_run,45.0234,
YOLOv3,N,3,3,16,NPU_run_profile,17.8869,
YOLOv3,N,3,3,16,NPU_out,20.7643,
YOLOv3,N,3,3,18,in,0.0074374,
YOLOv3,N,3,3,18,out,0.0011665,
YOLOv3,N,3,3,18,NPU_in,46.8647,
YOLOv3,N,3,3,18,NPU_run,45.4109,
YOLOv3,N,3,3,18,NPU_run_profile,18.8907,
YOLOv3,N,3,3,18,NPU_out,21.2906,
YOLOv3,N,3,3,20,in,0.0070876,
YOLOv3,N,3,3,20,out,0.0011961,
YOLOv3,N,3,3,20,NPU_in,47.2225,
YOLOv3,N,3,3,20,NPU_run,45.3767,
YOLOv3,N,3,3,20,NPU_run_profile,18.8965,
YOLOv3,N,3,3,20,NPU_out,21.159,
YOLOv3,N,3,3,22,in,0.007321,
YOLOv3,N,3,3,22,out,0.0012251,
YOLOv3,N,3,3,22,NPU_in,47.6377,
YOLOv3,N,3,3,22,NPU_run,45.3012,
YOLOv3,N,3,3,22,NPU_run_profile,18.5274,
YOLOv3,N,3,3,22,NPU_out,20.5999,
YOLOv3,N,3,3,24,in,0.0077292,
YOLOv3,N,3,3,24,out,0.0013125,
YOLOv3,N,3,3,24,NPU_in,48.818,
YOLOv3,N,3,3,24,NPU_run,45.9387,
YOLOv3,N,3,3,24,NPU_run_profile,18.9001,
YOLOv3,N,3,3,24,NPU_out,21.2877,
YOLOv3,N,3,3,26,in,0.0085458,
YOLOv3,N,3,3,26,out,0.0013124,
YOLOv3,N,3,3,26,NPU_in,47.172,
YOLOv3,N,3,3,26,NPU_run,54.2335,
YOLOv3,N,3,3,26,NPU_run_profile,27.7844,
YOLOv3,N,3,3,26,NPU_out,28.1203,
YOLOv3,N,3,3,28,in,0.0086917,
YOLOv3,N,3,3,28,out,0.001458,
YOLOv3,N,3,3,28,NPU_in,35.8271,
YOLOv3,N,3,3,28,NPU_run,45.3182,
YOLOv3,N,3,3,28,NPU_run_profile,17.4957,
YOLOv3,N,3,3,28,NPU_out,27.0602,
YOLOv3,N,3,3,30,in,0.0088084,
YOLOv3,N,3,3,30,out,0.0016043,
YOLOv3,N,3,3,30,NPU_in,37.4793,
YOLOv3,N,3,3,30,NPU_run,45.3962,
YOLOv3,N,3,3,30,NPU_run_profile,17.7199,
YOLOv3,N,3,3,30,NPU_out,27.0073,
YOLOv3,N,3,3,32,in,0.0084291,
YOLOv3,N,3,3,32,out,0.0016042,
YOLOv3,N,3,3,32,NPU_in,34.9388,
YOLOv3,N,3,3,32,NPU_run,44.8467,
YOLOv3,N,3,3,32,NPU_run_profile,17.687,
YOLOv3,N,3,3,32,NPU_out,26.9413,
YOLOv3,N,3,3,34,in,0.0084874,
YOLOv3,N,3,3,34,out,0.0012246,
YOLOv3,N,3,3,34,NPU_in,35.624,
YOLOv3,N,3,3,34,NPU_run,45.8457,
YOLOv3,N,3,3,34,NPU_run_profile,17.756,
YOLOv3,N,3,3,34,NPU_out,27.1956,
YOLOv3,N,3,3,36,in,0.0088667,
YOLOv3,N,3,3,36,out,0.0014585,
YOLOv3,N,3,3,36,NPU_in,36.6318,
YOLOv3,N,3,3,36,NPU_run,45.5859,
YOLOv3,N,3,3,36,NPU_run_profile,17.7235,
YOLOv3,N,3,3,36,NPU_out,27.0949,
YOLOv3,N,3,3,38,in,0.008721,
YOLOv3,N,3,3,38,out,0.0013419,
YOLOv3,N,3,3,38,NPU_in,34.9309,
YOLOv3,N,3,3,38,NPU_run,45.1569,
YOLOv3,N,3,3,38,NPU_run_profile,17.7956,
YOLOv3,N,3,3,38,NPU_out,27.4377,
YOLOv3,N,3,3,40,in,0.0087499,
YOLOv3,N,3,3,40,out,0.0016334,
YOLOv3,N,3,3,40,NPU_in,35.8668,
YOLOv3,N,3,3,40,NPU_run,45.7566,
YOLOv3,N,3,3,40,NPU_run_profile,17.6869,
YOLOv3,N,3,3,40,NPU_out,26.7296,
YOLOv3,N,3,3,42,in,0.0090418,
YOLOv3,N,3,3,42,out,0.001575,
YOLOv3,N,3,3,42,NPU_in,36.6751,
YOLOv3,N,3,3,42,NPU_run,45.5868,
YOLOv3,N,3,3,42,NPU_run_profile,17.7783,
YOLOv3,N,3,3,42,NPU_out,27.1365,
YOLOv3,N,3,3,44,in,0.0091585,
YOLOv3,N,3,3,44,out,0.0013123,
YOLOv3,N,3,3,44,NPU_in,12.1572,
YOLOv3,N,3,3,44,NPU_run,16.7318,
YOLOv3,N,3,3,44,NPU_run_profile,8.7468,
YOLOv3,N,3,3,44,NPU_out,6.4117,
YOLOv3,N,3,3,46,in,0.0088664,
YOLOv3,N,3,3,46,out,0.0011958,
YOLOv3,N,3,3,46,NPU_in,11.6978,
YOLOv3,N,3,3,46,NPU_run,15.5225,
YOLOv3,N,3,3,46,NPU_run_profile,7.8922,
YOLOv3,N,3,3,46,NPU_out,6.33,
YOLOv3,N,3,3,48,in,0.008954,
YOLOv3,N,3,3,48,out,0.0013999,
YOLOv3,N,3,3,48,NPU_in,11.7617,
YOLOv3,N,3,3,48,NPU_run,16.2124,
YOLOv3,N,3,3,48,NPU_run_profile,8.368,
YOLOv3,N,3,3,48,NPU_out,6.0648,
YOLOv3,N,3,3,50,in,0.0087502,
YOLOv3,N,3,3,50,out,0.0015459,
YOLOv3,N,3,3,50,NPU_in,11.6045,
YOLOv3,N,3,3,50,NPU_run,16.8728,
YOLOv3,N,3,3,50,NPU_run_profile,8.7142,
YOLOv3,N,3,3,50,NPU_out,6.2297,
YOLOv3,N,3,3,52,in,0.0086917,
YOLOv3,N,3,3,52,out,0.0014001,
YOLOv3,N,3,3,52,NPU_in,11.1004,
YOLOv3,N,3,3,52,NPU_run,16.0661,
YOLOv3,N,3,3,52,NPU_run_profile,8.16,
YOLOv3,N,3,3,52,NPU_out,6.2667,
YOLOv3,N,3,3,54,in,0.0083125,
YOLOv3,N,3,3,54,out,0.0012832,
YOLOv3,N,3,3,54,NPU_in,10.7946,
YOLOv3,N,3,3,54,NPU_run,15.1614,
YOLOv3,N,3,3,54,NPU_run_profile,7.3923,
YOLOv3,N,3,3,54,NPU_out,6.1447,
YOLOv3,N,3,3,56,in,0.0063288,
YOLOv3,N,3,3,56,out,0.001254,
YOLOv3,N,3,3,56,NPU_in,11.5745,
YOLOv3,N,3,3,56,NPU_run,16.1693,
YOLOv3,N,3,3,56,NPU_run_profile,8.3387,
YOLOv3,N,3,3,56,NPU_out,6.3226,
YOLOv3,N,3,3,58,in,0.0044916,
YOLOv3,N,3,3,58,task,75.4342,
YOLOv3,N,3,3,58,out,1.39498,
YOLOv3,N,3,3,58,NPU_in,16.218,
YOLOv3,N,3,3,58,NPU_run,39.639,
YOLOv3,N,3,3,58,NPU_run_profile,5.6008,
YOLOv3,N,3,3,58,NPU_out,3.4229,
YOLOv3,N,3,3,60,in,0.0073207,
YOLOv3,N,3,3,60,out,0.0014875,
YOLOv3,N,3,3,60,NPU_in,40.7035,
YOLOv3,N,3,3,60,NPU_run,34.009,
YOLOv3,N,3,3,60,NPU_run_profile,16.8263,
YOLOv3,N,3,3,60,NPU_out,15.7463,
YOLOv3,N,3,3,62,in,0.0080791,
YOLOv3,N,3,3,62,out,0.0013709,
YOLOv3,N,3,3,62,NPU_in,23.2964,
YOLOv3,N,3,3,62,NPU_run,27.7175,
YOLOv3,N,3,3,62,NPU_run_profile,13.5086,
YOLOv3,N,3,3,62,NPU_out,13.7039,
YOLOv3,N,3,3,64,in,0.0059792,
YOLOv3,N,3,3,64,out,0.0014874,
YOLOv3,N,3,3,64,NPU_in,22.9642,
YOLOv3,N,3,3,64,NPU_run,26.7348,
YOLOv3,N,3,3,64,NPU_run_profile,12.8177,
YOLOv3,N,3,3,64,NPU_out,13.4597,
YOLOv3,N,3,3,66,in,0.0046958,
YOLOv3,N,3,3,66,task,163.061,
YOLOv3,N,3,3,66,out,1.23798,
YOLOv3,N,3,3,66,NPU_in,27.3333,
YOLOv3,N,3,3,66,NPU_run,90.2055,
YOLOv3,N,3,3,66,NPU_run_profile,13.8741,
YOLOv3,N,3,3,66,NPU_out,16.3594,
YOLOv3,N,3,3,68,in,0.0081375,
YOLOv3,N,3,3,68,out,0.0014292,
YOLOv3,N,3,3,68,NPU_in,81.9812,
YOLOv3,N,3,3,68,NPU_run,84.8103,
YOLOv3,N,3,3,68,NPU_run_profile,46.4554,
YOLOv3,N,3,3,68,NPU_out,21.7999,
YOLOv3,N,3,3,70,in,0.007496,
YOLOv3,N,3,3,70,out,0.0014875,
YOLOv3,N,3,3,70,NPU_in,44.6817,
YOLOv3,N,3,3,70,NPU_run,44.5396,
YOLOv3,N,3,3,70,NPU_run_profile,18.2579,
YOLOv3,N,3,3,70,NPU_out,20.8153,
YOLOv3,N,3,3,72,in,0.0077583,
YOLOv3,N,3,3,72,out,0.0013998,
YOLOv3,N,3,3,72,NPU_in,44.6574,
YOLOv3,N,3,3,72,NPU_run,45.7162,
YOLOv3,N,3,3,72,NPU_run_profile,19.3375,
YOLOv3,N,3,3,72,NPU_out,21.9477,
YOLOv3,N,3,3,74,in,0.0044626,
YOLOv3,N,3,3,74,out,0.406117,
YOLOv3,N,3,3,74,NPU_in,44.0217,
YOLOv3,N,3,3,74,NPU_run,75.5021,
YOLOv3,N,3,3,74,NPU_run_profile,32.165,
YOLOv3,N,3,3,74,NPU_out,44.1023,
YOLOv3,N,4,4,0,out,0.0011958,
YOLOv3,N,4,4,0,NPU_in,25.3643,
YOLOv3,N,4,4,0,NPU_run,354.804,
YOLOv3,N,4,4,0,NPU_run_profile,98.7967,
YOLOv3,N,4,4,0,NPU_out,363.4531,
YOLOv3,N,4,4,2,in,0.0070875,
YOLOv3,N,4,4,2,out,0.0011373,
YOLOv3,N,4,4,2,NPU_in,160.9246,
YOLOv3,N,4,4,2,NPU_run,146.6084,
YOLOv3,N,4,4,2,NPU_run_profile,52.8044,
YOLOv3,N,4,4,2,NPU_out,69.0338,
YOLOv3,N,4,4,4,in,0.007875,
YOLOv3,N,4,4,4,out,0.0011377,
YOLOv3,N,4,4,4,NPU_in,151.5503,
YOLOv3,N,4,4,4,NPU_run,177.8217,
YOLOv3,N,4,4,4,NPU_run_profile,83.1894,
YOLOv3,N,4,4,4,NPU_out,79.3722,
YOLOv3,N,4,4,6,in,0.0082544,
YOLOv3,N,4,4,6,out,0.0014,
YOLOv3,N,4,4,6,NPU_in,121.4415,
YOLOv3,N,4,4,6,NPU_run,163.3159,
YOLOv3,N,4,4,6,NPU_run_profile,66.2224,
YOLOv3,N,4,4,6,NPU_out,77.4608,
YOLOv3,N,4,4,8,in,0.0069709,
YOLOv3,N,4,4,8,out,0.0013125,
YOLOv3,N,4,4,8,NPU_in,122.9937,
YOLOv3,N,4,4,8,NPU_run,165.8323,
YOLOv3,N,4,4,8,NPU_run_profile,66.1473,
YOLOv3,N,4,4,8,NPU_out,78.0069,
YOLOv3,N,4,4,10,in,0.0070873,
YOLOv3,N,4,4,10,out,0.0011084,
YOLOv3,N,4,4,10,NPU_in,42.4413,
YOLOv3,N,4,4,10,NPU_run,46.1654,
YOLOv3,N,4,4,10,NPU_run_profile,19.7157,
YOLOv3,N,4,4,10,NPU_out,18.5014,
YOLOv3,N,4,4,12,in,0.0063874,
YOLOv3,N,4,4,12,out,0.0012253,
YOLOv3,N,4,4,12,NPU_in,40.5257,
YOLOv3,N,4,4,12,NPU_run,43.3815,
YOLOv3,N,4,4,12,NPU_run_profile,17.8695,
YOLOv3,N,4,4,12,NPU_out,18.0396,
YOLOv3,N,4,4,14,in,0.0062707,
YOLOv3,N,4,4,14,out,0.0011667,
YOLOv3,N,4,4,14,NPU_in,39.6372,
YOLOv3,N,4,4,14,NPU_run,42.7936,
YOLOv3,N,4,4,14,NPU_run_profile,17.7112,
YOLOv3,N,4,4,14,NPU_out,18.1681,
YOLOv3,N,4,4,16,in,0.0063582,
YOLOv3,N,4,4,16,out,0.001079,
YOLOv3,N,4,4,16,NPU_in,39.3179,
YOLOv3,N,4,4,16,NPU_run,43.062,
YOLOv3,N,4,4,16,NPU_run_profile,17.6889,
YOLOv3,N,4,4,16,NPU_out,18.209,
YOLOv3,N,4,4,18,in,0.0065625,
YOLOv3,N,4,4,18,out,0.0011375,
YOLOv3,N,4,4,18,NPU_in,41.7195,
YOLOv3,N,4,4,18,NPU_run,43.033,
YOLOv3,N,4,4,18,NPU_run_profile,17.6363,
YOLOv3,N,4,4,18,NPU_out,18.6216,
YOLOv3,N,4,4,20,in,0.0066207,
YOLOv3,N,4,4,20,out,0.0009625,
YOLOv3,N,4,4,20,NPU_in,39.484,
YOLOv3,N,4,4,20,NPU_run,43.1794,
YOLOv3,N,4,4,20,NPU_run_profile,17.6461,
YOLOv3,N,4,4,20,NPU_out,18.1977,
YOLOv3,N,4,4,22,in,0.0065041,
YOLOv3,N,4,4,22,out,0.0011375,
YOLOv3,N,4,4,22,NPU_in,39.5022,
YOLOv3,N,4,4,22,NPU_run,43.2694,
YOLOv3,N,4,4,22,NPU_run_profile,17.6869,
YOLOv3,N,4,4,22,NPU_out,18.0248,
YOLOv3,N,4,4,24,in,0.0065626,
YOLOv3,N,4,4,24,out,0.0011082,
YOLOv3,N,4,4,24,NPU_in,39.4101,
YOLOv3,N,4,4,24,NPU_run,43.2416,
YOLOv3,N,4,4,24,NPU_run_profile,17.6398,
YOLOv3,N,4,4,24,NPU_out,18.1661,
YOLOv3,N,4,4,26,in,0.0163624,
YOLOv3,N,4,4,26,out,0.0012251,
YOLOv3,N,4,4,26,NPU_in,41.5762,
YOLOv3,N,4,4,26,NPU_run,52.807,
YOLOv3,N,4,4,26,NPU_run_profile,26.9672,
YOLOv3,N,4,4,26,NPU_out,24.0821,
YOLOv3,N,4,4,28,in,0.0079625,
YOLOv3,N,4,4,28,out,0.0011085,
YOLOv3,N,4,4,28,NPU_in,30.1445,
YOLOv3,N,4,4,28,NPU_run,44.0293,
YOLOv3,N,4,4,28,NPU_run_profile,17.4841,
YOLOv3,N,4,4,28,NPU_out,24.1716,
YOLOv3,N,4,4,30,in,0.0084293,
YOLOv3,N,4,4,30,out,0.0013126,
YOLOv3,N,4,4,30,NPU_in,30.2013,
YOLOv3,N,4,4,30,NPU_run,44.1893,
YOLOv3,N,4,4,30,NPU_run_profile,17.7184,
YOLOv3,N,4,4,30,NPU_out,24.2036,
YOLOv3,N,4,4,32,in,0.0082251,
YOLOv3,N,4,4,32,out,0.0014294,
YOLOv3,N,4,4,32,NPU_in,30.8725,
YOLOv3,N,4,4,32,NPU_run,44.2628,
YOLOv3,N,4,4,32,NPU_run_profile,17.6874,
YOLOv3,N,4,4,32,NPU_out,24.3632,
YOLOv3,N,4,4,34,in,0.0080502,
YOLOv3,N,4,4,34,out,0.0011957,
YOLOv3,N,4,4,34,NPU_in,30.092,
YOLOv3,N,4,4,34,NPU_run,44.6245,
YOLOv3,N,4,4,34,NPU_run_profile,17.7479,
YOLOv3,N,4,4,34,NPU_out,24.2386,
YOLOv3,N,4,4,36,in,0.0081958,
YOLOv3,N,4,4,36,out,0.0013417,
YOLOv3,N,4,4,36,NPU_in,29.5985,
YOLOv3,N,4,4,36,NPU_run,45.5134,
YOLOv3,N,4,4,36,NPU_run_profile,17.7258,
YOLOv3,N,4,4,36,NPU_out,24.8148,
YOLOv3,N,4,4,38,in,0.0082542,
YOLOv3,N,4,4,38,out,0.0011959,
YOLOv3,N,4,4,38,NPU_in,30.027,
YOLOv3,N,4,4,38,NPU_run,44.8202,
YOLOv3,N,4,4,38,NPU_run_profile,17.7941,
YOLOv3,N,4,4,38,NPU_out,24.8104,
YOLOv3,N,4,4,40,in,0.0081666,
YOLOv3,N,4,4,40,out,0.0015458,
YOLOv3,N,4,4,40,NPU_in,30.1057,
YOLOv3,N,4,4,40,NPU_run,43.8016,
YOLOv3,N,4,4,40,NPU_run_profile,17.6872,
YOLOv3,N,4,4,40,NPU_out,23.8456,
YOLOv3,N,4,4,42,in,0.0086334,
YOLOv3,N,4,4,42,out,0.0015169,
YOLOv3,N,4,4,42,NPU_in,31.5948,
YOLOv3,N,4,4,42,NPU_run,45.1862,
YOLOv3,N,4,4,42,NPU_run_profile,17.7827,
YOLOv3,N,4,4,42,NPU_out,24.2559,
YOLOv3,N,4,4,44,in,0.0076126,
YOLOv3,N,4,4,44,out,0.0011665,
YOLOv3,N,4,4,44,NPU_in,10.2605,
YOLOv3,N,4,4,44,NPU_run,16.8832,
YOLOv3,N,4,4,44,NPU_run_profile,8.7415,
YOLOv3,N,4,4,44,NPU_out,5.8099,
YOLOv3,N,4,4,46,in,0.007671,
YOLOv3,N,4,4,46,out,0.0011374,
YOLOv3,N,4,4,46,NPU_in,10.1179,
YOLOv3,N,4,4,46,NPU_run,14.3145,
YOLOv3,N,4,4,46,NPU_run_profile,6.6626,
YOLOv3,N,4,4,46,NPU_out,5.5759,
YOLOv3,N,4,4,48,in,0.0073208,
YOLOv3,N,4,4,48,out,0.0010499,
YOLOv3,N,4,4,48,NPU_in,9.9457,
YOLOv3,N,4,4,48,NPU_run,14.7561,
YOLOv3,N,4,4,48,NPU_run_profile,6.6802,
YOLOv3,N,4,4,48,NPU_out,5.5011,
YOLOv3,N,4,4,50,in,0.0078166,
YOLOv3,N,4,4,50,out,0.001225,
YOLOv3,N,4,4,50,NPU_in,10.1407,
YOLOv3,N,4,4,50,NPU_run,14.4741,
YOLOv3,N,4,4,50,NPU_run_profile,6.6741,
YOLOv3,N,4,4,50,NPU_out,5.3544,
YOLOv3,N,4,4,52,in,0.0080209,
YOLOv3,N,4,4,52,out,0.0011959,
YOLOv3,N,4,4,52,NPU_in,9.4153,
YOLOv3,N,4,4,52,NPU_run,14.485,
YOLOv3,N,4,4,52,NPU_run_profile,6.6947,
YOLOv3,N,4,4,52,NPU_out,5.4174,
YOLOv3,N,4,4,54,in,0.0077874,
YOLOv3,N,4,4,54,out,0.0011373,
YOLOv3,N,4,4,54,NPU_in,9.6903,
YOLOv3,N,4,4,54,NPU_run,14.5322,
YOLOv3,N,4,4,54,NPU_run_profile,6.7006,
YOLOv3,N,4,4,54,NPU_out,5.5077,
YOLOv3,N,4,4,56,in,0.0059498,
YOLOv3,N,4,4,56,out,0.0012541,
YOLOv3,N,4,4,56,NPU_in,9.5036,
YOLOv3,N,4,4,56,NPU_run,14.5254,
YOLOv3,N,4,4,56,NPU_run_profile,6.6549,
YOLOv3,N,4,4,56,NPU_out,5.5264,
YOLOv3,N,4,4,58,in,0.0041709,
YOLOv3,N,4,4,58,task,65.3481,
YOLOv3,N,4,4,58,out,0.975917,
YOLOv3,N,4,4,58,NPU_in,16.0362,
YOLOv3,N,4,4,58,NPU_run,34.9608,
YOLOv3,N,4,4,58,NPU_run_profile,6.2366,
YOLOv3,N,4,4,58,NPU_out,2.4547,
YOLOv3,N,4,4,60,in,0.0111417,
YOLOv3,N,4,4,60,out,0.0014291,
YOLOv3,N,4,4,60,NPU_in,35.9563,
YOLOv3,N,4,4,60,NPU_run,37.0972,
YOLOv3,N,4,4,60,NPU_run_profile,17.049,
YOLOv3,N,4,4,60,NPU_out,12.3932,
YOLOv3,N,4,4,62,in,0.0061539,
YOLOv3,N,4,4,62,out,0.0011959,
YOLOv3,N,4,4,62,NPU_in,18.489,
YOLOv3,N,4,4,62,NPU_run,25.863,
YOLOv3,N,4,4,62,NPU_run_profile,12.8176,
YOLOv3,N,4,4,62,NPU_out,11.3038,
YOLOv3,N,4,4,64,in,0.0056875,
YOLOv3,N,4,4,64,out,0.0013125,
YOLOv3,N,4,4,64,NPU_in,19.6944,
YOLOv3,N,4,4,64,NPU_run,26.0871,
YOLOv3,N,4,4,64,NPU_run_profile,12.8095,
YOLOv3,N,4,4,64,NPU_out,11.6242,
YOLOv3,N,4,4,66,in,0.0146125,
YOLOv3,N,4,4,66,task,152.4941,
YOLOv3,N,4,4,66,out,1.33595,
YOLOv3,N,4,4,66,NPU_in,39.5952,
YOLOv3,N,4,4,66,NPU_run,79.3837,
YOLOv3,N,4,4,66,NPU_run_profile,12.8595,
YOLOv3,N,4,4,66,NPU_out,14.7052,
YOLOv3,N,4,4,68,in,0.0069125,
YOLOv3,N,4,4,68,out,0.0013125,
YOLOv3,N,4,4,68,NPU_in,64.4808,
YOLOv3,N,4,4,68,NPU_run,82.1706,
YOLOv3,N,4,4,68,NPU_run_profile,46.4363,
YOLOv3,N,4,4,68,NPU_out,21.6138,
YOLOv3,N,4,4,70,in,0.0067374,
YOLOv3,N,4,4,70,out,0.0014001,
YOLOv3,N,4,4,70,NPU_in,36.8714,
YOLOv3,N,4,4,70,NPU_run,42.6495,
YOLOv3,N,4,4,70,NPU_run_profile,17.6353,
YOLOv3,N,4,4,70,NPU_out,18.1759,
YOLOv3,N,4,4,72,in,0.0069998,
YOLOv3,N,4,4,72,out,0.0012834,
YOLOv3,N,4,4,72,NPU_in,37.1928,
YOLOv3,N,4,4,72,NPU_run,42.682,
YOLOv3,N,4,4,72,NPU_run_profile,17.6681,
YOLOv3,N,4,4,72,NPU_out,17.9347,
YOLOv3,N,4,4,74,in,0.0042293,
YOLOv3,N,4,4,74,out,0.241938,
YOLOv3,N,4,4,74,NPU_in,39.3679,
YOLOv3,N,4,4,74,NPU_run,73.1697,
YOLOv3,N,4,4,74,NPU_run_profile,30.9251,
YOLOv3,N,4,4,74,NPU_out,37.507,
YOLOv3,N,5,5,0,out,0.0010209,
YOLOv3,N,5,5,0,NPU_in,21.1742,
YOLOv3,N,5,5,0,NPU_run,346.5452,
YOLOv3,N,5,5,0,NPU_run_profile,98.7741,
YOLOv3,N,5,5,0,NPU_out,321.2356,
YOLOv3,N,5,5,2,in,0.0096249,
YOLOv3,N,5,5,2,out,0.0010207,
YOLOv3,N,5,5,2,NPU_in,135.4762,
YOLOv3,N,5,5,2,NPU_run,143.9594,
YOLOv3,N,5,5,2,NPU_run_profile,52.7983,
YOLOv3,N,5,5,2,NPU_out,60.7693,
YOLOv3,N,5,5,4,in,0.0073791,
YOLOv3,N,5,5,4,out,0.0009916,
YOLOv3,N,5,5,4,NPU_in,135.4981,
YOLOv3,N,5,5,4,NPU_run,174.593,
YOLOv3,N,5,5,4,NPU_run_profile,83.198,
YOLOv3,N,5,5,4,NPU_out,70.5534,
YOLOv3,N,5,5,6,in,0.0076997,
YOLOv3,N,5,5,6,out,0.0012835,
YOLOv3,N,5,5,6,NPU_in,104.6745,
YOLOv3,N,5,5,6,NPU_run,158.1176,
YOLOv3,N,5,5,6,NPU_run_profile,66.2397,
YOLOv3,N,5,5,6,NPU_out,67.9221,
YOLOv3,N,5,5,8,in,0.0066792,
YOLOv3,N,5,5,8,out,0.0013708,
YOLOv3,N,5,5,8,NPU_in,104.9214,
YOLOv3,N,5,5,8,NPU_run,161.2551,
YOLOv3,N,5,5,8,NPU_run_profile,66.1611,
YOLOv3,N,5,5,8,NPU_out,69.3719,
YOLOv3,N,5,5,10,in,0.0071458,
YOLOv3,N,5,5,10,out,0.0009625,
YOLOv3,N,5,5,10,NPU_in,35.7179,
YOLOv3,N,5,5,10,NPU_run,45.024,
YOLOv3,N,5,5,10,NPU_run_profile,19.7177,
YOLOv3,N,5,5,10,NPU_out,16.4486,
YOLOv3,N,5,5,12,in,0.0064749,
YOLOv3,N,5,5,12,out,0.0009916,
YOLOv3,N,5,5,12,NPU_in,34.2851,
YOLOv3,N,5,5,12,NPU_run,42.1477,
YOLOv3,N,5,5,12,NPU_run_profile,17.6681,
YOLOv3,N,5,5,12,NPU_out,16.617,
YOLOv3,N,5,5,14,in,0.0070582,
YOLOv3,N,5,5,14,out,0.0009624,
YOLOv3,N,5,5,14,NPU_in,34.7313,
YOLOv3,N,5,5,14,NPU_run,42.5399,
YOLOv3,N,5,5,14,NPU_run_profile,17.7041,
YOLOv3,N,5,5,14,NPU_out,16.3834,
YOLOv3,N,5,5,16,in,0.0061251,
YOLOv3,N,5,5,16,out,0.0010209,
YOLOv3,N,5,5,16,NPU_in,35.6918,
YOLOv3,N,5,5,16,NPU_run,42.1005,
YOLOv3,N,5,5,16,NPU_run_profile,17.6754,
YOLOv3,N,5,5,16,NPU_out,16.3508,
YOLOv3,N,5,5,18,in,0.0065333,
YOLOv3,N,5,5,18,out,0.0009333,
YOLOv3,N,5,5,18,NPU_in,33.5727,
YOLOv3,N,5,5,18,NPU_run,41.8557,
YOLOv3,N,5,5,18,NPU_run_profile,17.6319,
YOLOv3,N,5,5,18,NPU_out,16.0697,
YOLOv3,N,5,5,20,in,0.0061833,
YOLOv3,N,5,5,20,out,0.0009334,
YOLOv3,N,5,5,20,NPU_in,34.0498,
YOLOv3,N,5,5,20,NPU_run,42.3968,
YOLOv3,N,5,5,20,NPU_run_profile,17.65,
YOLOv3,N,5,5,20,NPU_out,16.592,
YOLOv3,N,5,5,22,in,0.0062999,
YOLOv3,N,5,5,22,out,0.0009041,
YOLOv3,N,5,5,22,NPU_in,34.3642,
YOLOv3,N,5,5,22,NPU_run,42.3393,
YOLOv3,N,5,5,22,NPU_run_profile,17.6834,
YOLOv3,N,5,5,22,NPU_out,16.0166,
YOLOv3,N,5,5,24,in,0.0060959,
YOLOv3,N,5,5,24,out,0.0009042,
YOLOv3,N,5,5,24,NPU_in,33.7793,
YOLOv3,N,5,5,24,NPU_run,42.3251,
YOLOv3,N,5,5,24,NPU_run_profile,17.6448,
YOLOv3,N,5,5,24,NPU_out,16.1892,
YOLOv3,N,5,5,26,in,0.0075832,
YOLOv3,N,5,5,26,out,0.0010209,
YOLOv3,N,5,5,26,NPU_in,33.6224,
YOLOv3,N,5,5,26,NPU_run,51.4333,
YOLOv3,N,5,5,26,NPU_run_profile,26.9756,
YOLOv3,N,5,5,26,NPU_out,21.8693,
YOLOv3,N,5,5,28,in,0.0081084,
YOLOv3,N,5,5,28,out,0.0010792,
YOLOv3,N,5,5,28,NPU_in,25.6403,
YOLOv3,N,5,5,28,NPU_run,42.5879,
YOLOv3,N,5,5,28,NPU_run_profile,17.484,
YOLOv3,N,5,5,28,NPU_out,22.1468,
YOLOv3,N,5,5,30,in,0.0080791,
YOLOv3,N,5,5,30,out,0.0012832,
YOLOv3,N,5,5,30,NPU_in,26.217,
YOLOv3,N,5,5,30,NPU_run,44.0703,
YOLOv3,N,5,5,30,NPU_run_profile,17.7186,
YOLOv3,N,5,5,30,NPU_out,22.5838,
YOLOv3,N,5,5,32,in,0.0077875,
YOLOv3,N,5,5,32,out,0.0011376,
YOLOv3,N,5,5,32,NPU_in,26.9007,
YOLOv3,N,5,5,32,NPU_run,44.3631,
YOLOv3,N,5,5,32,NPU_run_profile,17.6913,
YOLOv3,N,5,5,32,NPU_out,22.1838,
YOLOv3,N,5,5,34,in,0.0077292,
YOLOv3,N,5,5,34,out,0.0011084,
YOLOv3,N,5,5,34,NPU_in,25.5118,
YOLOv3,N,5,5,34,NPU_run,44.1222,
YOLOv3,N,5,5,34,NPU_run_profile,17.7516,
YOLOv3,N,5,5,34,NPU_out,22.6006,
YOLOv3,N,5,5,36,in,0.0078751,
YOLOv3,N,5,5,36,out,0.0013421,
YOLOv3,N,5,5,36,NPU_in,26.6471,
YOLOv3,N,5,5,36,NPU_run,44.7516,
YOLOv3,N,5,5,36,NPU_run_profile,17.7301,
YOLOv3,N,5,5,36,NPU_out,21.7498,
YOLOv3,N,5,5,38,in,0.0079333,
YOLOv3,N,5,5,38,out,0.0009916,
YOLOv3,N,5,5,38,NPU_in,25.7853,
YOLOv3,N,5,5,38,NPU_run,44.3138,
YOLOv3,N,5,5,38,NPU_run_profile,17.797,
YOLOv3,N,5,5,38,NPU_out,22.1393,
YOLOv3,N,5,5,40,in,0.0079334,
YOLOv3,N,5,5,40,out,0.0013418,
YOLOv3,N,5,5,40,NPU_in,26.0593,
YOLOv3,N,5,5,40,NPU_run,44.9308,
YOLOv3,N,5,5,40,NPU_run_profile,17.695,
YOLOv3,N,5,5,40,NPU_out,22.3186,
YOLOv3,N,5,5,42,in,0.0084002,
YOLOv3,N,5,5,42,out,0.001429,
YOLOv3,N,5,5,42,NPU_in,26.457,
YOLOv3,N,5,5,42,NPU_run,43.836,
YOLOv3,N,5,5,42,NPU_run_profile,17.7764,
YOLOv3,N,5,5,42,NPU_out,22.097,
YOLOv3,N,5,5,44,in,0.0080209,
YOLOv3,N,5,5,44,out,0.0011083,
YOLOv3,N,5,5,44,NPU_in,8.7595,
YOLOv3,N,5,5,44,NPU_run,15.65,
YOLOv3,N,5,5,44,NPU_run_profile,7.7402,
YOLOv3,N,5,5,44,NPU_out,5.0757,
YOLOv3,N,5,5,46,in,0.0095375,
YOLOv3,N,5,5,46,out,0.0010499,
YOLOv3,N,5,5,46,NPU_in,8.7213,
YOLOv3,N,5,5,46,NPU_run,14.3893,
YOLOv3,N,5,5,46,NPU_run_profile,6.6399,
YOLOv3,N,5,5,46,NPU_out,5.0405,
YOLOv3,N,5,5,48,in,0.0081085,
YOLOv3,N,5,5,48,out,0.0012832,
YOLOv3,N,5,5,48,NPU_in,8.7342,
YOLOv3,N,5,5,48,NPU_run,14.5056,
YOLOv3,N,5,5,48,NPU_run_profile,6.6794,
YOLOv3,N,5,5,48,NPU_out,4.9972,
YOLOv3,N,5,5,50,in,0.0073499,
YOLOv3,N,5,5,50,out,0.0010498,
YOLOv3,N,5,5,50,NPU_in,8.7674,
YOLOv3,N,5,5,50,NPU_run,14.2839,
YOLOv3,N,5,5,50,NPU_run_profile,6.6709,
YOLOv3,N,5,5,50,NPU_out,4.9693,
YOLOv3,N,5,5,52,in,0.007321,
YOLOv3,N,5,5,52,out,0.0010208,
YOLOv3,N,5,5,52,NPU_in,7.9606,
YOLOv3,N,5,5,52,NPU_run,14.1399,
YOLOv3,N,5,5,52,NPU_run_profile,6.7016,
YOLOv3,N,5,5,52,NPU_out,4.8377,
YOLOv3,N,5,5,54,in,0.0072916,
YOLOv3,N,5,5,54,out,0.0010499,
YOLOv3,N,5,5,54,NPU_in,8.1224,
YOLOv3,N,5,5,54,NPU_run,14.4219,
YOLOv3,N,5,5,54,NPU_run_profile,6.7044,
YOLOv3,N,5,5,54,NPU_out,4.9267,
YOLOv3,N,5,5,56,in,0.0056583,
YOLOv3,N,5,5,56,out,0.0009625,
YOLOv3,N,5,5,56,NPU_in,7.9113,
YOLOv3,N,5,5,56,NPU_run,14.4231,
YOLOv3,N,5,5,56,NPU_run_profile,6.6501,
YOLOv3,N,5,5,56,NPU_out,5.6117,
YOLOv3,N,5,5,58,in,0.0036748,
YOLOv3,N,5,5,58,task,62.1171,
YOLOv3,N,5,5,58,out,0.789192,
YOLOv3,N,5,5,58,NPU_in,12.2265,
YOLOv3,N,5,5,58,NPU_run,33.7503,
YOLOv3,N,5,5,58,NPU_run_profile,5.1833,
YOLOv3,N,5,5,58,NPU_out,2.3661,
YOLOv3,N,5,5,60,in,0.0069708,
YOLOv3,N,5,5,60,out,0.0012246,
YOLOv3,N,5,5,60,NPU_in,25.97,
YOLOv3,N,5,5,60,NPU_run,34.1382,
YOLOv3,N,5,5,60,NPU_run_profile,16.8476,
YOLOv3,N,5,5,60,NPU_out,10.6339,
YOLOv3,N,5,5,62,in,0.0059207,
YOLOv3,N,5,5,62,out,0.0012251,
YOLOv3,N,5,5,62,NPU_in,16.0231,
YOLOv3,N,5,5,62,NPU_run,25.9017,
YOLOv3,N,5,5,62,NPU_run_profile,12.8154,
YOLOv3,N,5,5,62,NPU_out,10.315,
YOLOv3,N,5,5,64,in,0.0057165,
YOLOv3,N,5,5,64,out,0.0011957,
YOLOv3,N,5,5,64,NPU_in,16.6816,
YOLOv3,N,5,5,64,NPU_run,25.9938,
YOLOv3,N,5,5,64,NPU_run_profile,12.8073,
YOLOv3,N,5,5,64,NPU_out,10.7281,
YOLOv3,N,5,5,66,in,0.0035291,
YOLOv3,N,5,5,66,task,132.169,
YOLOv3,N,5,5,66,out,0.591325,
YOLOv3,N,5,5,66,NPU_in,36.4629,
YOLOv3,N,5,5,66,NPU_run,54.3528,
YOLOv3,N,5,5,66,NPU_run_profile,12.6318,
YOLOv3,N,5,5,66,NPU_out,13.2591,
YOLOv3,N,5,5,68,in,0.0065041,
YOLOv3,N,5,5,68,out,0.0011375,
YOLOv3,N,5,5,68,NPU_in,57.2921,
YOLOv3,N,5,5,68,NPU_run,81.5247,
YOLOv3,N,5,5,68,NPU_run_profile,46.3916,
YOLOv3,N,5,5,68,NPU_out,17.3582,
YOLOv3,N,5,5,70,in,0.0064166,
YOLOv3,N,5,5,70,out,0.0011374,
YOLOv3,N,5,5,70,NPU_in,31.7935,
YOLOv3,N,5,5,70,NPU_run,42.513,
YOLOv3,N,5,5,70,NPU_run_profile,17.6367,
YOLOv3,N,5,5,70,NPU_out,16.1167,
YOLOv3,N,5,5,72,in,0.0060082,
YOLOv3,N,5,5,72,out,0.0011374,
YOLOv3,N,5,5,72,NPU_in,31.411,
YOLOv3,N,5,5,72,NPU_run,42.3286,
YOLOv3,N,5,5,72,NPU_run_profile,17.6591,
YOLOv3,N,5,5,72,NPU_out,15.8367,
YOLOv3,N,5,5,74,in,0.0042583,
YOLOv3,N,5,5,74,out,0.208046,
YOLOv3,N,5,5,74,NPU_in,32.2525,
YOLOv3,N,5,5,74,NPU_run,70.9462,
YOLOv3,N,5,5,74,NPU_run_profile,30.9107,
YOLOv3,N,5,5,74,NPU_out,33.2753,
YOLOv3,N,6,6,0,out,0.0009917,
YOLOv3,N,6,6,0,NPU_in,19.0245,
YOLOv3,N,6,6,0,NPU_run,338.7598,
YOLOv3,N,6,6,0,NPU_run_profile,98.7754,
YOLOv3,N,6,6,0,NPU_out,293.2936,
YOLOv3,N,6,6,2,in,0.0068541,
YOLOv3,N,6,6,2,out,0.000875,
YOLOv3,N,6,6,2,NPU_in,120.9402,
YOLOv3,N,6,6,2,NPU_run,142.9579,
YOLOv3,N,6,6,2,NPU_run_profile,52.8071,
YOLOv3,N,6,6,2,NPU_out,56.3218,
YOLOv3,N,6,6,4,in,0.0072333,
YOLOv3,N,6,6,4,out,0.0009043,
YOLOv3,N,6,6,4,NPU_in,115.8855,
YOLOv3,N,6,6,4,NPU_run,173.0247,
YOLOv3,N,6,6,4,NPU_run_profile,83.191,
YOLOv3,N,6,6,4,NPU_out,64.451,
YOLOv3,N,6,6,6,in,0.0074958,
YOLOv3,N,6,6,6,out,0.0012544,
YOLOv3,N,6,6,6,NPU_in,92.4321,
YOLOv3,N,6,6,6,NPU_run,157.8536,
YOLOv3,N,6,6,6,NPU_run_profile,66.2446,
YOLOv3,N,6,6,6,NPU_out,62.9325,
YOLOv3,N,6,6,8,in,0.0064166,
YOLOv3,N,6,6,8,out,0.0013415,
YOLOv3,N,6,6,8,NPU_in,92.4167,
YOLOv3,N,6,6,8,NPU_run,157.1099,
YOLOv3,N,6,6,8,NPU_run_profile,66.1471,
YOLOv3,N,6,6,8,NPU_out,63.2576,
YOLOv3,N,6,6,10,in,0.0064169,
YOLOv3,N,6,6,10,out,0.0008457,
YOLOv3,N,6,6,10,NPU_in,32.2959,
YOLOv3,N,6,6,10,NPU_run,44.6824,
YOLOv3,N,6,6,10,NPU_run_profile,19.7174,
YOLOv3,N,6,6,10,NPU_out,14.8393,
YOLOv3,N,6,6,12,in,0.0181417,
YOLOv3,N,6,6,12,out,0.0009916,
YOLOv3,N,6,6,12,NPU_in,31.591,
YOLOv3,N,6,6,12,NPU_run,42.2098,
YOLOv3,N,6,6,12,NPU_run_profile,17.6595,
YOLOv3,N,6,6,12,NPU_out,14.9966,
YOLOv3,N,6,6,14,in,0.0066502,
YOLOv3,N,6,6,14,out,0.0008458,
YOLOv3,N,6,6,14,NPU_in,33.2962,
YOLOv3,N,6,6,14,NPU_run,41.7645,
YOLOv3,N,6,6,14,NPU_run_profile,17.7128,
YOLOv3,N,6,6,14,NPU_out,14.8283,
YOLOv3,N,6,6,16,in,0.0060376,
YOLOv3,N,6,6,16,out,0.0008458,
YOLOv3,N,6,6,16,NPU_in,31.5711,
YOLOv3,N,6,6,16,NPU_run,42.0489,
YOLOv3,N,6,6,16,NPU_run_profile,17.6797,
YOLOv3,N,6,6,16,NPU_out,14.9373,
YOLOv3,N,6,6,18,in,0.0060084,
YOLOv3,N,6,6,18,out,0.0009626,
YOLOv3,N,6,6,18,NPU_in,31.072,
YOLOv3,N,6,6,18,NPU_run,42.2089,
YOLOv3,N,6,6,18,NPU_run_profile,17.6478,
YOLOv3,N,6,6,18,NPU_out,14.9837,
YOLOv3,N,6,6,20,in,0.0065917,
YOLOv3,N,6,6,20,out,0.0009332,
YOLOv3,N,6,6,20,NPU_in,30.6217,
YOLOv3,N,6,6,20,NPU_run,41.824,
YOLOv3,N,6,6,20,NPU_run_profile,17.6465,
YOLOv3,N,6,6,20,NPU_out,15.3691,
YOLOv3,N,6,6,22,in,0.0062416,
YOLOv3,N,6,6,22,out,0.0009626,
YOLOv3,N,6,6,22,NPU_in,29.9664,
YOLOv3,N,6,6,22,NPU_run,42.1441,
YOLOv3,N,6,6,22,NPU_run_profile,17.6817,
YOLOv3,N,6,6,22,NPU_out,14.5792,
YOLOv3,N,6,6,24,in,0.0058915,
YOLOv3,N,6,6,24,out,0.0009042,
YOLOv3,N,6,6,24,NPU_in,30.9531,
YOLOv3,N,6,6,24,NPU_run,41.6091,
YOLOv3,N,6,6,24,NPU_run_profile,17.6365,
YOLOv3,N,6,6,24,NPU_out,14.933,
YOLOv3,N,6,6,26,in,0.0076998,
YOLOv3,N,6,6,26,out,0.0009624,
YOLOv3,N,6,6,26,NPU_in,30.1569,
YOLOv3,N,6,6,26,NPU_run,50.8818,
YOLOv3,N,6,6,26,NPU_run_profile,26.967,
YOLOv3,N,6,6,26,NPU_out,20.2342,
YOLOv3,N,6,6,28,in,0.0079917,
YOLOv3,N,6,6,28,out,0.0008168,
YOLOv3,N,6,6,28,NPU_in,23.3251,
YOLOv3,N,6,6,28,NPU_run,42.539,
YOLOv3,N,6,6,28,NPU_run_profile,17.4877,
YOLOv3,N,6,6,28,NPU_out,20.6409,
YOLOv3,N,6,6,30,in,0.0077876,
YOLOv3,N,6,6,30,out,0.001196,
YOLOv3,N,6,6,30,NPU_in,23.7145,
YOLOv3,N,6,6,30,NPU_run,42.379,
YOLOv3,N,6,6,30,NPU_run_profile,17.7233,
YOLOv3,N,6,6,30,NPU_out,20.694,
YOLOv3,N,6,6,32,in,0.0079332,
YOLOv3,N,6,6,32,out,0.001225,
YOLOv3,N,6,6,32,NPU_in,23.6725,
YOLOv3,N,6,6,32,NPU_run,42.3712,
YOLOv3,N,6,6,32,NPU_run_profile,17.6922,
YOLOv3,N,6,6,32,NPU_out,21.1843,
YOLOv3,N,6,6,34,in,0.0075832,
YOLOv3,N,6,6,34,out,0.00105,
YOLOv3,N,6,6,34,NPU_in,23.1673,
YOLOv3,N,6,6,34,NPU_run,42.6528,
YOLOv3,N,6,6,34,NPU_run_profile,17.7472,
YOLOv3,N,6,6,34,NPU_out,20.6485,
YOLOv3,N,6,6,36,in,0.0075249,
YOLOv3,N,6,6,36,out,0.0012542,
YOLOv3,N,6,6,36,NPU_in,23.5602,
YOLOv3,N,6,6,36,NPU_run,42.3532,
YOLOv3,N,6,6,36,NPU_run_profile,17.7311,
YOLOv3,N,6,6,36,NPU_out,20.2263,
YOLOv3,N,6,6,38,in,0.0081957,
YOLOv3,N,6,6,38,out,0.0011957,
YOLOv3,N,6,6,38,NPU_in,22.6936,
YOLOv3,N,6,6,38,NPU_run,43.4451,
YOLOv3,N,6,6,38,NPU_run_profile,17.7944,
YOLOv3,N,6,6,38,NPU_out,20.6377,
YOLOv3,N,6,6,40,in,0.0078166,
YOLOv3,N,6,6,40,out,0.0012543,
YOLOv3,N,6,6,40,NPU_in,23.6696,
YOLOv3,N,6,6,40,NPU_run,43.6623,
YOLOv3,N,6,6,40,NPU_run_profile,17.6811,
YOLOv3,N,6,6,40,NPU_out,20.2249,
YOLOv3,N,6,6,42,in,0.008954,
YOLOv3,N,6,6,42,out,0.001254,
YOLOv3,N,6,6,42,NPU_in,23.4298,
YOLOv3,N,6,6,42,NPU_run,43.8141,
YOLOv3,N,6,6,42,NPU_run_profile,17.7863,
YOLOv3,N,6,6,42,NPU_out,20.6277,
YOLOv3,N,6,6,44,in,0.0074668,
YOLOv3,N,6,6,44,out,0.0010502,
YOLOv3,N,6,6,44,NPU_in,7.6266,
YOLOv3,N,6,6,44,NPU_run,14.9888,
YOLOv3,N,6,6,44,NPU_run_profile,6.8712,
YOLOv3,N,6,6,44,NPU_out,4.5571,
YOLOv3,N,6,6,46,in,0.0079041,
YOLOv3,N,6,6,46,out,0.00105,
YOLOv3,N,6,6,46,NPU_in,7.6962,
YOLOv3,N,6,6,46,NPU_run,14.3779,
YOLOv3,N,6,6,46,NPU_run_profile,6.6466,
YOLOv3,N,6,6,46,NPU_out,4.6514,
YOLOv3,N,6,6,48,in,0.0073207,
YOLOv3,N,6,6,48,out,0.0009919,
YOLOv3,N,6,6,48,NPU_in,7.8853,
YOLOv3,N,6,6,48,NPU_run,14.8069,
YOLOv3,N,6,6,48,NPU_run_profile,6.6741,
YOLOv3,N,6,6,48,NPU_out,4.5422,
YOLOv3,N,6,6,50,in,0.007,
YOLOv3,N,6,6,50,out,0.0009042,
YOLOv3,N,6,6,50,NPU_in,7.6939,
YOLOv3,N,6,6,50,NPU_run,14.3658,
YOLOv3,N,6,6,50,NPU_run_profile,6.6748,
YOLOv3,N,6,6,50,NPU_out,4.5873,
YOLOv3,N,6,6,52,in,0.0075541,
YOLOv3,N,6,6,52,out,0.001021,
YOLOv3,N,6,6,52,NPU_in,7.2979,
YOLOv3,N,6,6,52,NPU_run,14.5689,
YOLOv3,N,6,6,52,NPU_run_profile,6.6891,
YOLOv3,N,6,6,52,NPU_out,4.7167,
YOLOv3,N,6,6,54,in,0.0076127,
YOLOv3,N,6,6,54,out,0.0009333,
YOLOv3,N,6,6,54,NPU_in,7.2778,
YOLOv3,N,6,6,54,NPU_run,14.3548,
YOLOv3,N,6,6,54,NPU_run_profile,6.702,
YOLOv3,N,6,6,54,NPU_out,4.7163,
YOLOv3,N,6,6,56,in,0.0059792,
YOLOv3,N,6,6,56,out,0.0010209,
YOLOv3,N,6,6,56,NPU_in,7.1698,
YOLOv3,N,6,6,56,NPU_run,14.166,
YOLOv3,N,6,6,56,NPU_run_profile,6.6547,
YOLOv3,N,6,6,56,NPU_out,4.7156,
YOLOv3,N,6,6,58,in,0.0036458,
YOLOv3,N,6,6,58,task,57.0876,
YOLOv3,N,6,6,58,out,0.687721,
YOLOv3,N,6,6,58,NPU_in,11.5311,
YOLOv3,N,6,6,58,NPU_run,32.0007,
YOLOv3,N,6,6,58,NPU_run_profile,5.1915,
YOLOv3,N,6,6,58,NPU_out,2.2924,
YOLOv3,N,6,6,60,in,0.006125,
YOLOv3,N,6,6,60,out,0.0011959,
YOLOv3,N,6,6,60,NPU_in,28.4024,
YOLOv3,N,6,6,60,NPU_run,33.9707,
YOLOv3,N,6,6,60,NPU_run_profile,16.8581,
YOLOv3,N,6,6,60,NPU_out,10.7045,
YOLOv3,N,6,6,62,in,0.005804,
YOLOv3,N,6,6,62,out,0.0010791,
YOLOv3,N,6,6,62,NPU_in,14.2459,
YOLOv3,N,6,6,62,NPU_run,25.8873,
YOLOv3,N,6,6,62,NPU_run_profile,12.8137,
YOLOv3,N,6,6,62,NPU_out,9.7839,
YOLOv3,N,6,6,64,in,0.0114335,
YOLOv3,N,6,6,64,out,0.0011374,
YOLOv3,N,6,6,64,NPU_in,14.6831,
YOLOv3,N,6,6,64,NPU_run,25.9405,
YOLOv3,N,6,6,64,NPU_run_profile,12.8078,
YOLOv3,N,6,6,64,NPU_out,10.1928,
YOLOv3,N,6,6,66,in,0.0035293,
YOLOv3,N,6,6,66,task,128.0385,
YOLOv3,N,6,6,66,out,0.595204,
YOLOv3,N,6,6,66,NPU_in,24.2519,
YOLOv3,N,6,6,66,NPU_run,59.5595,
YOLOv3,N,6,6,66,NPU_run_profile,12.6289,
YOLOv3,N,6,6,66,NPU_out,11.9308,
YOLOv3,N,6,6,68,in,0.0061541,
YOLOv3,N,6,6,68,out,0.0010501,
YOLOv3,N,6,6,68,NPU_in,49.3408,
YOLOv3,N,6,6,68,NPU_run,79.6262,
YOLOv3,N,6,6,68,NPU_run_profile,46.2217,
YOLOv3,N,6,6,68,NPU_out,16.9148,
YOLOv3,N,6,6,70,in,0.0061541,
YOLOv3,N,6,6,70,out,0.0010208,
YOLOv3,N,6,6,70,NPU_in,28.6265,
YOLOv3,N,6,6,70,NPU_run,42.1463,
YOLOv3,N,6,6,70,NPU_run_profile,17.6375,
YOLOv3,N,6,6,70,NPU_out,15.0331,
YOLOv3,N,6,6,72,in,0.005571,
YOLOv3,N,6,6,72,out,0.0009918,
YOLOv3,N,6,6,72,NPU_in,28.1819,
YOLOv3,N,6,6,72,NPU_run,41.88,
YOLOv3,N,6,6,72,NPU_run_profile,17.6569,
YOLOv3,N,6,6,72,NPU_out,14.5138,
YOLOv3,N,6,6,74,in,0.0041708,
YOLOv3,N,6,6,74,out,0.2065,
YOLOv3,N,6,6,74,NPU_in,28.2611,
YOLOv3,N,6,6,74,NPU_run,69.8148,
YOLOv3,N,6,6,74,NPU_run_profile,30.9068,
YOLOv3,N,6,6,74,NPU_out,30.4385,
YOLOv3,N,7,7,0,out,0.000875,
YOLOv3,N,7,7,0,NPU_in,17.2991,
YOLOv3,N,7,7,0,NPU_run,333.1503,
YOLOv3,N,7,7,0,NPU_run_profile,98.7897,
YOLOv3,N,7,7,0,NPU_out,271.3631,
YOLOv3,N,7,7,2,in,0.0062418,
YOLOv3,N,7,7,2,out,0.000875,
YOLOv3,N,7,7,2,NPU_in,108.3756,
YOLOv3,N,7,7,2,NPU_run,140.9337,
YOLOv3,N,7,7,2,NPU_run_profile,52.7921,
YOLOv3,N,7,7,2,NPU_out,52.2094,
YOLOv3,N,7,7,4,in,0.0073502,
YOLOv3,N,7,7,4,out,0.0009042,
YOLOv3,N,7,7,4,NPU_in,103.8015,
YOLOv3,N,7,7,4,NPU_run,172.1569,
YOLOv3,N,7,7,4,NPU_run_profile,83.1975,
YOLOv3,N,7,7,4,NPU_out,60.0189,
YOLOv3,N,7,7,6,in,0.0072041,
YOLOv3,N,7,7,6,out,0.0010791,
YOLOv3,N,7,7,6,NPU_in,82.7714,
YOLOv3,N,7,7,6,NPU_run,153.4017,
YOLOv3,N,7,7,6,NPU_run_profile,64.7615,
YOLOv3,N,7,7,6,NPU_out,58.0627,
YOLOv3,N,7,7,8,in,0.0061251,
YOLOv3,N,7,7,8,out,0.0012543,
YOLOv3,N,7,7,8,NPU_in,83.3652,
YOLOv3,N,7,7,8,NPU_run,153.2794,
YOLOv3,N,7,7,8,NPU_run_profile,64.4717,
YOLOv3,N,7,7,8,NPU_out,58.7114,
YOLOv3,N,7,7,10,in,0.0068252,
YOLOv3,N,7,7,10,out,0.000875,
YOLOv3,N,7,7,10,NPU_in,28.1793,
YOLOv3,N,7,7,10,NPU_run,44.4734,
YOLOv3,N,7,7,10,NPU_run_profile,19.7234,
YOLOv3,N,7,7,10,NPU_out,14.0292,
YOLOv3,N,7,7,12,in,0.006271,
YOLOv3,N,7,7,12,out,0.0009623,
YOLOv3,N,7,7,12,NPU_in,28.0631,
YOLOv3,N,7,7,12,NPU_run,41.3188,
YOLOv3,N,7,7,12,NPU_run_profile,17.6623,
YOLOv3,N,7,7,12,NPU_out,13.6294,
YOLOv3,N,7,7,14,in,0.0059209,
YOLOv3,N,7,7,14,out,0.0009625,
YOLOv3,N,7,7,14,NPU_in,28.0223,
YOLOv3,N,7,7,14,NPU_run,41.8127,
YOLOv3,N,7,7,14,NPU_run_profile,17.7145,
YOLOv3,N,7,7,14,NPU_out,14.0471,
YOLOv3,N,7,7,16,in,0.0062127,
YOLOv3,N,7,7,16,out,0.0008166,
YOLOv3,N,7,7,16,NPU_in,28.484,
YOLOv3,N,7,7,16,NPU_run,41.8617,
YOLOv3,N,7,7,16,NPU_run_profile,17.6863,
YOLOv3,N,7,7,16,NPU_out,14.1594,
YOLOv3,N,7,7,18,in,0.0070875,
YOLOv3,N,7,7,18,out,0.0008752,
YOLOv3,N,7,7,18,NPU_in,28.0726,
YOLOv3,N,7,7,18,NPU_run,41.883,
YOLOv3,N,7,7,18,NPU_run_profile,17.6394,
YOLOv3,N,7,7,18,NPU_out,14.0663,
YOLOv3,N,7,7,20,in,0.0056875,
YOLOv3,N,7,7,20,out,0.000729,
YOLOv3,N,7,7,20,NPU_in,27.2763,
YOLOv3,N,7,7,20,NPU_run,41.9817,
YOLOv3,N,7,7,20,NPU_run_profile,17.6355,
YOLOv3,N,7,7,20,NPU_out,14.0902,
YOLOv3,N,7,7,22,in,0.0058041,
YOLOv3,N,7,7,22,out,0.0006707,
YOLOv3,N,7,7,22,NPU_in,27.7962,
YOLOv3,N,7,7,22,NPU_run,41.9481,
YOLOv3,N,7,7,22,NPU_run_profile,17.6825,
YOLOv3,N,7,7,22,NPU_out,13.6635,
YOLOv3,N,7,7,24,in,0.0099456,
YOLOv3,N,7,7,24,out,0.0007874,
YOLOv3,N,7,7,24,NPU_in,28.35,
YOLOv3,N,7,7,24,NPU_run,41.9527,
YOLOv3,N,7,7,24,NPU_run_profile,17.6437,
YOLOv3,N,7,7,24,NPU_out,14.0135,
YOLOv3,N,7,7,26,in,0.0076418,
YOLOv3,N,7,7,26,out,0.0010208,
YOLOv3,N,7,7,26,NPU_in,27.8071,
YOLOv3,N,7,7,26,NPU_run,51.203,
YOLOv3,N,7,7,26,NPU_run_profile,26.9756,
YOLOv3,N,7,7,26,NPU_out,19.1806,
YOLOv3,N,7,7,28,in,0.0075541,
YOLOv3,N,7,7,28,out,0.0009917,
YOLOv3,N,7,7,28,NPU_in,21.9196,
YOLOv3,N,7,7,28,NPU_run,41.8572,
YOLOv3,N,7,7,28,NPU_run_profile,17.485,
YOLOv3,N,7,7,28,NPU_out,19.7862,
YOLOv3,N,7,7,30,in,0.0076708,
YOLOv3,N,7,7,30,out,0.0011084,
YOLOv3,N,7,7,30,NPU_in,21.0907,
YOLOv3,N,7,7,30,NPU_run,42.8482,
YOLOv3,N,7,7,30,NPU_run_profile,17.7219,
YOLOv3,N,7,7,30,NPU_out,19.4414,
YOLOv3,N,7,7,32,in,0.0077003,
YOLOv3,N,7,7,32,out,0.0011372,
YOLOv3,N,7,7,32,NPU_in,21.4386,
YOLOv3,N,7,7,32,NPU_run,41.6511,
YOLOv3,N,7,7,32,NPU_run_profile,17.6814,
YOLOv3,N,7,7,32,NPU_out,19.8952,
YOLOv3,N,7,7,34,in,0.0075542,
YOLOv3,N,7,7,34,out,0.0009625,
YOLOv3,N,7,7,34,NPU_in,21.2391,
YOLOv3,N,7,7,34,NPU_run,42.1335,
YOLOv3,N,7,7,34,NPU_run_profile,17.7448,
YOLOv3,N,7,7,34,NPU_out,19.5222,
YOLOv3,N,7,7,36,in,0.0074667,
YOLOv3,N,7,7,36,out,0.0011667,
YOLOv3,N,7,7,36,NPU_in,20.9047,
YOLOv3,N,7,7,36,NPU_run,42.6752,
YOLOv3,N,7,7,36,NPU_run_profile,17.7253,
YOLOv3,N,7,7,36,NPU_out,19.2347,
YOLOv3,N,7,7,38,in,0.0085458,
YOLOv3,N,7,7,38,out,0.0009625,
YOLOv3,N,7,7,38,NPU_in,20.4063,
YOLOv3,N,7,7,38,NPU_run,42.1525,
YOLOv3,N,7,7,38,NPU_run_profile,17.7952,
YOLOv3,N,7,7,38,NPU_out,19.9231,
YOLOv3,N,7,7,40,in,0.0076414,
YOLOv3,N,7,7,40,out,0.0011668,
YOLOv3,N,7,7,40,NPU_in,21.1877,
YOLOv3,N,7,7,40,NPU_run,41.8343,
YOLOv3,N,7,7,40,NPU_run_profile,17.6907,
YOLOv3,N,7,7,40,NPU_out,18.9173,
YOLOv3,N,7,7,42,in,0.0094497,
YOLOv3,N,7,7,42,out,0.0014292,
YOLOv3,N,7,7,42,NPU_in,20.7244,
YOLOv3,N,7,7,42,NPU_run,42.768,
YOLOv3,N,7,7,42,NPU_run_profile,17.7748,
YOLOv3,N,7,7,42,NPU_out,19.4257,
YOLOv3,N,7,7,44,in,0.0072042,
YOLOv3,N,7,7,44,out,0.0009623,
YOLOv3,N,7,7,44,NPU_in,6.6942,
YOLOv3,N,7,7,44,NPU_run,15.4569,
YOLOv3,N,7,7,44,NPU_run_profile,6.6535,
YOLOv3,N,7,7,44,NPU_out,4.2697,
YOLOv3,N,7,7,46,in,0.0073791,
YOLOv3,N,7,7,46,out,0.0009624,
YOLOv3,N,7,7,46,NPU_in,6.646,
YOLOv3,N,7,7,46,NPU_run,14.439,
YOLOv3,N,7,7,46,NPU_run_profile,6.6392,
YOLOv3,N,7,7,46,NPU_out,4.3655,
YOLOv3,N,7,7,48,in,0.0070874,
YOLOv3,N,7,7,48,out,0.0009915,
YOLOv3,N,7,7,48,NPU_in,6.7497,
YOLOv3,N,7,7,48,NPU_run,14.7274,
YOLOv3,N,7,7,48,NPU_run_profile,6.6753,
YOLOv3,N,7,7,48,NPU_out,4.3413,
YOLOv3,N,7,7,50,in,0.0068834,
YOLOv3,N,7,7,50,out,0.0009623,
YOLOv3,N,7,7,50,NPU_in,6.6123,
YOLOv3,N,7,7,50,NPU_run,14.686,
YOLOv3,N,7,7,50,NPU_run_profile,6.6865,
YOLOv3,N,7,7,50,NPU_out,4.4578,
YOLOv3,N,7,7,52,in,0.0072334,
YOLOv3,N,7,7,52,out,0.0010499,
YOLOv3,N,7,7,52,NPU_in,6.3249,
YOLOv3,N,7,7,52,NPU_run,14.6031,
YOLOv3,N,7,7,52,NPU_run_profile,6.6872,
YOLOv3,N,7,7,52,NPU_out,4.2522,
YOLOv3,N,7,7,54,in,0.0070583,
YOLOv3,N,7,7,54,out,0.000875,
YOLOv3,N,7,7,54,NPU_in,6.286,
YOLOv3,N,7,7,54,NPU_run,14.7011,
YOLOv3,N,7,7,54,NPU_run_profile,6.7068,
YOLOv3,N,7,7,54,NPU_out,4.3885,
YOLOv3,N,7,7,56,in,0.0051625,
YOLOv3,N,7,7,56,out,0.0009917,
YOLOv3,N,7,7,56,NPU_in,6.3337,
YOLOv3,N,7,7,56,NPU_run,14.5992,
YOLOv3,N,7,7,56,NPU_run_profile,6.6579,
YOLOv3,N,7,7,56,NPU_out,4.3039,
YOLOv3,N,7,7,58,in,0.0035875,
YOLOv3,N,7,7,58,task,54.6239,
YOLOv3,N,7,7,58,out,0.709917,
YOLOv3,N,7,7,58,NPU_in,8.4685,
YOLOv3,N,7,7,58,NPU_run,26.9328,
YOLOv3,N,7,7,58,NPU_run_profile,5.1801,
YOLOv3,N,7,7,58,NPU_out,2.2905,
YOLOv3,N,7,7,60,in,0.0065043,
YOLOv3,N,7,7,60,out,0.0011082,
YOLOv3,N,7,7,60,NPU_in,21.1494,
YOLOv3,N,7,7,60,NPU_run,33.0644,
YOLOv3,N,7,7,60,NPU_run_profile,16.8587,
YOLOv3,N,7,7,60,NPU_out,9.4952,
YOLOv3,N,7,7,62,in,0.0059499,
YOLOv3,N,7,7,62,out,0.0010501,
YOLOv3,N,7,7,62,NPU_in,12.8902,
YOLOv3,N,7,7,62,NPU_run,25.8373,
YOLOv3,N,7,7,62,NPU_run_profile,12.8102,
YOLOv3,N,7,7,62,NPU_out,9.4452,
YOLOv3,N,7,7,64,in,0.0058918,
YOLOv3,N,7,7,64,out,0.0011667,
YOLOv3,N,7,7,64,NPU_in,12.9646,
YOLOv3,N,7,7,64,NPU_run,26.0224,
YOLOv3,N,7,7,64,NPU_run_profile,12.8133,
YOLOv3,N,7,7,64,NPU_out,9.218,
YOLOv3,N,7,7,66,in,0.0030331,
YOLOv3,N,7,7,66,task,119.8214,
YOLOv3,N,7,7,66,out,0.555479,
YOLOv3,N,7,7,66,NPU_in,22.4605,
YOLOv3,N,7,7,66,NPU_run,51.6541,
YOLOv3,N,7,7,66,NPU_run_profile,12.6285,
YOLOv3,N,7,7,66,NPU_out,10.0214,
YOLOv3,N,7,7,68,in,0.0065333,
YOLOv3,N,7,7,68,out,0.0009919,
YOLOv3,N,7,7,68,NPU_in,44.1291,
YOLOv3,N,7,7,68,NPU_run,80.1168,
YOLOv3,N,7,7,68,NPU_run_profile,46.3269,
YOLOv3,N,7,7,68,NPU_out,13.8121,
YOLOv3,N,7,7,70,in,0.0062997,
YOLOv3,N,7,7,70,out,0.0010502,
YOLOv3,N,7,7,70,NPU_in,26.2169,
YOLOv3,N,7,7,70,NPU_run,41.7593,
YOLOv3,N,7,7,70,NPU_run_profile,17.642,
YOLOv3,N,7,7,70,NPU_out,14.2445,
YOLOv3,N,7,7,72,in,0.0068543,
YOLOv3,N,7,7,72,out,0.001225,
YOLOv3,N,7,7,72,NPU_in,26.7681,
YOLOv3,N,7,7,72,NPU_run,42.0578,
YOLOv3,N,7,7,72,NPU_run_profile,17.6647,
YOLOv3,N,7,7,72,NPU_out,13.9768,
YOLOv3,N,7,7,74,in,0.0034415,
YOLOv3,N,7,7,74,out,0.178529,
YOLOv3,N,7,7,74,NPU_in,25.5747,
YOLOv3,N,7,7,74,NPU_run,69.2483,
YOLOv3,N,7,7,74,NPU_run_profile,30.9196,
YOLOv3,N,7,7,74,NPU_out,28.3519,
YOLOv3,N,0,0,1,task,1829.879,3449.57893524483
YOLOv3,N,0,0,3,task,1657.6781,3452.81227526534
YOLOv3,N,0,0,5,task,487.9766,3458.29579192203
YOLOv3,N,0,0,7,task,463.9127,3463.12601651868
YOLOv3,N,0,0,9,task,479.2188,3466.84792515526
YOLOv3,N,0,0,11,task,417.4709,3462.97769967905
YOLOv3,N,0,0,13,task,381.3245,3476.31671093228
YOLOv3,N,0,0,15,task,423.9981,3459.20893100201
YOLOv3,N,0,0,17,task,389.2662,3472.61731777947
YOLOv3,N,0,0,19,task,414.2928,3468.91802538696
YOLOv3,N,0,0,21,task,413.5048,3457.20193341365
YOLOv3,N,0,0,23,task,378.1694,3477.71389467763
YOLOv3,N,0,0,25,task,426.7403,3466.44267356987
YOLOv3,N,0,0,27,task,135.9768,3454.69593201045
YOLOv3,N,0,0,29,task,121.3033,3457.83355842802
YOLOv3,N,0,0,31,task,123.3108,3466.97968888801
YOLOv3,N,0,0,33,task,127.5189,3459.12092927329
YOLOv3,N,0,0,35,task,123.6433,3460.65314820784
YOLOv3,N,0,0,37,task,140.8188,3448.17957822515
YOLOv3,N,0,0,39,task,126.4939,3457.75956630602
YOLOv3,N,0,0,41,task,123.9387,3460.99951799348
YOLOv3,N,0,0,43,task,149.1384,3515.84204063256
YOLOv3,N,0,0,45,task,115.5349,3474.95705455388
YOLOv3,N,0,0,47,task,109.4324,3483.89558206067
YOLOv3,N,0,0,49,task,112.944,3478.2465674588
YOLOv3,N,0,0,51,task,120.3029,3488.4668510091
YOLOv3,N,0,0,53,task,80.5932,3532.17030507096
YOLOv3,N,0,0,55,task,71.4492,3517.61391755023
YOLOv3,N,0,0,59,task,344.7955,3516.48329942856
YOLOv3,N,0,0,61,task,133.7242,3494.31223739272
YOLOv3,N,0,0,63,task,140.1973,3477.88467876585
YOLOv3,N,0,0,67,task,631.7247,3496.55107828415
YOLOv3,N,0,0,69,task,293.5534,3477.0955624155
YOLOv3,N,0,0,71,task,245.028,3488.32060975707
YOLOv3,N,0,0,73,task,269.6594,3455.99545521853
YOLOv3,N,1,1,1,task,1326.1838,3564.96125078494
YOLOv3,N,1,1,3,task,1177.5264,3566.29538279385
YOLOv3,N,1,1,5,task,327.0148,3589.35833972006
YOLOv3,N,1,1,7,task,326.3154,3619.83308845614
YOLOv3,N,1,1,9,task,333.143,3622.06803551131
YOLOv3,N,1,1,11,task,289.8472,3602.87678702558
YOLOv3,N,1,1,13,task,291.985,3591.70324587098
YOLOv3,N,1,1,15,task,290.5491,3594.55451931483
YOLOv3,N,1,1,17,task,288.7673,3587.29942558434
YOLOv3,N,1,1,19,task,287.4101,3590.29894796265
YOLOv3,N,1,1,21,task,289.3428,3581.4346882785
YOLOv3,N,1,1,23,task,293.2034,3597.02019658094
YOLOv3,N,1,1,25,task,292.4504,3594.62142956274
YOLOv3,N,1,1,27,task,102.1295,3546.82242158624
YOLOv3,N,1,1,29,task,92.0232,3576.51628728601
YOLOv3,N,1,1,31,task,91.9363,3581.70312996629
YOLOv3,N,1,1,33,task,94.3572,3570.95545542845
YOLOv3,N,1,1,35,task,95.2993,3577.04688298333
YOLOv3,N,1,1,37,task,92.411,3579.95493887273
YOLOv3,N,1,1,39,task,96.453,3552.26098372229
YOLOv3,N,1,1,41,task,95.6708,3579.07500141871
YOLOv3,N,1,1,43,task,104.9524,3653.11545833146
YOLOv3,N,1,1,45,task,82.7531,3600.85397296774
YOLOv3,N,1,1,47,task,80.2437,3604.32549928798
YOLOv3,N,1,1,49,task,82.5887,3605.52104680797
YOLOv3,N,1,1,51,task,91.0274,3598.30360086856
YOLOv3,N,1,1,53,task,58.1522,3632.40383591725
YOLOv3,N,1,1,55,task,59.1065,3616.4724221618
YOLOv3,N,1,1,59,task,229.8704,3686.79099258631
YOLOv3,N,1,1,61,task,107.7047,3596.02111139914
YOLOv3,N,1,1,63,task,109.0059,3629.97167258909
YOLOv3,N,1,1,67,task,395.4077,3686.6982164413
YOLOv3,N,1,1,69,task,194.2764,3623.89102713476
YOLOv3,N,1,1,71,task,180.3849,3608.00971231828
YOLOv3,N,1,1,73,task,183.3303,3605.86751048276
YOLOv3,N,2,2,1,task,1061.3601,3709.19727665405
YOLOv3,N,2,2,3,task,936.1846,3705.37992941969
YOLOv3,N,2,2,5,task,262.0829,3738.39464162354
YOLOv3,N,2,2,7,task,260.8499,3737.44339480637
YOLOv3,N,2,2,9,task,264.3491,3752.41363797062
YOLOv3,N,2,2,11,task,226.7927,3748.48638167225
YOLOv3,N,2,2,13,task,228.8332,3740.0364168044
YOLOv3,N,2,2,15,task,230.833,3733.669387966
YOLOv3,N,2,2,17,task,227.1545,3746.01418371595
YOLOv3,N,2,2,19,task,226.483,3729.95412679626
YOLOv3,N,2,2,21,task,230.2868,3729.49392668323
YOLOv3,N,2,2,23,task,229.4722,3738.9307019013
YOLOv3,N,2,2,25,task,225.9015,3733.08591777354
YOLOv3,N,2,2,27,task,77.6468,3694.03625122301
YOLOv3,N,2,2,29,task,76.9417,3709.40801335891
YOLOv3,N,2,2,31,task,75.4575,3703.97714446725
YOLOv3,N,2,2,33,task,75.4048,3728.47568389316
YOLOv3,N,2,2,35,task,73.5411,3713.78730197943
YOLOv3,N,2,2,37,task,75.4543,3709.64497953027
YOLOv3,N,2,2,39,task,76.3492,3707.80117106198
YOLOv3,N,2,2,41,task,76.0426,3709.9640804893
YOLOv3,N,2,2,43,task,82.6225,3814.33266752378
YOLOv3,N,2,2,45,task,65.7406,3727.83783935972
YOLOv3,N,2,2,47,task,66.5282,3757.45907122024
YOLOv3,N,2,2,49,task,68.4001,3748.3535677757
YOLOv3,N,2,2,51,task,65.9121,3747.83130686612
YOLOv3,N,2,2,53,task,47.9052,3724.66288942951
YOLOv3,N,2,2,55,task,48.3334,3738.50743678365
YOLOv3,N,2,2,59,task,168.6245,3902.44379545279
YOLOv3,N,2,2,61,task,88.755,3747.52213662947
YOLOv3,N,2,2,63,task,87.7607,3719.00000806882
YOLOv3,N,2,2,67,task,312.4591,3869.77340813978
YOLOv3,N,2,2,69,task,158.4204,3785.39683412969
YOLOv3,N,2,2,71,task,148.2361,3744.93389565224
YOLOv3,N,2,2,73,task,145.7855,3743.19220569365
YOLOv3,N,3,3,1,task,908.1301,3828.10603910377
YOLOv3,N,3,3,3,task,814.5229,3837.86670050575
YOLOv3,N,3,3,5,task,226.7692,3872.35929589909
YOLOv3,N,3,3,7,task,228.0579,3861.53855333116
YOLOv3,N,3,3,9,task,236.7576,3857.20956632611
YOLOv3,N,3,3,11,task,198.4721,3875.24007165948
YOLOv3,N,3,3,13,task,198.1894,3855.291184136
YOLOv3,N,3,3,15,task,198.5778,3868.5360124279
YOLOv3,N,3,3,17,task,199.169,3887.80834740467
YOLOv3,N,3,3,19,task,200.1084,3865.64459221586
YOLOv3,N,3,3,21,task,199.3476,3857.97810134451
YOLOv3,N,3,3,23,task,200.7661,3842.63879402318
YOLOv3,N,3,3,25,task,200.3403,3860.54772056069
YOLOv3,N,3,3,27,task,67.3154,3812.20815956269
YOLOv3,N,3,3,29,task,65.0511,3849.63302308297
YOLOv3,N,3,3,31,task,65.949,3843.02392252862
YOLOv3,N,3,3,33,task,66.0546,3827.44764285006
YOLOv3,N,3,3,35,task,65.4199,3833.83419810164
YOLOv3,N,3,3,37,task,65.6263,3837.98422088767
YOLOv3,N,3,3,39,task,67.403,3863.35546783853
YOLOv3,N,3,3,41,task,66.5723,3835.83155973037
YOLOv3,N,3,3,43,task,72.3131,3940.33293246993
YOLOv3,N,3,3,45,task,60.123,3849.85820208586
YOLOv3,N,3,3,47,task,59.5394,3847.32373508603
YOLOv3,N,3,3,49,task,58.4251,3852.39678084678
YOLOv3,N,3,3,51,task,60.3734,3883.78709585693
YOLOv3,N,3,3,53,task,42.6982,3899.24013725738
YOLOv3,N,3,3,55,task,41.3238,3888.01701196927
YOLOv3,N,3,3,59,task,140.832,4107.52169538617
YOLOv3,N,3,3,61,task,75.3823,3857.80787314926
YOLOv3,N,3,3,63,task,77.7093,3846.5258934343
YOLOv3,N,3,3,67,task,255.2638,4087.3732393765
YOLOv3,N,3,3,69,task,138.0152,3884.13339943797
YOLOv3,N,3,3,71,task,130.6247,3840.50001239765
YOLOv3,N,3,3,73,task,130.777,3846.62302178579
YOLOv3,N,4,4,1,task,832.6271,4016.69376253714
YOLOv3,N,4,4,3,task,735.2621,4027.4401844296
YOLOv3,N,4,4,5,task,209.1104,4065.23998563796
YOLOv3,N,4,4,7,task,207.2706,4062.46199618535
YOLOv3,N,4,4,9,task,209.8814,4065.89253215714
YOLOv3,N,4,4,11,task,183.9465,4048.93457630442
YOLOv3,N,4,4,13,task,181.648,4070.44475683729
YOLOv3,N,4,4,15,task,179.5438,4077.84211926126
YOLOv3,N,4,4,17,task,182.9469,4041.28696150185
YOLOv3,N,4,4,19,task,182.4406,4046.9850087056
YOLOv3,N,4,4,21,task,181.6533,4040.39838273663
YOLOv3,N,4,4,23,task,181.244,4055.24080546743
YOLOv3,N,4,4,25,task,183.4744,4027.19128281793
YOLOv3,N,4,4,27,task,64.3816,3958.67015605112
YOLOv3,N,4,4,29,task,61.4326,4024.13903662408
YOLOv3,N,4,4,31,task,60.4922,4031.67596361049
YOLOv3,N,4,4,33,task,60.0038,4017.42264164329
YOLOv3,N,4,4,35,task,61.9438,4027.19194556129
YOLOv3,N,4,4,37,task,60.5894,4037.40591184459
YOLOv3,N,4,4,39,task,59.1043,4054.56860706861
YOLOv3,N,4,4,41,task,60.0774,4030.61346366609
YOLOv3,N,4,4,43,task,66.313,4139.75230729754
YOLOv3,N,4,4,45,task,54.1293,4045.32523876345
YOLOv3,N,4,4,47,task,54.5556,4060.94645257106
YOLOv3,N,4,4,49,task,53.9788,4043.9698010323
YOLOv3,N,4,4,51,task,53.9199,4067.85784436152
YOLOv3,N,4,4,53,task,39.3064,4010.16459756644
YOLOv3,N,4,4,55,task,38.8026,4010.14360689478
YOLOv3,N,4,4,59,task,126.5523,4395.93742415152
YOLOv3,N,4,4,61,task,71.2183,3999.86553737883
YOLOv3,N,4,4,63,task,70.3926,4000.99350649351
YOLOv3,N,4,4,67,task,227.8837,4306.80491562303
YOLOv3,N,4,4,69,task,123.6934,4074.49338208687
YOLOv3,N,4,4,71,task,120.8692,4045.29469679354
YOLOv3,N,4,4,73,task,119.936,4023.98206447796
YOLOv3,N,5,5,1,task,757.7707,4233.74623481336
YOLOv3,N,5,5,3,task,672.9294,4247.93566864425
YOLOv3,N,5,5,5,task,191.8685,4289.42371921633
YOLOv3,N,5,5,7,task,190.0397,4282.05692620697
YOLOv3,N,5,5,9,task,195.382,4274.59666873329
YOLOv3,N,5,5,11,task,166.0157,4281.8308002885
YOLOv3,N,5,5,13,task,164.816,4276.05424868489
YOLOv3,N,5,5,15,task,166.4388,4273.6655793547
YOLOv3,N,5,5,17,task,167.1342,4253.99899514288
YOLOv3,N,5,5,19,task,166.7431,4269.41867193968
YOLOv3,N,5,5,21,task,166.8771,4268.93104057295
YOLOv3,N,5,5,23,task,165.617,4243.84132490135
YOLOv3,N,5,5,25,task,167.2613,4259.36995392339
YOLOv3,N,5,5,27,task,59.2968,4209.39131986905
YOLOv3,N,5,5,29,task,56.2443,4241.21084635945
YOLOv3,N,5,5,31,task,55.8543,4215.11198278845
YOLOv3,N,5,5,33,task,56.2109,4256.8620665308
YOLOv3,N,5,5,35,task,55.0878,4216.10587778235
YOLOv3,N,5,5,37,task,58.0164,4206.28145787767
YOLOv3,N,5,5,39,task,56.5855,4208.39595798872
YOLOv3,N,5,5,41,task,57.0155,4235.00702737235
YOLOv3,N,5,5,43,task,63.8962,4339.55153564189
YOLOv3,N,5,5,45,task,49.7834,4278.48228036713
YOLOv3,N,5,5,47,task,49.9946,4257.91550003112
YOLOv3,N,5,5,49,task,49.7141,4270.5510235732
YOLOv3,N,5,5,51,task,51.0607,4259.74767818852
YOLOv3,N,5,5,53,task,36.7201,4246.2173152934
YOLOv3,N,5,5,55,task,36.4201,4260.44088882132
YOLOv3,N,5,5,59,task,123.6662,4628.90340361326
YOLOv3,N,5,5,61,task,66.5214,4251.48268851587
YOLOv3,N,5,5,63,task,67.1656,4200.16648226986
YOLOv3,N,5,5,67,task,202.6091,4628.72207295336
YOLOv3,N,5,5,69,task,114.4792,4282.26402721875
YOLOv3,N,5,5,71,task,112.7897,4235.20904214871
YOLOv3,N,5,5,73,task,113.734,4208.03691104439
YOLOv3,N,6,6,1,task,702.3627,4483.84440228688
YOLOv3,N,6,6,3,task,643.0727,4487.16394464326
YOLOv3,N,6,6,5,task,177.4747,4526.45557784644
YOLOv3,N,6,6,7,task,178.0289,4567.59373819336
YOLOv3,N,6,6,9,task,184.0027,4521.0883338563
YOLOv3,N,6,6,11,task,155.6939,4529.21001346706
YOLOv3,N,6,6,13,task,154.8916,4536.77236668567
YOLOv3,N,6,6,15,task,158.9516,4554.51339014219
YOLOv3,N,6,6,17,task,156.617,4501.15361685056
YOLOv3,N,6,6,19,task,155.9048,4528.94114327531
YOLOv3,N,6,6,21,task,157.1376,4524.10538052479
YOLOv3,N,6,6,23,task,156.3594,4520.74294265123
YOLOv3,N,6,6,25,task,156.9271,4531.72390439737
YOLOv3,N,6,6,27,task,56.5896,4353.49428854228
YOLOv3,N,6,6,29,task,53.9775,4422.24879409806
YOLOv3,N,6,6,31,task,54.1782,4466.54438840729
YOLOv3,N,6,6,33,task,53.6787,4518.02324758575
YOLOv3,N,6,6,35,task,54.2638,4455.83665250662
YOLOv3,N,6,6,37,task,55.0529,4402.25180497607
YOLOv3,N,6,6,39,task,52.5177,4464.21155392942
YOLOv3,N,6,6,41,task,53.97,4449.43490864743
YOLOv3,N,6,6,43,task,60.8014,4519.36619335
YOLOv3,N,6,6,45,task,47.5492,4478.25673621892
YOLOv3,N,6,6,47,task,47.2232,4536.70098364279
YOLOv3,N,6,6,49,task,47.0134,4523.51652324316
YOLOv3,N,6,6,51,task,47.4026,4469.58178603006
YOLOv3,N,6,6,53,task,35.3561,4423.31072912595
YOLOv3,N,6,6,55,task,35.399,4421.61686139947
YOLOv3,N,6,6,59,task,110.1637,5044.02469335081
YOLOv3,N,6,6,61,task,63.0915,4413.81730041296
YOLOv3,N,6,6,63,task,64.1751,4434.24526788178
YOLOv3,N,6,6,67,task,187.5187,5118.04029575461
YOLOv3,N,6,6,69,task,107.4499,4461.32625107966
YOLOv3,N,6,6,71,task,106.6577,4463.6373264851
YOLOv3,N,6,6,73,task,107.2226,4444.03192923778
YOLOv3,N,7,7,1,task,663.1963,4892.57019625043
YOLOv3,N,7,7,3,task,598.8169,4867.61856369923
YOLOv3,N,7,7,5,task,172.0398,4883.76618683164
YOLOv3,N,7,7,7,task,170.0788,4901.87460638909
YOLOv3,N,7,7,9,task,175.4661,4876.76018004796
YOLOv3,N,7,7,11,task,147.0448,4882.81498003918
YOLOv3,N,7,7,13,task,148.743,4943.81280508614
YOLOv3,N,7,7,15,task,147.6445,4939.18405360404
YOLOv3,N,7,7,17,task,149.9573,4886.49843810102
YOLOv3,N,7,7,19,task,151.5629,4912.57489312018
YOLOv3,N,7,7,21,task,147.1178,4919.65463612105
YOLOv3,N,7,7,23,task,149.2048,4919.79960250394
YOLOv3,N,7,7,25,task,150.5505,4904.3619820623
YOLOv3,N,7,7,27,task,55.0305,4698.08620678474
YOLOv3,N,7,7,29,task,52.5752,4745.69782198352
YOLOv3,N,7,7,31,task,51.8395,4746.40005495769
YOLOv3,N,7,7,33,task,51.5376,4772.60487160689
YOLOv3,N,7,7,35,task,52.4057,4750.12850361641
YOLOv3,N,7,7,37,task,51.7225,4775.3905435172
YOLOv3,N,7,7,39,task,51.821,4783.19993376326
YOLOv3,N,7,7,41,task,52.5634,4840.13492776989
YOLOv3,N,7,7,43,task,58.4391,4862.32105471579
YOLOv3,N,7,7,45,task,45.6068,4884.20186518462
YOLOv3,N,7,7,47,task,45.1173,4870.7662835249
YOLOv3,N,7,7,49,task,46.275,4855.45541240369
YOLOv3,N,7,7,51,task,45.7289,4851.30670989292
YOLOv3,N,7,7,53,task,34.7708,4703.26007326007
YOLOv3,N,7,7,55,task,34.8606,4724.9050949051
YOLOv3,N,7,7,59,task,96.394,5707.8685864561
YOLOv3,N,7,7,61,task,62.3499,4779.44698494597
YOLOv3,N,7,7,63,task,61.1446,4795.90422421799
YOLOv3,N,7,7,67,task,175.3401,5709.14147199488
YOLOv3,N,7,7,69,task,103.4723,4840.58399803429
YOLOv3,N,7,7,71,task,103.4688,4772.59553854265
YOLOv3,N,7,7,73,task,104.5452,4822.70732059735
YOLOv3,N,0,0,1,in,0.013329,
YOLOv3,N,0,0,1,out,0.0130666,
YOLOv3,N,0,0,1,NPU_in,927.1746,
YOLOv3,N,0,0,1,NPU_run,460.9468,
YOLOv3,N,0,0,1,NPU_run_profile,163.105,
YOLOv3,N,0,0,1,NPU_out,430.7737,
YOLOv3,N,0,0,3,in,0.0128335,
YOLOv3,N,0,0,3,out,0.0027126,
YOLOv3,N,0,0,3,NPU_in,769.9606,
YOLOv3,N,0,0,3,NPU_run,436.5514,
YOLOv3,N,0,0,3,NPU_run_profile,133.054,
YOLOv3,N,0,0,3,NPU_out,439.8917,
YOLOv3,N,0,0,5,in,0.0129791,
YOLOv3,N,0,0,5,out,0.0026251,
YOLOv3,N,0,0,5,NPU_in,274.9968,
YOLOv3,N,0,0,5,NPU_run,114.9344,
YOLOv3,N,0,0,5,NPU_run_profile,38.9724,
YOLOv3,N,0,0,5,NPU_out,92.824,
YOLOv3,N,0,0,7,in,0.0128624,
YOLOv3,N,0,0,7,out,0.0025959,
YOLOv3,N,0,0,7,NPU_in,258.5922,
YOLOv3,N,0,0,7,NPU_run,110.1922,
YOLOv3,N,0,0,7,NPU_run_profile,39.0029,
YOLOv3,N,0,0,7,NPU_out,89.9833,
YOLOv3,N,0,0,9,in,0.013475,
YOLOv3,N,0,0,9,out,0.0026542,
YOLOv3,N,0,0,9,NPU_in,261.598,
YOLOv3,N,0,0,9,NPU_run,117.9059,
YOLOv3,N,0,0,9,NPU_run_profile,47.6063,
YOLOv3,N,0,0,9,NPU_out,94.5737,
YOLOv3,N,0,0,11,in,0.01365,
YOLOv3,N,0,0,11,out,0.0025958,
YOLOv3,N,0,0,11,NPU_in,185.2936,
YOLOv3,N,0,0,11,NPU_run,110.6708,
YOLOv3,N,0,0,11,NPU_run_profile,31.1707,
YOLOv3,N,0,0,11,NPU_out,115.1117,
YOLOv3,N,0,0,13,in,0.013825,
YOLOv3,N,0,0,13,out,0.0029165,
YOLOv3,N,0,0,13,NPU_in,175.6203,
YOLOv3,N,0,0,13,NPU_run,108.073,
YOLOv3,N,0,0,13,NPU_run_profile,31.0704,
YOLOv3,N,0,0,13,NPU_out,92.6963,
YOLOv3,N,0,0,15,in,0.013621,
YOLOv3,N,0,0,15,out,0.0027125,
YOLOv3,N,0,0,15,NPU_in,207.0006,
YOLOv3,N,0,0,15,NPU_run,111.8285,
YOLOv3,N,0,0,15,NPU_run_profile,31.4577,
YOLOv3,N,0,0,15,NPU_out,100.2422,
YOLOv3,N,0,0,17,in,0.018025,
YOLOv3,N,0,0,17,out,0.0028583,
YOLOv3,N,0,0,17,NPU_in,188.5873,
YOLOv3,N,0,0,17,NPU_run,104.6667,
YOLOv3,N,0,0,17,NPU_run_profile,31.4559,
YOLOv3,N,0,0,17,NPU_out,91.0252,
YOLOv3,N,0,0,19,in,0.0134167,
YOLOv3,N,0,0,19,out,0.0029747,
YOLOv3,N,0,0,19,NPU_in,214.3236,
YOLOv3,N,0,0,19,NPU_run,104.1997,
YOLOv3,N,0,0,19,NPU_run_profile,31.1091,
YOLOv3,N,0,0,19,NPU_out,90.917,
YOLOv3,N,0,0,21,in,0.0135333,
YOLOv3,N,0,0,21,out,0.0029167,
YOLOv3,N,0,0,21,NPU_in,193.0326,
YOLOv3,N,0,0,21,NPU_run,113.0678,
YOLOv3,N,0,0,21,NPU_run_profile,31.1187,
YOLOv3,N,0,0,21,NPU_out,102.301,
YOLOv3,N,0,0,23,in,0.0138833,
YOLOv3,N,0,0,23,out,0.0025375,
YOLOv3,N,0,0,23,NPU_in,177.9123,
YOLOv3,N,0,0,23,NPU_run,103.8252,
YOLOv3,N,0,0,23,NPU_run_profile,31.0319,
YOLOv3,N,0,0,23,NPU_out,91.0419,
YOLOv3,N,0,0,25,in,0.0140293,
YOLOv3,N,0,0,25,out,0.0029168,
YOLOv3,N,0,0,25,NPU_in,196.8026,
YOLOv3,N,0,0,25,NPU_run,105.1278,
YOLOv3,N,0,0,25,NPU_run_profile,31.0953,
YOLOv3,N,0,0,25,NPU_out,119.1197,
YOLOv3,N,0,0,27,in,0.0171791,
YOLOv3,N,0,0,27,out,0.0026543,
YOLOv3,N,0,0,27,NPU_in,71.9047,
YOLOv3,N,0,0,27,NPU_run,34.2859,
YOLOv3,N,0,0,27,NPU_run_profile,14.9123,
YOLOv3,N,0,0,27,NPU_out,26.3023,
YOLOv3,N,0,0,29,in,0.0145541,
YOLOv3,N,0,0,29,out,0.002625,
YOLOv3,N,0,0,29,NPU_in,58.5579,
YOLOv3,N,0,0,29,NPU_run,33.8457,
YOLOv3,N,0,0,29,NPU_run_profile,14.8746,
YOLOv3,N,0,0,29,NPU_out,25.5582,
YOLOv3,N,0,0,31,in,0.0139417,
YOLOv3,N,0,0,31,out,0.0025083,
YOLOv3,N,0,0,31,NPU_in,60.8771,
YOLOv3,N,0,0,31,NPU_run,33.4038,
YOLOv3,N,0,0,31,NPU_run_profile,14.9027,
YOLOv3,N,0,0,31,NPU_out,25.8858,
YOLOv3,N,0,0,33,in,0.0139416,
YOLOv3,N,0,0,33,out,0.0025666,
YOLOv3,N,0,0,33,NPU_in,64.6569,
YOLOv3,N,0,0,33,NPU_run,33.5284,
YOLOv3,N,0,0,33,NPU_run_profile,14.8759,
YOLOv3,N,0,0,33,NPU_out,26.1038,
YOLOv3,N,0,0,35,in,0.01435,
YOLOv3,N,0,0,35,out,0.0028293,
YOLOv3,N,0,0,35,NPU_in,61.1201,
YOLOv3,N,0,0,35,NPU_run,33.7299,
YOLOv3,N,0,0,35,NPU_run_profile,14.8995,
YOLOv3,N,0,0,35,NPU_out,25.3761,
YOLOv3,N,0,0,37,in,0.0134751,
YOLOv3,N,0,0,37,out,0.0028585,
YOLOv3,N,0,0,37,NPU_in,74.1163,
YOLOv3,N,0,0,37,NPU_run,34.2378,
YOLOv3,N,0,0,37,NPU_run_profile,14.8764,
YOLOv3,N,0,0,37,NPU_out,28.9285,
YOLOv3,N,0,0,39,in,0.0258708,
YOLOv3,N,0,0,39,out,0.0079334,
YOLOv3,N,0,0,39,NPU_in,62.8439,
YOLOv3,N,0,0,39,NPU_run,33.7504,
YOLOv3,N,0,0,39,NPU_run_profile,14.8702,
YOLOv3,N,0,0,39,NPU_out,26.4464,
YOLOv3,N,0,0,41,in,0.0142916,
YOLOv3,N,0,0,41,out,0.0025959,
YOLOv3,N,0,0,41,NPU_in,59.4102,
YOLOv3,N,0,0,41,NPU_run,34.2817,
YOLOv3,N,0,0,41,NPU_run_profile,14.873,
YOLOv3,N,0,0,41,NPU_out,26.8841,
YOLOv3,N,0,0,43,in,0.0145249,
YOLOv3,N,0,0,43,out,0.0028291,
YOLOv3,N,0,0,43,NPU_in,72.487,
YOLOv3,N,0,0,43,NPU_run,40.8455,
YOLOv3,N,0,0,43,NPU_run_profile,21.646,
YOLOv3,N,0,0,43,NPU_out,32.2363,
YOLOv3,N,0,0,45,in,0.265679,
YOLOv3,N,0,0,45,out,0.0030043,
YOLOv3,N,0,0,45,NPU_in,50.9419,
YOLOv3,N,0,0,45,NPU_run,29.8933,
YOLOv3,N,0,0,45,NPU_run_profile,11.2333,
YOLOv3,N,0,0,45,NPU_out,30.7994,
YOLOv3,N,0,0,47,in,0.0142333,
YOLOv3,N,0,0,47,out,0.0027123,
YOLOv3,N,0,0,47,NPU_in,48.5473,
YOLOv3,N,0,0,47,NPU_run,30.2789,
YOLOv3,N,0,0,47,NPU_run_profile,10.8406,
YOLOv3,N,0,0,47,NPU_out,27.0337,
YOLOv3,N,0,0,49,in,0.0142043,
YOLOv3,N,0,0,49,out,0.0028583,
YOLOv3,N,0,0,49,NPU_in,51.7341,
YOLOv3,N,0,0,49,NPU_run,29.799,
YOLOv3,N,0,0,49,NPU_run_profile,10.8415,
YOLOv3,N,0,0,49,NPU_out,27.8128,
YOLOv3,N,0,0,51,in,0.0127748,
YOLOv3,N,0,0,51,out,0.0192792,
YOLOv3,N,0,0,51,NPU_in,55.8896,
YOLOv3,N,0,0,51,NPU_run,30.335,
YOLOv3,N,0,0,51,NPU_run_profile,11.0852,
YOLOv3,N,0,0,51,NPU_out,30.6346,
YOLOv3,N,0,0,53,in,0.0216417,
YOLOv3,N,0,0,53,out,0.0028001,
YOLOv3,N,0,0,53,NPU_in,18.5231,
YOLOv3,N,0,0,53,NPU_run,26.1336,
YOLOv3,N,0,0,53,NPU_run_profile,9.0744,
YOLOv3,N,0,0,53,NPU_out,32.7403,
YOLOv3,N,0,0,55,in,0.0178792,
YOLOv3,N,0,0,55,out,0.0026251,
YOLOv3,N,0,0,55,NPU_in,16.8662,
YOLOv3,N,0,0,55,NPU_run,25.001,
YOLOv3,N,0,0,55,NPU_run_profile,9.1082,
YOLOv3,N,0,0,55,NPU_out,26.3732,
YOLOv3,N,0,0,57,in,0.0133875,
YOLOv3,N,0,0,57,task,171.2501,
YOLOv3,N,0,0,57,out,0.0026249,
YOLOv3,N,0,0,57,NPU_in,21.7288,
YOLOv3,N,0,0,57,NPU_run,98.2478,
YOLOv3,N,0,0,57,NPU_run_profile,9.7664,
YOLOv3,N,0,0,57,NPU_out,37.8953,
YOLOv3,N,0,0,59,in,0.0130961,
YOLOv3,N,0,0,59,out,0.0027415,
YOLOv3,N,0,0,59,NPU_in,86.2802,
YOLOv3,N,0,0,59,NPU_run,72.9589,
YOLOv3,N,0,0,59,NPU_run_profile,9.3457,
YOLOv3,N,0,0,59,NPU_out,180.5301,
YOLOv3,N,0,0,61,in,0.0219917,
YOLOv3,N,0,0,61,out,0.0025959,
YOLOv3,N,0,0,61,NPU_in,29.1582,
YOLOv3,N,0,0,61,NPU_run,46.2917,
YOLOv3,N,0,0,61,NPU_run_profile,16.708,
YOLOv3,N,0,0,61,NPU_out,53.8276,
YOLOv3,N,0,0,63,in,0.0136211,
YOLOv3,N,0,0,63,out,0.0027708,
YOLOv3,N,0,0,63,NPU_in,31.7195,
YOLOv3,N,0,0,63,NPU_run,47.3009,
YOLOv3,N,0,0,63,NPU_run_profile,16.7566,
YOLOv3,N,0,0,63,NPU_out,57.1184,
YOLOv3,N,0,0,65,in,0.018579,
YOLOv3,N,0,0,65,task,414.1585,
YOLOv3,N,0,0,65,out,0.002625,
YOLOv3,N,0,0,65,NPU_in,39.0064,
YOLOv3,N,0,0,65,NPU_run,265.1425,
YOLOv3,N,0,0,65,NPU_run_profile,17.0515,
YOLOv3,N,0,0,65,NPU_out,98.1138,
YOLOv3,N,0,0,67,in,0.0106751,
YOLOv3,N,0,0,67,out,0.0029459,
YOLOv3,N,0,0,67,NPU_in,183.2269,
YOLOv3,N,0,0,67,NPU_run,141.0045,
YOLOv3,N,0,0,67,NPU_run_profile,17.8539,
YOLOv3,N,0,0,67,NPU_out,295.9403,
YOLOv3,N,0,0,69,in,0.0133582,
YOLOv3,N,0,0,69,out,0.0029165,
YOLOv3,N,0,0,69,NPU_in,100.0967,
YOLOv3,N,0,0,69,NPU_run,85.8552,
YOLOv3,N,0,0,69,NPU_run_profile,24.9419,
YOLOv3,N,0,0,69,NPU_out,102.6966,
YOLOv3,N,0,0,71,in,0.0132998,
YOLOv3,N,0,0,71,out,0.0028584,
YOLOv3,N,0,0,71,NPU_in,60.9492,
YOLOv3,N,0,0,71,NPU_run,87.127,
YOLOv3,N,0,0,71,NPU_run_profile,25.3697,
YOLOv3,N,0,0,71,NPU_out,92.082,
YOLOv3,N,0,0,73,in,0.0179377,
YOLOv3,N,0,0,73,out,0.0028,
YOLOv3,N,0,0,73,NPU_in,70.765,
YOLOv3,N,0,0,73,NPU_run,89.3632,
YOLOv3,N,0,0,73,NPU_run_profile,24.9415,
YOLOv3,N,0,0,73,NPU_out,104.5674,
YOLOv3,N,1,1,1,in,0.0226625,
YOLOv3,N,1,1,1,out,0.0019542,
YOLOv3,N,1,1,1,NPU_in,626.5984,
YOLOv3,N,1,1,1,NPU_run,386.303,
YOLOv3,N,1,1,1,NPU_run_profile,163.0609,
YOLOv3,N,1,1,1,NPU_out,305.112,
YOLOv3,N,1,1,3,in,0.0095667,
YOLOv3,N,1,1,3,out,0.0018668,
YOLOv3,N,1,1,3,NPU_in,497.1758,
YOLOv3,N,1,1,3,NPU_run,371.9387,
YOLOv3,N,1,1,3,NPU_run_profile,131.1152,
YOLOv3,N,1,1,3,NPU_out,300.0043,
YOLOv3,N,1,1,5,in,0.009625,
YOLOv3,N,1,1,5,out,0.0018667,
YOLOv3,N,1,1,5,NPU_in,159.9784,
YOLOv3,N,1,1,5,NPU_run,100.2415,
YOLOv3,N,1,1,5,NPU_run_profile,38.9726,
YOLOv3,N,1,1,5,NPU_out,62.9645,
YOLOv3,N,1,1,7,in,0.009975,
YOLOv3,N,1,1,7,out,0.0018959,
YOLOv3,N,1,1,7,NPU_in,157.4563,
YOLOv3,N,1,1,7,NPU_run,99.6394,
YOLOv3,N,1,1,7,NPU_run_profile,39.0031,
YOLOv3,N,1,1,7,NPU_out,65.336,
YOLOv3,N,1,1,9,in,0.0109375,
YOLOv3,N,1,1,9,out,0.0018665,
YOLOv3,N,1,1,9,NPU_in,151.5133,
YOLOv3,N,1,1,9,NPU_run,108.6737,
YOLOv3,N,1,1,9,NPU_run_profile,47.6346,
YOLOv3,N,1,1,9,NPU_out,68.9388,
YOLOv3,N,1,1,11,in,0.010704,
YOLOv3,N,1,1,11,out,0.0019543,
YOLOv3,N,1,1,11,NPU_in,128.0092,
YOLOv3,N,1,1,11,NPU_run,92.5859,
YOLOv3,N,1,1,11,NPU_run_profile,31.1752,
YOLOv3,N,1,1,11,NPU_out,65.2466,
YOLOv3,N,1,1,13,in,0.0109083,
YOLOv3,N,1,1,13,out,0.0021876,
YOLOv3,N,1,1,13,NPU_in,124.2921,
YOLOv3,N,1,1,13,NPU_run,93.8288,
YOLOv3,N,1,1,13,NPU_run_profile,31.0618,
YOLOv3,N,1,1,13,NPU_out,69.7314,
YOLOv3,N,1,1,15,in,0.0135624,
YOLOv3,N,1,1,15,out,0.001925,
YOLOv3,N,1,1,15,NPU_in,122.4925,
YOLOv3,N,1,1,15,NPU_run,93.2978,
YOLOv3,N,1,1,15,NPU_run_profile,31.1117,
YOLOv3,N,1,1,15,NPU_out,70.6269,
YOLOv3,N,1,1,17,in,0.0106749,
YOLOv3,N,1,1,17,out,0.0021002,
YOLOv3,N,1,1,17,NPU_in,126.1678,
YOLOv3,N,1,1,17,NPU_run,93.016,
YOLOv3,N,1,1,17,NPU_run_profile,31.1153,
YOLOv3,N,1,1,17,NPU_out,65.6677,
YOLOv3,N,1,1,19,in,0.0109374,
YOLOv3,N,1,1,19,out,0.0020709,
YOLOv3,N,1,1,19,NPU_in,121.2974,
YOLOv3,N,1,1,19,NPU_run,94.2063,
YOLOv3,N,1,1,19,NPU_run_profile,31.1036,
YOLOv3,N,1,1,19,NPU_out,67.8442,
YOLOv3,N,1,1,21,in,0.0106751,
YOLOv3,N,1,1,21,out,0.0022166,
YOLOv3,N,1,1,21,NPU_in,125.9782,
YOLOv3,N,1,1,21,NPU_run,94.2354,
YOLOv3,N,1,1,21,NPU_run_profile,31.1124,
YOLOv3,N,1,1,21,NPU_out,65.1243,
YOLOv3,N,1,1,23,in,0.0107043,
YOLOv3,N,1,1,23,out,0.0018958,
YOLOv3,N,1,1,23,NPU_in,122.8904,
YOLOv3,N,1,1,23,NPU_run,94.7945,
YOLOv3,N,1,1,23,NPU_run_profile,31.0349,
YOLOv3,N,1,1,23,NPU_out,71.5262,
YOLOv3,N,1,1,25,in,0.0107917,
YOLOv3,N,1,1,25,out,0.0021001,
YOLOv3,N,1,1,25,NPU_in,124.7882,
YOLOv3,N,1,1,25,NPU_run,93.9997,
YOLOv3,N,1,1,25,NPU_run_profile,31.0923,
YOLOv3,N,1,1,25,NPU_out,69.8388,
YOLOv3,N,1,1,27,in,0.0157208,
YOLOv3,N,1,1,27,out,0.0018958,
YOLOv3,N,1,1,27,NPU_in,48.0207,
YOLOv3,N,1,1,27,NPU_run,31.5669,
YOLOv3,N,1,1,27,NPU_run_profile,14.9022,
YOLOv3,N,1,1,27,NPU_out,19.5247,
YOLOv3,N,1,1,29,in,0.0103542,
YOLOv3,N,1,1,29,out,0.0018083,
YOLOv3,N,1,1,29,NPU_in,39.429,
YOLOv3,N,1,1,29,NPU_run,30.8622,
YOLOv3,N,1,1,29,NPU_run_profile,14.8706,
YOLOv3,N,1,1,29,NPU_out,18.673,
YOLOv3,N,1,1,31,in,0.0097416,
YOLOv3,N,1,1,31,out,0.0018666,
YOLOv3,N,1,1,31,NPU_in,38.3795,
YOLOv3,N,1,1,31,NPU_run,32.0715,
YOLOv3,N,1,1,31,NPU_run_profile,14.895,
YOLOv3,N,1,1,31,NPU_out,18.7572,
YOLOv3,N,1,1,33,in,0.0103834,
YOLOv3,N,1,1,33,out,0.0017792,
YOLOv3,N,1,1,33,NPU_in,41.7741,
YOLOv3,N,1,1,33,NPU_run,30.7906,
YOLOv3,N,1,1,33,NPU_run_profile,14.875,
YOLOv3,N,1,1,33,NPU_out,18.939,
YOLOv3,N,1,1,35,in,0.0106459,
YOLOv3,N,1,1,35,out,0.0020417,
YOLOv3,N,1,1,35,NPU_in,40.8665,
YOLOv3,N,1,1,35,NPU_run,31.355,
YOLOv3,N,1,1,35,NPU_run_profile,14.8936,
YOLOv3,N,1,1,35,NPU_out,20.4034,
YOLOv3,N,1,1,37,in,0.0132417,
YOLOv3,N,1,1,37,out,0.0021876,
YOLOv3,N,1,1,37,NPU_in,38.3501,
YOLOv3,N,1,1,37,NPU_run,31.0097,
YOLOv3,N,1,1,37,NPU_run_profile,14.8705,
YOLOv3,N,1,1,37,NPU_out,20.344,
YOLOv3,N,1,1,39,in,0.0119582,
YOLOv3,N,1,1,39,out,0.0017793,
YOLOv3,N,1,1,39,NPU_in,44.1914,
YOLOv3,N,1,1,39,NPU_run,30.75,
YOLOv3,N,1,1,39,NPU_run_profile,14.8695,
YOLOv3,N,1,1,39,NPU_out,18.6691,
YOLOv3,N,1,1,41,in,0.0100334,
YOLOv3,N,1,1,41,out,0.0016624,
YOLOv3,N,1,1,41,NPU_in,41.261,
YOLOv3,N,1,1,41,NPU_run,31.2509,
YOLOv3,N,1,1,41,NPU_run_profile,14.8669,
YOLOv3,N,1,1,41,NPU_out,20.5042,
YOLOv3,N,1,1,43,in,0.011404,
YOLOv3,N,1,1,43,out,0.0018667,
YOLOv3,N,1,1,43,NPU_in,44.1948,
YOLOv3,N,1,1,43,NPU_run,37.7498,
YOLOv3,N,1,1,43,NPU_run_profile,21.6467,
YOLOv3,N,1,1,43,NPU_out,20.1227,
YOLOv3,N,1,1,45,in,0.0116375,
YOLOv3,N,1,1,45,out,0.0021294,
YOLOv3,N,1,1,45,NPU_in,34.3521,
YOLOv3,N,1,1,45,NPU_run,26.7422,
YOLOv3,N,1,1,45,NPU_run_profile,10.6936,
YOLOv3,N,1,1,45,NPU_out,18.7966,
YOLOv3,N,1,1,47,in,0.012075,
YOLOv3,N,1,1,47,out,0.0021291,
YOLOv3,N,1,1,47,NPU_in,31.5618,
YOLOv3,N,1,1,47,NPU_run,27.0121,
YOLOv3,N,1,1,47,NPU_run_profile,10.6197,
YOLOv3,N,1,1,47,NPU_out,18.9871,
YOLOv3,N,1,1,49,in,0.0110542,
YOLOv3,N,1,1,49,out,0.0019544,
YOLOv3,N,1,1,49,NPU_in,31.9554,
YOLOv3,N,1,1,49,NPU_run,27.5201,
YOLOv3,N,1,1,49,NPU_run_profile,10.6225,
YOLOv3,N,1,1,49,NPU_out,20.4564,
YOLOv3,N,1,1,51,in,0.0100042,
YOLOv3,N,1,1,51,out,0.0020126,
YOLOv3,N,1,1,51,NPU_in,38.2275,
YOLOv3,N,1,1,51,NPU_run,26.8539,
YOLOv3,N,1,1,51,NPU_run_profile,10.661,
YOLOv3,N,1,1,51,NPU_out,22.9706,
YOLOv3,N,1,1,53,in,0.0105584,
YOLOv3,N,1,1,53,out,0.001896,
YOLOv3,N,1,1,53,NPU_in,11.1588,
YOLOv3,N,1,1,53,NPU_run,22.6538,
YOLOv3,N,1,1,53,NPU_run_profile,9.0715,
YOLOv3,N,1,1,53,NPU_out,21.4152,
YOLOv3,N,1,1,55,in,0.0108793,
YOLOv3,N,1,1,55,out,0.0019834,
YOLOv3,N,1,1,55,NPU_in,11.5012,
YOLOv3,N,1,1,55,NPU_run,22.9881,
YOLOv3,N,1,1,55,NPU_run_profile,9.1051,
YOLOv3,N,1,1,55,NPU_out,21.9571,
YOLOv3,N,1,1,57,in,0.0102959,
YOLOv3,N,1,1,57,task,118.9808,
YOLOv3,N,1,1,57,out,0.0018377,
YOLOv3,N,1,1,57,NPU_in,17.1546,
YOLOv3,N,1,1,57,NPU_run,71.5675,
YOLOv3,N,1,1,57,NPU_run_profile,9.1432,
YOLOv3,N,1,1,57,NPU_out,23.2773,
YOLOv3,N,1,1,59,in,0.0099748,
YOLOv3,N,1,1,59,out,0.0020417,
YOLOv3,N,1,1,59,NPU_in,60.5595,
YOLOv3,N,1,1,59,NPU_run,66.4666,
YOLOv3,N,1,1,59,NPU_run_profile,9.3516,
YOLOv3,N,1,1,59,NPU_out,99.0147,
YOLOv3,N,1,1,61,in,0.0102666,
YOLOv3,N,1,1,61,out,0.0018666,
YOLOv3,N,1,1,61,NPU_in,21.2552,
YOLOv3,N,1,1,61,NPU_run,40.5958,
YOLOv3,N,1,1,61,NPU_run_profile,16.7068,
YOLOv3,N,1,1,61,NPU_out,42.5058,
YOLOv3,N,1,1,63,in,0.0236542,
YOLOv3,N,1,1,63,out,0.0019252,
YOLOv3,N,1,1,63,NPU_in,22.1229,
YOLOv3,N,1,1,63,NPU_run,39.5875,
YOLOv3,N,1,1,63,NPU_run_profile,14.6686,
YOLOv3,N,1,1,63,NPU_out,43.7183,
YOLOv3,N,1,1,65,in,0.0104998,
YOLOv3,N,1,1,65,task,245.2312,
YOLOv3,N,1,1,65,out,0.0018667,
YOLOv3,N,1,1,65,NPU_in,24.6253,
YOLOv3,N,1,1,65,NPU_run,147.1214,
YOLOv3,N,1,1,65,NPU_run_profile,15.6162,
YOLOv3,N,1,1,65,NPU_out,60.2268,
YOLOv3,N,1,1,67,in,0.0149917,
YOLOv3,N,1,1,67,out,0.0020125,
YOLOv3,N,1,1,67,NPU_in,115.0566,
YOLOv3,N,1,1,67,NPU_run,110.2452,
YOLOv3,N,1,1,67,NPU_run_profile,16.5964,
YOLOv3,N,1,1,67,NPU_out,163.1489,
YOLOv3,N,1,1,69,in,0.0104417,
YOLOv3,N,1,1,69,out,0.0020708,
YOLOv3,N,1,1,69,NPU_in,48.7762,
YOLOv3,N,1,1,69,NPU_run,74.3737,
YOLOv3,N,1,1,69,NPU_run_profile,24.9355,
YOLOv3,N,1,1,69,NPU_out,67.0447,
YOLOv3,N,1,1,71,in,0.0096542,
YOLOv3,N,1,1,71,out,0.0020999,
YOLOv3,N,1,1,71,NPU_in,39.316,
YOLOv3,N,1,1,71,NPU_run,71.7342,
YOLOv3,N,1,1,71,NPU_run_profile,23.33,
YOLOv3,N,1,1,71,NPU_out,65.3027,
YOLOv3,N,1,1,73,in,0.0097418,
YOLOv3,N,1,1,73,out,0.0020418,
YOLOv3,N,1,1,73,NPU_in,39.6242,
YOLOv3,N,1,1,73,NPU_run,71.2627,
YOLOv3,N,1,1,73,NPU_run_profile,23.2572,
YOLOv3,N,1,1,73,NPU_out,68.4492,
YOLOv3,N,2,2,1,in,0.0088958,
YOLOv3,N,2,2,1,out,0.0014875,
YOLOv3,N,2,2,1,NPU_in,451.4252,
YOLOv3,N,2,2,1,NPU_run,377.1464,
YOLOv3,N,2,2,1,NPU_run_profile,173.6559,
YOLOv3,N,2,2,1,NPU_out,226.1719,
YOLOv3,N,2,2,3,in,0.0081375,
YOLOv3,N,2,2,3,out,0.0014875,
YOLOv3,N,2,2,3,NPU_in,362.5324,
YOLOv3,N,2,2,3,NPU_run,341.6307,
YOLOv3,N,2,2,3,NPU_run_profile,131.1178,
YOLOv3,N,2,2,3,NPU_out,224.9974,
YOLOv3,N,2,2,5,in,0.0182876,
YOLOv3,N,2,2,5,out,0.0016041,
YOLOv3,N,2,2,5,NPU_in,114.8947,
YOLOv3,N,2,2,5,NPU_run,93.9922,
YOLOv3,N,2,2,5,NPU_run_profile,38.9771,
YOLOv3,N,2,2,5,NPU_out,49.7058,
YOLOv3,N,2,2,7,in,0.0082834,
YOLOv3,N,2,2,7,out,0.0014291,
YOLOv3,N,2,2,7,NPU_in,114.4307,
YOLOv3,N,2,2,7,NPU_run,93.0935,
YOLOv3,N,2,2,7,NPU_run_profile,39.0018,
YOLOv3,N,2,2,7,NPU_out,49.807,
YOLOv3,N,2,2,9,in,0.009421,
YOLOv3,N,2,2,9,out,0.0015166,
YOLOv3,N,2,2,9,NPU_in,109.2994,
YOLOv3,N,2,2,9,NPU_run,101.3588,
YOLOv3,N,2,2,9,NPU_run_profile,47.6212,
YOLOv3,N,2,2,9,NPU_out,50.2698,
YOLOv3,N,2,2,11,in,0.008925,
YOLOv3,N,2,2,11,out,0.0015457,
YOLOv3,N,2,2,11,NPU_in,88.3502,
YOLOv3,N,2,2,11,NPU_run,84.6881,
YOLOv3,N,2,2,11,NPU_run_profile,29.7598,
YOLOv3,N,2,2,11,NPU_out,50.165,
YOLOv3,N,2,2,13,in,0.0579252,
YOLOv3,N,2,2,13,out,0.0016332,
YOLOv3,N,2,2,13,NPU_in,90.0119,
YOLOv3,N,2,2,13,NPU_run,84.5222,
YOLOv3,N,2,2,13,NPU_run_profile,29.611,
YOLOv3,N,2,2,13,NPU_out,50.991,
YOLOv3,N,2,2,15,in,0.0091877,
YOLOv3,N,2,2,15,out,0.0016918,
YOLOv3,N,2,2,15,NPU_in,89.9826,
YOLOv3,N,2,2,15,NPU_run,86.8564,
YOLOv3,N,2,2,15,NPU_run_profile,29.8648,
YOLOv3,N,2,2,15,NPU_out,50.5161,
YOLOv3,N,2,2,17,in,0.0093915,
YOLOv3,N,2,2,17,out,0.0017792,
YOLOv3,N,2,2,17,NPU_in,87.6912,
YOLOv3,N,2,2,17,NPU_run,85.3121,
YOLOv3,N,2,2,17,NPU_run_profile,29.4401,
YOLOv3,N,2,2,17,NPU_out,50.4746,
YOLOv3,N,2,2,19,in,0.0093333,
YOLOv3,N,2,2,19,out,0.0016916,
YOLOv3,N,2,2,19,NPU_in,87.2306,
YOLOv3,N,2,2,19,NPU_run,86.0201,
YOLOv3,N,2,2,19,NPU_run_profile,29.2122,
YOLOv3,N,2,2,19,NPU_out,49.961,
YOLOv3,N,2,2,21,in,0.0091584,
YOLOv3,N,2,2,21,out,0.0017209,
YOLOv3,N,2,2,21,NPU_in,90.1089,
YOLOv3,N,2,2,21,NPU_run,86.5358,
YOLOv3,N,2,2,21,NPU_run_profile,29.6488,
YOLOv3,N,2,2,21,NPU_out,50.1987,
YOLOv3,N,2,2,23,in,0.0093041,
YOLOv3,N,2,2,23,out,0.0014583,
YOLOv3,N,2,2,23,NPU_in,87.3209,
YOLOv3,N,2,2,23,NPU_run,83.9047,
YOLOv3,N,2,2,23,NPU_run_profile,29.3529,
YOLOv3,N,2,2,23,NPU_out,54.5894,
YOLOv3,N,2,2,25,in,0.0091583,
YOLOv3,N,2,2,25,out,0.0016917,
YOLOv3,N,2,2,25,NPU_in,87.8053,
YOLOv3,N,2,2,25,NPU_run,83.8956,
YOLOv3,N,2,2,25,NPU_run_profile,29.635,
YOLOv3,N,2,2,25,NPU_out,50.8591,
YOLOv3,N,2,2,27,in,0.0091876,
YOLOv3,N,2,2,27,out,0.0014583,
YOLOv3,N,2,2,27,NPU_in,29.8039,
YOLOv3,N,2,2,27,NPU_run,30.3766,
YOLOv3,N,2,2,27,NPU_run_profile,14.8966,
YOLOv3,N,2,2,27,NPU_out,14.9463,
YOLOv3,N,2,2,29,in,0.0078168,
YOLOv3,N,2,2,29,out,0.001254,
YOLOv3,N,2,2,29,NPU_in,31.0278,
YOLOv3,N,2,2,29,NPU_run,28.1583,
YOLOv3,N,2,2,29,NPU_run_profile,13.63,
YOLOv3,N,2,2,29,NPU_out,15.3383,
YOLOv3,N,2,2,31,in,0.0088958,
YOLOv3,N,2,2,31,out,0.0015749,
YOLOv3,N,2,2,31,NPU_in,29.2018,
YOLOv3,N,2,2,31,NPU_run,28.1693,
YOLOv3,N,2,2,31,NPU_run_profile,13.4413,
YOLOv3,N,2,2,31,NPU_out,15.4115,
YOLOv3,N,2,2,33,in,0.0126294,
YOLOv3,N,2,2,33,out,0.0014874,
YOLOv3,N,2,2,33,NPU_in,29.5677,
YOLOv3,N,2,2,33,NPU_run,28.3065,
YOLOv3,N,2,2,33,NPU_run_profile,13.6197,
YOLOv3,N,2,2,33,NPU_out,14.9333,
YOLOv3,N,2,2,35,in,0.0085166,
YOLOv3,N,2,2,35,out,0.0016625,
YOLOv3,N,2,2,35,NPU_in,28.1297,
YOLOv3,N,2,2,35,NPU_run,28.185,
YOLOv3,N,2,2,35,NPU_run_profile,13.4337,
YOLOv3,N,2,2,35,NPU_out,14.791,
YOLOv3,N,2,2,37,in,0.00805,
YOLOv3,N,2,2,37,out,0.0058044,
YOLOv3,N,2,2,37,NPU_in,28.7001,
YOLOv3,N,2,2,37,NPU_run,28.6581,
YOLOv3,N,2,2,37,NPU_run_profile,14.0342,
YOLOv3,N,2,2,37,NPU_out,15.6716,
YOLOv3,N,2,2,39,in,0.010179,
YOLOv3,N,2,2,39,out,0.0013708,
YOLOv3,N,2,2,39,NPU_in,30.4422,
YOLOv3,N,2,2,39,NPU_run,28.3322,
YOLOv3,N,2,2,39,NPU_run_profile,13.6168,
YOLOv3,N,2,2,39,NPU_out,15.1453,
YOLOv3,N,2,2,41,in,0.0081082,
YOLOv3,N,2,2,41,out,0.0013709,
YOLOv3,N,2,2,41,NPU_in,29.8105,
YOLOv3,N,2,2,41,NPU_run,28.8704,
YOLOv3,N,2,2,41,NPU_run_profile,14.2473,
YOLOv3,N,2,2,41,NPU_out,14.944,
YOLOv3,N,2,2,43,in,0.0093917,
YOLOv3,N,2,2,43,out,0.0015457,
YOLOv3,N,2,2,43,NPU_in,28.5246,
YOLOv3,N,2,2,43,NPU_run,35.5997,
YOLOv3,N,2,2,43,NPU_run_profile,20.597,
YOLOv3,N,2,2,43,NPU_out,15.7551,
YOLOv3,N,2,2,45,in,0.0095083,
YOLOv3,N,2,2,45,out,0.00175,
YOLOv3,N,2,2,45,NPU_in,22.6041,
YOLOv3,N,2,2,45,NPU_run,25.5485,
YOLOv3,N,2,2,45,NPU_run_profile,10.7017,
YOLOv3,N,2,2,45,NPU_out,15.1853,
YOLOv3,N,2,2,47,in,0.0091875,
YOLOv3,N,2,2,47,out,0.0015167,
YOLOv3,N,2,2,47,NPU_in,22.2527,
YOLOv3,N,2,2,47,NPU_run,25.4626,
YOLOv3,N,2,2,47,NPU_run_profile,10.6206,
YOLOv3,N,2,2,47,NPU_out,16.309,
YOLOv3,N,2,2,49,in,0.0094501,
YOLOv3,N,2,2,49,out,0.0014875,
YOLOv3,N,2,2,49,NPU_in,24.377,
YOLOv3,N,2,2,49,NPU_run,25.5119,
YOLOv3,N,2,2,49,NPU_run_profile,10.6288,
YOLOv3,N,2,2,49,NPU_out,16.0348,
YOLOv3,N,2,2,51,in,0.0084582,
YOLOv3,N,2,2,51,out,0.0015751,
YOLOv3,N,2,2,51,NPU_in,23.0899,
YOLOv3,N,2,2,51,NPU_run,25.1719,
YOLOv3,N,2,2,51,NPU_run_profile,10.6595,
YOLOv3,N,2,2,51,NPU_out,15.263,
YOLOv3,N,2,2,53,in,0.008546,
YOLOv3,N,2,2,53,out,0.0015456,
YOLOv3,N,2,2,53,NPU_in,7.6622,
YOLOv3,N,2,2,53,NPU_run,21.3945,
YOLOv3,N,2,2,53,NPU_run_profile,9.0737,
YOLOv3,N,2,2,53,NPU_out,16.291,
YOLOv3,N,2,2,55,in,0.0126583,
YOLOv3,N,2,2,55,out,0.0014292,
YOLOv3,N,2,2,55,NPU_in,7.7648,
YOLOv3,N,2,2,55,NPU_run,21.4238,
YOLOv3,N,2,2,55,NPU_run_profile,9.1096,
YOLOv3,N,2,2,55,NPU_out,16.5289,
YOLOv3,N,2,2,57,in,0.080879,
YOLOv3,N,2,2,57,task,102.6158,
YOLOv3,N,2,2,57,out,0.0110835,
YOLOv3,N,2,2,57,NPU_in,12.6395,
YOLOv3,N,2,2,57,NPU_run,63.709,
YOLOv3,N,2,2,57,NPU_run_profile,9.5407,
YOLOv3,N,2,2,57,NPU_out,20.3984,
YOLOv3,N,2,2,59,in,0.0076418,
YOLOv3,N,2,2,59,out,0.0014874,
YOLOv3,N,2,2,59,NPU_in,43.8314,
YOLOv3,N,2,2,59,NPU_run,53.3248,
YOLOv3,N,2,2,59,NPU_run_profile,9.3535,
YOLOv3,N,2,2,59,NPU_out,67.8623,
YOLOv3,N,2,2,61,in,0.0078749,
YOLOv3,N,2,2,61,out,0.0014584,
YOLOv3,N,2,2,61,NPU_in,14.5861,
YOLOv3,N,2,2,61,NPU_run,37.1398,
YOLOv3,N,2,2,61,NPU_run_profile,14.6157,
YOLOv3,N,2,2,61,NPU_out,33.9523,
YOLOv3,N,2,2,63,in,0.0081666,
YOLOv3,N,2,2,63,out,0.0014876,
YOLOv3,N,2,2,63,NPU_in,14.9054,
YOLOv3,N,2,2,63,NPU_run,37.0054,
YOLOv3,N,2,2,63,NPU_run_profile,14.6671,
YOLOv3,N,2,2,63,NPU_out,32.8979,
YOLOv3,N,2,2,65,in,0.0327542,
YOLOv3,N,2,2,65,task,201.4921,
YOLOv3,N,2,2,65,out,0.001604,
YOLOv3,N,2,2,65,NPU_in,19.6526,
YOLOv3,N,2,2,65,NPU_run,128.7895,
YOLOv3,N,2,2,65,NPU_run_profile,16.1678,
YOLOv3,N,2,2,65,NPU_out,46.8552,
YOLOv3,N,2,2,67,in,0.0139126,
YOLOv3,N,2,2,67,out,0.0015457,
YOLOv3,N,2,2,67,NPU_in,80.8152,
YOLOv3,N,2,2,67,NPU_run,102.1195,
YOLOv3,N,2,2,67,NPU_run_profile,16.1785,
YOLOv3,N,2,2,67,NPU_out,124.1737,
YOLOv3,N,2,2,69,in,0.0084582,
YOLOv3,N,2,2,69,out,0.0016627,
YOLOv3,N,2,2,69,NPU_in,36.0777,
YOLOv3,N,2,2,69,NPU_run,67.7364,
YOLOv3,N,2,2,69,NPU_run_profile,24.9286,
YOLOv3,N,2,2,69,NPU_out,51.1727,
YOLOv3,N,2,2,71,in,0.0080208,
YOLOv3,N,2,2,71,out,0.0018375,
YOLOv3,N,2,2,71,NPU_in,27.9322,
YOLOv3,N,2,2,71,NPU_run,65.2052,
YOLOv3,N,2,2,71,NPU_run_profile,22.9241,
YOLOv3,N,2,2,71,NPU_out,51.5957,
YOLOv3,N,2,2,73,in,0.0078459,
YOLOv3,N,2,2,73,out,0.0016042,
YOLOv3,N,2,2,73,NPU_in,27.0926,
YOLOv3,N,2,2,73,NPU_run,64.9283,
YOLOv3,N,2,2,73,NPU_run_profile,22.8515,
YOLOv3,N,2,2,73,NPU_out,50.3566,
YOLOv3,N,3,3,1,in,0.0082543,
YOLOv3,N,3,3,1,out,0.0012544,
YOLOv3,N,3,3,1,NPU_in,359.8459,
YOLOv3,N,3,3,1,NPU_run,352.5684,
YOLOv3,N,3,3,1,NPU_run_profile,163.0742,
YOLOv3,N,3,3,1,NPU_out,190.125,
YOLOv3,N,3,3,3,in,0.0077584,
YOLOv3,N,3,3,3,out,0.0012833,
YOLOv3,N,3,3,3,NPU_in,292.6156,
YOLOv3,N,3,3,3,NPU_run,326.6018,
YOLOv3,N,3,3,3,NPU_run_profile,131.1013,
YOLOv3,N,3,3,3,NPU_out,189.078,
YOLOv3,N,3,3,5,in,0.0079041,
YOLOv3,N,3,3,5,out,0.0012832,
YOLOv3,N,3,3,5,NPU_in,91.1275,
YOLOv3,N,3,3,5,NPU_run,91.3103,
YOLOv3,N,3,3,5,NPU_run_profile,38.9777,
YOLOv3,N,3,3,5,NPU_out,41.2856,
YOLOv3,N,3,3,7,in,0.0074374,
YOLOv3,N,3,3,7,out,0.0012541,
YOLOv3,N,3,3,7,NPU_in,93.2084,
YOLOv3,N,3,3,7,NPU_run,90.3752,
YOLOv3,N,3,3,7,NPU_run_profile,39.0127,
YOLOv3,N,3,3,7,NPU_out,41.4019,
YOLOv3,N,3,3,9,in,0.0083125,
YOLOv3,N,3,3,9,out,0.0013419,
YOLOv3,N,3,3,9,NPU_in,89.8286,
YOLOv3,N,3,3,9,NPU_run,99.9005,
YOLOv3,N,3,3,9,NPU_run_profile,47.6366,
YOLOv3,N,3,3,9,NPU_out,43.8675,
YOLOv3,N,3,3,11,in,0.0082834,
YOLOv3,N,3,3,11,out,0.0012543,
YOLOv3,N,3,3,11,NPU_in,71.6169,
YOLOv3,N,3,3,11,NPU_run,80.4715,
YOLOv3,N,3,3,11,NPU_run_profile,29.076,
YOLOv3,N,3,3,11,NPU_out,43.2253,
YOLOv3,N,3,3,13,in,0.0084874,
YOLOv3,N,3,3,13,out,0.0015751,
YOLOv3,N,3,3,13,NPU_in,70.796,
YOLOv3,N,3,3,13,NPU_run,82.0626,
YOLOv3,N,3,3,13,NPU_run_profile,28.9662,
YOLOv3,N,3,3,13,NPU_out,41.863,
YOLOv3,N,3,3,15,in,0.0085166,
YOLOv3,N,3,3,15,out,0.0014,
YOLOv3,N,3,3,15,NPU_in,70.9954,
YOLOv3,N,3,3,15,NPU_run,82.1133,
YOLOv3,N,3,3,15,NPU_run_profile,29.0489,
YOLOv3,N,3,3,15,NPU_out,42.3431,
YOLOv3,N,3,3,17,in,0.0084291,
YOLOv3,N,3,3,17,out,0.0014874,
YOLOv3,N,3,3,17,NPU_in,72.2892,
YOLOv3,N,3,3,17,NPU_run,81.8129,
YOLOv3,N,3,3,17,NPU_run_profile,28.9968,
YOLOv3,N,3,3,17,NPU_out,42.111,
YOLOv3,N,3,3,19,in,0.0083415,
YOLOv3,N,3,3,19,out,0.001546,
YOLOv3,N,3,3,19,NPU_in,72.66,
YOLOv3,N,3,3,19,NPU_run,81.1872,
YOLOv3,N,3,3,19,NPU_run_profile,29.0005,
YOLOv3,N,3,3,19,NPU_out,42.9194,
YOLOv3,N,3,3,21,in,0.0084874,
YOLOv3,N,3,3,21,out,0.0015457,
YOLOv3,N,3,3,21,NPU_in,71.4711,
YOLOv3,N,3,3,21,NPU_run,82.6488,
YOLOv3,N,3,3,21,NPU_run_profile,29.0328,
YOLOv3,N,3,3,21,NPU_out,42.0838,
YOLOv3,N,3,3,23,in,0.0085166,
YOLOv3,N,3,3,23,out,0.0013126,
YOLOv3,N,3,3,23,NPU_in,71.4879,
YOLOv3,N,3,3,23,NPU_run,83.8958,
YOLOv3,N,3,3,23,NPU_run_profile,28.9421,
YOLOv3,N,3,3,23,NPU_out,42.0043,
YOLOv3,N,3,3,25,in,0.0086332,
YOLOv3,N,3,3,25,out,0.0015167,
YOLOv3,N,3,3,25,NPU_in,72.1807,
YOLOv3,N,3,3,25,NPU_run,81.214,
YOLOv3,N,3,3,25,NPU_run_profile,28.9944,
YOLOv3,N,3,3,25,NPU_out,43.9166,
YOLOv3,N,3,3,27,in,0.0070585,
YOLOv3,N,3,3,27,out,0.0011667,
YOLOv3,N,3,3,27,NPU_in,23.5217,
YOLOv3,N,3,3,27,NPU_run,29.0254,
YOLOv3,N,3,3,27,NPU_run_profile,14.9023,
YOLOv3,N,3,3,27,NPU_out,12.5838,
YOLOv3,N,3,3,29,in,0.0069125,
YOLOv3,N,3,3,29,out,0.001079,
YOLOv3,N,3,3,29,NPU_in,23.1756,
YOLOv3,N,3,3,29,NPU_run,26.7528,
YOLOv3,N,3,3,29,NPU_run_profile,12.7829,
YOLOv3,N,3,3,29,NPU_out,12.8319,
YOLOv3,N,3,3,31,in,0.0072627,
YOLOv3,N,3,3,31,out,0.0011668,
YOLOv3,N,3,3,31,NPU_in,23.6286,
YOLOv3,N,3,3,31,NPU_run,27.1841,
YOLOv3,N,3,3,31,NPU_run_profile,13.3321,
YOLOv3,N,3,3,31,NPU_out,13.0106,
YOLOv3,N,3,3,33,in,0.0075249,
YOLOv3,N,3,3,33,out,0.0012831,
YOLOv3,N,3,3,33,NPU_in,24.2909,
YOLOv3,N,3,3,33,NPU_run,26.6748,
YOLOv3,N,3,3,33,NPU_run_profile,12.7706,
YOLOv3,N,3,3,33,NPU_out,12.7532,
YOLOv3,N,3,3,35,in,0.0069125,
YOLOv3,N,3,3,35,out,0.0014873,
YOLOv3,N,3,3,35,NPU_in,23.5289,
YOLOv3,N,3,3,35,NPU_run,26.7014,
YOLOv3,N,3,3,35,NPU_run_profile,12.8053,
YOLOv3,N,3,3,35,NPU_out,12.8145,
YOLOv3,N,3,3,37,in,0.0072042,
YOLOv3,N,3,3,37,out,0.0013707,
YOLOv3,N,3,3,37,NPU_in,23.3246,
YOLOv3,N,3,3,37,NPU_run,26.7705,
YOLOv3,N,3,3,37,NPU_run_profile,12.783,
YOLOv3,N,3,3,37,NPU_out,13.24,
YOLOv3,N,3,3,39,in,0.008225,
YOLOv3,N,3,3,39,out,0.0012247,
YOLOv3,N,3,3,39,NPU_in,23.5165,
YOLOv3,N,3,3,39,NPU_run,27.1612,
YOLOv3,N,3,3,39,NPU_run_profile,12.7753,
YOLOv3,N,3,3,39,NPU_out,14.1869,
YOLOv3,N,3,3,41,in,0.0072626,
YOLOv3,N,3,3,41,out,0.001167,
YOLOv3,N,3,3,41,NPU_in,24.4895,
YOLOv3,N,3,3,41,NPU_run,26.6854,
YOLOv3,N,3,3,41,NPU_run_profile,12.7858,
YOLOv3,N,3,3,41,NPU_out,13.0194,
YOLOv3,N,3,3,43,in,0.0083999,
YOLOv3,N,3,3,43,out,0.0013416,
YOLOv3,N,3,3,43,NPU_in,23.529,
YOLOv3,N,3,3,43,NPU_run,33.3977,
YOLOv3,N,3,3,43,NPU_run_profile,19.5589,
YOLOv3,N,3,3,43,NPU_out,13.0575,
YOLOv3,N,3,3,45,in,0.0088083,
YOLOv3,N,3,3,45,out,0.0015751,
YOLOv3,N,3,3,45,NPU_in,19.7773,
YOLOv3,N,3,3,45,NPU_run,24.6593,
YOLOv3,N,3,3,45,NPU_run_profile,10.7065,
YOLOv3,N,3,3,45,NPU_out,13.372,
YOLOv3,N,3,3,47,in,0.0093917,
YOLOv3,N,3,3,47,out,0.0015458,
YOLOv3,N,3,3,47,NPU_in,18.9349,
YOLOv3,N,3,3,47,NPU_run,24.7436,
YOLOv3,N,3,3,47,NPU_run_profile,10.6249,
YOLOv3,N,3,3,47,NPU_out,13.453,
YOLOv3,N,3,3,49,in,0.011025,
YOLOv3,N,3,3,49,out,0.0014583,
YOLOv3,N,3,3,49,NPU_in,17.8482,
YOLOv3,N,3,3,49,NPU_run,24.9869,
YOLOv3,N,3,3,49,NPU_run_profile,10.636,
YOLOv3,N,3,3,49,NPU_out,13.2188,
YOLOv3,N,3,3,51,in,0.0080498,
YOLOv3,N,3,3,51,out,0.0013125,
YOLOv3,N,3,3,51,NPU_in,19.3174,
YOLOv3,N,3,3,51,NPU_run,24.9287,
YOLOv3,N,3,3,51,NPU_run_profile,10.6521,
YOLOv3,N,3,3,51,NPU_out,13.7149,
YOLOv3,N,3,3,53,in,0.0081085,
YOLOv3,N,3,3,53,out,0.0013418,
YOLOv3,N,3,3,53,NPU_in,5.9105,
YOLOv3,N,3,3,53,NPU_run,20.2765,
YOLOv3,N,3,3,53,NPU_run_profile,9.0709,
YOLOv3,N,3,3,53,NPU_out,13.7246,
YOLOv3,N,3,3,55,in,0.0080499,
YOLOv3,N,3,3,55,out,0.0012542,
YOLOv3,N,3,3,55,NPU_in,5.6883,
YOLOv3,N,3,3,55,NPU_run,20.1091,
YOLOv3,N,3,3,55,NPU_run_profile,9.1091,
YOLOv3,N,3,3,55,NPU_out,13.2354,
YOLOv3,N,3,3,57,in,0.0251708,
YOLOv3,N,3,3,57,task,72.1536,
YOLOv3,N,3,3,57,out,0.001225,
YOLOv3,N,3,3,57,NPU_in,8.4907,
YOLOv3,N,3,3,57,NPU_run,44.8128,
YOLOv3,N,3,3,57,NPU_run_profile,9.5076,
YOLOv3,N,3,3,57,NPU_out,14.5612,
YOLOv3,N,3,3,59,in,0.0069708,
YOLOv3,N,3,3,59,out,0.0013416,
YOLOv3,N,3,3,59,NPU_in,32.3181,
YOLOv3,N,3,3,59,NPU_run,50.2785,
YOLOv3,N,3,3,59,NPU_run_profile,9.3757,
YOLOv3,N,3,3,59,NPU_out,54.5986,
YOLOv3,N,3,3,61,in,0.0072335,
YOLOv3,N,3,3,61,out,0.0011668,
YOLOv3,N,3,3,61,NPU_in,11.118,
YOLOv3,N,3,3,61,NPU_run,34.595,
YOLOv3,N,3,3,61,NPU_run_profile,14.6251,
YOLOv3,N,3,3,61,NPU_out,26.8307,
YOLOv3,N,3,3,63,in,0.007204,
YOLOv3,N,3,3,63,out,0.0013417,
YOLOv3,N,3,3,63,NPU_in,11.2271,
YOLOv3,N,3,3,63,NPU_run,35.0484,
YOLOv3,N,3,3,63,NPU_run_profile,14.6703,
YOLOv3,N,3,3,63,NPU_out,28.2364,
YOLOv3,N,3,3,65,in,0.020621,
YOLOv3,N,3,3,65,task,159.8575,
YOLOv3,N,3,3,65,out,0.0013711,
YOLOv3,N,3,3,65,NPU_in,15.9503,
YOLOv3,N,3,3,65,NPU_run,103.2717,
YOLOv3,N,3,3,65,NPU_run_profile,16.0102,
YOLOv3,N,3,3,65,NPU_out,36.244,
YOLOv3,N,3,3,67,in,0.0073208,
YOLOv3,N,3,3,67,out,0.0038791,
YOLOv3,N,3,3,67,NPU_in,67.1068,
YOLOv3,N,3,3,67,NPU_run,89.5496,
YOLOv3,N,3,3,67,NPU_run_profile,16.1884,
YOLOv3,N,3,3,67,NPU_out,93.9147,
YOLOv3,N,3,3,69,in,0.0076419,
YOLOv3,N,3,3,69,out,0.0014584,
YOLOv3,N,3,3,69,NPU_in,27.1986,
YOLOv3,N,3,3,69,NPU_run,65.2688,
YOLOv3,N,3,3,69,NPU_run_profile,24.7166,
YOLOv3,N,3,3,69,NPU_out,42.351,
YOLOv3,N,3,3,71,in,0.0101209,
YOLOv3,N,3,3,71,out,0.0014,
YOLOv3,N,3,3,71,NPU_in,22.2034,
YOLOv3,N,3,3,71,NPU_run,62.7444,
YOLOv3,N,3,3,71,NPU_run_profile,22.9278,
YOLOv3,N,3,3,71,NPU_out,42.4179,
YOLOv3,N,3,3,73,in,0.0076419,
YOLOv3,N,3,3,73,out,0.0015751,
YOLOv3,N,3,3,73,NPU_in,22.276,
YOLOv3,N,3,3,73,NPU_run,62.3874,
YOLOv3,N,3,3,73,NPU_run_profile,22.8458,
YOLOv3,N,3,3,73,NPU_out,42.6117,
YOLOv3,N,4,4,1,in,0.0075541,
YOLOv3,N,4,4,1,out,0.001167,
YOLOv3,N,4,4,1,NPU_in,318.4491,
YOLOv3,N,4,4,1,NPU_run,344.6411,
YOLOv3,N,4,4,1,NPU_run_profile,163.0709,
YOLOv3,N,4,4,1,NPU_out,164.2472,
YOLOv3,N,4,4,3,in,0.006825,
YOLOv3,N,4,4,3,out,0.0012541,
YOLOv3,N,4,4,3,NPU_in,248.3109,
YOLOv3,N,4,4,3,NPU_run,317.9329,
YOLOv3,N,4,4,3,NPU_run_profile,131.1043,
YOLOv3,N,4,4,3,NPU_out,163.4073,
YOLOv3,N,4,4,5,in,0.0069417,
YOLOv3,N,4,4,5,out,0.0011375,
YOLOv3,N,4,4,5,NPU_in,79.1842,
YOLOv3,N,4,4,5,NPU_run,90.3224,
YOLOv3,N,4,4,5,NPU_run_profile,38.9738,
YOLOv3,N,4,4,5,NPU_out,36.665,
YOLOv3,N,4,4,7,in,0.0067667,
YOLOv3,N,4,4,7,out,0.0010789,
YOLOv3,N,4,4,7,NPU_in,79.2691,
YOLOv3,N,4,4,7,NPU_run,87.719,
YOLOv3,N,4,4,7,NPU_run_profile,39.001,
YOLOv3,N,4,4,7,NPU_out,36.8564,
YOLOv3,N,4,4,9,in,0.0078455,
YOLOv3,N,4,4,9,out,0.0011663,
YOLOv3,N,4,4,9,NPU_in,74.2098,
YOLOv3,N,4,4,9,NPU_run,95.4893,
YOLOv3,N,4,4,9,NPU_run_profile,47.6281,
YOLOv3,N,4,4,9,NPU_out,37.1747,
YOLOv3,N,4,4,11,in,0.0080207,
YOLOv3,N,4,4,11,out,0.0012248,
YOLOv3,N,4,4,11,NPU_in,63.2897,
YOLOv3,N,4,4,11,NPU_run,79.8931,
YOLOv3,N,4,4,11,NPU_run_profile,29.0804,
YOLOv3,N,4,4,11,NPU_out,37.7169,
YOLOv3,N,4,4,13,in,0.0076126,
YOLOv3,N,4,4,13,out,0.0014002,
YOLOv3,N,4,4,13,NPU_in,59.9218,
YOLOv3,N,4,4,13,NPU_run,80.6868,
YOLOv3,N,4,4,13,NPU_run_profile,28.9759,
YOLOv3,N,4,4,13,NPU_out,37.6808,
YOLOv3,N,4,4,15,in,0.0080208,
YOLOv3,N,4,4,15,out,0.0012832,
YOLOv3,N,4,4,15,NPU_in,59.8917,
YOLOv3,N,4,4,15,NPU_run,79.3835,
YOLOv3,N,4,4,15,NPU_run_profile,29.0217,
YOLOv3,N,4,4,15,NPU_out,37.2993,
YOLOv3,N,4,4,17,in,0.0079624,
YOLOv3,N,4,4,17,out,0.0013127,
YOLOv3,N,4,4,17,NPU_in,62.1558,
YOLOv3,N,4,4,17,NPU_run,80.5174,
YOLOv3,N,4,4,17,NPU_run_profile,29.0132,
YOLOv3,N,4,4,17,NPU_out,37.162,
YOLOv3,N,4,4,19,in,0.0109958,
YOLOv3,N,4,4,19,out,0.0014583,
YOLOv3,N,4,4,19,NPU_in,60.1845,
YOLOv3,N,4,4,19,NPU_run,81.0264,
YOLOv3,N,4,4,19,NPU_run_profile,29.0172,
YOLOv3,N,4,4,19,NPU_out,37.8865,
YOLOv3,N,4,4,21,in,0.0078168,
YOLOv3,N,4,4,21,out,0.0012544,
YOLOv3,N,4,4,21,NPU_in,59.8083,
YOLOv3,N,4,4,21,NPU_run,81.2798,
YOLOv3,N,4,4,21,NPU_run_profile,29.0351,
YOLOv3,N,4,4,21,NPU_out,37.552,
YOLOv3,N,4,4,23,in,0.0080499,
YOLOv3,N,4,4,23,out,0.0011667,
YOLOv3,N,4,4,23,NPU_in,60.5529,
YOLOv3,N,4,4,23,NPU_run,79.8022,
YOLOv3,N,4,4,23,NPU_run_profile,28.9318,
YOLOv3,N,4,4,23,NPU_out,37.8056,
YOLOv3,N,4,4,25,in,0.0083123,
YOLOv3,N,4,4,25,out,0.0013711,
YOLOv3,N,4,4,25,NPU_in,61.1204,
YOLOv3,N,4,4,25,NPU_run,81.274,
YOLOv3,N,4,4,25,NPU_run_profile,28.9939,
YOLOv3,N,4,4,25,NPU_out,37.8497,
YOLOv3,N,4,4,27,in,0.0074374,
YOLOv3,N,4,4,27,out,0.00105,
YOLOv3,N,4,4,27,NPU_in,20.8011,
YOLOv3,N,4,4,27,NPU_run,28.8614,
YOLOv3,N,4,4,27,NPU_run_profile,14.9082,
YOLOv3,N,4,4,27,NPU_out,12.1626,
YOLOv3,N,4,4,29,in,0.0072334,
YOLOv3,N,4,4,29,out,0.0009042,
YOLOv3,N,4,4,29,NPU_in,20.9312,
YOLOv3,N,4,4,29,NPU_run,26.0619,
YOLOv3,N,4,4,29,NPU_run_profile,12.7824,
YOLOv3,N,4,4,29,NPU_out,11.9216,
YOLOv3,N,4,4,31,in,0.0072917,
YOLOv3,N,4,4,31,out,0.0010207,
YOLOv3,N,4,4,31,NPU_in,19.843,
YOLOv3,N,4,4,31,NPU_run,26.3743,
YOLOv3,N,4,4,31,NPU_run_profile,12.8069,
YOLOv3,N,4,4,31,NPU_out,11.746,
YOLOv3,N,4,4,33,in,0.0067376,
YOLOv3,N,4,4,33,out,0.0009916,
YOLOv3,N,4,4,33,NPU_in,19.7401,
YOLOv3,N,4,4,33,NPU_run,26.2863,
YOLOv3,N,4,4,33,NPU_run_profile,12.7761,
YOLOv3,N,4,4,33,NPU_out,11.3187,
YOLOv3,N,4,4,35,in,0.0067376,
YOLOv3,N,4,4,35,out,0.0012542,
YOLOv3,N,4,4,35,NPU_in,21.3818,
YOLOv3,N,4,4,35,NPU_run,26.4479,
YOLOv3,N,4,4,35,NPU_run_profile,12.7989,
YOLOv3,N,4,4,35,NPU_out,11.7468,
YOLOv3,N,4,4,37,in,0.0069706,
YOLOv3,N,4,4,37,out,0.0013125,
YOLOv3,N,4,4,37,NPU_in,20.461,
YOLOv3,N,4,4,37,NPU_run,26.4307,
YOLOv3,N,4,4,37,NPU_run_profile,12.7899,
YOLOv3,N,4,4,37,NPU_out,11.5236,
YOLOv3,N,4,4,39,in,0.0069126,
YOLOv3,N,4,4,39,out,0.0009625,
YOLOv3,N,4,4,39,NPU_in,19.4598,
YOLOv3,N,4,4,39,NPU_run,26.1417,
YOLOv3,N,4,4,39,NPU_run_profile,12.7822,
YOLOv3,N,4,4,39,NPU_out,11.3362,
YOLOv3,N,4,4,41,in,0.0074084,
YOLOv3,N,4,4,41,out,0.0011085,
YOLOv3,N,4,4,41,NPU_in,19.9629,
YOLOv3,N,4,4,41,NPU_run,26.0177,
YOLOv3,N,4,4,41,NPU_run_profile,12.7799,
YOLOv3,N,4,4,41,NPU_out,11.7545,
YOLOv3,N,4,4,43,in,0.0076708,
YOLOv3,N,4,4,43,out,0.0011958,
YOLOv3,N,4,4,43,NPU_in,19.5146,
YOLOv3,N,4,4,43,NPU_run,33.0193,
YOLOv3,N,4,4,43,NPU_run_profile,19.5612,
YOLOv3,N,4,4,43,NPU_out,11.3015,
YOLOv3,N,4,4,45,in,0.0164209,
YOLOv3,N,4,4,45,out,0.0011958,
YOLOv3,N,4,4,45,NPU_in,15.6592,
YOLOv3,N,4,4,45,NPU_run,24.1048,
YOLOv3,N,4,4,45,NPU_run_profile,10.6956,
YOLOv3,N,4,4,45,NPU_out,12.1608,
YOLOv3,N,4,4,47,in,0.0158667,
YOLOv3,N,4,4,47,out,0.0012541,
YOLOv3,N,4,4,47,NPU_in,15.9245,
YOLOv3,N,4,4,47,NPU_run,24.205,
YOLOv3,N,4,4,47,NPU_run_profile,10.6233,
YOLOv3,N,4,4,47,NPU_out,12.0631,
YOLOv3,N,4,4,49,in,0.0080499,
YOLOv3,N,4,4,49,out,0.0011957,
YOLOv3,N,4,4,49,NPU_in,15.4934,
YOLOv3,N,4,4,49,NPU_run,24.5125,
YOLOv3,N,4,4,49,NPU_run_profile,10.6374,
YOLOv3,N,4,4,49,NPU_out,11.5954,
YOLOv3,N,4,4,51,in,0.0063583,
YOLOv3,N,4,4,51,out,0.001254,
YOLOv3,N,4,4,51,NPU_in,15.4041,
YOLOv3,N,4,4,51,NPU_run,24.3815,
YOLOv3,N,4,4,51,NPU_run_profile,10.6531,
YOLOv3,N,4,4,51,NPU_out,11.6123,
YOLOv3,N,4,4,53,in,0.0072625,
YOLOv3,N,4,4,53,out,0.0011375,
YOLOv3,N,4,4,53,NPU_in,5.0553,
YOLOv3,N,4,4,53,NPU_run,20.0106,
YOLOv3,N,4,4,53,NPU_run_profile,9.0787,
YOLOv3,N,4,4,53,NPU_out,12.0574,
YOLOv3,N,4,4,55,in,0.0076418,
YOLOv3,N,4,4,55,out,0.0010499,
YOLOv3,N,4,4,55,NPU_in,5.0657,
YOLOv3,N,4,4,55,NPU_run,19.8389,
YOLOv3,N,4,4,55,NPU_run_profile,9.1129,
YOLOv3,N,4,4,55,NPU_out,11.8548,
YOLOv3,N,4,4,57,in,0.0090708,
YOLOv3,N,4,4,57,task,63.2743,
YOLOv3,N,4,4,57,out,0.0010208,
YOLOv3,N,4,4,57,NPU_in,7.0624,
YOLOv3,N,4,4,57,NPU_run,36.6993,
YOLOv3,N,4,4,57,NPU_run_profile,9.3914,
YOLOv3,N,4,4,57,NPU_out,14.305,
YOLOv3,N,4,4,59,in,0.0062417,
YOLOv3,N,4,4,59,out,0.0011373,
YOLOv3,N,4,4,59,NPU_in,27.8633,
YOLOv3,N,4,4,59,NPU_run,47.6502,
YOLOv3,N,4,4,59,NPU_run_profile,9.3507,
YOLOv3,N,4,4,59,NPU_out,48.4326,
YOLOv3,N,4,4,61,in,0.0070584,
YOLOv3,N,4,4,61,out,0.0011083,
YOLOv3,N,4,4,61,NPU_in,9.6973,
YOLOv3,N,4,4,61,NPU_run,34.3732,
YOLOv3,N,4,4,61,NPU_run_profile,14.6265,
YOLOv3,N,4,4,61,NPU_out,24.297,
YOLOv3,N,4,4,63,in,0.00665,
YOLOv3,N,4,4,63,out,0.0012543,
YOLOv3,N,4,4,63,NPU_in,9.3917,
YOLOv3,N,4,4,63,NPU_run,34.3609,
YOLOv3,N,4,4,63,NPU_run_profile,14.6609,
YOLOv3,N,4,4,63,NPU_out,23.9845,
YOLOv3,N,4,4,65,in,0.0079626,
YOLOv3,N,4,4,65,task,157.0777,
YOLOv3,N,4,4,65,out,0.0011667,
YOLOv3,N,4,4,65,NPU_in,14.5972,
YOLOv3,N,4,4,65,NPU_run,107.6394,
YOLOv3,N,4,4,65,NPU_run_profile,16.4622,
YOLOv3,N,4,4,65,NPU_out,31.7219,
YOLOv3,N,4,4,67,in,0.0082251,
YOLOv3,N,4,4,67,out,0.0012837,
YOLOv3,N,4,4,67,NPU_in,54.0441,
YOLOv3,N,4,4,67,NPU_run,86.3535,
YOLOv3,N,4,4,67,NPU_run_profile,16.182,
YOLOv3,N,4,4,67,NPU_out,81.2523,
YOLOv3,N,4,4,69,in,0.0070293,
YOLOv3,N,4,4,69,out,0.0013708,
YOLOv3,N,4,4,69,NPU_in,21.094,
YOLOv3,N,4,4,69,NPU_run,62.2917,
YOLOv3,N,4,4,69,NPU_run_profile,23.0763,
YOLOv3,N,4,4,69,NPU_out,37.2073,
YOLOv3,N,4,4,71,in,0.0070874,
YOLOv3,N,4,4,71,out,0.0012833,
YOLOv3,N,4,4,71,NPU_in,19.5566,
YOLOv3,N,4,4,71,NPU_run,60.9526,
YOLOv3,N,4,4,71,NPU_run_profile,22.9268,
YOLOv3,N,4,4,71,NPU_out,37.3702,
YOLOv3,N,4,4,73,in,0.0068834,
YOLOv3,N,4,4,73,out,0.0012543,
YOLOv3,N,4,4,73,NPU_in,19.1108,
YOLOv3,N,4,4,73,NPU_run,60.6002,
YOLOv3,N,4,4,73,NPU_run_profile,22.8436,
YOLOv3,N,4,4,73,NPU_out,37.127,
YOLOv3,N,5,5,1,in,0.0077584,
YOLOv3,N,5,5,1,out,0.00105,
YOLOv3,N,5,5,1,NPU_in,269.9515,
YOLOv3,N,5,5,1,NPU_run,340.5935,
YOLOv3,N,5,5,1,NPU_run_profile,163.0818,
YOLOv3,N,5,5,1,NPU_out,142.4971,
YOLOv3,N,5,5,3,in,0.0064752,
YOLOv3,N,5,5,3,out,0.0028873,
YOLOv3,N,5,5,3,NPU_in,211.4399,
YOLOv3,N,5,5,3,NPU_run,313.8118,
YOLOv3,N,5,5,3,NPU_run_profile,131.1169,
YOLOv3,N,5,5,3,NPU_out,142.6161,
YOLOv3,N,5,5,5,in,0.0143792,
YOLOv3,N,5,5,5,out,0.0009917,
YOLOv3,N,5,5,5,NPU_in,67.6895,
YOLOv3,N,5,5,5,NPU_run,88.7719,
YOLOv3,N,5,5,5,NPU_run_profile,38.9615,
YOLOv3,N,5,5,5,NPU_out,32.4261,
YOLOv3,N,5,5,7,in,0.0067375,
YOLOv3,N,5,5,7,out,0.0024207,
YOLOv3,N,5,5,7,NPU_in,68.2193,
YOLOv3,N,5,5,7,NPU_run,86.0318,
YOLOv3,N,5,5,7,NPU_run_profile,38.9968,
YOLOv3,N,5,5,7,NPU_out,32.6054,
YOLOv3,N,5,5,9,in,0.0075833,
YOLOv3,N,5,5,9,out,0.0010793,
YOLOv3,N,5,5,9,NPU_in,64.8602,
YOLOv3,N,5,5,9,NPU_run,94.4232,
YOLOv3,N,5,5,9,NPU_run_profile,47.6084,
YOLOv3,N,5,5,9,NPU_out,32.7958,
YOLOv3,N,5,5,11,in,0.0074665,
YOLOv3,N,5,5,11,out,0.0011958,
YOLOv3,N,5,5,11,NPU_in,53.0773,
YOLOv3,N,5,5,11,NPU_run,76.9662,
YOLOv3,N,5,5,11,NPU_run_profile,29.0617,
YOLOv3,N,5,5,11,NPU_out,32.9335,
YOLOv3,N,5,5,13,in,0.0076418,
YOLOv3,N,5,5,13,out,0.0012541,
YOLOv3,N,5,5,13,NPU_in,51.5731,
YOLOv3,N,5,5,13,NPU_run,76.7223,
YOLOv3,N,5,5,13,NPU_run_profile,28.9897,
YOLOv3,N,5,5,13,NPU_out,33.1176,
YOLOv3,N,5,5,15,in,0.007671,
YOLOv3,N,5,5,15,out,0.0009623,
YOLOv3,N,5,5,15,NPU_in,51.1445,
YOLOv3,N,5,5,15,NPU_run,79.6621,
YOLOv3,N,5,5,15,NPU_run_profile,29.0223,
YOLOv3,N,5,5,15,NPU_out,32.7738,
YOLOv3,N,5,5,17,in,0.0074666,
YOLOv3,N,5,5,17,out,0.0012835,
YOLOv3,N,5,5,17,NPU_in,52.7127,
YOLOv3,N,5,5,17,NPU_run,78.8444,
YOLOv3,N,5,5,17,NPU_run_profile,29.0045,
YOLOv3,N,5,5,17,NPU_out,32.6383,
YOLOv3,N,5,5,19,in,0.0076126,
YOLOv3,N,5,5,19,out,0.0013124,
YOLOv3,N,5,5,19,NPU_in,51.8239,
YOLOv3,N,5,5,19,NPU_run,78.6266,
YOLOv3,N,5,5,19,NPU_run_profile,28.9925,
YOLOv3,N,5,5,19,NPU_out,33.2948,
YOLOv3,N,5,5,21,in,0.007671,
YOLOv3,N,5,5,21,out,0.0013125,
YOLOv3,N,5,5,21,NPU_in,52.2494,
YOLOv3,N,5,5,21,NPU_run,79.2586,
YOLOv3,N,5,5,21,NPU_run_profile,29.0306,
YOLOv3,N,5,5,21,NPU_out,32.7161,
YOLOv3,N,5,5,23,in,0.0074666,
YOLOv3,N,5,5,23,out,0.001021,
YOLOv3,N,5,5,23,NPU_in,51.8183,
YOLOv3,N,5,5,23,NPU_run,78.1164,
YOLOv3,N,5,5,23,NPU_run_profile,28.9258,
YOLOv3,N,5,5,23,NPU_out,32.6067,
YOLOv3,N,5,5,25,in,0.0081083,
YOLOv3,N,5,5,25,out,0.0011959,
YOLOv3,N,5,5,25,NPU_in,52.4968,
YOLOv3,N,5,5,25,NPU_run,78.9324,
YOLOv3,N,5,5,25,NPU_run_profile,29.0052,
YOLOv3,N,5,5,25,NPU_out,32.6258,
YOLOv3,N,5,5,27,in,0.006971,
YOLOv3,N,5,5,27,out,0.0009334,
YOLOv3,N,5,5,27,NPU_in,17.2584,
YOLOv3,N,5,5,27,NPU_run,28.7105,
YOLOv3,N,5,5,27,NPU_run_profile,14.9085,
YOLOv3,N,5,5,27,NPU_out,11.0256,
YOLOv3,N,5,5,29,in,0.006475,
YOLOv3,N,5,5,29,out,0.0008166,
YOLOv3,N,5,5,29,NPU_in,17.3404,
YOLOv3,N,5,5,29,NPU_run,25.8861,
YOLOv3,N,5,5,29,NPU_run_profile,12.7854,
YOLOv3,N,5,5,29,NPU_out,10.5817,
YOLOv3,N,5,5,31,in,0.0064458,
YOLOv3,N,5,5,31,out,0.0009042,
YOLOv3,N,5,5,31,NPU_in,17.1206,
YOLOv3,N,5,5,31,NPU_run,25.8861,
YOLOv3,N,5,5,31,NPU_run_profile,12.8068,
YOLOv3,N,5,5,31,NPU_out,10.3947,
YOLOv3,N,5,5,33,in,0.0063002,
YOLOv3,N,5,5,33,out,0.0009041,
YOLOv3,N,5,5,33,NPU_in,16.9475,
YOLOv3,N,5,5,33,NPU_run,25.8619,
YOLOv3,N,5,5,33,NPU_run_profile,12.7874,
YOLOv3,N,5,5,33,NPU_out,10.8346,
YOLOv3,N,5,5,35,in,0.0063876,
YOLOv3,N,5,5,35,out,0.0012252,
YOLOv3,N,5,5,35,NPU_in,16.7292,
YOLOv3,N,5,5,35,NPU_run,25.6644,
YOLOv3,N,5,5,35,NPU_run_profile,12.8119,
YOLOv3,N,5,5,35,NPU_out,10.3511,
YOLOv3,N,5,5,37,in,0.0070875,
YOLOv3,N,5,5,37,out,0.0010792,
YOLOv3,N,5,5,37,NPU_in,18.3575,
YOLOv3,N,5,5,37,NPU_run,26.1129,
YOLOv3,N,5,5,37,NPU_run_profile,12.7845,
YOLOv3,N,5,5,37,NPU_out,11.0079,
YOLOv3,N,5,5,39,in,0.0062998,
YOLOv3,N,5,5,39,out,0.0007875,
YOLOv3,N,5,5,39,NPU_in,17.3747,
YOLOv3,N,5,5,39,NPU_run,26.0102,
YOLOv3,N,5,5,39,NPU_run_profile,12.7803,
YOLOv3,N,5,5,39,NPU_out,10.7304,
YOLOv3,N,5,5,41,in,0.0064165,
YOLOv3,N,5,5,41,out,0.0010501,
YOLOv3,N,5,5,41,NPU_in,18.2122,
YOLOv3,N,5,5,41,NPU_run,25.9783,
YOLOv3,N,5,5,41,NPU_run_profile,12.7822,
YOLOv3,N,5,5,41,NPU_out,10.378,
YOLOv3,N,5,5,43,in,0.0077291,
YOLOv3,N,5,5,43,out,0.0010501,
YOLOv3,N,5,5,43,NPU_in,17.3657,
YOLOv3,N,5,5,43,NPU_run,33.111,
YOLOv3,N,5,5,43,NPU_run_profile,19.5566,
YOLOv3,N,5,5,43,NPU_out,10.8164,
YOLOv3,N,5,5,45,in,0.0082249,
YOLOv3,N,5,5,45,out,0.0012834,
YOLOv3,N,5,5,45,NPU_in,12.6283,
YOLOv3,N,5,5,45,NPU_run,24.0186,
YOLOv3,N,5,5,45,NPU_run_profile,10.6947,
YOLOv3,N,5,5,45,NPU_out,10.8688,
YOLOv3,N,5,5,47,in,0.0080209,
YOLOv3,N,5,5,47,out,0.0012252,
YOLOv3,N,5,5,47,NPU_in,13.2823,
YOLOv3,N,5,5,47,NPU_run,23.8158,
YOLOv3,N,5,5,47,NPU_run_profile,10.626,
YOLOv3,N,5,5,47,NPU_out,10.6589,
YOLOv3,N,5,5,49,in,0.0080793,
YOLOv3,N,5,5,49,out,0.0011668,
YOLOv3,N,5,5,49,NPU_in,13.0135,
YOLOv3,N,5,5,49,NPU_run,23.9546,
YOLOv3,N,5,5,49,NPU_run_profile,10.6327,
YOLOv3,N,5,5,49,NPU_out,10.4425,
YOLOv3,N,5,5,51,in,0.0075833,
YOLOv3,N,5,5,51,out,0.0011956,
YOLOv3,N,5,5,51,NPU_in,13.4583,
YOLOv3,N,5,5,51,NPU_run,24.5136,
YOLOv3,N,5,5,51,NPU_run_profile,10.6509,
YOLOv3,N,5,5,51,NPU_out,10.7952,
YOLOv3,N,5,5,53,in,0.0073208,
YOLOv3,N,5,5,53,out,0.0010208,
YOLOv3,N,5,5,53,NPU_in,4.2277,
YOLOv3,N,5,5,53,NPU_run,19.3129,
YOLOv3,N,5,5,53,NPU_run_profile,9.0797,
YOLOv3,N,5,5,53,NPU_out,10.8853,
YOLOv3,N,5,5,55,in,0.0091875,
YOLOv3,N,5,5,55,out,0.0009624,
YOLOv3,N,5,5,55,NPU_in,4.0779,
YOLOv3,N,5,5,55,NPU_run,19.4479,
YOLOv3,N,5,5,55,NPU_run_profile,9.11,
YOLOv3,N,5,5,55,NPU_out,10.7305,
YOLOv3,N,5,5,57,in,0.0256669,
YOLOv3,N,5,5,57,task,72.3723,
YOLOv3,N,5,5,57,out,0.0009042,
YOLOv3,N,5,5,57,NPU_in,6.9443,
YOLOv3,N,5,5,57,NPU_run,45.212,
YOLOv3,N,5,5,57,NPU_run_profile,9.5707,
YOLOv3,N,5,5,57,NPU_out,12.5721,
YOLOv3,N,5,5,59,in,0.0063002,
YOLOv3,N,5,5,59,out,0.0010499,
YOLOv3,N,5,5,59,NPU_in,24.5114,
YOLOv3,N,5,5,59,NPU_run,48.3452,
YOLOv3,N,5,5,59,NPU_run_profile,9.3476,
YOLOv3,N,5,5,59,NPU_out,48.1998,
YOLOv3,N,5,5,61,in,0.0060668,
YOLOv3,N,5,5,61,out,0.0009042,
YOLOv3,N,5,5,61,NPU_in,8.1495,
YOLOv3,N,5,5,61,NPU_run,33.8239,
YOLOv3,N,5,5,61,NPU_run_profile,14.6171,
YOLOv3,N,5,5,61,NPU_out,21.9489,
YOLOv3,N,5,5,63,in,0.0065917,
YOLOv3,N,5,5,63,out,0.0011376,
YOLOv3,N,5,5,63,NPU_in,8.1199,
YOLOv3,N,5,5,63,NPU_run,33.9135,
YOLOv3,N,5,5,63,NPU_run_profile,14.6719,
YOLOv3,N,5,5,63,NPU_out,22.4531,
YOLOv3,N,5,5,65,in,0.0077,
YOLOv3,N,5,5,65,task,144.1166,
YOLOv3,N,5,5,65,out,0.0009333,
YOLOv3,N,5,5,65,NPU_in,12.4742,
YOLOv3,N,5,5,65,NPU_run,99.539,
YOLOv3,N,5,5,65,NPU_run_profile,16.4507,
YOLOv3,N,5,5,65,NPU_out,28.9995,
YOLOv3,N,5,5,67,in,0.0060959,
YOLOv3,N,5,5,67,out,0.0010791,
YOLOv3,N,5,5,67,NPU_in,45.8917,
YOLOv3,N,5,5,67,NPU_run,83.5137,
YOLOv3,N,5,5,67,NPU_run_profile,16.1855,
YOLOv3,N,5,5,67,NPU_out,66.8531,
YOLOv3,N,5,5,69,in,0.0065915,
YOLOv3,N,5,5,69,out,0.001196,
YOLOv3,N,5,5,69,NPU_in,16.9675,
YOLOv3,N,5,5,69,NPU_run,60.3829,
YOLOv3,N,5,5,69,NPU_run_profile,22.8486,
YOLOv3,N,5,5,69,NPU_out,34.021,
YOLOv3,N,5,5,71,in,0.0067374,
YOLOv3,N,5,5,71,out,0.0010501,
YOLOv3,N,5,5,71,NPU_in,16.8349,
YOLOv3,N,5,5,71,NPU_run,60.0179,
YOLOv3,N,5,5,71,NPU_run_profile,22.9216,
YOLOv3,N,5,5,71,NPU_out,33.0307,
YOLOv3,N,5,5,73,in,0.0062707,
YOLOv3,N,5,5,73,out,0.0011375,
YOLOv3,N,5,5,73,NPU_in,16.9693,
YOLOv3,N,5,5,73,NPU_run,60.7139,
YOLOv3,N,5,5,73,NPU_run_profile,22.8347,
YOLOv3,N,5,5,73,NPU_out,32.9318,
YOLOv3,N,6,6,1,in,0.007554,
YOLOv3,N,6,6,1,out,0.0009917,
YOLOv3,N,6,6,1,NPU_in,234.1794,
YOLOv3,N,6,6,1,NPU_run,335.2906,
YOLOv3,N,6,6,1,NPU_run_profile,163.0871,
YOLOv3,N,6,6,1,NPU_out,128.0106,
YOLOv3,N,6,6,3,in,0.0063585,
YOLOv3,N,6,6,3,out,0.0009333,
YOLOv3,N,6,6,3,NPU_in,186.649,
YOLOv3,N,6,6,3,NPU_run,321.8869,
YOLOv3,N,6,6,3,NPU_run_profile,131.1019,
YOLOv3,N,6,6,3,NPU_out,129.6503,
YOLOv3,N,6,6,5,in,0.0066209,
YOLOv3,N,6,6,5,out,0.0009332,
YOLOv3,N,6,6,5,NPU_in,59.2388,
YOLOv3,N,6,6,5,NPU_run,86.1442,
YOLOv3,N,6,6,5,NPU_run_profile,38.9701,
YOLOv3,N,6,6,5,NPU_out,29.2021,
YOLOv3,N,6,6,7,in,0.0067667,
YOLOv3,N,6,6,7,out,0.0009334,
YOLOv3,N,6,6,7,NPU_in,60.1107,
YOLOv3,N,6,6,7,NPU_run,84.5489,
YOLOv3,N,6,6,7,NPU_run_profile,37.1696,
YOLOv3,N,6,6,7,NPU_out,30.0299,
YOLOv3,N,6,6,9,in,0.0073209,
YOLOv3,N,6,6,9,out,0.0009624,
YOLOv3,N,6,6,9,NPU_in,58.4083,
YOLOv3,N,6,6,9,NPU_run,92.1837,
YOLOv3,N,6,6,9,NPU_run_profile,45.7419,
YOLOv3,N,6,6,9,NPU_out,29.882,
YOLOv3,N,6,6,11,in,0.0074082,
YOLOv3,N,6,6,11,out,0.0009625,
YOLOv3,N,6,6,11,NPU_in,45.9437,
YOLOv3,N,6,6,11,NPU_run,76.5733,
YOLOv3,N,6,6,11,NPU_run_profile,29.0786,
YOLOv3,N,6,6,11,NPU_out,29.9146,
YOLOv3,N,6,6,13,in,0.0072627,
YOLOv3,N,6,6,13,out,0.0011958,
YOLOv3,N,6,6,13,NPU_in,45.9305,
YOLOv3,N,6,6,13,NPU_run,75.7787,
YOLOv3,N,6,6,13,NPU_run_profile,28.9583,
YOLOv3,N,6,6,13,NPU_out,29.9025,
YOLOv3,N,6,6,15,in,0.0071459,
YOLOv3,N,6,6,15,out,0.0009623,
YOLOv3,N,6,6,15,NPU_in,47.0126,
YOLOv3,N,6,6,15,NPU_run,77.1728,
YOLOv3,N,6,6,15,NPU_run_profile,29.0353,
YOLOv3,N,6,6,15,NPU_out,31.7446,
YOLOv3,N,6,6,17,in,0.0072627,
YOLOv3,N,6,6,17,out,0.0012251,
YOLOv3,N,6,6,17,NPU_in,47.1778,
YOLOv3,N,6,6,17,NPU_run,76.5444,
YOLOv3,N,6,6,17,NPU_run_profile,29.0071,
YOLOv3,N,6,6,17,NPU_out,29.8642,
YOLOv3,N,6,6,19,in,0.0072042,
YOLOv3,N,6,6,19,out,0.0011957,
YOLOv3,N,6,6,19,NPU_in,45.6222,
YOLOv3,N,6,6,19,NPU_run,77.3136,
YOLOv3,N,6,6,19,NPU_run_profile,29.0045,
YOLOv3,N,6,6,19,NPU_out,29.8434,
YOLOv3,N,6,6,21,in,0.007029,
YOLOv3,N,6,6,21,out,0.0011666,
YOLOv3,N,6,6,21,NPU_in,45.7333,
YOLOv3,N,6,6,21,NPU_run,77.9456,
YOLOv3,N,6,6,21,NPU_run_profile,29.0176,
YOLOv3,N,6,6,21,NPU_out,29.8501,
YOLOv3,N,6,6,23,in,0.0075251,
YOLOv3,N,6,6,23,out,0.0009625,
YOLOv3,N,6,6,23,NPU_in,45.6485,
YOLOv3,N,6,6,23,NPU_run,77.9806,
YOLOv3,N,6,6,23,NPU_run_profile,28.9349,
YOLOv3,N,6,6,23,NPU_out,29.9046,
YOLOv3,N,6,6,25,in,0.008371,
YOLOv3,N,6,6,25,out,0.0012541,
YOLOv3,N,6,6,25,NPU_in,46.0028,
YOLOv3,N,6,6,25,NPU_run,77.9868,
YOLOv3,N,6,6,25,NPU_run_profile,28.9868,
YOLOv3,N,6,6,25,NPU_out,30.0331,
YOLOv3,N,6,6,27,in,0.006154,
YOLOv3,N,6,6,27,out,0.0008457,
YOLOv3,N,6,6,27,NPU_in,16.1483,
YOLOv3,N,6,6,27,NPU_run,28.4995,
YOLOv3,N,6,6,27,NPU_run_profile,14.4761,
YOLOv3,N,6,6,27,NPU_out,9.3493,
YOLOv3,N,6,6,29,in,0.006825,
YOLOv3,N,6,6,29,out,0.0007583,
YOLOv3,N,6,6,29,NPU_in,15.2655,
YOLOv3,N,6,6,29,NPU_run,25.6596,
YOLOv3,N,6,6,29,NPU_run_profile,12.7836,
YOLOv3,N,6,6,29,NPU_out,10.2009,
YOLOv3,N,6,6,31,in,0.0282333,
YOLOv3,N,6,6,31,out,0.000875,
YOLOv3,N,6,6,31,NPU_in,15.6584,
YOLOv3,N,6,6,31,NPU_run,25.4247,
YOLOv3,N,6,6,31,NPU_run_profile,12.8171,
YOLOv3,N,6,6,31,NPU_out,10.191,
YOLOv3,N,6,6,33,in,0.0070583,
YOLOv3,N,6,6,33,out,0.0009918,
YOLOv3,N,6,6,33,NPU_in,15.4988,
YOLOv3,N,6,6,33,NPU_run,25.5287,
YOLOv3,N,6,6,33,NPU_run_profile,12.7751,
YOLOv3,N,6,6,33,NPU_out,9.9897,
YOLOv3,N,6,6,35,in,0.0061836,
YOLOv3,N,6,6,35,out,0.0012541,
YOLOv3,N,6,6,35,NPU_in,15.9654,
YOLOv3,N,6,6,35,NPU_run,25.8437,
YOLOv3,N,6,6,35,NPU_run_profile,12.8119,
YOLOv3,N,6,6,35,NPU_out,9.8125,
YOLOv3,N,6,6,37,in,0.0197752,
YOLOv3,N,6,6,37,out,0.0009917,
YOLOv3,N,6,6,37,NPU_in,16.0965,
YOLOv3,N,6,6,37,NPU_run,25.8541,
YOLOv3,N,6,6,37,NPU_run_profile,12.7827,
YOLOv3,N,6,6,37,NPU_out,10.4009,
YOLOv3,N,6,6,39,in,0.0067081,
YOLOv3,N,6,6,39,out,0.0009042,
YOLOv3,N,6,6,39,NPU_in,14.7591,
YOLOv3,N,6,6,39,NPU_run,25.5903,
YOLOv3,N,6,6,39,NPU_run_profile,12.7796,
YOLOv3,N,6,6,39,NPU_out,9.7846,
YOLOv3,N,6,6,41,in,0.0076708,
YOLOv3,N,6,6,41,out,0.0009042,
YOLOv3,N,6,6,41,NPU_in,15.9264,
YOLOv3,N,6,6,41,NPU_run,25.3914,
YOLOv3,N,6,6,41,NPU_run_profile,12.7834,
YOLOv3,N,6,6,41,NPU_out,10.0465,
YOLOv3,N,6,6,43,in,0.0082251,
YOLOv3,N,6,6,43,out,0.0009332,
YOLOv3,N,6,6,43,NPU_in,15.7674,
YOLOv3,N,6,6,43,NPU_run,32.3982,
YOLOv3,N,6,6,43,NPU_run_profile,19.5487,
YOLOv3,N,6,6,43,NPU_out,10.1719,
YOLOv3,N,6,6,45,in,0.0082542,
YOLOv3,N,6,6,45,out,0.0010794,
YOLOv3,N,6,6,45,NPU_in,11.5774,
YOLOv3,N,6,6,45,NPU_run,23.4072,
YOLOv3,N,6,6,45,NPU_run_profile,10.6859,
YOLOv3,N,6,6,45,NPU_out,9.7737,
YOLOv3,N,6,6,47,in,0.0080208,
YOLOv3,N,6,6,47,out,0.0010211,
YOLOv3,N,6,6,47,NPU_in,11.6263,
YOLOv3,N,6,6,47,NPU_run,23.3179,
YOLOv3,N,6,6,47,NPU_run_profile,10.6209,
YOLOv3,N,6,6,47,NPU_out,9.8141,
YOLOv3,N,6,6,49,in,0.0081959,
YOLOv3,N,6,6,49,out,0.0009915,
YOLOv3,N,6,6,49,NPU_in,11.516,
YOLOv3,N,6,6,49,NPU_run,23.6145,
YOLOv3,N,6,6,49,NPU_run_profile,10.6275,
YOLOv3,N,6,6,49,NPU_out,9.8933,
YOLOv3,N,6,6,51,in,0.0067668,
YOLOv3,N,6,6,51,out,0.0010502,
YOLOv3,N,6,6,51,NPU_in,11.7989,
YOLOv3,N,6,6,51,NPU_run,23.4876,
YOLOv3,N,6,6,51,NPU_run_profile,10.6573,
YOLOv3,N,6,6,51,NPU_out,9.6478,
YOLOv3,N,6,6,53,in,0.0063,
YOLOv3,N,6,6,53,out,0.0009915,
YOLOv3,N,6,6,53,NPU_in,3.5968,
YOLOv3,N,6,6,53,NPU_run,19.3066,
YOLOv3,N,6,6,53,NPU_run_profile,9.0754,
YOLOv3,N,6,6,53,NPU_out,9.8424,
YOLOv3,N,6,6,55,in,0.0064457,
YOLOv3,N,6,6,55,out,0.0007874,
YOLOv3,N,6,6,55,NPU_in,3.6499,
YOLOv3,N,6,6,55,NPU_run,19.5741,
YOLOv3,N,6,6,55,NPU_run_profile,9.1045,
YOLOv3,N,6,6,55,NPU_out,9.7489,
YOLOv3,N,6,6,57,in,0.0065335,
YOLOv3,N,6,6,57,task,59.2982,
YOLOv3,N,6,6,57,out,0.0009042,
YOLOv3,N,6,6,57,NPU_in,5.0972,
YOLOv3,N,6,6,57,NPU_run,36.8558,
YOLOv3,N,6,6,57,NPU_run_profile,9.4471,
YOLOv3,N,6,6,57,NPU_out,12.6182,
YOLOv3,N,6,6,59,in,0.0058916,
YOLOv3,N,6,6,59,out,0.0009333,
YOLOv3,N,6,6,59,NPU_in,21.1991,
YOLOv3,N,6,6,59,NPU_run,45.9932,
YOLOv3,N,6,6,59,NPU_run_profile,9.3392,
YOLOv3,N,6,6,59,NPU_out,40.0329,
YOLOv3,N,6,6,61,in,0.0061833,
YOLOv3,N,6,6,61,out,0.0008168,
YOLOv3,N,6,6,61,NPU_in,7.1072,
YOLOv3,N,6,6,61,NPU_run,32.8014,
YOLOv3,N,6,6,61,NPU_run_profile,14.6199,
YOLOv3,N,6,6,61,NPU_out,20.415,
YOLOv3,N,6,6,63,in,0.0066209,
YOLOv3,N,6,6,63,out,0.0009625,
YOLOv3,N,6,6,63,NPU_in,7.3312,
YOLOv3,N,6,6,63,NPU_run,33.5164,
YOLOv3,N,6,6,63,NPU_run_profile,14.6658,
YOLOv3,N,6,6,63,NPU_out,20.4814,
YOLOv3,N,6,6,65,in,0.0071164,
YOLOv3,N,6,6,65,task,131.1358,
YOLOv3,N,6,6,65,out,0.0009334,
YOLOv3,N,6,6,65,NPU_in,10.8836,
YOLOv3,N,6,6,65,NPU_run,91.8497,
YOLOv3,N,6,6,65,NPU_run_profile,16.4403,
YOLOv3,N,6,6,65,NPU_out,25.667,
YOLOv3,N,6,6,67,in,0.0057458,
YOLOv3,N,6,6,67,out,0.00105,
YOLOv3,N,6,6,67,NPU_in,39.1548,
YOLOv3,N,6,6,67,NPU_run,79.6831,
YOLOv3,N,6,6,67,NPU_run_profile,16.1847,
YOLOv3,N,6,6,67,NPU_out,62.5277,
YOLOv3,N,6,6,69,in,0.0060375,
YOLOv3,N,6,6,69,out,0.0010501,
YOLOv3,N,6,6,69,NPU_in,14.7597,
YOLOv3,N,6,6,69,NPU_run,59.5802,
YOLOv3,N,6,6,69,NPU_run_profile,22.8523,
YOLOv3,N,6,6,69,NPU_out,30.2153,
YOLOv3,N,6,6,71,in,0.0063002,
YOLOv3,N,6,6,71,out,0.0011377,
YOLOv3,N,6,6,71,NPU_in,14.6006,
YOLOv3,N,6,6,71,NPU_run,58.9499,
YOLOv3,N,6,6,71,NPU_run_profile,22.9184,
YOLOv3,N,6,6,71,NPU_out,30.1384,
YOLOv3,N,6,6,73,in,0.0066499,
YOLOv3,N,6,6,73,out,0.0010209,
YOLOv3,N,6,6,73,NPU_in,14.9651,
YOLOv3,N,6,6,73,NPU_run,58.8705,
YOLOv3,N,6,6,73,NPU_run_profile,22.8499,
YOLOv3,N,6,6,73,NPU_out,30.2862,
YOLOv3,N,7,7,1,in,0.0075541,
YOLOv3,N,7,7,1,out,0.0009625,
YOLOv3,N,7,7,1,NPU_in,202.4683,
YOLOv3,N,7,7,1,NPU_run,334.8109,
YOLOv3,N,7,7,1,NPU_run_profile,163.0922,
YOLOv3,N,7,7,1,NPU_out,121.3767,
YOLOv3,N,7,7,3,in,0.0065333,
YOLOv3,N,7,7,3,out,0.0009918,
YOLOv3,N,7,7,3,NPU_in,166.8022,
YOLOv3,N,7,7,3,NPU_run,305.4267,
YOLOv3,N,7,7,3,NPU_run_profile,131.1171,
YOLOv3,N,7,7,3,NPU_out,121.5011,
YOLOv3,N,7,7,5,in,0.0062708,
YOLOv3,N,7,7,5,out,0.0008166,
YOLOv3,N,7,7,5,NPU_in,56.372,
YOLOv3,N,7,7,5,NPU_run,85.6523,
YOLOv3,N,7,7,5,NPU_run_profile,38.9756,
YOLOv3,N,7,7,5,NPU_out,27.1558,
YOLOv3,N,7,7,7,in,0.0061249,
YOLOv3,N,7,7,7,out,0.0008166,
YOLOv3,N,7,7,7,NPU_in,57.4158,
YOLOv3,N,7,7,7,NPU_run,81.8452,
YOLOv3,N,7,7,7,NPU_run_profile,36.9038,
YOLOv3,N,7,7,7,NPU_out,27.4216,
YOLOv3,N,7,7,9,in,0.0071168,
YOLOv3,N,7,7,9,out,0.0008751,
YOLOv3,N,7,7,9,NPU_in,52.1306,
YOLOv3,N,7,7,9,NPU_run,91.6039,
YOLOv3,N,7,7,9,NPU_run_profile,45.5497,
YOLOv3,N,7,7,9,NPU_out,28.546,
YOLOv3,N,7,7,11,in,0.0071167,
YOLOv3,N,7,7,11,out,0.0009334,
YOLOv3,N,7,7,11,NPU_in,40.9315,
YOLOv3,N,7,7,11,NPU_run,75.0114,
YOLOv3,N,7,7,11,NPU_run_profile,29.0802,
YOLOv3,N,7,7,11,NPU_out,27.8698,
YOLOv3,N,7,7,13,in,0.0070584,
YOLOv3,N,7,7,13,out,0.00105,
YOLOv3,N,7,7,13,NPU_in,41.3354,
YOLOv3,N,7,7,13,NPU_run,76.1421,
YOLOv3,N,7,7,13,NPU_run_profile,28.9699,
YOLOv3,N,7,7,13,NPU_out,27.8473,
YOLOv3,N,7,7,15,in,0.0070875,
YOLOv3,N,7,7,15,out,0.0009626,
YOLOv3,N,7,7,15,NPU_in,41.3009,
YOLOv3,N,7,7,15,NPU_run,75.2266,
YOLOv3,N,7,7,15,NPU_run_profile,29.0113,
YOLOv3,N,7,7,15,NPU_out,28.0344,
YOLOv3,N,7,7,17,in,0.0072041,
YOLOv3,N,7,7,17,out,0.0011374,
YOLOv3,N,7,7,17,NPU_in,41.8449,
YOLOv3,N,7,7,17,NPU_run,77.0684,
YOLOv3,N,7,7,17,NPU_run_profile,29.0362,
YOLOv3,N,7,7,17,NPU_out,27.9017,
YOLOv3,N,7,7,19,in,0.0074665,
YOLOv3,N,7,7,19,out,0.0011378,
YOLOv3,N,7,7,19,NPU_in,42.1495,
YOLOv3,N,7,7,19,NPU_run,77.1212,
YOLOv3,N,7,7,19,NPU_run_profile,28.9995,
YOLOv3,N,7,7,19,NPU_out,29.085,
YOLOv3,N,7,7,21,in,0.007146,
YOLOv3,N,7,7,21,out,0.0010791,
YOLOv3,N,7,7,21,NPU_in,40.8173,
YOLOv3,N,7,7,21,NPU_run,75.5436,
YOLOv3,N,7,7,21,NPU_run_profile,29.0183,
YOLOv3,N,7,7,21,NPU_out,27.8162,
YOLOv3,N,7,7,23,in,0.0072042,
YOLOv3,N,7,7,23,out,0.0008749,
YOLOv3,N,7,7,23,NPU_in,42.2526,
YOLOv3,N,7,7,23,NPU_run,76.145,
YOLOv3,N,7,7,23,NPU_run_profile,28.931,
YOLOv3,N,7,7,23,NPU_out,27.8187,
YOLOv3,N,7,7,25,in,0.0087502,
YOLOv3,N,7,7,25,out,0.0012832,
YOLOv3,N,7,7,25,NPU_in,41.8611,
YOLOv3,N,7,7,25,NPU_run,77.7464,
YOLOv3,N,7,7,25,NPU_run_profile,28.9946,
YOLOv3,N,7,7,25,NPU_out,27.9808,
YOLOv3,N,7,7,27,in,0.0055707,
YOLOv3,N,7,7,27,out,0.0007875,
YOLOv3,N,7,7,27,NPU_in,14.4892,
YOLOv3,N,7,7,27,NPU_run,29.0407,
YOLOv3,N,7,7,27,NPU_run_profile,14.8829,
YOLOv3,N,7,7,27,NPU_out,8.9317,
YOLOv3,N,7,7,29,in,0.0063,
YOLOv3,N,7,7,29,out,0.0008459,
YOLOv3,N,7,7,29,NPU_in,14.5428,
YOLOv3,N,7,7,29,NPU_run,25.9515,
YOLOv3,N,7,7,29,NPU_run_profile,12.7831,
YOLOv3,N,7,7,29,NPU_out,9.206,
YOLOv3,N,7,7,31,in,0.0061835,
YOLOv3,N,7,7,31,out,0.0007001,
YOLOv3,N,7,7,31,NPU_in,14.036,
YOLOv3,N,7,7,31,NPU_run,26.0145,
YOLOv3,N,7,7,31,NPU_run_profile,12.808,
YOLOv3,N,7,7,31,NPU_out,8.9878,
YOLOv3,N,7,7,33,in,0.0065624,
YOLOv3,N,7,7,33,out,0.0009043,
YOLOv3,N,7,7,33,NPU_in,14.1037,
YOLOv3,N,7,7,33,NPU_run,25.6813,
YOLOv3,N,7,7,33,NPU_run_profile,12.7761,
YOLOv3,N,7,7,33,NPU_out,9.2541,
YOLOv3,N,7,7,35,in,0.0055707,
YOLOv3,N,7,7,35,out,0.0010791,
YOLOv3,N,7,7,35,NPU_in,14.7797,
YOLOv3,N,7,7,35,NPU_run,26.1462,
YOLOv3,N,7,7,35,NPU_run_profile,12.8171,
YOLOv3,N,7,7,35,NPU_out,8.9071,
YOLOv3,N,7,7,37,in,0.0062708,
YOLOv3,N,7,7,37,out,0.0011085,
YOLOv3,N,7,7,37,NPU_in,13.5556,
YOLOv3,N,7,7,37,NPU_run,25.6519,
YOLOv3,N,7,7,37,NPU_run_profile,12.7842,
YOLOv3,N,7,7,37,NPU_out,9.9565,
YOLOv3,N,7,7,39,in,0.005979,
YOLOv3,N,7,7,39,out,0.0006999,
YOLOv3,N,7,7,39,NPU_in,14.1365,
YOLOv3,N,7,7,39,NPU_run,25.7157,
YOLOv3,N,7,7,39,NPU_run_profile,12.7795,
YOLOv3,N,7,7,39,NPU_out,9.3803,
YOLOv3,N,7,7,41,in,0.00665,
YOLOv3,N,7,7,41,out,0.0009042,
YOLOv3,N,7,7,41,NPU_in,14.5653,
YOLOv3,N,7,7,41,NPU_run,25.437,
YOLOv3,N,7,7,41,NPU_run_profile,12.7806,
YOLOv3,N,7,7,41,NPU_out,9.6919,
YOLOv3,N,7,7,43,in,0.0079041,
YOLOv3,N,7,7,43,out,0.001021,
YOLOv3,N,7,7,43,NPU_in,13.7121,
YOLOv3,N,7,7,43,NPU_run,32.5087,
YOLOv3,N,7,7,43,NPU_run_profile,19.5492,
YOLOv3,N,7,7,43,NPU_out,9.4343,
YOLOv3,N,7,7,45,in,0.0115502,
YOLOv3,N,7,7,45,out,0.0011084,
YOLOv3,N,7,7,45,NPU_in,10.5395,
YOLOv3,N,7,7,45,NPU_run,23.112,
YOLOv3,N,7,7,45,NPU_run_profile,10.6967,
YOLOv3,N,7,7,45,NPU_out,9.1681,
YOLOv3,N,7,7,47,in,0.0099459,
YOLOv3,N,7,7,47,out,0.0011666,
YOLOv3,N,7,7,47,NPU_in,10.5478,
YOLOv3,N,7,7,47,NPU_run,23.0957,
YOLOv3,N,7,7,47,NPU_run_profile,10.6229,
YOLOv3,N,7,7,47,NPU_out,9.0301,
YOLOv3,N,7,7,49,in,0.0073792,
YOLOv3,N,7,7,49,out,0.0010793,
YOLOv3,N,7,7,49,NPU_in,10.5676,
YOLOv3,N,7,7,49,NPU_run,23.4817,
YOLOv3,N,7,7,49,NPU_run_profile,10.6285,
YOLOv3,N,7,7,49,NPU_out,9.4963,
YOLOv3,N,7,7,51,in,0.0061248,
YOLOv3,N,7,7,51,out,0.000875,
YOLOv3,N,7,7,51,NPU_in,10.4089,
YOLOv3,N,7,7,51,NPU_run,23.7221,
YOLOv3,N,7,7,51,NPU_run_profile,10.6526,
YOLOv3,N,7,7,51,NPU_out,9.1723,
YOLOv3,N,7,7,53,in,0.0058334,
YOLOv3,N,7,7,53,out,0.0008458,
YOLOv3,N,7,7,53,NPU_in,3.2806,
YOLOv3,N,7,7,53,NPU_run,19.3152,
YOLOv3,N,7,7,53,NPU_run_profile,9.0708,
YOLOv3,N,7,7,53,NPU_out,9.2609,
YOLOv3,N,7,7,55,in,0.0069708,
YOLOv3,N,7,7,55,out,0.0007874,
YOLOv3,N,7,7,55,NPU_in,3.2929,
YOLOv3,N,7,7,55,NPU_run,19.5934,
YOLOv3,N,7,7,55,NPU_run_profile,9.1043,
YOLOv3,N,7,7,55,NPU_out,9.3077,
YOLOv3,N,7,7,57,in,0.006271,
YOLOv3,N,7,7,57,task,49.3378,
YOLOv3,N,7,7,57,out,0.0008458,
YOLOv3,N,7,7,57,NPU_in,4.126,
YOLOv3,N,7,7,57,NPU_run,29.6535,
YOLOv3,N,7,7,57,NPU_run_profile,9.351,
YOLOv3,N,7,7,57,NPU_out,10.4563,
YOLOv3,N,7,7,59,in,0.0058624,
YOLOv3,N,7,7,59,out,0.0009918,
YOLOv3,N,7,7,59,NPU_in,17.8296,
YOLOv3,N,7,7,59,NPU_run,43.6074,
YOLOv3,N,7,7,59,NPU_run_profile,9.3425,
YOLOv3,N,7,7,59,NPU_out,32.2633,
YOLOv3,N,7,7,61,in,0.0062711,
YOLOv3,N,7,7,61,out,0.0009042,
YOLOv3,N,7,7,61,NPU_in,6.3476,
YOLOv3,N,7,7,61,NPU_run,32.9726,
YOLOv3,N,7,7,61,NPU_run_profile,14.6182,
YOLOv3,N,7,7,61,NPU_out,20.2757,
YOLOv3,N,7,7,63,in,0.0057752,
YOLOv3,N,7,7,63,out,0.0008458,
YOLOv3,N,7,7,63,NPU_in,6.5306,
YOLOv3,N,7,7,63,NPU_run,32.7471,
YOLOv3,N,7,7,63,NPU_run_profile,14.6642,
YOLOv3,N,7,7,63,NPU_out,18.9814,
YOLOv3,N,7,7,65,in,0.0073791,
YOLOv3,N,7,7,65,task,112.0826,
YOLOv3,N,7,7,65,out,0.0009333,
YOLOv3,N,7,7,65,NPU_in,9.3943,
YOLOv3,N,7,7,65,NPU_run,73.9145,
YOLOv3,N,7,7,65,NPU_run_profile,15.9515,
YOLOv3,N,7,7,65,NPU_out,26.1493,
YOLOv3,N,7,7,67,in,0.006504,
YOLOv3,N,7,7,67,out,0.0010209,
YOLOv3,N,7,7,67,NPU_in,34.7695,
YOLOv3,N,7,7,67,NPU_run,81.325,
YOLOv3,N,7,7,67,NPU_run_profile,16.1827,
YOLOv3,N,7,7,67,NPU_out,54.1335,
YOLOv3,N,7,7,69,in,0.0065916,
YOLOv3,N,7,7,69,out,0.0009916,
YOLOv3,N,7,7,69,NPU_in,12.9692,
YOLOv3,N,7,7,69,NPU_run,58.9307,
YOLOv3,N,7,7,69,NPU_run_profile,22.8327,
YOLOv3,N,7,7,69,NPU_out,28.4242,
YOLOv3,N,7,7,71,in,0.00595,
YOLOv3,N,7,7,71,out,0.0010792,
YOLOv3,N,7,7,71,NPU_in,13.3202,
YOLOv3,N,7,7,71,NPU_run,58.9307,
YOLOv3,N,7,7,71,NPU_run_profile,22.9372,
YOLOv3,N,7,7,71,NPU_out,28.0188,
YOLOv3,N,7,7,73,in,0.0060958,
YOLOv3,N,7,7,73,out,0.0009915,
YOLOv3,N,7,7,73,NPU_in,13.0923,
YOLOv3,N,7,7,73,NPU_run,59.2979,
YOLOv3,N,7,7,73,NPU_run_profile,22.8373,
YOLOv3,N,7,7,73,NPU_out,28.9395,
