graph,order,freq,input_time,task_time,output_time,total_time,input_power,task_power,input_e,task_e,output_e,total_e,power_efficiency
YOLOv3,NBBBBNBBBBBBBBBBBBBBBBBBBBBBBBBBBBBBBBBBBBBBBBBBBBBBBBBBBBBBBBBBBBBBBBBBBBB,"((7,), (7,), (7,), (7,), (7,), (7,), (7,), (7,), (7,), (7,), (7,), (7,), (7,), (7,), (7,), (7,), (7,), (7,), (7,), (7,), (7,), (7,), (7,), (7,), (7,), (7,), (7,), (7,), (7,), (7,), (7,), (7,), (7,), (7,), (7,), (7,), (7,), (7,), (7,), (7,), (7,), (7,), (7,), (7,), (7,), (7,), (7,), (7,), (7,), (7,), (7,), (7,), (7,), (7,), (7,), (7,), (7,), (7,), (7,), (7,), (7,), (7,), (7,), (7,), (7,), (7,), (7,), (7,), (7,), (7,), (7,), (7,), (7,), (7,), (7,))",100.052,5317.026,0.333054,5417.078,5071.43217897778,6598.0737393322,507.406932371084,35082.1296219465,1.68906077293726,35605.6163486473,0.028096812703635
YOLOv3,NBBBBBBBBBNBBBBBBBBBBBBBBBBBBBBBBBBBBBBBBBBBBBBBBBBBBBBBBBBBBBBBBBBBBBBBBBB,"((7,), (7,), (7,), (7,), (7,), (7,), (7,), (7,), (7,), (7,), (7,), (7,), (7,), (7,), (7,), (7,), (7,), (7,), (7,), (7,), (7,), (7,), (7,), (7,), (7,), (7,), (7,), (7,), (7,), (7,), (7,), (7,), (7,), (7,), (7,), (7,), (7,), (7,), (7,), (7,), (7,), (7,), (7,), (7,), (7,), (7,), (7,), (7,), (7,), (7,), (7,), (7,), (7,), (7,), (7,), (7,), (7,), (7,), (7,), (7,), (7,), (7,), (7,), (7,), (7,), (7,), (7,), (7,), (7,), (7,), (7,), (7,), (7,), (7,), (7,))",99.4336,5183.7492,0.316604,5283.1828,5265.29683242727,6738.7019773147,523.54741911684,34931.7409839435,1.6670140383338,35470.7278114491,0.028203211139718
YOLOv3,NBBBBBBBBBBBBBBNBBBBBBBBBBBBBBBBBBBBBBBBBBBBBBBBBBBBBBBBBBBBBBBBBBBBBBBBBBB,"((7,), (7,), (7,), (7,), (7,), (7,), (7,), (7,), (7,), (7,), (7,), (7,), (7,), (7,), (7,), (7,), (7,), (7,), (7,), (7,), (7,), (7,), (7,), (7,), (7,), (7,), (7,), (7,), (7,), (7,), (7,), (7,), (7,), (7,), (7,), (7,), (7,), (7,), (7,), (7,), (7,), (7,), (7,), (7,), (7,), (7,), (7,), (7,), (7,), (7,), (7,), (7,), (7,), (7,), (7,), (7,), (7,), (7,), (7,), (7,), (7,), (7,), (7,), (7,), (7,), (7,), (7,), (7,), (7,), (7,), (7,), (7,), (7,), (7,), (7,))",99.6141,5213.0719,0.276121,5312.686,5251.70089251626,6767.09562553917,523.143457877204,35277.3560501112,1.45010490214248,35815.9601748306,0.027931439790641
YOLOv3,NBBBBBBBBBBBBBBBBBBBNBBBBBBBBBBBBBBBBBBBBBBBBBBBBBBBBBBBBBBBBBBBBBBBBBBBBBB,"((7,), (7,), (7,), (7,), (7,), (7,), (7,), (7,), (7,), (7,), (7,), (7,), (7,), (7,), (7,), (7,), (7,), (7,), (7,), (7,), (7,), (7,), (7,), (7,), (7,), (7,), (7,), (7,), (7,), (7,), (7,), (7,), (7,), (7,), (7,), (7,), (7,), (7,), (7,), (7,), (7,), (7,), (7,), (7,), (7,), (7,), (7,), (7,), (7,), (7,), (7,), (7,), (7,), (7,), (7,), (7,), (7,), (7,), (7,), (7,), (7,), (7,), (7,), (7,), (7,), (7,), (7,), (7,), (7,), (7,), (7,), (7,), (7,), (7,), (7,))",99.558,5136.1936,0.269908,5235.7516,5274.99345738476,6874.22963381708,525.167798630312,35307.3742501416,1.42376293409581,35848.6065730708,0.027906484179134
YOLOv3,NBBBBBBBBBBBBBBBBBBBBBBBBNBBBBBBBBBBBBBBBBBBBBBBBBBBBBBBBBBBBBBBBBBBBBBBBBB,"((7,), (7,), (7,), (7,), (7,), (7,), (7,), (7,), (7,), (7,), (7,), (7,), (7,), (7,), (7,), (7,), (7,), (7,), (7,), (7,), (7,), (7,), (7,), (7,), (7,), (7,), (7,), (7,), (7,), (7,), (7,), (7,), (7,), (7,), (7,), (7,), (7,), (7,), (7,), (7,), (7,), (7,), (7,), (7,), (7,), (7,), (7,), (7,), (7,), (7,), (7,), (7,), (7,), (7,), (7,), (7,), (7,), (7,), (7,), (7,), (7,), (7,), (7,), (7,), (7,), (7,), (7,), (7,), (7,), (7,), (7,), (7,), (7,), (7,), (7,))",99.5436,5223.1064,0.363358,5322.65,5332.79012409447,6852.16459138932,530.84512699681,35789.5847311389,1.93771195391072,36337.0313123666,0.027531244984797
YOLOv3,NBBBBBBBBBBBBBBBBBBBBBBBBBBBBBNBBBBBBBBBBBBBBBBBBBBBBBBBBBBBBBBBBBBBBBBBBBB,"((7,), (7,), (7,), (7,), (7,), (7,), (7,), (7,), (7,), (7,), (7,), (7,), (7,), (7,), (7,), (7,), (7,), (7,), (7,), (7,), (7,), (7,), (7,), (7,), (7,), (7,), (7,), (7,), (7,), (7,), (7,), (7,), (7,), (7,), (7,), (7,), (7,), (7,), (7,), (7,), (7,), (7,), (7,), (7,), (7,), (7,), (7,), (7,), (7,), (7,), (7,), (7,), (7,), (7,), (7,), (7,), (7,), (7,), (7,), (7,), (7,), (7,), (7,), (7,), (7,), (7,), (7,), (7,), (7,), (7,), (7,), (7,), (7,), (7,), (7,))",99.49,5111.8956,0.264717,5211.3856,5380.73180442746,6932.83910068232,535.329007222488,35439.9496942859,1.42437118107262,,0.027795765442418
YOLOv3,NBBBBBBBBBBBBBBBBBBBBBBBBBBBBBBBBBBNBBBBBBBBBBBBBBBBBBBBBBBBBBBBBBBBBBBBBBB,"((7,), (7,), (7,), (7,), (7,), (7,), (7,), (7,), (7,), (7,), (7,), (7,), (7,), (7,), (7,), (7,), (7,), (7,), (7,), (7,), (7,), (7,), (7,), (7,), (7,), (7,), (7,), (7,), (7,), (7,), (7,), (7,), (7,), (7,), (7,), (7,), (7,), (7,), (7,), (7,), (7,), (7,), (7,), (7,), (7,), (7,), (7,), (7,), (7,), (7,), (7,), (7,), (7,), (7,), (7,), (7,), (7,), (7,), (7,), (7,), (7,), (7,), (7,), (7,), (7,), (7,), (7,), (7,), (7,), (7,), (7,), (7,), (7,), (7,), (7,))",99.5691,5165.0983,0.332267,5264.6674,5392.01086465649,6940.23750824917,536.877668984068,35847.008955454,1.79158727396682,,0.027483340950289
YOLOv3,NBBBBBBBBBBBBBBBBBBBBBBBBBBBBBBBBBBBBBBBNBBBBBBBBBBBBBBBBBBBBBBBBBBBBBBBBBB,"((7,), (7,), (7,), (7,), (7,), (7,), (7,), (7,), (7,), (7,), (7,), (7,), (7,), (7,), (7,), (7,), (7,), (7,), (7,), (7,), (7,), (7,), (7,), (7,), (7,), (7,), (7,), (7,), (7,), (7,), (7,), (7,), (7,), (7,), (7,), (7,), (7,), (7,), (7,), (7,), (7,), (7,), (7,), (7,), (7,), (7,), (7,), (7,), (7,), (7,), (7,), (7,), (7,), (7,), (7,), (7,), (7,), (7,), (7,), (7,), (7,), (7,), (7,), (7,), (7,), (7,), (7,), (7,), (7,), (7,), (7,), (7,), (7,), (7,), (7,))",99.4725,4943.2945,0.272854,5042.767,5361.51096533705,7057.44106920855,533.32289949949,34887.0096214927,1.46290971293608,,0.028231205895711
YOLOv3,NBBBBBBBBBBBBBBBBBBBBBBBBBBBBBBBBBBBBBBBBBBBBNBBBBBBBBBBBBBBBBBBBBBBBBBBBBB,"((7,), (7,), (7,), (7,), (7,), (7,), (7,), (7,), (7,), (7,), (7,), (7,), (7,), (7,), (7,), (7,), (7,), (7,), (7,), (7,), (7,), (7,), (7,), (7,), (7,), (7,), (7,), (7,), (7,), (7,), (7,), (7,), (7,), (7,), (7,), (7,), (7,), (7,), (7,), (7,), (7,), (7,), (7,), (7,), (7,), (7,), (7,), (7,), (7,), (7,), (7,), (7,), (7,), (7,), (7,), (7,), (7,), (7,), (7,), (7,), (7,), (7,), (7,), (7,), (7,), (7,), (7,), (7,), (7,), (7,), (7,), (7,), (7,), (7,), (7,))",99.9311,5037.9623,0.303392,5137.8934,5417.2967551308,6975.92784798982,541.356423766652,35144.4615056929,1.64356449713265,,0.028021045995926
YOLOv3,NBBBBBBBBBBBBBBBBBBBBBBBBBBBBBBBBBBBBBBBBBBBBBBBBBNBBBBBBBBBBBBBBBBBBBBBBBB,"((7,), (7,), (7,), (7,), (7,), (7,), (7,), (7,), (7,), (7,), (7,), (7,), (7,), (7,), (7,), (7,), (7,), (7,), (7,), (7,), (7,), (7,), (7,), (7,), (7,), (7,), (7,), (7,), (7,), (7,), (7,), (7,), (7,), (7,), (7,), (7,), (7,), (7,), (7,), (7,), (7,), (7,), (7,), (7,), (7,), (7,), (7,), (7,), (7,), (7,), (7,), (7,), (7,), (7,), (7,), (7,), (7,), (7,), (7,), (7,), (7,), (7,), (7,), (7,), (7,), (7,), (7,), (7,), (7,), (7,), (7,), (7,), (7,), (7,), (7,))",100.933,5131.7229,0.256288,5232.6559,5453.36102670428,6979.89520682608,550.424088508343,35818.8880724696,1.39763099081199,,0.027494651760159
YOLOv3,NBBBBBBBBBBBBBBBBBBBBBBBBBBBBBBBBBBBBBBBBBBBBBBBBBBBBBBNBBBBBBBBBBBBBBBBBBB,"((7,), (7,), (7,), (7,), (7,), (7,), (7,), (7,), (7,), (7,), (7,), (7,), (7,), (7,), (7,), (7,), (7,), (7,), (7,), (7,), (7,), (7,), (7,), (7,), (7,), (7,), (7,), (7,), (7,), (7,), (7,), (7,), (7,), (7,), (7,), (7,), (7,), (7,), (7,), (7,), (7,), (7,), (7,), (7,), (7,), (7,), (7,), (7,), (7,), (7,), (7,), (7,), (7,), (7,), (7,), (7,), (7,), (7,), (7,), (7,), (7,), (7,), (7,), (7,), (7,), (7,), (7,), (7,), (7,), (7,), (7,), (7,), (7,), (7,), (7,))",99.6337,4868.4398,0.290967,4968.0735,5447.63373454023,7111.07357721967,542.767905217061,34619.8336240646,1.58508164483797,,0.028438024489646
YOLOv3,NBBBBBBBBBBBBBBBBBBBBBBBBBBBBBBBBBBBBBBBBBBBBBBBBBBBBBBBBBBBNBBBBBBBBBBBBBB,"((7,), (7,), (7,), (7,), (7,), (7,), (7,), (7,), (7,), (7,), (7,), (7,), (7,), (7,), (7,), (7,), (7,), (7,), (7,), (7,), (7,), (7,), (7,), (7,), (7,), (7,), (7,), (7,), (7,), (7,), (7,), (7,), (7,), (7,), (7,), (7,), (7,), (7,), (7,), (7,), (7,), (7,), (7,), (7,), (7,), (7,), (7,), (7,), (7,), (7,), (7,), (7,), (7,), (7,), (7,), (7,), (7,), (7,), (7,), (7,), (7,), (7,), (7,), (7,), (7,), (7,), (7,), (7,), (7,), (7,), (7,), (7,), (7,), (7,), (7,))",99.4374,5107.4883,0.261712,5206.9257,5411.95965241826,6993.7109139039,538.151196741375,35720.2966663465,1.41637478455369,,0.027578702265397
YOLOv3,NBBBBBBBBBBBBBBBBBBBBBBBBBBBBBBBBBBBBBBBBBBBBBBBBBBBBBBBBBBBBBBBBNBBBBBBBBB,"((7,), (7,), (7,), (7,), (7,), (7,), (7,), (7,), (7,), (7,), (7,), (7,), (7,), (7,), (7,), (7,), (7,), (7,), (7,), (7,), (7,), (7,), (7,), (7,), (7,), (7,), (7,), (7,), (7,), (7,), (7,), (7,), (7,), (7,), (7,), (7,), (7,), (7,), (7,), (7,), (7,), (7,), (7,), (7,), (7,), (7,), (7,), (7,), (7,), (7,), (7,), (7,), (7,), (7,), (7,), (7,), (7,), (7,), (7,), (7,), (7,), (7,), (7,), (7,), (7,), (7,), (7,), (7,), (7,), (7,), (7,), (7,), (7,), (7,), (7,))",99.6524,5080.8008,0.211225,5180.4532,5444.4578536413,7001.47680981572,542.553291814204,35573.1089764932,1.15000561013538,,0.027687936366471
YOLOv3,NBBBBBBBBBBBBBBBBBBBBBBBBBBBBBBBBBBBBBBBBBBBBBBBBBBBBBBBBBBBBBBBBBBBBBNBBBB,"((7,), (7,), (7,), (7,), (7,), (7,), (7,), (7,), (7,), (7,), (7,), (7,), (7,), (7,), (7,), (7,), (7,), (7,), (7,), (7,), (7,), (7,), (7,), (7,), (7,), (7,), (7,), (7,), (7,), (7,), (7,), (7,), (7,), (7,), (7,), (7,), (7,), (7,), (7,), (7,), (7,), (7,), (7,), (7,), (7,), (7,), (7,), (7,), (7,), (7,), (7,), (7,), (7,), (7,), (7,), (7,), (7,), (7,), (7,), (7,), (7,), (7,), (7,), (7,), (7,), (7,), (7,), (7,), (7,), (7,), (7,), (7,), (7,), (7,), (7,))",99.5099,5155.587,0.120691,5255.0969,5440.83703669767,6977.6579248535,541.417149438081,35973.9224878217,0.656660062796078,,0.02738525855512
YOLOv3,BBBBBNBBBBNBBBBBBBBBBBBBBBBBBBBBBBBBBBBBBBBBBBBBBBBBBBBBBBBBBBBBBBBBBBBBBBB,"((7,), (7,), (7,), (7,), (7,), (7,), (7,), (7,), (7,), (7,), (7,), (7,), (7,), (7,), (7,), (7,), (7,), (7,), (7,), (7,), (7,), (7,), (7,), (7,), (7,), (7,), (7,), (7,), (7,), (7,), (7,), (7,), (7,), (7,), (7,), (7,), (7,), (7,), (7,), (7,), (7,), (7,), (7,), (7,), (7,), (7,), (7,), (7,), (7,), (7,), (7,), (7,), (7,), (7,), (7,), (7,), (7,), (7,), (7,), (7,), (7,), (7,), (7,), (7,), (7,), (7,), (7,), (7,), (7,), (7,), (7,), (7,), (7,), (7,), (7,))",99.4274,4807.1348,0.274487,4906.5622,5445.40770387048,7248.34276350706,541.422729935812,34843.760740783,1.4946936244123,,0.028259222167048
YOLOv3,BBBBBNBBBBBBBBBNBBBBBBBBBBBBBBBBBBBBBBBBBBBBBBBBBBBBBBBBBBBBBBBBBBBBBBBBBBB,"((7,), (7,), (7,), (7,), (7,), (7,), (7,), (7,), (7,), (7,), (7,), (7,), (7,), (7,), (7,), (7,), (7,), (7,), (7,), (7,), (7,), (7,), (7,), (7,), (7,), (7,), (7,), (7,), (7,), (7,), (7,), (7,), (7,), (7,), (7,), (7,), (7,), (7,), (7,), (7,), (7,), (7,), (7,), (7,), (7,), (7,), (7,), (7,), (7,), (7,), (7,), (7,), (7,), (7,), (7,), (7,), (7,), (7,), (7,), (7,), (7,), (7,), (7,), (7,), (7,), (7,), (7,), (7,), (7,), (7,), (7,), (7,), (7,), (7,), (7,))",113.208,4808.999,0.285513,4922.207,5320.28351956034,7247.4512616866,602.298656682386,34852.9858699996,1.51901010852023,,0.02820333194904
YOLOv3,BBBBBNBBBBBBBBBBBBBBNBBBBBBBBBBBBBBBBBBBBBBBBBBBBBBBBBBBBBBBBBBBBBBBBBBBBBB,"((7,), (7,), (7,), (7,), (7,), (7,), (7,), (7,), (7,), (7,), (7,), (7,), (7,), (7,), (7,), (7,), (7,), (7,), (7,), (7,), (7,), (7,), (7,), (7,), (7,), (7,), (7,), (7,), (7,), (7,), (7,), (7,), (7,), (7,), (7,), (7,), (7,), (7,), (7,), (7,), (7,), (7,), (7,), (7,), (7,), (7,), (7,), (7,), (7,), (7,), (7,), (7,), (7,), (7,), (7,), (7,), (7,), (7,), (7,), (7,), (7,), (7,), (7,), (7,), (7,), (7,), (7,), (7,), (7,), (7,), (7,), (7,), (7,), (7,), (7,))",99.5948,4710.0477,0.31185,4809.6425,5449.29594844306,7302.93661547425,542.721540125997,34397.1798089603,1.69936294152197,,0.028619181137165
YOLOv3,BBBBBNBBBBBBBBBBBBBBBBBBBNBBBBBBBBBBBBBBBBBBBBBBBBBBBBBBBBBBBBBBBBBBBBBBBBB,"((7,), (7,), (7,), (7,), (7,), (7,), (7,), (7,), (7,), (7,), (7,), (7,), (7,), (7,), (7,), (7,), (7,), (7,), (7,), (7,), (7,), (7,), (7,), (7,), (7,), (7,), (7,), (7,), (7,), (7,), (7,), (7,), (7,), (7,), (7,), (7,), (7,), (7,), (7,), (7,), (7,), (7,), (7,), (7,), (7,), (7,), (7,), (7,), (7,), (7,), (7,), (7,), (7,), (7,), (7,), (7,), (7,), (7,), (7,), (7,), (7,), (7,), (7,), (7,), (7,), (7,), (7,), (7,), (7,), (7,), (7,), (7,), (7,), (7,), (7,))",99.4106,4787.1894,0.253954,4886.6,5428.96850776779,7263.84085690473,539.697016738301,34773.3819534612,1.37870826842166,,0.028317014212842
YOLOv3,BBBBBNBBBBBBBBBBBBBBBBBBBBBBBBNBBBBBBBBBBBBBBBBBBBBBBBBBBBBBBBBBBBBBBBBBBBB,"((7,), (7,), (7,), (7,), (7,), (7,), (7,), (7,), (7,), (7,), (7,), (7,), (7,), (7,), (7,), (7,), (7,), (7,), (7,), (7,), (7,), (7,), (7,), (7,), (7,), (7,), (7,), (7,), (7,), (7,), (7,), (7,), (7,), (7,), (7,), (7,), (7,), (7,), (7,), (7,), (7,), (7,), (7,), (7,), (7,), (7,), (7,), (7,), (7,), (7,), (7,), (7,), (7,), (7,), (7,), (7,), (7,), (7,), (7,), (7,), (7,), (7,), (7,), (7,), (7,), (7,), (7,), (7,), (7,), (7,), (7,), (7,), (7,), (7,), (7,))",99.7489,4689.3831,0.3346,4789.132,5449.26968487838,7314.30610579096,543.558656869965,34299.583440723,1.82332563656031,,0.028698550503751
YOLOv3,BBBBBNBBBBBBBBBBBBBBBBBBBBBBBBBBBBBNBBBBBBBBBBBBBBBBBBBBBBBBBBBBBBBBBBBBBBB,"((7,), (7,), (7,), (7,), (7,), (7,), (7,), (7,), (7,), (7,), (7,), (7,), (7,), (7,), (7,), (7,), (7,), (7,), (7,), (7,), (7,), (7,), (7,), (7,), (7,), (7,), (7,), (7,), (7,), (7,), (7,), (7,), (7,), (7,), (7,), (7,), (7,), (7,), (7,), (7,), (7,), (7,), (7,), (7,), (7,), (7,), (7,), (7,), (7,), (7,), (7,), (7,), (7,), (7,), (7,), (7,), (7,), (7,), (7,), (7,), (7,), (7,), (7,), (7,), (7,), (7,), (7,), (7,), (7,), (7,), (7,), (7,), (7,), (7,), (7,))",99.4593,4790.5724,0.351692,4890.0317,5440.78570446825,7265.41972964139,541.136737616419,34805.5192312355,1.91348080597585,,0.028289687972357
YOLOv3,BBBBBNBBBBBBBBBBBBBBBBBBBBBBBBBBBBBBBBBBNBBBBBBBBBBBBBBBBBBBBBBBBBBBBBBBBBB,"((7,), (7,), (7,), (7,), (7,), (7,), (7,), (7,), (7,), (7,), (7,), (7,), (7,), (7,), (7,), (7,), (7,), (7,), (7,), (7,), (7,), (7,), (7,), (7,), (7,), (7,), (7,), (7,), (7,), (7,), (7,), (7,), (7,), (7,), (7,), (7,), (7,), (7,), (7,), (7,), (7,), (7,), (7,), (7,), (7,), (7,), (7,), (7,), (7,), (7,), (7,), (7,), (7,), (7,), (7,), (7,), (7,), (7,), (7,), (7,), (7,), (7,), (7,), (7,), (7,), (7,), (7,), (7,), (7,), (7,), (7,), (7,), (7,), (7,), (7,))",99.4891,4712.478,0.301758,4811.9671,5430.42465317093,7320.88027531583,540.268061361788,34499.4872380598,1.63867408249155,,0.028537677489547
YOLOv3,BBBBBNBBBBBBBBBBBBBBBBBBBBBBBBBBBBBBBBBBBBBBBNBBBBBBBBBBBBBBBBBBBBBBBBBBBBB,"((7,), (7,), (7,), (7,), (7,), (7,), (7,), (7,), (7,), (7,), (7,), (7,), (7,), (7,), (7,), (7,), (7,), (7,), (7,), (7,), (7,), (7,), (7,), (7,), (7,), (7,), (7,), (7,), (7,), (7,), (7,), (7,), (7,), (7,), (7,), (7,), (7,), (7,), (7,), (7,), (7,), (7,), (7,), (7,), (7,), (7,), (7,), (7,), (7,), (7,), (7,), (7,), (7,), (7,), (7,), (7,), (7,), (7,), (7,), (7,), (7,), (7,), (7,), (7,), (7,), (7,), (7,), (7,), (7,), (7,), (7,), (7,), (7,), (7,), (7,))",99.5549,4725.9107,0.321767,4825.4656,5461.01463674305,7287.87323837274,543.67076605949,34441.8381174694,1.7571742966209,,0.028581827409642
YOLOv3,BBBBBNBBBBBBBBBBBBBBBBBBBBBBBBBBBBBBBBBBBBBBBBBBBBNBBBBBBBBBBBBBBBBBBBBBBBB,"((7,), (7,), (7,), (7,), (7,), (7,), (7,), (7,), (7,), (7,), (7,), (7,), (7,), (7,), (7,), (7,), (7,), (7,), (7,), (7,), (7,), (7,), (7,), (7,), (7,), (7,), (7,), (7,), (7,), (7,), (7,), (7,), (7,), (7,), (7,), (7,), (7,), (7,), (7,), (7,), (7,), (7,), (7,), (7,), (7,), (7,), (7,), (7,), (7,), (7,), (7,), (7,), (7,), (7,), (7,), (7,), (7,), (7,), (7,), (7,), (7,), (7,), (7,), (7,), (7,), (7,), (7,), (7,), (7,), (7,), (7,), (7,), (7,), (7,), (7,))",99.508,4717.8501,0.286125,4817.3581,5442.49860323773,7295.27234955989,541.57215101098,34418.0013838984,1.5572349128514,,0.028603193832139
YOLOv3,BBBBBNBBBBBBBBBBBBBBBBBBBBBBBBBBBBBBBBBBBBBBBBBBBBBBBBBNBBBBBBBBBBBBBBBBBBB,"((7,), (7,), (7,), (7,), (7,), (7,), (7,), (7,), (7,), (7,), (7,), (7,), (7,), (7,), (7,), (7,), (7,), (7,), (7,), (7,), (7,), (7,), (7,), (7,), (7,), (7,), (7,), (7,), (7,), (7,), (7,), (7,), (7,), (7,), (7,), (7,), (7,), (7,), (7,), (7,), (7,), (7,), (7,), (7,), (7,), (7,), (7,), (7,), (7,), (7,), (7,), (7,), (7,), (7,), (7,), (7,), (7,), (7,), (7,), (7,), (7,), (7,), (7,), (7,), (7,), (7,), (7,), (7,), (7,), (7,), (7,), (7,), (7,), (7,), (7,))",99.7075,4684.8974,0.261246,4784.6049,5459.04246673812,7316.25878945578,544.307476752291,34275.9217804485,1.42615300826547,,0.028717761640557
YOLOv3,BBBBBNBBBBBBBBBBBBBBBBBBBBBBBBBBBBBBBBBBBBBBBBBBBBBBBBBBBBBBNBBBBBBBBBBBBBB,"((7,), (7,), (7,), (7,), (7,), (7,), (7,), (7,), (7,), (7,), (7,), (7,), (7,), (7,), (7,), (7,), (7,), (7,), (7,), (7,), (7,), (7,), (7,), (7,), (7,), (7,), (7,), (7,), (7,), (7,), (7,), (7,), (7,), (7,), (7,), (7,), (7,), (7,), (7,), (7,), (7,), (7,), (7,), (7,), (7,), (7,), (7,), (7,), (7,), (7,), (7,), (7,), (7,), (7,), (7,), (7,), (7,), (7,), (7,), (7,), (7,), (7,), (7,), (7,), (7,), (7,), (7,), (7,), (7,), (7,), (7,), (7,), (7,), (7,), (7,))",99.613,4714.2732,0.253225,4813.8862,5412.76614808658,7323.2151996874,539.181874309348,34523.6371537189,1.37064770784922,,0.028519124760838
YOLOv3,BBBBBNBBBBBBBBBBBBBBBBBBBBBBBBBBBBBBBBBBBBBBBBBBBBBBBBBBBBBBBBBBBNBBBBBBBBB,"((7,), (7,), (7,), (7,), (7,), (7,), (7,), (7,), (7,), (7,), (7,), (7,), (7,), (7,), (7,), (7,), (7,), (7,), (7,), (7,), (7,), (7,), (7,), (7,), (7,), (7,), (7,), (7,), (7,), (7,), (7,), (7,), (7,), (7,), (7,), (7,), (7,), (7,), (7,), (7,), (7,), (7,), (7,), (7,), (7,), (7,), (7,), (7,), (7,), (7,), (7,), (7,), (7,), (7,), (7,), (7,), (7,), (7,), (7,), (7,), (7,), (7,), (7,), (7,), (7,), (7,), (7,), (7,), (7,), (7,), (7,), (7,), (7,), (7,), (7,))",99.7717,4662.4931,0.225809,4762.2648,5427.08793045719,7347.54172529164,541.469788871196,34257.8625961344,1.22548529848861,,0.028735171537388
YOLOv3,BBBBBNBBBBBBBBBBBBBBBBBBBBBBBBBBBBBBBBBBBBBBBBBBBBBBBBBBBBBBBBBBBBBBBBNBBBB,"((7,), (7,), (7,), (7,), (7,), (7,), (7,), (7,), (7,), (7,), (7,), (7,), (7,), (7,), (7,), (7,), (7,), (7,), (7,), (7,), (7,), (7,), (7,), (7,), (7,), (7,), (7,), (7,), (7,), (7,), (7,), (7,), (7,), (7,), (7,), (7,), (7,), (7,), (7,), (7,), (7,), (7,), (7,), (7,), (7,), (7,), (7,), (7,), (7,), (7,), (7,), (7,), (7,), (7,), (7,), (7,), (7,), (7,), (7,), (7,), (7,), (7,), (7,), (7,), (7,), (7,), (7,), (7,), (7,), (7,), (7,), (7,), (7,), (7,), (7,))",100.054,4794.3744,0.118242,4894.4284,5481.70681335899,7284.71251193665,548.46669350382,34925.6391785888,0.648167977025193,,0.028189060842268
YOLOv3,BBBBBBBBBBNBBBBNBBBBBBBBBBBBBBBBBBBBBBBBBBBBBBBBBBBBBBBBBBBBBBBBBBBBBBBBBBB,"((7,), (7,), (7,), (7,), (7,), (7,), (7,), (7,), (7,), (7,), (7,), (7,), (7,), (7,), (7,), (7,), (7,), (7,), (7,), (7,), (7,), (7,), (7,), (7,), (7,), (7,), (7,), (7,), (7,), (7,), (7,), (7,), (7,), (7,), (7,), (7,), (7,), (7,), (7,), (7,), (7,), (7,), (7,), (7,), (7,), (7,), (7,), (7,), (7,), (7,), (7,), (7,), (7,), (7,), (7,), (7,), (7,), (7,), (7,), (7,), (7,), (7,), (7,), (7,), (7,), (7,), (7,), (7,), (7,), (7,), (7,), (7,), (7,), (7,), (7,))",100.374,4710.6201,0.313746,4810.9941,5461.51681409507,7311.22881697442,548.194288697979,34440.4214209389,1.71352905435507,,0.028579325252368
YOLOv3,BBBBBBBBBBNBBBBBBBBBNBBBBBBBBBBBBBBBBBBBBBBBBBBBBBBBBBBBBBBBBBBBBBBBBBBBBBB,"((7,), (7,), (7,), (7,), (7,), (7,), (7,), (7,), (7,), (7,), (7,), (7,), (7,), (7,), (7,), (7,), (7,), (7,), (7,), (7,), (7,), (7,), (7,), (7,), (7,), (7,), (7,), (7,), (7,), (7,), (7,), (7,), (7,), (7,), (7,), (7,), (7,), (7,), (7,), (7,), (7,), (7,), (7,), (7,), (7,), (7,), (7,), (7,), (7,), (7,), (7,), (7,), (7,), (7,), (7,), (7,), (7,), (7,), (7,), (7,), (7,), (7,), (7,), (7,), (7,), (7,), (7,), (7,), (7,), (7,), (7,), (7,), (7,), (7,), (7,))",99.6319,4726.6915,0.326929,4826.3234,5490.53871979959,7311.49769927629,547.032804677201,34559.1940274388,1.79501633312536,,0.028483518789999
YOLOv3,BBBBBBBBBBNBBBBBBBBBBBBBBNBBBBBBBBBBBBBBBBBBBBBBBBBBBBBBBBBBBBBBBBBBBBBBBBB,"((7,), (7,), (7,), (7,), (7,), (7,), (7,), (7,), (7,), (7,), (7,), (7,), (7,), (7,), (7,), (7,), (7,), (7,), (7,), (7,), (7,), (7,), (7,), (7,), (7,), (7,), (7,), (7,), (7,), (7,), (7,), (7,), (7,), (7,), (7,), (7,), (7,), (7,), (7,), (7,), (7,), (7,), (7,), (7,), (7,), (7,), (7,), (7,), (7,), (7,), (7,), (7,), (7,), (7,), (7,), (7,), (7,), (7,), (7,), (7,), (7,), (7,), (7,), (7,), (7,), (7,), (7,), (7,), (7,), (7,), (7,), (7,), (7,), (7,), (7,))",99.521,4705.9158,0.27755,4805.4368,5475.44571135876,7327.33485985101,544.921832640135,34481.8208888637,1.51970995718762,,0.028548375813864
YOLOv3,BBBBBBBBBBNBBBBBBBBBBBBBBBBBBBNBBBBBBBBBBBBBBBBBBBBBBBBBBBBBBBBBBBBBBBBBBBB,"((7,), (7,), (7,), (7,), (7,), (7,), (7,), (7,), (7,), (7,), (7,), (7,), (7,), (7,), (7,), (7,), (7,), (7,), (7,), (7,), (7,), (7,), (7,), (7,), (7,), (7,), (7,), (7,), (7,), (7,), (7,), (7,), (7,), (7,), (7,), (7,), (7,), (7,), (7,), (7,), (7,), (7,), (7,), (7,), (7,), (7,), (7,), (7,), (7,), (7,), (7,), (7,), (7,), (7,), (7,), (7,), (7,), (7,), (7,), (7,), (7,), (7,), (7,), (7,), (7,), (7,), (7,), (7,), (7,), (7,), (7,), (7,), (7,), (7,), (7,))",99.5609,4580.8352,0.283325,4680.3961,5484.93097971359,7403.0390143115,546.084664778167,33912.1017037314,1.55401806982735,,0.029019371265764
YOLOv3,BBBBBBBBBBNBBBBBBBBBBBBBBBBBBBBBBBBNBBBBBBBBBBBBBBBBBBBBBBBBBBBBBBBBBBBBBBB,"((7,), (7,), (7,), (7,), (7,), (7,), (7,), (7,), (7,), (7,), (7,), (7,), (7,), (7,), (7,), (7,), (7,), (7,), (7,), (7,), (7,), (7,), (7,), (7,), (7,), (7,), (7,), (7,), (7,), (7,), (7,), (7,), (7,), (7,), (7,), (7,), (7,), (7,), (7,), (7,), (7,), (7,), (7,), (7,), (7,), (7,), (7,), (7,), (7,), (7,), (7,), (7,), (7,), (7,), (7,), (7,), (7,), (7,), (7,), (7,), (7,), (7,), (7,), (7,), (7,), (7,), (7,), (7,), (7,), (7,), (7,), (7,), (7,), (7,), (7,))",99.4741,4653.3456,0.327892,4752.8197,5489.11842257405,7363.44749061157,546.025114878974,34264.6659812684,1.79983801781465,,0.028725321663742
YOLOv3,BBBBBBBBBBNBBBBBBBBBBBBBBBBBBBBBBBBBBBBBNBBBBBBBBBBBBBBBBBBBBBBBBBBBBBBBBBB,"((7,), (7,), (7,), (7,), (7,), (7,), (7,), (7,), (7,), (7,), (7,), (7,), (7,), (7,), (7,), (7,), (7,), (7,), (7,), (7,), (7,), (7,), (7,), (7,), (7,), (7,), (7,), (7,), (7,), (7,), (7,), (7,), (7,), (7,), (7,), (7,), (7,), (7,), (7,), (7,), (7,), (7,), (7,), (7,), (7,), (7,), (7,), (7,), (7,), (7,), (7,), (7,), (7,), (7,), (7,), (7,), (7,), (7,), (7,), (7,), (7,), (7,), (7,), (7,), (7,), (7,), (7,), (7,), (7,), (7,), (7,), (7,), (7,), (7,), (7,))",99.5457,4619.2752,0.312579,4718.8209,5516.64169322835,7363.61465576433,549.157959001602,34014.5625617287,1.72438634382763,,0.02893062718239
YOLOv3,BBBBBBBBBBNBBBBBBBBBBBBBBBBBBBBBBBBBBBBBBBBBBNBBBBBBBBBBBBBBBBBBBBBBBBBBBBB,"((7,), (7,), (7,), (7,), (7,), (7,), (7,), (7,), (7,), (7,), (7,), (7,), (7,), (7,), (7,), (7,), (7,), (7,), (7,), (7,), (7,), (7,), (7,), (7,), (7,), (7,), (7,), (7,), (7,), (7,), (7,), (7,), (7,), (7,), (7,), (7,), (7,), (7,), (7,), (7,), (7,), (7,), (7,), (7,), (7,), (7,), (7,), (7,), (7,), (7,), (7,), (7,), (7,), (7,), (7,), (7,), (7,), (7,), (7,), (7,), (7,), (7,), (7,), (7,), (7,), (7,), (7,), (7,), (7,), (7,), (7,), (7,), (7,), (7,), (7,))",99.5376,4613.3572,0.2835,4712.8948,5487.45740628349,7362.80227651958,546.208340323684,33967.236894558,1.55569417468137,,0.028972909548965
YOLOv3,BBBBBBBBBBNBBBBBBBBBBBBBBBBBBBBBBBBBBBBBBBBBBBBBBBNBBBBBBBBBBBBBBBBBBBBBBBB,"((7,), (7,), (7,), (7,), (7,), (7,), (7,), (7,), (7,), (7,), (7,), (7,), (7,), (7,), (7,), (7,), (7,), (7,), (7,), (7,), (7,), (7,), (7,), (7,), (7,), (7,), (7,), (7,), (7,), (7,), (7,), (7,), (7,), (7,), (7,), (7,), (7,), (7,), (7,), (7,), (7,), (7,), (7,), (7,), (7,), (7,), (7,), (7,), (7,), (7,), (7,), (7,), (7,), (7,), (7,), (7,), (7,), (7,), (7,), (7,), (7,), (7,), (7,), (7,), (7,), (7,), (7,), (7,), (7,), (7,), (7,), (7,), (7,), (7,), (7,))",99.4659,4619.5321,0.333025,4718.998,5477.69964242627,7378.03694352736,544.844324863607,34083.0784956105,1.82421092341901,,0.02887690744877
YOLOv3,BBBBBBBBBBNBBBBBBBBBBBBBBBBBBBBBBBBBBBBBBBBBBBBBBBBBBBBNBBBBBBBBBBBBBBBBBBB,"((7,), (7,), (7,), (7,), (7,), (7,), (7,), (7,), (7,), (7,), (7,), (7,), (7,), (7,), (7,), (7,), (7,), (7,), (7,), (7,), (7,), (7,), (7,), (7,), (7,), (7,), (7,), (7,), (7,), (7,), (7,), (7,), (7,), (7,), (7,), (7,), (7,), (7,), (7,), (7,), (7,), (7,), (7,), (7,), (7,), (7,), (7,), (7,), (7,), (7,), (7,), (7,), (7,), (7,), (7,), (7,), (7,), (7,), (7,), (7,), (7,), (7,), (7,), (7,), (7,), (7,), (7,), (7,), (7,), (7,), (7,), (7,), (7,), (7,), (7,))",99.5154,4566.3296,0.363067,4665.845,5465.89807730487,7397.42230411606,543.941033522225,33779.0684309854,1.98448721723285,,0.029133289911323
YOLOv3,BBBBBBBBBBNBBBBBBBBBBBBBBBBBBBBBBBBBBBBBBBBBBBBBBBBBBBBBBBBBNBBBBBBBBBBBBBB,"((7,), (7,), (7,), (7,), (7,), (7,), (7,), (7,), (7,), (7,), (7,), (7,), (7,), (7,), (7,), (7,), (7,), (7,), (7,), (7,), (7,), (7,), (7,), (7,), (7,), (7,), (7,), (7,), (7,), (7,), (7,), (7,), (7,), (7,), (7,), (7,), (7,), (7,), (7,), (7,), (7,), (7,), (7,), (7,), (7,), (7,), (7,), (7,), (7,), (7,), (7,), (7,), (7,), (7,), (7,), (7,), (7,), (7,), (7,), (7,), (7,), (7,), (7,), (7,), (7,), (7,), (7,), (7,), (7,), (7,), (7,), (7,), (7,), (7,), (7,))",99.4737,4675.5907,0.224583,4775.0644,5451.53098499674,7327.36712098551,542.28395774227,34259.7695663656,1.22432118320352,,0.02873292580214
YOLOv3,BBBBBBBBBBNBBBBBBBBBBBBBBBBBBBBBBBBBBBBBBBBBBBBBBBBBBBBBBBBBBBBBBNBBBBBBBBB,"((7,), (7,), (7,), (7,), (7,), (7,), (7,), (7,), (7,), (7,), (7,), (7,), (7,), (7,), (7,), (7,), (7,), (7,), (7,), (7,), (7,), (7,), (7,), (7,), (7,), (7,), (7,), (7,), (7,), (7,), (7,), (7,), (7,), (7,), (7,), (7,), (7,), (7,), (7,), (7,), (7,), (7,), (7,), (7,), (7,), (7,), (7,), (7,), (7,), (7,), (7,), (7,), (7,), (7,), (7,), (7,), (7,), (7,), (7,), (7,), (7,), (7,), (7,), (7,), (7,), (7,), (7,), (7,), (7,), (7,), (7,), (7,), (7,), (7,), (7,))",99.6476,4625.9276,0.247742,4725.5752,5499.20523581393,7350.92554007866,547.982603656292,34004.8493413948,1.36238410353102,,0.028940046770422
YOLOv3,BBBBBBBBBBNBBBBBBBBBBBBBBBBBBBBBBBBBBBBBBBBBBBBBBBBBBBBBBBBBBBBBBBBBBBNBBBB,"((7,), (7,), (7,), (7,), (7,), (7,), (7,), (7,), (7,), (7,), (7,), (7,), (7,), (7,), (7,), (7,), (7,), (7,), (7,), (7,), (7,), (7,), (7,), (7,), (7,), (7,), (7,), (7,), (7,), (7,), (7,), (7,), (7,), (7,), (7,), (7,), (7,), (7,), (7,), (7,), (7,), (7,), (7,), (7,), (7,), (7,), (7,), (7,), (7,), (7,), (7,), (7,), (7,), (7,), (7,), (7,), (7,), (7,), (7,), (7,), (7,), (7,), (7,), (7,), (7,), (7,), (7,), (7,), (7,), (7,), (7,), (7,), (7,), (7,), (7,))",99.7527,4663.326,0.118912,4763.0787,5493.02342227953,7333.63931721719,547.943917535623,34199.1509026012,0.653186401190103,,0.028778843446541
YOLOv3,BBBBBBBBBBBBBBBNBBBBNBBBBBBBBBBBBBBBBBBBBBBBBBBBBBBBBBBBBBBBBBBBBBBBBBBBBBB,"((7,), (7,), (7,), (7,), (7,), (7,), (7,), (7,), (7,), (7,), (7,), (7,), (7,), (7,), (7,), (7,), (7,), (7,), (7,), (7,), (7,), (7,), (7,), (7,), (7,), (7,), (7,), (7,), (7,), (7,), (7,), (7,), (7,), (7,), (7,), (7,), (7,), (7,), (7,), (7,), (7,), (7,), (7,), (7,), (7,), (7,), (7,), (7,), (7,), (7,), (7,), (7,), (7,), (7,), (7,), (7,), (7,), (7,), (7,), (7,), (7,), (7,), (7,), (7,), (7,), (7,), (7,), (7,), (7,), (7,), (7,), (7,), (7,), (7,), (7,))",99.4638,4712.6963,0.249958,4812.1601,5454.32256466979,7305.38107714515,542.507648707803,34428.0423723519,1.36335155961973,,0.028594374844327
YOLOv3,BBBBBBBBBBBBBBBNBBBBBBBBBNBBBBBBBBBBBBBBBBBBBBBBBBBBBBBBBBBBBBBBBBBBBBBBBBB,"((7,), (7,), (7,), (7,), (7,), (7,), (7,), (7,), (7,), (7,), (7,), (7,), (7,), (7,), (7,), (7,), (7,), (7,), (7,), (7,), (7,), (7,), (7,), (7,), (7,), (7,), (7,), (7,), (7,), (7,), (7,), (7,), (7,), (7,), (7,), (7,), (7,), (7,), (7,), (7,), (7,), (7,), (7,), (7,), (7,), (7,), (7,), (7,), (7,), (7,), (7,), (7,), (7,), (7,), (7,), (7,), (7,), (7,), (7,), (7,), (7,), (7,), (7,), (7,), (7,), (7,), (7,), (7,), (7,), (7,), (7,), (7,), (7,), (7,), (7,))",99.4978,4724.8742,0.287379,4824.372,5456.09628529104,7292.25749091379,542.869576974631,34454.9992785753,1.56796749437066,,0.028571888315117
YOLOv3,BBBBBBBBBBBBBBBNBBBBBBBBBBBBBBNBBBBBBBBBBBBBBBBBBBBBBBBBBBBBBBBBBBBBBBBBBBB,"((7,), (7,), (7,), (7,), (7,), (7,), (7,), (7,), (7,), (7,), (7,), (7,), (7,), (7,), (7,), (7,), (7,), (7,), (7,), (7,), (7,), (7,), (7,), (7,), (7,), (7,), (7,), (7,), (7,), (7,), (7,), (7,), (7,), (7,), (7,), (7,), (7,), (7,), (7,), (7,), (7,), (7,), (7,), (7,), (7,), (7,), (7,), (7,), (7,), (7,), (7,), (7,), (7,), (7,), (7,), (7,), (7,), (7,), (7,), (7,), (7,), (7,), (7,), (7,), (7,), (7,), (7,), (7,), (7,), (7,), (7,), (7,), (7,), (7,), (7,))",99.3891,4675.8963,0.240858,4775.2854,5458.4629303593,7325.59415054183,542.511718031773,34253.7185838202,1.31471446448048,,0.0287376594967
YOLOv3,BBBBBBBBBBBBBBBNBBBBBBBBBBBBBBBBBBBNBBBBBBBBBBBBBBBBBBBBBBBBBBBBBBBBBBBBBBB,"((7,), (7,), (7,), (7,), (7,), (7,), (7,), (7,), (7,), (7,), (7,), (7,), (7,), (7,), (7,), (7,), (7,), (7,), (7,), (7,), (7,), (7,), (7,), (7,), (7,), (7,), (7,), (7,), (7,), (7,), (7,), (7,), (7,), (7,), (7,), (7,), (7,), (7,), (7,), (7,), (7,), (7,), (7,), (7,), (7,), (7,), (7,), (7,), (7,), (7,), (7,), (7,), (7,), (7,), (7,), (7,), (7,), (7,), (7,), (7,), (7,), (7,), (7,), (7,), (7,), (7,), (7,), (7,), (7,), (7,), (7,), (7,), (7,), (7,), (7,))",99.5416,4688.1929,0.250717,4787.7345,5448.76354472007,7323.32376263369,542.378641263107,34333.1544683806,1.36609764964158,,0.028672273703474
YOLOv3,BBBBBBBBBBBBBBBNBBBBBBBBBBBBBBBBBBBBBBBBNBBBBBBBBBBBBBBBBBBBBBBBBBBBBBBBBBB,"((7,), (7,), (7,), (7,), (7,), (7,), (7,), (7,), (7,), (7,), (7,), (7,), (7,), (7,), (7,), (7,), (7,), (7,), (7,), (7,), (7,), (7,), (7,), (7,), (7,), (7,), (7,), (7,), (7,), (7,), (7,), (7,), (7,), (7,), (7,), (7,), (7,), (7,), (7,), (7,), (7,), (7,), (7,), (7,), (7,), (7,), (7,), (7,), (7,), (7,), (7,), (7,), (7,), (7,), (7,), (7,), (7,), (7,), (7,), (7,), (7,), (7,), (7,), (7,), (7,), (7,), (7,), (7,), (7,), (7,), (7,), (7,), (7,), (7,), (7,))",99.5094,4686.8267,0.315875,4786.3361,5462.03217509114,7314.46577781182,543.523544524014,34281.6335036847,1.72531941330691,,0.028713451564349
YOLOv3,BBBBBBBBBBBBBBBNBBBBBBBBBBBBBBBBBBBBBBBBBBBBBNBBBBBBBBBBBBBBBBBBBBBBBBBBBBB,"((7,), (7,), (7,), (7,), (7,), (7,), (7,), (7,), (7,), (7,), (7,), (7,), (7,), (7,), (7,), (7,), (7,), (7,), (7,), (7,), (7,), (7,), (7,), (7,), (7,), (7,), (7,), (7,), (7,), (7,), (7,), (7,), (7,), (7,), (7,), (7,), (7,), (7,), (7,), (7,), (7,), (7,), (7,), (7,), (7,), (7,), (7,), (7,), (7,), (7,), (7,), (7,), (7,), (7,), (7,), (7,), (7,), (7,), (7,), (7,), (7,), (7,), (7,), (7,), (7,), (7,), (7,), (7,), (7,), (7,), (7,), (7,), (7,), (7,), (7,))",99.5455,4586.535,0.280992,4686.0805,5428.89460192379,7355.54565905458,540.422027595804,33736.4676093519,1.52547595198377,,0.029172877354638
YOLOv3,BBBBBBBBBBBBBBBNBBBBBBBBBBBBBBBBBBBBBBBBBBBBBBBBBBNBBBBBBBBBBBBBBBBBBBBBBBB,"((7,), (7,), (7,), (7,), (7,), (7,), (7,), (7,), (7,), (7,), (7,), (7,), (7,), (7,), (7,), (7,), (7,), (7,), (7,), (7,), (7,), (7,), (7,), (7,), (7,), (7,), (7,), (7,), (7,), (7,), (7,), (7,), (7,), (7,), (7,), (7,), (7,), (7,), (7,), (7,), (7,), (7,), (7,), (7,), (7,), (7,), (7,), (7,), (7,), (7,), (7,), (7,), (7,), (7,), (7,), (7,), (7,), (7,), (7,), (7,), (7,), (7,), (7,), (7,), (7,), (7,), (7,), (7,), (7,), (7,), (7,), (7,), (7,), (7,), (7,))",99.458,4662.9587,0.244067,4762.4167,5450.31918528166,7327.42468566468,542.077845529744,34167.4786866149,1.33024305259414,,0.028809405143592
YOLOv3,BBBBBBBBBBBBBBBNBBBBBBBBBBBBBBBBBBBBBBBBBBBBBBBBBBBBBBBNBBBBBBBBBBBBBBBBBBB,"((7,), (7,), (7,), (7,), (7,), (7,), (7,), (7,), (7,), (7,), (7,), (7,), (7,), (7,), (7,), (7,), (7,), (7,), (7,), (7,), (7,), (7,), (7,), (7,), (7,), (7,), (7,), (7,), (7,), (7,), (7,), (7,), (7,), (7,), (7,), (7,), (7,), (7,), (7,), (7,), (7,), (7,), (7,), (7,), (7,), (7,), (7,), (7,), (7,), (7,), (7,), (7,), (7,), (7,), (7,), (7,), (7,), (7,), (7,), (7,), (7,), (7,), (7,), (7,), (7,), (7,), (7,), (7,), (7,), (7,), (7,), (7,), (7,), (7,), (7,))",99.4245,4628.0728,0.27895,4727.4973,5449.98322086887,7350.15997512009,541.861856743277,34017.075456502,1.52027281946137,,0.02893480207864
YOLOv3,BBBBBBBBBBBBBBBNBBBBBBBBBBBBBBBBBBBBBBBBBBBBBBBBBBBBBBBBBBBBNBBBBBBBBBBBBBB,"((7,), (7,), (7,), (7,), (7,), (7,), (7,), (7,), (7,), (7,), (7,), (7,), (7,), (7,), (7,), (7,), (7,), (7,), (7,), (7,), (7,), (7,), (7,), (7,), (7,), (7,), (7,), (7,), (7,), (7,), (7,), (7,), (7,), (7,), (7,), (7,), (7,), (7,), (7,), (7,), (7,), (7,), (7,), (7,), (7,), (7,), (7,), (7,), (7,), (7,), (7,), (7,), (7,), (7,), (7,), (7,), (7,), (7,), (7,), (7,), (7,), (7,), (7,), (7,), (7,), (7,), (7,), (7,), (7,), (7,), (7,), (7,), (7,), (7,), (7,))",99.4463,4713.3326,0.286737,4812.7789,5450.84569328048,7288.64851858637,542.066436067678,34353.8246725948,1.56295914155416,,0.02865538552059
YOLOv3,BBBBBBBBBBBBBBBNBBBBBBBBBBBBBBBBBBBBBBBBBBBBBBBBBBBBBBBBBBBBBBBBBNBBBBBBBBB,"((7,), (7,), (7,), (7,), (7,), (7,), (7,), (7,), (7,), (7,), (7,), (7,), (7,), (7,), (7,), (7,), (7,), (7,), (7,), (7,), (7,), (7,), (7,), (7,), (7,), (7,), (7,), (7,), (7,), (7,), (7,), (7,), (7,), (7,), (7,), (7,), (7,), (7,), (7,), (7,), (7,), (7,), (7,), (7,), (7,), (7,), (7,), (7,), (7,), (7,), (7,), (7,), (7,), (7,), (7,), (7,), (7,), (7,), (7,), (7,), (7,), (7,), (7,), (7,), (7,), (7,), (7,), (7,), (7,), (7,), (7,), (7,), (7,), (7,), (7,))",99.395,4627.2632,0.202971,4726.6582,5467.45681953544,7331.07411755348,543.437870577725,33922.8094806277,1.10973517811793,,0.029012958478184
YOLOv3,BBBBBBBBBBBBBBBNBBBBBBBBBBBBBBBBBBBBBBBBBBBBBBBBBBBBBBBBBBBBBBBBBBBBBBNBBBB,"((7,), (7,), (7,), (7,), (7,), (7,), (7,), (7,), (7,), (7,), (7,), (7,), (7,), (7,), (7,), (7,), (7,), (7,), (7,), (7,), (7,), (7,), (7,), (7,), (7,), (7,), (7,), (7,), (7,), (7,), (7,), (7,), (7,), (7,), (7,), (7,), (7,), (7,), (7,), (7,), (7,), (7,), (7,), (7,), (7,), (7,), (7,), (7,), (7,), (7,), (7,), (7,), (7,), (7,), (7,), (7,), (7,), (7,), (7,), (7,), (7,), (7,), (7,), (7,), (7,), (7,), (7,), (7,), (7,), (7,), (7,), (7,), (7,), (7,), (7,))",110.02,4709.1056,0.118767,4819.1256,5374.99071104334,7303.5069075967,591.356478028989,34392.9852782023,0.638371521778485,,0.028583694955617
YOLOv3,BBBBBBBBBBBBBBBBBBBBNBBBBNBBBBBBBBBBBBBBBBBBBBBBBBBBBBBBBBBBBBBBBBBBBBBBBBB,"((7,), (7,), (7,), (7,), (7,), (7,), (7,), (7,), (7,), (7,), (7,), (7,), (7,), (7,), (7,), (7,), (7,), (7,), (7,), (7,), (7,), (7,), (7,), (7,), (7,), (7,), (7,), (7,), (7,), (7,), (7,), (7,), (7,), (7,), (7,), (7,), (7,), (7,), (7,), (7,), (7,), (7,), (7,), (7,), (7,), (7,), (7,), (7,), (7,), (7,), (7,), (7,), (7,), (7,), (7,), (7,), (7,), (7,), (7,), (7,), (7,), (7,), (7,), (7,), (7,), (7,), (7,), (7,), (7,), (7,), (7,), (7,), (7,), (7,), (7,))",99.4254,4694.5763,0.356971,4794.0017,5415.99431241778,7314.70822038463,538.487400909863,34339.4558528329,1.93335290569809,,0.028669826194551
YOLOv3,BBBBBBBBBBBBBBBBBBBBNBBBBBBBBBNBBBBBBBBBBBBBBBBBBBBBBBBBBBBBBBBBBBBBBBBBBBB,"((7,), (7,), (7,), (7,), (7,), (7,), (7,), (7,), (7,), (7,), (7,), (7,), (7,), (7,), (7,), (7,), (7,), (7,), (7,), (7,), (7,), (7,), (7,), (7,), (7,), (7,), (7,), (7,), (7,), (7,), (7,), (7,), (7,), (7,), (7,), (7,), (7,), (7,), (7,), (7,), (7,), (7,), (7,), (7,), (7,), (7,), (7,), (7,), (7,), (7,), (7,), (7,), (7,), (7,), (7,), (7,), (7,), (7,), (7,), (7,), (7,), (7,), (7,), (7,), (7,), (7,), (7,), (7,), (7,), (7,), (7,), (7,), (7,), (7,), (7,))",99.7124,4650.9175,0.283179,4750.6299,5463.3530249778,7327.79188985828,544.764042167797,34080.9555368999,1.54710684626019,,0.028878975896957
YOLOv3,BBBBBBBBBBBBBBBBBBBBNBBBBBBBBBBBBBBNBBBBBBBBBBBBBBBBBBBBBBBBBBBBBBBBBBBBBBB,"((7,), (7,), (7,), (7,), (7,), (7,), (7,), (7,), (7,), (7,), (7,), (7,), (7,), (7,), (7,), (7,), (7,), (7,), (7,), (7,), (7,), (7,), (7,), (7,), (7,), (7,), (7,), (7,), (7,), (7,), (7,), (7,), (7,), (7,), (7,), (7,), (7,), (7,), (7,), (7,), (7,), (7,), (7,), (7,), (7,), (7,), (7,), (7,), (7,), (7,), (7,), (7,), (7,), (7,), (7,), (7,), (7,), (7,), (7,), (7,), (7,), (7,), (7,), (7,), (7,), (7,), (7,), (7,), (7,), (7,), (7,), (7,), (7,), (7,), (7,))",99.4329,4644.7269,0.285892,4744.1598,5425.84753483562,7334.15111817096,539.507755346557,34065.1289872337,1.55120640342923,,0.028896566171177
YOLOv3,BBBBBBBBBBBBBBBBBBBBNBBBBBBBBBBBBBBBBBBBNBBBBBBBBBBBBBBBBBBBBBBBBBBBBBBBBBB,"((7,), (7,), (7,), (7,), (7,), (7,), (7,), (7,), (7,), (7,), (7,), (7,), (7,), (7,), (7,), (7,), (7,), (7,), (7,), (7,), (7,), (7,), (7,), (7,), (7,), (7,), (7,), (7,), (7,), (7,), (7,), (7,), (7,), (7,), (7,), (7,), (7,), (7,), (7,), (7,), (7,), (7,), (7,), (7,), (7,), (7,), (7,), (7,), (7,), (7,), (7,), (7,), (7,), (7,), (7,), (7,), (7,), (7,), (7,), (7,), (7,), (7,), (7,), (7,), (7,), (7,), (7,), (7,), (7,), (7,), (7,), (7,), (7,), (7,), (7,))",99.5746,4589.2134,0.296158,4688.788,5430.83966341381,7356.50767235607,540.773687148565,33760.5835871793,1.60838661303731,,0.029151998398163
YOLOv3,BBBBBBBBBBBBBBBBBBBBNBBBBBBBBBBBBBBBBBBBBBBBBNBBBBBBBBBBBBBBBBBBBBBBBBBBBBB,"((7,), (7,), (7,), (7,), (7,), (7,), (7,), (7,), (7,), (7,), (7,), (7,), (7,), (7,), (7,), (7,), (7,), (7,), (7,), (7,), (7,), (7,), (7,), (7,), (7,), (7,), (7,), (7,), (7,), (7,), (7,), (7,), (7,), (7,), (7,), (7,), (7,), (7,), (7,), (7,), (7,), (7,), (7,), (7,), (7,), (7,), (7,), (7,), (7,), (7,), (7,), (7,), (7,), (7,), (7,), (7,), (7,), (7,), (7,), (7,), (7,), (7,), (7,), (7,), (7,), (7,), (7,), (7,), (7,), (7,), (7,), (7,), (7,), (7,), (7,))",99.627,4592.8778,0.289217,4692.5048,5412.96283699356,7351.38547598817,539.277248561157,33764.0151519085,1.56552087282677,,0.02915039037016
YOLOv3,BBBBBBBBBBBBBBBBBBBBNBBBBBBBBBBBBBBBBBBBBBBBBBBBBBNBBBBBBBBBBBBBBBBBBBBBBBB,"((7,), (7,), (7,), (7,), (7,), (7,), (7,), (7,), (7,), (7,), (7,), (7,), (7,), (7,), (7,), (7,), (7,), (7,), (7,), (7,), (7,), (7,), (7,), (7,), (7,), (7,), (7,), (7,), (7,), (7,), (7,), (7,), (7,), (7,), (7,), (7,), (7,), (7,), (7,), (7,), (7,), (7,), (7,), (7,), (7,), (7,), (7,), (7,), (7,), (7,), (7,), (7,), (7,), (7,), (7,), (7,), (7,), (7,), (7,), (7,), (7,), (7,), (7,), (7,), (7,), (7,), (7,), (7,), (7,), (7,), (7,), (7,), (7,), (7,), (7,))",99.5065,4542.4395,0.307475,4641.946,5430.48691986989,7401.55750446862,540.368746692033,33621.1271698197,1.66973896568699,,0.029271292071836
YOLOv3,BBBBBBBBBBBBBBBBBBBBNBBBBBBBBBBBBBBBBBBBBBBBBBBBBBBBBBBNBBBBBBBBBBBBBBBBBBB,"((7,), (7,), (7,), (7,), (7,), (7,), (7,), (7,), (7,), (7,), (7,), (7,), (7,), (7,), (7,), (7,), (7,), (7,), (7,), (7,), (7,), (7,), (7,), (7,), (7,), (7,), (7,), (7,), (7,), (7,), (7,), (7,), (7,), (7,), (7,), (7,), (7,), (7,), (7,), (7,), (7,), (7,), (7,), (7,), (7,), (7,), (7,), (7,), (7,), (7,), (7,), (7,), (7,), (7,), (7,), (7,), (7,), (7,), (7,), (7,), (7,), (7,), (7,), (7,), (7,), (7,), (7,), (7,), (7,), (7,), (7,), (7,), (7,), (7,), (7,))",99.4974,4542.7803,0.281692,4642.2777,5469.35243811182,7385.4990594347,544.186347275787,33550.6996328685,1.54067282699659,,0.02932858654597
YOLOv3,BBBBBBBBBBBBBBBBBBBBNBBBBBBBBBBBBBBBBBBBBBBBBBBBBBBBBBBBBBBBNBBBBBBBBBBBBBB,"((7,), (7,), (7,), (7,), (7,), (7,), (7,), (7,), (7,), (7,), (7,), (7,), (7,), (7,), (7,), (7,), (7,), (7,), (7,), (7,), (7,), (7,), (7,), (7,), (7,), (7,), (7,), (7,), (7,), (7,), (7,), (7,), (7,), (7,), (7,), (7,), (7,), (7,), (7,), (7,), (7,), (7,), (7,), (7,), (7,), (7,), (7,), (7,), (7,), (7,), (7,), (7,), (7,), (7,), (7,), (7,), (7,), (7,), (7,), (7,), (7,), (7,), (7,), (7,), (7,), (7,), (7,), (7,), (7,), (7,), (7,), (7,), (7,), (7,), (7,))",99.5817,4495.7971,0.231817,4595.3788,5463.5736494992,7433.70327859524,544.071952092335,33420.421642169,1.26654925270596,,0.029441413817172
YOLOv3,BBBBBBBBBBBBBBBBBBBBNBBBBBBBBBBBBBBBBBBBBBBBBBBBBBBBBBBBBBBBBBBBBNBBBBBBBBB,"((7,), (7,), (7,), (7,), (7,), (7,), (7,), (7,), (7,), (7,), (7,), (7,), (7,), (7,), (7,), (7,), (7,), (7,), (7,), (7,), (7,), (7,), (7,), (7,), (7,), (7,), (7,), (7,), (7,), (7,), (7,), (7,), (7,), (7,), (7,), (7,), (7,), (7,), (7,), (7,), (7,), (7,), (7,), (7,), (7,), (7,), (7,), (7,), (7,), (7,), (7,), (7,), (7,), (7,), (7,), (7,), (7,), (7,), (7,), (7,), (7,), (7,), (7,), (7,), (7,), (7,), (7,), (7,), (7,), (7,), (7,), (7,), (7,), (7,), (7,))",99.4122,4630.5949,0.228725,4730.0071,5452.74873627465,7328.36036215114,542.069747920282,33934.6681183392,1.24717995470442,,0.029004015131963
YOLOv3,BBBBBBBBBBBBBBBBBBBBNBBBBBBBBBBBBBBBBBBBBBBBBBBBBBBBBBBBBBBBBBBBBBBBBBNBBBB,"((7,), (7,), (7,), (7,), (7,), (7,), (7,), (7,), (7,), (7,), (7,), (7,), (7,), (7,), (7,), (7,), (7,), (7,), (7,), (7,), (7,), (7,), (7,), (7,), (7,), (7,), (7,), (7,), (7,), (7,), (7,), (7,), (7,), (7,), (7,), (7,), (7,), (7,), (7,), (7,), (7,), (7,), (7,), (7,), (7,), (7,), (7,), (7,), (7,), (7,), (7,), (7,), (7,), (7,), (7,), (7,), (7,), (7,), (7,), (7,), (7,), (7,), (7,), (7,), (7,), (7,), (7,), (7,), (7,), (7,), (7,), (7,), (7,), (7,), (7,))",99.77,4692.4475,0.127692,4792.2175,5437.0801710693,7312.95597343511,542.457488667584,34315.6619751556,0.694271641204181,,0.028687149470684
YOLOv3,BBBBBBBBBBBBBBBBBBBBBBBBBNBBBBNBBBBBBBBBBBBBBBBBBBBBBBBBBBBBBBBBBBBBBBBBBBB,"((7,), (7,), (7,), (7,), (7,), (7,), (7,), (7,), (7,), (7,), (7,), (7,), (7,), (7,), (7,), (7,), (7,), (7,), (7,), (7,), (7,), (7,), (7,), (7,), (7,), (7,), (7,), (7,), (7,), (7,), (7,), (7,), (7,), (7,), (7,), (7,), (7,), (7,), (7,), (7,), (7,), (7,), (7,), (7,), (7,), (7,), (7,), (7,), (7,), (7,), (7,), (7,), (7,), (7,), (7,), (7,), (7,), (7,), (7,), (7,), (7,), (7,), (7,), (7,), (7,), (7,), (7,), (7,), (7,), (7,), (7,), (7,), (7,), (7,), (7,))",99.689,4710.3121,0.263346,4810.0011,5447.05676892097,7285.02994115809,543.011642236963,34314.7646806992,1.43446061186826,,0.028686822722675
YOLOv3,BBBBBBBBBBBBBBBBBBBBBBBBBNBBBBBBBBBNBBBBBBBBBBBBBBBBBBBBBBBBBBBBBBBBBBBBBBB,"((7,), (7,), (7,), (7,), (7,), (7,), (7,), (7,), (7,), (7,), (7,), (7,), (7,), (7,), (7,), (7,), (7,), (7,), (7,), (7,), (7,), (7,), (7,), (7,), (7,), (7,), (7,), (7,), (7,), (7,), (7,), (7,), (7,), (7,), (7,), (7,), (7,), (7,), (7,), (7,), (7,), (7,), (7,), (7,), (7,), (7,), (7,), (7,), (7,), (7,), (7,), (7,), (7,), (7,), (7,), (7,), (7,), (7,), (7,), (7,), (7,), (7,), (7,), (7,), (7,), (7,), (7,), (7,), (7,), (7,), (7,), (7,), (7,), (7,), (7,))",99.5044,4620.7281,0.274488,4720.2325,5454.65395161047,7359.94797513216,542.762068662629,34008.3184232313,1.49723705386966,,0.02894140077897
YOLOv3,BBBBBBBBBBBBBBBBBBBBBBBBBNBBBBBBBBBBBBBBNBBBBBBBBBBBBBBBBBBBBBBBBBBBBBBBBBB,"((7,), (7,), (7,), (7,), (7,), (7,), (7,), (7,), (7,), (7,), (7,), (7,), (7,), (7,), (7,), (7,), (7,), (7,), (7,), (7,), (7,), (7,), (7,), (7,), (7,), (7,), (7,), (7,), (7,), (7,), (7,), (7,), (7,), (7,), (7,), (7,), (7,), (7,), (7,), (7,), (7,), (7,), (7,), (7,), (7,), (7,), (7,), (7,), (7,), (7,), (7,), (7,), (7,), (7,), (7,), (7,), (7,), (7,), (7,), (7,), (7,), (7,), (7,), (7,), (7,), (7,), (7,), (7,), (7,), (7,), (7,), (7,), (7,), (7,), (7,))",99.3919,4670.4382,0.331275,4769.8301,5432.28495241539,7295.55809423725,539.925122761975,34073.4532136449,1.79958019761141,,0.028889061394086
YOLOv3,BBBBBBBBBBBBBBBBBBBBBBBBBNBBBBBBBBBBBBBBBBBBBNBBBBBBBBBBBBBBBBBBBBBBBBBBBBB,"((7,), (7,), (7,), (7,), (7,), (7,), (7,), (7,), (7,), (7,), (7,), (7,), (7,), (7,), (7,), (7,), (7,), (7,), (7,), (7,), (7,), (7,), (7,), (7,), (7,), (7,), (7,), (7,), (7,), (7,), (7,), (7,), (7,), (7,), (7,), (7,), (7,), (7,), (7,), (7,), (7,), (7,), (7,), (7,), (7,), (7,), (7,), (7,), (7,), (7,), (7,), (7,), (7,), (7,), (7,), (7,), (7,), (7,), (7,), (7,), (7,), (7,), (7,), (7,), (7,), (7,), (7,), (7,), (7,), (7,), (7,), (7,), (7,), (7,), (7,))",120.466,4556.4673,0.326171,4676.9333,5287.92510881538,7389.74083926068,637.015186158554,33671.1124895658,1.72476782066742,,0.029146146916413
YOLOv3,BBBBBBBBBBBBBBBBBBBBBBBBBNBBBBBBBBBBBBBBBBBBBBBBBBNBBBBBBBBBBBBBBBBBBBBBBBB,"((7,), (7,), (7,), (7,), (7,), (7,), (7,), (7,), (7,), (7,), (7,), (7,), (7,), (7,), (7,), (7,), (7,), (7,), (7,), (7,), (7,), (7,), (7,), (7,), (7,), (7,), (7,), (7,), (7,), (7,), (7,), (7,), (7,), (7,), (7,), (7,), (7,), (7,), (7,), (7,), (7,), (7,), (7,), (7,), (7,), (7,), (7,), (7,), (7,), (7,), (7,), (7,), (7,), (7,), (7,), (7,), (7,), (7,), (7,), (7,), (7,), (7,), (7,), (7,), (7,), (7,), (7,), (7,), (7,), (7,), (7,), (7,), (7,), (7,), (7,))",99.647,4662.2042,0.310363,4761.8512,5470.24142008478,7315.24159008535,545.093146787188,34105.1500653106,1.69776053786177,,0.028858412312017
YOLOv3,BBBBBBBBBBBBBBBBBBBBBBBBBNBBBBBBBBBBBBBBBBBBBBBBBBBBBBBNBBBBBBBBBBBBBBBBBBB,"((7,), (7,), (7,), (7,), (7,), (7,), (7,), (7,), (7,), (7,), (7,), (7,), (7,), (7,), (7,), (7,), (7,), (7,), (7,), (7,), (7,), (7,), (7,), (7,), (7,), (7,), (7,), (7,), (7,), (7,), (7,), (7,), (7,), (7,), (7,), (7,), (7,), (7,), (7,), (7,), (7,), (7,), (7,), (7,), (7,), (7,), (7,), (7,), (7,), (7,), (7,), (7,), (7,), (7,), (7,), (7,), (7,), (7,), (7,), (7,), (7,), (7,), (7,), (7,), (7,), (7,), (7,), (7,), (7,), (7,), (7,), (7,), (7,), (7,), (7,))",99.4907,4519.5699,0.296187,4619.0606,5469.89567972177,7409.62606487399,544.203750102495,33488.3229330599,1.62011199168975,,0.029382255592268
YOLOv3,BBBBBBBBBBBBBBBBBBBBBBBBBNBBBBBBBBBBBBBBBBBBBBBBBBBBBBBBBBBBNBBBBBBBBBBBBBB,"((7,), (7,), (7,), (7,), (7,), (7,), (7,), (7,), (7,), (7,), (7,), (7,), (7,), (7,), (7,), (7,), (7,), (7,), (7,), (7,), (7,), (7,), (7,), (7,), (7,), (7,), (7,), (7,), (7,), (7,), (7,), (7,), (7,), (7,), (7,), (7,), (7,), (7,), (7,), (7,), (7,), (7,), (7,), (7,), (7,), (7,), (7,), (7,), (7,), (7,), (7,), (7,), (7,), (7,), (7,), (7,), (7,), (7,), (7,), (7,), (7,), (7,), (7,), (7,), (7,), (7,), (7,), (7,), (7,), (7,), (7,), (7,), (7,), (7,), (7,))",99.4398,4598.1639,0.281429,4697.6037,5430.64437448595,7363.14864413726,540.022190470008,33856.9642858059,1.52834081566721,,0.029071022551914
YOLOv3,BBBBBBBBBBBBBBBBBBBBBBBBBNBBBBBBBBBBBBBBBBBBBBBBBBBBBBBBBBBBBBBBBNBBBBBBBBB,"((7,), (7,), (7,), (7,), (7,), (7,), (7,), (7,), (7,), (7,), (7,), (7,), (7,), (7,), (7,), (7,), (7,), (7,), (7,), (7,), (7,), (7,), (7,), (7,), (7,), (7,), (7,), (7,), (7,), (7,), (7,), (7,), (7,), (7,), (7,), (7,), (7,), (7,), (7,), (7,), (7,), (7,), (7,), (7,), (7,), (7,), (7,), (7,), (7,), (7,), (7,), (7,), (7,), (7,), (7,), (7,), (7,), (7,), (7,), (7,), (7,), (7,), (7,), (7,), (7,), (7,), (7,), (7,), (7,), (7,), (7,), (7,), (7,), (7,), (7,))",99.6418,4547.6762,0.1988,4647.318,5433.19667445754,7351.68541537236,541.373496396964,33433.084793376,1.08011949888216,,0.029432940486591
YOLOv3,BBBBBBBBBBBBBBBBBBBBBBBBBNBBBBBBBBBBBBBBBBBBBBBBBBBBBBBBBBBBBBBBBBBBBBNBBBB,"((7,), (7,), (7,), (7,), (7,), (7,), (7,), (7,), (7,), (7,), (7,), (7,), (7,), (7,), (7,), (7,), (7,), (7,), (7,), (7,), (7,), (7,), (7,), (7,), (7,), (7,), (7,), (7,), (7,), (7,), (7,), (7,), (7,), (7,), (7,), (7,), (7,), (7,), (7,), (7,), (7,), (7,), (7,), (7,), (7,), (7,), (7,), (7,), (7,), (7,), (7,), (7,), (7,), (7,), (7,), (7,), (7,), (7,), (7,), (7,), (7,), (7,), (7,), (7,), (7,), (7,), (7,), (7,), (7,), (7,), (7,), (7,), (7,), (7,), (7,))",99.5134,4674.2555,0.117542,4773.7689,5456.5313602419,7312.97589423423,542.997987864297,34182.7177949918,0.641371609145554,,0.028796570730179
YOLOv3,BBBBBBBBBBBBBBBBBBBBBBBBBBBBBBNBBBBNBBBBBBBBBBBBBBBBBBBBBBBBBBBBBBBBBBBBBBB,"((7,), (7,), (7,), (7,), (7,), (7,), (7,), (7,), (7,), (7,), (7,), (7,), (7,), (7,), (7,), (7,), (7,), (7,), (7,), (7,), (7,), (7,), (7,), (7,), (7,), (7,), (7,), (7,), (7,), (7,), (7,), (7,), (7,), (7,), (7,), (7,), (7,), (7,), (7,), (7,), (7,), (7,), (7,), (7,), (7,), (7,), (7,), (7,), (7,), (7,), (7,), (7,), (7,), (7,), (7,), (7,), (7,), (7,), (7,), (7,), (7,), (7,), (7,), (7,), (7,), (7,), (7,), (7,), (7,), (7,), (7,), (7,), (7,), (7,), (7,))",99.5032,4532.3039,0.317217,4631.8071,5443.79525358501,7403.59793414832,541.67504787652,33555.3557909724,1.72686439895648,,0.029326581592876
YOLOv3,BBBBBBBBBBBBBBBBBBBBBBBBBBBBBBNBBBBBBBBBNBBBBBBBBBBBBBBBBBBBBBBBBBBBBBBBBBB,"((7,), (7,), (7,), (7,), (7,), (7,), (7,), (7,), (7,), (7,), (7,), (7,), (7,), (7,), (7,), (7,), (7,), (7,), (7,), (7,), (7,), (7,), (7,), (7,), (7,), (7,), (7,), (7,), (7,), (7,), (7,), (7,), (7,), (7,), (7,), (7,), (7,), (7,), (7,), (7,), (7,), (7,), (7,), (7,), (7,), (7,), (7,), (7,), (7,), (7,), (7,), (7,), (7,), (7,), (7,), (7,), (7,), (7,), (7,), (7,), (7,), (7,), (7,), (7,), (7,), (7,), (7,), (7,), (7,), (7,), (7,), (7,), (7,), (7,), (7,))",99.6313,4547.7731,0.299512,4647.4044,5471.91497182802,7354.31758670505,545.174002132689,33445.7676896741,1.63890419704215,,0.029418184276293
YOLOv3,BBBBBBBBBBBBBBBBBBBBBBBBBBBBBBNBBBBBBBBBBBBBBNBBBBBBBBBBBBBBBBBBBBBBBBBBBBB,"((7,), (7,), (7,), (7,), (7,), (7,), (7,), (7,), (7,), (7,), (7,), (7,), (7,), (7,), (7,), (7,), (7,), (7,), (7,), (7,), (7,), (7,), (7,), (7,), (7,), (7,), (7,), (7,), (7,), (7,), (7,), (7,), (7,), (7,), (7,), (7,), (7,), (7,), (7,), (7,), (7,), (7,), (7,), (7,), (7,), (7,), (7,), (7,), (7,), (7,), (7,), (7,), (7,), (7,), (7,), (7,), (7,), (7,), (7,), (7,), (7,), (7,), (7,), (7,), (7,), (7,), (7,), (7,), (7,), (7,), (7,), (7,), (7,), (7,), (7,))",99.5625,4505.378,0.293533,4604.9405,5442.20100050833,7386.33086183615,541.83913711311,33278.2125656376,1.59746558628221,,0.029566861007363
YOLOv3,BBBBBBBBBBBBBBBBBBBBBBBBBBBBBBNBBBBBBBBBBBBBBBBBBBNBBBBBBBBBBBBBBBBBBBBBBBB,"((7,), (7,), (7,), (7,), (7,), (7,), (7,), (7,), (7,), (7,), (7,), (7,), (7,), (7,), (7,), (7,), (7,), (7,), (7,), (7,), (7,), (7,), (7,), (7,), (7,), (7,), (7,), (7,), (7,), (7,), (7,), (7,), (7,), (7,), (7,), (7,), (7,), (7,), (7,), (7,), (7,), (7,), (7,), (7,), (7,), (7,), (7,), (7,), (7,), (7,), (7,), (7,), (7,), (7,), (7,), (7,), (7,), (7,), (7,), (7,), (7,), (7,), (7,), (7,), (7,), (7,), (7,), (7,), (7,), (7,), (7,), (7,), (7,), (7,), (7,))",99.451,4508.7918,0.311121,4608.2428,5463.37725010745,7394.31672304358,543.338330900436,33339.4346074618,1.69977139343068,,0.029512042538354
YOLOv3,BBBBBBBBBBBBBBBBBBBBBBBBBBBBBBNBBBBBBBBBBBBBBBBBBBBBBBBNBBBBBBBBBBBBBBBBBBB,"((7,), (7,), (7,), (7,), (7,), (7,), (7,), (7,), (7,), (7,), (7,), (7,), (7,), (7,), (7,), (7,), (7,), (7,), (7,), (7,), (7,), (7,), (7,), (7,), (7,), (7,), (7,), (7,), (7,), (7,), (7,), (7,), (7,), (7,), (7,), (7,), (7,), (7,), (7,), (7,), (7,), (7,), (7,), (7,), (7,), (7,), (7,), (7,), (7,), (7,), (7,), (7,), (7,), (7,), (7,), (7,), (7,), (7,), (7,), (7,), (7,), (7,), (7,), (7,), (7,), (7,), (7,), (7,), (7,), (7,), (7,), (7,), (7,), (7,), (7,))",99.4632,4481.5574,0.260604,4581.0206,5429.51138716356,7404.8169176848,540.036577003727,33185.1120530955,1.41495238554037,,0.029650219108576
YOLOv3,BBBBBBBBBBBBBBBBBBBBBBBBBBBBBBNBBBBBBBBBBBBBBBBBBBBBBBBBBBBBNBBBBBBBBBBBBBB,"((7,), (7,), (7,), (7,), (7,), (7,), (7,), (7,), (7,), (7,), (7,), (7,), (7,), (7,), (7,), (7,), (7,), (7,), (7,), (7,), (7,), (7,), (7,), (7,), (7,), (7,), (7,), (7,), (7,), (7,), (7,), (7,), (7,), (7,), (7,), (7,), (7,), (7,), (7,), (7,), (7,), (7,), (7,), (7,), (7,), (7,), (7,), (7,), (7,), (7,), (7,), (7,), (7,), (7,), (7,), (7,), (7,), (7,), (7,), (7,), (7,), (7,), (7,), (7,), (7,), (7,), (7,), (7,), (7,), (7,), (7,), (7,), (7,), (7,), (7,))",100.574,4608.0144,0.197196,4708.5884,5410.57947670753,7325.08238530987,544.163620290383,33754.0851126943,1.06694463048882,,0.029155100626472
YOLOv3,BBBBBBBBBBBBBBBBBBBBBBBBBBBBBBNBBBBBBBBBBBBBBBBBBBBBBBBBBBBBBBBBBNBBBBBBBBB,"((7,), (7,), (7,), (7,), (7,), (7,), (7,), (7,), (7,), (7,), (7,), (7,), (7,), (7,), (7,), (7,), (7,), (7,), (7,), (7,), (7,), (7,), (7,), (7,), (7,), (7,), (7,), (7,), (7,), (7,), (7,), (7,), (7,), (7,), (7,), (7,), (7,), (7,), (7,), (7,), (7,), (7,), (7,), (7,), (7,), (7,), (7,), (7,), (7,), (7,), (7,), (7,), (7,), (7,), (7,), (7,), (7,), (7,), (7,), (7,), (7,), (7,), (7,), (7,), (7,), (7,), (7,), (7,), (7,), (7,), (7,), (7,), (7,), (7,), (7,))",99.6514,4577.9452,0.21455,4677.5966,5477.79000233437,7328.19052328696,545.869442638624,33548.054630767,1.17525984500084,,0.029329728305697
YOLOv3,BBBBBBBBBBBBBBBBBBBBBBBBBBBBBBNBBBBBBBBBBBBBBBBBBBBBBBBBBBBBBBBBBBBBBBNBBBB,"((7,), (7,), (7,), (7,), (7,), (7,), (7,), (7,), (7,), (7,), (7,), (7,), (7,), (7,), (7,), (7,), (7,), (7,), (7,), (7,), (7,), (7,), (7,), (7,), (7,), (7,), (7,), (7,), (7,), (7,), (7,), (7,), (7,), (7,), (7,), (7,), (7,), (7,), (7,), (7,), (7,), (7,), (7,), (7,), (7,), (7,), (7,), (7,), (7,), (7,), (7,), (7,), (7,), (7,), (7,), (7,), (7,), (7,), (7,), (7,), (7,), (7,), (7,), (7,), (7,), (7,), (7,), (7,), (7,), (7,), (7,), (7,), (7,), (7,), (7,))",100.442,4653.7028,0.1197,4754.1448,5433.25300730637,7324.75544692539,545.726798559867,34087.2349326719,0.650360384974573,,0.028873684828331
YOLOv3,BBBBBBBBBBBBBBBBBBBBBBBBBBBBBBBBBBBNBBBBNBBBBBBBBBBBBBBBBBBBBBBBBBBBBBBBBBB,"((7,), (7,), (7,), (7,), (7,), (7,), (7,), (7,), (7,), (7,), (7,), (7,), (7,), (7,), (7,), (7,), (7,), (7,), (7,), (7,), (7,), (7,), (7,), (7,), (7,), (7,), (7,), (7,), (7,), (7,), (7,), (7,), (7,), (7,), (7,), (7,), (7,), (7,), (7,), (7,), (7,), (7,), (7,), (7,), (7,), (7,), (7,), (7,), (7,), (7,), (7,), (7,), (7,), (7,), (7,), (7,), (7,), (7,), (7,), (7,), (7,), (7,), (7,), (7,), (7,), (7,), (7,), (7,), (7,), (7,), (7,), (7,), (7,), (7,), (7,))",99.6039,4579.0688,0.2912,4678.6727,5450.26825152912,7357.22084348941,542.867973898481,33689.220419132,1.58711811484528,,0.029211003056754
YOLOv3,BBBBBBBBBBBBBBBBBBBBBBBBBBBBBBBBBBBNBBBBBBBBBNBBBBBBBBBBBBBBBBBBBBBBBBBBBBB,"((7,), (7,), (7,), (7,), (7,), (7,), (7,), (7,), (7,), (7,), (7,), (7,), (7,), (7,), (7,), (7,), (7,), (7,), (7,), (7,), (7,), (7,), (7,), (7,), (7,), (7,), (7,), (7,), (7,), (7,), (7,), (7,), (7,), (7,), (7,), (7,), (7,), (7,), (7,), (7,), (7,), (7,), (7,), (7,), (7,), (7,), (7,), (7,), (7,), (7,), (7,), (7,), (7,), (7,), (7,), (7,), (7,), (7,), (7,), (7,), (7,), (7,), (7,), (7,), (7,), (7,), (7,), (7,), (7,), (7,), (7,), (7,), (7,), (7,), (7,))",99.6688,4556.4073,0.245875,4656.0761,5448.7206830728,7355.1424519303,543.067452017046,33513.0247605151,1.33970419795052,,0.029362166896347
YOLOv3,BBBBBBBBBBBBBBBBBBBBBBBBBBBBBBBBBBBNBBBBBBBBBBBBBBNBBBBBBBBBBBBBBBBBBBBBBBB,"((7,), (7,), (7,), (7,), (7,), (7,), (7,), (7,), (7,), (7,), (7,), (7,), (7,), (7,), (7,), (7,), (7,), (7,), (7,), (7,), (7,), (7,), (7,), (7,), (7,), (7,), (7,), (7,), (7,), (7,), (7,), (7,), (7,), (7,), (7,), (7,), (7,), (7,), (7,), (7,), (7,), (7,), (7,), (7,), (7,), (7,), (7,), (7,), (7,), (7,), (7,), (7,), (7,), (7,), (7,), (7,), (7,), (7,), (7,), (7,), (7,), (7,), (7,), (7,), (7,), (7,), (7,), (7,), (7,), (7,), (7,), (7,), (7,), (7,), (7,))",99.4672,4533.0259,0.257279,4632.4931,5438.44457931415,7404.36920294778,540.946854659556,33564.1973701246,1.39919758292136,,0.029319887026259
YOLOv3,BBBBBBBBBBBBBBBBBBBBBBBBBBBBBBBBBBBNBBBBBBBBBBBBBBBBBBBNBBBBBBBBBBBBBBBBBBB,"((7,), (7,), (7,), (7,), (7,), (7,), (7,), (7,), (7,), (7,), (7,), (7,), (7,), (7,), (7,), (7,), (7,), (7,), (7,), (7,), (7,), (7,), (7,), (7,), (7,), (7,), (7,), (7,), (7,), (7,), (7,), (7,), (7,), (7,), (7,), (7,), (7,), (7,), (7,), (7,), (7,), (7,), (7,), (7,), (7,), (7,), (7,), (7,), (7,), (7,), (7,), (7,), (7,), (7,), (7,), (7,), (7,), (7,), (7,), (7,), (7,), (7,), (7,), (7,), (7,), (7,), (7,), (7,), (7,), (7,), (7,), (7,), (7,), (7,), (7,))",99.5294,4494.7268,0.3038,4594.2562,5456.83066678719,7408.2541125957,543.115082166929,33298.0783010941,1.65778515656995,,0.029548337846109
YOLOv3,BBBBBBBBBBBBBBBBBBBBBBBBBBBBBBBBBBBNBBBBBBBBBBBBBBBBBBBBBBBBNBBBBBBBBBBBBBB,"((7,), (7,), (7,), (7,), (7,), (7,), (7,), (7,), (7,), (7,), (7,), (7,), (7,), (7,), (7,), (7,), (7,), (7,), (7,), (7,), (7,), (7,), (7,), (7,), (7,), (7,), (7,), (7,), (7,), (7,), (7,), (7,), (7,), (7,), (7,), (7,), (7,), (7,), (7,), (7,), (7,), (7,), (7,), (7,), (7,), (7,), (7,), (7,), (7,), (7,), (7,), (7,), (7,), (7,), (7,), (7,), (7,), (7,), (7,), (7,), (7,), (7,), (7,), (7,), (7,), (7,), (7,), (7,), (7,), (7,), (7,), (7,), (7,), (7,), (7,))",99.7745,4602.6538,0.224904,4702.4283,5390.90799016886,7340.79458386941,537.875149265103,33787.136086466,1.21243677062094,,0.029132246224949
YOLOv3,BBBBBBBBBBBBBBBBBBBBBBBBBBBBBBBBBBBNBBBBBBBBBBBBBBBBBBBBBBBBBBBBBNBBBBBBBBB,"((7,), (7,), (7,), (7,), (7,), (7,), (7,), (7,), (7,), (7,), (7,), (7,), (7,), (7,), (7,), (7,), (7,), (7,), (7,), (7,), (7,), (7,), (7,), (7,), (7,), (7,), (7,), (7,), (7,), (7,), (7,), (7,), (7,), (7,), (7,), (7,), (7,), (7,), (7,), (7,), (7,), (7,), (7,), (7,), (7,), (7,), (7,), (7,), (7,), (7,), (7,), (7,), (7,), (7,), (7,), (7,), (7,), (7,), (7,), (7,), (7,), (7,), (7,), (7,), (7,), (7,), (7,), (7,), (7,), (7,), (7,), (7,), (7,), (7,), (7,))",99.4292,4552.967,0.186288,4652.3962,5434.52697292781,7370.39299548612,540.350669296633,33557.1560854795,1.01238716073278,,0.029326786768582
YOLOv3,BBBBBBBBBBBBBBBBBBBBBBBBBBBBBBBBBBBNBBBBBBBBBBBBBBBBBBBBBBBBBBBBBBBBBBNBBBB,"((7,), (7,), (7,), (7,), (7,), (7,), (7,), (7,), (7,), (7,), (7,), (7,), (7,), (7,), (7,), (7,), (7,), (7,), (7,), (7,), (7,), (7,), (7,), (7,), (7,), (7,), (7,), (7,), (7,), (7,), (7,), (7,), (7,), (7,), (7,), (7,), (7,), (7,), (7,), (7,), (7,), (7,), (7,), (7,), (7,), (7,), (7,), (7,), (7,), (7,), (7,), (7,), (7,), (7,), (7,), (7,), (7,), (7,), (7,), (7,), (7,), (7,), (7,), (7,), (7,), (7,), (7,), (7,), (7,), (7,), (7,), (7,), (7,), (7,), (7,))",99.552,4583.7338,0.118417,4683.2858,5463.35828996699,7380.0762298238,543.888244482793,33828.3048612199,0.646954498623021,,0.029092737121768
YOLOv3,BBBBBBBBBBBBBBBBBBBBBBBBBBBBBBBBBBBBBBBBNBBBBNBBBBBBBBBBBBBBBBBBBBBBBBBBBBB,"((7,), (7,), (7,), (7,), (7,), (7,), (7,), (7,), (7,), (7,), (7,), (7,), (7,), (7,), (7,), (7,), (7,), (7,), (7,), (7,), (7,), (7,), (7,), (7,), (7,), (7,), (7,), (7,), (7,), (7,), (7,), (7,), (7,), (7,), (7,), (7,), (7,), (7,), (7,), (7,), (7,), (7,), (7,), (7,), (7,), (7,), (7,), (7,), (7,), (7,), (7,), (7,), (7,), (7,), (7,), (7,), (7,), (7,), (7,), (7,), (7,), (7,), (7,), (7,), (7,), (7,), (7,), (7,), (7,), (7,), (7,), (7,), (7,), (7,), (7,))",99.6004,4506.8108,0.33285,4606.4112,5479.64771460424,7377.23248194787,545.775104233668,33247.7910237535,1.82390074180602,,0.029589834564712
YOLOv3,BBBBBBBBBBBBBBBBBBBBBBBBBBBBBBBBBBBBBBBBNBBBBBBBBBNBBBBBBBBBBBBBBBBBBBBBBBB,"((7,), (7,), (7,), (7,), (7,), (7,), (7,), (7,), (7,), (7,), (7,), (7,), (7,), (7,), (7,), (7,), (7,), (7,), (7,), (7,), (7,), (7,), (7,), (7,), (7,), (7,), (7,), (7,), (7,), (7,), (7,), (7,), (7,), (7,), (7,), (7,), (7,), (7,), (7,), (7,), (7,), (7,), (7,), (7,), (7,), (7,), (7,), (7,), (7,), (7,), (7,), (7,), (7,), (7,), (7,), (7,), (7,), (7,), (7,), (7,), (7,), (7,), (7,), (7,), (7,), (7,), (7,), (7,), (7,), (7,), (7,), (7,), (7,), (7,), (7,))",99.6125,4541.0763,0.335621,4640.6888,5456.18028566629,7388.54590116715,543.503758705933,33551.9506832523,1.83120868365561,,0.029327847684004
YOLOv3,BBBBBBBBBBBBBBBBBBBBBBBBBBBBBBBBBBBBBBBBNBBBBBBBBBBBBBBNBBBBBBBBBBBBBBBBBBB,"((7,), (7,), (7,), (7,), (7,), (7,), (7,), (7,), (7,), (7,), (7,), (7,), (7,), (7,), (7,), (7,), (7,), (7,), (7,), (7,), (7,), (7,), (7,), (7,), (7,), (7,), (7,), (7,), (7,), (7,), (7,), (7,), (7,), (7,), (7,), (7,), (7,), (7,), (7,), (7,), (7,), (7,), (7,), (7,), (7,), (7,), (7,), (7,), (7,), (7,), (7,), (7,), (7,), (7,), (7,), (7,), (7,), (7,), (7,), (7,), (7,), (7,), (7,), (7,), (7,), (7,), (7,), (7,), (7,), (7,), (7,), (7,), (7,), (7,), (7,))",99.5566,4503.7675,0.289946,4603.3241,5472.73491765332,7392.65079717885,544.846881102845,33294.7803991832,1.58679759843391,,0.029549767265989
YOLOv3,BBBBBBBBBBBBBBBBBBBBBBBBBBBBBBBBBBBBBBBBNBBBBBBBBBBBBBBBBBBBNBBBBBBBBBBBBBB,"((7,), (7,), (7,), (7,), (7,), (7,), (7,), (7,), (7,), (7,), (7,), (7,), (7,), (7,), (7,), (7,), (7,), (7,), (7,), (7,), (7,), (7,), (7,), (7,), (7,), (7,), (7,), (7,), (7,), (7,), (7,), (7,), (7,), (7,), (7,), (7,), (7,), (7,), (7,), (7,), (7,), (7,), (7,), (7,), (7,), (7,), (7,), (7,), (7,), (7,), (7,), (7,), (7,), (7,), (7,), (7,), (7,), (7,), (7,), (7,), (7,), (7,), (7,), (7,), (7,), (7,), (7,), (7,), (7,), (7,), (7,), (7,), (7,), (7,), (7,))",99.6593,4587.8708,0.245875,4687.5301,5462.27480275306,7343.47200458077,544.366483250008,33690.9007804336,1.34303681712691,,0.029208499066433
YOLOv3,BBBBBBBBBBBBBBBBBBBBBBBBBBBBBBBBBBBBBBBBNBBBBBBBBBBBBBBBBBBBBBBBBNBBBBBBBBB,"((7,), (7,), (7,), (7,), (7,), (7,), (7,), (7,), (7,), (7,), (7,), (7,), (7,), (7,), (7,), (7,), (7,), (7,), (7,), (7,), (7,), (7,), (7,), (7,), (7,), (7,), (7,), (7,), (7,), (7,), (7,), (7,), (7,), (7,), (7,), (7,), (7,), (7,), (7,), (7,), (7,), (7,), (7,), (7,), (7,), (7,), (7,), (7,), (7,), (7,), (7,), (7,), (7,), (7,), (7,), (7,), (7,), (7,), (7,), (7,), (7,), (7,), (7,), (7,), (7,), (7,), (7,), (7,), (7,), (7,), (7,), (7,), (7,), (7,), (7,))",100.554,4500.8109,0.227938,4601.3649,5462.30179572264,7395.20158205093,549.256294767095,33284.403888192,1.24506614671343,,0.029555277091442
YOLOv3,BBBBBBBBBBBBBBBBBBBBBBBBBBBBBBBBBBBBBBBBNBBBBBBBBBBBBBBBBBBBBBBBBBBBBBNBBBB,"((7,), (7,), (7,), (7,), (7,), (7,), (7,), (7,), (7,), (7,), (7,), (7,), (7,), (7,), (7,), (7,), (7,), (7,), (7,), (7,), (7,), (7,), (7,), (7,), (7,), (7,), (7,), (7,), (7,), (7,), (7,), (7,), (7,), (7,), (7,), (7,), (7,), (7,), (7,), (7,), (7,), (7,), (7,), (7,), (7,), (7,), (7,), (7,), (7,), (7,), (7,), (7,), (7,), (7,), (7,), (7,), (7,), (7,), (7,), (7,), (7,), (7,), (7,), (7,), (7,), (7,), (7,), (7,), (7,), (7,), (7,), (7,), (7,), (7,), (7,))",100.525,4555.8347,0.12005,4656.3597,5447.12303775658,7390.08936104655,547.57204337048,33668.0255471567,0.653927120682677,,0.02922587822001
YOLOv3,BBBBBBBBBBBBBBBBBBBBBBBBBBBBBBBBBBBBBBBBBBBBBNBBBBNBBBBBBBBBBBBBBBBBBBBBBBB,"((7,), (7,), (7,), (7,), (7,), (7,), (7,), (7,), (7,), (7,), (7,), (7,), (7,), (7,), (7,), (7,), (7,), (7,), (7,), (7,), (7,), (7,), (7,), (7,), (7,), (7,), (7,), (7,), (7,), (7,), (7,), (7,), (7,), (7,), (7,), (7,), (7,), (7,), (7,), (7,), (7,), (7,), (7,), (7,), (7,), (7,), (7,), (7,), (7,), (7,), (7,), (7,), (7,), (7,), (7,), (7,), (7,), (7,), (7,), (7,), (7,), (7,), (7,), (7,), (7,), (7,), (7,), (7,), (7,), (7,), (7,), (7,), (7,), (7,), (7,))",99.9063,4467.3248,0.325296,4567.2311,5449.23179988234,7398.10773734781,544.412586968585,33049.7501681258,1.77261330757452,,0.029765505530188
YOLOv3,BBBBBBBBBBBBBBBBBBBBBBBBBBBBBBBBBBBBBBBBBBBBBNBBBBBBBBBNBBBBBBBBBBBBBBBBBBB,"((7,), (7,), (7,), (7,), (7,), (7,), (7,), (7,), (7,), (7,), (7,), (7,), (7,), (7,), (7,), (7,), (7,), (7,), (7,), (7,), (7,), (7,), (7,), (7,), (7,), (7,), (7,), (7,), (7,), (7,), (7,), (7,), (7,), (7,), (7,), (7,), (7,), (7,), (7,), (7,), (7,), (7,), (7,), (7,), (7,), (7,), (7,), (7,), (7,), (7,), (7,), (7,), (7,), (7,), (7,), (7,), (7,), (7,), (7,), (7,), (7,), (7,), (7,), (7,), (7,), (7,), (7,), (7,), (7,), (7,), (7,), (7,), (7,), (7,), (7,))",99.6973,4434.052,0.321417,4533.7493,5479.70985913035,7397.37050392953,546.312277738676,32800.3254776897,1.7612719037921,,0.029986447000961
YOLOv3,BBBBBBBBBBBBBBBBBBBBBBBBBBBBBBBBBBBBBBBBBBBBBNBBBBBBBBBBBBBBNBBBBBBBBBBBBBB,"((7,), (7,), (7,), (7,), (7,), (7,), (7,), (7,), (7,), (7,), (7,), (7,), (7,), (7,), (7,), (7,), (7,), (7,), (7,), (7,), (7,), (7,), (7,), (7,), (7,), (7,), (7,), (7,), (7,), (7,), (7,), (7,), (7,), (7,), (7,), (7,), (7,), (7,), (7,), (7,), (7,), (7,), (7,), (7,), (7,), (7,), (7,), (7,), (7,), (7,), (7,), (7,), (7,), (7,), (7,), (7,), (7,), (7,), (7,), (7,), (7,), (7,), (7,), (7,), (7,), (7,), (7,), (7,), (7,), (7,), (7,), (7,), (7,), (7,), (7,))",99.458,4496.5675,0.279213,4596.0255,5428.57981344938,7379.77499756995,539.915691086048,33183.6564113856,1.51573005545264,,0.029651516549514
YOLOv3,BBBBBBBBBBBBBBBBBBBBBBBBBBBBBBBBBBBBBBBBBBBBBNBBBBBBBBBBBBBBBBBBBNBBBBBBBBB,"((7,), (7,), (7,), (7,), (7,), (7,), (7,), (7,), (7,), (7,), (7,), (7,), (7,), (7,), (7,), (7,), (7,), (7,), (7,), (7,), (7,), (7,), (7,), (7,), (7,), (7,), (7,), (7,), (7,), (7,), (7,), (7,), (7,), (7,), (7,), (7,), (7,), (7,), (7,), (7,), (7,), (7,), (7,), (7,), (7,), (7,), (7,), (7,), (7,), (7,), (7,), (7,), (7,), (7,), (7,), (7,), (7,), (7,), (7,), (7,), (7,), (7,), (7,), (7,), (7,), (7,), (7,), (7,), (7,), (7,), (7,), (7,), (7,), (7,), (7,))",99.4091,4482.6341,0.218779,4582.0432,5397.3798506437,7389.45814752571,536.548673310625,33124.2370726216,1.18083336634398,,0.029707117605392
YOLOv3,BBBBBBBBBBBBBBBBBBBBBBBBBBBBBBBBBBBBBBBBBBBBBNBBBBBBBBBBBBBBBBBBBBBBBBNBBBB,"((7,), (7,), (7,), (7,), (7,), (7,), (7,), (7,), (7,), (7,), (7,), (7,), (7,), (7,), (7,), (7,), (7,), (7,), (7,), (7,), (7,), (7,), (7,), (7,), (7,), (7,), (7,), (7,), (7,), (7,), (7,), (7,), (7,), (7,), (7,), (7,), (7,), (7,), (7,), (7,), (7,), (7,), (7,), (7,), (7,), (7,), (7,), (7,), (7,), (7,), (7,), (7,), (7,), (7,), (7,), (7,), (7,), (7,), (7,), (7,), (7,), (7,), (7,), (7,), (7,), (7,), (7,), (7,), (7,), (7,), (7,), (7,), (7,), (7,), (7,))",99.8102,4565.6357,0.123083,4665.4459,5453.74066060664,7373.35396558822,544.33894608328,33664.0480940262,0.671262761729446,,0.029232023610427
YOLOv3,BBBBBBBBBBBBBBBBBBBBBBBBBBBBBBBBBBBBBBBBBBBBBBBBBBNBBBBNBBBBBBBBBBBBBBBBBBB,"((7,), (7,), (7,), (7,), (7,), (7,), (7,), (7,), (7,), (7,), (7,), (7,), (7,), (7,), (7,), (7,), (7,), (7,), (7,), (7,), (7,), (7,), (7,), (7,), (7,), (7,), (7,), (7,), (7,), (7,), (7,), (7,), (7,), (7,), (7,), (7,), (7,), (7,), (7,), (7,), (7,), (7,), (7,), (7,), (7,), (7,), (7,), (7,), (7,), (7,), (7,), (7,), (7,), (7,), (7,), (7,), (7,), (7,), (7,), (7,), (7,), (7,), (7,), (7,), (7,), (7,), (7,), (7,), (7,), (7,), (7,), (7,), (7,), (7,), (7,))",99.5474,4512.6065,0.3003,4612.1539,5428.39730390713,7389.11728757395,540.382837770965,33344.1787011686,1.63014771036331,,0.02951054545306
YOLOv3,BBBBBBBBBBBBBBBBBBBBBBBBBBBBBBBBBBBBBBBBBBBBBBBBBBNBBBBBBBBBNBBBBBBBBBBBBBB,"((7,), (7,), (7,), (7,), (7,), (7,), (7,), (7,), (7,), (7,), (7,), (7,), (7,), (7,), (7,), (7,), (7,), (7,), (7,), (7,), (7,), (7,), (7,), (7,), (7,), (7,), (7,), (7,), (7,), (7,), (7,), (7,), (7,), (7,), (7,), (7,), (7,), (7,), (7,), (7,), (7,), (7,), (7,), (7,), (7,), (7,), (7,), (7,), (7,), (7,), (7,), (7,), (7,), (7,), (7,), (7,), (7,), (7,), (7,), (7,), (7,), (7,), (7,), (7,), (7,), (7,), (7,), (7,), (7,), (7,), (7,), (7,), (7,), (7,), (7,))",99.4865,4635.8268,0.225954,4735.3133,5442.88180213672,7325.2636943402,541.493260408274,33958.6537512893,1.22984091472,,0.028984350516559
YOLOv3,BBBBBBBBBBBBBBBBBBBBBBBBBBBBBBBBBBBBBBBBBBBBBBBBBBNBBBBBBBBBBBBBBNBBBBBBBBB,"((7,), (7,), (7,), (7,), (7,), (7,), (7,), (7,), (7,), (7,), (7,), (7,), (7,), (7,), (7,), (7,), (7,), (7,), (7,), (7,), (7,), (7,), (7,), (7,), (7,), (7,), (7,), (7,), (7,), (7,), (7,), (7,), (7,), (7,), (7,), (7,), (7,), (7,), (7,), (7,), (7,), (7,), (7,), (7,), (7,), (7,), (7,), (7,), (7,), (7,), (7,), (7,), (7,), (7,), (7,), (7,), (7,), (7,), (7,), (7,), (7,), (7,), (7,), (7,), (7,), (7,), (7,), (7,), (7,), (7,), (7,), (7,), (7,), (7,), (7,))",99.4325,4492.5506,0.249608,4591.9831,5481.8319272548,7415.46703957777,545.072253106763,33314.3608979354,1.36830910369822,,0.029532673678058
YOLOv3,BBBBBBBBBBBBBBBBBBBBBBBBBBBBBBBBBBBBBBBBBBBBBBBBBBNBBBBBBBBBBBBBBBBBBBNBBBB,"((7,), (7,), (7,), (7,), (7,), (7,), (7,), (7,), (7,), (7,), (7,), (7,), (7,), (7,), (7,), (7,), (7,), (7,), (7,), (7,), (7,), (7,), (7,), (7,), (7,), (7,), (7,), (7,), (7,), (7,), (7,), (7,), (7,), (7,), (7,), (7,), (7,), (7,), (7,), (7,), (7,), (7,), (7,), (7,), (7,), (7,), (7,), (7,), (7,), (7,), (7,), (7,), (7,), (7,), (7,), (7,), (7,), (7,), (7,), (7,), (7,), (7,), (7,), (7,), (7,), (7,), (7,), (7,), (7,), (7,), (7,), (7,), (7,), (7,), (7,))",99.5727,4602.9054,0.120546,4702.4781,5504.40712136781,7353.40560965522,548.088678973821,33847.0303890723,0.663534260852404,,0.029073331796583
YOLOv3,BBBBBBBBBBBBBBBBBBBBBBBBBBBBBBBBBBBBBBBBBBBBBBBBBBBBBBBNBBBBNBBBBBBBBBBBBBB,"((7,), (7,), (7,), (7,), (7,), (7,), (7,), (7,), (7,), (7,), (7,), (7,), (7,), (7,), (7,), (7,), (7,), (7,), (7,), (7,), (7,), (7,), (7,), (7,), (7,), (7,), (7,), (7,), (7,), (7,), (7,), (7,), (7,), (7,), (7,), (7,), (7,), (7,), (7,), (7,), (7,), (7,), (7,), (7,), (7,), (7,), (7,), (7,), (7,), (7,), (7,), (7,), (7,), (7,), (7,), (7,), (7,), (7,), (7,), (7,), (7,), (7,), (7,), (7,), (7,), (7,), (7,), (7,), (7,), (7,), (7,), (7,), (7,), (7,), (7,))",99.5415,4485.1293,0.271192,4584.6708,5425.2526512598,7393.28568568739,540.037786785377,33159.8422521471,1.47128511700045,,0.029672400681643
YOLOv3,BBBBBBBBBBBBBBBBBBBBBBBBBBBBBBBBBBBBBBBBBBBBBBBBBBBBBBBNBBBBBBBBBNBBBBBBBBB,"((7,), (7,), (7,), (7,), (7,), (7,), (7,), (7,), (7,), (7,), (7,), (7,), (7,), (7,), (7,), (7,), (7,), (7,), (7,), (7,), (7,), (7,), (7,), (7,), (7,), (7,), (7,), (7,), (7,), (7,), (7,), (7,), (7,), (7,), (7,), (7,), (7,), (7,), (7,), (7,), (7,), (7,), (7,), (7,), (7,), (7,), (7,), (7,), (7,), (7,), (7,), (7,), (7,), (7,), (7,), (7,), (7,), (7,), (7,), (7,), (7,), (7,), (7,), (7,), (7,), (7,), (7,), (7,), (7,), (7,), (7,), (7,), (7,), (7,), (7,))",99.7841,4503.1363,0.236017,4602.9204,5431.28134424308,7361.39690091158,541.955520782086,33149.3736032024,1.28187472902422,,0.029680098109291
YOLOv3,BBBBBBBBBBBBBBBBBBBBBBBBBBBBBBBBBBBBBBBBBBBBBBBBBBBBBBBNBBBBBBBBBBBBBBNBBBB,"((7,), (7,), (7,), (7,), (7,), (7,), (7,), (7,), (7,), (7,), (7,), (7,), (7,), (7,), (7,), (7,), (7,), (7,), (7,), (7,), (7,), (7,), (7,), (7,), (7,), (7,), (7,), (7,), (7,), (7,), (7,), (7,), (7,), (7,), (7,), (7,), (7,), (7,), (7,), (7,), (7,), (7,), (7,), (7,), (7,), (7,), (7,), (7,), (7,), (7,), (7,), (7,), (7,), (7,), (7,), (7,), (7,), (7,), (7,), (7,), (7,), (7,), (7,), (7,), (7,), (7,), (7,), (7,), (7,), (7,), (7,), (7,), (7,), (7,), (7,))",99.6213,4588.1695,0.1204,4687.7908,5462.29516959118,7335.2345295753,544.160945778394,33655.2993439443,0.657660338418778,,0.029239665239173
YOLOv3,BBBBBBBBBBBBBBBBBBBBBBBBBBBBBBBBBBBBBBBBBBBBBBBBBBBBBBBBBBBBNBBBBNBBBBBBBBB,"((7,), (7,), (7,), (7,), (7,), (7,), (7,), (7,), (7,), (7,), (7,), (7,), (7,), (7,), (7,), (7,), (7,), (7,), (7,), (7,), (7,), (7,), (7,), (7,), (7,), (7,), (7,), (7,), (7,), (7,), (7,), (7,), (7,), (7,), (7,), (7,), (7,), (7,), (7,), (7,), (7,), (7,), (7,), (7,), (7,), (7,), (7,), (7,), (7,), (7,), (7,), (7,), (7,), (7,), (7,), (7,), (7,), (7,), (7,), (7,), (7,), (7,), (7,), (7,), (7,), (7,), (7,), (7,), (7,), (7,), (7,), (7,), (7,), (7,), (7,))",99.5724,4422.1903,0.20335,4521.7627,5433.5967338576,7450.99220782826,541.036267422363,32949.7054668337,1.10492189582994,,0.029858013213384
YOLOv3,BBBBBBBBBBBBBBBBBBBBBBBBBBBBBBBBBBBBBBBBBBBBBBBBBBBBBBBBBBBBNBBBBBBBBBNBBBB,"((7,), (7,), (7,), (7,), (7,), (7,), (7,), (7,), (7,), (7,), (7,), (7,), (7,), (7,), (7,), (7,), (7,), (7,), (7,), (7,), (7,), (7,), (7,), (7,), (7,), (7,), (7,), (7,), (7,), (7,), (7,), (7,), (7,), (7,), (7,), (7,), (7,), (7,), (7,), (7,), (7,), (7,), (7,), (7,), (7,), (7,), (7,), (7,), (7,), (7,), (7,), (7,), (7,), (7,), (7,), (7,), (7,), (7,), (7,), (7,), (7,), (7,), (7,), (7,), (7,), (7,), (7,), (7,), (7,), (7,), (7,), (7,), (7,), (7,), (7,))",99.69,4628.0838,0.119904,4727.7738,5485.59691894475,7328.67866047747,546.859156849602,33917.7389839615,0.657745012969151,,0.029014727275282
YOLOv3,BBBBBBBBBBBBBBBBBBBBBBBBBBBBBBBBBBBBBBBBBBBBBBBBBBBBBBBBBBBBBBBBBNBBBBNBBBB,"((7,), (7,), (7,), (7,), (7,), (7,), (7,), (7,), (7,), (7,), (7,), (7,), (7,), (7,), (7,), (7,), (7,), (7,), (7,), (7,), (7,), (7,), (7,), (7,), (7,), (7,), (7,), (7,), (7,), (7,), (7,), (7,), (7,), (7,), (7,), (7,), (7,), (7,), (7,), (7,), (7,), (7,), (7,), (7,), (7,), (7,), (7,), (7,), (7,), (7,), (7,), (7,), (7,), (7,), (7,), (7,), (7,), (7,), (7,), (7,), (7,), (7,), (7,), (7,), (7,), (7,), (7,), (7,), (7,), (7,), (7,), (7,), (7,), (7,), (7,))",99.4828,4563.5504,0.120138,4663.0332,5474.12652643087,7341.83217320887,544.581434403617,33504.8211507802,0.657650612632352,,0.029368523670003
YOLOv3,LLLLLLLLLLLLLLLLLLLLLLLLLLLLLLLLLLLLLLLLLLLLLLLLLLLLLLLLLLLLLLLLLLLLLLLLLLL,"((0,), (0,), (0,), (0,), (0,), (0,), (0,), (0,), (0,), (0,), (0,), (0,), (0,), (0,), (0,), (0,), (0,), (0,), (0,), (0,), (0,), (0,), (0,), (0,), (0,), (0,), (0,), (0,), (0,), (0,), (0,), (0,), (0,), (0,), (0,), (0,), (0,), (0,), (0,), (0,), (0,), (0,), (0,), (0,), (0,), (0,), (0,), (0,), (0,), (0,), (0,), (0,), (0,), (0,), (0,), (0,), (0,), (0,), (0,), (0,), (0,), (0,), (0,), (0,), (0,), (0,), (0,), (0,), (0,), (0,), (0,), (0,), (0,), (0,), (0,))",872.109,26235.191,1.23702,27107.3,3067.38512011415,3109.88155214611,2675.09416971763,81588.3365079297,3.7944167412836,,0.011867009965973
YOLOv3,LLLLLLLLLLLLLLLLLLLLLLLLLLLLLLLLLLLLLLLLLLLLLLLLLLLLLLLLLLLLLLLLLLLLLLLLLLL,"((1,), (1,), (1,), (1,), (1,), (1,), (1,), (1,), (1,), (1,), (1,), (1,), (1,), (1,), (1,), (1,), (1,), (1,), (1,), (1,), (1,), (1,), (1,), (1,), (1,), (1,), (1,), (1,), (1,), (1,), (1,), (1,), (1,), (1,), (1,), (1,), (1,), (1,), (1,), (1,), (1,), (1,), (1,), (1,), (1,), (1,), (1,), (1,), (1,), (1,), (1,), (1,), (1,), (1,), (1,), (1,), (1,), (1,), (1,), (1,), (1,), (1,), (1,), (1,), (1,), (1,), (1,), (1,), (1,), (1,), (1,), (1,), (1,), (1,), (1,))",591.159,18700.641,0.8414,19291.8,3063.20562431535,3240.40096256063,1810.84157366464,60597.5750969008,2.57738121229894,,0.016022818017774
YOLOv3,LLLLLLLLLLLLLLLLLLLLLLLLLLLLLLLLLLLLLLLLLLLLLLLLLLLLLLLLLLLLLLLLLLLLLLLLLLL,"((2,), (2,), (2,), (2,), (2,), (2,), (2,), (2,), (2,), (2,), (2,), (2,), (2,), (2,), (2,), (2,), (2,), (2,), (2,), (2,), (2,), (2,), (2,), (2,), (2,), (2,), (2,), (2,), (2,), (2,), (2,), (2,), (2,), (2,), (2,), (2,), (2,), (2,), (2,), (2,), (2,), (2,), (2,), (2,), (2,), (2,), (2,), (2,), (2,), (2,), (2,), (2,), (2,), (2,), (2,), (2,), (2,), (2,), (2,), (2,), (2,), (2,), (2,), (2,), (2,), (2,), (2,), (2,), (2,), (2,), (2,), (2,), (2,), (2,), (2,))",434.673,15400.427,0.650358,15835.1,3125.67669239819,3358.19374434027,1358.6472649148,51717.6176115691,2.0328088423147,,0.01884009178155
YOLOv3,LLLLLLLLLLLLLLLLLLLLLLLLLLLLLLLLLLLLLLLLLLLLLLLLLLLLLLLLLLLLLLLLLLLLLLLLLLL,"((3,), (3,), (3,), (3,), (3,), (3,), (3,), (3,), (3,), (3,), (3,), (3,), (3,), (3,), (3,), (3,), (3,), (3,), (3,), (3,), (3,), (3,), (3,), (3,), (3,), (3,), (3,), (3,), (3,), (3,), (3,), (3,), (3,), (3,), (3,), (3,), (3,), (3,), (3,), (3,), (3,), (3,), (3,), (3,), (3,), (3,), (3,), (3,), (3,), (3,), (3,), (3,), (3,), (3,), (3,), (3,), (3,), (3,), (3,), (3,), (3,), (3,), (3,), (3,), (3,), (3,), (3,), (3,), (3,), (3,), (3,), (3,), (3,), (3,), (3,))",351.875,14945.925,0.551046,15297.8,3193.87920773643,3416.4983926453,1123.84624622226,51062.7287390973,1.75997436190633,,0.019161370079589
YOLOv3,LLLLLLLLLLLLLLLLLLLLLLLLLLLLLLLLLLLLLLLLLLLLLLLLLLLLLLLLLLLLLLLLLLLLLLLLLLL,"((4,), (4,), (4,), (4,), (4,), (4,), (4,), (4,), (4,), (4,), (4,), (4,), (4,), (4,), (4,), (4,), (4,), (4,), (4,), (4,), (4,), (4,), (4,), (4,), (4,), (4,), (4,), (4,), (4,), (4,), (4,), (4,), (4,), (4,), (4,), (4,), (4,), (4,), (4,), (4,), (4,), (4,), (4,), (4,), (4,), (4,), (4,), (4,), (4,), (4,), (4,), (4,), (4,), (4,), (4,), (4,), (4,), (4,), (4,), (4,), (4,), (4,), (4,), (4,), (4,), (4,), (4,), (4,), (4,), (4,), (4,), (4,), (4,), (4,), (4,))",295.721,14751.479,0.491546,15047.2,3297.09100485377,3457.94240375683,975.019049046361,51009.7647522285,1.62067189507185,,0.019235798477198
YOLOv3,LLLLLLLLLLLLLLLLLLLLLLLLLLLLLLLLLLLLLLLLLLLLLLLLLLLLLLLLLLLLLLLLLLLLLLLLLLL,"((5,), (5,), (5,), (5,), (5,), (5,), (5,), (5,), (5,), (5,), (5,), (5,), (5,), (5,), (5,), (5,), (5,), (5,), (5,), (5,), (5,), (5,), (5,), (5,), (5,), (5,), (5,), (5,), (5,), (5,), (5,), (5,), (5,), (5,), (5,), (5,), (5,), (5,), (5,), (5,), (5,), (5,), (5,), (5,), (5,), (5,), (5,), (5,), (5,), (5,), (5,), (5,), (5,), (5,), (5,), (5,), (5,), (5,), (5,), (5,), (5,), (5,), (5,), (5,), (5,), (5,), (5,), (5,), (5,), (5,), (5,), (5,), (5,), (5,), (5,))",250.675,14592.525,0.421546,14843.2,3408.87627254152,3544.13215263945,854.520059619347,51717.837040695,1.43699815718479,,0.019020883258435
YOLOv3,BBBBBBBBBBBBBBBBBBBBBBBBBBBBBBBBBBBBBBBBBBBBBBBBBBBBBBBBBBBBBBBBBBBBBBBBBBB,"((0,), (0,), (0,), (0,), (0,), (0,), (0,), (0,), (0,), (0,), (0,), (0,), (0,), (0,), (0,), (0,), (0,), (0,), (0,), (0,), (0,), (0,), (0,), (0,), (0,), (0,), (0,), (0,), (0,), (0,), (0,), (0,), (0,), (0,), (0,), (0,), (0,), (0,), (0,), (0,), (0,), (0,), (0,), (0,), (0,), (0,), (0,), (0,), (0,), (0,), (0,), (0,), (0,), (0,), (0,), (0,), (0,), (0,), (0,), (0,), (0,), (0,), (0,), (0,), (0,), (0,), (0,), (0,), (0,), (0,), (0,), (0,), (0,), (0,), (0,))",440.164,15933.136,1.32644,16373.3,3377.06642535839,3437.5107763749,1486.46306605145,54770.3267014468,4.47947598925238,,0.017774216853733
YOLOv3,BBBBBBBBBBBBBBBBBBBBBBBBBBBBBBBBBBBBBBBBBBBBBBBBBBBBBBBBBBBBBBBBBBBBBBBBBBB,"((1,), (1,), (1,), (1,), (1,), (1,), (1,), (1,), (1,), (1,), (1,), (1,), (1,), (1,), (1,), (1,), (1,), (1,), (1,), (1,), (1,), (1,), (1,), (1,), (1,), (1,), (1,), (1,), (1,), (1,), (1,), (1,), (1,), (1,), (1,), (1,), (1,), (1,), (1,), (1,), (1,), (1,), (1,), (1,), (1,), (1,), (1,), (1,), (1,), (1,), (1,), (1,), (1,), (1,), (1,), (1,), (1,), (1,), (1,), (1,), (1,), (1,), (1,), (1,), (1,), (1,), (1,), (1,), (1,), (1,), (1,), (1,), (1,), (1,), (1,))",298.778,11077.622,0.793596,11376.4,3348.72752183701,3703.51308979584,1000.52611151942,41026.1180808103,2.65753676641977,,0.023792924432711
YOLOv3,BBBBBBBBBBBBBBBBBBBBBBBBBBBBBBBBBBBBBBBBBBBBBBBBBBBBBBBBBBBBBBBBBBBBBBBBBBB,"((2,), (2,), (2,), (2,), (2,), (2,), (2,), (2,), (2,), (2,), (2,), (2,), (2,), (2,), (2,), (2,), (2,), (2,), (2,), (2,), (2,), (2,), (2,), (2,), (2,), (2,), (2,), (2,), (2,), (2,), (2,), (2,), (2,), (2,), (2,), (2,), (2,), (2,), (2,), (2,), (2,), (2,), (2,), (2,), (2,), (2,), (2,), (2,), (2,), (2,), (2,), (2,), (2,), (2,), (2,), (2,), (2,), (2,), (2,), (2,), (2,), (2,), (2,), (2,), (2,), (2,), (2,), (2,), (2,), (2,), (2,), (2,), (2,), (2,), (2,))",218.879,8448.971,0.609146,8667.85,3511.48548353356,4038.31599963865,768.590431150342,34119.614769783,2.13900733635253,,0.028661224837185
YOLOv3,BBBBBBBBBBBBBBBBBBBBBBBBBBBBBBBBBBBBBBBBBBBBBBBBBBBBBBBBBBBBBBBBBBBBBBBBBBB,"((3,), (3,), (3,), (3,), (3,), (3,), (3,), (3,), (3,), (3,), (3,), (3,), (3,), (3,), (3,), (3,), (3,), (3,), (3,), (3,), (3,), (3,), (3,), (3,), (3,), (3,), (3,), (3,), (3,), (3,), (3,), (3,), (3,), (3,), (3,), (3,), (3,), (3,), (3,), (3,), (3,), (3,), (3,), (3,), (3,), (3,), (3,), (3,), (3,), (3,), (3,), (3,), (3,), (3,), (3,), (3,), (3,), (3,), (3,), (3,), (3,), (3,), (3,), (3,), (3,), (3,), (3,), (3,), (3,), (3,), (3,), (3,), (3,), (3,), (3,))",177.152,7065.848,0.513567,7243,3683.02991659093,4342.74952964388,652.456115783916,30685.2080785352,1.89148262517385,,0.03190855704236
YOLOv3,BBBBBBBBBBBBBBBBBBBBBBBBBBBBBBBBBBBBBBBBBBBBBBBBBBBBBBBBBBBBBBBBBBBBBBBBBBB,"((4,), (4,), (4,), (4,), (4,), (4,), (4,), (4,), (4,), (4,), (4,), (4,), (4,), (4,), (4,), (4,), (4,), (4,), (4,), (4,), (4,), (4,), (4,), (4,), (4,), (4,), (4,), (4,), (4,), (4,), (4,), (4,), (4,), (4,), (4,), (4,), (4,), (4,), (4,), (4,), (4,), (4,), (4,), (4,), (4,), (4,), (4,), (4,), (4,), (4,), (4,), (4,), (4,), (4,), (4,), (4,), (4,), (4,), (4,), (4,), (4,), (4,), (4,), (4,), (4,), (4,), (4,), (4,), (4,), (4,), (4,), (4,), (4,), (4,), (4,))",148.818,6133.212,0.414838,6282.03,3929.96021220159,4796.72636888298,584.848818859417,29419.3397263495,1.63029683450928,,0.033326869207076
YOLOv3,BBBBBBBBBBBBBBBBBBBBBBBBBBBBBBBBBBBBBBBBBBBBBBBBBBBBBBBBBBBBBBBBBBBBBBBBBBB,"((5,), (5,), (5,), (5,), (5,), (5,), (5,), (5,), (5,), (5,), (5,), (5,), (5,), (5,), (5,), (5,), (5,), (5,), (5,), (5,), (5,), (5,), (5,), (5,), (5,), (5,), (5,), (5,), (5,), (5,), (5,), (5,), (5,), (5,), (5,), (5,), (5,), (5,), (5,), (5,), (5,), (5,), (5,), (5,), (5,), (5,), (5,), (5,), (5,), (5,), (5,), (5,), (5,), (5,), (5,), (5,), (5,), (5,), (5,), (5,), (5,), (5,), (5,), (5,), (5,), (5,), (5,), (5,), (5,), (5,), (5,), (5,), (5,), (5,), (5,))",126.134,5423.786,0.363388,5549.92,4273.88350891793,5379.00734453749,539.082022513854,29174.5847291996,1.55307798053867,,0.033652788225403
YOLOv3,BBBBBBBBBBBBBBBBBBBBBBBBBBBBBBBBBBBBBBBBBBBBBBBBBBBBBBBBBBBBBBBBBBBBBBBBBBB,"((6,), (6,), (6,), (6,), (6,), (6,), (6,), (6,), (6,), (6,), (6,), (6,), (6,), (6,), (6,), (6,), (6,), (6,), (6,), (6,), (6,), (6,), (6,), (6,), (6,), (6,), (6,), (6,), (6,), (6,), (6,), (6,), (6,), (6,), (6,), (6,), (6,), (6,), (6,), (6,), (6,), (6,), (6,), (6,), (6,), (6,), (6,), (6,), (6,), (6,), (6,), (6,), (6,), (6,), (6,), (6,), (6,), (6,), (6,), (6,), (6,), (6,), (6,), (6,), (6,), (6,), (6,), (6,), (6,), (6,), (6,), (6,), (6,), (6,), (6,))",111.178,4978.022,0.375083,5089.2,4657.48556750227,6050.5750983068,517.809930423768,30119.8959520234,1.74694365911546,,0.032637658566407
YOLOv3,BBBBBBBBBBBBBBBBBBBBBBBBBBBBBBBBBBBBBBBBBBBBBBBBBBBBBBBBBBBBBBBBBBBBBBBBBBB,"((7,), (7,), (7,), (7,), (7,), (7,), (7,), (7,), (7,), (7,), (7,), (7,), (7,), (7,), (7,), (7,), (7,), (7,), (7,), (7,), (7,), (7,), (7,), (7,), (7,), (7,), (7,), (7,), (7,), (7,), (7,), (7,), (7,), (7,), (7,), (7,), (7,), (7,), (7,), (7,), (7,), (7,), (7,), (7,), (7,), (7,), (7,), (7,), (7,), (7,), (7,), (7,), (7,), (7,), (7,), (7,), (7,), (7,), (7,), (7,), (7,), (7,), (7,), (7,), (7,), (7,), (7,), (7,), (7,), (7,), (7,), (7,), (7,), (7,), (7,))",99.4028,4596.5572,0.332354,4695.96,5257.66029264027,7123.51247771181,522.626154537262,32743.6325687161,1.74740442890016,,0.030058909937735
YOLOv3,GGGGGGGGGGGGGGGGGGGGGGGGGGGGGGGGGGGGGGGGGGGGGGGGGGGGGGGGGGGGGGGGGGGGGGGGGGG,"((0, 7), (0, 7), (0, 7), (0, 7), (0, 7), (0, 7), (0, 7), (0, 7), (0, 7), (0, 7), (0, 7), (0, 7), (0, 7), (0, 7), (0, 7), (0, 7), (0, 7), (0, 7), (0, 7), (0, 7), (0, 7), (0, 7), (0, 7), (0, 7), (0, 7), (0, 7), (0, 7), (0, 7), (0, 7), (0, 7), (0, 7), (0, 7), (0, 7), (0, 7), (0, 7), (0, 7), (0, 7), (0, 7), (0, 7), (0, 7), (0, 7), (0, 7), (0, 7), (0, 7), (0, 7), (0, 7), (0, 7), (0, 7), (0, 7), (0, 7), (0, 7), (0, 7), (0, 7), (0, 7), (0, 7), (0, 7), (0, 7), (0, 7), (0, 7), (0, 7), (0, 7), (0, 7), (0, 7), (0, 7), (0, 7), (0, 7), (0, 7), (0, 7), (0, 7), (0, 7), (0, 7), (0, 7), (0, 7), (0, 7), (0, 7))",87.0386,19834.0614,3.12979,19921.1,5137.65918150544,3746.08700562143,447.174662435379,74300.1196792376,16.0797943296839,,0.013375533294965
YOLOv3,GGGGGGGGGGGGGGGGGGGGGGGGGGGGGGGGGGGGGGGGGGGGGGGGGGGGGGGGGGGGGGGGGGGGGGGGGGG,"((1, 7), (1, 7), (1, 7), (1, 7), (1, 7), (1, 7), (1, 7), (1, 7), (1, 7), (1, 7), (1, 7), (1, 7), (1, 7), (1, 7), (1, 7), (1, 7), (1, 7), (1, 7), (1, 7), (1, 7), (1, 7), (1, 7), (1, 7), (1, 7), (1, 7), (1, 7), (1, 7), (1, 7), (1, 7), (1, 7), (1, 7), (1, 7), (1, 7), (1, 7), (1, 7), (1, 7), (1, 7), (1, 7), (1, 7), (1, 7), (1, 7), (1, 7), (1, 7), (1, 7), (1, 7), (1, 7), (1, 7), (1, 7), (1, 7), (1, 7), (1, 7), (1, 7), (1, 7), (1, 7), (1, 7), (1, 7), (1, 7), (1, 7), (1, 7), (1, 7), (1, 7), (1, 7), (1, 7), (1, 7), (1, 7), (1, 7), (1, 7), (1, 7), (1, 7), (1, 7), (1, 7), (1, 7), (1, 7), (1, 7), (1, 7))",86.8618,13390.1382,3.03161,13477,5092.80824008499,4021.90439709568,442.370490788615,53853.8557042988,15.4394083887241,,0.018412250644289
YOLOv3,GGGGGGGGGGGGGGGGGGGGGGGGGGGGGGGGGGGGGGGGGGGGGGGGGGGGGGGGGGGGGGGGGGGGGGGGGGG,"((2, 7), (2, 7), (2, 7), (2, 7), (2, 7), (2, 7), (2, 7), (2, 7), (2, 7), (2, 7), (2, 7), (2, 7), (2, 7), (2, 7), (2, 7), (2, 7), (2, 7), (2, 7), (2, 7), (2, 7), (2, 7), (2, 7), (2, 7), (2, 7), (2, 7), (2, 7), (2, 7), (2, 7), (2, 7), (2, 7), (2, 7), (2, 7), (2, 7), (2, 7), (2, 7), (2, 7), (2, 7), (2, 7), (2, 7), (2, 7), (2, 7), (2, 7), (2, 7), (2, 7), (2, 7), (2, 7), (2, 7), (2, 7), (2, 7), (2, 7), (2, 7), (2, 7), (2, 7), (2, 7), (2, 7), (2, 7), (2, 7), (2, 7), (2, 7), (2, 7), (2, 7), (2, 7), (2, 7), (2, 7), (2, 7), (2, 7), (2, 7), (2, 7), (2, 7), (2, 7), (2, 7), (2, 7), (2, 7), (2, 7), (2, 7))",86.9668,10211.3332,3.00253,10298.3,5149.21311100437,4304.75235593207,447.810586782095,43957.2606499073,15.460666842184,,0.022512112240612
YOLOv3,GGGGGGGGGGGGGGGGGGGGGGGGGGGGGGGGGGGGGGGGGGGGGGGGGGGGGGGGGGGGGGGGGGGGGGGGGGG,"((3, 7), (3, 7), (3, 7), (3, 7), (3, 7), (3, 7), (3, 7), (3, 7), (3, 7), (3, 7), (3, 7), (3, 7), (3, 7), (3, 7), (3, 7), (3, 7), (3, 7), (3, 7), (3, 7), (3, 7), (3, 7), (3, 7), (3, 7), (3, 7), (3, 7), (3, 7), (3, 7), (3, 7), (3, 7), (3, 7), (3, 7), (3, 7), (3, 7), (3, 7), (3, 7), (3, 7), (3, 7), (3, 7), (3, 7), (3, 7), (3, 7), (3, 7), (3, 7), (3, 7), (3, 7), (3, 7), (3, 7), (3, 7), (3, 7), (3, 7), (3, 7), (3, 7), (3, 7), (3, 7), (3, 7), (3, 7), (3, 7), (3, 7), (3, 7), (3, 7), (3, 7), (3, 7), (3, 7), (3, 7), (3, 7), (3, 7), (3, 7), (3, 7), (3, 7), (3, 7), (3, 7), (3, 7), (3, 7), (3, 7), (3, 7))",87.048,7127.682,3.03888,7214.73,5286.3305885313,5033.45498977322,460.164505070473,35876.8665284168,16.064524298876,,0.027507973795806
YOLOv3,GGGGGGGGGGGGGGGGGGGGGGGGGGGGGGGGGGGGGGGGGGGGGGGGGGGGGGGGGGGGGGGGGGGGGGGGGGG,"((4, 7), (4, 7), (4, 7), (4, 7), (4, 7), (4, 7), (4, 7), (4, 7), (4, 7), (4, 7), (4, 7), (4, 7), (4, 7), (4, 7), (4, 7), (4, 7), (4, 7), (4, 7), (4, 7), (4, 7), (4, 7), (4, 7), (4, 7), (4, 7), (4, 7), (4, 7), (4, 7), (4, 7), (4, 7), (4, 7), (4, 7), (4, 7), (4, 7), (4, 7), (4, 7), (4, 7), (4, 7), (4, 7), (4, 7), (4, 7), (4, 7), (4, 7), (4, 7), (4, 7), (4, 7), (4, 7), (4, 7), (4, 7), (4, 7), (4, 7), (4, 7), (4, 7), (4, 7), (4, 7), (4, 7), (4, 7), (4, 7), (4, 7), (4, 7), (4, 7), (4, 7), (4, 7), (4, 7), (4, 7), (4, 7), (4, 7), (4, 7), (4, 7), (4, 7), (4, 7), (4, 7), (4, 7), (4, 7), (4, 7), (4, 7))",86.9578,5771.9222,3.04445,5858.88,5453.02246084122,6131.02277621515,474.182836545339,35387.7864707419,16.6014542309081,,0.027871790285263
YOLOv3,NBBBBBBBBBBBBBBBBBBBBBBBBBBBBBBBBBBBBBBBBBBBBBBBBBBBBBBBBBBBBBBBBBBBBBBBBBB,"((7,), (7,), (7,), (7,), (7,), (7,), (7,), (7,), (7,), (7,), (7,), (7,), (7,), (7,), (7,), (7,), (7,), (7,), (7,), (7,), (7,), (7,), (7,), (7,), (7,), (7,), (7,), (7,), (7,), (7,), (7,), (7,), (7,), (7,), (7,), (7,), (7,), (7,), (7,), (7,), (7,), (7,), (7,), (7,), (7,), (7,), (7,), (7,), (7,), (7,), (7,), (7,), (7,), (7,), (7,), (7,), (7,), (7,), (7,), (7,), (7,), (7,), (7,), (7,), (7,), (7,), (7,), (7,), (7,), (7,), (7,), (7,), (7,), (7,), (7,))",100.866,5044.423,0.52395,5145.289,5104.46818069414,6748.89846471424,514.867287513895,34044.2986400692,2.67448610327469,34559.9452218626,0.028933644390187
YOLOv3,BNBBBBBBBBBBBBBBBBBBBBBBBBBBBBBBBBBBBBBBBBBBBBBBBBBBBBBBBBBBBBBBBBBBBBBBBBB,"((7,), (7,), (7,), (7,), (7,), (7,), (7,), (7,), (7,), (7,), (7,), (7,), (7,), (7,), (7,), (7,), (7,), (7,), (7,), (7,), (7,), (7,), (7,), (7,), (7,), (7,), (7,), (7,), (7,), (7,), (7,), (7,), (7,), (7,), (7,), (7,), (7,), (7,), (7,), (7,), (7,), (7,), (7,), (7,), (7,), (7,), (7,), (7,), (7,), (7,), (7,), (7,), (7,), (7,), (7,), (7,), (7,), (7,), (7,), (7,), (7,), (7,), (7,), (7,), (7,), (7,), (7,), (7,), (7,), (7,), (7,), (7,), (7,), (7,), (7,))",99.4488,5143.3442,0.535675,5242.793,5286.04404767359,6757.53713226477,525.690737288281,34756.3394155186,2.83160164523755,,0.028340765707374
YOLOv3,BBNBBBBBBBBBBBBBBBBBBBBBBBBBBBBBBBBBBBBBBBBBBBBBBBBBBBBBBBBBBBBBBBBBBBBBBBB,"((7,), (7,), (7,), (7,), (7,), (7,), (7,), (7,), (7,), (7,), (7,), (7,), (7,), (7,), (7,), (7,), (7,), (7,), (7,), (7,), (7,), (7,), (7,), (7,), (7,), (7,), (7,), (7,), (7,), (7,), (7,), (7,), (7,), (7,), (7,), (7,), (7,), (7,), (7,), (7,), (7,), (7,), (7,), (7,), (7,), (7,), (7,), (7,), (7,), (7,), (7,), (7,), (7,), (7,), (7,), (7,), (7,), (7,), (7,), (7,), (7,), (7,), (7,), (7,), (7,), (7,), (7,), (7,), (7,), (7,), (7,), (7,), (7,), (7,), (7,))",99.5403,4886.6627,0.499742,4986.203,5374.50842010878,7041.9620352663,534.980180490154,34411.6932125519,2.685867586882,,0.028612827850224
YOLOv3,BBBNBBBBBBBBBBBBBBBBBBBBBBBBBBBBBBBBBBBBBBBBBBBBBBBBBBBBBBBBBBBBBBBBBBBBBBB,"((7,), (7,), (7,), (7,), (7,), (7,), (7,), (7,), (7,), (7,), (7,), (7,), (7,), (7,), (7,), (7,), (7,), (7,), (7,), (7,), (7,), (7,), (7,), (7,), (7,), (7,), (7,), (7,), (7,), (7,), (7,), (7,), (7,), (7,), (7,), (7,), (7,), (7,), (7,), (7,), (7,), (7,), (7,), (7,), (7,), (7,), (7,), (7,), (7,), (7,), (7,), (7,), (7,), (7,), (7,), (7,), (7,), (7,), (7,), (7,), (7,), (7,), (7,), (7,), (7,), (7,), (7,), (7,), (7,), (7,), (7,), (7,), (7,), (7,), (7,))",99.8154,5012.3906,0.439192,5112.206,5388.58388383835,6989.00123505003,537.863655798879,35031.6040939532,2.36662293311073,,0.028112129094132
YOLOv3,BBBBNBBBBBBBBBBBBBBBBBBBBBBBBBBBBBBBBBBBBBBBBBBBBBBBBBBBBBBBBBBBBBBBBBBBBBB,"((7,), (7,), (7,), (7,), (7,), (7,), (7,), (7,), (7,), (7,), (7,), (7,), (7,), (7,), (7,), (7,), (7,), (7,), (7,), (7,), (7,), (7,), (7,), (7,), (7,), (7,), (7,), (7,), (7,), (7,), (7,), (7,), (7,), (7,), (7,), (7,), (7,), (7,), (7,), (7,), (7,), (7,), (7,), (7,), (7,), (7,), (7,), (7,), (7,), (7,), (7,), (7,), (7,), (7,), (7,), (7,), (7,), (7,), (7,), (7,), (7,), (7,), (7,), (7,), (7,), (7,), (7,), (7,), (7,), (7,), (7,), (7,), (7,), (7,), (7,))",100.487,4722.178,0.575167,4822.665,5461.26517357443,7138.93120311267,548.786153496974,33711.3038708522,3.14113950608928,,0.029185805483953
YOLOv3,BBBBBNBBBBBBBBBBBBBBBBBBBBBBBBBBBBBBBBBBBBBBBBBBBBBBBBBBBBBBBBBBBBBBBBBBBBB,"((7,), (7,), (7,), (7,), (7,), (7,), (7,), (7,), (7,), (7,), (7,), (7,), (7,), (7,), (7,), (7,), (7,), (7,), (7,), (7,), (7,), (7,), (7,), (7,), (7,), (7,), (7,), (7,), (7,), (7,), (7,), (7,), (7,), (7,), (7,), (7,), (7,), (7,), (7,), (7,), (7,), (7,), (7,), (7,), (7,), (7,), (7,), (7,), (7,), (7,), (7,), (7,), (7,), (7,), (7,), (7,), (7,), (7,), (7,), (7,), (7,), (7,), (7,), (7,), (7,), (7,), (7,), (7,), (7,), (7,), (7,), (7,), (7,), (7,), (7,))",99.8152,4676.3958,0.497437,4776.211,5452.60590981071,7302.47538671325,544.252949408938,34149.2652280292,2.71232792595851,,0.028821574719634
YOLOv3,BBBBBBNBBBBBBBBBBBBBBBBBBBBBBBBBBBBBBBBBBBBBBBBBBBBBBBBBBBBBBBBBBBBBBBBBBBB,"((7,), (7,), (7,), (7,), (7,), (7,), (7,), (7,), (7,), (7,), (7,), (7,), (7,), (7,), (7,), (7,), (7,), (7,), (7,), (7,), (7,), (7,), (7,), (7,), (7,), (7,), (7,), (7,), (7,), (7,), (7,), (7,), (7,), (7,), (7,), (7,), (7,), (7,), (7,), (7,), (7,), (7,), (7,), (7,), (7,), (7,), (7,), (7,), (7,), (7,), (7,), (7,), (7,), (7,), (7,), (7,), (7,), (7,), (7,), (7,), (7,), (7,), (7,), (7,), (7,), (7,), (7,), (7,), (7,), (7,), (7,), (7,), (7,), (7,), (7,))",100.183,4714.905,0.407254,4815.088,5474.4506616062,7273.58485259583,548.446890631695,34294.2615894283,2.22949192974177,,0.028698573112796
YOLOv3,BBBBBBBNBBBBBBBBBBBBBBBBBBBBBBBBBBBBBBBBBBBBBBBBBBBBBBBBBBBBBBBBBBBBBBBBBBB,"((7,), (7,), (7,), (7,), (7,), (7,), (7,), (7,), (7,), (7,), (7,), (7,), (7,), (7,), (7,), (7,), (7,), (7,), (7,), (7,), (7,), (7,), (7,), (7,), (7,), (7,), (7,), (7,), (7,), (7,), (7,), (7,), (7,), (7,), (7,), (7,), (7,), (7,), (7,), (7,), (7,), (7,), (7,), (7,), (7,), (7,), (7,), (7,), (7,), (7,), (7,), (7,), (7,), (7,), (7,), (7,), (7,), (7,), (7,), (7,), (7,), (7,), (7,), (7,), (7,), (7,), (7,), (7,), (7,), (7,), (7,), (7,), (7,), (7,), (7,))",99.4872,4682.2038,0.506596,4781.691,5485.72164008317,7371.38714962047,545.759085951282,34514.3369232241,2.77904463997957,,0.028520194036147
YOLOv3,BBBBBBBBNBBBBBBBBBBBBBBBBBBBBBBBBBBBBBBBBBBBBBBBBBBBBBBBBBBBBBBBBBBBBBBBBBB,"((7,), (7,), (7,), (7,), (7,), (7,), (7,), (7,), (7,), (7,), (7,), (7,), (7,), (7,), (7,), (7,), (7,), (7,), (7,), (7,), (7,), (7,), (7,), (7,), (7,), (7,), (7,), (7,), (7,), (7,), (7,), (7,), (7,), (7,), (7,), (7,), (7,), (7,), (7,), (7,), (7,), (7,), (7,), (7,), (7,), (7,), (7,), (7,), (7,), (7,), (7,), (7,), (7,), (7,), (7,), (7,), (7,), (7,), (7,), (7,), (7,), (7,), (7,), (7,), (7,), (7,), (7,), (7,), (7,), (7,), (7,), (7,), (7,), (7,), (7,))",99.6292,4712.3418,0.421458,4811.971,5607.57196089596,7340.36546564416,558.677908406496,34590.3110110315,2.36335606349529,,0.028448407678954
YOLOv3,BBBBBBBBBNBBBBBBBBBBBBBBBBBBBBBBBBBBBBBBBBBBBBBBBBBBBBBBBBBBBBBBBBBBBBBBBBB,"((7,), (7,), (7,), (7,), (7,), (7,), (7,), (7,), (7,), (7,), (7,), (7,), (7,), (7,), (7,), (7,), (7,), (7,), (7,), (7,), (7,), (7,), (7,), (7,), (7,), (7,), (7,), (7,), (7,), (7,), (7,), (7,), (7,), (7,), (7,), (7,), (7,), (7,), (7,), (7,), (7,), (7,), (7,), (7,), (7,), (7,), (7,), (7,), (7,), (7,), (7,), (7,), (7,), (7,), (7,), (7,), (7,), (7,), (7,), (7,), (7,), (7,), (7,), (7,), (7,), (7,), (7,), (7,), (7,), (7,), (7,), (7,), (7,), (7,), (7,))",100.002,4494.291,0.413992,4594.293,5539.85637964048,7415.36815169206,553.996717676807,33326.8223458363,2.29345622232012,,0.029513227257902
YOLOv3,BBBBBBBBBBNBBBBBBBBBBBBBBBBBBBBBBBBBBBBBBBBBBBBBBBBBBBBBBBBBBBBBBBBBBBBBBBB,"((7,), (7,), (7,), (7,), (7,), (7,), (7,), (7,), (7,), (7,), (7,), (7,), (7,), (7,), (7,), (7,), (7,), (7,), (7,), (7,), (7,), (7,), (7,), (7,), (7,), (7,), (7,), (7,), (7,), (7,), (7,), (7,), (7,), (7,), (7,), (7,), (7,), (7,), (7,), (7,), (7,), (7,), (7,), (7,), (7,), (7,), (7,), (7,), (7,), (7,), (7,), (7,), (7,), (7,), (7,), (7,), (7,), (7,), (7,), (7,), (7,), (7,), (7,), (7,), (7,), (7,), (7,), (7,), (7,), (7,), (7,), (7,), (7,), (7,), (7,))",99.8282,4628.3745,0.431521,4728.2027,5542.55481309537,7447.49304771423,553.303270392647,34469.7869109678,2.39172879550173,,0.02855064214577
YOLOv3,BBBBBBBBBBBNBBBBBBBBBBBBBBBBBBBBBBBBBBBBBBBBBBBBBBBBBBBBBBBBBBBBBBBBBBBBBBB,"((7,), (7,), (7,), (7,), (7,), (7,), (7,), (7,), (7,), (7,), (7,), (7,), (7,), (7,), (7,), (7,), (7,), (7,), (7,), (7,), (7,), (7,), (7,), (7,), (7,), (7,), (7,), (7,), (7,), (7,), (7,), (7,), (7,), (7,), (7,), (7,), (7,), (7,), (7,), (7,), (7,), (7,), (7,), (7,), (7,), (7,), (7,), (7,), (7,), (7,), (7,), (7,), (7,), (7,), (7,), (7,), (7,), (7,), (7,), (7,), (7,), (7,), (7,), (7,), (7,), (7,), (7,), (7,), (7,), (7,), (7,), (7,), (7,), (7,), (7,))",99.6584,4593.3096,0.420379,4692.968,5577.46230204181,7451.50203481354,555.840969081804,34227.0558309286,2.34464802507004,,0.028747824030311
YOLOv3,BBBBBBBBBBBBNBBBBBBBBBBBBBBBBBBBBBBBBBBBBBBBBBBBBBBBBBBBBBBBBBBBBBBBBBBBBBB,"((7,), (7,), (7,), (7,), (7,), (7,), (7,), (7,), (7,), (7,), (7,), (7,), (7,), (7,), (7,), (7,), (7,), (7,), (7,), (7,), (7,), (7,), (7,), (7,), (7,), (7,), (7,), (7,), (7,), (7,), (7,), (7,), (7,), (7,), (7,), (7,), (7,), (7,), (7,), (7,), (7,), (7,), (7,), (7,), (7,), (7,), (7,), (7,), (7,), (7,), (7,), (7,), (7,), (7,), (7,), (7,), (7,), (7,), (7,), (7,), (7,), (7,), (7,), (7,), (7,), (7,), (7,), (7,), (7,), (7,), (7,), (7,), (7,), (7,), (7,))",99.7275,4584.6021,0.461038,4684.3296,5528.09791432617,7475.8440136734,551.303384750964,34273.7701643595,2.54866320622511,,0.028712841603248
YOLOv3,BBBBBBBBBBBBBNBBBBBBBBBBBBBBBBBBBBBBBBBBBBBBBBBBBBBBBBBBBBBBBBBBBBBBBBBBBBB,"((7,), (7,), (7,), (7,), (7,), (7,), (7,), (7,), (7,), (7,), (7,), (7,), (7,), (7,), (7,), (7,), (7,), (7,), (7,), (7,), (7,), (7,), (7,), (7,), (7,), (7,), (7,), (7,), (7,), (7,), (7,), (7,), (7,), (7,), (7,), (7,), (7,), (7,), (7,), (7,), (7,), (7,), (7,), (7,), (7,), (7,), (7,), (7,), (7,), (7,), (7,), (7,), (7,), (7,), (7,), (7,), (7,), (7,), (7,), (7,), (7,), (7,), (7,), (7,), (7,), (7,), (7,), (7,), (7,), (7,), (7,), (7,), (7,), (7,), (7,))",99.5196,4613.5914,0.481367,4713.111,5580.47515855199,7448.58734060348,555.366655589031,34364.7384967571,2.6862565856467,,0.028634595336049
YOLOv3,BBBBBBBBBBBBBBNBBBBBBBBBBBBBBBBBBBBBBBBBBBBBBBBBBBBBBBBBBBBBBBBBBBBBBBBBBBB,"((7,), (7,), (7,), (7,), (7,), (7,), (7,), (7,), (7,), (7,), (7,), (7,), (7,), (7,), (7,), (7,), (7,), (7,), (7,), (7,), (7,), (7,), (7,), (7,), (7,), (7,), (7,), (7,), (7,), (7,), (7,), (7,), (7,), (7,), (7,), (7,), (7,), (7,), (7,), (7,), (7,), (7,), (7,), (7,), (7,), (7,), (7,), (7,), (7,), (7,), (7,), (7,), (7,), (7,), (7,), (7,), (7,), (7,), (7,), (7,), (7,), (7,), (7,), (7,), (7,), (7,), (7,), (7,), (7,), (7,), (7,), (7,), (7,), (7,), (7,))",99.6239,4583.2222,0.4214,4682.8461,5595.70496679192,7516.02304144994,557.465952041182,34447.6036592849,2.35803007300612,,0.028565366477182
YOLOv3,BBBBBBBBBBBBBBBNBBBBBBBBBBBBBBBBBBBBBBBBBBBBBBBBBBBBBBBBBBBBBBBBBBBBBBBBBBB,"((7,), (7,), (7,), (7,), (7,), (7,), (7,), (7,), (7,), (7,), (7,), (7,), (7,), (7,), (7,), (7,), (7,), (7,), (7,), (7,), (7,), (7,), (7,), (7,), (7,), (7,), (7,), (7,), (7,), (7,), (7,), (7,), (7,), (7,), (7,), (7,), (7,), (7,), (7,), (7,), (7,), (7,), (7,), (7,), (7,), (7,), (7,), (7,), (7,), (7,), (7,), (7,), (7,), (7,), (7,), (7,), (7,), (7,), (7,), (7,), (7,), (7,), (7,), (7,), (7,), (7,), (7,), (7,), (7,), (7,), (7,), (7,), (7,), (7,), (7,))",99.7214,4628.4306,0.477488,4728.152,5573.96810905507,7473.38339372283,555.843903390324,34590.0363850386,2.66150288445649,,0.028450682419125
YOLOv3,BBBBBBBBBBBBBBBBNBBBBBBBBBBBBBBBBBBBBBBBBBBBBBBBBBBBBBBBBBBBBBBBBBBBBBBBBBB,"((7,), (7,), (7,), (7,), (7,), (7,), (7,), (7,), (7,), (7,), (7,), (7,), (7,), (7,), (7,), (7,), (7,), (7,), (7,), (7,), (7,), (7,), (7,), (7,), (7,), (7,), (7,), (7,), (7,), (7,), (7,), (7,), (7,), (7,), (7,), (7,), (7,), (7,), (7,), (7,), (7,), (7,), (7,), (7,), (7,), (7,), (7,), (7,), (7,), (7,), (7,), (7,), (7,), (7,), (7,), (7,), (7,), (7,), (7,), (7,), (7,), (7,), (7,), (7,), (7,), (7,), (7,), (7,), (7,), (7,), (7,), (7,), (7,), (7,), (7,))",100.447,4630.5747,0.413933,4731.0217,5498.4487487309,7475.12476045496,552.302681463773,34614.1235951063,2.27598938590843,,0.028434373052429
YOLOv3,BBBBBBBBBBBBBBBBBNBBBBBBBBBBBBBBBBBBBBBBBBBBBBBBBBBBBBBBBBBBBBBBBBBBBBBBBBB,"((7,), (7,), (7,), (7,), (7,), (7,), (7,), (7,), (7,), (7,), (7,), (7,), (7,), (7,), (7,), (7,), (7,), (7,), (7,), (7,), (7,), (7,), (7,), (7,), (7,), (7,), (7,), (7,), (7,), (7,), (7,), (7,), (7,), (7,), (7,), (7,), (7,), (7,), (7,), (7,), (7,), (7,), (7,), (7,), (7,), (7,), (7,), (7,), (7,), (7,), (7,), (7,), (7,), (7,), (7,), (7,), (7,), (7,), (7,), (7,), (7,), (7,), (7,), (7,), (7,), (7,), (7,), (7,), (7,), (7,), (7,), (7,), (7,), (7,), (7,))",99.7439,4630.5121,0.490467,4730.256,5536.11010491748,7473.10355162418,552.193212693879,34604.2964203488,2.71527931482856,,0.028442053865915
YOLOv3,BBBBBBBBBBBBBBBBBBNBBBBBBBBBBBBBBBBBBBBBBBBBBBBBBBBBBBBBBBBBBBBBBBBBBBBBBBB,"((7,), (7,), (7,), (7,), (7,), (7,), (7,), (7,), (7,), (7,), (7,), (7,), (7,), (7,), (7,), (7,), (7,), (7,), (7,), (7,), (7,), (7,), (7,), (7,), (7,), (7,), (7,), (7,), (7,), (7,), (7,), (7,), (7,), (7,), (7,), (7,), (7,), (7,), (7,), (7,), (7,), (7,), (7,), (7,), (7,), (7,), (7,), (7,), (7,), (7,), (7,), (7,), (7,), (7,), (7,), (7,), (7,), (7,), (7,), (7,), (7,), (7,), (7,), (7,), (7,), (7,), (7,), (7,), (7,), (7,), (7,), (7,), (7,), (7,), (7,))",99.514,4601.9675,0.459171,4701.4815,5591.82969978205,7496.98516442028,556.465340744111,34500.8820746443,2.56760603507862,,0.028522601934116
YOLOv3,BBBBBBBBBBBBBBBBBBBNBBBBBBBBBBBBBBBBBBBBBBBBBBBBBBBBBBBBBBBBBBBBBBBBBBBBBBB,"((7,), (7,), (7,), (7,), (7,), (7,), (7,), (7,), (7,), (7,), (7,), (7,), (7,), (7,), (7,), (7,), (7,), (7,), (7,), (7,), (7,), (7,), (7,), (7,), (7,), (7,), (7,), (7,), (7,), (7,), (7,), (7,), (7,), (7,), (7,), (7,), (7,), (7,), (7,), (7,), (7,), (7,), (7,), (7,), (7,), (7,), (7,), (7,), (7,), (7,), (7,), (7,), (7,), (7,), (7,), (7,), (7,), (7,), (7,), (7,), (7,), (7,), (7,), (7,), (7,), (7,), (7,), (7,), (7,), (7,), (7,), (7,), (7,), (7,), (7,))",100.23,4609.549,0.473608,4709.779,5562.39328656586,7502.73499714154,557.518679112496,34584.2246033388,2.63439395966388,,0.0284540534252
YOLOv3,BBBBBBBBBBBBBBBBBBBBNBBBBBBBBBBBBBBBBBBBBBBBBBBBBBBBBBBBBBBBBBBBBBBBBBBBBBB,"((7,), (7,), (7,), (7,), (7,), (7,), (7,), (7,), (7,), (7,), (7,), (7,), (7,), (7,), (7,), (7,), (7,), (7,), (7,), (7,), (7,), (7,), (7,), (7,), (7,), (7,), (7,), (7,), (7,), (7,), (7,), (7,), (7,), (7,), (7,), (7,), (7,), (7,), (7,), (7,), (7,), (7,), (7,), (7,), (7,), (7,), (7,), (7,), (7,), (7,), (7,), (7,), (7,), (7,), (7,), (7,), (7,), (7,), (7,), (7,), (7,), (7,), (7,), (7,), (7,), (7,), (7,), (7,), (7,), (7,), (7,), (7,), (7,), (7,), (7,))",99.7745,4594.9035,0.467775,4694.678,5601.81676067615,7507.58890991475,558.918466388083,34496.6465587284,2.62038983522529,,0.028524009105546
YOLOv3,BBBBBBBBBBBBBBBBBBBBBNBBBBBBBBBBBBBBBBBBBBBBBBBBBBBBBBBBBBBBBBBBBBBBBBBBBBB,"((7,), (7,), (7,), (7,), (7,), (7,), (7,), (7,), (7,), (7,), (7,), (7,), (7,), (7,), (7,), (7,), (7,), (7,), (7,), (7,), (7,), (7,), (7,), (7,), (7,), (7,), (7,), (7,), (7,), (7,), (7,), (7,), (7,), (7,), (7,), (7,), (7,), (7,), (7,), (7,), (7,), (7,), (7,), (7,), (7,), (7,), (7,), (7,), (7,), (7,), (7,), (7,), (7,), (7,), (7,), (7,), (7,), (7,), (7,), (7,), (7,), (7,), (7,), (7,), (7,), (7,), (7,), (7,), (7,), (7,), (7,), (7,), (7,), (7,), (7,))",99.6982,4592.8508,0.487287,4692.549,5598.04705393676,7517.84308505441,558.115214792798,34528.3316274666,2.72785555477168,,0.028498817900733
YOLOv3,BBBBBBBBBBBBBBBBBBBBBBNBBBBBBBBBBBBBBBBBBBBBBBBBBBBBBBBBBBBBBBBBBBBBBBBBBBB,"((7,), (7,), (7,), (7,), (7,), (7,), (7,), (7,), (7,), (7,), (7,), (7,), (7,), (7,), (7,), (7,), (7,), (7,), (7,), (7,), (7,), (7,), (7,), (7,), (7,), (7,), (7,), (7,), (7,), (7,), (7,), (7,), (7,), (7,), (7,), (7,), (7,), (7,), (7,), (7,), (7,), (7,), (7,), (7,), (7,), (7,), (7,), (7,), (7,), (7,), (7,), (7,), (7,), (7,), (7,), (7,), (7,), (7,), (7,), (7,), (7,), (7,), (7,), (7,), (7,), (7,), (7,), (7,), (7,), (7,), (7,), (7,), (7,), (7,), (7,))",100.84,4603.3725,0.420875,4704.2125,5602.24651808869,7532.8314067211,564.930538884063,34676.4289448362,2.35784550330058,,0.028373851448718
YOLOv3,BBBBBBBBBBBBBBBBBBBBBBBNBBBBBBBBBBBBBBBBBBBBBBBBBBBBBBBBBBBBBBBBBBBBBBBBBBB,"((7,), (7,), (7,), (7,), (7,), (7,), (7,), (7,), (7,), (7,), (7,), (7,), (7,), (7,), (7,), (7,), (7,), (7,), (7,), (7,), (7,), (7,), (7,), (7,), (7,), (7,), (7,), (7,), (7,), (7,), (7,), (7,), (7,), (7,), (7,), (7,), (7,), (7,), (7,), (7,), (7,), (7,), (7,), (7,), (7,), (7,), (7,), (7,), (7,), (7,), (7,), (7,), (7,), (7,), (7,), (7,), (7,), (7,), (7,), (7,), (7,), (7,), (7,), (7,), (7,), (7,), (7,), (7,), (7,), (7,), (7,), (7,), (7,), (7,), (7,))",99.4192,4613.2618,0.504817,4712.681,5538.51523342649,7488.28290655921,550.634753695075,34545.4094804226,2.79593664459266,,0.028490969933332
YOLOv3,BBBBBBBBBBBBBBBBBBBBBBBBNBBBBBBBBBBBBBBBBBBBBBBBBBBBBBBBBBBBBBBBBBBBBBBBBBB,"((7,), (7,), (7,), (7,), (7,), (7,), (7,), (7,), (7,), (7,), (7,), (7,), (7,), (7,), (7,), (7,), (7,), (7,), (7,), (7,), (7,), (7,), (7,), (7,), (7,), (7,), (7,), (7,), (7,), (7,), (7,), (7,), (7,), (7,), (7,), (7,), (7,), (7,), (7,), (7,), (7,), (7,), (7,), (7,), (7,), (7,), (7,), (7,), (7,), (7,), (7,), (7,), (7,), (7,), (7,), (7,), (7,), (7,), (7,), (7,), (7,), (7,), (7,), (7,), (7,), (7,), (7,), (7,), (7,), (7,), (7,), (7,), (7,), (7,), (7,))",99.4786,4616.2543,0.492275,4715.7329,5591.36179742433,7504.21277025007,556.220843701256,34641.3544687818,2.75248762882706,,0.028408826351805
YOLOv3,BBBBBBBBBBBBBBBBBBBBBBBBBNBBBBBBBBBBBBBBBBBBBBBBBBBBBBBBBBBBBBBBBBBBBBBBBBB,"((7,), (7,), (7,), (7,), (7,), (7,), (7,), (7,), (7,), (7,), (7,), (7,), (7,), (7,), (7,), (7,), (7,), (7,), (7,), (7,), (7,), (7,), (7,), (7,), (7,), (7,), (7,), (7,), (7,), (7,), (7,), (7,), (7,), (7,), (7,), (7,), (7,), (7,), (7,), (7,), (7,), (7,), (7,), (7,), (7,), (7,), (7,), (7,), (7,), (7,), (7,), (7,), (7,), (7,), (7,), (7,), (7,), (7,), (7,), (7,), (7,), (7,), (7,), (7,), (7,), (7,), (7,), (7,), (7,), (7,), (7,), (7,), (7,), (7,), (7,))",99.4752,4671.5568,0.489767,4771.032,5597.97196575457,7470.19210845023,556.859380887829,34897.426741537,2.74170193575172,,0.02820315354557
YOLOv3,BBBBBBBBBBBBBBBBBBBBBBBBBBNBBBBBBBBBBBBBBBBBBBBBBBBBBBBBBBBBBBBBBBBBBBBBBBB,"((7,), (7,), (7,), (7,), (7,), (7,), (7,), (7,), (7,), (7,), (7,), (7,), (7,), (7,), (7,), (7,), (7,), (7,), (7,), (7,), (7,), (7,), (7,), (7,), (7,), (7,), (7,), (7,), (7,), (7,), (7,), (7,), (7,), (7,), (7,), (7,), (7,), (7,), (7,), (7,), (7,), (7,), (7,), (7,), (7,), (7,), (7,), (7,), (7,), (7,), (7,), (7,), (7,), (7,), (7,), (7,), (7,), (7,), (7,), (7,), (7,), (7,), (7,), (7,), (7,), (7,), (7,), (7,), (7,), (7,), (7,), (7,), (7,), (7,), (7,))",100.29,4506.009,0.466696,4606.299,5556.20140030275,7443.404900896,557.231438436363,33540.0494740815,2.59305696871569,,0.029325621581324
YOLOv3,BBBBBBBBBBBBBBBBBBBBBBBBBBBNBBBBBBBBBBBBBBBBBBBBBBBBBBBBBBBBBBBBBBBBBBBBBBB,"((7,), (7,), (7,), (7,), (7,), (7,), (7,), (7,), (7,), (7,), (7,), (7,), (7,), (7,), (7,), (7,), (7,), (7,), (7,), (7,), (7,), (7,), (7,), (7,), (7,), (7,), (7,), (7,), (7,), (7,), (7,), (7,), (7,), (7,), (7,), (7,), (7,), (7,), (7,), (7,), (7,), (7,), (7,), (7,), (7,), (7,), (7,), (7,), (7,), (7,), (7,), (7,), (7,), (7,), (7,), (7,), (7,), (7,), (7,), (7,), (7,), (7,), (7,), (7,), (7,), (7,), (7,), (7,), (7,), (7,), (7,), (7,), (7,), (7,), (7,))",99.4752,4525.158,0.463808,4624.6332,5584.90188647961,7568.58009338646,555.559232137937,34249.0207582285,2.59032217416434,,0.028729712614407
YOLOv3,BBBBBBBBBBBBBBBBBBBBBBBBBBBBNBBBBBBBBBBBBBBBBBBBBBBBBBBBBBBBBBBBBBBBBBBBBBB,"((7,), (7,), (7,), (7,), (7,), (7,), (7,), (7,), (7,), (7,), (7,), (7,), (7,), (7,), (7,), (7,), (7,), (7,), (7,), (7,), (7,), (7,), (7,), (7,), (7,), (7,), (7,), (7,), (7,), (7,), (7,), (7,), (7,), (7,), (7,), (7,), (7,), (7,), (7,), (7,), (7,), (7,), (7,), (7,), (7,), (7,), (7,), (7,), (7,), (7,), (7,), (7,), (7,), (7,), (7,), (7,), (7,), (7,), (7,), (7,), (7,), (7,), (7,), (7,), (7,), (7,), (7,), (7,), (7,), (7,), (7,), (7,), (7,), (7,), (7,))",100.902,4520.6071,0.424579,4621.5091,5594.29288430574,7545.6113161926,564.475340612218,34110.7440898206,2.37521927852565,,0.028837063530539
YOLOv3,BBBBBBBBBBBBBBBBBBBBBBBBBBBBBNBBBBBBBBBBBBBBBBBBBBBBBBBBBBBBBBBBBBBBBBBBBBB,"((7,), (7,), (7,), (7,), (7,), (7,), (7,), (7,), (7,), (7,), (7,), (7,), (7,), (7,), (7,), (7,), (7,), (7,), (7,), (7,), (7,), (7,), (7,), (7,), (7,), (7,), (7,), (7,), (7,), (7,), (7,), (7,), (7,), (7,), (7,), (7,), (7,), (7,), (7,), (7,), (7,), (7,), (7,), (7,), (7,), (7,), (7,), (7,), (7,), (7,), (7,), (7,), (7,), (7,), (7,), (7,), (7,), (7,), (7,), (7,), (7,), (7,), (7,), (7,), (7,), (7,), (7,), (7,), (7,), (7,), (7,), (7,), (7,), (7,), (7,))",99.5177,4571.4858,0.453804,4671.0035,5597.33524446568,7557.92991933059,557.033929658162,34550.969303615,2.5400931232795,,0.028481473234514
YOLOv3,BBBBBBBBBBBBBBBBBBBBBBBBBBBBBBNBBBBBBBBBBBBBBBBBBBBBBBBBBBBBBBBBBBBBBBBBBBB,"((7,), (7,), (7,), (7,), (7,), (7,), (7,), (7,), (7,), (7,), (7,), (7,), (7,), (7,), (7,), (7,), (7,), (7,), (7,), (7,), (7,), (7,), (7,), (7,), (7,), (7,), (7,), (7,), (7,), (7,), (7,), (7,), (7,), (7,), (7,), (7,), (7,), (7,), (7,), (7,), (7,), (7,), (7,), (7,), (7,), (7,), (7,), (7,), (7,), (7,), (7,), (7,), (7,), (7,), (7,), (7,), (7,), (7,), (7,), (7,), (7,), (7,), (7,), (7,), (7,), (7,), (7,), (7,), (7,), (7,), (7,), (7,), (7,), (7,), (7,))",99.476,4526.2944,0.445871,4625.7704,5562.98724620464,7554.15457036596,553.383719303453,34192.3275285818,2.48037468645251,,0.028778476038748
YOLOv3,BBBBBBBBBBBBBBBBBBBBBBBBBBBBBBBNBBBBBBBBBBBBBBBBBBBBBBBBBBBBBBBBBBBBBBBBBBB,"((7,), (7,), (7,), (7,), (7,), (7,), (7,), (7,), (7,), (7,), (7,), (7,), (7,), (7,), (7,), (7,), (7,), (7,), (7,), (7,), (7,), (7,), (7,), (7,), (7,), (7,), (7,), (7,), (7,), (7,), (7,), (7,), (7,), (7,), (7,), (7,), (7,), (7,), (7,), (7,), (7,), (7,), (7,), (7,), (7,), (7,), (7,), (7,), (7,), (7,), (7,), (7,), (7,), (7,), (7,), (7,), (7,), (7,), (7,), (7,), (7,), (7,), (7,), (7,), (7,), (7,), (7,), (7,), (7,), (7,), (7,), (7,), (7,), (7,), (7,))",99.5603,4659.7064,0.411921,4759.2667,5598.85827731927,7477.82610983222,557.424009747389,34844.4741820723,2.30628730045163,,0.028245232867462
YOLOv3,BBBBBBBBBBBBBBBBBBBBBBBBBBBBBBBBNBBBBBBBBBBBBBBBBBBBBBBBBBBBBBBBBBBBBBBBBBB,"((7,), (7,), (7,), (7,), (7,), (7,), (7,), (7,), (7,), (7,), (7,), (7,), (7,), (7,), (7,), (7,), (7,), (7,), (7,), (7,), (7,), (7,), (7,), (7,), (7,), (7,), (7,), (7,), (7,), (7,), (7,), (7,), (7,), (7,), (7,), (7,), (7,), (7,), (7,), (7,), (7,), (7,), (7,), (7,), (7,), (7,), (7,), (7,), (7,), (7,), (7,), (7,), (7,), (7,), (7,), (7,), (7,), (7,), (7,), (7,), (7,), (7,), (7,), (7,), (7,), (7,), (7,), (7,), (7,), (7,), (7,), (7,), (7,), (7,), (7,))",100.064,4527.2577,0.445375,4627.3217,5565.82157811818,7555.09721216997,556.938370392818,34203.872028045,2.47887778535439,,0.028765977582103
YOLOv3,BBBBBBBBBBBBBBBBBBBBBBBBBBBBBBBBBNBBBBBBBBBBBBBBBBBBBBBBBBBBBBBBBBBBBBBBBBB,"((7,), (7,), (7,), (7,), (7,), (7,), (7,), (7,), (7,), (7,), (7,), (7,), (7,), (7,), (7,), (7,), (7,), (7,), (7,), (7,), (7,), (7,), (7,), (7,), (7,), (7,), (7,), (7,), (7,), (7,), (7,), (7,), (7,), (7,), (7,), (7,), (7,), (7,), (7,), (7,), (7,), (7,), (7,), (7,), (7,), (7,), (7,), (7,), (7,), (7,), (7,), (7,), (7,), (7,), (7,), (7,), (7,), (7,), (7,), (7,), (7,), (7,), (7,), (7,), (7,), (7,), (7,), (7,), (7,), (7,), (7,), (7,), (7,), (7,), (7,))",99.5248,4444.0298,0.4718,4543.5546,5549.21507125855,7628.63600628772,552.284520123993,33901.8857452956,2.61811967061978,,0.029021857429775
YOLOv3,BBBBBBBBBBBBBBBBBBBBBBBBBBBBBBBBBBNBBBBBBBBBBBBBBBBBBBBBBBBBBBBBBBBBBBBBBBB,"((7,), (7,), (7,), (7,), (7,), (7,), (7,), (7,), (7,), (7,), (7,), (7,), (7,), (7,), (7,), (7,), (7,), (7,), (7,), (7,), (7,), (7,), (7,), (7,), (7,), (7,), (7,), (7,), (7,), (7,), (7,), (7,), (7,), (7,), (7,), (7,), (7,), (7,), (7,), (7,), (7,), (7,), (7,), (7,), (7,), (7,), (7,), (7,), (7,), (7,), (7,), (7,), (7,), (7,), (7,), (7,), (7,), (7,), (7,), (7,), (7,), (7,), (7,), (7,), (7,), (7,), (7,), (7,), (7,), (7,), (7,), (7,), (7,), (7,), (7,))",101.318,4498.0785,0.495833,4599.3965,5592.43168586647,7570.18874467143,566.613993548619,34051.3032333485,2.77291218009823,,0.028884461747667
YOLOv3,BBBBBBBBBBBBBBBBBBBBBBBBBBBBBBBBBBBNBBBBBBBBBBBBBBBBBBBBBBBBBBBBBBBBBBBBBBB,"((7,), (7,), (7,), (7,), (7,), (7,), (7,), (7,), (7,), (7,), (7,), (7,), (7,), (7,), (7,), (7,), (7,), (7,), (7,), (7,), (7,), (7,), (7,), (7,), (7,), (7,), (7,), (7,), (7,), (7,), (7,), (7,), (7,), (7,), (7,), (7,), (7,), (7,), (7,), (7,), (7,), (7,), (7,), (7,), (7,), (7,), (7,), (7,), (7,), (7,), (7,), (7,), (7,), (7,), (7,), (7,), (7,), (7,), (7,), (7,), (7,), (7,), (7,), (7,), (7,), (7,), (7,), (7,), (7,), (7,), (7,), (7,), (7,), (7,), (7,))",99.4758,4449.712,0.475359,4549.1878,5555.32675999799,7631.22621557696,552.620573712208,33956.7588661674,2.64077457330589,,0.028975411864798
YOLOv3,BBBBBBBBBBBBBBBBBBBBBBBBBBBBBBBBBBBBNBBBBBBBBBBBBBBBBBBBBBBBBBBBBBBBBBBBBBB,"((7,), (7,), (7,), (7,), (7,), (7,), (7,), (7,), (7,), (7,), (7,), (7,), (7,), (7,), (7,), (7,), (7,), (7,), (7,), (7,), (7,), (7,), (7,), (7,), (7,), (7,), (7,), (7,), (7,), (7,), (7,), (7,), (7,), (7,), (7,), (7,), (7,), (7,), (7,), (7,), (7,), (7,), (7,), (7,), (7,), (7,), (7,), (7,), (7,), (7,), (7,), (7,), (7,), (7,), (7,), (7,), (7,), (7,), (7,), (7,), (7,), (7,), (7,), (7,), (7,), (7,), (7,), (7,), (7,), (7,), (7,), (7,), (7,), (7,), (7,))",99.7607,4520.5972,0.480667,4620.3579,5578.21849431424,7565.32277209086,556.486981745734,34199.7769406102,2.68126554900654,,0.028769572683925
YOLOv3,BBBBBBBBBBBBBBBBBBBBBBBBBBBBBBBBBBBBBNBBBBBBBBBBBBBBBBBBBBBBBBBBBBBBBBBBBBB,"((7,), (7,), (7,), (7,), (7,), (7,), (7,), (7,), (7,), (7,), (7,), (7,), (7,), (7,), (7,), (7,), (7,), (7,), (7,), (7,), (7,), (7,), (7,), (7,), (7,), (7,), (7,), (7,), (7,), (7,), (7,), (7,), (7,), (7,), (7,), (7,), (7,), (7,), (7,), (7,), (7,), (7,), (7,), (7,), (7,), (7,), (7,), (7,), (7,), (7,), (7,), (7,), (7,), (7,), (7,), (7,), (7,), (7,), (7,), (7,), (7,), (7,), (7,), (7,), (7,), (7,), (7,), (7,), (7,), (7,), (7,), (7,), (7,), (7,), (7,))",100.52,4431.2439,0.422304,4531.7639,5590.3902938766,7647.85591174714,561.946032340475,33889.5148570085,2.36084418266526,,0.029024356361221
YOLOv3,BBBBBBBBBBBBBBBBBBBBBBBBBBBBBBBBBBBBBBNBBBBBBBBBBBBBBBBBBBBBBBBBBBBBBBBBBBB,"((7,), (7,), (7,), (7,), (7,), (7,), (7,), (7,), (7,), (7,), (7,), (7,), (7,), (7,), (7,), (7,), (7,), (7,), (7,), (7,), (7,), (7,), (7,), (7,), (7,), (7,), (7,), (7,), (7,), (7,), (7,), (7,), (7,), (7,), (7,), (7,), (7,), (7,), (7,), (7,), (7,), (7,), (7,), (7,), (7,), (7,), (7,), (7,), (7,), (7,), (7,), (7,), (7,), (7,), (7,), (7,), (7,), (7,), (7,), (7,), (7,), (7,), (7,), (7,), (7,), (7,), (7,), (7,), (7,), (7,), (7,), (7,), (7,), (7,), (7,))",99.4788,4545.7178,0.523775,4645.1966,5599.12648816341,7540.61108921759,556.994384090711,34277.4900511338,2.93268247633779,,0.028704768686537
YOLOv3,BBBBBBBBBBBBBBBBBBBBBBBBBBBBBBBBBBBBBBBNBBBBBBBBBBBBBBBBBBBBBBBBBBBBBBBBBBB,"((7,), (7,), (7,), (7,), (7,), (7,), (7,), (7,), (7,), (7,), (7,), (7,), (7,), (7,), (7,), (7,), (7,), (7,), (7,), (7,), (7,), (7,), (7,), (7,), (7,), (7,), (7,), (7,), (7,), (7,), (7,), (7,), (7,), (7,), (7,), (7,), (7,), (7,), (7,), (7,), (7,), (7,), (7,), (7,), (7,), (7,), (7,), (7,), (7,), (7,), (7,), (7,), (7,), (7,), (7,), (7,), (7,), (7,), (7,), (7,), (7,), (7,), (7,), (7,), (7,), (7,), (7,), (7,), (7,), (7,), (7,), (7,), (7,), (7,), (7,))",99.5172,4588.791,0.422742,4688.3082,5586.46976407846,7515.31025291069,555.949828805749,34486.1880507643,2.36163540100606,,0.028535148563694
YOLOv3,BBBBBBBBBBBBBBBBBBBBBBBBBBBBBBBBBBBBBBBBNBBBBBBBBBBBBBBBBBBBBBBBBBBBBBBBBBB,"((7,), (7,), (7,), (7,), (7,), (7,), (7,), (7,), (7,), (7,), (7,), (7,), (7,), (7,), (7,), (7,), (7,), (7,), (7,), (7,), (7,), (7,), (7,), (7,), (7,), (7,), (7,), (7,), (7,), (7,), (7,), (7,), (7,), (7,), (7,), (7,), (7,), (7,), (7,), (7,), (7,), (7,), (7,), (7,), (7,), (7,), (7,), (7,), (7,), (7,), (7,), (7,), (7,), (7,), (7,), (7,), (7,), (7,), (7,), (7,), (7,), (7,), (7,), (7,), (7,), (7,), (7,), (7,), (7,), (7,), (7,), (7,), (7,), (7,), (7,))",99.4475,4394.6855,0.497496,4494.133,5582.84421435226,7664.40723825996,555.199900006796,33682.6593560761,2.77744266526339,,0.029205064403389
YOLOv3,BBBBBBBBBBBBBBBBBBBBBBBBBBBBBBBBBBBBBBBBBNBBBBBBBBBBBBBBBBBBBBBBBBBBBBBBBBB,"((7,), (7,), (7,), (7,), (7,), (7,), (7,), (7,), (7,), (7,), (7,), (7,), (7,), (7,), (7,), (7,), (7,), (7,), (7,), (7,), (7,), (7,), (7,), (7,), (7,), (7,), (7,), (7,), (7,), (7,), (7,), (7,), (7,), (7,), (7,), (7,), (7,), (7,), (7,), (7,), (7,), (7,), (7,), (7,), (7,), (7,), (7,), (7,), (7,), (7,), (7,), (7,), (7,), (7,), (7,), (7,), (7,), (7,), (7,), (7,), (7,), (7,), (7,), (7,), (7,), (7,), (7,), (7,), (7,), (7,), (7,), (7,), (7,), (7,), (7,))",99.4645,4590.7351,0.537396,4690.1996,5569.65590018479,7506.91326902573,553.98303928393,34462.2502367722,2.9931108021357,,0.028555742178681
YOLOv3,BBBBBBBBBBBBBBBBBBBBBBBBBBBBBBBBBBBBBBBBBBNBBBBBBBBBBBBBBBBBBBBBBBBBBBBBBBB,"((7,), (7,), (7,), (7,), (7,), (7,), (7,), (7,), (7,), (7,), (7,), (7,), (7,), (7,), (7,), (7,), (7,), (7,), (7,), (7,), (7,), (7,), (7,), (7,), (7,), (7,), (7,), (7,), (7,), (7,), (7,), (7,), (7,), (7,), (7,), (7,), (7,), (7,), (7,), (7,), (7,), (7,), (7,), (7,), (7,), (7,), (7,), (7,), (7,), (7,), (7,), (7,), (7,), (7,), (7,), (7,), (7,), (7,), (7,), (7,), (7,), (7,), (7,), (7,), (7,), (7,), (7,), (7,), (7,), (7,), (7,), (7,), (7,), (7,), (7,))",100.083,4403.9829,0.430588,4504.0659,5583.38384071916,7657.53251118517,558.801804930696,33723.6422354536,2.40413808120758,,0.029167403477904
YOLOv3,BBBBBBBBBBBBBBBBBBBBBBBBBBBBBBBBBBBBBBBBBBBNBBBBBBBBBBBBBBBBBBBBBBBBBBBBBBB,"((7,), (7,), (7,), (7,), (7,), (7,), (7,), (7,), (7,), (7,), (7,), (7,), (7,), (7,), (7,), (7,), (7,), (7,), (7,), (7,), (7,), (7,), (7,), (7,), (7,), (7,), (7,), (7,), (7,), (7,), (7,), (7,), (7,), (7,), (7,), (7,), (7,), (7,), (7,), (7,), (7,), (7,), (7,), (7,), (7,), (7,), (7,), (7,), (7,), (7,), (7,), (7,), (7,), (7,), (7,), (7,), (7,), (7,), (7,), (7,), (7,), (7,), (7,), (7,), (7,), (7,), (7,), (7,), (7,), (7,), (7,), (7,), (7,), (7,), (7,))",99.7703,4431.4108,0.52535,4531.1811,5562.46990178742,7460.03098691688,554.969290842301,33058.4618837581,2.92224356290402,,0.029747426425488
YOLOv3,BBBBBBBBBBBBBBBBBBBBBBBBBBBBBBBBBBBBBBBBBBBBNBBBBBBBBBBBBBBBBBBBBBBBBBBBBBB,"((7,), (7,), (7,), (7,), (7,), (7,), (7,), (7,), (7,), (7,), (7,), (7,), (7,), (7,), (7,), (7,), (7,), (7,), (7,), (7,), (7,), (7,), (7,), (7,), (7,), (7,), (7,), (7,), (7,), (7,), (7,), (7,), (7,), (7,), (7,), (7,), (7,), (7,), (7,), (7,), (7,), (7,), (7,), (7,), (7,), (7,), (7,), (7,), (7,), (7,), (7,), (7,), (7,), (7,), (7,), (7,), (7,), (7,), (7,), (7,), (7,), (7,), (7,), (7,), (7,), (7,), (7,), (7,), (7,), (7,), (7,), (7,), (7,), (7,), (7,))",99.7196,4545.3958,0.410083,4645.1154,5579.01590888548,7533.73344711932,556.337234827696,34243.8003688557,2.28785958096348,,0.028733629529802
YOLOv3,BBBBBBBBBBBBBBBBBBBBBBBBBBBBBBBBBBBBBBBBBBBBBNBBBBBBBBBBBBBBBBBBBBBBBBBBBBB,"((7,), (7,), (7,), (7,), (7,), (7,), (7,), (7,), (7,), (7,), (7,), (7,), (7,), (7,), (7,), (7,), (7,), (7,), (7,), (7,), (7,), (7,), (7,), (7,), (7,), (7,), (7,), (7,), (7,), (7,), (7,), (7,), (7,), (7,), (7,), (7,), (7,), (7,), (7,), (7,), (7,), (7,), (7,), (7,), (7,), (7,), (7,), (7,), (7,), (7,), (7,), (7,), (7,), (7,), (7,), (7,), (7,), (7,), (7,), (7,), (7,), (7,), (7,), (7,), (7,), (7,), (7,), (7,), (7,), (7,), (7,), (7,), (7,), (7,), (7,))",100.398,4499.8433,0.424317,4600.2413,5603.89720432329,7556.1647298299,562.62007151965,34001.5572332214,2.37782885004685,,0.028929697973525
YOLOv3,BBBBBBBBBBBBBBBBBBBBBBBBBBBBBBBBBBBBBBBBBBBBBBNBBBBBBBBBBBBBBBBBBBBBBBBBBBB,"((7,), (7,), (7,), (7,), (7,), (7,), (7,), (7,), (7,), (7,), (7,), (7,), (7,), (7,), (7,), (7,), (7,), (7,), (7,), (7,), (7,), (7,), (7,), (7,), (7,), (7,), (7,), (7,), (7,), (7,), (7,), (7,), (7,), (7,), (7,), (7,), (7,), (7,), (7,), (7,), (7,), (7,), (7,), (7,), (7,), (7,), (7,), (7,), (7,), (7,), (7,), (7,), (7,), (7,), (7,), (7,), (7,), (7,), (7,), (7,), (7,), (7,), (7,), (7,), (7,), (7,), (7,), (7,), (7,), (7,), (7,), (7,), (7,), (7,), (7,))",99.5727,4518.4603,0.447387,4618.033,5583.02448745927,7547.21415700018,555.916822382436,34101.7875440033,2.49777257637094,,0.028851533986753
YOLOv3,BBBBBBBBBBBBBBBBBBBBBBBBBBBBBBBBBBBBBBBBBBBBBBBNBBBBBBBBBBBBBBBBBBBBBBBBBBB,"((7,), (7,), (7,), (7,), (7,), (7,), (7,), (7,), (7,), (7,), (7,), (7,), (7,), (7,), (7,), (7,), (7,), (7,), (7,), (7,), (7,), (7,), (7,), (7,), (7,), (7,), (7,), (7,), (7,), (7,), (7,), (7,), (7,), (7,), (7,), (7,), (7,), (7,), (7,), (7,), (7,), (7,), (7,), (7,), (7,), (7,), (7,), (7,), (7,), (7,), (7,), (7,), (7,), (7,), (7,), (7,), (7,), (7,), (7,), (7,), (7,), (7,), (7,), (7,), (7,), (7,), (7,), (7,), (7,), (7,), (7,), (7,), (7,), (7,), (7,))",99.4241,4502.712,0.483933,4602.1361,5530.0399243401,7562.14278458748,549.819242441583,34050.1510618754,2.67616881070568,,0.028899523647031
YOLOv3,BBBBBBBBBBBBBBBBBBBBBBBBBBBBBBBBBBBBBBBBBBBBBBBBNBBBBBBBBBBBBBBBBBBBBBBBBBB,"((7,), (7,), (7,), (7,), (7,), (7,), (7,), (7,), (7,), (7,), (7,), (7,), (7,), (7,), (7,), (7,), (7,), (7,), (7,), (7,), (7,), (7,), (7,), (7,), (7,), (7,), (7,), (7,), (7,), (7,), (7,), (7,), (7,), (7,), (7,), (7,), (7,), (7,), (7,), (7,), (7,), (7,), (7,), (7,), (7,), (7,), (7,), (7,), (7,), (7,), (7,), (7,), (7,), (7,), (7,), (7,), (7,), (7,), (7,), (7,), (7,), (7,), (7,), (7,), (7,), (7,), (7,), (7,), (7,), (7,), (7,), (7,), (7,), (7,), (7,))",99.522,4453.1075,0.450946,4552.6295,5544.15015732407,7580.23561110008,551.764911957206,33755.6040515569,2.50011233684466,,0.029146132787311
YOLOv3,BBBBBBBBBBBBBBBBBBBBBBBBBBBBBBBBBBBBBBBBBBBBBBBBBNBBBBBBBBBBBBBBBBBBBBBBBBB,"((7,), (7,), (7,), (7,), (7,), (7,), (7,), (7,), (7,), (7,), (7,), (7,), (7,), (7,), (7,), (7,), (7,), (7,), (7,), (7,), (7,), (7,), (7,), (7,), (7,), (7,), (7,), (7,), (7,), (7,), (7,), (7,), (7,), (7,), (7,), (7,), (7,), (7,), (7,), (7,), (7,), (7,), (7,), (7,), (7,), (7,), (7,), (7,), (7,), (7,), (7,), (7,), (7,), (7,), (7,), (7,), (7,), (7,), (7,), (7,), (7,), (7,), (7,), (7,), (7,), (7,), (7,), (7,), (7,), (7,), (7,), (7,), (7,), (7,), (7,))",99.4599,4457.7304,0.534596,4557.1903,5510.92642140468,7579.25245702214,548.116190780268,33786.2640869423,2.94611922117726,,0.029122826525277
YOLOv3,BBBBBBBBBBBBBBBBBBBBBBBBBBBBBBBBBBBBBBBBBBBBBBBBBBNBBBBBBBBBBBBBBBBBBBBBBBB,"((7,), (7,), (7,), (7,), (7,), (7,), (7,), (7,), (7,), (7,), (7,), (7,), (7,), (7,), (7,), (7,), (7,), (7,), (7,), (7,), (7,), (7,), (7,), (7,), (7,), (7,), (7,), (7,), (7,), (7,), (7,), (7,), (7,), (7,), (7,), (7,), (7,), (7,), (7,), (7,), (7,), (7,), (7,), (7,), (7,), (7,), (7,), (7,), (7,), (7,), (7,), (7,), (7,), (7,), (7,), (7,), (7,), (7,), (7,), (7,), (7,), (7,), (7,), (7,), (7,), (7,), (7,), (7,), (7,), (7,), (7,), (7,), (7,), (7,), (7,))",99.4986,4545.698,0.482358,4645.1966,5568.64589510152,7550.93713601857,554.072470458349,34324.2798373253,2.68608089666938,,0.028668871289237
YOLOv3,BBBBBBBBBBBBBBBBBBBBBBBBBBBBBBBBBBBBBBBBBBBBBBBBBBBNBBBBBBBBBBBBBBBBBBBBBBB,"((7,), (7,), (7,), (7,), (7,), (7,), (7,), (7,), (7,), (7,), (7,), (7,), (7,), (7,), (7,), (7,), (7,), (7,), (7,), (7,), (7,), (7,), (7,), (7,), (7,), (7,), (7,), (7,), (7,), (7,), (7,), (7,), (7,), (7,), (7,), (7,), (7,), (7,), (7,), (7,), (7,), (7,), (7,), (7,), (7,), (7,), (7,), (7,), (7,), (7,), (7,), (7,), (7,), (7,), (7,), (7,), (7,), (7,), (7,), (7,), (7,), (7,), (7,), (7,), (7,), (7,), (7,), (7,), (7,), (7,), (7,), (7,), (7,), (7,), (7,))",99.6306,4434.3783,0.486121,4534.0089,5574.9834105502,7599.2590451308,555.438942183162,33697.9894058067,2.71011651052007,,0.029191848375914
YOLOv3,BBBBBBBBBBBBBBBBBBBBBBBBBBBBBBBBBBBBBBBBBBBBBBBBBBBBNBBBBBBBBBBBBBBBBBBBBBB,"((7,), (7,), (7,), (7,), (7,), (7,), (7,), (7,), (7,), (7,), (7,), (7,), (7,), (7,), (7,), (7,), (7,), (7,), (7,), (7,), (7,), (7,), (7,), (7,), (7,), (7,), (7,), (7,), (7,), (7,), (7,), (7,), (7,), (7,), (7,), (7,), (7,), (7,), (7,), (7,), (7,), (7,), (7,), (7,), (7,), (7,), (7,), (7,), (7,), (7,), (7,), (7,), (7,), (7,), (7,), (7,), (7,), (7,), (7,), (7,), (7,), (7,), (7,), (7,), (7,), (7,), (7,), (7,), (7,), (7,), (7,), (7,), (7,), (7,), (7,))",99.4773,4568.9205,0.495279,4668.3978,5564.95339760498,7525.93708935976,553.586538619569,34385.4082492861,2.75620455381239,,0.028619058049375
YOLOv3,BBBBBBBBBBBBBBBBBBBBBBBBBBBBBBBBBBBBBBBBBBBBBBBBBBBBBNBBBBBBBBBBBBBBBBBBBBB,"((7,), (7,), (7,), (7,), (7,), (7,), (7,), (7,), (7,), (7,), (7,), (7,), (7,), (7,), (7,), (7,), (7,), (7,), (7,), (7,), (7,), (7,), (7,), (7,), (7,), (7,), (7,), (7,), (7,), (7,), (7,), (7,), (7,), (7,), (7,), (7,), (7,), (7,), (7,), (7,), (7,), (7,), (7,), (7,), (7,), (7,), (7,), (7,), (7,), (7,), (7,), (7,), (7,), (7,), (7,), (7,), (7,), (7,), (7,), (7,), (7,), (7,), (7,), (7,), (7,), (7,), (7,), (7,), (7,), (7,), (7,), (7,), (7,), (7,), (7,))",101.048,4466.5758,0.433183,4567.6238,5658.70335804834,7571.64008017824,571.800656924069,33819.3043484342,2.45125409674945,,0.029075213753887
YOLOv3,BBBBBBBBBBBBBBBBBBBBBBBBBBBBBBBBBBBBBBBBBBBBBBBBBBBBBBNBBBBBBBBBBBBBBBBBBBB,"((7,), (7,), (7,), (7,), (7,), (7,), (7,), (7,), (7,), (7,), (7,), (7,), (7,), (7,), (7,), (7,), (7,), (7,), (7,), (7,), (7,), (7,), (7,), (7,), (7,), (7,), (7,), (7,), (7,), (7,), (7,), (7,), (7,), (7,), (7,), (7,), (7,), (7,), (7,), (7,), (7,), (7,), (7,), (7,), (7,), (7,), (7,), (7,), (7,), (7,), (7,), (7,), (7,), (7,), (7,), (7,), (7,), (7,), (7,), (7,), (7,), (7,), (7,), (7,), (7,), (7,), (7,), (7,), (7,), (7,), (7,), (7,), (7,), (7,), (7,))",99.7954,4348.7621,0.526692,4448.5575,5591.36309889831,7691.98952837387,557.992316999797,33450.6325345891,2.94492621328495,,0.029401759652171
YOLOv3,BBBBBBBBBBBBBBBBBBBBBBBBBBBBBBBBBBBBBBBBBBBBBBBBBBBBBBBNBBBBBBBBBBBBBBBBBBB,"((7,), (7,), (7,), (7,), (7,), (7,), (7,), (7,), (7,), (7,), (7,), (7,), (7,), (7,), (7,), (7,), (7,), (7,), (7,), (7,), (7,), (7,), (7,), (7,), (7,), (7,), (7,), (7,), (7,), (7,), (7,), (7,), (7,), (7,), (7,), (7,), (7,), (7,), (7,), (7,), (7,), (7,), (7,), (7,), (7,), (7,), (7,), (7,), (7,), (7,), (7,), (7,), (7,), (7,), (7,), (7,), (7,), (7,), (7,), (7,), (7,), (7,), (7,), (7,), (7,), (7,), (7,), (7,), (7,), (7,), (7,), (7,), (7,), (7,), (7,))",100.04,4517.94,0.405358,4617.98,5594.26079975216,7562.084206242,559.649850407206,34165.042718749,2.26767836926594,,0.028796070628475
YOLOv3,BBBBBBBBBBBBBBBBBBBBBBBBBBBBBBBBBBBBBBBBBBBBBBBBBBBBBBBBNBBBBBBBBBBBBBBBBBB,"((7,), (7,), (7,), (7,), (7,), (7,), (7,), (7,), (7,), (7,), (7,), (7,), (7,), (7,), (7,), (7,), (7,), (7,), (7,), (7,), (7,), (7,), (7,), (7,), (7,), (7,), (7,), (7,), (7,), (7,), (7,), (7,), (7,), (7,), (7,), (7,), (7,), (7,), (7,), (7,), (7,), (7,), (7,), (7,), (7,), (7,), (7,), (7,), (7,), (7,), (7,), (7,), (7,), (7,), (7,), (7,), (7,), (7,), (7,), (7,), (7,), (7,), (7,), (7,), (7,), (7,), (7,), (7,), (7,), (7,), (7,), (7,), (7,), (7,), (7,))",113.057,4404.3303,0.266087,4517.3873,5048.53558217448,7153.43341628132,570.7722873139,31506.0835443603,1.34334968745406,,0.031173819775426
YOLOv3,BBBBBBBBBBBBBBBBBBBBBBBBBBBBBBBBBBBBBBBBBBBBBBBBBBBBBBBBBNBBBBBBBBBBBBBBBBB,"((7,), (7,), (7,), (7,), (7,), (7,), (7,), (7,), (7,), (7,), (7,), (7,), (7,), (7,), (7,), (7,), (7,), (7,), (7,), (7,), (7,), (7,), (7,), (7,), (7,), (7,), (7,), (7,), (7,), (7,), (7,), (7,), (7,), (7,), (7,), (7,), (7,), (7,), (7,), (7,), (7,), (7,), (7,), (7,), (7,), (7,), (7,), (7,), (7,), (7,), (7,), (7,), (7,), (7,), (7,), (7,), (7,), (7,), (7,), (7,), (7,), (7,), (7,), (7,), (7,), (7,), (7,), (7,), (7,), (7,), (7,), (7,), (7,), (7,), (7,))",99.426,4475.8533,0.332121,4575.2793,5278.4796425666,7146.62632209971,524.818116941827,31987.2510076369,1.75309393736886,,0.030756150208342
YOLOv3,BBBBBBBBBBBBBBBBBBBBBBBBBBBBBBBBBBBBBBBBBBBBBBBBBBBBBBBBBBNBBBBBBBBBBBBBBBB,"((7,), (7,), (7,), (7,), (7,), (7,), (7,), (7,), (7,), (7,), (7,), (7,), (7,), (7,), (7,), (7,), (7,), (7,), (7,), (7,), (7,), (7,), (7,), (7,), (7,), (7,), (7,), (7,), (7,), (7,), (7,), (7,), (7,), (7,), (7,), (7,), (7,), (7,), (7,), (7,), (7,), (7,), (7,), (7,), (7,), (7,), (7,), (7,), (7,), (7,), (7,), (7,), (7,), (7,), (7,), (7,), (7,), (7,), (7,), (7,), (7,), (7,), (7,), (7,), (7,), (7,), (7,), (7,), (7,), (7,), (7,), (7,), (7,), (7,), (7,))",100.305,4366.9691,0.223796,4467.2741,5271.76127513543,7355.41038337882,528.784014702459,32120.8498620344,1.17979908633021,,0.030627108099927
YOLOv3,BBBBBBBBBBBBBBBBBBBBBBBBBBBBBBBBBBBBBBBBBBBBBBBBBBBBBBBBBBBNBBBBBBBBBBBBBBB,"((7,), (7,), (7,), (7,), (7,), (7,), (7,), (7,), (7,), (7,), (7,), (7,), (7,), (7,), (7,), (7,), (7,), (7,), (7,), (7,), (7,), (7,), (7,), (7,), (7,), (7,), (7,), (7,), (7,), (7,), (7,), (7,), (7,), (7,), (7,), (7,), (7,), (7,), (7,), (7,), (7,), (7,), (7,), (7,), (7,), (7,), (7,), (7,), (7,), (7,), (7,), (7,), (7,), (7,), (7,), (7,), (7,), (7,), (7,), (7,), (7,), (7,), (7,), (7,), (7,), (7,), (7,), (7,), (7,), (7,), (7,), (7,), (7,), (7,), (7,))",99.6347,4675.2791,0.198071,4774.9138,5337.68992968516,7179.33057914145,531.819134837202,33565.3742086509,1.05724158206267,,0.029327017745533
YOLOv3,BBBBBBBBBBBBBBBBBBBBBBBBBBBBBBBBBBBBBBBBBBBBBBBBBBBBBBBBBBBBNBBBBBBBBBBBBBB,"((7,), (7,), (7,), (7,), (7,), (7,), (7,), (7,), (7,), (7,), (7,), (7,), (7,), (7,), (7,), (7,), (7,), (7,), (7,), (7,), (7,), (7,), (7,), (7,), (7,), (7,), (7,), (7,), (7,), (7,), (7,), (7,), (7,), (7,), (7,), (7,), (7,), (7,), (7,), (7,), (7,), (7,), (7,), (7,), (7,), (7,), (7,), (7,), (7,), (7,), (7,), (7,), (7,), (7,), (7,), (7,), (7,), (7,), (7,), (7,), (7,), (7,), (7,), (7,), (7,), (7,), (7,), (7,), (7,), (7,), (7,), (7,), (7,), (7,), (7,))",99.8119,4607.3306,0.236046,4707.1425,5417.1089001089,7247.5160520068,540.691931826779,33391.7024804021,1.27868688743511,,0.029469253065506
YOLOv3,BBBBBBBBBBBBBBBBBBBBBBBBBBBBBBBBBBBBBBBBBBBBBBBBBBBBBBBBBBBBBNBBBBBBBBBBBBB,"((7,), (7,), (7,), (7,), (7,), (7,), (7,), (7,), (7,), (7,), (7,), (7,), (7,), (7,), (7,), (7,), (7,), (7,), (7,), (7,), (7,), (7,), (7,), (7,), (7,), (7,), (7,), (7,), (7,), (7,), (7,), (7,), (7,), (7,), (7,), (7,), (7,), (7,), (7,), (7,), (7,), (7,), (7,), (7,), (7,), (7,), (7,), (7,), (7,), (7,), (7,), (7,), (7,), (7,), (7,), (7,), (7,), (7,), (7,), (7,), (7,), (7,), (7,), (7,), (7,), (7,), (7,), (7,), (7,), (7,), (7,), (7,), (7,), (7,), (7,))",99.5344,4528.339,0.180863,4627.8734,5390.69269938835,7319.21551603419,536.559363418,33143.8890706627,0.974976853689476,,0.029689956620876
YOLOv3,BBBBBBBBBBBBBBBBBBBBBBBBBBBBBBBBBBBBBBBBBBBBBBBBBBBBBBBBBBBBBBNBBBBBBBBBBBB,"((7,), (7,), (7,), (7,), (7,), (7,), (7,), (7,), (7,), (7,), (7,), (7,), (7,), (7,), (7,), (7,), (7,), (7,), (7,), (7,), (7,), (7,), (7,), (7,), (7,), (7,), (7,), (7,), (7,), (7,), (7,), (7,), (7,), (7,), (7,), (7,), (7,), (7,), (7,), (7,), (7,), (7,), (7,), (7,), (7,), (7,), (7,), (7,), (7,), (7,), (7,), (7,), (7,), (7,), (7,), (7,), (7,), (7,), (7,), (7,), (7,), (7,), (7,), (7,), (7,), (7,), (7,), (7,), (7,), (7,), (7,), (7,), (7,), (7,), (7,))",99.447,4363.5475,0.216737,4462.9945,5399.47598321869,7500.71896550949,536.961688103149,32729.7434901515,1.17026622617487,,0.030059028015445
YOLOv3,BBBBBBBBBBBBBBBBBBBBBBBBBBBBBBBBBBBBBBBBBBBBBBBBBBBBBBBBBBBBBBBNBBBBBBBBBBB,"((7,), (7,), (7,), (7,), (7,), (7,), (7,), (7,), (7,), (7,), (7,), (7,), (7,), (7,), (7,), (7,), (7,), (7,), (7,), (7,), (7,), (7,), (7,), (7,), (7,), (7,), (7,), (7,), (7,), (7,), (7,), (7,), (7,), (7,), (7,), (7,), (7,), (7,), (7,), (7,), (7,), (7,), (7,), (7,), (7,), (7,), (7,), (7,), (7,), (7,), (7,), (7,), (7,), (7,), (7,), (7,), (7,), (7,), (7,), (7,), (7,), (7,), (7,), (7,), (7,), (7,), (7,), (7,), (7,), (7,), (7,), (7,), (7,), (7,), (7,))",99.9067,4467.416,0.232546,4567.3227,5426.84702314341,7393.05534583108,542.178377487082,33027.8537408513,1.26199156784391,,0.029787353347958
YOLOv3,BBBBBBBBBBBBBBBBBBBBBBBBBBBBBBBBBBBBBBBBBBBBBBBBBBBBBBBBBBBBBBBBNBBBBBBBBBB,"((7,), (7,), (7,), (7,), (7,), (7,), (7,), (7,), (7,), (7,), (7,), (7,), (7,), (7,), (7,), (7,), (7,), (7,), (7,), (7,), (7,), (7,), (7,), (7,), (7,), (7,), (7,), (7,), (7,), (7,), (7,), (7,), (7,), (7,), (7,), (7,), (7,), (7,), (7,), (7,), (7,), (7,), (7,), (7,), (7,), (7,), (7,), (7,), (7,), (7,), (7,), (7,), (7,), (7,), (7,), (7,), (7,), (7,), (7,), (7,), (7,), (7,), (7,), (7,), (7,), (7,), (7,), (7,), (7,), (7,), (7,), (7,), (7,), (7,), (7,))",99.4459,4563.8047,0.253108,4663.2506,5442.82117138639,7377.8070952839,541.266249927574,33670.87069715,1.37762158104727,,0.02922821617736
YOLOv3,BBBBBBBBBBBBBBBBBBBBBBBBBBBBBBBBBBBBBBBBBBBBBBBBBBBBBBBBBBBBBBBBBNBBBBBBBBB,"((7,), (7,), (7,), (7,), (7,), (7,), (7,), (7,), (7,), (7,), (7,), (7,), (7,), (7,), (7,), (7,), (7,), (7,), (7,), (7,), (7,), (7,), (7,), (7,), (7,), (7,), (7,), (7,), (7,), (7,), (7,), (7,), (7,), (7,), (7,), (7,), (7,), (7,), (7,), (7,), (7,), (7,), (7,), (7,), (7,), (7,), (7,), (7,), (7,), (7,), (7,), (7,), (7,), (7,), (7,), (7,), (7,), (7,), (7,), (7,), (7,), (7,), (7,), (7,), (7,), (7,), (7,), (7,), (7,), (7,), (7,), (7,), (7,), (7,), (7,))",99.5425,4550.8977,0.22785,4650.4402,5480.05689327548,7383.57696535573,545.498563298874,33601.9034294104,1.24863096313282,,0.029283733961271
YOLOv3,BBBBBBBBBBBBBBBBBBBBBBBBBBBBBBBBBBBBBBBBBBBBBBBBBBBBBBBBBBBBBBBBBBNBBBBBBBB,"((7,), (7,), (7,), (7,), (7,), (7,), (7,), (7,), (7,), (7,), (7,), (7,), (7,), (7,), (7,), (7,), (7,), (7,), (7,), (7,), (7,), (7,), (7,), (7,), (7,), (7,), (7,), (7,), (7,), (7,), (7,), (7,), (7,), (7,), (7,), (7,), (7,), (7,), (7,), (7,), (7,), (7,), (7,), (7,), (7,), (7,), (7,), (7,), (7,), (7,), (7,), (7,), (7,), (7,), (7,), (7,), (7,), (7,), (7,), (7,), (7,), (7,), (7,), (7,), (7,), (7,), (7,), (7,), (7,), (7,), (7,), (7,), (7,), (7,), (7,))",99.498,4371.4072,0.121859,4470.9052,5469.57220087834,7603.29010193889,544.211494842993,33237.0770953044,0.666516598826833,,0.029601602300404
YOLOv3,BBBBBBBBBBBBBBBBBBBBBBBBBBBBBBBBBBBBBBBBBBBBBBBBBBBBBBBBBBBBBBBBBBBNBBBBBBB,"((7,), (7,), (7,), (7,), (7,), (7,), (7,), (7,), (7,), (7,), (7,), (7,), (7,), (7,), (7,), (7,), (7,), (7,), (7,), (7,), (7,), (7,), (7,), (7,), (7,), (7,), (7,), (7,), (7,), (7,), (7,), (7,), (7,), (7,), (7,), (7,), (7,), (7,), (7,), (7,), (7,), (7,), (7,), (7,), (7,), (7,), (7,), (7,), (7,), (7,), (7,), (7,), (7,), (7,), (7,), (7,), (7,), (7,), (7,), (7,), (7,), (7,), (7,), (7,), (7,), (7,), (7,), (7,), (7,), (7,), (7,), (7,), (7,), (7,), (7,))",99.7922,4689.7218,0.121566,4789.514,5487.75882333908,7352.72404336655,547.635526050418,34482.2302355603,0.667124889118039,,0.028546525490778
YOLOv3,BBBBBBBBBBBBBBBBBBBBBBBBBBBBBBBBBBBBBBBBBBBBBBBBBBBBBBBBBBBBBBBBBBBBNBBBBBB,"((7,), (7,), (7,), (7,), (7,), (7,), (7,), (7,), (7,), (7,), (7,), (7,), (7,), (7,), (7,), (7,), (7,), (7,), (7,), (7,), (7,), (7,), (7,), (7,), (7,), (7,), (7,), (7,), (7,), (7,), (7,), (7,), (7,), (7,), (7,), (7,), (7,), (7,), (7,), (7,), (7,), (7,), (7,), (7,), (7,), (7,), (7,), (7,), (7,), (7,), (7,), (7,), (7,), (7,), (7,), (7,), (7,), (7,), (7,), (7,), (7,), (7,), (7,), (7,), (7,), (7,), (7,), (7,), (7,), (7,), (7,), (7,), (7,), (7,), (7,))",99.4225,4621.3355,0.117833,4720.758,5474.64826438203,7371.22590681214,544.303217065523,34064.9079616707,0.645094228936928,,0.028893503402993
YOLOv3,BBBBBBBBBBBBBBBBBBBBBBBBBBBBBBBBBBBBBBBBBBBBBBBBBBBBBBBBBBBBBBBBBBBBBNBBBBB,"((7,), (7,), (7,), (7,), (7,), (7,), (7,), (7,), (7,), (7,), (7,), (7,), (7,), (7,), (7,), (7,), (7,), (7,), (7,), (7,), (7,), (7,), (7,), (7,), (7,), (7,), (7,), (7,), (7,), (7,), (7,), (7,), (7,), (7,), (7,), (7,), (7,), (7,), (7,), (7,), (7,), (7,), (7,), (7,), (7,), (7,), (7,), (7,), (7,), (7,), (7,), (7,), (7,), (7,), (7,), (7,), (7,), (7,), (7,), (7,), (7,), (7,), (7,), (7,), (7,), (7,), (7,), (7,), (7,), (7,), (7,), (7,), (7,), (7,), (7,))",99.5546,4502.8354,0.119408,4602.39,5494.74333578682,7460.99853839184,547.026974896922,33595.648338019,0.656116312239632,,0.029288296078336
YOLOv3,BBBBBBBBBBBBBBBBBBBBBBBBBBBBBBBBBBBBBBBBBBBBBBBBBBBBBBBBBBBBBBBBBBBBBBNBBBB,"((7,), (7,), (7,), (7,), (7,), (7,), (7,), (7,), (7,), (7,), (7,), (7,), (7,), (7,), (7,), (7,), (7,), (7,), (7,), (7,), (7,), (7,), (7,), (7,), (7,), (7,), (7,), (7,), (7,), (7,), (7,), (7,), (7,), (7,), (7,), (7,), (7,), (7,), (7,), (7,), (7,), (7,), (7,), (7,), (7,), (7,), (7,), (7,), (7,), (7,), (7,), (7,), (7,), (7,), (7,), (7,), (7,), (7,), (7,), (7,), (7,), (7,), (7,), (7,), (7,), (7,), (7,), (7,), (7,), (7,), (7,), (7,), (7,), (7,), (7,))",99.4253,4414.2573,0.121275,4513.6826,5519.84919271876,7573.85442404507,548.81266194082,33432.9421804782,0.669419710846967,,0.029426976494858
YOLOv3,BBBBBBBBBBBBBBBBBBBBBBBBBBBBBBBBBBBBBBBBBBBBBBBBBBBBBBBBBBBBBBBBBBBBBBBNBBB,"((7,), (7,), (7,), (7,), (7,), (7,), (7,), (7,), (7,), (7,), (7,), (7,), (7,), (7,), (7,), (7,), (7,), (7,), (7,), (7,), (7,), (7,), (7,), (7,), (7,), (7,), (7,), (7,), (7,), (7,), (7,), (7,), (7,), (7,), (7,), (7,), (7,), (7,), (7,), (7,), (7,), (7,), (7,), (7,), (7,), (7,), (7,), (7,), (7,), (7,), (7,), (7,), (7,), (7,), (7,), (7,), (7,), (7,), (7,), (7,), (7,), (7,), (7,), (7,), (7,), (7,), (7,), (7,), (7,), (7,), (7,), (7,), (7,), (7,), (7,))",99.853,4557.838,0.117863,4657.691,5474.83093080766,7444.27009124188,546.678292933937,33929.7771041257,0.645279997997783,,0.029004759111471
YOLOv3,BBBBBBBBBBBBBBBBBBBBBBBBBBBBBBBBBBBBBBBBBBBBBBBBBBBBBBBBBBBBBBBBBBBBBBBBNBB,"((7,), (7,), (7,), (7,), (7,), (7,), (7,), (7,), (7,), (7,), (7,), (7,), (7,), (7,), (7,), (7,), (7,), (7,), (7,), (7,), (7,), (7,), (7,), (7,), (7,), (7,), (7,), (7,), (7,), (7,), (7,), (7,), (7,), (7,), (7,), (7,), (7,), (7,), (7,), (7,), (7,), (7,), (7,), (7,), (7,), (7,), (7,), (7,), (7,), (7,), (7,), (7,), (7,), (7,), (7,), (7,), (7,), (7,), (7,), (7,), (7,), (7,), (7,), (7,), (7,), (7,), (7,), (7,), (7,), (7,), (7,), (7,), (7,), (7,), (7,))",99.5236,4608.4068,0.118533,4707.9304,5512.25171314689,7418.31625992812,548.599134598546,34186.6190968033,0.65338373231444,,0.028788683096246
YOLOv3,BBBBBBBBBBBBBBBBBBBBBBBBBBBBBBBBBBBBBBBBBBBBBBBBBBBBBBBBBBBBBBBBBBBBBBBBBNB,"((7,), (7,), (7,), (7,), (7,), (7,), (7,), (7,), (7,), (7,), (7,), (7,), (7,), (7,), (7,), (7,), (7,), (7,), (7,), (7,), (7,), (7,), (7,), (7,), (7,), (7,), (7,), (7,), (7,), (7,), (7,), (7,), (7,), (7,), (7,), (7,), (7,), (7,), (7,), (7,), (7,), (7,), (7,), (7,), (7,), (7,), (7,), (7,), (7,), (7,), (7,), (7,), (7,), (7,), (7,), (7,), (7,), (7,), (7,), (7,), (7,), (7,), (7,), (7,), (7,), (7,), (7,), (7,), (7,), (7,), (7,), (7,), (7,), (7,), (7,))",99.4578,4650.4285,0.121362,4749.8863,5467.34037955777,7396.1168518977,543.769646001981,34395.1125973953,0.66352736314389,,0.028620864351272
YOLOv3,BBBBBBBBBBBBBBBBBBBBBBBBBBBBBBBBBBBBBBBBBBBBBBBBBBBBBBBBBBBBBBBBBBBBBBBBBBN,"((7,), (7,), (7,), (7,), (7,), (7,), (7,), (7,), (7,), (7,), (7,), (7,), (7,), (7,), (7,), (7,), (7,), (7,), (7,), (7,), (7,), (7,), (7,), (7,), (7,), (7,), (7,), (7,), (7,), (7,), (7,), (7,), (7,), (7,), (7,), (7,), (7,), (7,), (7,), (7,), (7,), (7,), (7,), (7,), (7,), (7,), (7,), (7,), (7,), (7,), (7,), (7,), (7,), (7,), (7,), (7,), (7,), (7,), (7,), (7,), (7,), (7,), (7,), (7,), (7,), (7,), (7,), (7,), (7,), (7,), (7,), (7,), (7,), (7,), (7,))",99.5151,4569.9859,0.140409,4669.501,5550.17327599936,7411.27944775623,552.326048578404,33869.4425772058,0.779294279509795,,0.02905072577202
