1,1420655,3100.00
1,1420656,5210.00
1,1420658,4950.00
1,1420659,4950.00
1,1420661,4950.00
1,1420663,4970.00
1,1420664,4990.00
1,1420666,5000.00
1,1420667,5000.00
1,1420669,4980.00
1,1420670,5030.00
1,1420673,4990.00
1,1420675,4990.00
1,1420676,5020.00
1,1420678,5020.00
1,1420679,5020.00
1,1420681,5040.00
1,1420682,4990.00
1,1420684,5020.00
1,1420686,5020.00
1,1420687,5020.00
1,1420689,5000.00
1,1420690,5000.00
1,1420692,5000.00
1,1420694,5020.00
1,1420695,5000.00
1,1420697,4990.00
1,1420698,4990.00
1,1420700,5130.00
1,1420701,5130.00
1,1420703,5130.00
1,1420705,5160.00
1,1420706,5150.00
1,1420708,5150.00
1,1420709,5150.00
1,1420711,5160.00
1,1420712,5180.00
1,1420715,5200.00
1,1420717,5200.00
1,1420718,5160.00
1,1420720,5170.00
1,1420721,5170.00
1,1420723,5170.00
1,1420725,5160.00
1,1420726,5180.00
1,1420728,5180.00
1,1420729,5170.00
1,1420731,5180.00
1,1420732,5180.00
1,1420734,5180.00
1,1420736,5180.00
1,1420737,5170.00
1,1420739,5170.00
1,1420740,5170.00
1,1420742,5170.00
1,1420743,5210.00
1,1420745,5210.00
1,1420747,5200.00
1,1420748,5180.00
1,1420750,5200.00
1,1420751,5200.00
1,1420753,5180.00
0,1420754,5160.00
0,1420756,5590.00
0,1420759,5590.00
0,1420760,5350.00
0,1420762,5350.00
0,1420763,5480.00
0,1420765,5480.00
0,1420767,5360.00
0,1420768,5350.00
0,1420770,5350.00
0,1420771,5470.00
0,1420773,5680.00
0,1420774,4220.00
0,1420776,4220.00
0,1420778,3280.00
0,1420779,4190.00
0,1420781,3280.00
0,1420782,3280.00
0,1420784,3330.00
0,1420785,3350.00
0,1420787,3650.00
0,1420789,3650.00
0,1420790,3740.00
0,1420792,3740.00
0,1420793,3740.00
0,1420795,3720.00
0,1420796,3710.00
0,1420798,3710.00
0,1420801,3710.00
0,1420802,3700.00
0,1420804,3690.00
0,1420805,3670.00
0,1420807,3670.00
0,1420809,3620.00
0,1420810,3610.00
0,1420812,3530.00
0,1420813,3530.00
0,1420815,3530.00
0,1420816,3550.00
0,1420818,3550.00
0,1420820,3560.00
0,1420821,4040.00
0,1420823,4160.00
0,1420824,4160.00
0,1420826,4260.00
0,1420827,4100.00
0,1420829,4280.00
0,1420831,4280.00
0,1420832,4080.00
0,1420834,3580.00
0,1420835,3580.00
0,1420837,3490.00
0,1420838,4120.00
0,1420840,4250.00
0,1420843,4250.00
0,1420844,3400.00
0,1420846,4710.00
0,1420847,4190.00
0,1420849,4190.00
0,1420851,4170.00
0,1420852,4760.00
0,1420854,4210.00
0,1420855,4210.00
0,1420857,4200.00
0,1420858,3830.00
0,1420860,3830.00
0,1420862,4220.00
0,1420863,3760.00
0,1420865,4530.00
0,1420866,4530.00
0,1420868,4620.00
0,1420869,4520.00
0,1420871,4280.00
0,1420873,4280.00
0,1420874,4330.00
0,1420876,4440.00
0,1420877,4060.00
0,1420879,4060.00
0,1420880,4390.00
0,1420882,4070.00
0,1420884,4070.00
0,1420886,4470.00
0,1420888,4080.00
0,1420889,4530.00
0,1420891,4530.00
0,1420893,4160.00
0,1420894,4300.00
0,1420896,4280.00
0,1420897,4280.00
0,1420899,4530.00
0,1420900,4450.00
0,1420902,4830.00
0,1420904,4830.00
0,1420905,4510.00
0,1420907,3740.00
0,1420908,3740.00
0,1420910,4770.00
0,1420911,4670.00
0,1420913,4800.00
0,1420915,4800.00
0,1420916,4740.00
0,1420918,4210.00
0,1420919,4980.00
0,1420921,4980.00
0,1420922,5360.00
0,1420924,4310.00
0,1420926,5130.00
0,1420928,5130.00
0,1420930,5220.00
0,1420931,4300.00
0,1420933,4300.00
0,1420935,5120.00
0,1420936,5260.00
0,1420938,4300.00
0,1420939,4300.00
0,1420941,5300.00
0,1420942,4470.00
0,1420944,4890.00
0,1420946,4890.00
0,1420947,5120.00
0,1420949,4610.00
0,1420950,4610.00
0,1420952,4360.00
0,1420953,5220.00
0,1420955,5520.00
0,1420957,5520.00
0,1420958,5040.00
0,1420960,4360.00
0,1420961,5060.00
0,1420963,5060.00
0,1420964,5500.00
0,1420966,5430.00
0,1420968,3850.00
0,1420969,3850.00
0,1420972,4740.00
0,1420973,4450.00
0,1420975,4450.00
0,1420977,5590.00
0,1420978,5810.00
0,1420980,3990.00
0,1420981,3990.00
0,1420983,3800.00
0,1420984,3760.00
0,1420986,5520.00
0,1420988,5520.00
0,1420989,4560.00
0,1420991,4340.00
0,1420992,5490.00
0,1420994,5490.00
0,1420995,4380.00
0,1420997,3720.00
0,1420999,3720.00
0,1421000,3760.00
0,1421002,3750.00
0,1421003,3720.00
0,1421005,3720.00
0,1421007,3780.00
0,1421008,3720.00
0,1421010,3750.00
0,1421011,3750.00
0,1421014,3750.00
0,1421015,3720.00
0,1421017,3330.00
0,1421019,3330.00
0,1421020,3290.00
0,1421022,3340.00
0,1421023,3340.00
0,1421025,3300.00
0,1421026,3330.00
0,1421028,4040.00
0,1421030,4040.00
0,1421031,4920.00
0,1421033,4740.00
0,1421034,4950.00
0,1421036,4950.00
0,1421037,4860.00
0,1421039,5160.00
0,1421041,5160.00
0,1421042,4790.00
0,1421044,5710.00
0,1421045,6030.00
0,1421047,6030.00
0,1421049,6400.00
0,1421050,5640.00
0,1421052,5160.00
0,1421053,5160.00
0,1421056,5170.00
0,1421057,4890.00
0,1421059,4670.00
0,1421061,4670.00
0,1421062,4680.00
0,1421064,4790.00
0,1421065,4790.00
0,1421067,4650.00
0,1421068,4880.00
0,1421070,4900.00
0,1421072,4900.00
0,1421073,4850.00
0,1421075,4850.00
0,1421076,4930.00
0,1421078,4930.00
0,1421079,4850.00
0,1421081,4860.00
0,1421083,5030.00
0,1421084,5030.00
0,1421086,4810.00
0,1421087,4850.00
0,1421089,4850.00
0,1421091,4850.00
0,1421092,4850.00
0,1421094,4980.00
0,1421095,4980.00
0,1421097,4950.00
0,1421099,4970.00
1,1421101,4150.00
1,1421103,4150.00
1,1421104,4990.00
1,1421106,3350.00
1,1421107,3240.00
1,1421109,3240.00
1,1421110,3170.00
1,1421112,3160.00
1,1421114,3160.00
1,1421115,3150.00
1,1421117,3140.00
1,1421118,3140.00
1,1421120,3140.00
1,1421121,3140.00
1,1421123,3150.00
1,1421125,3150.00
1,1421126,3150.00
1,1421128,3150.00
1,1421129,3150.00
1,1421131,3160.00
1,1421133,3160.00
1,1421134,3140.00
1,1421136,3160.00
1,1421137,3160.00
1,1421139,3150.00
1,1421140,3140.00
1,1421143,3160.00
1,1421145,3160.00
1,1421146,3150.00
1,1421148,3370.00
1,1421149,3290.00
1,1421151,3290.00
1,1421152,3140.00
1,1421154,3190.00
1,1421156,3190.00
1,1421157,3140.00
1,1421159,3150.00
1,1421160,3140.00
1,1421162,3140.00
1,1421163,3120.00
1,1421165,3160.00
1,1421167,3150.00
1,1421168,3150.00
1,1421170,3140.00
1,1421171,3110.00
1,1421173,3140.00
1,1421175,3140.00
1,1421176,3120.00
1,1421178,3160.00
1,1421179,3160.00
1,1421181,3150.00
1,1421182,3140.00
1,1421185,3140.00
1,1421187,3140.00
1,1421188,3140.00
1,1421190,3150.00
1,1421191,3140.00
1,1421193,3140.00
1,1421194,3150.00
1,1421196,3150.00
1,1421198,3140.00
1,1421199,3140.00
1,1421201,3140.00
1,1421202,3150.00
1,1421204,3150.00
1,1421205,3120.00
1,1421207,3170.00
1,1421209,3160.00
1,1421210,3160.00
1,1421212,3150.00
1,1421213,3150.00
1,1421215,3140.00
1,1421217,3140.00
1,1421218,3150.00
1,1421220,3170.00
1,1421221,3170.00
1,1421223,3170.00
1,1421224,3160.00
1,1421227,3160.00
1,1421229,3160.00
1,1421230,3150.00
1,1421232,3160.00
1,1421233,3170.00
1,1421235,3170.00
1,1421236,3160.00
1,1421238,3140.00
1,1421240,3140.00
1,1421241,3140.00
1,1421243,3170.00
1,1421244,3160.00
1,1421246,3160.00
1,1421248,3160.00
1,1421249,3150.00
1,1421251,3120.00
1,1421252,3120.00
1,1421254,3140.00
1,1421255,3140.00
1,1421257,3140.00
1,1421259,3140.00
1,1421260,3160.00
1,1421262,3140.00
1,1421263,3150.00
1,1421265,3150.00
1,1421266,3140.00
1,1421268,3150.00
1,1421271,3150.00
1,1421272,3150.00
1,1421274,3120.00
1,1421275,3150.00
1,1421277,3150.00
1,1421278,3160.00
1,1421280,3160.00
1,1421282,3150.00
1,1421283,3150.00
1,1421285,3140.00
1,1421286,3120.00
1,1421288,3160.00
1,1421290,3160.00
1,1421291,3190.00
1,1421293,3160.00
1,1421294,3160.00
1,1421296,3140.00
1,1421297,3140.00
1,1421299,3170.00
1,1421301,3170.00
1,1421302,3160.00
1,1421304,3150.00
1,1421305,3140.00
1,1421307,3140.00
1,1421308,3160.00
1,1421310,3140.00
1,1421313,3150.00
1,1421314,3150.00
1,1421316,3140.00
1,1421317,3170.00
1,1421319,3170.00
1,1421320,3210.00
1,1421322,3150.00
1,1421324,3160.00
1,1421325,3160.00
1,1421327,3150.00
1,1421328,3160.00
1,1421330,3190.00
1,1421332,3190.00
1,1421333,3150.00
1,1421335,3170.00
1,1421336,3140.00
1,1421338,3140.00
1,1421339,3150.00
1,1421341,3160.00
1,1421343,3160.00
1,1421344,3150.00
1,1421346,3150.00
1,1421347,3150.00
1,1421349,3150.00
1,1421350,3140.00
1,1421352,3190.00
1,1421355,3170.00
1,1421356,3170.00
1,1421358,3170.00
1,1421359,3170.00
1,1421361,3170.00
1,1421362,3150.00
1,1421364,3160.00
1,1421366,3150.00
1,1421367,3150.00
1,1421369,3160.00
1,1421370,3150.00
1,1421372,3190.00
1,1421374,3190.00
1,1421375,3160.00
1,1421377,3170.00
1,1421378,3160.00
1,1421380,3160.00
1,1421381,3150.00
1,1421383,3150.00
1,1421385,3150.00
1,1421386,3190.00
1,1421388,3170.00
1,1421389,3150.00
1,1421391,3150.00
1,1421392,3160.00
1,1421394,3140.00
1,1421396,3150.00
1,1421398,3150.00
1,1421400,3170.00
1,1421401,3160.00
1,1421403,3140.00
1,1421404,3140.00
1,1421406,3160.00
1,1421408,3160.00
1,1421409,3160.00
1,1421411,3170.00
1,1421412,3160.00
1,1421414,3150.00
1,1421416,3150.00
1,1421417,3160.00
1,1421419,3170.00
1,1421420,3150.00
1,1421422,3150.00
1,1421423,3150.00
1,1421425,3170.00
1,1421427,3160.00
1,1421428,3160.00
1,1421430,3160.00
1,1421431,3160.00
1,1421433,3160.00
1,1421434,3140.00
1,1421436,3160.00
1,1421438,3160.00
1,1421440,3160.00
1,1421442,3160.00
1,1421443,3160.00
1,1421445,3140.00
1,1421446,3140.00
1,1421448,3160.00
1,1421450,3160.00
1,1421451,3150.00
1,1421453,3150.00
1,1421454,3140.00
1,1421456,3150.00
1,1421458,3150.00
1,1421459,3190.00
1,1421461,3150.00
1,1421462,3160.00
1,1421464,3160.00
1,1421465,3150.00
1,1421467,3170.00
1,1421469,3160.00
1,1421470,3160.00
1,1421472,3170.00
1,1421473,3150.00
1,1421475,3150.00
1,1421476,3140.00
1,1421478,3170.00
1,1421480,3170.00
1,1421481,3170.00
1,1421484,3160.00
1,1421485,3160.00
1,1421487,3150.00
1,1421488,3150.00
1,1421490,3160.00
1,1421492,3170.00
1,1421493,3170.00
1,1421495,3170.00
1,1421496,3150.00
1,1421498,3150.00
1,1421500,3150.00
1,1421501,3170.00
1,1421503,3150.00
1,1421504,3160.00
1,1421506,3160.00
1,1421507,3150.00
1,1421509,3140.00
1,1421511,3140.00
1,1421512,3140.00
1,1421514,3170.00
1,1421515,3160.00
1,1421517,3170.00
1,1421518,3170.00
1,1421520,3150.00
1,1421522,3160.00
1,1421523,3160.00
1,1421526,3170.00
1,1421527,3150.00
1,1421529,3160.00
1,1421531,3160.00
1,1421532,3120.00
1,1421534,3160.00
1,1421535,3150.00
1,1421537,3150.00
1,1421538,3160.00
0,1421540,3230.00
0,1421542,3240.00
0,1421543,3240.00
0,1421545,3260.00
0,1421546,3250.00
0,1421548,3250.00
0,1421549,3200.00
0,1421551,3210.00
0,1421553,3210.00
0,1421554,3210.00
0,1421556,3230.00
0,1421557,3190.00
0,1421559,3260.00
0,1421560,3260.00
0,1421562,3210.00
0,1421564,3210.00
0,1421565,3170.00
0,1421568,3170.00
0,1421569,3190.00
0,1421571,3190.00
0,1421573,3190.00
0,1421574,3210.00
0,1421576,3200.00
0,1421577,3200.00
0,1421579,3200.00
0,1421580,3170.00
0,1421582,3200.00
0,1421584,3210.00
0,1421585,3210.00
0,1421587,3200.00
0,1421588,3190.00
0,1421590,3190.00
0,1421591,3210.00
0,1421593,3230.00
0,1421595,3230.00
0,1421596,3230.00
0,1421598,3190.00
0,1421599,3170.00
0,1421601,3330.00
0,1421602,3330.00
0,1421604,3250.00
0,1421606,3200.00
0,1421607,3460.00
0,1421609,3460.00
0,1421611,3430.00
0,1421613,3280.00
0,1421615,3280.00
0,1421616,3260.00
0,1421618,3050.00
0,1421619,3440.00
0,1421621,3440.00
0,1421622,3340.00
0,1421624,3080.00
0,1421626,3170.00
0,1421627,3170.00
0,1421629,3320.00
0,1421630,3390.00
0,1421632,3370.00
0,1421633,3370.00
0,1421635,3400.00
0,1421637,3370.00
0,1421638,3370.00
0,1421640,3380.00
0,1421641,3400.00
0,1421643,3390.00
0,1421644,3390.00
0,1421646,3380.00
0,1421648,3350.00
0,1421649,3380.00
0,1421651,3380.00
0,1421652,3370.00
0,1421655,3350.00
0,1421657,3340.00
0,1421658,3340.00
0,1421660,3330.00
0,1421661,3940.00
0,1421663,3940.00
0,1421664,4020.00
0,1421666,4150.00
0,1421668,3940.00
0,1421669,3940.00
0,1421671,4150.00
0,1421672,3920.00
0,1421674,3440.00
0,1421675,3440.00
0,1421677,3320.00
0,1421679,4010.00
0,1421680,4010.00
0,1421682,4120.00
0,1421683,3280.00
0,1421685,4600.00
0,1421686,4600.00
0,1421688,4060.00
0,1421690,4060.00
0,1421691,4630.00
0,1421693,4630.00
0,1421694,4100.00
0,1421697,4070.00
0,1421699,3670.00
0,1421700,3670.00
0,1421702,3440.00
0,1421703,3670.00
0,1421705,3670.00
0,1421706,4400.00
0,1421708,4540.00
0,1421710,4380.00
0,1421711,4380.00
0,1421713,4150.00
0,1421714,4290.00
0,1421716,4300.00
0,1421717,4300.00
0,1421719,3930.00
0,1421721,4280.00
0,1421722,3880.00
0,1421724,3880.00
0,1421725,4260.00
0,1421727,3940.00
0,1421728,3940.00
0,1421730,4480.00
0,1421732,3980.00
0,1421733,4300.00
0,1421735,4300.00
0,1421736,4020.00
0,1421739,4280.00
0,1421741,4210.00
0,1421742,4210.00
0,1421744,4530.00
0,1421745,4310.00
0,1421747,3490.00
0,1421748,3490.00
0,1421750,4750.00
0,1421752,4630.00
0,1421753,4630.00
0,1421755,4560.00
0,1421756,4670.00
0,1421758,4160.00
0,1421759,4160.00
0,1421761,4520.00
0,1421763,5400.00
0,1421764,4130.00
0,1421766,4130.00
0,1421767,4610.00
0,1421769,5430.00
0,1421770,4100.00
0,1421772,4100.00
0,1421774,4700.00
0,1421775,5260.00
0,1421777,5260.00
0,1421778,4120.00
0,1421780,4750.00
0,1421783,4600.00
0,1421784,4600.00
0,1421786,4740.00
0,1421787,4980.00
0,1421789,4660.00
0,1421790,4660.00
0,1421792,3980.00
0,1421794,4790.00
0,1421795,4790.00
0,1421797,5470.00
0,1421798,5160.00
0,1421800,4560.00
0,1421801,4560.00
0,1421803,4740.00
0,1421805,5290.00
0,1421806,5300.00
0,1421808,5300.00
0,1421809,3710.00
0,1421811,4920.00
0,1421813,3930.00
0,1421814,3930.00
0,1421816,5040.00
0,1421817,5610.00
0,1421819,5610.00
0,1421820,3700.00
0,1421822,3620.00
0,1421825,3560.00
0,1421826,3560.00
0,1421828,5410.00
0,1421829,4710.00
0,1421831,4100.00
0,1421832,4100.00
0,1421834,4860.00
0,1421836,3940.00
0,1421837,3600.00
0,1421839,3600.00
0,1421840,3580.00
0,1421842,3550.00
0,1421843,3550.00
0,1421845,3580.00
0,1421847,3580.00
0,1421848,3580.00
0,1421850,3580.00
0,1421851,3570.00
0,1421853,3560.00
0,1421855,3580.00
0,1421856,3580.00
0,1421858,3210.00
0,1421859,3120.00
0,1421861,3170.00
0,1421862,3170.00
0,1421864,3170.00
0,1421867,3120.00
0,1421868,3120.00
0,1421870,3170.00
0,1421871,3150.00
0,1421873,3140.00
0,1421874,3140.00
0,1421876,3330.00
0,1421878,3190.00
0,1421879,3480.00
0,1421881,3480.00
0,1421882,3430.00
0,1421884,3200.00
0,1421885,3200.00
0,1421887,3690.00
0,1421889,3840.00
0,1421890,3610.00
0,1421892,3610.00
0,1421893,3370.00
0,1421895,3350.00
0,1421897,3420.00
0,1421898,3420.00
0,1421900,3370.00
0,1421901,3380.00
0,1421903,3380.00
0,1421904,3380.00
0,1421906,3380.00
0,1421908,3420.00
0,1421910,3420.00
0,1421912,3400.00
0,1421913,3340.00
0,1421915,3330.00
0,1421916,3330.00
0,1421918,3240.00
0,1421920,3250.00
0,1421921,3230.00
0,1421923,3230.00
0,1421924,3210.00
0,1421926,3210.00
0,1421927,3250.00
0,1421929,3250.00
0,1421931,3200.00
0,1421932,3170.00
0,1421934,3170.00
0,1421935,3200.00
0,1421937,3200.00
0,1421939,3210.00
0,1421940,3210.00
0,1421942,3210.00
0,1421943,3230.00
0,1421945,3250.00
0,1421946,3250.00
0,1421948,3240.00
0,1421950,3210.00
0,1421952,3230.00
0,1421954,3230.00
0,1421955,3230.00
0,1421957,3250.00
0,1421958,3250.00
0,1421960,3230.00
0,1421962,3200.00
0,1421963,3240.00
0,1421965,3240.00
0,1421966,3250.00
0,1421968,3210.00
0,1421969,3230.00
0,1421971,3230.00
0,1421973,3230.00
0,1421974,3230.00
0,1421976,3250.00
0,1421977,3250.00
0,1421979,3250.00
0,1421981,3240.00
0,1421982,3240.00
0,1421984,3240.00
0,1421985,3240.00
0,1421987,3230.00
0,1421988,3230.00
0,1421990,3240.00
0,1421992,3240.00
0,1421993,3250.00
0,1421996,3250.00
0,1421997,3230.00
0,1421999,3240.00
0,1422000,3240.00
0,1422002,3230.00
0,1422004,3280.00
0,1422005,3200.00
0,1422007,3200.00
0,1422008,3200.00
0,1422010,3240.00
0,1422011,3230.00
0,1422013,3230.00
0,1422015,3260.00
0,1422016,3230.00
0,1422018,3240.00
0,1422019,3240.00
0,1422021,3230.00
0,1422023,3250.00
0,1422024,3250.00
0,1422026,3230.00
0,1422027,3200.00
0,1422029,3240.00
0,1422030,3240.00
0,1422032,3250.00
0,1422034,3140.00
0,1422035,3030.00
1,1422038,3030.00
1,1422039,3240.00
1,1422041,3290.00
1,1422042,3140.00
1,1422044,3140.00
1,1422046,3140.00
1,1422047,3150.00
1,1422049,3150.00
1,1422050,3120.00
1,1422052,3390.00
1,1422053,3380.00
1,1422055,3380.00
1,1422057,3350.00
1,1422058,3370.00
1,1422060,3330.00
1,1422061,3330.00
1,1422063,3300.00
1,1422065,3320.00
1,1422066,3440.00
1,1422068,3440.00
1,1422069,3340.00
1,1422071,3340.00
1,1422072,3340.00
1,1422074,3390.00
1,1422076,3370.00
1,1422077,3460.00
1,1422080,3460.00
1,1422081,3380.00
1,1422083,3390.00
1,1422084,3150.00
1,1422086,3150.00
1,1422088,3170.00
1,1422089,3140.00
1,1422091,3170.00
1,1422092,3170.00
1,1422094,3190.00
1,1422096,3150.00
1,1422097,3150.00
1,1422099,3150.00
1,1422100,3190.00
1,1422102,3170.00
1,1422103,3170.00
1,1422105,3140.00
1,1422107,3150.00
1,1422108,3140.00
1,1422110,3140.00
1,1422111,3150.00
1,1422113,3160.00
1,1422114,3160.00
1,1422116,3140.00
1,1422118,3150.00
1,1422119,3150.00
1,1422121,3150.00
1,1422123,3110.00
1,1422125,3140.00
1,1422126,3120.00
1,1422128,3120.00
1,1422130,3140.00
1,1422131,3160.00
1,1422133,3140.00
1,1422134,3140.00
1,1422136,3120.00
1,1422138,3140.00
1,1422139,3140.00
1,1422141,3170.00
1,1422142,3150.00
1,1422144,3140.00
1,1422145,3140.00
1,1422147,3120.00
1,1422149,3140.00
1,1422150,3140.00
1,1422152,3140.00
1,1422153,3150.00
1,1422155,3140.00
1,1422156,3170.00
1,1422158,3170.00
1,1422160,3190.00
1,1422161,3140.00
1,1422163,3140.00
1,1422164,3150.00
1,1422167,3140.00
1,1422168,3120.00
1,1422170,3120.00
1,1422172,3120.00
1,1422173,3150.00
1,1422175,3170.00
1,1422176,3170.00
1,1422178,3150.00
1,1422180,3140.00
1,1422181,3140.00
1,1422183,3140.00
1,1422184,3160.00
1,1422186,3150.00
1,1422187,3150.00
1,1422189,3150.00
1,1422191,3140.00
1,1422192,3120.00
1,1422194,3120.00
1,1422195,3140.00
1,1422197,3140.00
1,1422198,3150.00
1,1422200,3150.00
1,1422202,3140.00
1,1422203,3140.00
1,1422205,3140.00
1,1422206,3160.00
1,1422209,3170.00
1,1422210,3140.00
1,1422212,3140.00
1,1422214,3150.00
1,1422215,3150.00
1,1422217,3120.00
1,1422218,3120.00
1,1422220,3150.00
1,1422222,3150.00
1,1422223,3140.00
1,1422225,3140.00
1,1422226,3140.00
1,1422228,3140.00
1,1422229,3140.00
1,1422231,3170.00
1,1422233,3150.00
1,1422234,3150.00
1,1422236,3150.00
1,1422237,3150.00
1,1422239,3170.00
1,1422240,3160.00
1,1422242,3160.00
1,1422244,3150.00
1,1422245,3160.00
1,1422247,3140.00
1,1422248,3140.00
1,1422251,3170.00
1,1422252,3160.00
1,1422254,3160.00
1,1422256,3150.00
1,1422257,3140.00
1,1422259,3140.00
1,1422260,3140.00
1,1422262,3160.00
1,1422264,3160.00
1,1422265,3160.00
1,1422267,3160.00
1,1422268,3150.00
1,1422270,3140.00
1,1422271,3140.00
1,1422273,3140.00
1,1422275,3170.00
1,1422276,3160.00
1,1422278,3160.00
1,1422279,3140.00
1,1422281,3150.00
1,1422282,3170.00
1,1422284,3170.00
1,1422286,3160.00
1,1422287,3150.00
1,1422289,3150.00
1,1422290,3150.00
1,1422292,3140.00
1,1422294,3170.00
1,1422296,3150.00
1,1422298,3150.00
1,1422299,3150.00
1,1422301,3150.00
1,1422302,3150.00
1,1422304,3150.00
1,1422306,3140.00
1,1422307,3160.00
1,1422309,3160.00
1,1422310,3160.00
1,1422312,3150.00
1,1422313,3150.00
1,1422315,3150.00
1,1422317,3160.00
1,1422318,3160.00
1,1422320,3160.00
1,1422321,3150.00
1,1422323,3150.00
1,1422324,3140.00
1,1422326,3140.00
1,1422328,3170.00
1,1422329,3170.00
1,1422331,3170.00
1,1422332,3170.00
1,1422334,3150.00
1,1422336,3150.00
1,1422338,3150.00
1,1422340,3150.00
1,1422341,3170.00
1,1422343,3170.00
1,1422344,3170.00
1,1422346,3160.00
1,1422348,3150.00
1,1422349,3170.00
1,1422351,3170.00
1,1422352,3170.00
1,1422354,3160.00
1,1422355,3150.00
1,1422357,3150.00
1,1422359,3140.00
1,1422360,3140.00
1,1422362,3160.00
1,1422363,3160.00
1,1422365,3190.00
1,1422366,3160.00
1,1422368,3160.00
1,1422370,3160.00
1,1422371,3150.00
1,1422373,3170.00
1,1422374,3170.00
1,1422376,3160.00
1,1422379,3190.00
1,1422380,3150.00
1,1422382,3150.00
1,1422383,3170.00
1,1422385,3190.00
1,1422386,3160.00
1,1422388,3160.00
1,1422390,3160.00
1,1422391,3150.00
1,1422393,3150.00
1,1422394,3160.00
1,1422396,3150.00
1,1422397,3150.00
1,1422399,3150.00
1,1422401,3160.00
1,1422402,3170.00
1,1422404,3170.00
1,1422405,3170.00
1,1422407,3170.00
1,1422408,3150.00
1,1422410,3160.00
1,1422412,3160.00
1,1422413,3140.00
1,1422415,3170.00
1,1422416,3170.00
1,1422418,3160.00
1,1422420,3160.00
1,1422422,3150.00
1,1422424,3150.00
1,1422425,3140.00
1,1422427,3160.00
1,1422428,3140.00
1,1422430,3140.00
1,1422432,3150.00
1,1422433,3140.00
1,1422435,3140.00
1,1422436,3150.00
1,1422438,3160.00
1,1422439,3160.00
1,1422441,3160.00
1,1422443,3160.00
1,1422444,3160.00
1,1422446,3150.00
1,1422447,3150.00
1,1422449,3160.00
1,1422450,3150.00
1,1422452,3150.00
1,1422454,3150.00
1,1422455,3150.00
1,1422457,3170.00
1,1422458,3170.00
1,1422460,3150.00
1,1422462,3160.00
1,1422464,3150.00
1,1422466,3150.00
1,1422467,3140.00
1,1422469,3160.00
1,1422470,3160.00
1,1422472,3160.00
1,1422474,3170.00
1,1422475,3170.00
1,1422477,3150.00
1,1422478,3150.00
0,1422480,3170.00
0,1422481,3290.00
0,1422483,3290.00
0,1422485,3260.00
0,1422486,3240.00
0,1422488,3240.00
0,1422489,3240.00
0,1422491,3250.00
0,1422492,3200.00
0,1422494,3190.00
0,1422496,3190.00
0,1422497,3210.00
0,1422499,3210.00
0,1422500,3200.00
0,1422502,3200.00
0,1422504,3280.00
0,1422505,3190.00
0,1422508,3190.00
0,1422509,3210.00
0,1422511,3200.00
0,1422512,3240.00
0,1422514,3240.00
0,1422516,3190.00
0,1422517,3210.00
0,1422519,3200.00
0,1422520,3200.00
0,1422522,3210.00
0,1422523,3190.00
0,1422525,3190.00
0,1422527,3210.00
0,1422528,3200.00
0,1422530,3210.00
0,1422531,3210.00
0,1422533,3210.00
0,1422534,3290.00
0,1422536,3370.00
0,1422538,3370.00
0,1422539,3210.00
0,1422541,3210.00
0,1422542,3200.00
0,1422544,3200.00
0,1422546,3170.00
0,1422547,3200.00
0,1422550,3200.00
0,1422551,3430.00
0,1422553,3280.00
0,1422554,3170.00
0,1422556,3170.00
0,1422558,3390.00
0,1422559,3070.00
0,1422561,3520.00
0,1422562,3520.00
0,1422564,3480.00
0,1422565,3070.00
0,1422567,3210.00
0,1422569,3210.00
0,1422570,3320.00
0,1422572,3330.00
0,1422573,3330.00
0,1422575,3320.00
0,1422576,3340.00
0,1422578,3350.00
0,1422580,3350.00
0,1422581,3340.00
0,1422583,3340.00
0,1422584,3330.00
0,1422586,3330.00
0,1422588,3330.00
0,1422589,3330.00
0,1422592,3300.00
0,1422593,3300.00
0,1422595,3320.00
0,1422596,3350.00
0,1422598,3350.00
0,1422600,3330.00
0,1422601,3300.00
0,1422603,4020.00
0,1422604,4020.00
0,1422606,3940.00
0,1422607,4100.00
0,1422609,3930.00
0,1422611,3930.00
0,1422612,4120.00
0,1422614,3970.00
0,1422615,3340.00
0,1422617,3340.00
0,1422618,3340.00
0,1422620,4020.00
0,1422622,4020.00
0,1422623,4030.00
0,1422625,3250.00
0,1422626,4510.00
0,1422628,4510.00
0,1422630,4010.00
0,1422631,3990.00
0,1422633,4610.00
0,1422635,4610.00
0,1422637,4010.00
0,1422638,4020.00
0,1422640,4020.00
0,1422642,3700.00
0,1422643,3420.00
0,1422645,3510.00
0,1422646,3510.00
0,1422648,4430.00
0,1422649,4420.00
0,1422651,4280.00
0,1422653,4280.00
0,1422654,4080.00
0,1422656,4130.00
0,1422657,4260.00
0,1422659,4260.00
0,1422661,3920.00
0,1422662,4200.00
0,1422664,4200.00
0,1422665,3920.00
0,1422667,4360.00
0,1422668,3980.00
0,1422670,3980.00
0,1422672,4380.00
0,1422673,4020.00
0,1422675,4190.00
0,1422676,4190.00
0,1422679,4120.00
0,1422680,4360.00
0,1422682,4250.00
0,1422684,4250.00
0,1422685,4660.00
0,1422687,4330.00
0,1422688,4330.00
0,1422690,3560.00
0,1422691,4670.00
0,1422693,4570.00
0,1422695,4570.00
0,1422696,4570.00
0,1422698,4530.00
0,1422699,4040.00
0,1422701,4040.00
0,1422703,4700.00
0,1422704,5350.00
0,1422706,4070.00
0,1422707,4070.00
0,1422709,4800.00
0,1422710,5300.00
0,1422712,5300.00
0,1422714,4070.00
0,1422715,4830.00
0,1422717,5240.00
0,1422718,5240.00
0,1422721,4100.00
0,1422722,4980.00
0,1422724,4470.00
0,1422726,4470.00
0,1422727,4720.00
0,1422729,4990.00
0,1422730,4990.00
0,1422732,4610.00
0,1422733,4040.00
0,1422735,4810.00
0,1422737,4810.00
0,1422738,5450.00
0,1422740,5000.00
0,1422741,4380.00
0,1422743,4380.00
0,1422745,4740.00
0,1422746,5320.00
0,1422748,5270.00
0,1422749,5270.00
0,1422751,3740.00
0,1422752,4850.00
0,1422754,4850.00
0,1422756,4100.00
0,1422757,5130.00
0,1422759,5790.00
0,1422760,5790.00
0,1422763,3750.00
0,1422764,3620.00
0,1422766,3580.00
0,1422768,3580.00
0,1422769,5500.00
0,1422771,4610.00
0,1422772,4030.00
0,1422774,4030.00
0,1422775,5130.00
0,1422777,4040.00
0,1422779,4040.00
0,1422780,3580.00
0,1422782,3570.00
0,1422783,3560.00
0,1422785,3560.00
0,1422787,3560.00
0,1422788,3560.00
0,1422790,3580.00
0,1422791,3580.00
0,1422793,3570.00
0,1422794,3550.00
0,1422796,3560.00
0,1422798,3560.00
0,1422799,3170.00
0,1422801,3150.00
0,1422802,3150.00
0,1422804,3190.00
0,1422806,3140.00
0,1422808,3140.00
0,1422810,3140.00
0,1422811,3170.00
0,1422813,3160.00
0,1422814,3150.00
0,1422816,3150.00
0,1422817,3230.00
0,1422819,3170.00
0,1422821,3460.00
0,1422822,3460.00
0,1422824,3490.00
0,1422825,3190.00
0,1422827,3190.00
0,1422829,3250.00
0,1422830,3210.00
0,1422832,3840.00
0,1422833,3840.00
0,1422835,3560.00
0,1422836,3350.00
0,1422838,3380.00
0,1422840,3380.00
0,1422841,3420.00
0,1422843,3350.00
0,1422844,3350.00
0,1422846,3380.00
0,1422848,3390.00
0,1422850,3390.00
0,1422852,3390.00
0,1422853,3370.00
0,1422855,3390.00
0,1422856,3380.00
0,1422858,3380.00
0,1422859,3280.00
0,1422861,3260.00
0,1422863,3250.00
0,1422864,3250.00
0,1422866,3200.00
0,1422867,3230.00
0,1422869,3230.00
0,1422871,3210.00
0,1422872,3240.00
0,1422874,3200.00
0,1422875,3200.00
0,1422877,3210.00
0,1422878,3200.00
0,1422880,3210.00
0,1422882,3210.00
0,1422883,3240.00
0,1422885,3210.00
0,1422886,3230.00
0,1422888,3230.00
0,1422889,3210.00
0,1422892,3250.00
0,1422894,3250.00
0,1422895,3210.00
0,1422897,3250.00
0,1422898,3210.00
0,1422900,3210.00
0,1422901,3240.00
0,1422903,3240.00
0,1422905,3230.00
0,1422906,3230.00
0,1422908,3230.00
0,1422909,3230.00
0,1422911,3240.00
0,1422913,3240.00
0,1422914,3240.00
0,1422916,3230.00
0,1422917,3230.00
0,1422919,3210.00
0,1422920,3240.00
0,1422922,3250.00
0,1422924,3250.00
0,1422925,3230.00
0,1422927,3230.00
0,1422928,3250.00
0,1422930,3250.00
0,1422931,3240.00
0,1422934,3280.00
0,1422936,3230.00
0,1422937,3230.00
0,1422939,3210.00
0,1422940,3240.00
0,1422942,3240.00
0,1422943,3250.00
0,1422945,3250.00
0,1422947,3230.00
0,1422948,3230.00
0,1422950,3250.00
0,1422951,3230.00
0,1422953,3260.00
0,1422955,3260.00
0,1422956,3210.00
0,1422958,3240.00
0,1422959,3240.00
0,1422961,3240.00
0,1422962,3210.00
0,1422964,3230.00
0,1422966,3230.00
0,1422967,3210.00
0,1422969,3230.00
0,1422970,3240.00
0,1422972,3240.00
0,1422973,3230.00
0,1422976,3260.00
0,1422978,3250.00
1,1422979,3250.00
1,1422981,3290.00
1,1422982,3260.00
1,1422984,3260.00
1,1422986,3160.00
1,1422987,3150.00
1,1422989,3170.00
1,1422990,3170.00
1,1422992,3160.00
1,1422993,3200.00
1,1422995,3150.00
1,1422997,3150.00
1,1422998,3140.00
1,1423000,3200.00
1,1423001,3200.00
1,1423003,3200.00
1,1423004,3170.00
1,1423006,3160.00
1,1423008,3160.00
1,1423009,3150.00
1,1423011,3190.00
1,1423012,3160.00
1,1423014,3160.00
1,1423015,3170.00
1,1423017,3160.00
1,1423020,3150.00
1,1423021,3150.00
1,1423023,3170.00
1,1423024,3160.00
1,1423026,3170.00
1,1423028,3170.00
1,1423029,3160.00
1,1423031,3170.00
1,1423032,3170.00
1,1423034,3190.00
1,1423035,3210.00
1,1423037,3170.00
1,1423039,3170.00
1,1423040,3140.00
1,1423042,3140.00
1,1423043,3170.00
1,1423045,3170.00
1,1423046,3200.00
1,1423048,3190.00
1,1423050,3190.00
1,1423051,3160.00
1,1423053,3190.00
1,1423054,3190.00
1,1423056,3190.00
1,1423057,3160.00
1,1423059,3160.00
1,1423062,3170.00
1,1423063,3170.00
1,1423065,3200.00
1,1423066,3190.00
1,1423068,3170.00
1,1423070,3170.00
1,1423071,3170.00
1,1423073,3150.00
1,1423074,3150.00
1,1423076,3170.00
1,1423077,3190.00
1,1423079,3160.00
1,1423081,3160.00
1,1423082,3150.00
1,1423084,3550.00
1,1423085,3440.00
1,1423087,3440.00
1,1423088,3400.00
1,1423090,3350.00
1,1423092,3290.00
1,1423093,3290.00
1,1423095,3350.00
1,1423096,3330.00
1,1423098,3330.00
1,1423099,3420.00
1,1423101,3400.00
1,1423104,3350.00
1,1423105,3350.00
1,1423107,3390.00
1,1423108,3440.00
1,1423110,3370.00
1,1423112,3370.00
1,1423113,3340.00
1,1423115,3370.00
1,1423116,3200.00
1,1423118,3200.00
1,1423119,3160.00
1,1423121,3140.00
1,1423123,3140.00
1,1423124,3160.00
1,1423126,3120.00
1,1423127,3120.00
1,1423129,3120.00
1,1423130,3190.00
1,1423132,3150.00
1,1423134,3120.00
1,1423135,3120.00
1,1423137,3110.00
1,1423138,3120.00
1,1423140,3160.00
1,1423141,3160.00
1,1423143,3140.00
1,1423145,3160.00
1,1423147,3160.00
1,1423149,3110.00
1,1423150,3120.00
1,1423152,3160.00
1,1423154,3160.00
1,1423155,3160.00
1,1423157,3160.00
1,1423158,3190.00
1,1423160,3190.00
1,1423161,3190.00
1,1423163,3190.00
1,1423165,3190.00
1,1423166,3190.00
1,1423168,3150.00
1,1423169,3140.00
1,1423171,3140.00
1,1423172,3190.00
1,1423174,3190.00
1,1423176,3210.00
1,1423177,3210.00
1,1423179,3170.00
1,1423180,3170.00
1,1423182,3190.00
1,1423184,3190.00
1,1423185,3200.00
1,1423187,3200.00
1,1423188,3200.00
1,1423191,3160.00
1,1423192,3160.00
1,1423194,3190.00
1,1423196,3190.00
1,1423197,3210.00
1,1423199,3190.00
1,1423200,3160.00
1,1423202,3160.00
1,1423203,3160.00
1,1423205,3170.00
1,1423207,3160.00
1,1423208,3160.00
1,1423210,3200.00
1,1423211,3190.00
1,1423213,3190.00
1,1423214,3210.00
1,1423216,3170.00
1,1423218,3200.00
1,1423219,3200.00
1,1423221,3160.00
1,1423222,3150.00
1,1423224,3190.00
1,1423226,3190.00
1,1423227,3210.00
1,1423229,3190.00
1,1423230,3170.00
1,1423233,3170.00
1,1423234,3200.00
1,1423236,3190.00
1,1423238,3190.00
1,1423239,3190.00
1,1423241,3190.00
1,1423242,3190.00
1,1423244,3190.00
1,1423245,3190.00
1,1423247,3190.00
1,1423249,3170.00
1,1423250,3170.00
1,1423252,3170.00
1,1423253,3160.00
1,1423255,3160.00
1,1423256,3170.00
1,1423258,3210.00
1,1423260,3200.00
1,1423261,3200.00
1,1423263,3170.00
1,1423264,3200.00
1,1423266,3210.00
1,1423268,3210.00
1,1423269,3230.00
1,1423271,3190.00
1,1423272,3170.00
1,1423275,3170.00
1,1423276,3200.00
1,1423278,3160.00
1,1423280,3160.00
1,1423281,3190.00
1,1423283,3160.00
1,1423284,3170.00
1,1423286,3170.00
1,1423287,3200.00
1,1423289,3170.00
1,1423291,3200.00
1,1423292,3200.00
1,1423294,3160.00
1,1423295,3160.00
1,1423297,3190.00
1,1423298,3190.00
1,1423300,3200.00
1,1423302,3190.00
1,1423303,3190.00
1,1423305,3160.00
1,1423306,3190.00
1,1423308,3190.00
1,1423310,3190.00
1,1423311,3190.00
1,1423313,3200.00
1,1423314,3170.00
1,1423316,3170.00
1,1423318,3200.00
1,1423320,3200.00
1,1423322,3190.00
1,1423323,3190.00
1,1423325,3160.00
1,1423326,3160.00
1,1423328,3160.00
1,1423329,3200.00
1,1423331,3210.00
1,1423333,3190.00
1,1423334,3190.00
1,1423336,3190.00
1,1423337,3200.00
1,1423339,3170.00
1,1423340,3170.00
1,1423342,3170.00
1,1423344,3170.00
1,1423345,3160.00
1,1423347,3160.00
1,1423348,3190.00
1,1423350,3200.00
1,1423352,3200.00
1,1423353,3170.00
1,1423355,3190.00
1,1423356,3190.00
1,1423358,3190.00
1,1423360,3190.00
1,1423362,3170.00
1,1423364,3190.00
1,1423365,3190.00
1,1423367,3190.00
1,1423368,3200.00
1,1423370,3200.00
1,1423371,3170.00
1,1423373,3200.00
1,1423375,3170.00
1,1423376,3170.00
1,1423378,3160.00
1,1423379,3200.00
1,1423381,3210.00
1,1423382,3210.00
1,1423384,3170.00
1,1423386,3160.00
1,1423387,3200.00
1,1423389,3200.00
1,1423390,3210.00
1,1423392,3200.00
1,1423394,3200.00
1,1423395,3190.00
1,1423397,3170.00
1,1423398,3200.00
1,1423400,3200.00
1,1423401,3200.00
1,1423404,3170.00
1,1423406,3160.00
1,1423407,3160.00
1,1423409,3160.00
1,1423410,3190.00
1,1423412,3210.00
1,1423413,3210.00
1,1423415,3190.00
1,1423417,3200.00
1,1423418,3200.00
1,1423420,3190.00
1,1423421,3160.00
1,1423423,3190.00
0,1423424,3190.00
0,1423426,3260.00
0,1423428,3260.00
0,1423429,3260.00
0,1423431,3260.00
0,1423432,3240.00
0,1423434,3240.00
0,1423436,3240.00
0,1423437,3240.00
0,1423439,3240.00
0,1423440,3210.00
0,1423442,3210.00
0,1423443,3200.00
0,1423446,3240.00
0,1423448,3250.00
0,1423449,3250.00
0,1423451,3230.00
0,1423452,3250.00
0,1423454,3240.00
0,1423455,3240.00
0,1423457,3230.00
0,1423459,3210.00
0,1423460,3210.00
0,1423462,3210.00
0,1423463,3240.00
0,1423465,3230.00
0,1423467,3230.00
0,1423468,3250.00
0,1423470,3210.00
0,1423471,3230.00
0,1423473,3230.00
0,1423474,3250.00
0,1423476,3250.00
0,1423478,3240.00
0,1423479,3240.00
0,1423481,3230.00
0,1423482,3210.00
0,1423484,3210.00
0,1423485,3250.00
0,1423488,3230.00
0,1423490,3240.00
0,1423491,3240.00
0,1423493,3230.00
0,1423494,3700.00
0,1423496,3200.00
0,1423497,3200.00
0,1423499,3320.00
0,1423501,3060.00
0,1423502,3380.00
0,1423504,3380.00
0,1423505,3100.00
0,1423507,3190.00
0,1423509,3190.00
0,1423510,3190.00
0,1423512,3350.00
0,1423513,3320.00
0,1423515,3320.00
0,1423516,3330.00
0,1423518,3340.00
0,1423520,3380.00
0,1423521,3380.00
0,1423523,3380.00
0,1423524,3400.00
0,1423526,3390.00
0,1423527,3390.00
0,1423529,3390.00
0,1423532,3460.00
0,1423533,3460.00
0,1423535,3430.00
0,1423536,3400.00
0,1423538,3390.00
0,1423539,3390.00
0,1423541,3420.00
0,1423543,3720.00
0,1423544,3990.00
0,1423546,3990.00
0,1423547,3890.00
0,1423549,3880.00
0,1423551,4100.00
0,1423552,4100.00
0,1423554,3850.00
0,1423555,3990.00
0,1423557,3990.00
0,1423558,4150.00
0,1423560,3290.00
0,1423562,3340.00
0,1423563,3340.00
0,1423565,4290.00
0,1423566,3840.00
0,1423568,4530.00
0,1423569,4530.00
0,1423571,4100.00
0,1423574,4100.00
0,1423575,4100.00
0,1423577,4570.00
0,1423578,4100.00
0,1423580,4120.00
0,1423581,4120.00
0,1423583,3440.00
0,1423585,3420.00
0,1423586,4280.00
0,1423588,4280.00
0,1423589,4420.00
0,1423591,4520.00
0,1423593,4560.00
0,1423594,4560.00
0,1423596,4100.00
0,1423597,4360.00
0,1423599,4360.00
0,1423600,4260.00
0,1423602,4470.00
0,1423604,4240.00
0,1423605,4240.00
0,1423607,4570.00
0,1423608,4260.00
0,1423610,4240.00
0,1423611,4240.00
0,1423613,4300.00
0,1423616,3940.00
0,1423617,4290.00
0,1423619,4290.00
0,1423620,3930.00
0,1423622,4350.00
0,1423623,4350.00
0,1423625,3960.00
0,1423627,4400.00
0,1423628,4010.00
0,1423630,4010.00
0,1423631,3340.00
0,1423633,4830.00
0,1423635,4650.00
0,1423636,4650.00
0,1423638,4220.00
0,1423639,4710.00
0,1423641,4750.00
0,1423642,4750.00
0,1423644,4070.00
0,1423646,5210.00
0,1423647,5210.00
0,1423649,4850.00
0,1423650,4120.00
0,1423652,5170.00
0,1423653,5170.00
0,1423655,4800.00
0,1423657,4130.00
0,1423659,5290.00
0,1423661,5290.00
0,1423662,4880.00
0,1423664,3970.00
0,1423665,4700.00
0,1423667,4700.00
0,1423669,4720.00
0,1423670,5000.00
0,1423672,5000.00
0,1423673,5250.00
0,1423675,4660.00
0,1423677,4170.00
0,1423678,4170.00
0,1423680,4930.00
0,1423681,5320.00
0,1423683,5060.00
0,1423684,5060.00
0,1423686,4450.00
0,1423688,4740.00
0,1423689,4740.00
0,1423691,5360.00
0,1423692,3470.00
0,1423694,5520.00
0,1423695,5520.00
0,1423697,4490.00
0,1423699,4210.00
0,1423700,5340.00
0,1423703,5340.00
0,1423704,3620.00
0,1423706,3640.00
0,1423707,4300.00
0,1423709,4300.00
0,1423711,5040.00
0,1423712,5250.00
0,1423714,5250.00
0,1423715,4300.00
0,1423717,4160.00
0,1423719,3560.00
0,1423720,3560.00
0,1423722,3580.00
0,1423723,3570.00
0,1423725,3560.00
0,1423726,3560.00
0,1423728,3570.00
0,1423730,3560.00
0,1423731,3600.00
0,1423733,3600.00
0,1423734,3570.00
0,1423736,3600.00
0,1423737,3600.00
0,1423739,3560.00
0,1423741,3170.00
0,1423742,3150.00
0,1423745,3150.00
0,1423746,3140.00
0,1423748,3120.00
0,1423750,3170.00
0,1423751,3170.00
0,1423753,3140.00
0,1423754,3140.00
0,1423756,3170.00
0,1423757,3170.00
0,1423759,3550.00
0,1423761,3160.00
0,1423762,3160.00
0,1423764,3750.00
0,1423765,3170.00
0,1423767,3340.00
0,1423768,3340.00
0,1423770,3760.00
0,1423772,3780.00
0,1423773,3350.00
0,1423775,3350.00
0,1423776,3370.00
0,1423778,3340.00
0,1423779,3380.00
0,1423781,3380.00
0,1423783,3390.00
0,1423784,3370.00
0,1423787,3370.00
0,1423788,3390.00
0,1423790,3390.00
0,1423792,3390.00
0,1423793,3390.00
0,1423795,3370.00
0,1423796,3370.00
0,1423798,3250.00
0,1423799,3250.00
0,1423801,3280.00
0,1423803,3240.00
0,1423804,3240.00
0,1423806,3200.00
0,1423807,3240.00
0,1423809,3200.00
0,1423810,3200.00
0,1423812,3230.00
0,1423814,3210.00
0,1423815,3240.00
0,1423817,3240.00
0,1423818,3210.00
0,1423820,3230.00
0,1423821,3170.00
0,1423823,3170.00
0,1423825,3230.00
0,1423826,3210.00
0,1423828,3210.00
0,1423830,3250.00
0,1423832,3250.00
0,1423834,3240.00
0,1423835,3240.00
0,1423837,3240.00
0,1423838,3230.00
0,1423840,3230.00
0,1423841,3230.00
0,1423843,3240.00
0,1423845,3250.00
0,1423846,3230.00
0,1423848,3230.00
0,1423849,3250.00
0,1423851,3230.00
0,1423852,3230.00
0,1423854,3250.00
0,1423856,3250.00
0,1423857,3230.00
0,1423859,3230.00
0,1423860,3240.00
0,1423862,3250.00
0,1423863,3230.00
0,1423865,3230.00
0,1423867,3230.00
0,1423868,3210.00
0,1423870,3240.00
0,1423872,3240.00
0,1423874,3210.00
0,1423876,3260.00
0,1423877,3260.00
0,1423879,3230.00
0,1423880,3240.00
0,1423882,3250.00
0,1423883,3250.00
0,1423885,3230.00
0,1423887,3230.00
0,1423888,3240.00
0,1423890,3240.00
0,1423891,3260.00
0,1423893,3230.00
0,1423894,3230.00
0,1423896,3240.00
0,1423898,3200.00
0,1423899,3210.00
0,1423901,3210.00
0,1423902,3230.00
0,1423904,3240.00
0,1423905,3260.00
0,1423907,3260.00
0,1423909,3240.00
0,1423910,3230.00
0,1423912,3250.00
0,1423913,3250.00
0,1423916,3210.00
1,1423918,3080.00
1,1423919,3080.00
1,1423921,3330.00
1,1423922,3260.00
1,1423924,3150.00
1,1423925,3150.00
1,1423927,3170.00
1,1423929,3170.00
1,1423930,3150.00
1,1423932,3150.00
1,1423933,3160.00
1,1423935,3160.00
1,1423936,3160.00
1,1423938,3160.00
1,1423940,3150.00
1,1423941,3160.00
1,1423943,3160.00
1,1423944,3190.00
1,1423946,3170.00
1,1423947,3170.00
1,1423949,3170.00
1,1423951,3170.00
1,1423952,3160.00
1,1423954,3190.00
1,1423955,3190.00
1,1423958,3170.00
1,1423960,3150.00
1,1423961,3160.00
1,1423963,3160.00
1,1423964,3150.00
1,1423966,3140.00
1,1423967,3140.00
1,1423969,3200.00
1,1423971,3230.00
1,1423972,3190.00
1,1423974,3190.00
1,1423975,3150.00
1,1423977,3170.00
1,1423978,3150.00
1,1423980,3150.00
1,1423982,3170.00
1,1423983,3160.00
1,1423985,3160.00
1,1423986,3160.00
1,1423988,3170.00
1,1423989,3150.00
1,1423991,3150.00
1,1423993,3160.00
1,1423994,3150.00
1,1423996,3140.00
1,1423997,3140.00
1,1424000,3190.00
1,1424002,3190.00
1,1424003,3190.00
1,1424005,3190.00
1,1424006,3160.00
1,1424008,3170.00
1,1424009,3170.00
1,1424011,3200.00
1,1424013,3170.00
1,1424014,3210.00
1,1424016,3210.00
1,1424017,3150.00
1,1424019,3170.00
1,1424020,3160.00
1,1424022,3160.00
1,1424024,3170.00
1,1424025,3160.00
1,1424027,3190.00
1,1424028,3190.00
1,1424030,3160.00
1,1424032,3170.00
1,1424033,3170.00
1,1424035,3160.00
1,1424036,3150.00
1,1424038,3170.00
1,1424039,3170.00
1,1424041,3190.00
1,1424044,3200.00
1,1424045,3190.00
1,1424047,3190.00
1,1424048,3190.00
1,1424050,3200.00
1,1424051,3170.00
1,1424053,3170.00
1,1424055,3160.00
1,1424056,3150.00
1,1424058,3150.00
1,1424059,3190.00
1,1424061,3190.00
1,1424062,3170.00
1,1424064,3170.00
1,1424066,3190.00
1,1424067,3160.00
1,1424069,3190.00
1,1424070,3190.00
1,1424072,3170.00
1,1424074,3160.00
1,1424075,3150.00
1,1424077,3150.00
1,1424078,3200.00
1,1424080,3170.00
1,1424081,3170.00
1,1424083,3160.00
1,1424086,3170.00
1,1424087,3150.00
1,1424089,3150.00
1,1424090,3190.00
1,1424092,3160.00
1,1424093,3170.00
1,1424095,3170.00
1,1424097,3160.00
1,1424098,3190.00
1,1424100,3190.00
1,1424101,3190.00
1,1424103,3170.00
1,1424104,3150.00
1,1424106,3150.00
1,1424108,3150.00
1,1424109,3200.00
1,1424111,3170.00
1,1424112,3170.00
1,1424114,3160.00
1,1424116,3320.00
1,1424117,3510.00
1,1424119,3510.00
1,1424120,3390.00
1,1424122,3350.00
1,1424123,3350.00
1,1424125,3340.00
1,1424128,3350.00
1,1424129,3340.00
1,1424131,3340.00
1,1424132,3440.00
1,1424134,3420.00
1,1424135,3350.00
1,1424137,3350.00
1,1424139,3380.00
1,1424140,3510.00
1,1424142,3370.00
1,1424143,3370.00
1,1424145,3420.00
1,1424146,3370.00
1,1424148,3370.00
1,1424150,3280.00
1,1424151,3320.00
1,1424153,3190.00
1,1424154,3190.00
1,1424156,3140.00
1,1424158,3170.00
1,1424159,3210.00
1,1424161,3210.00
1,1424162,3140.00
1,1424164,3150.00
1,1424165,3190.00
1,1424167,3190.00
1,1424169,3170.00
1,1424171,3150.00
1,1424173,3150.00
1,1424174,3150.00
1,1424176,3120.00
1,1424177,3160.00
1,1424179,3160.00
1,1424181,3150.00
1,1424182,3150.00
1,1424184,3160.00
1,1424185,3160.00
1,1424187,3150.00
1,1424188,3170.00
1,1424190,3160.00
1,1424192,3160.00
1,1424193,3160.00
1,1424195,3140.00
1,1424196,3140.00
1,1424198,3150.00
1,1424200,3170.00
1,1424201,3150.00
1,1424203,3150.00
1,1424204,3160.00
1,1424206,3160.00
1,1424207,3160.00
1,1424209,3160.00
1,1424211,3160.00
1,1424212,3170.00
1,1424215,3170.00
1,1424216,3160.00
1,1424218,3170.00
1,1424219,3170.00
1,1424221,3170.00
1,1424223,3160.00
1,1424224,3140.00
1,1424226,3150.00
1,1424227,3150.00
1,1424229,3140.00
1,1424230,3160.00
1,1424232,3160.00
1,1424234,3160.00
1,1424235,3150.00
1,1424237,3150.00
1,1424238,3150.00
1,1424240,3200.00
1,1424242,3160.00
1,1424243,3150.00
1,1424245,3150.00
1,1424246,3160.00
1,1424248,3140.00
1,1424249,3170.00
1,1424251,3170.00
1,1424253,3160.00
1,1424254,3170.00
1,1424257,3150.00
1,1424258,3150.00
1,1424260,3170.00
1,1424261,3160.00
1,1424263,3160.00
1,1424265,3160.00
1,1424266,3170.00
1,1424268,3170.00
1,1424269,3170.00
1,1424271,3190.00
1,1424272,3150.00
1,1424274,3170.00
1,1424276,3170.00
1,1424277,3160.00
1,1424279,3140.00
1,1424280,3190.00
1,1424282,3190.00
1,1424284,3160.00
1,1424285,3170.00
1,1424287,3170.00
1,1424288,3140.00
1,1424290,3190.00
1,1424291,3170.00
1,1424293,3170.00
1,1424295,3160.00
1,1424296,3160.00
1,1424299,3160.00
1,1424300,3160.00
1,1424302,3190.00
1,1424303,3200.00
1,1424305,3160.00
1,1424307,3160.00
1,1424308,3140.00
1,1424310,3170.00
1,1424311,3170.00
1,1424313,3190.00
1,1424315,3170.00
1,1424316,3170.00
1,1424318,3170.00
1,1424319,3150.00
1,1424321,3190.00
1,1424322,3200.00
1,1424324,3200.00
1,1424326,3160.00
1,1424327,3160.00
1,1424329,3160.00
1,1424330,3170.00
1,1424332,3170.00
1,1424333,3160.00
1,1424335,3160.00
1,1424337,3170.00
1,1424338,3150.00
1,1424340,3190.00
1,1424342,3190.00
1,1424344,3170.00
1,1424345,3170.00
1,1424347,3150.00
1,1424349,3150.00
1,1424350,3160.00
1,1424352,3170.00
1,1424353,3170.00
1,1424355,3190.00
1,1424357,3190.00
1,1424358,3150.00
1,1424360,3150.00
1,1424361,3140.00
0,1424363,3210.00
0,1424364,3250.00
0,1424366,3250.00
0,1424368,3330.00
0,1424369,3230.00
0,1424371,3230.00
0,1424372,3230.00
0,1424374,3320.00
0,1424375,3230.00
0,1424377,3230.00
0,1424379,3250.00
0,1424380,3240.00
0,1424382,3210.00
0,1424384,3210.00
0,1424386,3240.00
0,1424387,3230.00
0,1424389,3190.00
0,1424391,3190.00
0,1424392,3210.00
0,1424394,3230.00
0,1424395,3230.00
0,1424397,3230.00
0,1424399,3210.00
0,1424400,3210.00
0,1424402,3210.00
0,1424403,3230.00
0,1424405,3200.00
0,1424406,3230.00
0,1424408,3230.00
0,1424410,3240.00
0,1424411,3210.00
0,1424413,3210.00
0,1424414,3210.00
0,1424416,3200.00
0,1424417,3370.00
0,1424419,3370.00
0,1424421,3240.00
0,1424422,3210.00
0,1424424,3210.00
0,1424425,3210.00
0,1424428,3170.00
0,1424429,3240.00
0,1424431,3490.00
0,1424433,3490.00
0,1424434,3390.00
0,1424436,3250.00
0,1424437,3060.00
0,1424439,3060.00
0,1424441,3380.00
0,1424442,3170.00
0,1424444,3170.00
0,1424445,3140.00
0,1424447,3170.00
0,1424448,3510.00
0,1424450,3510.00
0,1424452,3610.00
0,1424453,3570.00
0,1424455,3580.00
0,1424456,3580.00
0,1424458,3580.00
0,1424459,3600.00
0,1424461,3600.00
0,1424463,3600.00
0,1424464,3610.00
0,1424466,3600.00
0,1424467,3600.00
0,1424470,3560.00
0,1424471,3600.00
0,1424473,3610.00
0,1424475,3610.00
0,1424476,3600.00
0,1424478,3560.00
0,1424479,3700.00
0,1424481,3700.00
0,1424483,4030.00
0,1424484,3990.00
0,1424486,3830.00
0,1424487,3830.00
0,1424489,4080.00
0,1424490,4030.00
0,1424492,4030.00
0,1424494,4130.00
0,1424495,3850.00
0,1424497,3250.00
0,1424498,3250.00
0,1424500,3530.00
0,1424501,4440.00
0,1424503,3610.00
0,1424505,3610.00
0,1424506,4630.00
0,1424508,3940.00
0,1424509,4010.00
0,1424512,4010.00
0,1424513,4650.00
0,1424515,3980.00
0,1424517,3980.00
0,1424518,4010.00
0,1424520,3440.00
0,1424521,3420.00
0,1424523,3420.00
0,1424525,3920.00
0,1424526,4480.00
0,1424528,4390.00
0,1424529,4390.00
0,1424531,4220.00
0,1424532,4100.00
0,1424534,4100.00
0,1424536,4530.00
0,1424537,4440.00
0,1424539,4800.00
0,1424540,4800.00
0,1424542,4440.00
0,1424543,4240.00
0,1424545,4240.00
0,1424547,4240.00
0,1424548,3900.00
0,1424550,4290.00
0,1424551,3870.00
0,1424553,3870.00
0,1424556,4330.00
0,1424557,3930.00
0,1424559,3930.00
0,1424560,4390.00
0,1424562,3970.00
0,1424563,4190.00
0,1424565,4190.00
0,1424567,4030.00
0,1424568,3340.00
0,1424570,4980.00
0,1424571,4980.00
0,1424573,4680.00
0,1424574,4240.00
0,1424576,4760.00
0,1424578,4760.00
0,1424579,4610.00
0,1424581,4210.00
0,1424582,4210.00
0,1424584,5250.00
0,1424585,4680.00
0,1424587,4240.00
0,1424589,4240.00
0,1424590,5300.00
0,1424592,4610.00
0,1424593,4200.00
0,1424595,4200.00
0,1424598,5300.00
0,1424599,4610.00
0,1424601,4210.00
0,1424602,4210.00
0,1424604,4670.00
0,1424605,4630.00
0,1424607,4630.00
0,1424609,4940.00
0,1424610,5080.00
0,1424612,4450.00
0,1424613,4450.00
0,1424615,4420.00
0,1424616,5260.00
0,1424618,5300.00
0,1424620,5300.00
0,1424621,4850.00
0,1424623,4350.00
0,1424624,4790.00
0,1424626,4790.00
0,1424627,5340.00
0,1424629,3470.00
0,1424631,3470.00
0,1424632,5210.00
0,1424634,4190.00
0,1424635,4430.00
0,1424637,4430.00
0,1424640,5290.00
0,1424641,3600.00
0,1424643,3550.00
0,1424644,3550.00
0,1424646,4040.00
0,1424647,5310.00
0,1424649,5310.00
0,1424651,4900.00
0,1424652,4020.00
0,1424654,4350.00
0,1424655,4350.00
0,1424657,3660.00
0,1424658,3530.00
0,1424660,3560.00
0,1424662,3560.00
0,1424663,3530.00
0,1424665,3520.00
0,1424666,3530.00
0,1424668,3530.00
0,1424669,3530.00
0,1424671,3520.00
0,1424673,3520.00
0,1424674,3530.00
0,1424676,3570.00
0,1424677,3120.00
0,1424679,3120.00
0,1424681,3080.00
0,1424683,3120.00
0,1424685,3120.00
0,1424686,3120.00
0,1424688,3120.00
0,1424689,3080.00
0,1424691,3120.00
0,1424693,3120.00
0,1424694,3100.00
0,1424696,3550.00
0,1424697,3550.00
0,1424699,3160.00
0,1424700,3560.00
0,1424702,3230.00
0,1424704,3230.00
0,1424705,3080.00
0,1424707,3350.00
0,1424708,3810.00
0,1424710,3810.00
0,1424711,3330.00
0,1424713,3370.00
0,1424715,3400.00
0,1424716,3400.00
0,1424718,3380.00
0,1424719,3370.00
0,1424721,3370.00
0,1424723,3340.00
0,1424724,3370.00
0,1424727,3400.00
0,1424728,3400.00
0,1424730,3390.00
0,1424731,3390.00
0,1424733,3380.00
0,1424735,3380.00
0,1424736,3230.00
0,1424738,3210.00
0,1424739,3210.00
0,1424741,3230.00
0,1424742,3240.00
0,1424744,3230.00
0,1424746,3230.00
0,1424747,3240.00
0,1424749,3210.00
0,1424750,3240.00
0,1424752,3240.00
0,1424753,3210.00
0,1424755,3200.00
0,1424757,3210.00
0,1424758,3210.00
0,1424760,3230.00
0,1424761,3250.00
0,1424763,3250.00
0,1424765,3230.00
0,1424766,3230.00
0,1424769,3230.00
0,1424770,3230.00
0,1424772,3230.00
0,1424773,3210.00
0,1424775,3230.00
0,1424777,3230.00
0,1424778,3240.00
0,1424780,3260.00
0,1424781,3250.00
0,1424783,3250.00
0,1424784,3200.00
0,1424786,3210.00
0,1424788,3210.00
0,1424789,3250.00
0,1424791,3210.00
0,1424792,3230.00
0,1424794,3230.00
0,1424795,3230.00
0,1424797,3250.00
0,1424799,3250.00
0,1424800,3250.00
0,1424802,3230.00
0,1424803,3210.00
0,1424805,3240.00
0,1424807,3240.00
0,1424808,3240.00
0,1424811,3250.00
0,1424812,3250.00
0,1424814,3240.00
0,1424815,3240.00
0,1424817,3200.00
0,1424819,3200.00
0,1424820,3230.00
0,1424822,3230.00
0,1424823,3240.00
0,1424825,3240.00
0,1424826,3240.00
0,1424828,3260.00
0,1424830,3210.00
0,1424831,3210.00
0,1424833,3210.00
0,1424834,3240.00
0,1424836,3240.00
0,1424837,3210.00
0,1424839,3240.00
0,1424841,3230.00
0,1424842,3230.00
0,1424844,3210.00
0,1424845,3200.00
0,1424847,3240.00
0,1424849,3240.00
0,1424850,3210.00
0,1424852,3230.00
0,1424854,3230.00
1,1424856,3020.00
1,1424857,3390.00
1,1424859,3250.00
1,1424861,3250.00
1,1424862,3170.00
1,1424864,3190.00
1,1424865,3150.00
1,1424867,3150.00
1,1424868,3150.00
1,1424870,3170.00
1,1424872,3160.00
1,1424873,3160.00
1,1424875,3150.00
1,1424876,3190.00
1,1424878,3190.00
1,1424880,3120.00
1,1424881,3140.00
1,1424883,3190.00
1,1424884,3190.00
1,1424886,3140.00
1,1424887,3150.00
1,1424889,3140.00
1,1424891,3140.00
1,1424892,3160.00
1,1424894,3190.00
1,1424896,3160.00
1,1424898,3160.00
1,1424899,3120.00
1,1424901,3140.00
1,1424903,3140.00
1,1424904,3150.00
1,1424906,3170.00
1,1424907,3150.00
1,1424909,3150.00
1,1424910,3140.00
1,1424912,3150.00
1,1424914,3140.00
1,1424915,3140.00
1,1424917,3160.00
1,1424918,3160.00
1,1424920,3150.00
1,1424922,3150.00
1,1424923,3140.00
1,1424925,3170.00
1,1424926,3170.00
1,1424928,3160.00
1,1424929,3150.00
1,1424931,3150.00
1,1424933,3150.00
1,1424934,3140.00
1,1424936,3170.00
1,1424937,3160.00
1,1424940,3160.00
1,1424941,3160.00
1,1424943,3140.00
1,1424945,3150.00
1,1424946,3150.00
1,1424948,3150.00
1,1424949,3150.00
1,1424951,3150.00
1,1424952,3150.00
1,1424954,3140.00
1,1424956,3120.00
1,1424957,3120.00
1,1424959,3190.00
1,1424960,3150.00
1,1424962,3140.00
1,1424964,3140.00
1,1424965,3140.00
1,1424967,3140.00
1,1424968,3140.00
1,1424970,3150.00
1,1424971,3150.00
1,1424973,3150.00
1,1424975,3150.00
1,1424976,3150.00
1,1424978,3200.00
1,1424979,3210.00
1,1424982,3210.00
1,1424983,3150.00
1,1424985,3150.00
1,1424987,3140.00
1,1424988,3140.00
1,1424990,3160.00
1,1424991,3160.00
1,1424993,3160.00
1,1424994,3150.00
1,1424996,3150.00
1,1424998,3170.00
1,1424999,3170.00
1,1425001,3140.00
1,1425002,3160.00
1,1425004,3280.00
1,1425006,3280.00
1,1425007,3120.00
1,1425009,3160.00
1,1425010,3150.00
1,1425012,3150.00
1,1425013,3160.00
1,1425015,3170.00
1,1425017,3170.00
1,1425018,3170.00
1,1425020,3170.00
1,1425021,3150.00
1,1425024,3150.00
1,1425025,3160.00
1,1425027,3150.00
1,1425029,3150.00
1,1425030,3150.00
1,1425032,3160.00
1,1425033,3170.00
1,1425035,3160.00
1,1425036,3160.00
1,1425038,3140.00
1,1425040,3140.00
1,1425041,3140.00
1,1425043,3170.00
1,1425044,3170.00
1,1425046,3150.00
1,1425048,3150.00
1,1425049,3140.00
1,1425051,3170.00
1,1425052,3190.00
1,1425054,3190.00
1,1425055,3160.00
1,1425057,3160.00
1,1425059,3160.00
1,1425060,3150.00
1,1425062,3150.00
1,1425063,3170.00
1,1425065,3170.00
1,1425067,3160.00
1,1425069,3160.00
1,1425071,3160.00
1,1425072,3160.00
1,1425074,3170.00
1,1425075,3160.00
1,1425077,3170.00
1,1425078,3170.00
1,1425080,3150.00
1,1425082,3150.00
1,1425083,3150.00
1,1425085,3170.00
1,1425086,3170.00
1,1425088,3160.00
1,1425090,3160.00
1,1425091,3160.00
1,1425093,3170.00
1,1425094,3170.00
1,1425096,3170.00
1,1425097,3170.00
1,1425099,3170.00
1,1425101,3140.00
1,1425102,3140.00
1,1425104,3170.00
1,1425105,3160.00
1,1425107,3160.00
1,1425108,3160.00
1,1425111,3150.00
1,1425113,3150.00
1,1425114,3150.00
1,1425116,3170.00
1,1425117,3160.00
1,1425119,3190.00
1,1425121,3190.00
1,1425122,3160.00
1,1425124,3200.00
1,1425125,3170.00
1,1425127,3170.00
1,1425128,3170.00
1,1425130,3160.00
1,1425132,3160.00
1,1425133,3150.00
1,1425135,3170.00
1,1425136,3200.00
1,1425138,3200.00
1,1425139,3160.00
1,1425141,3170.00
1,1425143,3150.00
1,1425144,3150.00
1,1425146,3190.00
1,1425147,3160.00
1,1425149,3510.00
1,1425150,3510.00
1,1425153,3350.00
1,1425155,3350.00
1,1425156,3350.00
1,1425158,3400.00
1,1425159,3320.00
1,1425161,3350.00
1,1425163,3350.00
1,1425164,3370.00
1,1425166,3420.00
1,1425167,3380.00
1,1425169,3380.00
1,1425170,3350.00
1,1425172,3350.00
1,1425174,3350.00
1,1425175,3390.00
1,1425177,3480.00
1,1425178,3370.00
1,1425180,3370.00
1,1425181,3370.00
1,1425183,3440.00
1,1425185,3340.00
1,1425186,3340.00
1,1425188,3390.00
1,1425189,3370.00
1,1425191,3340.00
1,1425192,3340.00
1,1425195,3350.00
1,1425197,3430.00
1,1425198,3430.00
1,1425200,3400.00
1,1425201,3370.00
1,1425203,3370.00
1,1425205,3370.00
1,1425206,3460.00
1,1425208,3370.00
1,1425209,3460.00
1,1425211,3460.00
1,1425212,3380.00
1,1425214,3300.00
1,1425216,3240.00
1,1425217,3240.00
1,1425219,3150.00
1,1425220,3170.00
1,1425222,3170.00
1,1425223,3200.00
1,1425225,3140.00
1,1425227,3170.00
1,1425228,3170.00
1,1425230,3160.00
1,1425231,3160.00
1,1425233,3150.00
1,1425234,3150.00
1,1425236,3160.00
1,1425239,3150.00
1,1425240,3160.00
1,1425242,3160.00
1,1425243,3140.00
1,1425245,3160.00
1,1425247,3160.00
1,1425248,3200.00
1,1425250,3160.00
1,1425251,3140.00
1,1425253,3140.00
1,1425254,3150.00
1,1425256,3160.00
1,1425258,3160.00
1,1425259,3160.00
1,1425261,3160.00
1,1425262,3200.00
1,1425264,3200.00
1,1425265,3150.00
1,1425267,3140.00
1,1425269,3170.00
1,1425270,3170.00
1,1425272,3160.00
1,1425273,3140.00
1,1425275,3170.00
1,1425276,3170.00
1,1425278,3160.00
1,1425281,3160.00
1,1425282,3150.00
1,1425284,3150.00
1,1425285,3160.00
1,1425287,3160.00
1,1425289,3160.00
1,1425290,3170.00
1,1425292,3170.00
1,1425293,3170.00
1,1425295,3170.00
1,1425296,3150.00
0,1425298,3200.00
0,1425300,3300.00
0,1425301,3300.00
0,1425303,3260.00
0,1425304,3250.00
0,1425306,3260.00
0,1425307,3260.00
0,1425309,3210.00
0,1425311,3240.00
0,1425312,3240.00
0,1425314,3210.00
0,1425315,3210.00
0,1425317,3230.00
0,1425318,3230.00
0,1425320,3240.00
0,1425323,3210.00
0,1425324,3230.00
0,1425326,3230.00
0,1425327,3210.00
0,1425329,3190.00
0,1425331,3200.00
0,1425332,3200.00
0,1425334,3200.00
0,1425335,3230.00
0,1425337,3230.00
0,1425338,3230.00
0,1425340,3200.00
0,1425342,3210.00
0,1425343,3210.00
0,1425345,3230.00
0,1425346,3230.00
0,1425348,3250.00
0,1425349,3250.00
0,1425351,3230.00
0,1425353,3320.00
0,1425354,3370.00
0,1425356,3370.00
0,1425357,3200.00
0,1425359,3190.00
0,1425360,3190.00
0,1425362,3210.00
0,1425364,3210.00
0,1425366,3190.00
0,1425368,3190.00
0,1425369,3810.00
0,1425371,3380.00
0,1425373,3100.00
0,1425374,3100.00
0,1425376,3170.00
0,1425377,3610.00
0,1425379,3610.00
0,1425380,2940.00
0,1425382,3170.00
0,1425384,3200.00
0,1425385,3200.00
0,1425387,3320.00
0,1425388,3330.00
0,1425390,3370.00
0,1425391,3370.00
0,1425393,3340.00
0,1425395,3370.00
0,1425396,3330.00
0,1425398,3330.00
0,1425399,3370.00
0,1425401,3370.00
0,1425403,3370.00
0,1425404,3370.00
0,1425406,3380.00
0,1425408,3350.00
0,1425410,3350.00
0,1425411,3400.00
0,1425413,3390.00
0,1425415,3380.00
0,1425416,3380.00
0,1425418,4120.00
0,1425419,3890.00
0,1425421,3960.00
0,1425422,3960.00
0,1425424,3830.00
0,1425426,4030.00
0,1425427,4030.00
0,1425429,3260.00
0,1425430,3290.00
0,1425432,3940.00
0,1425433,3940.00
0,1425435,3990.00
0,1425437,3210.00
0,1425438,3370.00
0,1425440,3370.00
0,1425441,4310.00
0,1425443,3960.00
0,1425445,3970.00
0,1425446,3970.00
0,1425448,3980.00
0,1425449,4010.00
0,1425452,4010.00
0,1425453,4010.00
0,1425455,4070.00
0,1425457,3420.00
0,1425458,3420.00
0,1425460,3320.00
0,1425461,4390.00
0,1425463,4330.00
0,1425464,4330.00
0,1425466,4160.00
0,1425468,4120.00
0,1425469,3840.00
0,1425471,3840.00
0,1425472,4120.00
0,1425474,4040.00
0,1425475,4040.00
0,1425477,4250.00
0,1425479,4110.00
0,1425480,4580.00
0,1425482,4580.00
0,1425483,4250.00
0,1425485,4480.00
0,1425487,4260.00
0,1425488,4260.00
0,1425490,4330.00
0,1425491,4280.00
0,1425494,4280.00
0,1425495,4540.00
0,1425497,4260.00
0,1425499,4450.00
0,1425500,4450.00
0,1425502,4250.00
0,1425503,3980.00
0,1425505,3530.00
0,1425506,3530.00
0,1425508,4620.00
0,1425510,4760.00
0,1425511,3960.00
0,1425513,3960.00
0,1425514,4220.00
0,1425516,5120.00
0,1425517,5120.00
0,1425519,4520.00
0,1425521,4360.00
0,1425522,5250.00
0,1425524,5250.00
0,1425525,4510.00
0,1425527,4420.00
0,1425529,5200.00
0,1425530,5200.00
0,1425532,4380.00
0,1425533,4570.00
0,1425536,5250.00
0,1425537,5250.00
0,1425539,3430.00
0,1425541,4670.00
0,1425542,4670.00
0,1425544,4840.00
0,1425545,4290.00
0,1425547,4990.00
0,1425548,4990.00
0,1425550,5340.00
0,1425552,4530.00
0,1425553,4040.00
0,1425555,4040.00
0,1425556,4670.00
0,1425558,5320.00
0,1425559,5220.00
0,1425561,5220.00
0,1425563,4700.00
0,1425564,4150.00
0,1425566,4150.00
0,1425567,3980.00
0,1425569,5340.00
0,1425571,5490.00
0,1425572,5490.00
0,1425574,4720.00
0,1425575,4080.00
0,1425577,3600.00
0,1425579,3600.00
0,1425581,3580.00
0,1425583,4800.00
0,1425584,4800.00
0,1425586,4010.00
0,1425587,5070.00
0,1425589,5020.00
0,1425590,5020.00
0,1425592,4170.00
0,1425594,3550.00
0,1425595,3560.00
0,1425597,3560.00
0,1425598,3530.00
0,1425600,3560.00
0,1425601,3560.00
0,1425603,3560.00
0,1425605,3530.00
0,1425606,3530.00
0,1425608,3530.00
0,1425609,3530.00
0,1425611,3520.00
0,1425613,3250.00
0,1425614,3250.00
0,1425616,3120.00
0,1425617,3120.00
0,1425619,3140.00
0,1425620,3140.00
0,1425623,3120.00
0,1425625,3120.00
0,1425626,3100.00
0,1425628,3100.00
0,1425629,3120.00
0,1425631,3110.00
0,1425632,3110.00
0,1425634,3430.00
0,1425636,3120.00
0,1425637,3670.00
0,1425639,3670.00
0,1425640,3140.00
0,1425642,3610.00
0,1425643,3380.00
0,1425645,3380.00
0,1425647,3370.00
0,1425648,3290.00
0,1425650,3300.00
0,1425651,3300.00
0,1425653,3350.00
0,1425655,3340.00
0,1425656,3340.00
0,1425658,3300.00
0,1425659,3370.00
0,1425661,3340.00
0,1425662,3340.00
0,1425665,3350.00
0,1425667,3390.00
0,1425668,3400.00
0,1425670,3400.00
0,1425671,3370.00
0,1425673,3370.00
0,1425674,3230.00
0,1425676,3230.00
0,1425678,3240.00
0,1425679,3240.00
0,1425681,3240.00
0,1425682,3230.00
0,1425684,3230.00
0,1425686,3230.00
0,1425687,3230.00
0,1425689,3210.00
0,1425690,3190.00
0,1425692,3210.00
0,1425693,3210.00
0,1425695,3210.00
0,1425697,3240.00
0,1425698,3240.00
0,1425700,3200.00
0,1425701,3210.00
0,1425703,3230.00
0,1425704,3230.00
0,1425707,3240.00
0,1425709,3250.00
0,1425710,3230.00
0,1425712,3230.00
0,1425713,3240.00
0,1425715,3250.00
0,1425716,3230.00
0,1425718,3230.00
0,1425720,3240.00
0,1425721,3210.00
0,1425723,3210.00
0,1425724,3250.00
0,1425726,3210.00
0,1425728,3210.00
0,1425729,3210.00
0,1425731,3210.00
0,1425732,3250.00
0,1425734,3240.00
0,1425735,3240.00
0,1425737,3210.00
0,1425739,3240.00
0,1425740,3230.00
0,1425742,3230.00
0,1425743,3230.00
0,1425745,3230.00
0,1425746,3230.00
0,1425748,3200.00
0,1425751,3250.00
0,1425752,3240.00
0,1425754,3240.00
0,1425755,3230.00
0,1425757,3230.00
0,1425758,3230.00
0,1425760,3230.00
0,1425762,3250.00
0,1425763,3230.00
0,1425765,3240.00
0,1425766,3240.00
0,1425768,3230.00
0,1425770,3250.00
0,1425771,3250.00
0,1425773,3250.00
0,1425774,3230.00
0,1425776,3210.00
0,1425777,3210.00
0,1425779,3250.00
0,1425781,3230.00
0,1425782,3240.00
0,1425784,3240.00
0,1425785,3240.00
0,1425787,3250.00
0,1425788,3210.00
0,1425790,3210.00
0,1425793,3100.00
0,1425794,3100.00
1,1425796,3100.00
1,1425797,3290.00
1,1425799,3300.00
1,1425800,3170.00
1,1425802,3170.00
1,1425804,3170.00
1,1425805,3160.00
1,1425807,3140.00
1,1425808,3140.00
1,1425810,3150.00
1,1425812,3120.00
1,1425813,3120.00
1,1425815,3160.00
1,1425816,3160.00
1,1425818,3140.00
1,1425819,3140.00
1,1425821,3150.00
1,1425823,3150.00
1,1425824,3190.00
1,1425826,3190.00
1,1425827,3190.00
1,1425829,3160.00
1,1425830,3110.00
1,1425832,3110.00
1,1425835,3160.00
1,1425836,3150.00
1,1425838,3150.00
1,1425839,3150.00
1,1425841,3160.00
1,1425842,3140.00
1,1425844,3140.00
1,1425846,3160.00
1,1425847,3160.00
1,1425849,3150.00
1,1425850,3150.00
1,1425852,3150.00
1,1425854,3150.00
1,1425855,3190.00
1,1425857,3190.00
1,1425858,3160.00
1,1425860,3150.00
1,1425861,3150.00
1,1425863,3140.00
1,1425865,3170.00
1,1425866,3170.00
1,1425868,3170.00
1,1425869,3160.00
1,1425871,3140.00
1,1425872,3160.00
1,1425874,3160.00
1,1425876,3140.00
1,1425878,3160.00
1,1425880,3150.00
1,1425881,3150.00
1,1425883,3150.00
1,1425884,3160.00
1,1425886,3160.00
1,1425888,3190.00
1,1425889,3140.00
1,1425891,3160.00
1,1425892,3160.00
1,1425894,3160.00
1,1425896,3170.00
1,1425897,3150.00
1,1425899,3150.00
1,1425900,3160.00
1,1425902,3140.00
1,1425903,3140.00
1,1425905,3140.00
1,1425907,3150.00
1,1425908,3150.00
1,1425910,3150.00
1,1425911,3140.00
1,1425913,3150.00
1,1425914,3240.00
1,1425916,3240.00
1,1425918,3150.00
1,1425920,3160.00
1,1425922,3140.00
1,1425923,3140.00
1,1425925,3160.00
1,1425926,3160.00
1,1425928,3160.00
1,1425930,3160.00
1,1425931,3140.00
1,1425933,3150.00
1,1425934,3150.00
1,1425936,3120.00
1,1425938,3190.00
1,1425939,3150.00
1,1425941,3150.00
1,1425942,3150.00
1,1425944,3120.00
1,1425945,3160.00
1,1425947,3160.00
1,1425949,3140.00
1,1425950,3160.00
1,1425952,3160.00
1,1425953,3160.00
1,1425955,3120.00
1,1425956,3140.00
1,1425958,3140.00
1,1425960,3170.00
1,1425961,3150.00
1,1425964,3140.00
1,1425965,3140.00
1,1425967,3140.00
1,1425969,3140.00
1,1425970,3190.00
1,1425972,3190.00
1,1425973,3150.00
1,1425975,3160.00
1,1425976,3160.00
1,1425978,3150.00
1,1425980,3160.00
1,1425981,3160.00
1,1425983,3160.00
1,1425984,3150.00
1,1425986,3150.00
1,1425987,3170.00
1,1425989,3170.00
1,1425991,3200.00
1,1425992,3150.00
1,1425994,3150.00
1,1425995,3150.00
1,1425997,3190.00
1,1425998,3170.00
1,1426000,3170.00
1,1426002,3170.00
1,1426003,3150.00
1,1426006,3160.00
1,1426007,3160.00
1,1426009,3190.00
1,1426011,3190.00
1,1426012,3170.00
1,1426014,3170.00
1,1426015,3160.00
1,1426017,3150.00
1,1426018,3150.00
1,1426020,3170.00
1,1426022,3210.00
1,1426023,3150.00
1,1426025,3150.00
1,1426026,3160.00
1,1426028,3190.00
1,1426029,3200.00
1,1426031,3200.00
1,1426033,3170.00
1,1426034,3160.00
1,1426036,3150.00
1,1426037,3150.00
1,1426039,3170.00
1,1426040,3170.00
1,1426042,3170.00
1,1426044,3190.00
1,1426045,3140.00
1,1426048,3160.00
1,1426049,3160.00
1,1426051,3190.00
1,1426053,3210.00
1,1426054,3170.00
1,1426056,3170.00
1,1426057,3190.00
1,1426059,3190.00
1,1426060,3190.00
1,1426062,3190.00
1,1426064,3160.00
1,1426065,3150.00
1,1426067,3150.00
1,1426068,3150.00
1,1426070,3170.00
1,1426071,3170.00
1,1426073,3170.00
1,1426075,3170.00
1,1426076,3170.00
1,1426078,3170.00
1,1426079,3170.00
1,1426081,3190.00
1,1426082,3190.00
1,1426084,3170.00
1,1426086,3170.00
1,1426087,3150.00
1,1426089,3160.00
1,1426091,3160.00
1,1426093,3160.00
1,1426095,3170.00
1,1426096,3150.00
1,1426098,3150.00
1,1426099,3150.00
1,1426101,3150.00
1,1426102,3190.00
1,1426104,3190.00
1,1426106,3150.00
1,1426107,3150.00
1,1426109,3150.00
1,1426110,3190.00
1,1426112,3160.00
1,1426113,3160.00
1,1426115,3160.00
1,1426117,3150.00
1,1426118,3160.00
1,1426120,3190.00
1,1426121,3190.00
1,1426123,3200.00
1,1426124,3190.00
1,1426126,3160.00
1,1426128,3160.00
1,1426129,3150.00
1,1426131,3190.00
1,1426132,3190.00
1,1426135,3160.00
1,1426137,3160.00
1,1426138,3200.00
1,1426140,3200.00
1,1426141,3210.00
1,1426143,3170.00
1,1426144,3170.00
1,1426146,3170.00
1,1426148,3150.00
1,1426149,3150.00
1,1426151,3190.00
1,1426152,3190.00
1,1426154,3200.00
1,1426155,3170.00
1,1426157,3170.00
1,1426159,3160.00
1,1426160,3190.00
1,1426162,3160.00
1,1426163,3160.00
1,1426165,3150.00
1,1426166,3160.00
1,1426168,3150.00
1,1426170,3150.00
1,1426171,3170.00
1,1426173,3190.00
1,1426174,3170.00
1,1426177,3170.00
1,1426179,3160.00
1,1426180,3160.00
1,1426182,3160.00
1,1426183,3170.00
1,1426185,3160.00
1,1426186,3160.00
1,1426188,3160.00
1,1426190,3150.00
1,1426191,3170.00
1,1426193,3150.00
1,1426194,3150.00
1,1426196,3160.00
1,1426197,3160.00
1,1426199,3160.00
1,1426201,3160.00
1,1426202,3170.00
1,1426204,3200.00
1,1426205,3200.00
1,1426207,3150.00
1,1426208,3160.00
1,1426210,3160.00
1,1426212,3160.00
1,1426213,3160.00
1,1426215,3440.00
1,1426216,3380.00
1,1426219,3380.00
1,1426221,3390.00
1,1426222,3330.00
1,1426224,3330.00
1,1426225,3320.00
1,1426227,3370.00
1,1426228,3370.00
1,1426230,3370.00
1,1426232,3400.00
1,1426233,3380.00
1,1426235,3350.00
1,1426236,3350.00
1,1426238,3390.00
0,1426239,3440.00
0,1426241,3490.00
0,1426243,3490.00
0,1426244,3430.00
0,1426246,3430.00
0,1426247,3430.00
0,1426249,3240.00
0,1426250,3230.00
0,1426252,3250.00
0,1426254,3250.00
0,1426255,3200.00
0,1426257,3240.00
0,1426258,3250.00
0,1426260,3250.00
0,1426263,3200.00
0,1426264,3250.00
0,1426266,3200.00
0,1426267,3200.00
0,1426269,3210.00
0,1426270,3210.00
0,1426272,3210.00
0,1426274,3200.00
0,1426275,3210.00
0,1426277,3240.00
0,1426278,3240.00
0,1426280,3230.00
0,1426281,3210.00
0,1426283,3190.00
0,1426285,3190.00
0,1426286,3210.00
0,1426288,3230.00
0,1426289,3230.00
0,1426291,3230.00
0,1426293,3210.00
0,1426294,3380.00
0,1426296,3380.00
0,1426297,3200.00
0,1426299,3200.00
0,1426300,3190.00
0,1426302,3190.00
0,1426305,3210.00
0,1426306,3210.00
0,1426308,3570.00
0,1426309,3570.00
0,1426311,3260.00
0,1426312,3390.00
0,1426314,3100.00
0,1426316,3100.00
0,1426317,3550.00
0,1426319,3390.00
0,1426320,3390.00
0,1426322,3110.00
0,1426323,3210.00
0,1426325,3320.00
0,1426327,3320.00
0,1426328,3340.00
0,1426330,3370.00
0,1426331,3380.00
0,1426333,3380.00
0,1426335,3330.00
0,1426336,3340.00
0,1426338,3340.00
0,1426339,3350.00
0,1426341,3380.00
0,1426342,3400.00
0,1426344,3400.00
0,1426347,3420.00
0,1426348,3400.00
0,1426350,3460.00
0,1426351,3460.00
0,1426353,3470.00
0,1426354,3470.00
0,1426356,3460.00
0,1426358,3460.00
0,1426359,4210.00
0,1426361,3990.00
0,1426362,3990.00
0,1426364,3850.00
0,1426365,3970.00
0,1426367,4120.00
0,1426369,4120.00
0,1426370,3640.00
0,1426372,3280.00
0,1426373,3380.00
0,1426375,3380.00
0,1426377,4350.00
0,1426378,3740.00
0,1426380,3300.00
0,1426381,3300.00
0,1426383,4450.00
0,1426384,4060.00
0,1426386,4060.00
0,1426388,4060.00
0,1426390,4440.00
0,1426392,4150.00
0,1426393,4150.00
0,1426395,4100.00
0,1426396,3850.00
0,1426398,3440.00
0,1426400,3440.00
0,1426401,3240.00
0,1426403,4420.00
0,1426404,4420.00
0,1426406,4420.00
0,1426407,3900.00
0,1426409,4150.00
0,1426411,4150.00
0,1426412,3840.00
0,1426414,4280.00
0,1426415,3920.00
0,1426417,3920.00
0,1426419,4470.00
0,1426420,3960.00
0,1426422,4250.00
0,1426423,4250.00
0,1426425,4010.00
0,1426426,4240.00
0,1426428,4240.00
0,1426430,4200.00
0,1426432,4530.00
0,1426434,4340.00
0,1426435,4340.00
0,1426437,4610.00
0,1426438,4380.00
0,1426440,4340.00
0,1426442,4340.00
0,1426443,4350.00
0,1426445,3800.00
0,1426446,4220.00
0,1426448,4220.00
0,1426449,4300.00
0,1426451,4760.00
0,1426453,4760.00
0,1426454,4540.00
0,1426456,4030.00
0,1426457,5180.00
0,1426459,5180.00
0,1426461,4850.00
0,1426462,4060.00
0,1426464,5310.00
0,1426465,5310.00
0,1426467,4790.00
0,1426468,4060.00
0,1426470,5320.00
0,1426472,5320.00
0,1426473,4830.00
0,1426476,4100.00
0,1426477,4100.00
0,1426479,5380.00
0,1426480,3980.00
0,1426482,4720.00
0,1426484,4720.00
0,1426485,4970.00
0,1426487,4150.00
0,1426488,4610.00
0,1426490,4610.00
0,1426492,5450.00
0,1426493,5040.00
0,1426495,4630.00
0,1426496,4630.00
0,1426498,4440.00
0,1426499,5220.00
0,1426501,5220.00
0,1426503,5300.00
0,1426504,5090.00
0,1426506,3780.00
0,1426507,3780.00
0,1426509,4150.00
0,1426510,4630.00
0,1426512,5440.00
0,1426514,5440.00
0,1426515,5020.00
0,1426518,3830.00
0,1426519,3610.00
0,1426521,3610.00
0,1426522,3740.00
0,1426524,4890.00
0,1426526,4890.00
0,1426527,4110.00
0,1426529,4530.00
0,1426530,5380.00
0,1426532,5380.00
0,1426534,4360.00
0,1426535,3560.00
0,1426537,3550.00
0,1426538,3550.00
0,1426540,3570.00
0,1426541,3560.00
0,1426543,3560.00
0,1426545,3570.00
0,1426546,3580.00
0,1426548,3600.00
0,1426549,3600.00
0,1426551,3570.00
0,1426552,3610.00
0,1426554,3150.00
0,1426556,3150.00
0,1426557,3120.00
0,1426560,3190.00
0,1426561,3160.00
0,1426563,3160.00
0,1426564,3150.00
0,1426566,3150.00
0,1426568,3150.00
0,1426569,3120.00
0,1426571,3150.00
0,1426572,3160.00
0,1426574,3160.00
0,1426576,3210.00
0,1426577,3400.00
0,1426579,3160.00
0,1426580,3160.00
0,1426582,3200.00
0,1426583,3390.00
0,1426585,3780.00
0,1426587,3780.00
0,1426588,3300.00
0,1426590,3370.00
0,1426591,3370.00
0,1426593,3400.00
0,1426594,3370.00
0,1426596,3350.00
0,1426598,3350.00
0,1426599,3400.00
0,1426601,3350.00
0,1426603,3400.00
0,1426605,3400.00
0,1426606,3390.00
0,1426608,3400.00
0,1426610,3380.00
0,1426611,3380.00
0,1426613,3280.00
0,1426614,3250.00
0,1426616,3250.00
0,1426618,3210.00
0,1426619,3230.00
0,1426621,3210.00
0,1426622,3210.00
0,1426624,3210.00
0,1426625,3200.00
0,1426627,3170.00
0,1426629,3170.00
0,1426630,3230.00
0,1426632,3230.00
0,1426633,3210.00
0,1426635,3210.00
0,1426636,3240.00
0,1426638,3240.00
0,1426640,3240.00
0,1426641,3230.00
0,1426643,3300.00
0,1426644,3210.00
0,1426647,3210.00
0,1426648,3210.00
0,1426650,3230.00
0,1426652,3240.00
0,1426653,3240.00
0,1426655,3230.00
0,1426656,3210.00
0,1426658,3210.00
0,1426660,3250.00
0,1426661,3250.00
0,1426663,3210.00
0,1426664,3210.00
0,1426666,3250.00
0,1426667,3260.00
0,1426669,3250.00
0,1426671,3250.00
0,1426672,3230.00
0,1426674,3210.00
0,1426675,3230.00
0,1426677,3230.00
0,1426678,3250.00
0,1426680,3230.00
0,1426682,3230.00
0,1426683,3240.00
0,1426685,3260.00
0,1426686,3250.00
0,1426689,3250.00
0,1426690,3250.00
0,1426692,3200.00
0,1426694,3230.00
0,1426695,3230.00
0,1426697,3230.00
0,1426698,3260.00
0,1426700,3240.00
0,1426702,3240.00
0,1426703,3230.00
0,1426705,3230.00
0,1426706,3230.00
0,1426708,3250.00
0,1426709,3240.00
0,1426711,3250.00
0,1426713,3250.00
0,1426714,3250.00
0,1426716,3230.00
0,1426717,3210.00
0,1426719,3210.00
0,1426720,3240.00
0,1426722,3230.00
0,1426724,3250.00
0,1426725,3250.00
0,1426727,3200.00
0,1426728,3230.00
0,1426731,3230.00
0,1426732,3340.00
1,1426734,3070.00
1,1426736,3300.00
1,1426737,3300.00
1,1426739,3260.00
1,1426740,3150.00
1,1426742,3160.00
1,1426744,3160.00
1,1426745,3160.00
1,1426747,3140.00
1,1426748,3140.00
1,1426750,3110.00
1,1426751,3120.00
1,1426753,3140.00
1,1426755,3140.00
1,1426756,3150.00
1,1426758,3140.00
1,1426759,3170.00
1,1426761,3170.00
1,1426762,3160.00
1,1426764,3140.00
1,1426766,3150.00
1,1426767,3150.00
1,1426769,3120.00
1,1426770,3120.00
1,1426772,3120.00
1,1426775,3140.00
1,1426776,3150.00
1,1426778,3160.00
1,1426779,3160.00
1,1426781,3140.00
1,1426782,3160.00
1,1426784,3170.00
1,1426786,3170.00
1,1426787,3170.00
1,1426789,3160.00
1,1426790,3150.00
1,1426792,3150.00
1,1426793,3160.00
1,1426795,3150.00
1,1426797,3150.00
1,1426798,3150.00
1,1426800,3150.00
1,1426801,3140.00
1,1426803,3140.00
1,1426804,3160.00
1,1426806,3160.00
1,1426808,3140.00
1,1426809,3140.00
1,1426811,3140.00
1,1426812,3170.00
1,1426814,3170.00
1,1426817,3170.00
1,1426818,3160.00
1,1426820,3150.00
1,1426821,3150.00
1,1426823,3140.00
1,1426824,3160.00
1,1426826,3170.00
1,1426828,3170.00
1,1426829,3160.00
1,1426831,3140.00
1,1426832,3140.00
1,1426834,3140.00
1,1426835,3150.00
1,1426837,3170.00
1,1426839,3160.00
1,1426840,3160.00
1,1426842,3150.00
1,1426843,3120.00
1,1426845,3120.00
1,1426846,3160.00
1,1426848,3140.00
1,1426850,3150.00
1,1426851,3150.00
1,1426853,3160.00
1,1426854,3200.00
1,1426856,3210.00
1,1426859,3210.00
1,1426860,3150.00
1,1426862,3140.00
1,1426863,3140.00
1,1426865,3150.00
1,1426866,3120.00
1,1426868,3170.00
1,1426870,3170.00
1,1426871,3150.00
1,1426873,3170.00
1,1426874,3150.00
1,1426876,3150.00
1,1426877,3160.00
1,1426879,3160.00
1,1426881,3160.00
1,1426882,3160.00
1,1426884,3140.00
1,1426885,3140.00
1,1426887,3140.00
1,1426888,3170.00
1,1426890,3160.00
1,1426892,3150.00
1,1426893,3150.00
1,1426895,3120.00
1,1426896,3140.00
1,1426898,3160.00
1,1426900,3160.00
1,1426902,3160.00
1,1426904,3140.00
1,1426905,3140.00
1,1426907,3140.00
1,1426908,3170.00
1,1426910,3160.00
1,1426912,3160.00
1,1426913,3170.00
1,1426915,3140.00
1,1426916,3160.00
1,1426918,3160.00
1,1426919,3150.00
1,1426921,3160.00
1,1426923,3140.00
1,1426924,3140.00
1,1426926,3150.00
1,1426927,3160.00
1,1426929,3200.00
1,1426930,3200.00
1,1426932,3160.00
1,1426934,3150.00
1,1426935,3150.00
1,1426937,3150.00
1,1426938,3170.00
1,1426940,3190.00
1,1426942,3190.00
1,1426944,3160.00
1,1426946,3150.00
1,1426947,3190.00
1,1426949,3190.00
1,1426950,3190.00
1,1426952,3160.00
1,1426954,3160.00
1,1426955,3160.00
1,1426957,3140.00
1,1426958,3160.00
1,1426960,3160.00
1,1426961,3150.00
1,1426963,3140.00
1,1426965,3140.00
1,1426966,3140.00
1,1426968,3150.00
1,1426969,3150.00
1,1426971,3160.00
1,1426972,3160.00
1,1426974,3170.00
1,1426976,3160.00
1,1426977,3160.00
1,1426979,3190.00
1,1426980,3160.00
1,1426982,3160.00
1,1426984,3160.00
1,1426985,3160.00
1,1426988,3150.00
1,1426989,3170.00
1,1426991,3170.00
1,1426992,3160.00
1,1426994,3170.00
1,1426996,3150.00
1,1426997,3150.00
1,1426999,3170.00
1,1427000,3190.00
1,1427002,3190.00
1,1427003,3150.00
1,1427005,3280.00
1,1427007,3160.00
1,1427008,3160.00
1,1427010,3170.00
1,1427011,3170.00
1,1427013,3190.00
1,1427014,3190.00
1,1427016,3150.00
1,1427018,3170.00
1,1427019,3170.00
1,1427021,3170.00
1,1427022,3170.00
1,1427024,3150.00
1,1427026,3150.00
1,1427027,3160.00
1,1427030,3160.00
1,1427031,3190.00
1,1427033,3190.00
1,1427034,3160.00
1,1427036,3160.00
1,1427038,3190.00
1,1427039,3190.00
1,1427041,3170.00
1,1427042,3170.00
1,1427044,3150.00
1,1427045,3150.00
1,1427047,3160.00
1,1427049,3170.00
1,1427050,3170.00
1,1427052,3150.00
1,1427053,3160.00
1,1427055,3170.00
1,1427057,3170.00
1,1427058,3150.00
1,1427060,3170.00
1,1427061,3190.00
1,1427063,3190.00
1,1427064,3190.00
1,1427066,3170.00
1,1427068,3170.00
1,1427069,3170.00
1,1427072,3190.00
1,1427073,3170.00
1,1427075,3170.00
1,1427076,3190.00
1,1427078,3160.00
1,1427080,3190.00
1,1427081,3190.00
1,1427083,3200.00
1,1427084,3170.00
1,1427086,3150.00
1,1427087,3150.00
1,1427089,3140.00
1,1427091,3170.00
1,1427092,3170.00
1,1427094,3250.00
1,1427095,3160.00
1,1427097,3200.00
1,1427099,3200.00
1,1427100,3160.00
1,1427102,3170.00
1,1427103,3190.00
1,1427105,3190.00
1,1427106,3150.00
1,1427108,3150.00
1,1427110,3170.00
1,1427111,3170.00
1,1427113,3170.00
1,1427115,3170.00
1,1427117,3170.00
1,1427118,3170.00
1,1427120,3190.00
1,1427122,3190.00
1,1427123,3190.00
1,1427125,3190.00
1,1427126,3160.00
1,1427128,3160.00
1,1427129,3160.00
1,1427131,3170.00
1,1427133,3190.00
1,1427134,3170.00
1,1427136,3170.00
1,1427137,3140.00
1,1427139,3150.00
1,1427141,3150.00
1,1427142,3190.00
1,1427144,3150.00
1,1427145,3160.00
1,1427147,3160.00
1,1427148,3190.00
1,1427150,3200.00
1,1427152,3370.00
1,1427153,3370.00
1,1427155,3350.00
1,1427156,3170.00
1,1427159,3190.00
1,1427160,3190.00
1,1427162,3160.00
1,1427164,3190.00
1,1427165,3190.00
1,1427167,3150.00
1,1427168,3160.00
1,1427170,3210.00
1,1427171,3210.00
1,1427173,3160.00
1,1427175,3170.00
1,1427176,3150.00
0,1427178,3150.00
0,1427179,3260.00
0,1427181,3240.00
0,1427183,3240.00
0,1427184,3210.00
0,1427186,3230.00
0,1427187,3240.00
0,1427189,3240.00
0,1427190,3230.00
0,1427192,3210.00
0,1427194,3190.00
0,1427195,3190.00
0,1427197,3210.00
0,1427198,3230.00
0,1427201,3190.00
0,1427202,3190.00
0,1427204,3210.00
0,1427206,3200.00
0,1427207,3200.00
0,1427209,3210.00
0,1427210,3200.00
0,1427212,3210.00
0,1427213,3210.00
0,1427215,3210.00
0,1427217,3230.00
0,1427218,3210.00
0,1427220,3210.00
0,1427221,3230.00
0,1427223,3210.00
0,1427225,3250.00
0,1427226,3250.00
0,1427228,3200.00
0,1427229,3190.00
0,1427231,3190.00
0,1427232,3200.00
0,1427234,3370.00
0,1427236,3200.00
0,1427237,3200.00
0,1427239,3190.00
0,1427240,3210.00
0,1427243,3230.00
0,1427244,3230.00
0,1427246,3200.00
0,1427248,3780.00
0,1427249,3830.00
0,1427251,3830.00
0,1427252,3330.00
0,1427254,3430.00
0,1427255,3430.00
0,1427257,3580.00
0,1427259,3200.00
0,1427260,3370.00
0,1427262,3370.00
0,1427263,3490.00
0,1427265,3800.00
0,1427267,3810.00
0,1427268,3810.00
0,1427270,3920.00
0,1427271,3880.00
0,1427273,3880.00
0,1427274,3810.00
0,1427276,3830.00
0,1427278,3850.00
0,1427279,3850.00
0,1427281,3600.00
0,1427282,3620.00
0,1427284,3580.00
0,1427286,3580.00
0,1427288,3610.00
0,1427290,3610.00
0,1427291,3580.00
0,1427293,3580.00
0,1427294,3620.00
0,1427296,4210.00
0,1427297,4210.00
0,1427299,4100.00
0,1427301,3870.00
0,1427302,3850.00
0,1427304,3850.00
0,1427305,4110.00
0,1427307,3430.00
0,1427309,3420.00
0,1427310,3420.00
0,1427312,4260.00
0,1427313,3810.00
0,1427315,3300.00
0,1427316,3300.00
0,1427318,3640.00
0,1427320,4350.00
0,1427321,4350.00
0,1427323,4080.00
0,1427324,3990.00
0,1427326,4040.00
0,1427328,4040.00
0,1427330,4100.00
0,1427332,4060.00
0,1427333,4100.00
0,1427335,4100.00
0,1427336,3460.00
0,1427338,3370.00
0,1427340,4430.00
0,1427341,4430.00
0,1427343,4400.00
0,1427344,4290.00
0,1427346,4290.00
0,1427347,4100.00
0,1427349,3880.00
0,1427351,4250.00
0,1427352,4250.00
0,1427354,4190.00
0,1427355,4540.00
0,1427357,4280.00
0,1427358,4280.00
0,1427360,4600.00
0,1427362,4310.00
0,1427363,4380.00
0,1427365,4380.00
0,1427366,4350.00
0,1427368,4540.00
0,1427369,4540.00
0,1427372,4300.00
0,1427374,4560.00
0,1427375,4260.00
0,1427377,4260.00
0,1427378,4160.00
0,1427380,4260.00
0,1427382,4010.00
0,1427383,4010.00
0,1427385,3290.00
0,1427386,4720.00
0,1427388,4720.00
0,1427389,4840.00
0,1427391,4030.00
0,1427393,4280.00
0,1427394,4280.00
0,1427396,5300.00
0,1427397,4220.00
0,1427399,4580.00
0,1427400,4580.00
0,1427402,5400.00
0,1427404,4150.00
0,1427405,4600.00
0,1427407,4600.00
0,1427408,5470.00
0,1427410,4100.00
0,1427411,4100.00
0,1427414,4810.00
0,1427416,5570.00
0,1427417,3470.00
0,1427419,3470.00
0,1427420,4710.00
0,1427422,4800.00
0,1427424,4520.00
0,1427425,4520.00
0,1427427,5400.00
0,1427428,5340.00
0,1427430,4380.00
0,1427431,4380.00
0,1427433,4250.00
0,1427435,4990.00
0,1427436,4990.00
0,1427438,5350.00
0,1427439,5080.00
0,1427441,4570.00
0,1427442,4570.00
0,1427444,4560.00
0,1427446,3780.00
0,1427447,5380.00
0,1427449,5380.00
0,1427450,5210.00
0,1427452,4220.00
0,1427453,4340.00
0,1427456,4340.00
0,1427458,3620.00
0,1427459,3600.00
0,1427461,3600.00
0,1427462,4800.00
0,1427464,4210.00
0,1427466,5400.00
0,1427467,5400.00
0,1427469,4840.00
0,1427470,4130.00
0,1427472,3570.00
0,1427473,3570.00
0,1427475,3560.00
0,1427477,3610.00
0,1427478,3560.00
0,1427480,3560.00
0,1427481,3600.00
0,1427483,3570.00
0,1427484,3570.00
0,1427486,3560.00
0,1427488,3570.00
0,1427489,3560.00
0,1427491,3560.00
0,1427492,3330.00
0,1427494,3150.00
0,1427495,3170.00
0,1427497,3170.00
0,1427500,3150.00
0,1427501,3120.00
0,1427503,3120.00
0,1427504,3120.00
0,1427506,3160.00
0,1427508,3150.00
0,1427509,3150.00
0,1427511,3110.00
0,1427512,3350.00
0,1427514,3160.00
0,1427515,3160.00
0,1427517,3460.00
0,1427519,3200.00
0,1427520,3160.00
0,1427522,3160.00
0,1427523,3480.00
0,1427525,3290.00
0,1427526,3290.00
0,1427528,3750.00
0,1427530,3370.00
0,1427531,3340.00
0,1427533,3340.00
0,1427534,3350.00
0,1427536,3370.00
0,1427537,3350.00
0,1427539,3350.00
0,1427542,3350.00
0,1427543,3420.00
0,1427545,3390.00
0,1427546,3390.00
0,1427548,3400.00
0,1427550,3400.00
0,1427551,3400.00
0,1427553,3400.00
0,1427554,3260.00
0,1427556,3240.00
0,1427557,3240.00
0,1427559,3230.00
0,1427561,3230.00
0,1427562,3240.00
0,1427564,3240.00
0,1427565,3200.00
0,1427567,3230.00
0,1427568,3230.00
0,1427570,3230.00
0,1427572,3230.00
0,1427573,3210.00
0,1427575,3210.00
0,1427576,3210.00
0,1427578,3230.00
0,1427579,3240.00
0,1427581,3240.00
0,1427584,3230.00
0,1427585,3230.00
0,1427587,3210.00
0,1427588,3210.00
0,1427590,3230.00
0,1427592,3250.00
0,1427593,3250.00
0,1427595,3240.00
0,1427596,3230.00
0,1427598,3250.00
0,1427599,3250.00
0,1427601,3230.00
0,1427603,3210.00
0,1427604,3250.00
0,1427606,3250.00
0,1427607,3250.00
0,1427609,3250.00
0,1427610,3240.00
0,1427612,3240.00
0,1427614,3230.00
0,1427615,3210.00
0,1427617,3210.00
0,1427618,3210.00
0,1427620,3250.00
0,1427622,3230.00
0,1427623,3230.00
0,1427625,3230.00
0,1427627,3240.00
0,1427629,3230.00
0,1427630,3230.00
0,1427632,3230.00
0,1427634,3250.00
0,1427635,3240.00
0,1427637,3240.00
0,1427638,3250.00
0,1427640,3240.00
0,1427641,3240.00
0,1427643,3250.00
0,1427645,3240.00
0,1427646,3250.00
0,1427648,3250.00
0,1427649,3240.00
0,1427651,3230.00
0,1427652,3260.00
0,1427654,3260.00
0,1427656,3230.00
0,1427657,3250.00
0,1427659,3230.00
0,1427660,3230.00
0,1427662,3250.00
0,1427664,3230.00
0,1427665,3230.00
0,1427667,3240.00
0,1427668,3230.00
0,1427671,3300.00
0,1427672,3300.00
1,1427674,3380.00
1,1427676,3160.00
1,1427677,3280.00
1,1427679,3280.00
1,1427680,3230.00
1,1427682,3190.00
1,1427683,3150.00
1,1427685,3150.00
1,1427687,3170.00
1,1427688,3140.00
1,1427690,3140.00
1,1427691,3160.00
1,1427693,3190.00
1,1427694,3150.00
1,1427696,3150.00
1,1427698,3160.00
1,1427699,3190.00
1,1427701,3200.00
1,1427702,3200.00
1,1427704,3190.00
1,1427706,3150.00
1,1427707,3150.00
1,1427709,3160.00
1,1427710,3150.00
1,1427713,3190.00
1,1427714,3190.00
1,1427716,3170.00
1,1427718,3170.00
1,1427719,3160.00
1,1427721,3160.00
1,1427722,3170.00
1,1427724,3200.00
1,1427725,3200.00
1,1427727,3200.00
1,1427729,3160.00
1,1427730,3190.00
1,1427732,3190.00
1,1427733,3170.00
1,1427735,3160.00
1,1427736,3160.00
1,1427738,3160.00
1,1427740,3160.00
1,1427741,3170.00
1,1427743,3200.00
1,1427744,3200.00
1,1427746,3190.00
1,1427748,3190.00
1,1427749,3150.00
1,1427751,3150.00
1,1427752,3200.00
1,1427755,3170.00
1,1427756,3170.00
1,1427758,3150.00
1,1427760,3160.00
1,1427761,3170.00
1,1427763,3170.00
1,1427764,3210.00
1,1427766,3190.00
1,1427767,3160.00
1,1427769,3160.00
1,1427771,3150.00
1,1427772,3190.00
1,1427774,3160.00
1,1427775,3160.00
1,1427777,3170.00
1,1427778,3150.00
1,1427780,3150.00
1,1427782,3170.00
1,1427783,3200.00
1,1427785,3190.00
1,1427786,3190.00
1,1427788,3160.00
1,1427790,3160.00
1,1427791,3190.00
1,1427793,3190.00
1,1427794,3230.00
1,1427796,3160.00
1,1427798,3140.00
1,1427800,3140.00
1,1427802,3190.00
1,1427803,3210.00
1,1427805,3210.00
1,1427806,3170.00
1,1427808,3150.00
1,1427809,3150.00
1,1427811,3150.00
1,1427813,3190.00
1,1427814,3150.00
1,1427816,3170.00
1,1427817,3170.00
1,1427819,3140.00
1,1427820,3150.00
1,1427822,3150.00
1,1427824,3150.00
1,1427825,3200.00
1,1427827,3160.00
1,1427828,3160.00
1,1427830,3150.00
1,1427832,3190.00
1,1427833,3160.00
1,1427835,3160.00
1,1427836,3170.00
1,1427838,3140.00
1,1427840,3160.00
1,1427842,3160.00
1,1427844,3170.00
1,1427845,3200.00
1,1427847,3200.00
1,1427848,3160.00
1,1427850,3150.00
1,1427851,3170.00
1,1427853,3170.00
1,1427855,3170.00
1,1427856,3150.00
1,1427858,3150.00
1,1427859,3150.00
1,1427861,3150.00
1,1427862,3160.00
1,1427864,3200.00
1,1427866,3200.00
1,1427867,3170.00
1,1427869,3170.00
1,1427870,3170.00
1,1427872,3190.00
1,1427874,3190.00
1,1427875,3170.00
1,1427877,3170.00
1,1427878,3170.00
1,1427880,3190.00
1,1427881,3210.00
1,1427884,3210.00
1,1427886,3210.00
1,1427887,3190.00
1,1427889,3170.00
1,1427890,3170.00
1,1427892,3190.00
1,1427893,3210.00
1,1427895,3210.00
1,1427897,3170.00
1,1427898,3160.00
1,1427900,3190.00
1,1427901,3190.00
1,1427903,3150.00
1,1427905,3170.00
1,1427906,3160.00
1,1427908,3160.00
1,1427909,3150.00
1,1427911,3200.00
1,1427912,3200.00
1,1427914,3210.00
1,1427916,3190.00
1,1427917,3160.00
1,1427919,3160.00
1,1427920,3170.00
1,1427922,3190.00
1,1427923,3190.00
1,1427926,3190.00
1,1427928,3200.00
1,1427929,3190.00
1,1427931,3170.00
1,1427932,3170.00
1,1427934,3200.00
1,1427935,3190.00
1,1427937,3190.00
1,1427939,3170.00
1,1427940,3190.00
1,1427942,3190.00
1,1427943,3190.00
1,1427945,3200.00
1,1427947,3200.00
1,1427948,3200.00
1,1427950,3200.00
1,1427951,3190.00
1,1427953,3200.00
1,1427954,3170.00
1,1427956,3170.00
1,1427958,3170.00
1,1427959,3190.00
1,1427961,3190.00
1,1427962,3200.00
1,1427964,3170.00
1,1427965,3200.00
1,1427968,3200.00
1,1427970,3170.00
1,1427971,3190.00
1,1427973,3210.00
1,1427974,3210.00
1,1427976,3210.00
1,1427977,3170.00
1,1427979,3200.00
1,1427981,3200.00
1,1427982,3200.00
1,1427984,3190.00
1,1427985,3190.00
1,1427987,3170.00
1,1427989,3170.00
1,1427990,3170.00
1,1427992,3170.00
1,1427993,3200.00
1,1427995,3230.00
1,1427996,3190.00
1,1427998,3190.00
1,1428000,3190.00
1,1428001,3200.00
1,1428003,3190.00
1,1428004,3190.00
1,1428006,3200.00
1,1428007,3190.00
1,1428009,3190.00
1,1428012,3200.00
1,1428013,3200.00
1,1428015,3190.00
1,1428016,3190.00
1,1428018,3170.00
1,1428019,3160.00
1,1428021,3190.00
1,1428023,3190.00
1,1428024,3190.00
1,1428026,3190.00
1,1428027,3190.00
1,1428029,3190.00
1,1428031,3200.00
1,1428032,3200.00
1,1428034,3200.00
1,1428035,3190.00
1,1428037,3190.00
1,1428038,3170.00
1,1428040,3170.00
1,1428042,3190.00
1,1428043,3200.00
1,1428045,3190.00
1,1428046,3190.00
1,1428048,3190.00
1,1428049,3170.00
1,1428051,3170.00
1,1428054,3190.00
1,1428055,3190.00
1,1428057,3190.00
1,1428058,3190.00
1,1428060,3190.00
1,1428061,3190.00
1,1428063,3200.00
1,1428065,3200.00
1,1428066,3160.00
1,1428068,3160.00
1,1428069,3160.00
1,1428071,3160.00
1,1428073,3190.00
1,1428074,3190.00
1,1428076,3190.00
1,1428077,3190.00
1,1428079,3170.00
1,1428080,3200.00
1,1428082,3200.00
1,1428084,3200.00
1,1428085,3200.00
1,1428087,3190.00
1,1428088,3190.00
1,1428090,3160.00
1,1428091,3190.00
1,1428093,3230.00
1,1428096,3230.00
1,1428097,3170.00
1,1428099,3160.00
1,1428100,3160.00
1,1428102,3160.00
1,1428103,3170.00
1,1428105,3190.00
1,1428107,3190.00
1,1428108,3190.00
1,1428110,3200.00
1,1428111,3200.00
1,1428113,3200.00
1,1428115,3210.00
1,1428116,3190.00
1,1428118,3200.00
0,1428119,3200.00
0,1428121,3300.00
0,1428122,3290.00
0,1428124,3290.00
0,1428126,3260.00
0,1428127,3250.00
0,1428129,3230.00
0,1428130,3230.00
0,1428132,3210.00
0,1428133,3240.00
0,1428135,3240.00
0,1428137,3240.00
0,1428139,3240.00
0,1428141,3260.00
0,1428142,3260.00
0,1428144,3260.00
0,1428146,3250.00
0,1428147,3210.00
0,1428149,3210.00
0,1428150,3240.00
0,1428152,3240.00
0,1428153,3230.00
0,1428155,3230.00
0,1428157,3230.00
0,1428158,3230.00
0,1428160,3250.00
0,1428161,3250.00
0,1428163,3210.00
0,1428164,3210.00
0,1428166,3210.00
0,1428168,3230.00
0,1428169,3240.00
0,1428171,3250.00
0,1428172,3250.00
0,1428174,3210.00
0,1428175,3260.00
0,1428177,3230.00
0,1428179,3230.00
0,1428180,3250.00
0,1428183,3200.00
0,1428184,3230.00
0,1428186,3230.00
0,1428188,3350.00
0,1428189,3430.00
0,1428191,3430.00
0,1428192,3640.00
0,1428194,3070.00
0,1428195,3570.00
0,1428197,3570.00
0,1428199,3190.00
0,1428200,3100.00
0,1428202,3200.00
0,1428203,3200.00
0,1428205,3420.00
0,1428206,3480.00
0,1428208,3460.00
0,1428210,3460.00
0,1428211,3420.00
0,1428213,3400.00
0,1428214,3400.00
0,1428216,3440.00
0,1428217,3440.00
0,1428219,3390.00
0,1428221,3390.00
0,1428222,3380.00
0,1428225,3380.00
0,1428226,3390.00
0,1428228,3390.00
0,1428230,3370.00
0,1428231,3370.00
0,1428233,3370.00
0,1428234,3340.00
0,1428236,3440.00
0,1428237,3870.00
0,1428239,3870.00
0,1428241,4110.00
0,1428242,4030.00
0,1428244,3940.00
0,1428245,3940.00
0,1428247,4130.00
0,1428248,4110.00
0,1428250,3530.00
0,1428252,3530.00
0,1428253,3290.00
0,1428255,3890.00
0,1428256,3890.00
0,1428258,4260.00
0,1428259,3320.00
0,1428261,4620.00
0,1428263,4620.00
0,1428264,4100.00
0,1428267,4030.00
0,1428268,4680.00
0,1428270,4680.00
0,1428272,4110.00
0,1428273,4070.00
0,1428275,3570.00
0,1428276,3570.00
0,1428278,3480.00
0,1428279,3990.00
0,1428281,3990.00
0,1428283,4650.00
0,1428284,4670.00
0,1428286,4600.00
0,1428287,4600.00
0,1428289,4290.00
0,1428290,4630.00
0,1428292,4450.00
0,1428294,4450.00
0,1428295,4380.00
0,1428297,4430.00
0,1428298,4150.00
0,1428300,4150.00
0,1428301,4480.00
0,1428303,4240.00
0,1428305,4240.00
0,1428306,4660.00
0,1428308,4200.00
0,1428310,4600.00
0,1428312,4600.00
0,1428314,4060.00
0,1428315,4170.00
0,1428317,4190.00
0,1428318,4190.00
0,1428320,4400.00
0,1428321,4280.00
0,1428323,3430.00
0,1428325,3430.00
0,1428326,4850.00
0,1428328,4660.00
0,1428329,4660.00
0,1428331,4400.00
0,1428332,4920.00
0,1428334,4340.00
0,1428336,4340.00
0,1428337,4510.00
0,1428339,5210.00
0,1428340,4350.00
0,1428342,4350.00
0,1428343,4560.00
0,1428345,5300.00
0,1428347,5300.00
0,1428348,4280.00
0,1428350,4600.00
0,1428352,5290.00
0,1428354,5290.00
0,1428356,4300.00
0,1428357,4650.00
0,1428359,4720.00
0,1428360,4720.00
0,1428362,4710.00
0,1428363,4940.00
0,1428365,4790.00
0,1428367,4790.00
0,1428368,4150.00
0,1428370,4670.00
0,1428371,4670.00
0,1428373,5450.00
0,1428374,5240.00
0,1428376,4800.00
0,1428378,4800.00
0,1428379,4560.00
0,1428381,5070.00
0,1428382,5350.00
0,1428384,5350.00
0,1428385,3660.00
0,1428387,4940.00
0,1428389,3740.00
0,1428390,3740.00
0,1428392,4770.00
0,1428393,5450.00
0,1428396,5450.00
0,1428398,3690.00
0,1428399,3620.00
0,1428401,3750.00
0,1428402,3750.00
0,1428404,5450.00
0,1428405,4700.00
0,1428407,4100.00
0,1428409,4100.00
0,1428410,4680.00
0,1428412,3920.00
0,1428413,3600.00
0,1428415,3600.00
0,1428416,3560.00
0,1428418,3580.00
0,1428420,3580.00
0,1428421,3580.00
0,1428423,3570.00
0,1428424,3570.00
0,1428426,3570.00
0,1428428,3570.00
0,1428429,3560.00
0,1428431,3600.00
0,1428432,3600.00
0,1428434,3150.00
0,1428435,3140.00
0,1428438,3170.00
0,1428440,3170.00
0,1428441,3140.00
0,1428443,3120.00
0,1428444,3120.00
0,1428446,3150.00
0,1428447,3140.00
0,1428449,3140.00
0,1428451,3140.00
0,1428452,3490.00
0,1428454,3190.00
0,1428455,3740.00
0,1428457,3740.00
0,1428458,3190.00
0,1428460,3110.00
0,1428462,3110.00
0,1428463,3370.00
0,1428465,3760.00
0,1428466,3330.00
0,1428468,3330.00
0,1428470,3330.00
0,1428471,3380.00
0,1428473,3400.00
0,1428474,3400.00
0,1428476,3390.00
0,1428477,3390.00
0,1428480,3390.00
0,1428482,3390.00
0,1428483,3380.00
0,1428485,3420.00
0,1428486,3420.00
0,1428488,3380.00
0,1428489,3400.00
0,1428491,3250.00
0,1428493,3250.00
0,1428494,3230.00
0,1428496,3210.00
0,1428497,3250.00
0,1428499,3250.00
0,1428500,3230.00
0,1428502,3210.00
0,1428504,3170.00
0,1428505,3170.00
0,1428507,3260.00
0,1428508,3230.00
0,1428510,3230.00
0,1428512,3240.00
0,1428513,3210.00
0,1428515,3230.00
0,1428516,3230.00
0,1428518,3230.00
0,1428519,3210.00
0,1428521,3240.00
0,1428524,3240.00
0,1428525,3240.00
0,1428527,3210.00
0,1428528,3250.00
0,1428530,3250.00
0,1428531,3190.00
0,1428533,3210.00
0,1428535,3210.00
0,1428536,3230.00
0,1428538,3230.00
0,1428539,3200.00
0,1428541,3200.00
0,1428542,3210.00
0,1428544,3430.00
0,1428546,3510.00
0,1428547,3510.00
0,1428549,3370.00
0,1428550,3210.00
0,1428552,3210.00
0,1428554,3230.00
0,1428555,3230.00
0,1428557,3210.00
0,1428558,3210.00
0,1428560,3260.00
0,1428561,3210.00
0,1428563,3230.00
0,1428566,3230.00
0,1428567,3250.00
0,1428569,3230.00
0,1428570,3240.00
0,1428572,3240.00
0,1428573,3210.00
0,1428575,3230.00
0,1428577,3230.00
0,1428578,3230.00
0,1428580,3210.00
0,1428581,3250.00
0,1428583,3250.00
0,1428584,3240.00
0,1428586,3250.00
0,1428588,3240.00
0,1428589,3240.00
0,1428591,3200.00
0,1428592,3230.00
0,1428594,3230.00
0,1428596,3230.00
0,1428597,3230.00
0,1428599,3300.00
0,1428600,3300.00
0,1428602,3240.00
0,1428603,3230.00
0,1428605,3240.00
0,1428608,3240.00
0,1428609,3330.00
0,1428611,3190.00
1,1428612,3260.00
1,1428614,3260.00
1,1428615,3320.00
1,1428617,3140.00
1,1428619,3140.00
1,1428620,3140.00
1,1428622,3150.00
1,1428623,3120.00
1,1428625,3120.00
1,1428626,3140.00
1,1428628,3140.00
1,1428630,3150.00
1,1428631,3150.00
1,1428633,3120.00
1,1428634,3140.00
1,1428636,3150.00
1,1428638,3150.00
1,1428639,3160.00
1,1428641,3150.00
1,1428642,3140.00
1,1428644,3140.00
1,1428645,3140.00
1,1428647,3150.00
1,1428649,3150.00
1,1428651,3240.00
1,1428653,3150.00
1,1428654,3140.00
1,1428656,3140.00
1,1428657,3140.00
1,1428659,3160.00
1,1428661,3150.00
1,1428662,3150.00
1,1428664,3150.00
1,1428665,3160.00
1,1428667,3160.00
1,1428668,3170.00
1,1428670,3150.00
1,1428672,3140.00
1,1428673,3140.00
1,1428675,3120.00
1,1428676,3170.00
1,1428678,3150.00
1,1428680,3150.00
1,1428681,3150.00
1,1428683,3150.00
1,1428684,3150.00
1,1428686,3150.00
1,1428687,3160.00
1,1428689,3160.00
1,1428691,3160.00
1,1428692,3160.00
1,1428695,3150.00
1,1428696,3150.00
1,1428698,3150.00
1,1428699,3190.00
1,1428701,3170.00
1,1428703,3150.00
1,1428704,3150.00
1,1428706,3190.00
1,1428707,3140.00
1,1428709,3150.00
1,1428711,3150.00
1,1428712,3160.00
1,1428714,3160.00
1,1428715,3160.00
1,1428717,3150.00
1,1428718,3160.00
1,1428720,3150.00
1,1428722,3150.00
1,1428723,3160.00
1,1428725,3160.00
1,1428726,3150.00
1,1428728,3150.00
1,1428729,3140.00
1,1428731,3170.00
1,1428733,3200.00
1,1428734,3200.00
1,1428737,3200.00
1,1428738,3160.00
1,1428740,3160.00
1,1428741,3160.00
1,1428743,3140.00
1,1428745,3160.00
1,1428746,3160.00
1,1428748,3140.00
1,1428749,3140.00
1,1428751,3160.00
1,1428753,3160.00
1,1428754,3170.00
1,1428756,3170.00
1,1428757,3150.00
1,1428759,3150.00
1,1428760,3170.00
1,1428762,3170.00
1,1428764,3170.00
1,1428765,3150.00
1,1428767,3150.00
1,1428768,3140.00
1,1428770,3140.00
1,1428771,3160.00
1,1428773,3140.00
1,1428775,3150.00
1,1428776,3150.00
1,1428779,3120.00
1,1428780,3170.00
1,1428782,3170.00
1,1428783,3160.00
1,1428785,3160.00
1,1428787,3170.00
1,1428788,3170.00
1,1428790,3150.00
1,1428791,3140.00
1,1428793,3170.00
1,1428795,3170.00
1,1428796,3170.00
1,1428798,3140.00
1,1428799,3140.00
1,1428801,3140.00
1,1428802,3160.00
1,1428804,3160.00
1,1428806,3160.00
1,1428807,3160.00
1,1428809,3160.00
1,1428810,3190.00
1,1428812,3190.00
1,1428813,3170.00
1,1428815,3170.00
1,1428817,3170.00
1,1428818,3170.00
1,1428820,3140.00
1,1428822,3140.00
1,1428824,3170.00
1,1428825,3170.00
1,1428827,3140.00
1,1428829,3140.00
1,1428830,3140.00
1,1428832,3140.00
1,1428833,3160.00
1,1428835,3150.00
1,1428837,3150.00
1,1428838,3160.00
1,1428840,3170.00
1,1428841,3150.00
1,1428843,3150.00
1,1428844,3170.00
1,1428846,3150.00
1,1428848,3150.00
1,1428849,3150.00
1,1428851,3170.00
1,1428852,3190.00
1,1428854,3190.00
1,1428855,3160.00
1,1428857,3170.00
1,1428859,3160.00
1,1428860,3160.00
1,1428862,3160.00
1,1428864,3160.00
1,1428866,3160.00
1,1428867,3160.00
1,1428869,3150.00
1,1428871,3190.00
1,1428872,3190.00
1,1428874,3170.00
1,1428875,3170.00
1,1428877,3170.00
1,1428879,3170.00
1,1428880,3170.00
1,1428882,3170.00
1,1428883,3160.00
1,1428885,3160.00
1,1428886,3280.00
1,1428888,3160.00
1,1428890,3150.00
1,1428891,3150.00
1,1428893,3190.00
1,1428894,3170.00
1,1428896,3170.00
1,1428897,3160.00
1,1428899,3160.00
1,1428901,3150.00
1,1428902,3150.00
1,1428904,3150.00
1,1428905,3170.00
1,1428908,3160.00
1,1428909,3160.00
1,1428911,3150.00
1,1428913,3170.00
1,1428914,3190.00
1,1428916,3190.00
1,1428917,3150.00
1,1428919,3150.00
1,1428921,3150.00
1,1428922,3170.00
1,1428924,3190.00
1,1428925,3170.00
1,1428927,3170.00
1,1428928,3150.00
1,1428930,3140.00
1,1428932,3160.00
1,1428933,3160.00
1,1428935,3200.00
1,1428936,3150.00
1,1428938,3160.00
1,1428939,3160.00
1,1428941,3150.00
1,1428943,3170.00
1,1428944,3170.00
1,1428946,3160.00
1,1428947,3170.00
1,1428950,3140.00
1,1428951,3140.00
1,1428953,3160.00
1,1428955,3170.00
1,1428956,3160.00
1,1428958,3160.00
1,1428959,3150.00
1,1428961,3170.00
1,1428963,3190.00
1,1428964,3190.00
1,1428966,3160.00
1,1428967,3160.00
1,1428969,3160.00
1,1428970,3150.00
1,1428972,3170.00
1,1428974,3190.00
1,1428975,3190.00
1,1428977,3170.00
1,1428978,3170.00
1,1428980,3160.00
1,1428981,3160.00
1,1428983,3160.00
1,1428985,3170.00
1,1428986,3170.00
1,1428988,3160.00
1,1428989,3190.00
1,1428992,3150.00
1,1428994,3150.00
1,1428995,3160.00
1,1428997,3150.00
1,1428998,3160.00
1,1429000,3160.00
1,1429001,3140.00
1,1429003,3150.00
1,1429005,3290.00
1,1429006,3290.00
1,1429008,3190.00
1,1429009,3160.00
1,1429011,3160.00
1,1429012,3160.00
1,1429014,3170.00
1,1429016,3200.00
1,1429017,3200.00
1,1429019,3170.00
1,1429020,3150.00
1,1429022,3150.00
1,1429023,3150.00
1,1429025,3160.00
1,1429027,3170.00
1,1429028,3170.00
1,1429030,3170.00
1,1429031,3160.00
1,1429033,3150.00
1,1429036,3150.00
1,1429037,3190.00
1,1429039,3150.00
1,1429040,3160.00
1,1429042,3160.00
1,1429043,3140.00
1,1429045,3190.00
1,1429047,3170.00
1,1429048,3170.00
1,1429050,3170.00
1,1429051,3160.00
1,1429053,3190.00
0,1429054,3190.00
0,1429056,3320.00
0,1429058,3260.00
0,1429059,3260.00
0,1429061,3250.00
0,1429062,3230.00
0,1429064,3230.00
0,1429065,3230.00
0,1429067,3210.00
0,1429069,3190.00
0,1429070,3200.00
0,1429072,3200.00
0,1429073,3230.00
0,1429075,3200.00
0,1429078,3200.00
0,1429079,3200.00
0,1429081,3210.00
0,1429082,3210.00
0,1429084,3210.00
0,1429085,3200.00
0,1429087,3230.00
0,1429089,3230.00
0,1429090,3230.00
0,1429092,3240.00
0,1429093,3210.00
0,1429095,3230.00
0,1429096,3230.00
0,1429098,3200.00
0,1429100,3210.00
0,1429101,3210.00
0,1429103,3210.00
0,1429104,3210.00
0,1429106,3170.00
0,1429107,3170.00
0,1429109,3320.00
0,1429111,3250.00
0,1429112,3200.00
0,1429114,3200.00
0,1429115,3200.00
0,1429117,3230.00
0,1429120,3190.00
0,1429121,3190.00
0,1429123,3200.00
0,1429124,3830.00
0,1429126,3830.00
0,1429127,3170.00
0,1429129,3210.00
0,1429131,3060.00
0,1429132,3060.00
0,1429134,3690.00
0,1429135,3050.00
0,1429137,3200.00
0,1429138,3200.00
0,1429140,3200.00
0,1429142,3600.00
0,1429143,3560.00
0,1429145,3560.00
0,1429146,3580.00
0,1429148,3570.00
0,1429149,3570.00
0,1429151,3570.00
0,1429153,3610.00
0,1429154,3570.00
0,1429156,3570.00
0,1429157,3570.00
0,1429159,3580.00
0,1429161,3550.00
0,1429163,3550.00
0,1429165,3560.00
0,1429166,3550.00
0,1429168,3550.00
0,1429169,3550.00
0,1429171,3530.00
0,1429173,4060.00
0,1429174,4060.00
0,1429176,4070.00
0,1429177,4100.00
0,1429179,3880.00
0,1429180,3880.00
0,1429182,4110.00
0,1429184,3610.00
0,1429185,3640.00
0,1429187,3640.00
0,1429188,4450.00
0,1429190,3610.00
0,1429191,3610.00
0,1429193,3320.00
0,1429195,3870.00
0,1429196,4220.00
0,1429198,4220.00
0,1429199,4240.00
0,1429201,4030.00
0,1429203,4070.00
0,1429204,4070.00
0,1429207,4260.00
0,1429208,4080.00
0,1429210,4100.00
0,1429211,4100.00
0,1429213,3490.00
0,1429215,3420.00
0,1429216,3420.00
0,1429218,4480.00
0,1429219,4470.00
0,1429221,4360.00
0,1429222,4360.00
0,1429224,4210.00
0,1429226,4060.00
0,1429227,4630.00
0,1429229,4630.00
0,1429230,4310.00
0,1429232,4530.00
0,1429233,4300.00
0,1429235,4300.00
0,1429237,4360.00
0,1429238,4300.00
0,1429240,4300.00
0,1429241,4560.00
0,1429243,4310.00
0,1429245,4480.00
0,1429246,4480.00
0,1429249,4310.00
0,1429250,4130.00
0,1429252,4260.00
0,1429253,4260.00
0,1429255,3930.00
0,1429257,4240.00
0,1429258,3970.00
0,1429260,3970.00
0,1429261,3280.00
0,1429263,4630.00
0,1429264,4630.00
0,1429266,4810.00
0,1429268,4120.00
0,1429269,4510.00
0,1429271,4510.00
0,1429272,5020.00
0,1429274,4120.00
0,1429276,4990.00
0,1429277,4990.00
0,1429279,5120.00
0,1429280,4170.00
0,1429282,4980.00
0,1429283,4980.00
0,1429285,5080.00
0,1429287,4150.00
0,1429288,4150.00
0,1429291,5060.00
0,1429292,5150.00
0,1429294,3660.00
0,1429295,3660.00
0,1429297,4710.00
0,1429299,4770.00
0,1429300,4710.00
0,1429302,4710.00
0,1429303,5350.00
0,1429305,5020.00
0,1429306,5020.00
0,1429308,4200.00
0,1429310,4680.00
0,1429311,5360.00
0,1429313,5360.00
0,1429314,5630.00
0,1429316,5000.00
0,1429318,4610.00
0,1429319,4610.00
0,1429321,5070.00
0,1429322,3890.00
0,1429324,5660.00
0,1429325,5660.00
0,1429327,5260.00
0,1429329,4020.00
0,1429330,4020.00
0,1429332,4720.00
0,1429334,3840.00
0,1429336,3960.00
0,1429337,3960.00
0,1429339,4670.00
0,1429341,4800.00
0,1429342,5620.00
0,1429344,5620.00
0,1429345,4920.00
0,1429347,4280.00
0,1429348,3830.00
0,1429350,3830.00
0,1429352,3780.00
0,1429353,3740.00
0,1429355,3740.00
0,1429356,3780.00
0,1429358,3780.00
0,1429360,3870.00
0,1429361,3870.00
0,1429363,3760.00
0,1429364,3790.00
0,1429366,3850.00
0,1429367,3850.00
0,1429369,3800.00
0,1429371,3370.00
0,1429372,3370.00
0,1429374,3370.00
0,1429376,3400.00
0,1429378,3160.00
0,1429379,3160.00
0,1429381,3200.00
0,1429383,3140.00
0,1429384,3150.00
0,1429386,3150.00
0,1429387,3160.00
0,1429389,3570.00
0,1429390,3170.00
0,1429392,3170.00
0,1429394,3840.00
0,1429395,3210.00
0,1429397,3210.00
0,1429398,3420.00
0,1429400,3720.00
0,1429402,3740.00
0,1429403,3740.00
0,1429405,3320.00
0,1429406,3370.00
0,1429408,3370.00
0,1429409,3370.00
0,1429411,3350.00
0,1429413,3340.00
0,1429414,3370.00
0,1429416,3370.00
0,1429417,3340.00
0,1429420,3350.00
0,1429421,3350.00
0,1429423,3330.00
0,1429425,3350.00
0,1429426,3340.00
0,1429428,3340.00
0,1429429,3230.00
0,1429431,3210.00
0,1429432,3230.00
0,1429434,3230.00
0,1429436,3190.00
0,1429437,3170.00
0,1429439,3170.00
0,1429440,3170.00
0,1429442,3190.00
0,1429444,3200.00
0,1429445,3200.00
0,1429447,3190.00
0,1429448,3200.00
0,1429450,3200.00
0,1429451,3200.00
0,1429453,3250.00
0,1429455,3230.00
0,1429456,3200.00
0,1429458,3200.00
0,1429459,3210.00
0,1429462,3230.00
0,1429463,3250.00
0,1429465,3250.00
0,1429467,3200.00
0,1429468,3230.00
0,1429470,3230.00
0,1429471,3240.00
0,1429473,3240.00
0,1429474,3230.00
0,1429476,3230.00
0,1429478,3230.00
0,1429479,3240.00
0,1429481,3250.00
0,1429482,3250.00
0,1429484,3230.00
0,1429486,3200.00
0,1429487,3250.00
0,1429489,3250.00
0,1429490,3240.00
0,1429492,3230.00
0,1429493,3230.00
0,1429495,3200.00
0,1429497,3240.00
0,1429498,3260.00
0,1429500,3260.00
0,1429501,3250.00
0,1429504,3240.00
0,1429505,3250.00
0,1429507,3250.00
0,1429509,3240.00
0,1429510,3230.00
0,1429512,3230.00
0,1429513,3250.00
0,1429515,3250.00
0,1429516,3260.00
0,1429518,3260.00
0,1429520,3230.00
0,1429521,3200.00
0,1429523,3230.00
0,1429524,3230.00
0,1429526,3240.00
0,1429528,3260.00
0,1429529,3240.00
0,1429531,3240.00
0,1429532,3230.00
0,1429534,3230.00
0,1429535,3230.00
0,1429537,3240.00
0,1429539,3190.00
0,1429540,3240.00
0,1429542,3240.00
0,1429543,3260.00
0,1429545,3230.00
0,1429547,3330.00
0,1429549,3330.00
1,1429551,3100.00
1,1429552,3330.00
1,1429554,3250.00
1,1429555,3250.00
1,1429557,3150.00
1,1429558,3120.00
1,1429560,3120.00
1,1429562,3170.00
1,1429563,3200.00
1,1429565,3190.00
1,1429566,3190.00
1,1429568,3160.00
1,1429570,3170.00
1,1429571,3160.00
1,1429573,3160.00
1,1429574,3160.00
1,1429576,3170.00
1,1429577,3160.00
1,1429579,3160.00
1,1429581,3170.00
1,1429582,3200.00
1,1429584,3200.00
1,1429585,3190.00
1,1429587,3170.00
1,1429588,3190.00
1,1429591,3190.00
1,1429593,3190.00
1,1429594,3200.00
1,1429596,3170.00
1,1429597,3170.00
1,1429599,3170.00
1,1429601,3150.00
1,1429602,3170.00
1,1429604,3170.00
1,1429605,3190.00
1,1429607,3170.00
1,1429608,3170.00
1,1429610,3150.00
1,1429612,3190.00
1,1429613,3160.00
1,1429615,3160.00
1,1429616,3160.00
1,1429618,3150.00
1,1429619,3190.00
1,1429621,3190.00
1,1429623,3190.00
1,1429624,3170.00
1,1429626,3170.00
1,1429627,3170.00
1,1429629,3160.00
1,1429630,3190.00
1,1429633,3190.00
1,1429635,3170.00
1,1429636,3160.00
1,1429638,3170.00
1,1429639,3170.00
1,1429641,3170.00
1,1429643,3210.00
1,1429644,3190.00
1,1429646,3190.00
1,1429647,3160.00
1,1429649,3160.00
1,1429650,3160.00
1,1429652,3170.00
1,1429654,3170.00
1,1429655,3170.00
1,1429657,3170.00
1,1429658,3160.00
1,1429660,3170.00
1,1429661,3190.00
1,1429663,3190.00
1,1429665,3170.00
1,1429666,3170.00
1,1429668,3150.00
1,1429669,3150.00
1,1429671,3200.00
1,1429672,3230.00
1,1429675,3230.00
1,1429677,3170.00
1,1429678,3160.00
1,1429680,3170.00
1,1429681,3170.00
1,1429683,3170.00
1,1429685,3170.00
1,1429686,3140.00
1,1429688,3140.00
1,1429689,3170.00
1,1429691,3190.00
1,1429692,3160.00
1,1429694,3160.00
1,1429696,3170.00
1,1429697,3160.00
1,1429699,3160.00
1,1429700,3170.00
1,1429702,3200.00
1,1429703,3170.00
1,1429705,3170.00
1,1429707,3190.00
1,1429708,3190.00
1,1429710,3170.00
1,1429711,3170.00
1,1429713,3200.00
1,1429714,3160.00
1,1429716,3160.00
1,1429719,3160.00
1,1429720,3190.00
1,1429722,3190.00
1,1429723,3190.00
1,1429725,3210.00
1,1429727,3170.00
1,1429728,3160.00
1,1429730,3160.00
1,1429731,3170.00
1,1429733,3160.00
1,1429734,3170.00
1,1429736,3170.00
1,1429738,3150.00
1,1429739,3190.00
1,1429741,3190.00
1,1429742,3170.00
1,1429744,3190.00
1,1429745,3170.00
1,1429747,3170.00
1,1429749,3160.00
1,1429750,3170.00
1,1429752,3190.00
1,1429753,3190.00
1,1429755,3170.00
1,1429756,3150.00
1,1429758,3170.00
1,1429761,3170.00
1,1429762,3200.00
1,1429764,3190.00
1,1429765,3190.00
1,1429767,3160.00
1,1429769,3190.00
1,1429770,3210.00
1,1429772,3210.00
1,1429773,3190.00
1,1429775,3160.00
1,1429776,3160.00
1,1429778,3160.00
1,1429780,3200.00
1,1429781,3190.00
1,1429783,3190.00
1,1429784,3190.00
1,1429786,3170.00
1,1429787,3160.00
1,1429789,3160.00
1,1429791,3210.00
1,1429792,3190.00
1,1429794,3170.00
1,1429795,3170.00
1,1429797,3160.00
1,1429799,3210.00
1,1429800,3170.00
1,1429803,3170.00
1,1429804,3190.00
1,1429806,3210.00
1,1429807,3190.00
1,1429809,3190.00
1,1429811,3200.00
1,1429812,3190.00
1,1429814,3190.00
1,1429815,3190.00
1,1429817,3170.00
1,1429818,3200.00
1,1429820,3200.00
1,1429822,3230.00
1,1429823,3160.00
1,1429825,3150.00
1,1429826,3150.00
1,1429828,3190.00
1,1429829,3210.00
1,1429831,3210.00
1,1429833,3170.00
1,1429834,3170.00
1,1429836,3170.00
1,1429837,3170.00
1,1429839,3210.00
1,1429841,3190.00
1,1429842,3170.00
1,1429844,3170.00
1,1429846,3160.00
1,1429848,3190.00
1,1429849,3210.00
1,1429851,3210.00
1,1429853,3190.00
1,1429854,3170.00
1,1429856,3170.00
1,1429857,3160.00
1,1429859,3210.00
1,1429860,3210.00
1,1429862,3210.00
1,1429864,3200.00
1,1429865,3190.00
1,1429867,3210.00
1,1429868,3210.00
1,1429870,3210.00
1,1429871,3190.00
1,1429873,3190.00
1,1429875,3190.00
1,1429876,3160.00
1,1429878,3210.00
1,1429879,3210.00
1,1429881,3200.00
1,1429883,3190.00
1,1429884,3160.00
1,1429886,3160.00
1,1429888,3190.00
1,1429890,3240.00
1,1429891,3170.00
1,1429893,3170.00
1,1429895,3170.00
1,1429896,3170.00
1,1429898,3170.00
1,1429899,3170.00
1,1429901,3210.00
1,1429902,3200.00
1,1429904,3200.00
1,1429906,3170.00
1,1429907,3160.00
1,1429909,3200.00
1,1429910,3200.00
1,1429912,3200.00
1,1429913,3160.00
1,1429915,3190.00
1,1429917,3190.00
1,1429918,3190.00
1,1429920,3200.00
1,1429921,3230.00
1,1429923,3230.00
1,1429925,3200.00
1,1429926,3200.00
1,1429928,3200.00
1,1429929,3200.00
1,1429932,3200.00
1,1429933,3170.00
1,1429935,3170.00
1,1429937,3170.00
1,1429938,3170.00
1,1429940,3210.00
1,1429941,3210.00
1,1429943,3190.00
1,1429944,3160.00
1,1429946,3160.00
1,1429948,3160.00
1,1429949,3210.00
1,1429951,3190.00
1,1429952,3190.00
1,1429954,3170.00
1,1429955,3170.00
1,1429957,3190.00
1,1429959,3190.00
1,1429960,3210.00
1,1429962,3200.00
1,1429963,3160.00
1,1429965,3160.00
1,1429967,3190.00
1,1429968,3210.00
1,1429970,3210.00
1,1429971,3200.00
1,1429974,3160.00
1,1429975,3170.00
1,1429977,3170.00
1,1429979,3190.00
1,1429980,3200.00
1,1429982,3200.00
1,1429983,3200.00
1,1429985,3200.00
1,1429986,3190.00
1,1429988,3200.00
1,1429990,3200.00
1,1429991,3190.00
1,1429993,3170.00
0,1429994,3170.00
0,1429996,3330.00
0,1429997,3260.00
0,1429999,3280.00
0,1430001,3280.00
0,1430002,3260.00
0,1430004,3250.00
0,1430005,3210.00
0,1430007,3210.00
0,1430009,3210.00
0,1430010,3230.00
0,1430012,3250.00
0,1430013,3250.00
0,1430016,3240.00
0,1430017,3200.00
0,1430019,3200.00
0,1430021,3210.00
0,1430022,3230.00
0,1430024,3240.00
0,1430025,3240.00
0,1430027,3250.00
0,1430028,3240.00
0,1430030,3240.00
0,1430032,3240.00
0,1430033,3240.00
0,1430035,3230.00
0,1430036,3230.00
0,1430038,3240.00
0,1430039,3240.00
0,1430041,3240.00
0,1430043,3240.00
0,1430044,3250.00
0,1430046,3210.00
0,1430047,3250.00
0,1430049,3250.00
0,1430051,3330.00
0,1430052,3210.00
0,1430054,3230.00
0,1430055,3230.00
0,1430057,3240.00
0,1430059,3250.00
0,1430061,3250.00
0,1430063,3210.00
0,1430064,3870.00
0,1430066,3640.00
0,1430067,3640.00
0,1430069,3150.00
0,1430070,3440.00
0,1430072,3610.00
0,1430074,3610.00
0,1430075,2970.00
0,1430077,3200.00
0,1430078,3240.00
0,1430080,3240.00
0,1430081,3350.00
0,1430083,3350.00
0,1430085,3350.00
0,1430086,3370.00
0,1430088,3350.00
0,1430089,3330.00
0,1430091,3330.00
0,1430093,3330.00
0,1430094,3340.00
0,1430096,3370.00
0,1430097,3370.00
0,1430099,3370.00
0,1430100,3400.00
0,1430103,3400.00
0,1430105,3400.00
0,1430106,3430.00
0,1430108,3440.00
0,1430109,3440.00
0,1430111,3470.00
0,1430112,4160.00
0,1430114,3990.00
0,1430116,3990.00
0,1430117,3880.00
0,1430119,3880.00
0,1430120,4070.00
0,1430122,4070.00
0,1430124,3350.00
0,1430125,3320.00
0,1430127,4130.00
0,1430128,4130.00
0,1430130,3880.00
0,1430131,3290.00
0,1430133,3290.00
0,1430135,3580.00
0,1430136,4360.00
0,1430138,4020.00
0,1430139,4020.00
0,1430141,4010.00
0,1430142,3990.00
0,1430145,4080.00
0,1430147,4080.00
0,1430148,4020.00
0,1430150,4130.00
0,1430151,4130.00
0,1430153,3480.00
0,1430154,3350.00
0,1430156,4560.00
0,1430158,4560.00
0,1430159,4570.00
0,1430161,4280.00
0,1430162,4080.00
0,1430164,4080.00
0,1430166,3900.00
0,1430167,4280.00
0,1430169,4210.00
0,1430170,4210.00
0,1430172,4620.00
0,1430173,4290.00
0,1430175,4290.00
0,1430177,4530.00
0,1430178,4280.00
0,1430180,4360.00
0,1430181,4360.00
0,1430183,4310.00
0,1430184,4600.00
0,1430187,4340.00
0,1430189,4340.00
0,1430190,4420.00
0,1430192,4280.00
0,1430193,4060.00
0,1430195,4060.00
0,1430196,4290.00
0,1430198,3930.00
0,1430200,3930.00
0,1430201,3260.00
0,1430203,4760.00
0,1430204,4860.00
0,1430206,4860.00
0,1430208,4060.00
0,1430209,4440.00
0,1430211,5260.00
0,1430212,5260.00
0,1430214,4040.00
0,1430215,4700.00
0,1430217,5320.00
0,1430219,5320.00
0,1430220,4060.00
0,1430222,4770.00
0,1430223,4770.00
0,1430225,5300.00
0,1430226,4120.00
0,1430228,4970.00
0,1430231,4970.00
0,1430232,5340.00
0,1430234,3600.00
0,1430235,4710.00
0,1430237,4710.00
0,1430238,4790.00
0,1430240,4610.00
0,1430242,4610.00
0,1430243,5380.00
0,1430245,5210.00
0,1430246,4300.00
0,1430248,4300.00
0,1430250,4510.00
0,1430251,5270.00
0,1430253,5360.00
0,1430254,5360.00
0,1430256,4930.00
0,1430257,4380.00
0,1430259,4700.00
0,1430261,4700.00
0,1430262,3700.00
0,1430264,5450.00
0,1430265,5450.00
0,1430267,5060.00
0,1430268,3810.00
0,1430270,4340.00
0,1430273,4340.00
0,1430274,3640.00
0,1430276,3610.00
0,1430277,4470.00
0,1430279,4470.00
0,1430280,4300.00
0,1430282,5350.00
0,1430284,4700.00
0,1430285,4700.00
0,1430287,4040.00
0,1430288,3550.00
0,1430290,3550.00
0,1430292,3580.00
0,1430293,3570.00
0,1430295,3560.00
0,1430296,3560.00
0,1430298,3560.00
0,1430299,3580.00
0,1430301,3570.00
0,1430303,3570.00
0,1430304,3570.00
0,1430306,3570.00
0,1430307,3400.00
0,1430309,3400.00
0,1430310,3140.00
0,1430312,3120.00
0,1430315,3120.00
0,1430316,3150.00
0,1430318,3170.00
0,1430319,3120.00
0,1430321,3120.00
0,1430322,3140.00
0,1430324,3140.00
0,1430326,3150.00
0,1430327,3150.00
0,1430329,3460.00
0,1430330,3150.00
0,1430332,3690.00
0,1430334,3690.00
0,1430335,3190.00
0,1430337,3560.00
0,1430338,3560.00
0,1430340,3740.00
0,1430341,3750.00
0,1430343,3370.00
0,1430345,3370.00
0,1430346,3380.00
0,1430348,3390.00
0,1430349,3380.00
0,1430351,3380.00
0,1430352,3390.00
0,1430354,3380.00
0,1430356,3380.00
0,1430358,3370.00
0,1430360,3350.00
0,1430361,3350.00
0,1430363,3350.00
0,1430365,3400.00
0,1430366,3380.00
0,1430368,3240.00
0,1430369,3240.00
0,1430371,3240.00
0,1430372,3200.00
0,1430374,3230.00
0,1430376,3230.00
0,1430377,3340.00
0,1430379,3510.00
0,1430380,3510.00
0,1430382,3400.00
0,1430383,3370.00
0,1430385,3330.00
0,1430387,3330.00
0,1430388,3370.00
0,1430390,3390.00
0,1430391,3440.00
0,1430393,3440.00
0,1430394,3430.00
0,1430396,3430.00
0,1430398,3370.00
0,1430400,3370.00
0,1430402,3470.00
0,1430403,3430.00
0,1430405,3430.00
0,1430407,3520.00
0,1430408,3420.00
0,1430410,3440.00
0,1430411,3440.00
0,1430413,3160.00
0,1430414,3210.00
0,1430416,3230.00
0,1430418,3230.00
0,1430419,3200.00
0,1430421,3200.00
0,1430422,3190.00
0,1430424,3190.00
0,1430425,3210.00
0,1430427,3210.00
0,1430429,3210.00
0,1430430,3200.00
0,1430432,3210.00
0,1430433,3210.00
0,1430435,3210.00
0,1430436,3210.00
0,1430438,3210.00
0,1430440,3200.00
0,1430441,3200.00
0,1430444,3210.00
0,1430445,3230.00
0,1430447,3230.00
0,1430449,3210.00
0,1430450,3240.00
0,1430452,3200.00
0,1430453,3200.00
0,1430455,3210.00
0,1430456,3200.00
0,1430458,3200.00
0,1430460,3200.00
0,1430461,3200.00
0,1430463,3200.00
0,1430464,3230.00
0,1430466,3230.00
0,1430467,3210.00
0,1430469,3190.00
0,1430471,3190.00
0,1430472,3210.00
0,1430474,3230.00
0,1430475,3200.00
0,1430477,3200.00
0,1430478,3240.00
0,1430480,3210.00
0,1430482,3210.00
0,1430483,3210.00
0,1430486,3430.00
1,1430487,3160.00
1,1430489,3350.00
1,1430491,3350.00
1,1430492,3240.00
1,1430494,3150.00
1,1430495,3150.00
1,1430497,3150.00
1,1430498,3140.00
1,1430500,3140.00
1,1430502,3140.00
1,1430503,3170.00
1,1430505,3150.00
1,1430506,3150.00
1,1430508,3150.00
1,1430509,3150.00
1,1430511,3150.00
1,1430513,3160.00
1,1430514,3160.00
1,1430516,3150.00
1,1430517,3150.00
1,1430519,3150.00
1,1430520,3140.00
1,1430522,3140.00
1,1430524,3170.00
1,1430525,3170.00
1,1430528,3140.00
1,1430529,3150.00
1,1430531,3140.00
1,1430533,3140.00
1,1430534,3140.00
1,1430536,3140.00
1,1430537,3150.00
1,1430539,3150.00
1,1430540,3160.00
1,1430542,3140.00
1,1430544,3140.00
1,1430545,3140.00
1,1430547,3150.00
1,1430548,3160.00
1,1430550,3160.00
1,1430551,3160.00
1,1430553,3140.00
1,1430555,3170.00
1,1430556,3170.00
1,1430558,3160.00
1,1430559,3150.00
1,1430561,3150.00
1,1430562,3150.00
1,1430564,3140.00
1,1430566,3170.00
1,1430567,3170.00
1,1430569,3190.00
1,1430571,3160.00
1,1430573,3140.00
1,1430575,3140.00
1,1430576,3110.00
1,1430578,3160.00
1,1430579,3160.00
1,1430581,3160.00
1,1430582,3160.00
1,1430584,3140.00
1,1430586,3140.00
1,1430587,3120.00
1,1430589,3150.00
1,1430590,3150.00
1,1430592,3150.00
1,1430593,3160.00
1,1430595,3150.00
1,1430597,3160.00
1,1430598,3160.00
1,1430600,3170.00
1,1430601,3170.00
1,1430603,3170.00
1,1430604,3170.00
1,1430606,3160.00
1,1430608,3170.00
1,1430609,3170.00
1,1430611,3200.00
1,1430612,3160.00
1,1430615,3140.00
1,1430617,3140.00
1,1430618,3170.00
1,1430620,3160.00
1,1430621,3170.00
1,1430623,3170.00
1,1430624,3140.00
1,1430626,3120.00
1,1430628,3170.00
1,1430629,3170.00
1,1430631,3140.00
1,1430632,3280.00
1,1430634,3280.00
1,1430635,3150.00
1,1430637,3160.00
1,1430639,3140.00
1,1430640,3140.00
1,1430642,3160.00
1,1430643,3150.00
1,1430645,3140.00
1,1430647,3140.00
1,1430648,3120.00
1,1430650,3170.00
1,1430651,3170.00
1,1430653,3170.00
1,1430654,3150.00
1,1430657,3150.00
1,1430659,3150.00
1,1430660,3120.00
1,1430662,3140.00
1,1430663,3160.00
1,1430665,3160.00
1,1430666,3170.00
1,1430668,3150.00
1,1430670,3150.00
1,1430671,3150.00
1,1430673,3120.00
1,1430674,3140.00
1,1430676,3140.00
1,1430677,3150.00
1,1430679,3140.00
1,1430681,3200.00
1,1430682,3200.00
1,1430684,3170.00
1,1430685,3160.00
1,1430687,3170.00
1,1430689,3170.00
1,1430690,3140.00
1,1430692,3150.00
1,1430693,3150.00
1,1430695,3150.00
1,1430696,3170.00
1,1430699,3160.00
1,1430701,3160.00
1,1430702,3140.00
1,1430704,3170.00
1,1430705,3200.00
1,1430707,3200.00
1,1430708,3170.00
1,1430710,3150.00
1,1430712,3160.00
1,1430713,3160.00
1,1430715,3170.00
1,1430716,3190.00
1,1430718,3160.00
1,1430719,3160.00
1,1430721,3150.00
1,1430723,3150.00
1,1430724,3150.00
1,1430726,3190.00
1,1430727,3160.00
1,1430729,3190.00
1,1430731,3190.00
1,1430732,3160.00
1,1430734,3150.00
1,1430735,3170.00
1,1430737,3170.00
1,1430738,3190.00
1,1430740,3150.00
1,1430743,3160.00
1,1430744,3160.00
1,1430746,3170.00
1,1430747,3160.00
1,1430749,3160.00
1,1430750,3160.00
1,1430752,3160.00
1,1430754,3160.00
1,1430755,3160.00
1,1430757,3190.00
1,1430758,3170.00
1,1430760,3150.00
1,1430761,3150.00
1,1430763,3160.00
1,1430765,3160.00
1,1430766,3190.00
1,1430768,3190.00
1,1430769,3170.00
1,1430771,3170.00
1,1430773,3170.00
1,1430774,3150.00
1,1430776,3190.00
1,1430777,3160.00
1,1430779,3160.00
1,1430780,3160.00
1,1430782,3160.00
1,1430785,3160.00
1,1430786,3160.00
1,1430788,3170.00
1,1430789,3160.00
1,1430791,3160.00
1,1430792,3160.00
1,1430794,3160.00
1,1430796,3140.00
1,1430797,3140.00
1,1430799,3160.00
1,1430800,3160.00
1,1430802,3170.00
1,1430803,3170.00
1,1430805,3160.00
1,1430807,3190.00
1,1430808,3190.00
1,1430810,3190.00
1,1430811,3170.00
1,1430813,3160.00
1,1430815,3160.00
1,1430816,3150.00
1,1430818,3190.00
1,1430819,3170.00
1,1430821,3170.00
1,1430822,3170.00
1,1430824,3170.00
1,1430827,3170.00
1,1430828,3170.00
1,1430830,3170.00
1,1430831,3160.00
1,1430833,3160.00
1,1430834,3160.00
1,1430836,3160.00
1,1430838,3170.00
1,1430839,3170.00
1,1430841,3190.00
1,1430842,3150.00
1,1430844,3170.00
1,1430845,3170.00
1,1430847,3150.00
1,1430849,3190.00
1,1430850,3170.00
1,1430852,3170.00
1,1430853,3170.00
1,1430855,3170.00
1,1430857,3170.00
1,1430858,3170.00
1,1430860,3190.00
1,1430861,3170.00
1,1430863,3170.00
1,1430864,3170.00
1,1430866,3160.00
1,1430868,3170.00
1,1430870,3170.00
1,1430872,3190.00
1,1430873,3170.00
1,1430875,3190.00
1,1430876,3190.00
1,1430878,3160.00
1,1430880,3190.00
1,1430881,3190.00
1,1430883,3190.00
1,1430884,3160.00
1,1430886,3170.00
1,1430887,3170.00
1,1430889,3160.00
1,1430891,3190.00
1,1430892,3340.00
1,1430894,3340.00
1,1430895,3170.00
1,1430897,3160.00
1,1430899,3190.00
1,1430900,3190.00
1,1430902,3190.00
1,1430903,3200.00
1,1430905,3200.00
1,1430906,3190.00
1,1430908,3160.00
1,1430910,3150.00
1,1430912,3150.00
1,1430914,3170.00
1,1430915,3170.00
1,1430917,3160.00
1,1430918,3160.00
1,1430920,3160.00
1,1430922,3160.00
1,1430923,3170.00
1,1430925,3170.00
1,1430926,3170.00
1,1430928,3150.00
1,1430930,3150.00
0,1430931,3160.00
0,1430933,3260.00
0,1430934,3280.00
0,1430936,3280.00
0,1430937,3260.00
0,1430939,3240.00
0,1430941,3230.00
0,1430942,3230.00
0,1430944,3230.00
0,1430945,3190.00
0,1430947,3200.00
0,1430948,3200.00
0,1430950,3210.00
0,1430952,3230.00
0,1430953,3230.00
0,1430956,3210.00
0,1430957,3230.00
0,1430959,3210.00
0,1430960,3210.00
0,1430962,3210.00
0,1430964,3210.00
0,1430965,3200.00
0,1430967,3200.00
0,1430968,3200.00
0,1430970,3210.00
0,1430972,3210.00
0,1430973,3210.00
0,1430975,3240.00
0,1430976,3210.00
0,1430978,3210.00
0,1430979,3230.00
0,1430981,3240.00
0,1430983,3190.00
0,1430984,3190.00
0,1430986,3300.00
0,1430987,3350.00
0,1430989,3230.00
0,1430990,3230.00
0,1430992,3200.00
0,1430994,3190.00
0,1430995,3190.00
0,1430998,3210.00
0,1430999,3330.00
0,1431001,3700.00
0,1431002,3700.00
0,1431004,3610.00
0,1431006,3080.00
0,1431007,3550.00
0,1431009,3550.00
0,1431010,3320.00
0,1431012,3060.00
0,1431014,3190.00
0,1431015,3190.00
0,1431017,3280.00
0,1431018,3350.00
0,1431020,3350.00
0,1431021,3330.00
0,1431023,3340.00
0,1431025,3350.00
0,1431026,3350.00
0,1431028,3340.00
0,1431029,3320.00
0,1431031,3340.00
0,1431032,3340.00
0,1431034,3340.00
0,1431036,3350.00
0,1431037,3320.00
0,1431040,3320.00
0,1431041,3320.00
0,1431043,3370.00
0,1431044,3370.00
0,1431046,3350.00
0,1431048,3290.00
0,1431049,4020.00
0,1431051,4020.00
0,1431052,3940.00
0,1431054,4030.00
0,1431056,3920.00
0,1431057,3920.00
0,1431059,4130.00
0,1431060,3930.00
0,1431062,3320.00
0,1431063,3320.00
0,1431065,3370.00
0,1431067,4070.00
0,1431068,4070.00
0,1431070,4010.00
0,1431071,3260.00
0,1431073,4480.00
0,1431074,4480.00
0,1431076,3970.00
0,1431078,3980.00
0,1431079,4600.00
0,1431081,4600.00
0,1431083,4010.00
0,1431085,4060.00
0,1431086,3760.00
0,1431088,3760.00
0,1431090,3480.00
0,1431091,3420.00
0,1431093,3420.00
0,1431094,4530.00
0,1431096,4440.00
0,1431098,4200.00
0,1431099,4200.00
0,1431101,4150.00
0,1431102,4010.00
0,1431104,4330.00
0,1431105,4330.00
0,1431107,3850.00
0,1431109,4210.00
0,1431110,4210.00
0,1431112,3940.00
0,1431113,4380.00
0,1431115,3990.00
0,1431116,3990.00
0,1431118,4340.00
0,1431120,4010.00
0,1431121,4190.00
0,1431123,4190.00
0,1431124,4130.00
0,1431127,4520.00
0,1431128,4310.00
0,1431130,4310.00
0,1431132,4720.00
0,1431133,4340.00
0,1431135,4340.00
0,1431136,3600.00
0,1431138,4620.00
0,1431140,4520.00
0,1431141,4520.00
0,1431143,4600.00
0,1431144,4560.00
0,1431146,4070.00
0,1431147,4070.00
0,1431149,4800.00
0,1431151,5250.00
0,1431152,4110.00
0,1431154,4110.00
0,1431155,4920.00
0,1431157,5200.00
0,1431158,5200.00
0,1431160,4150.00
0,1431162,4990.00
0,1431163,5160.00
0,1431165,5160.00
0,1431166,4150.00
0,1431169,5070.00
0,1431170,4350.00
0,1431172,4350.00
0,1431174,4750.00
0,1431175,4970.00
0,1431177,4540.00
0,1431178,4540.00
0,1431180,4120.00
0,1431182,4930.00
0,1431183,4930.00
0,1431185,5410.00
0,1431186,4970.00
0,1431188,4290.00
0,1431189,4290.00
0,1431191,4800.00
0,1431193,5320.00
0,1431194,5270.00
0,1431196,5270.00
0,1431197,3750.00
0,1431199,4800.00
0,1431200,4800.00
0,1431202,4100.00
0,1431204,5270.00
0,1431205,5890.00
0,1431207,5890.00
0,1431208,3760.00
0,1431211,3610.00
0,1431212,3580.00
0,1431214,3580.00
0,1431216,5520.00
0,1431217,4510.00
0,1431219,4080.00
0,1431220,4080.00
0,1431222,5320.00
0,1431224,4130.00
0,1431225,4130.00
0,1431227,3580.00
0,1431228,3550.00
0,1431230,3600.00
0,1431231,3600.00
0,1431233,3570.00
0,1431235,3580.00
0,1431236,3560.00
0,1431238,3560.00
0,1431239,3560.00
0,1431241,3570.00
0,1431242,3580.00
0,1431244,3580.00
0,1431246,3170.00
0,1431247,3170.00
0,1431249,3170.00
0,1431250,3160.00
0,1431252,3120.00
0,1431255,3120.00
0,1431256,3120.00
0,1431258,3120.00
0,1431259,3140.00
0,1431261,3190.00
0,1431262,3190.00
0,1431264,3230.00
0,1431266,3190.00
0,1431267,3520.00
0,1431269,3520.00
0,1431270,3190.00
0,1431272,3120.00
0,1431273,3120.00
0,1431275,3200.00
0,1431277,3670.00
0,1431278,3290.00
0,1431280,3290.00
0,1431281,3340.00
0,1431283,3370.00
0,1431284,3350.00
0,1431286,3350.00
0,1431288,3340.00
0,1431289,3380.00
0,1431291,3440.00
0,1431292,3440.00
0,1431294,3350.00
0,1431297,3390.00
0,1431298,3390.00
0,1431300,3400.00
0,1431301,3420.00
0,1431303,3250.00
0,1431304,3250.00
0,1431306,3240.00
0,1431308,3210.00
0,1431309,3190.00
0,1431311,3190.00
0,1431312,3210.00
0,1431314,3210.00
0,1431315,3210.00
0,1431317,3210.00
0,1431319,3200.00
0,1431320,3210.00
0,1431322,3210.00
0,1431323,3210.00
0,1431325,3250.00
0,1431326,3200.00
0,1431328,3200.00
0,1431330,3230.00
0,1431331,3240.00
0,1431333,3240.00
0,1431334,3240.00
0,1431336,3230.00
0,1431339,3210.00
0,1431340,3210.00
0,1431342,3230.00
0,1431343,3300.00
0,1431345,3230.00
0,1431346,3230.00
0,1431348,3230.00
0,1431350,3240.00
0,1431351,3240.00
0,1431353,3240.00
0,1431354,3210.00
0,1431356,3240.00
0,1431357,3230.00
0,1431359,3230.00
0,1431361,3240.00
0,1431362,3210.00
0,1431364,3210.00
0,1431365,3240.00
0,1431367,3240.00
0,1431368,3250.00
0,1431370,3250.00
0,1431372,3260.00
0,1431373,3210.00
0,1431375,3230.00
0,1431376,3230.00
0,1431378,3250.00
0,1431380,3240.00
0,1431382,3210.00
0,1431384,3210.00
0,1431385,3230.00
0,1431387,3240.00
0,1431388,3240.00
0,1431390,3240.00
0,1431392,3210.00
0,1431393,3240.00
0,1431395,3240.00
0,1431396,3230.00
0,1431398,3250.00
0,1431399,3250.00
0,1431401,3250.00
0,1431403,3240.00
0,1431404,3210.00
0,1431406,3230.00
0,1431407,3230.00
0,1431409,3210.00
0,1431410,3510.00
0,1431412,3510.00
0,1431414,3570.00
0,1431415,3430.00
0,1431417,3390.00
0,1431418,3390.00
0,1431420,3460.00
0,1431422,3390.00
1,1431424,3350.00
1,1431426,3350.00
1,1431427,3400.00
1,1431429,3370.00
1,1431430,3370.00
1,1431432,3380.00
1,1431434,3400.00
1,1431435,3480.00
1,1431437,3480.00
1,1431438,3350.00
1,1431440,3370.00
1,1431441,3370.00
1,1431443,3370.00
1,1431445,3210.00
1,1431446,3200.00
1,1431448,3110.00
1,1431449,3110.00
1,1431451,3140.00
1,1431453,3200.00
1,1431454,3200.00
1,1431456,3140.00
1,1431457,3120.00
1,1431459,3160.00
1,1431460,3160.00
1,1431462,3140.00
1,1431464,3140.00
1,1431465,3160.00
1,1431468,3160.00
1,1431469,3120.00
1,1431471,3120.00
1,1431472,3160.00
1,1431474,3160.00
1,1431476,3160.00
1,1431477,3140.00
1,1431479,3140.00
1,1431480,3140.00
1,1431482,3160.00
1,1431483,3170.00
1,1431485,3170.00
1,1431487,3140.00
1,1431488,3140.00
1,1431490,3150.00
1,1431491,3150.00
1,1431493,3170.00
1,1431495,3170.00
1,1431496,3160.00
1,1431498,3160.00
1,1431499,3140.00
1,1431501,3150.00
1,1431502,3150.00
1,1431504,3160.00
1,1431506,3250.00
1,1431507,3160.00
1,1431510,3160.00
1,1431511,3150.00
1,1431513,3160.00
1,1431514,3170.00
1,1431516,3170.00
1,1431518,3160.00
1,1431519,3150.00
1,1431521,3150.00
1,1431522,3150.00
1,1431524,3160.00
1,1431525,3160.00
1,1431527,3160.00
1,1431529,3160.00
1,1431530,3150.00
1,1431532,3170.00
1,1431533,3170.00
1,1431535,3170.00
1,1431537,3160.00
1,1431538,3150.00
1,1431540,3150.00
1,1431541,3150.00
1,1431543,3160.00
1,1431544,3160.00
1,1431546,3170.00
1,1431548,3200.00
1,1431549,3160.00
1,1431552,3160.00
1,1431553,3150.00
1,1431555,3190.00
1,1431556,3160.00
1,1431558,3160.00
1,1431560,3140.00
1,1431561,3150.00
1,1431563,3140.00
1,1431564,3140.00
1,1431566,3150.00
1,1431567,3150.00
1,1431569,3150.00
1,1431571,3120.00
1,1431572,3160.00
1,1431574,3190.00
1,1431575,3190.00
1,1431577,3160.00
1,1431579,3140.00
1,1431580,3150.00
1,1431582,3150.00
1,1431583,3160.00
1,1431585,3150.00
1,1431586,3140.00
1,1431588,3140.00
1,1431590,3150.00
1,1431591,3160.00
1,1431593,3160.00
1,1431595,3170.00
1,1431597,3160.00
1,1431598,3150.00
1,1431600,3150.00
1,1431602,3140.00
1,1431603,3140.00
1,1431605,3150.00
1,1431606,3150.00
1,1431608,3160.00
1,1431609,3150.00
1,1431611,3120.00
1,1431613,3120.00
1,1431614,3150.00
1,1431616,3170.00
1,1431617,3170.00
1,1431619,3140.00
1,1431621,3160.00
1,1431622,3150.00
1,1431624,3150.00
1,1431625,3170.00
1,1431627,3150.00
1,1431628,3170.00
1,1431630,3170.00
1,1431632,3160.00
1,1431633,3140.00
1,1431635,3140.00
1,1431636,3170.00
1,1431639,3160.00
1,1431640,3160.00
1,1431642,3160.00
1,1431644,3150.00
1,1431645,3150.00
1,1431647,3170.00
1,1431648,3170.00
1,1431650,3150.00
1,1431651,3160.00
1,1431653,3160.00
1,1431655,3160.00
1,1431656,3170.00
1,1431658,3170.00
1,1431659,3170.00
1,1431661,3160.00
1,1431663,3150.00
1,1431664,3160.00
1,1431666,3160.00
1,1431667,3170.00
1,1431669,3190.00
1,1431670,3150.00
1,1431672,3150.00
1,1431674,3160.00
1,1431675,3140.00
1,1431677,3190.00
1,1431678,3190.00
1,1431681,3160.00
1,1431682,3160.00
1,1431684,3160.00
1,1431686,3170.00
1,1431687,3160.00
1,1431689,3190.00
1,1431690,3190.00
1,1431692,3170.00
1,1431693,3160.00
1,1431695,3160.00
1,1431697,3160.00
1,1431698,3170.00
1,1431700,3190.00
1,1431701,3170.00
1,1431703,3170.00
1,1431705,3160.00
1,1431706,3140.00
1,1431708,3140.00
1,1431709,3170.00
1,1431711,3160.00
1,1431712,3170.00
1,1431714,3170.00
1,1431716,3140.00
1,1431717,3170.00
1,1431719,3190.00
1,1431720,3190.00
1,1431723,3170.00
1,1431724,3160.00
1,1431726,3160.00
1,1431728,3160.00
1,1431729,3190.00
1,1431731,3200.00
1,1431732,3200.00
1,1431734,3160.00
1,1431736,3190.00
1,1431737,3160.00
1,1431739,3160.00
1,1431740,3170.00
1,1431742,3170.00
1,1431743,3170.00
1,1431745,3170.00
1,1431747,3160.00
1,1431748,3160.00
1,1431750,3160.00
1,1431751,3190.00
1,1431753,3190.00
1,1431754,3190.00
1,1431756,3190.00
1,1431758,3160.00
1,1431759,3190.00
1,1431761,3160.00
1,1431762,3160.00
1,1431764,3160.00
1,1431766,3140.00
1,1431768,3160.00
1,1431770,3160.00
1,1431771,3190.00
1,1431773,3160.00
1,1431774,3160.00
1,1431776,3170.00
1,1431778,3150.00
1,1431779,3190.00
1,1431781,3190.00
1,1431782,3170.00
1,1431784,3150.00
1,1431785,3170.00
1,1431787,3170.00
1,1431789,3190.00
1,1431790,3170.00
1,1431792,3200.00
1,1431793,3200.00
1,1431795,3160.00
1,1431796,3150.00
1,1431798,3150.00
1,1431800,3160.00
1,1431801,3190.00
1,1431803,3190.00
1,1431804,3190.00
1,1431806,3160.00
1,1431808,3150.00
1,1431810,3170.00
1,1431812,3170.00
1,1431813,3160.00
1,1431815,3170.00
1,1431816,3160.00
1,1431818,3160.00
1,1431820,3150.00
1,1431821,3170.00
1,1431823,3170.00
1,1431824,3170.00
1,1431826,3160.00
1,1431827,3150.00
1,1431829,3150.00
1,1431831,3150.00
1,1431832,3190.00
1,1431834,3160.00
1,1431835,3160.00
1,1431837,3170.00
1,1431838,3150.00
1,1431840,3150.00
1,1431842,3160.00
1,1431843,3190.00
1,1431845,3160.00
1,1431846,3160.00
1,1431848,3160.00
1,1431849,3160.00
1,1431852,3170.00
1,1431854,3170.00
1,1431855,3200.00
1,1431857,3160.00
1,1431858,3160.00
1,1431860,3160.00
1,1431862,3160.00
1,1431863,3170.00
1,1431865,3170.00
1,1431866,3190.00
1,1431868,3160.00
1,1431869,3160.00
1,1431871,3160.00
0,1431873,3170.00
0,1431874,3280.00
0,1431876,3280.00
0,1431877,3280.00
0,1431879,3260.00
0,1431880,3250.00
0,1431882,3240.00
0,1431884,3240.00
0,1431885,3210.00
0,1431887,3190.00
0,1431888,3190.00
0,1431890,3230.00
0,1431891,3210.00
0,1431894,3210.00
0,1431896,3210.00
0,1431897,3210.00
0,1431899,3190.00
0,1431900,3200.00
0,1431902,3200.00
0,1431904,3210.00
0,1431905,3250.00
0,1431907,3200.00
0,1431908,3200.00
0,1431910,3210.00
0,1431911,3240.00
0,1431913,3240.00
0,1431915,3200.00
0,1431916,3200.00
0,1431918,3230.00
0,1431919,3230.00
0,1431921,3240.00
0,1431922,3330.00
0,1431924,3230.00
0,1431926,3230.00
0,1431927,3200.00
0,1431929,3210.00
0,1431930,3190.00
0,1431932,3190.00
0,1431933,3210.00
0,1431936,3210.00
0,1431938,3210.00
0,1431939,3230.00
0,1431941,3190.00
0,1431942,3780.00
0,1431944,3780.00
0,1431946,3330.00
0,1431947,3100.00
0,1431949,3070.00
0,1431950,3070.00
0,1431952,3580.00
0,1431953,2940.00
0,1431955,2940.00
0,1431957,3120.00
0,1431958,3160.00
0,1431960,3570.00
0,1431961,3570.00
0,1431963,3560.00
0,1431964,3570.00
0,1431966,3550.00
0,1431968,3550.00
0,1431969,3570.00
0,1431971,3580.00
0,1431972,3570.00
0,1431974,3570.00
0,1431975,3570.00
0,1431977,3560.00
0,1431980,3560.00
0,1431981,3600.00
0,1431983,3560.00
0,1431984,3560.00
0,1431986,3560.00
0,1431988,3560.00
0,1431989,3550.00
0,1431991,4130.00
0,1431992,4130.00
0,1431994,4070.00
0,1431995,3900.00
0,1431997,3830.00
0,1431999,3830.00
0,1432000,4080.00
0,1432002,3460.00
0,1432003,3460.00
0,1432005,3470.00
0,1432006,4440.00
0,1432008,3690.00
0,1432010,3690.00
0,1432011,3260.00
0,1432013,3670.00
0,1432014,4340.00
0,1432016,4340.00
0,1432018,4070.00
0,1432019,4020.00
0,1432022,3980.00
0,1432023,3980.00
0,1432025,4070.00
0,1432026,4040.00
0,1432028,4040.00
0,1432030,4060.00
0,1432031,3430.00
0,1432033,3340.00
0,1432034,3340.00
0,1432036,4400.00
0,1432037,4490.00
0,1432039,4250.00
0,1432041,4250.00
0,1432042,4040.00
0,1432044,3960.00
0,1432045,3960.00
0,1432047,4430.00
0,1432048,4220.00
0,1432050,4670.00
0,1432052,4670.00
0,1432053,4250.00
0,1432055,4420.00
0,1432056,4280.00
0,1432058,4280.00
0,1432060,4400.00
0,1432061,4290.00
0,1432064,4570.00
0,1432065,4570.00
0,1432067,4290.00
0,1432068,4280.00
0,1432070,4280.00
0,1432072,4300.00
0,1432073,3930.00
0,1432075,4260.00
0,1432076,4260.00
0,1432078,3940.00
0,1432079,3210.00
0,1432081,4740.00
0,1432083,4740.00
0,1432084,4840.00
0,1432086,4030.00
0,1432087,4450.00
0,1432089,4450.00
0,1432090,5210.00
0,1432092,4030.00
0,1432094,4030.00
0,1432095,4740.00
0,1432097,5320.00
0,1432098,4060.00
0,1432100,4060.00
0,1432102,4810.00
0,1432103,5250.00
0,1432105,4070.00
0,1432107,4070.00
0,1432109,4950.00
0,1432110,5340.00
0,1432112,3600.00
0,1432114,3600.00
0,1432115,4700.00
0,1432117,4760.00
0,1432118,4760.00
0,1432120,4580.00
0,1432121,5380.00
0,1432123,5200.00
0,1432125,5200.00
0,1432126,4310.00
0,1432128,4480.00
0,1432129,5240.00
0,1432131,5240.00
0,1432132,5350.00
0,1432134,4920.00
0,1432136,4360.00
0,1432137,4360.00
0,1432139,4680.00
0,1432140,3650.00
0,1432142,3650.00
0,1432144,5450.00
0,1432145,5080.00
0,1432147,3800.00
0,1432148,3800.00
0,1432151,4330.00
0,1432152,3610.00
0,1432154,3610.00
0,1432156,3610.00
0,1432157,4480.00
0,1432159,4240.00
0,1432160,4240.00
0,1432162,5350.00
0,1432163,4630.00
0,1432165,3990.00
0,1432167,3990.00
0,1432168,3530.00
0,1432170,3520.00
0,1432171,3550.00
0,1432173,3550.00
0,1432174,3550.00
0,1432176,3560.00
0,1432178,3550.00
0,1432179,3550.00
0,1432181,3530.00
0,1432182,3530.00
0,1432184,3530.00
0,1432186,3520.00
0,1432187,3380.00
0,1432189,3110.00
0,1432190,3110.00
0,1432193,3110.00
0,1432194,3120.00
0,1432196,3120.00
0,1432198,3120.00
0,1432199,3140.00
0,1432201,3110.00
0,1432202,3100.00
0,1432204,3100.00
0,1432205,3110.00
0,1432207,3470.00
0,1432209,3470.00
0,1432210,3150.00
0,1432212,3710.00
0,1432213,3200.00
0,1432215,3200.00
0,1432216,3490.00
0,1432218,3520.00
0,1432220,3390.00
0,1432221,3390.00
0,1432223,3350.00
0,1432224,3300.00
0,1432226,3340.00
0,1432228,3340.00
0,1432229,3380.00
0,1432231,3350.00
0,1432232,3350.00
0,1432235,3340.00
0,1432236,3330.00
0,1432238,3400.00
0,1432240,3400.00
0,1432241,3370.00
0,1432243,3370.00
0,1432244,3370.00
0,1432246,3370.00
0,1432247,3390.00
0,1432249,3210.00
0,1432251,3210.00
0,1432252,3210.00
0,1432254,3210.00
0,1432255,3230.00
0,1432257,3230.00
0,1432258,3210.00
0,1432260,3200.00
0,1432262,3200.00
0,1432263,3200.00
0,1432265,3210.00
0,1432266,3210.00
0,1432268,3260.00
0,1432270,3260.00
0,1432271,3230.00
0,1432273,3210.00
0,1432274,3210.00
0,1432276,3240.00
0,1432278,3230.00
0,1432280,3230.00
0,1432282,3230.00
0,1432283,3260.00
0,1432285,3230.00
0,1432286,3230.00
0,1432288,3230.00
0,1432289,3230.00
0,1432291,3240.00
0,1432293,3240.00
0,1432294,3240.00
0,1432296,3230.00
0,1432297,3230.00
0,1432299,3230.00
0,1432301,3240.00
0,1432302,3250.00
0,1432304,3230.00
0,1432305,3230.00
0,1432307,3230.00
0,1432308,3250.00
0,1432310,3250.00
0,1432312,3250.00
0,1432313,3260.00
0,1432315,3230.00
0,1432316,3210.00
0,1432318,3210.00
0,1432320,3240.00
0,1432322,3240.00
0,1432324,3240.00
0,1432325,3230.00
0,1432327,3230.00
0,1432328,3250.00
0,1432330,3250.00
0,1432331,3250.00
0,1432333,3230.00
0,1432335,3210.00
0,1432336,3210.00
0,1432338,3240.00
0,1432339,3260.00
0,1432341,3210.00
0,1432343,3210.00
0,1432344,3230.00
0,1432346,3240.00
0,1432347,3240.00
0,1432349,3240.00
0,1432350,3210.00
0,1432352,3230.00
0,1432354,3230.00
0,1432355,3210.00
0,1432357,3250.00
0,1432358,3280.00
0,1432360,3280.00
0,1432361,3230.00
0,1432364,3230.00
0,1432366,3230.00
1,1432367,3260.00
1,1432369,3280.00
1,1432370,3150.00
1,1432372,3150.00
1,1432373,2970.00
1,1432375,2940.00
0,1432377,2960.00
0,1432378,2960.00
0,1432380,3000.00
0,1432381,2940.00
0,1432383,2970.00
0,1432385,2970.00
0,1432386,2980.00
0,1432388,2960.00
0,1432389,2960.00
0,1432391,2940.00
0,1432392,3000.00
0,1432394,2970.00
0,1432396,2970.00
0,1432397,2960.00
0,1432399,2960.00
0,1432400,2960.00
0,1432402,2960.00
0,1432403,2960.00
0,1432406,2960.00
0,1432408,2940.00
0,1432409,2940.00
0,1432411,2960.00
0,1432412,2960.00
0,1432414,2960.00
0,1432415,2970.00
0,1432417,2980.00
0,1432419,2940.00
0,1432420,2940.00
0,1432422,2960.00
0,1432423,2910.00
0,1432425,2960.00
0,1432427,2960.00
0,1432428,2970.00
0,1432430,2960.00
0,1432431,2940.00
0,1432433,2940.00
0,1432434,2970.00
0,1432436,2960.00
0,1432438,2960.00
0,1432439,2940.00
0,1432441,2960.00
0,1432442,2930.00
0,1432444,2930.00
0,1432445,3250.00
0,1432448,3160.00
0,1432450,3170.00
0,1432451,3170.00
0,1432453,3110.00
0,1432454,3110.00
0,1432456,3160.00
0,1432457,3160.00
0,1432459,3240.00
0,1432461,3160.00
0,1432462,3160.00
0,1432464,3170.00
0,1432465,3190.00
0,1432467,3290.00
0,1432469,3290.00
0,1432470,3190.00
0,1432472,3170.00
0,1432473,3160.00
0,1432475,3160.00
0,1432476,3050.00
0,1432478,2960.00
0,1432480,2960.00
0,1432481,2960.00
0,1432483,2980.00
0,1432484,2970.00
0,1432486,2970.00
0,1432487,2940.00
0,1432489,2980.00
0,1432492,2970.00
0,1432493,2970.00
0,1432495,2940.00
0,1432496,2940.00
0,1432498,2960.00
0,1432499,2960.00
0,1432501,2930.00
0,1432503,2940.00
0,1432504,2940.00
0,1432506,2910.00
0,1432507,3240.00
0,1432509,2970.00
0,1432511,2970.00
0,1432512,2940.00
0,1432514,2940.00
0,1432515,2960.00
0,1432517,2960.00
0,1432518,2940.00
0,1432520,2940.00
0,1432522,2940.00
0,1432523,2940.00
0,1432525,2940.00
0,1432526,2940.00
0,1432528,2940.00
0,1432529,2960.00
0,1432531,2960.00
0,1432534,2940.00
0,1432535,2940.00
0,1432537,2940.00
0,1432538,2970.00
0,1432540,2930.00
0,1432541,2930.00
0,1432543,2920.00
0,1432545,2960.00
0,1432546,3070.00
0,1432548,3070.00
0,1432549,2930.00
0,1432551,3100.00
0,1432553,3100.00
0,1432554,3100.00
0,1432556,3120.00
0,1432557,2940.00
0,1432559,2940.00
0,1432560,2940.00
0,1432562,3000.00
0,1432564,2930.00
0,1432565,2930.00
0,1432567,2930.00
0,1432568,2960.00
0,1432570,2940.00
0,1432571,2940.00
0,1432573,2940.00
0,1432576,2930.00
0,1432577,2930.00
0,1432579,3010.00
0,1432580,3190.00
0,1432582,2940.00
0,1432584,2940.00
0,1432585,2920.00
0,1432587,3100.00
0,1432588,2920.00
0,1432590,2920.00
0,1432591,2930.00
0,1432593,3030.00
0,1432595,3030.00
0,1432596,2920.00
0,1432598,2910.00
0,1432599,2930.00
0,1432601,2930.00
0,1432602,2910.00
0,1432604,2910.00
0,1432606,2920.00
0,1432607,2920.00
0,1432609,2920.00
0,1432610,2940.00
0,1432612,2930.00
0,1432613,2930.00
0,1432615,2930.00
0,1432617,2910.00
0,1432619,2910.00
0,1432621,2920.00
0,1432622,2890.00
0,1432624,2880.00
0,1432626,2880.00
0,1432627,2920.00
0,1432629,2910.00
0,1432630,2920.00
0,1432632,2920.00
0,1432633,2940.00
0,1432635,2890.00
0,1432637,2920.00
0,1432638,2920.00
0,1432640,2940.00
0,1432641,2920.00
0,1432643,2920.00
0,1432644,2890.00
0,1432646,2910.00
0,1432648,2920.00
0,1432649,2920.00
0,1432651,2930.00
0,1432652,2930.00
0,1432654,2910.00
0,1432655,2910.00
0,1432657,2910.00
0,1432659,2910.00
0,1432660,2890.00
0,1432663,2890.00
0,1432664,2890.00
0,1432666,2920.00
0,1432668,2920.00
0,1432669,2920.00
0,1432671,2920.00
0,1432672,2930.00
0,1432674,2930.00
0,1432675,2930.00
0,1432677,2910.00
0,1432679,2910.00
0,1432680,2910.00
0,1432682,2940.00
0,1432683,2890.00
0,1432685,2890.00
0,1432686,2920.00
0,1432688,2920.00
0,1432690,2920.00
0,1432691,2920.00
0,1432693,2920.00
0,1432694,2920.00
0,1432696,2890.00
0,1432697,2890.00
0,1432699,2910.00
0,1432701,2920.00
0,1432702,2890.00
0,1432705,2890.00
0,1432706,2930.00
0,1432708,2920.00
0,1432710,2920.00
0,1432711,2920.00
0,1432713,2930.00
0,1432714,2920.00
0,1432716,2920.00
0,1432717,2930.00
0,1432719,2910.00
0,1432721,2920.00
0,1432722,2920.00
0,1432724,2940.00
0,1432725,2920.00
0,1432727,2920.00
0,1432728,2920.00
0,1432730,2920.00
0,1432732,2940.00
0,1432733,2940.00
0,1432735,2920.00
0,1432736,2910.00
0,1432738,2890.00
0,1432739,2890.00
0,1432741,2890.00
0,1432743,2890.00
0,1432744,2910.00
0,1432747,2910.00
0,1432748,2910.00
0,1432750,2930.00
0,1432752,2920.00
0,1432753,2920.00
0,1432755,2920.00
0,1432756,2920.00
0,1432758,2920.00
0,1432759,2890.00
0,1432761,2920.00
0,1432763,2910.00
0,1432764,2910.00
0,1432766,2880.00
0,1432767,2930.00
0,1432769,2920.00
0,1432770,2920.00
0,1432772,2910.00
0,1432774,2930.00
0,1432775,2930.00
0,1432777,2890.00
0,1432778,2910.00
0,1432780,2910.00
0,1432781,2910.00
0,1432783,2910.00
0,1432785,2930.00
0,1432786,2920.00
0,1432788,2920.00
0,1432790,2920.00
0,1432792,2930.00
0,1432794,2910.00
0,1432795,2910.00
0,1432797,2930.00
0,1432798,2910.00
0,1432800,2910.00
0,1432801,2890.00
0,1432803,2890.00
0,1432805,2870.00
0,1432806,2870.00
0,1432808,2920.00
0,1432809,2920.00
0,1432811,2940.00
0,1432812,2940.00
0,1432814,2920.00
0,1432816,2890.00
0,1432817,2910.00
0,1432819,2910.00
0,1432820,2890.00
0,1432822,2910.00
0,1432823,2910.00
0,1432825,2890.00
0,1432827,2930.00
0,1432828,2920.00
0,1432830,2920.00
0,1432832,2920.00
0,1432834,2940.00
0,1432836,2930.00
0,1432837,2930.00
0,1432839,2910.00
0,1432840,2920.00
0,1432842,2910.00
0,1432843,2910.00
0,1432845,2880.00
0,1432847,2920.00
0,1432848,2920.00
0,1432850,2920.00
0,1432851,2910.00
0,1432853,2930.00
0,1432854,2930.00
0,1432856,2930.00
0,1432858,2920.00
0,1432859,2910.00
0,1432861,2910.00
0,1432862,2890.00
0,1432864,2910.00
0,1432865,3010.00
0,1432867,3010.00
0,1432869,3100.00
0,1432870,2930.00
0,1432872,2930.00
0,1432873,2930.00
0,1432876,2910.00
0,1432878,2890.00
0,1432879,2890.00
0,1432881,2920.00
0,1432882,2880.00
0,1432884,2930.00
0,1432885,2930.00
0,1432887,2930.00
0,1432889,2930.00
0,1432890,2930.00
0,1432892,2920.00
0,1432893,2930.00
0,1432895,2940.00
0,1432896,2940.00
0,1432898,2890.00
0,1432900,2940.00
0,1432901,2920.00
0,1432903,2920.00
0,1432904,2910.00
0,1432906,2920.00
0,1432908,2930.00
0,1432909,2930.00
0,1432911,2940.00
0,1432912,2890.00
0,1432914,2890.00
0,1432915,2910.00
0,1432918,2890.00
0,1432920,2930.00
0,1432921,2930.00
0,1432923,2890.00
0,1432924,2930.00
0,1432926,2920.00
0,1432927,2920.00
0,1432929,2920.00
0,1432931,2930.00
0,1432932,2930.00
0,1432934,2930.00
0,1432935,2920.00
0,1432937,2890.00
0,1432938,2890.00
0,1432940,2920.00
0,1432942,2910.00
0,1432943,2930.00
0,1432945,2930.00
0,1432946,2910.00
0,1432948,2920.00
0,1432950,2920.00
0,1432951,2920.00
0,1432953,2930.00
0,1432954,2920.00
0,1432956,2910.00
0,1432957,2910.00
0,1432960,2920.00
0,1432962,2910.00
0,1432963,2910.00
0,1432965,2910.00
0,1432966,2930.00
0,1432968,2920.00
0,1432969,2920.00
0,1432971,2940.00
0,1432973,2880.00
0,1432974,2920.00
0,1432976,2920.00
0,1432977,2930.00
0,1432979,2890.00
0,1432980,2920.00
0,1432982,2920.00
0,1432984,2920.00
0,1432985,2930.00
0,1432987,2930.00
0,1432988,2940.00
0,1432990,2920.00
0,1432992,2930.00
0,1432993,2930.00
0,1432995,2920.00
0,1432996,2910.00
0,1432998,2880.00
0,1432999,2880.00
0,1433001,2920.00
0,1433004,2910.00
0,1433005,2910.00
0,1433007,2920.00
0,1433008,2940.00
0,1433010,2920.00
0,1433011,2920.00
0,1433013,2930.00
0,1433015,2910.00
0,1433016,2890.00
0,1433018,2890.00
0,1433019,2890.00
0,1433021,2890.00
0,1433022,2910.00
0,1433024,2910.00
0,1433026,2920.00
0,1433027,2940.00
0,1433029,2940.00
0,1433030,2930.00
0,1433032,2930.00
0,1433034,2910.00
0,1433035,2910.00
0,1433037,2910.00
0,1433038,2930.00
0,1433040,2910.00
0,1433041,2910.00
0,1433043,2930.00
0,1433046,2920.00
0,1433047,2930.00
0,1433049,2930.00
0,1433050,2930.00
0,1433052,2930.00
0,1433053,2930.00
0,1433055,2910.00
0,1433057,2890.00
0,1433058,2880.00
0,1433060,2880.00
0,1433061,2920.00
0,1433063,2920.00
0,1433064,2910.00
0,1433066,2910.00
0,1433068,2930.00
0,1433069,2930.00
0,1433071,2940.00
0,1433072,2940.00
0,1433074,2920.00
0,1433076,2890.00
0,1433077,2890.00
0,1433079,2890.00
0,1433080,2930.00
0,1433082,2930.00
0,1433083,2930.00
0,1433085,2910.00
0,1433088,2920.00
0,1433089,2910.00
0,1433091,2910.00
0,1433092,2930.00
0,1433094,2930.00
0,1433095,2920.00
0,1433097,2920.00
0,1433099,2910.00
0,1433100,2920.00
0,1433102,2920.00
0,1433103,2920.00
0,1433105,2910.00
0,1433107,2920.00
0,1433108,2920.00
0,1433110,2920.00
0,1433111,2930.00
0,1433113,2920.00
0,1433114,2920.00
0,1433116,2910.00
0,1433118,2920.00
0,1433119,2920.00
0,1433121,2920.00
0,1433122,2920.00
0,1433124,2910.00
0,1433125,2910.00
0,1433127,2910.00
0,1433129,2930.00
0,1433131,2920.00
0,1433133,2920.00
0,1433134,2920.00
0,1433136,2910.00
0,1433137,2920.00
0,1433139,2920.00
0,1433141,2890.00
0,1433142,2890.00
0,1433144,2890.00
0,1433145,2890.00
0,1433147,2910.00
0,1433149,2910.00
0,1433150,2910.00
0,1433152,2920.00
0,1433153,2920.00
0,1433155,2910.00
0,1433156,2910.00
0,1433158,2920.00
0,1433160,3110.00
0,1433161,3050.00
0,1433163,3050.00
0,1433164,2910.00
0,1433166,3000.00
0,1433167,3000.00
0,1433169,2940.00
0,1433171,2930.00
0,1433172,3050.00
0,1433175,3050.00
0,1433176,2920.00
0,1433178,2890.00
0,1433179,2920.00
0,1433181,2920.00
0,1433183,2920.00
0,1433184,2920.00
0,1433186,2930.00
0,1433187,2930.00
0,1433189,2930.00
0,1433191,2890.00
0,1433192,2890.00
0,1433194,2920.00
0,1433195,2930.00
0,1433197,2890.00
0,1433198,2890.00
0,1433200,2940.00
0,1433202,2920.00
0,1433203,2930.00
0,1433205,2930.00
0,1433206,2920.00
0,1433208,2920.00
0,1433209,2920.00
0,1433211,2930.00
0,1433213,2930.00
0,1433214,2920.00
0,1433217,2920.00
0,1433218,2890.00
0,1433220,2890.00
0,1433221,2890.00
0,1433223,2890.00
0,1433225,2910.00
0,1433226,2930.00
0,1433228,2910.00
0,1433229,2910.00
0,1433231,2940.00
0,1433233,2930.00
0,1433234,2930.00
0,1433236,2940.00
0,1433237,2930.00
0,1433239,2920.00
0,1433240,2920.00
0,1433242,2920.00
0,1433244,2880.00
0,1433245,2920.00
0,1433247,2920.00
0,1433248,2910.00
0,1433250,2930.00
0,1433251,2920.00
0,1433253,2920.00
0,1433255,2910.00
0,1433256,2910.00
0,1433259,2910.00
0,1433260,2890.00
0,1433262,2930.00
0,1433263,2930.00
0,1433265,2930.00
0,1433267,2910.00
0,1433268,2940.00
0,1433270,2920.00
0,1433271,2920.00
0,1433273,2920.00
0,1433275,2930.00
0,1433276,2920.00
0,1433278,2920.00
0,1433279,2910.00
0,1433281,2930.00
0,1433282,2930.00
0,1433284,2890.00
0,1433286,2910.00
0,1433287,2920.00
0,1433289,2920.00
0,1433290,2930.00
0,1433292,2930.00
0,1433293,2920.00
0,1433295,2920.00
0,1433297,2930.00
0,1433298,2920.00
0,1433300,2910.00
0,1433302,2910.00
0,1433304,2890.00
0,1433305,2910.00
0,1433307,2910.00
0,1433309,2910.00
0,1433310,2920.00
0,1433312,2930.00
0,1433313,2930.00
0,1433315,2930.00
0,1433317,2930.00
0,1433318,2920.00
0,1433320,2920.00
0,1433321,2890.00
0,1433323,2910.00
0,1433324,2910.00
0,1433326,2890.00
0,1433328,2920.00
0,1433329,2910.00
0,1433331,2910.00
0,1433332,2930.00
0,1433334,2920.00
0,1433335,2930.00
0,1433337,2930.00
0,1433339,2930.00
0,1433340,2930.00
0,1433342,2920.00
0,1433344,2920.00
0,1433346,2910.00
0,1433347,2870.00
0,1433349,2870.00
0,1433351,2920.00
0,1433352,2920.00
0,1433354,2930.00
0,1433355,2930.00
0,1433357,2920.00
0,1433359,2930.00
0,1433360,2910.00
0,1433362,2910.00
0,1433363,2940.00
0,1433365,2910.00
0,1433366,3020.00
0,1433368,3020.00
0,1433370,3110.00
0,1433371,2920.00
0,1433373,2920.00
0,1433374,2930.00
0,1433376,2910.00
0,1433377,2930.00
0,1433379,2930.00
0,1433381,2890.00
0,1433382,2910.00
0,1433384,2920.00
0,1433385,2920.00
0,1433388,2890.00
0,1433390,2890.00
0,1433391,2920.00
0,1433393,2920.00
0,1433394,2920.00
0,1433396,2920.00
0,1433397,2920.00
0,1433399,2930.00
0,1433401,2930.00
0,1433402,2910.00
0,1433404,2910.00
0,1433405,2910.00
0,1433407,2920.00
0,1433408,2880.00
0,1433410,2880.00
0,1433412,2920.00
0,1433413,2940.00
0,1433415,2930.00
0,1433416,2930.00
0,1433418,2930.00
0,1433419,2930.00
0,1433421,2930.00
0,1433423,2930.00
0,1433424,2920.00
0,1433426,2890.00
0,1433427,2890.00
0,1433430,2910.00
0,1433432,2920.00
0,1433433,2930.00
0,1433435,2930.00
0,1433436,2930.00
0,1433438,2920.00
0,1433439,2920.00
0,1433441,2930.00
0,1433443,2920.00
0,1433444,2910.00
0,1433446,2910.00
0,1433447,2910.00
0,1433449,2920.00
0,1433450,2940.00
0,1433452,2940.00
0,1433454,2910.00
0,1433455,2920.00
0,1433457,2930.00
0,1433458,2930.00
0,1433460,2920.00
0,1433461,2910.00
0,1433463,2910.00
0,1433465,2920.00
0,1433466,2910.00
0,1433468,2880.00
0,1433469,2880.00
0,1433472,2920.00
0,1433474,2890.00
0,1433475,2920.00
0,1433477,2920.00
0,1433478,3210.00
0,1433480,3230.00
0,1433481,3120.00
0,1433483,3120.00
0,1433485,3110.00
0,1433486,3190.00
0,1433488,3190.00
0,1433489,3120.00
0,1433491,3140.00
0,1433492,3240.00
0,1433494,3240.00
0,1433496,3140.00
0,1433497,3110.00
0,1433499,3200.00
0,1433500,3200.00
0,1433502,3150.00
0,1433503,3210.00
0,1433505,3190.00
0,1433507,3190.00
0,1433508,3200.00
0,1433510,3200.00
0,1433511,3200.00
0,1433513,3190.00
0,1433516,3100.00
0,1433517,3110.00
0,1433519,3110.00
0,1433520,3160.00
0,1433522,3100.00
0,1433523,3170.00
0,1433525,3170.00
0,1433527,3210.00
0,1433528,3120.00
0,1433530,3120.00
0,1433531,3190.00
0,1433533,3300.00
0,1433534,3120.00
0,1433536,3120.00
0,1433538,3150.00
0,1433539,3210.00
0,1433541,2940.00
0,1433542,2940.00
0,1433544,2940.00
0,1433545,2980.00
0,1433547,2870.00
0,1433549,2870.00
0,1433550,2920.00
0,1433552,3030.00
0,1433553,3030.00
0,1433555,2910.00
0,1433558,2940.00
0,1433559,2890.00
0,1433561,2890.00
0,1433562,2890.00
0,1433564,2890.00
0,1433565,2880.00
0,1433567,2880.00
0,1433569,2890.00
0,1433570,2910.00
0,1433572,2910.00
0,1433573,2910.00
0,1433575,2910.00
0,1433576,2910.00
0,1433578,2910.00
0,1433580,2930.00
0,1433581,2890.00
0,1433583,2910.00
0,1433584,2910.00
0,1433586,2890.00
0,1433587,2890.00
0,1433589,2880.00
0,1433591,2880.00
0,1433592,2910.00
0,1433594,2910.00
0,1433595,2920.00
0,1433597,2920.00
0,1433600,2930.00
0,1433601,2910.00
0,1433603,2910.00
0,1433604,2890.00
0,1433606,2910.00
0,1433607,2890.00
0,1433609,2890.00
0,1433611,2910.00
0,1433612,2870.00
0,1433614,2880.00
0,1433615,2880.00
0,1433617,2910.00
0,1433618,2920.00
0,1433620,2930.00
0,1433622,2930.00
0,1433623,2930.00
0,1433625,2930.00
0,1433626,2930.00
0,1433628,2920.00
0,1433629,2910.00
0,1433631,2890.00
0,1433633,2890.00
0,1433634,2920.00
0,1433636,2930.00
0,1433637,2910.00
0,1433639,2910.00
0,1433641,2920.00
0,1433643,2940.00
0,1433645,2940.00
0,1433646,2910.00
0,1433648,2930.00
0,1433649,2920.00
0,1433651,2920.00
0,1433653,2910.00
0,1433654,2910.00
0,1433656,2920.00
0,1433657,2920.00
0,1433659,2930.00
0,1433660,2910.00
0,1433662,2930.00
0,1433664,2930.00
0,1433665,2920.00
0,1433667,2930.00
0,1433668,2930.00
0,1433670,2910.00
0,1433672,2890.00
0,1433673,2880.00
0,1433675,2880.00
0,1433676,2920.00
0,1433678,2920.00
0,1433679,2920.00
0,1433681,2920.00
0,1433683,2930.00
0,1433684,2930.00
0,1433687,2930.00
0,1433688,2930.00
0,1433690,2890.00
0,1433691,2910.00
0,1433693,2910.00
0,1433695,2920.00
0,1433696,2890.00
0,1433698,2910.00
0,1433699,2910.00
0,1433701,2930.00
0,1433702,2920.00
0,1433704,2920.00
0,1433706,2920.00
0,1433707,2930.00
0,1433709,2920.00
0,1433710,2930.00
0,1433712,2930.00
0,1433714,2920.00
0,1433715,2930.00
0,1433717,2930.00
0,1433718,2890.00
0,1433720,2930.00
0,1433721,2910.00
0,1433723,2910.00
0,1433725,2930.00
0,1433726,2930.00
0,1433729,2920.00
0,1433730,2920.00
0,1433732,2930.00
0,1433733,2890.00
0,1433735,2890.00
0,1433737,2930.00
0,1433738,2890.00
0,1433740,2910.00
0,1433741,2910.00
0,1433743,2910.00
0,1433744,2910.00
0,1433746,2920.00
0,1433748,2920.00
0,1433749,2920.00
0,1433751,2920.00
0,1433752,2920.00
0,1433754,2920.00
0,1433756,2880.00
0,1433757,2920.00
0,1433759,2920.00
0,1433760,2920.00
0,1433762,2920.00
0,1433763,2920.00
0,1433765,2920.00
0,1433767,2920.00
0,1433768,2930.00
0,1433771,2920.00
0,1433772,2920.00
0,1433774,2910.00
0,1433775,2910.00
0,1433777,2930.00
0,1433779,2930.00
0,1433780,2930.00
0,1433782,2910.00
0,1433783,2910.00
0,1433785,2910.00
0,1433786,2940.00
0,1433788,2920.00
0,1433790,2920.00
0,1433791,2940.00
0,1433793,2910.00
0,1433794,2920.00
0,1433796,2920.00
0,1433798,2930.00
0,1433799,2930.00
0,1433801,2910.00
0,1433802,2910.00
0,1433804,2910.00
0,1433805,2930.00
0,1433807,2930.00
0,1433809,2920.00
0,1433810,2920.00
0,1433812,2890.00
0,1433814,2890.00
0,1433816,2920.00
0,1433817,2920.00
0,1433819,2890.00
0,1433821,2890.00
0,1433822,2890.00
0,1433824,2910.00
0,1433825,2910.00
0,1433827,2910.00
0,1433828,2930.00
0,1433830,2940.00
0,1433832,2940.00
0,1433833,2930.00
0,1433835,2930.00
0,1433836,2940.00
0,1433838,2940.00
0,1433840,2910.00
0,1433841,2920.00
0,1433843,2930.00
0,1433844,2930.00
0,1433846,2920.00
0,1433847,2930.00
0,1433849,2930.00
0,1433851,2930.00
0,1433852,2920.00
0,1433854,2910.00
0,1433856,2910.00
0,1433858,2920.00
0,1433859,2930.00
0,1433861,2920.00
0,1433863,2920.00
0,1433864,2910.00
0,1433866,2920.00
0,1433867,3030.00
0,1433869,3030.00
0,1433870,2920.00
0,1433872,2970.00
0,1433874,2970.00
0,1433875,2910.00
0,1433877,2910.00
0,1433878,2920.00
0,1433880,2920.00
0,1433882,2930.00
0,1433883,2910.00
0,1433885,2910.00
0,1433886,2910.00
0,1433888,2940.00
0,1433889,2930.00
0,1433891,2930.00
0,1433893,2930.00
0,1433894,2910.00
0,1433896,2910.00
0,1433897,2910.00
0,1433900,2890.00
0,1433901,2920.00
0,1433903,2940.00
0,1433905,2940.00
0,1433906,2930.00
0,1433908,2930.00
0,1433909,2910.00
0,1433911,2910.00
0,1433912,2940.00
0,1433914,2930.00
0,1433916,2920.00
0,1433917,2920.00
0,1433919,2910.00
0,1433920,2930.00
0,1433922,2930.00
0,1433924,2920.00
0,1433925,2920.00
0,1433927,2930.00
0,1433928,2930.00
0,1433930,2930.00
0,1433931,2930.00
0,1433933,2930.00
0,1433935,2930.00
0,1433936,2890.00
0,1433938,2890.00
0,1433939,2920.00
0,1433942,2920.00
0,1433943,2920.00
0,1433945,2920.00
0,1433947,2920.00
0,1433948,2920.00
0,1433950,2930.00
0,1433951,2940.00
0,1433953,2940.00
0,1433955,2920.00
0,1433956,2940.00
0,1433958,2920.00
0,1433959,2920.00
0,1433961,2890.00
0,1433962,2880.00
0,1433964,2880.00
0,1433966,2880.00
0,1433967,2920.00
0,1433969,2920.00
0,1433970,2920.00
0,1433972,2920.00
0,1433973,2940.00
0,1433975,2940.00
0,1433977,2940.00
0,1433978,2910.00
0,1433980,2940.00
0,1433981,2890.00
0,1433984,2890.00
0,1433985,2930.00
0,1433987,2920.00
0,1433989,2920.00
0,1433990,2910.00
0,1433992,2920.00
0,1433993,2930.00
0,1433995,2930.00
0,1433997,2930.00
0,1433998,2930.00
0,1434000,2920.00
0,1434001,2920.00
0,1434003,2880.00
0,1434004,2910.00
0,1434006,2940.00
0,1434008,2940.00
0,1434009,2930.00
0,1434011,2940.00
0,1434012,2940.00
0,1434014,2930.00
0,1434015,2930.00
0,1434017,2930.00
0,1434019,2930.00
0,1434020,2910.00
0,1434022,2910.00
0,1434023,2890.00
0,1434025,2890.00
0,1434027,2930.00
0,1434029,2910.00
0,1434031,2920.00
0,1434032,2920.00
0,1434034,2910.00
0,1434035,2930.00
0,1434037,2930.00
0,1434039,2930.00
0,1434040,2890.00
0,1434042,2890.00
0,1434043,2890.00
0,1434045,2910.00
0,1434046,2920.00
0,1434048,2920.00
0,1434050,2920.00
0,1434051,2910.00
0,1434053,2930.00
0,1434054,2930.00
0,1434056,2940.00
0,1434057,2930.00
0,1434059,2910.00
0,1434061,2910.00
0,1434062,2910.00
0,1434064,2930.00
0,1434065,2910.00
0,1434067,2910.00
0,1434068,2930.00
0,1434071,2920.00
0,1434073,2920.00
0,1434074,2920.00
0,1434076,2920.00
0,1434077,2930.00
0,1434079,2930.00
0,1434081,2880.00
0,1434082,2880.00
0,1434084,2890.00
0,1434085,2890.00
0,1434087,2920.00
0,1434088,2920.00
0,1434090,2930.00
0,1434092,2930.00
0,1434093,2940.00
0,1434095,2930.00
0,1434096,2910.00
0,1434098,2910.00
0,1434099,2910.00
0,1434101,2920.00
0,1434103,2920.00
0,1434104,2890.00
0,1434106,2890.00
0,1434107,2910.00
0,1434109,2910.00
0,1434110,2930.00
0,1434113,2940.00
0,1434115,2920.00
0,1434116,2920.00
0,1434118,2910.00
0,1434119,2910.00
0,1434121,2910.00
0,1434123,2910.00
0,1434124,2890.00
0,1434126,2920.00
0,1434127,2920.00
0,1434129,2920.00
0,1434130,2910.00
0,1434132,2940.00
0,1434134,2940.00
0,1434135,2910.00
0,1434137,2930.00
0,1434138,2920.00
0,1434140,2920.00
0,1434141,2940.00
0,1434143,2910.00
0,1434145,2890.00
0,1434146,2890.00
0,1434148,2920.00
0,1434149,2920.00
0,1434151,2920.00
0,1434152,2930.00
0,1434155,2920.00
0,1434157,2940.00
0,1434158,2940.00
0,1434160,2890.00
0,1434161,2920.00
0,1434163,2890.00
0,1434165,2890.00
0,1434166,2910.00
0,1434168,2880.00
0,1434169,2880.00
0,1434171,2910.00
0,1434172,2920.00
0,1434174,2930.00
0,1434176,2930.00
0,1434177,2940.00
0,1434179,2910.00
0,1434180,2910.00
0,1434182,2910.00
0,1434183,2910.00
0,1434185,2890.00
0,1434187,2920.00
0,1434188,2920.00
0,1434190,2920.00
0,1434191,2920.00
0,1434193,2920.00
0,1434194,2930.00
0,1434196,2930.00
0,1434199,2930.00
0,1434200,2930.00
0,1434202,2920.00
0,1434203,2920.00
0,1434205,2890.00
0,1434207,2890.00
0,1434208,2920.00
0,1434210,2910.00
0,1434211,2930.00
0,1434213,2930.00
0,1434214,2930.00
0,1434216,2920.00
0,1434218,2920.00
0,1434219,2940.00
0,1434221,2940.00
0,1434222,2920.00
0,1434224,2920.00
0,1434225,2890.00
0,1434227,2930.00
0,1434229,2890.00
0,1434230,2890.00
0,1434232,2920.00
0,1434233,2920.00
0,1434235,2920.00
0,1434237,2920.00
0,1434238,2920.00
0,1434241,2930.00
0,1434242,2930.00
0,1434244,2910.00
0,1434245,2920.00
0,1434247,2880.00
0,1434249,2880.00
0,1434250,2920.00
0,1434252,2930.00
0,1434253,2910.00
0,1434255,2910.00
0,1434256,2920.00
0,1434258,2930.00
0,1434260,2930.00
0,1434261,2930.00
0,1434263,2920.00
0,1434264,2930.00
0,1434266,2930.00
0,1434267,2920.00
0,1434269,2910.00
0,1434271,2920.00
0,1434272,2920.00
0,1434274,2920.00
0,1434275,2910.00
0,1434277,2930.00
0,1434279,2930.00
0,1434280,2930.00
0,1434283,2930.00
0,1434284,2930.00
0,1434286,2910.00
0,1434287,2910.00
0,1434289,2890.00
0,1434291,2890.00
0,1434292,2890.00
0,1434294,2920.00
0,1434295,2920.00
0,1434297,2920.00
0,1434298,2910.00
0,1434300,2910.00
0,1434302,2930.00
0,1434303,2930.00
0,1434305,2930.00
0,1434306,2920.00
0,1434308,2920.00
0,1434309,2910.00
0,1434311,2920.00
0,1434313,2910.00
0,1434314,2910.00
0,1434316,2890.00
0,1434317,2880.00
0,1434319,2930.00
0,1434321,2930.00
0,1434322,2920.00
0,1434324,2930.00
0,1434326,2910.00
0,1434328,2910.00
0,1434329,2940.00
0,1434331,2930.00
0,1434333,2930.00
0,1434334,2910.00
0,1434336,2910.00
0,1434337,2890.00
0,1434339,2890.00
0,1434340,2930.00
0,1434342,2910.00
0,1434344,2910.00
0,1434345,2910.00
0,1434347,2910.00
0,1434348,2940.00
0,1434350,2940.00
0,1434351,2940.00
0,1434353,2930.00
0,1434355,2910.00
0,1434356,2910.00
0,1434358,2890.00
0,1434359,2920.00
0,1434361,2910.00
0,1434363,2910.00
0,1434364,2910.00
0,1434366,2930.00
0,1434368,3060.00
0,1434370,3060.00
0,1434371,2930.00
0,1434373,3160.00
0,1434375,3160.00
0,1434376,2910.00
0,1434378,2890.00
0,1434379,2910.00
0,1434381,2910.00
0,1434382,2920.00
0,1434384,2930.00
0,1434386,2930.00
0,1434387,2930.00
0,1434389,2930.00
0,1434390,2910.00
0,1434392,2920.00
0,1434393,2920.00
0,1434395,2940.00
0,1434397,2890.00
0,1434398,2890.00
0,1434400,2930.00
0,1434401,2920.00
0,1434403,2870.00
0,1434405,2870.00
0,1434406,2930.00
0,1434408,2930.00
0,1434409,2930.00
0,1434412,2930.00
0,1434413,2930.00
0,1434415,2940.00
0,1434417,2940.00
0,1434418,2940.00
0,1434420,2910.00
0,1434421,2920.00
0,1434423,2920.00
0,1434424,2910.00
0,1434426,2930.00
0,1434428,2920.00
0,1434429,2920.00
0,1434431,2940.00
0,1434432,2930.00
0,1434434,2920.00
0,1434435,2920.00
0,1434437,2880.00
0,1434439,2890.00
0,1434440,2930.00
0,1434442,2930.00
0,1434443,2920.00
0,1434445,2920.00
0,1434447,2920.00
0,1434448,2920.00
0,1434450,2930.00
0,1434451,2920.00
0,1434454,2920.00
0,1434455,2910.00
0,1434457,2910.00
0,1434459,2910.00
0,1434460,2910.00
0,1434462,2890.00
0,1434463,2920.00
0,1434465,2930.00
0,1434466,2930.00
0,1434468,2910.00
0,1434470,2930.00
0,1434471,2930.00
0,1434473,2890.00
0,1434474,2930.00
0,1434476,2920.00
0,1434477,2920.00
0,1434479,2890.00
0,1434481,2910.00
0,1434482,2920.00
0,1434484,2920.00
0,1434485,2910.00
0,1434487,2920.00
0,1434489,2920.00
0,1434490,2920.00
0,1434492,2920.00
0,1434493,2920.00
0,1434496,2920.00
0,1434497,2940.00
0,1434499,2920.00
0,1434501,2910.00
0,1434502,2910.00
0,1434504,2890.00
0,1434505,2920.00
0,1434507,3020.00
0,1434508,3020.00
0,1434510,2930.00
0,1434512,2920.00
0,1434513,2920.00
0,1434515,2930.00
0,1434516,2910.00
0,1434518,2920.00
0,1434520,2920.00
0,1434521,2890.00
0,1434523,2920.00
0,1434524,2920.00
0,1434526,2920.00
0,1434527,2920.00
0,1434529,2920.00
0,1434531,2930.00
0,1434532,2930.00
0,1434534,2890.00
0,1434535,2890.00
0,1434537,2890.00
0,1434539,2910.00
0,1434541,2930.00
0,1434543,3210.00
0,1434544,3210.00
0,1434546,3080.00
0,1434547,3200.00
0,1434549,3170.00
0,1434550,3170.00
0,1434552,3070.00
0,1434554,3110.00
0,1434555,3240.00
0,1434557,3240.00
0,1434558,3170.00
0,1434560,3140.00
0,1434562,3140.00
0,1434563,3170.00
0,1434565,3240.00
0,1434566,3150.00
0,1434568,3150.00
0,1434569,3250.00
0,1434571,3140.00
0,1434573,3020.00
0,1434574,3020.00
0,1434576,3050.00
0,1434577,2940.00
0,1434579,2960.00
0,1434580,2960.00
0,1434583,3010.00
0,1434585,2920.00
0,1434586,2920.00
0,1434588,2940.00
0,1434589,3010.00
0,1434591,2910.00
0,1434592,2910.00
0,1434594,2930.00
0,1434596,2910.00
0,1434597,2920.00
0,1434599,2920.00
0,1434600,2910.00
0,1434602,2970.00
0,1434604,2970.00
0,1434605,2930.00
0,1434607,2890.00
0,1434608,2920.00
0,1434610,2920.00
0,1434611,2930.00
0,1434613,2910.00
0,1434615,2930.00
0,1434616,2930.00
0,1434618,2930.00
0,1434619,2930.00
0,1434621,2940.00
0,1434622,2940.00
0,1434625,2910.00
0,1434627,2920.00
0,1434628,2920.00
0,1434630,2910.00
0,1434631,2910.00
0,1434633,2920.00
0,1434634,2920.00
0,1434636,2940.00
0,1434638,2930.00
0,1434639,2930.00
0,1434641,2930.00
0,1434642,2910.00
0,1434644,2910.00
0,1434646,2940.00
0,1434647,2940.00
0,1434649,2920.00
0,1434650,2930.00
0,1434652,2930.00
0,1434653,2930.00
0,1434655,2930.00
0,1434657,2910.00
0,1434658,2910.00
0,1434660,2920.00
0,1434661,2890.00
0,1434663,2920.00
0,1434664,2920.00
0,1434667,2930.00
0,1434669,2920.00
0,1434670,2920.00
0,1434672,2920.00
0,1434673,2910.00
0,1434675,2920.00
0,1434676,2920.00
0,1434678,2930.00
0,1434680,2940.00
0,1434681,2960.00
0,1434683,2960.00
0,1434684,2920.00
0,1434686,2890.00
0,1434688,2910.00
0,1434689,2910.00
0,1434691,2920.00
0,1434692,2920.00
0,1434694,2920.00
0,1434695,2910.00
0,1434697,2930.00
0,1434699,2930.00
0,1434700,2930.00
0,1434702,2930.00
0,1434703,2920.00
0,1434705,2910.00
0,1434706,2910.00
0,1434708,2920.00
0,1434711,2920.00
0,1434712,2920.00
0,1434714,2920.00
0,1434715,2910.00
0,1434717,2920.00
0,1434718,2920.00
0,1434720,2920.00
0,1434722,2930.00
0,1434723,2920.00
0,1434725,2920.00
0,1434726,2940.00
0,1434728,2930.00
0,1434730,2930.00
0,1434731,2930.00
0,1434733,2920.00
0,1434734,2920.00
0,1434736,2930.00
0,1434737,2930.00
0,1434739,2910.00
0,1434741,2940.00
0,1434742,2940.00
0,1434744,2890.00
0,1434745,2890.00
0,1434747,2930.00
0,1434748,2930.00
0,1434750,2930.00
0,1434753,2930.00
0,1434754,2910.00
0,1434756,2910.00
0,1434757,2940.00
0,1434759,2920.00
0,1434761,2930.00
0,1434762,2930.00
0,1434764,2930.00
0,1434765,2910.00
0,1434767,2910.00
0,1434768,2930.00
0,1434770,2930.00
0,1434772,2890.00
0,1434773,2890.00
0,1434775,2920.00
0,1434776,2940.00
0,1434778,2930.00
0,1434779,2930.00
0,1434781,2930.00
0,1434783,2910.00
0,1434784,2910.00
0,1434786,2910.00
0,1434787,2910.00
0,1434789,2890.00
0,1434790,2890.00
0,1434792,2910.00
0,1434795,2870.00
0,1434796,2910.00
0,1434798,2910.00
0,1434799,2930.00
0,1434801,2940.00
0,1434802,2930.00
0,1434804,2930.00
0,1434806,2930.00
0,1434807,2910.00
0,1434809,2910.00
0,1434810,2910.00
0,1434812,2930.00
0,1434814,2930.00
0,1434815,2930.00
0,1434817,2910.00
0,1434818,2910.00
0,1434820,2930.00
0,1434821,2930.00
0,1434823,2920.00
0,1434825,2940.00
0,1434826,2930.00
0,1434828,2930.00
0,1434829,2930.00
0,1434831,2920.00
0,1434832,2920.00
0,1434834,2910.00
0,1434836,2890.00
0,1434838,2890.00
0,1434840,2890.00
0,1434841,2920.00
0,1434843,2920.00
0,1434845,2930.00
0,1434846,2930.00
0,1434848,2920.00
0,1434849,2930.00
0,1434851,2910.00
0,1434852,2910.00
0,1434854,2920.00
0,1434856,2890.00
0,1434857,2890.00
0,1434859,2890.00
0,1434860,2920.00
0,1434862,2920.00
0,1434863,2920.00
0,1434865,2930.00
0,1434867,2930.00
0,1434868,3080.00
0,1434870,3080.00
0,1434871,2930.00
0,1434873,3030.00
0,1434874,2890.00
0,1434876,2890.00
0,1434878,2920.00
0,1434880,2920.00
0,1434882,2920.00
0,1434883,2910.00
0,1434885,2920.00
0,1434887,2930.00
0,1434888,2930.00
0,1434890,2930.00
0,1434891,2930.00
0,1434893,2910.00
0,1434894,2910.00
0,1434896,2920.00
0,1434898,2890.00
0,1434899,2890.00
0,1434901,2920.00
0,1434902,2920.00
0,1434904,2920.00
0,1434905,2920.00
0,1434907,3030.00
0,1434909,2890.00
0,1434910,2930.00
0,1434912,2930.00
0,1434913,2910.00
0,1434915,2890.00
0,1434916,2880.00
0,1434918,2880.00
0,1434920,2880.00
0,1434921,2910.00
0,1434924,2910.00
0,1434925,2920.00
0,1434927,2910.00
0,1434929,2940.00
0,1434930,2940.00
0,1434932,2930.00
0,1434933,2920.00
0,1434935,2880.00
0,1434936,2880.00
0,1434938,2920.00
0,1434940,2930.00
0,1434941,2930.00
0,1434943,2930.00
0,1434944,2930.00
0,1434946,2920.00
0,1434947,2920.00
0,1434949,2920.00
0,1434951,2910.00
0,1434952,2890.00
0,1434954,2890.00
0,1434955,2890.00
0,1434957,2880.00
0,1434958,2930.00
0,1434960,2930.00
0,1434962,2920.00
0,1434963,2930.00
0,1434966,2930.00
0,1434967,2930.00
0,1434969,2920.00
0,1434971,2930.00
0,1434972,2930.00
0,1434974,2910.00
0,1434975,2930.00
0,1434977,2890.00
0,1434978,2890.00
0,1434980,2920.00
0,1434982,2920.00
0,1434983,2940.00
0,1434985,2940.00
0,1434986,2910.00
0,1434988,2920.00
0,1434989,2930.00
0,1434991,2930.00
0,1434993,2930.00
0,1434994,2920.00
0,1434996,2920.00
0,1434997,2890.00
0,1434999,2910.00
0,1435000,2930.00
0,1435002,2930.00
0,1435004,2920.00
0,1435005,2920.00
0,1435008,3020.00
0,1435009,3020.00
0,1435011,2910.00
0,1435013,2920.00
0,1435014,2920.00
0,1435016,2910.00
0,1435017,2890.00
0,1435019,2930.00
0,1435020,2930.00
0,1435022,2930.00
0,1435024,2930.00
0,1435025,2930.00
0,1435027,2930.00
0,1435028,2920.00
0,1435030,2910.00
0,1435031,2920.00
0,1435033,2920.00
0,1435035,2930.00
0,1435036,2920.00
0,1435038,2920.00
0,1435039,2890.00
0,1435041,2910.00
0,1435043,2940.00
0,1435044,2940.00
0,1435046,2940.00
0,1435047,2910.00
0,1435049,2920.00
0,1435051,2920.00
0,1435053,2930.00
0,1435055,2880.00
0,1435056,2920.00
0,1435058,2920.00
0,1435059,2910.00
0,1435061,2930.00
0,1435062,2930.00
0,1435064,2930.00
0,1435066,2930.00
0,1435067,2910.00
0,1435069,2910.00
0,1435070,2920.00
0,1435072,2890.00
0,1435073,2940.00
0,1435075,2940.00
0,1435077,2890.00
0,1435078,2910.00
0,1435080,2910.00
0,1435081,2910.00
0,1435083,3050.00
0,1435085,2920.00
0,1435086,2920.00
0,1435088,2890.00
0,1435089,2910.00
0,1435091,2910.00
0,1435092,2910.00
0,1435095,2930.00
0,1435097,2910.00
0,1435098,2910.00
0,1435100,2910.00
0,1435101,2930.00
0,1435103,2940.00
0,1435104,2920.00
0,1435106,2920.00
0,1435108,2910.00
0,1435109,2910.00
0,1435111,2910.00
0,1435112,2910.00
0,1435114,2890.00
0,1435115,2930.00
0,1435117,2930.00
0,1435119,2920.00
0,1435120,2910.00
0,1435122,2940.00
0,1435123,2940.00
0,1435125,2920.00
0,1435127,2910.00
0,1435128,2910.00
0,1435130,2920.00
0,1435131,2910.00
0,1435133,2920.00
0,1435134,2920.00
0,1435137,2910.00
0,1435139,2920.00
0,1435140,2910.00
0,1435142,2910.00
0,1435143,2940.00
0,1435145,2890.00
0,1435146,2920.00
0,1435148,2920.00
0,1435150,2890.00
0,1435151,2920.00
0,1435153,2920.00
0,1435154,2920.00
0,1435156,2920.00
0,1435157,2930.00
0,1435159,2930.00
0,1435161,2930.00
0,1435162,2920.00
0,1435164,2930.00
0,1435165,2930.00
0,1435167,2890.00
0,1435169,2930.00
0,1435170,2910.00
0,1435172,2910.00
0,1435173,2880.00
0,1435175,2930.00
0,1435176,2930.00
0,1435179,2920.00
0,1435181,2930.00
0,1435182,2930.00
0,1435184,2930.00
0,1435185,2930.00
0,1435187,2920.00
0,1435188,2920.00
0,1435190,2920.00
0,1435192,2910.00
0,1435193,2920.00
0,1435195,2920.00
0,1435196,2920.00
0,1435198,2930.00
0,1435199,2940.00
0,1435201,2940.00
0,1435203,2930.00
0,1435204,2930.00
0,1435206,2890.00
0,1435207,2890.00
0,1435209,2910.00
0,1435211,2910.00
0,1435212,2880.00
0,1435214,2880.00
0,1435215,2920.00
0,1435217,2930.00
0,1435218,2930.00
0,1435220,2930.00
0,1435223,2920.00
0,1435224,2930.00
0,1435226,2930.00
0,1435227,2910.00
0,1435229,2890.00
0,1435230,2920.00
0,1435232,2920.00
0,1435234,2920.00
0,1435235,2910.00
0,1435237,2920.00
0,1435238,2920.00
0,1435240,2920.00
0,1435241,2930.00
0,1435243,2930.00
0,1435245,2940.00
0,1435246,2910.00
0,1435248,2890.00
0,1435249,2890.00
0,1435251,2880.00
0,1435253,2910.00
0,1435254,2930.00
0,1435256,2930.00
0,1435257,2930.00
0,1435259,2920.00
0,1435260,2930.00
0,1435262,2930.00
0,1435265,2930.00
0,1435266,2920.00
0,1435268,2920.00
0,1435269,2930.00
0,1435271,2890.00
0,1435272,2910.00
0,1435274,2910.00
0,1435276,2920.00
0,1435277,2910.00
0,1435279,2940.00
0,1435280,2940.00
0,1435282,2930.00
0,1435283,2940.00
0,1435285,2940.00
0,1435287,2940.00
0,1435288,2910.00
0,1435290,2890.00
0,1435291,2890.00
0,1435293,2920.00
0,1435295,2920.00
0,1435296,2930.00
0,1435298,2930.00
0,1435299,2920.00
0,1435301,2930.00
0,1435302,2930.00
0,1435304,2930.00
0,1435307,2910.00
0,1435308,2920.00
0,1435310,2890.00
0,1435311,2890.00
0,1435313,2920.00
0,1435314,2920.00
0,1435316,2920.00
0,1435318,2930.00
0,1435319,2920.00
0,1435321,2910.00
0,1435322,2910.00
0,1435324,2930.00
0,1435326,2920.00
0,1435327,2920.00
0,1435329,2920.00
0,1435330,2920.00
0,1435332,2910.00
0,1435333,2910.00
0,1435335,2890.00
0,1435337,2930.00
0,1435338,2920.00
0,1435340,2920.00
0,1435341,2910.00
0,1435343,2930.00
0,1435344,2920.00
0,1435346,2920.00
0,1435348,2930.00
0,1435350,2930.00
0,1435352,2920.00
0,1435353,2920.00
0,1435355,2920.00
0,1435356,2910.00
0,1435358,2910.00
0,1435360,2920.00
0,1435361,2920.00
0,1435363,2890.00
0,1435364,2890.00
0,1435366,2890.00
0,1435368,2920.00
0,1435369,3010.00
0,1435371,3010.00
0,1435372,2940.00
0,1435374,2920.00
0,1435375,3050.00
0,1435377,3050.00
0,1435379,2920.00
0,1435380,2930.00
0,1435382,2930.00
0,1435383,2930.00
0,1435385,2920.00
0,1435386,2940.00
0,1435388,2940.00
0,1435390,2920.00
0,1435392,2930.00
0,1435394,2920.00
0,1435395,2920.00
0,1435397,2910.00
0,1435398,2890.00
0,1435400,2920.00
0,1435402,2920.00
0,1435403,2920.00
0,1435405,2940.00
0,1435406,2940.00
0,1435408,2930.00
0,1435410,2930.00
0,1435411,2890.00
0,1435413,2890.00
0,1435414,2910.00
0,1435416,2910.00
0,1435417,2880.00
0,1435419,2880.00
0,1435421,2910.00
0,1435422,2910.00
0,1435424,2920.00
0,1435425,2920.00
0,1435427,2920.00
0,1435428,2920.00
0,1435430,2920.00
0,1435432,2930.00
0,1435433,2920.00
0,1435436,2910.00
0,1435437,2910.00
0,1435439,2920.00
0,1435440,2920.00
0,1435442,2920.00
0,1435444,2920.00
0,1435445,2940.00
0,1435447,2940.00
0,1435448,2940.00
0,1435450,2930.00
0,1435452,2940.00
0,1435453,2940.00
0,1435455,2940.00
0,1435456,2930.00
0,1435458,2880.00
0,1435459,2930.00
0,1435461,2930.00
0,1435463,2920.00
0,1435464,2920.00
0,1435466,2910.00
0,1435467,2910.00
0,1435469,2920.00
0,1435470,2930.00
0,1435472,2930.00
0,1435474,2910.00
0,1435475,2930.00
0,1435478,2920.00
0,1435479,2920.00
0,1435481,2910.00
0,1435482,2920.00
0,1435484,2920.00
0,1435486,2920.00
0,1435487,2930.00
0,1435489,2930.00
0,1435490,2930.00
0,1435492,2930.00
0,1435494,2920.00
0,1435495,2920.00
0,1435497,2920.00
0,1435498,2910.00
0,1435500,2920.00
0,1435501,2890.00
0,1435503,2890.00
0,1435505,2930.00
0,1435506,2920.00
0,1435508,3000.00
0,1435509,3000.00
0,1435511,2920.00
0,1435512,2930.00
0,1435514,2920.00
0,1435516,2920.00
0,1435517,2930.00
0,1435520,2920.00
0,1435521,2920.00
0,1435523,2910.00
0,1435524,2910.00
0,1435526,2920.00
0,1435528,2920.00
0,1435529,2940.00
0,1435531,2920.00
0,1435532,2910.00
0,1435534,2910.00
0,1435536,2920.00
0,1435537,2890.00
0,1435539,2930.00
0,1435540,2930.00
0,1435542,2920.00
0,1435543,2930.00
0,1435545,2930.00
0,1435547,2920.00
0,1435548,2920.00
0,1435550,2920.00
0,1435551,2920.00
0,1435553,2940.00
0,1435554,2890.00
0,1435556,2870.00
0,1435558,2870.00
0,1435559,2920.00
0,1435561,2920.00
0,1435563,2920.00
0,1435565,2930.00
0,1435566,2920.00
0,1435568,2920.00
0,1435570,2920.00
0,1435571,2930.00
0,1435573,2920.00
0,1435574,3150.00
0,1435576,3150.00
0,1435578,3120.00
0,1435579,3170.00
0,1435581,3120.00
0,1435582,3120.00
0,1435584,3120.00
0,1435585,3110.00
0,1435587,3110.00
0,1435589,3110.00
0,1435590,3200.00
0,1435592,3170.00
0,1435593,3170.00
0,1435595,3120.00
0,1435596,3150.00
0,1435598,3240.00
0,1435600,3240.00
0,1435601,3230.00
0,1435603,3150.00
0,1435604,3230.00
0,1435607,3230.00
0,1435609,2930.00
0,1435610,2960.00
0,1435612,2960.00
0,1435613,3030.00
0,1435615,2920.00
0,1435616,2930.00
0,1435618,2930.00
0,1435620,2980.00
0,1435621,2920.00
0,1435623,2890.00
0,1435624,2890.00
0,1435626,2880.00
0,1435627,2910.00
0,1435629,2920.00
0,1435631,2920.00
0,1435632,2920.00
0,1435634,2930.00
0,1435635,2930.00
0,1435637,2930.00
0,1435638,2930.00
0,1435640,2890.00
0,1435642,2890.00
0,1435643,2920.00
0,1435645,2920.00
0,1435646,2910.00
0,1435649,2910.00
0,1435651,2920.00
0,1435652,2930.00
0,1435654,2930.00
0,1435655,2930.00
0,1435657,2920.00
0,1435658,2910.00
0,1435660,2910.00
0,1435662,2910.00
0,1435663,2940.00
0,1435665,2910.00
0,1435666,2910.00
0,1435668,2890.00
0,1435669,2920.00
0,1435671,2920.00
0,1435673,2920.00
0,1435674,2920.00
0,1435676,2920.00
0,1435677,2920.00
0,1435679,2910.00
0,1435680,2920.00
0,1435682,2930.00
0,1435684,2930.00
0,1435685,2910.00
0,1435687,2910.00
0,1435688,2930.00
0,1435691,2930.00
0,1435693,2880.00
0,1435694,2920.00
0,1435696,2930.00
0,1435697,2930.00
0,1435699,2920.00
0,1435700,2890.00
0,1435702,2890.00
0,1435704,2930.00
0,1435705,2920.00
0,1435707,2910.00
0,1435708,2910.00
0,1435710,2920.00
0,1435711,2890.00
0,1435713,2920.00
0,1435715,2920.00
0,1435716,2920.00
0,1435718,2920.00
0,1435719,2920.00
0,1435721,2920.00
0,1435722,2910.00
0,1435724,2920.00
0,1435726,2920.00
0,1435727,2910.00
0,1435729,2890.00
0,1435730,2910.00
0,1435732,2910.00
0,1435735,2910.00
0,1435736,2920.00
0,1435738,2920.00
0,1435739,2920.00
0,1435741,2930.00
0,1435742,2930.00
0,1435744,2940.00
0,1435746,2940.00
0,1435747,2910.00
0,1435749,2920.00
0,1435750,2920.00
0,1435752,2910.00
0,1435753,2920.00
0,1435755,2890.00
0,1435757,2890.00
0,1435758,2930.00
0,1435760,2930.00
0,1435761,2910.00
0,1435763,2910.00
0,1435764,2930.00
0,1435766,2910.00
0,1435768,2910.00
0,1435769,2910.00
0,1435771,2930.00
0,1435772,2930.00
0,1435774,2930.00
0,1435777,2930.00
0,1435778,2920.00
0,1435780,2920.00
0,1435781,2920.00
0,1435783,2920.00
0,1435784,2930.00
0,1435786,2910.00
0,1435788,2910.00
0,1435789,2930.00
0,1435791,2890.00
0,1435792,2890.00
0,1435794,2880.00
0,1435795,2930.00
0,1435797,2930.00
0,1435799,2930.00
0,1435800,2940.00
0,1435802,2940.00
0,1435803,2930.00
0,1435805,2930.00
0,1435806,2910.00
0,1435808,2890.00
0,1435810,2890.00
0,1435811,2890.00
0,1435813,2890.00
0,1435814,2910.00
0,1435816,2910.00
0,1435819,2930.00
0,1435820,2920.00
0,1435822,2910.00
0,1435823,2910.00
0,1435825,2930.00
0,1435826,2910.00
0,1435828,2910.00
0,1435830,2910.00
0,1435831,2890.00
0,1435833,2880.00
0,1435834,2910.00
0,1435836,2910.00
0,1435837,2920.00
0,1435839,2910.00
0,1435841,2910.00
0,1435842,2920.00
0,1435844,2910.00
0,1435845,2910.00
0,1435847,2910.00
0,1435848,2910.00
0,1435850,2890.00
0,1435852,2890.00
0,1435853,2890.00
0,1435855,2920.00
0,1435856,2920.00
0,1435858,2920.00
0,1435860,2920.00
0,1435862,2920.00
0,1435864,2920.00
0,1435865,2920.00
0,1435867,2930.00
0,1435868,2910.00
0,1435870,2980.00
0,1435872,2980.00
0,1435873,2890.00
0,1435875,2920.00
0,1435876,3100.00
0,1435878,3100.00
0,1435879,2920.00
0,1435881,2930.00
0,1435883,2930.00
0,1435884,2920.00
0,1435886,2890.00
0,1435887,2920.00
0,1435889,2920.00
0,1435891,2890.00
0,1435892,2890.00
0,1435894,2880.00
0,1435895,2880.00
0,1435897,2920.00
0,1435898,2920.00
0,1435900,2930.00
0,1435902,2930.00
0,1435904,2940.00
0,1435906,2920.00
0,1435907,2920.00
0,1435909,2910.00
0,1435910,2980.00
0,1435912,2890.00
0,1435914,2890.00
0,1435915,2910.00
0,1435917,2920.00
0,1435918,2930.00
0,1435920,2930.00
0,1435921,2920.00
0,1435923,2930.00
0,1435925,2910.00
0,1435926,2910.00
0,1435928,2940.00
0,1435929,2910.00
0,1435931,2910.00
0,1435933,2930.00
0,1435934,2910.00
0,1435936,2920.00
0,1435937,2920.00
0,1435939,2930.00
0,1435940,2910.00
0,1435942,2890.00
0,1435944,2890.00
0,1435945,2890.00
0,1435948,2920.00
0,1435949,2890.00
0,1435951,2890.00
0,1435952,2920.00
0,1435954,2920.00
0,1435956,2920.00
0,1435957,2920.00
0,1435959,2940.00
0,1435960,2930.00
0,1435962,2930.00
0,1435963,2920.00
0,1435965,2930.00
0,1435967,2910.00
0,1435968,2910.00
0,1435970,2910.00
0,1435971,2910.00
0,1435973,2910.00
0,1435975,2880.00
0,1435976,2920.00
0,1435978,2940.00
0,1435979,2940.00
0,1435981,2940.00
0,1435982,2930.00
0,1435984,2910.00
0,1435986,2910.00
0,1435987,2910.00
0,1435990,2910.00
0,1435991,2890.00
0,1435993,2890.00
0,1435994,2910.00
0,1435996,2920.00
0,1435998,2920.00
0,1435999,2930.00
0,1436001,2930.00
0,1436002,2920.00
0,1436004,2920.00
0,1436005,2930.00
0,1436007,2890.00
0,1436009,2910.00
0,1436010,2910.00
0,1436012,2910.00
0,1436013,2880.00
0,1436015,2920.00
0,1436017,2920.00
0,1436018,2920.00
0,1436020,2930.00
0,1436021,2930.00
0,1436023,2930.00
0,1436024,2920.00
0,1436026,2910.00
0,1436028,2910.00
0,1436029,2920.00
0,1436032,2910.00
0,1436033,2910.00
0,1436035,2910.00
0,1436036,2920.00
0,1436038,2920.00
0,1436040,2920.00
0,1436041,2920.00
0,1436043,2920.00
0,1436044,2930.00
0,1436046,2930.00
0,1436047,2930.00
0,1436049,2910.00
0,1436051,2930.00
0,1436052,2930.00
0,1436054,2910.00
0,1436055,2910.00
0,1436057,2930.00
0,1436059,2930.00
0,1436060,2920.00
0,1436062,2930.00
0,1436063,2910.00
0,1436065,2910.00
0,1436066,2930.00
0,1436068,2940.00
0,1436070,2940.00
0,1436071,2890.00
0,1436073,2880.00
0,1436075,2920.00
0,1436077,2920.00
0,1436078,2930.00
0,1436080,2910.00
0,1436082,2920.00
0,1436083,2920.00
0,1436085,2930.00
0,1436086,2920.00
0,1436088,2920.00
0,1436089,2930.00
0,1436091,2920.00
0,1436093,2890.00
0,1436094,2890.00
0,1436096,2890.00
0,1436097,2930.00
0,1436099,2920.00
0,1436101,2920.00
0,1436102,2910.00
0,1436104,2920.00
0,1436105,2940.00
0,1436107,2940.00
0,1436108,2940.00
0,1436110,2920.00
0,1436112,2920.00
0,1436113,2920.00
0,1436115,2930.00
0,1436116,2910.00
0,1436119,2910.00
0,1436120,2920.00
0,1436122,2930.00
0,1436124,2920.00
0,1436125,2920.00
0,1436127,2920.00
0,1436128,2920.00
0,1436130,2930.00
0,1436131,2930.00
0,1436133,2910.00
0,1436135,2910.00
0,1436136,2910.00
0,1436138,2910.00
0,1436139,2910.00
0,1436141,2930.00
0,1436143,2930.00
0,1436144,2920.00
0,1436146,2930.00
0,1436147,2940.00
0,1436149,2940.00
0,1436150,2910.00
0,1436152,2930.00
0,1436154,2880.00
0,1436155,2880.00
0,1436157,2890.00
0,1436158,2910.00
0,1436161,2910.00
0,1436162,2920.00
0,1436164,3080.00
0,1436166,3060.00
0,1436167,3060.00
0,1436169,2890.00
0,1436170,2920.00
0,1436172,3010.00
0,1436174,3010.00
0,1436175,2890.00
0,1436177,2910.00
0,1436178,2910.00
0,1436180,3020.00
0,1436181,2910.00
0,1436183,2940.00
0,1436185,2940.00
0,1436186,2940.00
0,1436188,2890.00
0,1436189,2910.00
0,1436191,2910.00
0,1436192,2910.00
0,1436194,2910.00
0,1436196,2910.00
0,1436197,2910.00
0,1436199,2910.00
0,1436200,2910.00
0,1436203,2910.00
0,1436204,2930.00
0,1436206,2920.00
0,1436208,2930.00
0,1436209,2930.00
0,1436211,2910.00
0,1436212,2930.00
0,1436214,2890.00
0,1436216,2890.00
0,1436217,2910.00
0,1436219,2890.00
0,1436220,2920.00
0,1436222,2920.00
0,1436223,2920.00
0,1436225,2920.00
0,1436227,2920.00
0,1436228,2910.00
0,1436230,2920.00
0,1436231,2920.00
0,1436233,2920.00
0,1436234,2930.00
0,1436236,2910.00
0,1436238,2910.00
0,1436239,2910.00
0,1436241,2880.00
0,1436242,2880.00
0,1436244,2910.00
0,1436246,2910.00
0,1436248,2940.00
0,1436250,2940.00
0,1436251,2940.00
0,1436253,2920.00
0,1436254,2890.00
0,1436256,2910.00
0,1436258,2910.00
0,1436259,2890.00
0,1436261,2910.00
0,1436262,2890.00
0,1436264,2890.00
0,1436265,2920.00
0,1436267,2920.00
0,1436269,2920.00
0,1436270,2920.00
0,1436272,2920.00
0,1436273,2920.00
0,1436275,2920.00
0,1436276,2920.00
0,1436278,2930.00
0,1436280,2910.00
0,1436281,2910.00
0,1436283,2880.00
0,1436284,2890.00
0,1436286,2890.00
0,1436288,2890.00
0,1436290,2890.00
0,1436292,2920.00
0,1436293,2920.00
0,1436295,2920.00
0,1436296,2930.00
0,1436298,2940.00
0,1436300,2940.00
0,1436301,2890.00
0,1436303,2910.00
0,1436304,2890.00
0,1436306,2890.00
0,1436307,2880.00
0,1436309,2930.00
0,1436311,2930.00
0,1436312,2930.00
0,1436314,2910.00
0,1436315,2930.00
0,1436317,2930.00
0,1436318,2910.00
0,1436320,2910.00
0,1436322,2940.00
0,1436323,2940.00
0,1436325,2880.00
0,1436326,2880.00
0,1436328,2920.00
0,1436329,2920.00
0,1436332,2930.00
0,1436334,2920.00
0,1436335,2930.00
0,1436337,2930.00
0,1436338,2930.00
0,1436340,2910.00
0,1436342,2910.00
0,1436343,2920.00
0,1436345,2910.00
0,1436346,2890.00
0,1436348,2890.00
0,1436349,2910.00
0,1436351,2920.00
0,1436353,2920.00
0,1436354,2920.00
0,1436356,2940.00
0,1436357,2920.00
0,1436359,2910.00
0,1436360,2910.00
0,1436362,2910.00
0,1436364,2920.00
0,1436365,2920.00
0,1436367,2890.00
0,1436368,2920.00
0,1436370,2920.00
0,1436371,2920.00
0,1436374,2920.00
0,1436376,2920.00
0,1436377,2920.00
0,1436379,2920.00
0,1436380,2980.00
0,1436382,2920.00
0,1436384,2920.00
0,1436385,2920.00
0,1436387,2910.00
0,1436388,2920.00
0,1436390,2920.00
0,1436391,2920.00
0,1436393,2930.00
0,1436395,2920.00
0,1436396,2920.00
0,1436398,2920.00
0,1436399,2910.00
0,1436401,2910.00
0,1436402,2910.00
0,1436404,2910.00
0,1436406,2920.00
0,1436407,2920.00
0,1436409,2920.00
0,1436410,2930.00
0,1436412,2930.00
0,1436414,2930.00
0,1436416,2920.00
0,1436418,2930.00
0,1436419,2920.00
0,1436421,2920.00
0,1436422,2940.00
0,1436424,2930.00
0,1436426,2920.00
0,1436427,2920.00
0,1436429,2910.00
0,1436430,2920.00
0,1436432,2920.00
0,1436433,2920.00
0,1436435,2930.00
0,1436437,2920.00
0,1436438,2920.00
0,1436440,2930.00
0,1436441,2910.00
0,1436443,2890.00
0,1436444,2890.00
0,1436446,2890.00
0,1436448,2920.00
0,1436449,2930.00
0,1436451,2930.00
0,1436452,2910.00
0,1436454,2940.00
0,1436456,2940.00
0,1436457,2930.00
0,1436460,2910.00
0,1436461,2910.00
0,1436463,2910.00
0,1436464,2910.00
0,1436466,2880.00
0,1436468,2920.00
0,1436469,2920.00
0,1436471,2920.00
0,1436472,2940.00
0,1436474,2920.00
0,1436475,2920.00
0,1436477,2920.00
0,1436479,2910.00
0,1436480,2910.00
0,1436482,2910.00
0,1436483,2920.00
0,1436485,2890.00
0,1436486,2890.00
0,1436488,2880.00
0,1436490,2930.00
0,1436491,2920.00
0,1436493,2920.00
0,1436494,2930.00
0,1436496,2930.00
0,1436498,2930.00
0,1436499,2920.00
0,1436502,2930.00
0,1436503,2920.00
0,1436505,2920.00
0,1436506,2910.00
0,1436508,2920.00
0,1436510,2920.00
0,1436511,2920.00
0,1436513,2910.00
0,1436514,2930.00
0,1436516,2930.00
0,1436517,2930.00
0,1436519,2920.00
0,1436521,2930.00
0,1436522,2930.00
0,1436524,2940.00
0,1436525,2910.00
0,1436527,2910.00
0,1436528,2910.00
0,1436530,2890.00
0,1436532,2920.00
0,1436533,2910.00
0,1436535,2910.00
0,1436536,2890.00
0,1436538,2930.00
0,1436540,2930.00
0,1436541,2930.00
0,1436544,2920.00
0,1436545,2940.00
0,1436547,2940.00
0,1436548,2890.00
0,1436550,2910.00
0,1436552,2920.00
0,1436553,2920.00
0,1436555,2910.00
0,1436556,2920.00
0,1436558,3240.00
0,1436559,3240.00
0,1436561,3170.00
0,1436563,3150.00
0,1436564,3100.00
0,1436566,3100.00
0,1436567,2890.00
0,1436569,3060.00
0,1436570,3060.00
0,1436572,2930.00
0,1436574,2920.00
0,1436575,3030.00
0,1436577,3030.00
0,1436578,2890.00
0,1436580,2890.00
0,1436582,3030.00
0,1436583,3030.00
0,1436585,2930.00
0,1436587,2910.00
0,1436589,2940.00
0,1436590,2940.00
0,1436592,2930.00
0,1436594,2940.00
0,1436595,2940.00
0,1436597,2910.00
0,1436598,2910.00
0,1436600,2930.00
0,1436601,2930.00
0,1436603,2910.00
0,1436605,2890.00
0,1436606,3200.00
0,1436608,3200.00
0,1436609,3300.00
0,1436611,3160.00
0,1436612,3160.00
0,1436614,3120.00
0,1436616,3100.00
0,1436617,3120.00
0,1436619,3120.00
0,1436620,3110.00
0,1436622,3250.00
0,1436624,3140.00
0,1436625,3140.00
0,1436627,3140.00
0,1436628,3230.00
0,1436631,3200.00
0,1436632,3200.00
0,1436634,3150.00
0,1436636,3170.00
0,1436637,3170.00
0,1436639,3200.00
0,1436640,2930.00
0,1436642,3020.00
0,1436643,3020.00
0,1436645,2920.00
0,1436647,3050.00
0,1436648,3000.00
0,1436650,3000.00
0,1436651,2910.00
0,1436653,2960.00
0,1436654,3020.00
0,1436656,3020.00
0,1436658,2940.00
0,1436659,2920.00
0,1436661,2920.00
0,1436662,2910.00
0,1436664,2890.00
0,1436666,2910.00
0,1436667,2910.00
0,1436669,2890.00
0,1436670,2910.00
0,1436673,2890.00
0,1436674,2890.00
0,1436676,2920.00
0,1436678,2930.00
0,1436679,2930.00
0,1436681,2930.00
0,1436682,2920.00
0,1436684,2890.00
0,1436685,2890.00
0,1436687,2890.00
0,1436689,2890.00
0,1436690,2920.00
0,1436692,2920.00
0,1436693,2920.00
0,1436695,2920.00
0,1436697,2940.00
0,1436698,2940.00
0,1436700,2930.00
0,1436701,2920.00
0,1436703,2910.00
0,1436704,2910.00
0,1436706,2930.00
0,1436708,2920.00
0,1436709,2920.00
0,1436711,2890.00
0,1436712,2890.00
0,1436715,2910.00
0,1436716,2910.00
0,1436718,2920.00
0,1436720,2920.00
0,1436721,2930.00
0,1436723,2930.00
0,1436724,2930.00
0,1436726,2890.00
0,1436727,2890.00
0,1436729,2890.00
0,1436731,2890.00
0,1436732,2920.00
0,1436734,2920.00
0,1436735,2930.00
0,1436737,2940.00
0,1436739,2920.00
0,1436740,2920.00
0,1436742,2890.00
0,1436743,2910.00
0,1436745,2910.00
0,1436746,2910.00
0,1436748,2890.00
0,1436750,2880.00
0,1436751,2880.00
0,1436753,2910.00
0,1436754,2910.00
0,1436756,2940.00
0,1436758,2940.00
0,1436760,2930.00
0,1436762,2920.00
0,1436763,2890.00
0,1436765,2890.00
0,1436766,2910.00
0,1436768,2880.00
0,1436769,2920.00
0,1436771,2920.00
0,1436773,2920.00
0,1436774,2920.00
0,1436776,2920.00
0,1436777,2930.00
0,1436779,2930.00
0,1436781,2920.00
0,1436782,2920.00
0,1436784,2910.00
0,1436785,2880.00
0,1436787,2890.00
0,1436788,2890.00
0,1436790,2910.00
0,1436792,2880.00
0,1436793,2920.00
0,1436795,2920.00
0,1436796,2910.00
0,1436798,2930.00
0,1436800,2930.00
0,1436802,2920.00
0,1436804,2890.00
0,1436805,2890.00
0,1436807,2890.00
0,1436808,2910.00
0,1436810,2890.00
0,1436811,2930.00
0,1436813,2930.00
0,1436815,2930.00
0,1436816,2910.00
0,1436818,2910.00
0,1436819,2920.00
0,1436821,2960.00
0,1436823,2930.00
0,1436824,2930.00
0,1436826,2910.00
0,1436827,2890.00
0,1436829,2890.00
0,1436830,2890.00
0,1436832,2910.00
0,1436834,2920.00
0,1436835,2920.00
0,1436837,2920.00
0,1436838,2930.00
0,1436840,2930.00
0,1436841,2930.00
0,1436844,2880.00
0,1436846,2910.00
0,1436847,2910.00
0,1436849,2910.00
0,1436850,2930.00
0,1436852,2890.00
0,1436853,2920.00
0,1436855,2920.00
0,1436857,2910.00
0,1436858,2930.00
0,1436860,2920.00
0,1436861,2920.00
0,1436863,2920.00
0,1436865,2890.00
0,1436866,2890.00
0,1436868,2910.00
0,1436869,2910.00
0,1436871,2920.00
0,1436872,2920.00
0,1436874,2920.00
0,1436876,2930.00
0,1436877,2920.00
0,1436879,2920.00
0,1436880,3150.00
0,1436882,2930.00
0,1436883,2910.00
0,1436886,2910.00
0,1436888,2910.00
0,1436889,2890.00
0,1436891,2890.00
0,1436892,2890.00
0,1436894,2880.00
0,1436895,2910.00
0,1436897,2910.00
0,1436899,2910.00
0,1436900,2940.00
0,1436902,2920.00
0,1436903,2920.00
0,1436905,2920.00
0,1436907,2910.00
0,1436908,2910.00
0,1436910,2910.00
0,1436911,2890.00
0,1436913,2960.00
0,1436914,2960.00
0,1436916,2910.00
0,1436918,2920.00
0,1436919,2910.00
0,1436921,2910.00
0,1436922,2940.00
0,1436924,2910.00
0,1436925,2930.00
0,1436928,2930.00
0,1436930,2920.00
0,1436931,2910.00
0,1436933,2910.00
0,1436934,2880.00
0,1436936,2920.00
0,1436937,2910.00
0,1436939,2910.00
0,1436941,2920.00
0,1436942,2920.00
0,1436944,2910.00
0,1436945,2910.00
0,1436947,2920.00
0,1436949,2890.00
0,1436950,2910.00
0,1436952,2910.00
0,1436953,2910.00
0,1436955,2920.00
0,1436956,2920.00
0,1436958,2910.00
0,1436960,2930.00
0,1436961,2940.00
0,1436963,2940.00
0,1436964,2930.00
0,1436966,2920.00
0,1436967,2930.00
0,1436969,2930.00
0,1436972,2910.00
0,1436973,2910.00
0,1436975,2910.00
0,1436976,2910.00
0,1436978,2880.00
0,1436979,2920.00
0,1436981,2920.00
0,1436983,2920.00
0,1436984,2920.00
0,1436986,2930.00
0,1436987,2930.00
0,1436989,2910.00
0,1436991,2920.00
0,1436992,2890.00
0,1436994,2890.00
0,1436995,2890.00
0,1436997,2880.00
0,1436998,2910.00
0,1437000,2910.00
0,1437002,2910.00
0,1437003,2920.00
0,1437005,2920.00
0,1437006,2930.00
0,1437008,2960.00
0,1437009,2910.00
0,1437011,2910.00
0,1437014,2920.00
0,1437015,2890.00
0,1437017,2880.00
0,1437018,2880.00
0,1437020,2920.00
0,1437022,2930.00
0,1437023,2910.00
0,1437025,2910.00
0,1437026,2920.00
0,1437028,2930.00
0,1437029,2930.00
0,1437031,2890.00
0,1437033,2910.00
0,1437034,2910.00
0,1437036,2910.00
0,1437037,2910.00
0,1437039,2910.00
0,1437040,2920.00
0,1437042,2920.00
0,1437044,2920.00
0,1437045,2930.00
0,1437047,2930.00
0,1437048,2920.00
0,1437050,2940.00
0,1437051,2940.00
0,1437053,2940.00
0,1437056,2890.00
0,1437057,2880.00
0,1437059,2910.00
0,1437060,2910.00
0,1437062,2920.00
0,1437064,2920.00
0,1437065,2920.00
0,1437067,2920.00
0,1437068,2930.00
0,1437070,2910.00
0,1437071,2910.00
0,1437073,2920.00
0,1437075,2890.00
0,1437076,2880.00
0,1437078,2880.00
0,1437079,2910.00
0,1437081,2920.00
0,1437082,2940.00
0,1437084,2940.00
0,1437086,2930.00
0,1437087,2930.00
0,1437089,2930.00
0,1437090,2930.00
0,1437092,2910.00
0,1437093,2890.00
0,1437095,2890.00
0,1437097,2880.00
0,1437099,2890.00
0,1437101,2910.00
0,1437102,2910.00
0,1437104,2910.00
0,1437106,2920.00
0,1437107,2930.00
0,1437109,2930.00
0,1437110,2930.00
0,1437112,2910.00
0,1437113,2920.00
0,1437115,2920.00
0,1437117,2890.00
0,1437118,2880.00
0,1437120,2880.00
0,1437121,2920.00
0,1437123,2930.00
0,1437124,2940.00
0,1437126,2940.00
0,1437128,2920.00
0,1437129,2910.00
0,1437131,2920.00
0,1437132,2920.00
0,1437134,2910.00
0,1437135,2910.00
0,1437137,2910.00
0,1437139,2920.00
0,1437140,2920.00
0,1437143,2940.00
0,1437144,2940.00
0,1437146,2930.00
0,1437148,2880.00
0,1437149,2930.00
0,1437151,2930.00
0,1437152,2910.00
0,1437154,2910.00
0,1437155,2920.00
0,1437157,2920.00
0,1437159,2910.00
0,1437160,2920.00
0,1437162,2920.00
0,1437163,2930.00
0,1437165,2940.00
0,1437166,2920.00
0,1437168,2920.00
0,1437170,2930.00
0,1437171,2910.00
0,1437173,2910.00
0,1437174,2910.00
0,1437176,2910.00
0,1437177,2890.00
0,1437179,2920.00
0,1437181,2920.00
0,1437182,2920.00
0,1437185,2920.00
0,1437186,2920.00
0,1437188,2920.00
0,1437190,2910.00
0,1437191,2940.00
0,1437193,2940.00
0,1437194,2910.00
0,1437196,2920.00
0,1437197,2880.00
0,1437199,2880.00
0,1437201,2890.00
0,1437202,2910.00
0,1437204,2930.00
0,1437205,2930.00
0,1437207,2930.00
0,1437208,2920.00
0,1437210,2920.00
0,1437212,2940.00
0,1437213,2920.00
0,1437215,2930.00
0,1437216,2930.00
0,1437218,2890.00
0,1437219,2890.00
0,1437221,2890.00
0,1437223,2890.00
0,1437224,2920.00
0,1437227,2910.00
0,1437228,2930.00
0,1437230,2930.00
0,1437232,2940.00
0,1437233,2930.00
0,1437235,2930.00
0,1437236,2910.00
0,1437238,2890.00
0,1437239,2930.00
0,1437241,2930.00
0,1437243,2920.00
0,1437244,2910.00
0,1437246,2910.00
0,1437247,2910.00
0,1437249,2920.00
0,1437250,2930.00
0,1437252,2930.00
0,1437254,2940.00
0,1437255,2920.00
0,1437257,2910.00
0,1437258,2910.00
0,1437260,2890.00
0,1437262,2880.00
0,1437263,2910.00
0,1437265,2910.00
0,1437266,2940.00
0,1437268,2930.00
0,1437270,2920.00
0,1437272,2920.00
0,1437274,2920.00
0,1437275,2910.00
0,1437277,2910.00
0,1437278,2890.00
0,1437280,2890.00
0,1437281,2910.00
0,1437283,2910.00
0,1437285,2910.00
0,1437286,2920.00
0,1437288,2920.00
0,1437289,2920.00
0,1437291,2920.00
0,1437292,2930.00
0,1437294,2890.00
0,1437296,2890.00
0,1437297,2890.00
0,1437299,2910.00
0,1437300,2910.00
0,1437302,2890.00
0,1437304,2880.00
0,1437305,2930.00
0,1437307,2930.00
0,1437308,2930.00
0,1437310,2920.00
0,1437312,2930.00
0,1437314,2930.00
0,1437316,2920.00
0,1437317,2910.00
0,1437319,2890.00
0,1437320,2890.00
0,1437322,2910.00
0,1437323,2890.00
0,1437325,2890.00
0,1437327,2910.00
0,1437328,2920.00
0,1437330,2930.00
0,1437331,2930.00
0,1437333,2920.00
0,1437334,2930.00
0,1437336,2920.00
0,1437338,2920.00
0,1437339,2910.00
0,1437341,2930.00
0,1437342,2920.00
0,1437344,2920.00
0,1437346,2910.00
0,1437347,2920.00
0,1437349,2920.00
0,1437350,2930.00
0,1437352,2920.00
0,1437353,2910.00
0,1437356,2910.00
0,1437358,2910.00
0,1437359,2910.00
0,1437361,2920.00
0,1437362,2920.00
0,1437364,2910.00
0,1437365,2910.00
0,1437367,2910.00
0,1437369,2930.00
0,1437370,2920.00
0,1437372,2920.00
0,1437373,2920.00
0,1437375,2910.00
0,1437376,2890.00
0,1437378,2920.00
0,1437380,2920.00
0,1437381,2980.00
0,1437383,2920.00
0,1437384,2930.00
0,1437386,2930.00
0,1437388,2940.00
0,1437389,2880.00
0,1437391,2880.00
0,1437392,2910.00
0,1437394,2890.00
0,1437395,2910.00
0,1437398,2910.00
0,1437400,2920.00
0,1437401,2920.00
0,1437403,2920.00
0,1437404,2920.00
0,1437406,2920.00
0,1437407,2920.00
0,1437409,2890.00
0,1437411,2890.00
0,1437412,2910.00
0,1437414,2920.00
0,1437415,2920.00
0,1437417,2880.00
0,1437418,2920.00
0,1437420,2930.00
0,1437422,2930.00
0,1437423,2930.00
0,1437425,2930.00
0,1437426,2920.00
0,1437428,2920.00
0,1437430,2940.00
0,1437431,2890.00
0,1437433,2910.00
0,1437434,2910.00
0,1437436,2890.00
0,1437437,2920.00
0,1437440,2920.00
0,1437442,2920.00
0,1437443,2920.00
0,1437445,2920.00
0,1437446,2920.00
0,1437448,2930.00
0,1437449,2930.00
0,1437451,2920.00
0,1437453,2920.00
0,1437454,2880.00
0,1437456,2910.00
0,1437457,2910.00
0,1437459,2890.00
0,1437460,2920.00
0,1437462,2880.00
0,1437464,2880.00
0,1437465,2920.00
0,1437467,2920.00
0,1437468,2920.00
0,1437470,2920.00
0,1437472,2930.00
0,1437473,2920.00
0,1437475,2920.00
0,1437476,2920.00
0,1437478,2890.00
0,1437479,2890.00
0,1437481,2890.00
0,1437484,2880.00
0,1437485,2930.00
0,1437487,2930.00
0,1437488,2930.00
0,1437490,2930.00
0,1437491,2930.00
0,1437493,2930.00
0,1437495,2930.00
0,1437496,2890.00
0,1437498,2890.00
0,1437499,2910.00
0,1437501,2910.00
0,1437502,2880.00
0,1437504,2910.00
0,1437506,2910.00
0,1437507,2920.00
0,1437509,3030.00
0,1437510,2920.00
0,1437512,2920.00
0,1437514,2910.00
0,1437515,2920.00
0,1437517,2910.00
0,1437518,2910.00
0,1437520,2910.00
0,1437521,2880.00
0,1437523,2910.00
0,1437526,2910.00
0,1437527,2920.00
0,1437529,2930.00
0,1437530,2930.00
0,1437532,2930.00
0,1437533,2930.00
0,1437535,2920.00
0,1437537,2920.00
0,1437538,2930.00
0,1437540,2920.00
0,1437541,2910.00
0,1437543,2910.00
0,1437545,2920.00
0,1437546,2910.00
0,1437548,2910.00
0,1437549,2910.00
0,1437551,2890.00
0,1437552,2890.00
0,1437554,2890.00
0,1437556,2930.00
0,1437557,2910.00
0,1437559,2920.00
0,1437560,2920.00
0,1437562,2920.00
0,1437563,2920.00
0,1437565,2930.00
0,1437568,2930.00
0,1437569,2930.00
0,1437571,2940.00
0,1437572,2940.00
0,1437574,2920.00
0,1437575,2910.00
0,1437577,2890.00
0,1437579,2890.00
0,1437580,2910.00
0,1437582,2890.00
0,1437583,2920.00
0,1437585,2920.00
0,1437587,2910.00
0,1437588,2930.00
0,1437590,2940.00
0,1437591,2940.00
0,1437593,2920.00
0,1437594,2930.00
0,1437596,2930.00
0,1437598,2910.00
0,1437599,2890.00
0,1437601,2930.00
0,1437602,2930.00
0,1437604,2880.00
0,1437605,2930.00
0,1437607,2920.00
0,1437609,2920.00
0,1437611,2920.00
0,1437613,2910.00
0,1437614,2920.00
0,1437616,2920.00
0,1437617,2910.00
0,1437619,2910.00
0,1437621,2910.00
0,1437622,2920.00
0,1437624,2910.00
0,1437625,2920.00
0,1437627,2920.00
0,1437629,2930.00
0,1437630,2930.00
0,1437632,2930.00
0,1437633,2930.00
0,1437635,2910.00
0,1437636,2890.00
0,1437638,3100.00
0,1437640,3100.00
0,1437641,3260.00
0,1437643,3140.00
0,1437644,3140.00
0,1437646,3170.00
0,1437647,3110.00
0,1437649,3100.00
0,1437651,3100.00
0,1437652,3200.00
0,1437655,3190.00
0,1437656,3170.00
0,1437658,3170.00
0,1437659,3210.00
0,1437661,3110.00
0,1437663,3210.00
0,1437664,3210.00
0,1437666,3240.00
0,1437667,3170.00
0,1437669,3170.00
0,1437671,3140.00
0,1437672,3260.00
0,1437674,3260.00
0,1437675,3260.00
0,1437677,3160.00
0,1437678,3190.00
0,1437680,3070.00
0,1437682,3070.00
0,1437683,3110.00
0,1437685,3120.00
0,1437686,3120.00
0,1437688,3170.00
0,1437689,3150.00
0,1437691,3150.00
0,1437693,3150.00
0,1437694,3160.00
0,1437697,3160.00
0,1437698,3200.00
0,1437700,3200.00
0,1437701,3110.00
0,1437703,3200.00
0,1437705,2930.00
0,1437706,2930.00
0,1437708,2920.00
0,1437709,3070.00
0,1437711,3070.00
0,1437713,2920.00
0,1437714,2910.00
0,1437716,2920.00
0,1437717,2920.00
0,1437719,2910.00
0,1437720,2910.00
0,1437722,2920.00
0,1437724,2920.00
0,1437725,2920.00
0,1437727,2920.00
0,1437728,2910.00
0,1437730,2910.00
0,1437731,2910.00
0,1437733,2890.00
0,1437735,2890.00
0,1437736,2920.00
0,1437739,2910.00
0,1437740,2910.00
0,1437742,2910.00
0,1437743,2920.00
0,1437745,2910.00
0,1437747,2930.00
0,1437748,2930.00
0,1437750,2930.00
0,1437751,2890.00
0,1437753,2890.00
0,1437755,2890.00
0,1437756,2880.00
0,1437758,2930.00
0,1437759,2930.00
0,1437761,2910.00
0,1437762,2930.00
0,1437764,2910.00
0,1437766,2910.00
0,1437767,2930.00
0,1437769,2890.00
0,1437770,2890.00
0,1437772,2890.00
0,1437773,2910.00
0,1437775,2890.00
0,1437777,2890.00
0,1437778,2880.00
0,1437780,2920.00
0,1437782,2920.00
0,1437784,2920.00
0,1437785,2910.00
0,1437787,2920.00
0,1437789,2920.00
0,1437790,2920.00
0,1437792,2910.00
0,1437793,2890.00
0,1437795,2890.00
0,1437797,2890.00
0,1437798,2910.00
0,1437800,2920.00
0,1437801,2920.00
0,1437803,2920.00
0,1437804,2920.00
0,1437806,2930.00
0,1437808,2930.00
0,1437809,2890.00
0,1437811,2910.00
0,1437812,2920.00
0,1437814,2920.00
0,1437815,2890.00
0,1437817,2890.00
0,1437819,2920.00
0,1437820,2920.00
0,1437822,2890.00
0,1437824,2920.00
0,1437826,2920.00
0,1437827,2930.00
0,1437829,2890.00
0,1437831,2910.00
0,1437832,2910.00
0,1437834,2920.00
0,1437835,2890.00
0,1437837,2920.00
0,1437839,2920.00
0,1437840,2920.00
0,1437842,2920.00
0,1437843,2910.00
0,1437845,2910.00
0,1437846,2920.00
0,1437848,2920.00
0,1437850,2920.00
0,1437851,2940.00
0,1437853,2920.00
0,1437854,2890.00
0,1437856,2890.00
0,1437857,2880.00
0,1437859,2920.00
0,1437861,2920.00
0,1437862,2920.00
0,1437864,2910.00
0,1437865,2930.00
0,1437868,2920.00
0,1437870,2920.00
0,1437871,2930.00
0,1437873,2920.00
0,1437874,2920.00
0,1437876,2890.00
0,1437877,2910.00
0,1437879,2870.00
0,1437881,2870.00
0,1437882,2890.00
0,1437884,3100.00
0,1437885,2920.00
0,1437887,2920.00
0,1437888,2920.00
0,1437890,2890.00
0,1437892,2890.00
0,1437893,2920.00
0,1437895,2890.00
0,1437896,2880.00
0,1437898,2880.00
0,1437899,2910.00
0,1437901,2910.00
0,1437903,2920.00
0,1437904,2920.00
0,1437906,2890.00
0,1437907,2940.00
0,1437910,2920.00
0,1437912,2920.00
0,1437913,2920.00
0,1437915,2890.00
0,1437916,2890.00
0,1437918,2920.00
0,1437919,2910.00
0,1437921,2920.00
0,1437923,2920.00
0,1437924,2910.00
0,1437926,2930.00
0,1437927,2920.00
0,1437929,2920.00
0,1437930,2930.00
0,1437932,2930.00
0,1437934,2930.00
0,1437935,2930.00
0,1437937,2890.00
0,1437938,2920.00
0,1437940,2920.00
0,1437941,2920.00
0,1437943,2920.00
0,1437945,2940.00
0,1437946,2940.00
0,1437948,2920.00
0,1437949,2920.00
0,1437952,2910.00
0,1437954,2910.00
0,1437955,2910.00
0,1437957,2890.00
0,1437958,2910.00
0,1437960,2910.00
0,1437961,2910.00
0,1437963,2930.00
0,1437965,2930.00
0,1437966,2910.00
0,1437968,2920.00
0,1437969,2930.00
0,1437971,2930.00
0,1437972,2890.00
0,1437974,2930.00
0,1437976,2920.00
0,1437977,2920.00
0,1437979,2920.00
0,1437980,2920.00
0,1437982,2920.00
0,1437983,2910.00
0,1437985,2920.00
0,1437987,2930.00
0,1437988,2930.00
0,1437990,2910.00
0,1437991,2910.00
0,1437993,2910.00
0,1437996,2910.00
0,1437997,2930.00
0,1437999,2920.00
0,1438000,2920.00
0,1438002,2920.00
0,1438003,2920.00
0,1438005,2930.00
0,1438007,2930.00
0,1438008,2920.00
0,1438010,3030.00
0,1438011,2910.00
0,1438013,2910.00
0,1438014,2910.00
0,1438016,2880.00
0,1438018,2910.00
0,1438019,2910.00
0,1438021,2910.00
0,1438022,2930.00
0,1438024,2920.00
0,1438025,2920.00
0,1438027,2920.00
0,1438029,2930.00
0,1438030,2930.00
0,1438032,2890.00
0,1438033,2890.00
0,1438035,2920.00
0,1438038,2920.00
0,1438039,2880.00
0,1438041,2910.00
0,1438042,2930.00
0,1438044,2930.00
0,1438045,2940.00
0,1438047,2920.00
0,1438049,2940.00
0,1438050,2940.00
0,1438052,2910.00
0,1438053,2890.00
0,1438055,2890.00
0,1438056,2880.00
0,1438058,2910.00
0,1438060,2870.00
0,1438061,2870.00
0,1438063,2890.00
0,1438064,2890.00
0,1438066,2910.00
0,1438067,2910.00
0,1438069,2890.00
0,1438071,2890.00
0,1438072,2890.00
0,1438074,2890.00
0,1438075,2890.00
0,1438077,2880.00
0,1438080,2880.00
0,1438081,2890.00
0,1438083,2890.00
0,1438084,2930.00
0,1438086,2930.00
0,1438087,2920.00
0,1438089,2920.00
0,1438091,2910.00
0,1438092,2910.00
0,1438094,2910.00
0,1438095,2910.00
0,1438097,2910.00
0,1438098,2890.00
0,1438100,2870.00
0,1438102,2920.00
0,1438103,2920.00
0,1438105,2930.00
0,1438106,2930.00
0,1438108,2940.00
0,1438110,2940.00
0,1438111,2910.00
0,1438113,2910.00
0,1438114,2890.00
0,1438116,2890.00
0,1438117,2920.00
0,1438119,2890.00
0,1438121,2890.00
0,1438123,2910.00
0,1438125,2920.00
0,1438126,2930.00
0,1438128,2930.00
0,1438129,2930.00
0,1438131,2910.00
0,1438133,2890.00
0,1438134,2890.00
0,1438136,2920.00
0,1438137,2890.00
0,1438139,2890.00
0,1438140,2890.00
0,1438142,2920.00
0,1438144,2910.00
0,1438145,2910.00
0,1438147,2940.00
0,1438148,2910.00
0,1438150,2930.00
0,1438152,2930.00
0,1438153,2920.00
0,1438155,2920.00
0,1438156,2930.00
0,1438158,2930.00
0,1438159,2890.00
0,1438161,2910.00
0,1438163,2920.00
0,1438164,2920.00
0,1438167,2920.00
0,1438168,2920.00
0,1438170,2920.00
0,1438171,2910.00
0,1438173,2910.00
0,1438175,2920.00
0,1438176,2920.00
0,1438178,2890.00
0,1438179,2890.00
0,1438181,2910.00
0,1438182,2910.00
0,1438184,2920.00
0,1438186,2930.00
0,1438187,2920.00
0,1438189,2920.00
0,1438190,2940.00
0,1438192,2930.00
0,1438194,2930.00
0,1438195,2940.00
0,1438197,2910.00
0,1438198,2880.00
0,1438200,2880.00
0,1438201,2890.00
0,1438203,2910.00
0,1438205,2920.00
0,1438206,2920.00
0,1438209,2930.00
0,1438210,2920.00
0,1438212,2920.00
0,1438213,2920.00
0,1438215,2930.00
0,1438217,2940.00
0,1438218,2940.00
0,1438220,2890.00
0,1438221,2910.00
0,1438223,2910.00
0,1438224,2910.00
0,1438226,2910.00
0,1438228,2940.00
0,1438229,2920.00
0,1438231,2920.00
0,1438232,2920.00
0,1438234,2880.00
0,1438236,2880.00
0,1438237,2940.00
0,1438239,2910.00
0,1438240,2930.00
0,1438242,2930.00
0,1438243,2920.00
0,1438245,2920.00
0,1438247,2920.00
0,1438248,2920.00
0,1438251,2930.00
0,1438252,2940.00
0,1438254,2890.00
0,1438255,2890.00
0,1438257,2920.00
0,1438259,2920.00
0,1438260,2920.00
0,1438262,2890.00
0,1438263,2890.00
0,1438265,2920.00
0,1438266,2920.00
0,1438268,2930.00
0,1438270,2910.00
0,1438271,2890.00
0,1438273,2890.00
0,1438274,2920.00
0,1438276,2930.00
0,1438278,2890.00
0,1438279,2890.00
0,1438281,2910.00
0,1438282,2890.00
0,1438284,2890.00
0,1438285,2880.00
0,1438287,2920.00
0,1438289,2930.00
0,1438290,2930.00
0,1438292,2930.00
0,1438294,2940.00
0,1438296,2910.00
0,1438297,2910.00
0,1438299,2920.00
0,1438301,2890.00
0,1438302,2890.00
0,1438304,2890.00
0,1438305,2910.00
0,1438307,2910.00
0,1438308,2910.00
0,1438310,2890.00
0,1438312,2930.00
0,1438313,2920.00
0,1438315,2920.00
0,1438316,2930.00
0,1438318,2930.00
0,1438320,2910.00
0,1438321,2910.00
0,1438323,2890.00
0,1438324,2920.00
0,1438326,2920.00
0,1438327,2920.00
0,1438329,2930.00
0,1438331,2930.00
0,1438332,2930.00
0,1438334,2930.00
0,1438336,2910.00
0,1438338,2930.00
0,1438339,2930.00
0,1438341,2890.00
0,1438343,2920.00
0,1438344,2920.00
0,1438346,2920.00
0,1438347,2930.00
0,1438349,2940.00
0,1438351,2940.00
0,1438352,2930.00
0,1438354,2930.00
0,1438355,2920.00
0,1438357,2920.00
0,1438358,2930.00
0,1438360,2890.00
0,1438362,2910.00
0,1438363,2910.00
0,1438365,2880.00
0,1438366,2870.00
0,1438368,2930.00
0,1438369,2930.00
0,1438371,2920.00
0,1438373,2940.00
0,1438374,2940.00
0,1438376,2920.00
0,1438377,2940.00
0,1438380,2910.00
0,1438381,2910.00
0,1438383,2920.00
0,1438385,3060.00
0,1438386,2910.00
0,1438388,2910.00
0,1438389,2920.00
0,1438391,2910.00
0,1438393,2920.00
0,1438394,2920.00
0,1438396,2960.00
0,1438397,2890.00
0,1438399,2890.00
0,1438400,2910.00
0,1438402,2910.00
0,1438404,2910.00
0,1438405,2910.00
0,1438407,2930.00
0,1438408,2910.00
0,1438410,2910.00
0,1438411,2910.00
0,1438413,2930.00
0,1438415,2930.00
0,1438416,2930.00
0,1438418,2910.00
0,1438419,2910.00
0,1438422,2890.00
0,1438423,2890.00
0,1438425,2890.00
0,1438427,2920.00
0,1438428,2910.00
0,1438430,2910.00
0,1438431,2920.00
0,1438433,2930.00
0,1438435,2920.00
0,1438436,2920.00
0,1438438,2910.00
0,1438439,2910.00
0,1438441,2910.00
0,1438442,2920.00
0,1438444,2920.00
0,1438446,2920.00
0,1438447,2920.00
0,1438449,2910.00
0,1438450,2920.00
0,1438452,2910.00
0,1438453,2910.00
0,1438455,2920.00
0,1438457,2930.00
0,1438458,2910.00
0,1438460,2910.00
0,1438461,2910.00
0,1438464,2890.00
0,1438465,2890.00
0,1438467,2920.00
0,1438469,2920.00
0,1438470,2920.00
0,1438472,2920.00
0,1438473,2930.00
0,1438475,2930.00
0,1438477,2880.00
0,1438478,2880.00
0,1438480,2910.00
0,1438481,2920.00
0,1438483,2910.00
0,1438484,2910.00
0,1438486,2910.00
0,1438488,2930.00
0,1438489,2930.00
0,1438491,2930.00
0,1438492,2920.00
0,1438494,2930.00
0,1438495,2930.00
0,1438497,2910.00
0,1438499,2880.00
0,1438500,2920.00
0,1438502,2920.00
0,1438503,2910.00
0,1438505,2920.00
0,1438507,2920.00
0,1438509,2920.00
0,1438511,3020.00
0,1438512,2930.00
0,1438514,2930.00
0,1438515,2910.00
0,1438517,2920.00
0,1438519,2910.00
0,1438520,2910.00
0,1438522,2910.00
0,1438523,2930.00
0,1438525,2920.00
0,1438526,2920.00
0,1438528,2940.00
0,1438530,2910.00
0,1438531,2910.00
0,1438533,2920.00
0,1438534,2910.00
0,1438536,2920.00
0,1438537,2920.00
0,1438539,2920.00
0,1438541,2930.00
0,1438542,2920.00
0,1438544,2920.00
0,1438545,2920.00
0,1438547,2930.00
0,1438548,2930.00
0,1438551,2930.00
0,1438553,2910.00
0,1438554,2880.00
0,1438556,2880.00
0,1438557,2920.00
0,1438559,2910.00
0,1438561,2910.00
0,1438562,2910.00
0,1438564,2930.00
0,1438565,2920.00
0,1438567,2940.00
0,1438568,2940.00
0,1438570,2910.00
0,1438572,2920.00
0,1438573,2910.00
0,1438575,2910.00
0,1438576,2920.00
0,1438578,2920.00
0,1438579,2920.00
0,1438581,2930.00
0,1438583,2890.00
0,1438584,2920.00
0,1438586,2920.00
0,1438587,2910.00
0,1438589,2930.00
0,1438590,2920.00
0,1438593,2920.00
0,1438595,2890.00
0,1438596,2920.00
0,1438598,2920.00
0,1438599,2920.00
0,1438601,2880.00
0,1438603,2910.00
0,1438604,2910.00
0,1438606,2910.00
0,1438607,2910.00
0,1438609,2920.00
0,1438610,2920.00
0,1438612,2890.00
0,1438614,2890.00
0,1438615,2890.00
0,1438617,2890.00
0,1438618,2880.00
0,1438620,2910.00
0,1438621,2910.00
0,1438623,2930.00
0,1438625,2930.00
0,1438626,2930.00
0,1438628,2930.00
0,1438629,2930.00
0,1438631,2910.00
0,1438633,2910.00
0,1438635,2910.00
0,1438637,2890.00
0,1438638,2890.00
0,1438640,2910.00
0,1438641,2910.00
0,1438643,2890.00
0,1438645,2940.00
0,1438646,2940.00
0,1438648,2930.00
0,1438649,2910.00
0,1438651,2920.00
0,1438652,2920.00
0,1438654,2910.00
0,1438656,2890.00
0,1438657,2920.00
0,1438659,2920.00
0,1438660,2890.00
0,1438662,2890.00
0,1438663,2890.00
0,1438665,2890.00
0,1438667,2890.00
0,1438668,2910.00
0,1438670,2910.00
0,1438671,2890.00
0,1438673,2880.00
0,1438675,2870.00
0,1438676,2870.00
0,1438679,2890.00
0,1438680,2890.00
0,1438682,2870.00
0,1438683,2870.00
0,1438685,2890.00
0,1438687,2910.00
0,1438688,2910.00
0,1438690,2910.00
0,1438691,2910.00
0,1438693,2910.00
0,1438694,2910.00
0,1438696,2880.00
0,1438698,2890.00
0,1438699,2880.00
0,1438701,2880.00
0,1438702,2870.00
0,1438704,3080.00
0,1438705,3210.00
0,1438707,3210.00
0,1438709,3170.00
0,1438710,3120.00
0,1438712,3060.00
0,1438713,3060.00
0,1438715,3140.00
0,1438717,3100.00
0,1438718,3100.00
0,1438721,3210.00
0,1438722,3170.00
0,1438724,3140.00
0,1438725,3140.00
0,1438727,3160.00
0,1438729,3250.00
0,1438730,3120.00
0,1438732,3120.00
0,1438733,3160.00
0,1438735,3160.00
0,1438736,3160.00
0,1438738,2910.00
0,1438740,3080.00
0,1438741,2930.00
0,1438743,2930.00
0,1438744,2920.00
0,1438746,3010.00
0,1438747,2920.00
0,1438749,2920.00
0,1438751,2910.00
0,1438752,3010.00
0,1438754,2920.00
0,1438755,2920.00
0,1438757,2910.00
0,1438759,2920.00
0,1438760,2920.00
0,1438763,2920.00
0,1438764,2910.00
0,1438766,2910.00
0,1438767,2910.00
0,1438769,2880.00
0,1438771,2930.00
0,1438772,2890.00
0,1438774,2890.00
0,1438775,2880.00
0,1438777,2870.00
0,1438778,2920.00
0,1438780,2920.00
0,1438782,2910.00
0,1438783,2890.00
0,1438785,2890.00
0,1438786,2920.00
0,1438788,2890.00
0,1438789,2890.00
0,1438791,2890.00
0,1438793,2890.00
0,1438794,2870.00
0,1438796,2890.00
0,1438797,2890.00
0,1438799,2910.00
0,1438801,2920.00
0,1438802,2870.00
0,1438804,2870.00
0,1438806,2890.00
0,1438808,2910.00
0,1438809,2910.00
0,1438811,2890.00
0,1438813,2890.00
0,1438814,2910.00
0,1438816,2910.00
0,1438817,2920.00
0,1438819,2910.00
0,1438820,2890.00
0,1438822,2890.00
0,1438824,2920.00
0,1438825,2910.00
0,1438827,2880.00
0,1438828,2880.00
0,1438830,2890.00
0,1438831,2890.00
0,1438833,2890.00
0,1438835,2870.00
0,1438836,2890.00
0,1438838,2910.00
0,1438839,2910.00
0,1438841,2880.00
0,1438843,2890.00
0,1438844,2910.00
0,1438846,2910.00
0,1438848,2930.00
0,1438850,2880.00
0,1438851,2880.00
0,1438853,2890.00
0,1438855,2870.00
0,1438856,2880.00
0,1438858,2880.00
0,1438859,2890.00
0,1438861,2930.00
0,1438862,2910.00
0,1438864,2910.00
0,1438866,2920.00
0,1438867,2890.00
0,1438869,2880.00
0,1438870,2880.00
0,1438872,2890.00
0,1438873,2890.00
0,1438875,2890.00
0,1438877,3000.00
0,1438878,2910.00
0,1438880,2890.00
0,1438881,2890.00
0,1438883,2920.00
0,1438885,2910.00
0,1438886,2970.00
0,1438888,2970.00
0,1438889,2880.00
0,1438892,2890.00
0,1438893,2920.00
0,1438895,2920.00
0,1438897,2910.00
0,1438898,2920.00
0,1438900,2920.00
0,1438901,2930.00
0,1438903,2890.00
0,1438904,2920.00
0,1438906,2920.00
0,1438908,2910.00
0,1438909,2910.00
0,1438911,2880.00
0,1438912,2880.00
0,1438914,2890.00
0,1438916,2920.00
0,1438917,2890.00
0,1438919,2890.00
0,1438920,2910.00
0,1438922,2910.00
0,1438923,2910.00
0,1438925,2890.00
0,1438927,2890.00
0,1438928,2880.00
0,1438930,2880.00
0,1438931,2890.00
0,1438934,2910.00
0,1438935,2890.00
0,1438937,2890.00
0,1438939,2920.00
0,1438940,2920.00
0,1438942,2920.00
0,1438943,2920.00
0,1438945,2920.00
0,1438946,2910.00
0,1438948,2910.00
0,1438950,2910.00
0,1438951,2910.00
0,1438953,2910.00
0,1438954,2910.00
0,1438956,2930.00
0,1438958,2920.00
0,1438959,2930.00
0,1438961,2930.00
0,1438962,2920.00
0,1438964,2910.00
0,1438965,2910.00
0,1438967,2910.00
0,1438969,2910.00
0,1438970,2870.00
0,1438972,2870.00
0,1438973,2890.00
0,1438976,2890.00
0,1438977,2910.00
0,1438979,2910.00
0,1438981,2920.00
0,1438982,2940.00
0,1438984,2920.00
0,1438985,2920.00
0,1438987,2890.00
0,1438988,2890.00
0,1438990,2890.00
0,1438992,2910.00
0,1438993,2890.00
0,1438995,2920.00
0,1438996,2920.00
0,1438998,2920.00
0,1439000,2920.00
0,1439001,2930.00
0,1439003,2930.00
0,1439004,2910.00
0,1439006,2890.00
0,1439007,2880.00
0,1439009,2880.00
0,1439011,2890.00
0,1439012,2880.00
0,1439014,2880.00
0,1439015,2910.00
0,1439017,2920.00
0,1439019,2920.00
0,1439021,2920.00
0,1439023,2920.00
0,1439024,2890.00
0,1439026,2910.00
0,1439027,2910.00
0,1439029,2890.00
0,1439030,2890.00
0,1439032,2890.00
0,1439034,2890.00
0,1439035,2890.00
0,1439037,2910.00
0,1439038,2910.00
0,1439040,2920.00
0,1439042,2920.00
0,1439043,2910.00
0,1439045,2910.00
0,1439046,2920.00
0,1439048,2880.00
0,1439049,2870.00
0,1439051,2870.00
0,1439053,2930.00
0,1439054,2920.00
0,1439056,2920.00
0,1439057,2890.00
0,1439059,2920.00
0,1439060,2890.00
0,1439063,2890.00
0,1439065,2930.00
0,1439066,2920.00
0,1439068,2890.00
0,1439069,2890.00
0,1439071,2880.00
0,1439072,2910.00
0,1439074,2880.00
0,1439076,2880.00
0,1439077,2910.00
0,1439079,2910.00
0,1439080,2910.00
0,1439082,2920.00
0,1439084,2920.00
0,1439085,2910.00
0,1439087,2910.00
0,1439088,2890.00
0,1439090,2890.00
0,1439091,2960.00
0,1439093,2960.00
0,1439095,2910.00
0,1439096,2910.00
0,1439098,2910.00
0,1439099,2910.00
0,1439101,2910.00
0,1439102,2890.00
0,1439105,2890.00
0,1439107,2890.00
0,1439108,2890.00
0,1439110,2880.00
0,1439111,2880.00
0,1439113,2870.00
0,1439114,2870.00
0,1439116,2910.00
0,1439118,2910.00
0,1439119,2910.00
0,1439121,2910.00
0,1439122,2890.00
0,1439124,2890.00
0,1439126,2910.00
0,1439127,2890.00
0,1439129,2890.00
0,1439130,2880.00
0,1439132,2870.00
0,1439133,2890.00
0,1439135,2890.00
0,1439137,2880.00
0,1439138,2910.00
0,1439140,2910.00
0,1439141,2910.00
0,1439143,2890.00
0,1439144,2890.00
0,1439147,2890.00
0,1439149,2890.00
0,1439150,2880.00
0,1439152,2880.00
0,1439153,2880.00
0,1439155,2880.00
0,1439156,2910.00
0,1439158,2880.00
0,1439160,2880.00
0,1439161,2920.00
0,1439163,2910.00
0,1439164,3030.00
0,1439166,3030.00
0,1439168,3070.00
0,1439169,3000.00
0,1439171,3000.00
0,1439172,2910.00
0,1439174,2880.00
0,1439175,3010.00
0,1439177,3010.00
0,1439179,2920.00
0,1439180,2920.00
0,1439182,3030.00
0,1439183,3030.00
0,1439185,2920.00
0,1439186,2880.00
0,1439188,2930.00
0,1439191,2930.00
0,1439192,2890.00
0,1439194,2880.00
0,1439195,2880.00
0,1439197,2870.00
0,1439199,2870.00
0,1439200,2870.00
0,1439202,2870.00
0,1439203,2880.00
0,1439205,2910.00
0,1439206,2920.00
0,1439208,2920.00
0,1439210,2920.00
0,1439211,2910.00
0,1439213,2890.00
0,1439214,2890.00
0,1439216,2890.00
0,1439217,2920.00
0,1439219,2920.00
0,1439221,2890.00
0,1439222,2920.00
0,1439224,2920.00
0,1439225,2920.00
0,1439227,2920.00
0,1439228,2910.00
0,1439230,2890.00
0,1439233,2890.00
0,1439234,2890.00
0,1439236,2890.00
0,1439237,2880.00
0,1439239,2880.00
0,1439241,2910.00
0,1439242,2910.00
0,1439244,2910.00
0,1439245,2930.00
0,1439247,2930.00
0,1439248,2930.00
0,1439250,2930.00
0,1439252,2910.00
0,1439253,2890.00
0,1439255,2880.00
0,1439256,2880.00
0,1439258,2880.00
0,1439259,2880.00
0,1439261,2880.00
0,1439263,2870.00
0,1439264,2910.00
0,1439266,2920.00
0,1439267,2920.00
0,1439269,2920.00
0,1439270,2910.00
0,1439272,2930.00
0,1439275,2930.00
0,1439276,2910.00
0,1439278,2890.00
0,1439279,2880.00
0,1439281,2880.00
0,1439283,2880.00
0,1439284,2870.00
0,1439286,2870.00
0,1439287,2920.00
0,1439289,2920.00
0,1439290,2930.00
0,1439292,2930.00
0,1439294,2910.00
0,1439295,2910.00
0,1439297,2910.00
0,1439298,2910.00
0,1439300,2920.00
0,1439301,2920.00
0,1439303,2910.00
0,1439305,2910.00
0,1439306,2920.00
0,1439308,2920.00
0,1439309,2920.00
0,1439311,2920.00
0,1439312,2930.00
0,1439314,2910.00
0,1439316,2910.00
0,1439318,2910.00
0,1439320,2910.00
0,1439321,2890.00
0,1439323,2890.00
0,1439325,2930.00
0,1439326,2910.00
0,1439328,2930.00
0,1439329,2930.00
0,1439331,2920.00
0,1439332,2930.00
0,1439334,2930.00
0,1439336,2910.00
0,1439337,2890.00
0,1439339,2920.00
0,1439340,2920.00
0,1439342,2930.00
0,1439343,2930.00
0,1439345,2920.00
0,1439347,2920.00
0,1439348,2940.00
0,1439350,2930.00
0,1439351,2960.00
0,1439353,2960.00
0,1439354,2910.00
0,1439356,2920.00
0,1439358,2920.00
0,1439360,2910.00
0,1439362,2920.00
0,1439363,2930.00
0,1439365,2930.00
0,1439367,2920.00
0,1439368,2920.00
0,1439370,2910.00
0,1439371,2910.00
0,1439373,2910.00
0,1439374,2920.00
0,1439376,2920.00
0,1439378,3000.00
0,1439379,2920.00
0,1439381,2930.00
0,1439382,2930.00
0,1439384,2930.00
0,1439385,2940.00
0,1439387,3120.00
0,1439389,3120.00
0,1439390,2890.00
0,1439392,2910.00
0,1439393,2890.00
0,1439395,2890.00
0,1439396,2870.00
0,1439398,2930.00
0,1439400,2930.00
0,1439401,2910.00
0,1439404,2920.00
0,1439405,2920.00
0,1439407,2920.00
0,1439409,2910.00
0,1439410,2920.00
0,1439412,2890.00
0,1439413,2890.00
0,1439415,2890.00
0,1439416,2910.00
0,1439418,2920.00
0,1439420,2920.00
0,1439421,2930.00
0,1439423,2920.00
0,1439424,2920.00
0,1439426,2920.00
0,1439427,2920.00
0,1439429,2920.00
0,1439431,2920.00
0,1439432,2920.00
0,1439434,2890.00
0,1439435,2920.00
0,1439437,2920.00
0,1439438,2920.00
0,1439440,2920.00
0,1439442,2930.00
0,1439443,2930.00
0,1439446,2930.00
0,1439447,2910.00
0,1439449,2910.00
0,1439451,2910.00
0,1439452,2890.00
0,1439454,2930.00
0,1439455,2930.00
0,1439457,2910.00
0,1439458,2910.00
0,1439460,2910.00
0,1439462,2910.00
0,1439463,2920.00
0,1439465,2930.00
0,1439466,2930.00
0,1439468,2910.00
0,1439469,2910.00
0,1439471,2890.00
0,1439473,2890.00
0,1439474,2910.00
0,1439476,2880.00
0,1439477,2920.00
0,1439479,2920.00
0,1439480,2910.00
0,1439482,2920.00
0,1439484,2930.00
0,1439485,2930.00
0,1439488,2920.00
0,1439489,2930.00
0,1439491,2930.00
0,1439493,2910.00
0,1439494,2890.00
0,1439496,2920.00
0,1439497,2920.00
0,1439499,2930.00
0,1439500,2930.00
0,1439502,2910.00
0,1439504,2910.00
0,1439505,2930.00
0,1439507,2930.00
0,1439508,2910.00
0,1439510,2910.00
0,1439511,2910.00
0,1439513,2910.00
0,1439515,2910.00
0,1439516,2910.00
0,1439518,2880.00
0,1439519,2920.00
0,1439521,2920.00
0,1439523,2910.00
0,1439524,2930.00
0,1439526,2940.00
0,1439527,2940.00
0,1439529,2910.00
0,1439531,2910.00
0,1439533,2890.00
0,1439535,2890.00
0,1439536,2890.00
0,1439538,2880.00
0,1439539,2880.00
0,1439541,2920.00
0,1439542,2920.00
0,1439544,2920.00
0,1439546,2920.00
0,1439547,2910.00
0,1439549,2880.00
0,1439550,2890.00
0,1439552,2890.00
0,1439553,2910.00
0,1439555,2930.00
0,1439557,2890.00
0,1439558,2890.00
0,1439560,2920.00
0,1439561,2920.00
0,1439563,2920.00
0,1439565,2930.00
0,1439566,2910.00
0,1439568,2930.00
0,1439569,2930.00
0,1439571,2930.00
0,1439572,2920.00
0,1439575,2910.00
0,1439577,2910.00
0,1439578,2930.00
0,1439580,2920.00
0,1439581,2920.00
0,1439583,2910.00
0,1439584,2930.00
0,1439586,2920.00
0,1439588,2920.00
0,1439589,2930.00
0,1439591,2920.00
0,1439592,2910.00
0,1439594,2910.00
0,1439595,2910.00
0,1439597,2930.00
0,1439599,2890.00
0,1439600,2890.00
0,1439602,2910.00
0,1439603,2920.00
0,1439605,2920.00
0,1439607,2920.00
0,1439608,2930.00
0,1439610,2920.00
0,1439611,2920.00
0,1439613,2910.00
0,1439614,2910.00
0,1439617,2890.00
0,1439619,2890.00
0,1439620,2890.00
0,1439622,2890.00
0,1439623,2910.00
0,1439625,2910.00
0,1439626,2910.00
0,1439628,2910.00
0,1439630,2910.00
0,1439631,2920.00
0,1439633,2910.00
0,1439634,2890.00
0,1439636,2890.00
0,1439637,2890.00
0,1439639,2870.00
0,1439641,2890.00
0,1439642,2890.00
0,1439644,2920.00
0,1439645,2890.00
0,1439647,2940.00
0,1439649,2940.00
0,1439650,2930.00
0,1439652,2930.00
0,1439653,2930.00
0,1439655,2910.00
0,1439656,2940.00
0,1439659,2930.00
0,1439661,2930.00
0,1439662,2930.00
0,1439664,2880.00
0,1439665,2910.00
0,1439667,2910.00
0,1439668,2920.00
0,1439670,2910.00
0,1439672,2920.00
0,1439673,2920.00
0,1439675,2910.00
0,1439676,2920.00
0,1439678,2920.00
0,1439679,2890.00
0,1439681,2920.00
0,1439683,2920.00
0,1439684,2920.00
0,1439686,2920.00
0,1439687,2920.00
0,1439689,2920.00
0,1439691,2920.00
0,1439692,2930.00
0,1439694,2910.00
0,1439695,2910.00
0,1439697,2890.00
0,1439698,2890.00
0,1439700,2890.00
0,1439703,2890.00
0,1439704,2910.00
0,1439706,2940.00
0,1439707,2940.00
0,1439709,2940.00
0,1439710,2910.00
0,1439712,2920.00
0,1439714,2930.00
0,1439715,2930.00
0,1439717,2910.00
0,1439718,2930.00
0,1439720,2930.00
0,1439722,2910.00
0,1439723,2920.00
0,1439725,2920.00
0,1439726,2920.00
0,1439728,2930.00
0,1439729,2930.00
0,1439731,2920.00
0,1439733,2920.00
0,1439734,2930.00
0,1439736,3020.00
0,1439737,3240.00
0,1439739,3240.00
0,1439740,3110.00
0,1439742,3170.00
0,1439745,3170.00
0,1439746,3150.00
0,1439748,3080.00
0,1439749,3140.00
0,1439751,3140.00
0,1439752,3200.00
0,1439754,3190.00
0,1439756,3150.00
0,1439757,3150.00
0,1439759,3150.00
0,1439760,3250.00
0,1439762,3190.00
0,1439764,3190.00
0,1439765,3210.00
0,1439767,3120.00
0,1439768,3120.00
0,1439770,3020.00
0,1439771,2910.00
0,1439773,2910.00
0,1439775,2910.00
0,1439776,3010.00
0,1439778,2930.00
0,1439779,2920.00
0,1439781,2920.00
0,1439782,3020.00
0,1439784,2910.00
0,1439787,2910.00
0,1439788,2910.00
0,1439790,2910.00
0,1439791,2920.00
0,1439793,2920.00
0,1439794,2920.00
0,1439796,2930.00
0,1439798,2920.00
0,1439799,2920.00
0,1439801,2920.00
0,1439802,2910.00
0,1439804,2910.00
0,1439806,2910.00
0,1439807,2890.00
0,1439809,2920.00
0,1439810,2920.00
0,1439812,2910.00
0,1439813,2910.00
0,1439815,2920.00
0,1439817,2920.00
0,1439818,2930.00
0,1439820,2940.00
0,1439821,2910.00
0,1439823,2910.00
0,1439824,2890.00
0,1439826,2890.00
0,1439828,2910.00
0,1439830,2910.00
0,1439832,2890.00
0,1439833,2920.00
0,1439835,2920.00
0,1439836,2920.00
0,1439838,2920.00
0,1439840,2940.00
0,1439841,2940.00
0,1439843,2930.00
0,1439844,2910.00
0,1439846,2890.00
0,1439848,2890.00
0,1439849,2890.00
0,1439851,2930.00
0,1439852,2910.00
0,1439854,2910.00
0,1439855,2920.00
0,1439857,2910.00
0,1439859,2910.00
0,1439860,2930.00
0,1439862,2930.00
0,1439863,2910.00
0,1439865,2910.00
0,1439866,2890.00
0,1439868,2880.00
0,1439870,2890.00
0,1439872,2890.00
0,1439874,2890.00
0,1439875,2920.00
0,1439877,3070.00
0,1439878,3070.00
0,1439880,2910.00
0,1439882,2920.00
0,1439883,2920.00
0,1439885,2930.00
0,1439886,2910.00
0,1439888,3000.00
0,1439890,3000.00
0,1439891,2910.00
0,1439893,2920.00
0,1439894,2920.00
0,1439896,2920.00
0,1439897,2930.00
0,1439899,2920.00
0,1439901,2920.00
0,1439902,2890.00
0,1439904,2890.00
0,1439905,2890.00
0,1439907,2890.00
0,1439908,2870.00
0,1439910,2910.00
0,1439912,2890.00
0,1439913,2890.00
0,1439916,2910.00
0,1439917,2920.00
0,1439919,2920.00
0,1439920,2920.00
0,1439922,2890.00
0,1439924,2920.00
0,1439925,2920.00
0,1439927,2890.00
0,1439928,2920.00
0,1439930,2920.00
0,1439932,2920.00
0,1439933,2920.00
0,1439935,2930.00
0,1439936,2940.00
0,1439938,2940.00
0,1439939,2930.00
0,1439941,2920.00
0,1439943,2890.00
0,1439944,2890.00
0,1439946,2920.00
0,1439947,2920.00
0,1439949,2920.00
0,1439950,2910.00
0,1439952,2930.00
0,1439954,2940.00
0,1439955,2940.00
0,1439958,2930.00
0,1439959,2930.00
0,1439961,2890.00
0,1439962,2890.00
0,1439964,2940.00
0,1439966,2930.00
0,1439967,2920.00
0,1439969,2920.00
0,1439970,2910.00
0,1439972,2920.00
0,1439974,2920.00
0,1439975,2930.00
0,1439977,2930.00
0,1439978,2930.00
0,1439980,2930.00
0,1439981,2880.00
0,1439983,2910.00
0,1439985,2890.00
0,1439986,2890.00
0,1439988,2890.00
0,1439989,2880.00
0,1439991,2880.00
0,1439992,2910.00
0,1439994,2910.00
0,1439996,2930.00
0,1439997,2930.00
0,1440000,2920.00
0,1440001,2880.00
0,1440003,2910.00
0,1440005,2910.00
0,1440006,2910.00
0,1440008,2920.00
0,1440009,2890.00
0,1440011,2890.00
0,1440012,2940.00
0,1440014,2940.00
0,1440016,2940.00
0,1440017,2930.00
0,1440019,2920.00
0,1440020,2940.00
0,1440022,2940.00
0,1440023,2920.00
0,1440025,2910.00
0,1440027,2920.00
0,1440028,2920.00
0,1440030,2920.00
0,1440031,2910.00
0,1440033,2920.00
0,1440034,2920.00
0,1440036,2920.00
0,1440038,2910.00
0,1440039,2910.00
0,1440041,2930.00
0,1440043,2930.00
0,1440045,2910.00
0,1440047,2910.00
0,1440048,2910.00
0,1440050,2920.00
0,1440051,2930.00
0,1440053,2930.00
0,1440054,2920.00
0,1440056,2930.00
0,1440058,2930.00
0,1440059,2930.00
0,1440061,2890.00
0,1440062,2940.00
0,1440064,2940.00
0,1440065,2920.00
0,1440067,2920.00
0,1440069,2920.00
0,1440070,2920.00
0,1440072,2940.00
0,1440073,2920.00
0,1440075,2930.00
0,1440076,2930.00
0,1440078,2920.00
0,1440080,2890.00
0,1440081,2910.00
0,1440083,2910.00
0,1440084,2890.00
0,1440087,2920.00
0,1440089,2920.00
0,1440090,2920.00
0,1440092,2890.00
0,1440093,2930.00
0,1440095,2930.00
0,1440096,2930.00
0,1440098,2920.00
0,1440100,2930.00
0,1440101,2930.00
0,1440103,2920.00
0,1440104,2890.00
0,1440106,2890.00
0,1440107,2930.00
0,1440109,2880.00
0,1440111,2910.00
0,1440112,2910.00
0,1440114,2920.00
0,1440115,2930.00
0,1440117,2930.00
0,1440118,2930.00
0,1440120,2930.00
0,1440122,2910.00
0,1440123,2930.00
0,1440125,2930.00
0,1440126,2910.00
0,1440129,2920.00
0,1440131,2920.00
0,1440132,2910.00
0,1440134,2920.00
0,1440135,2930.00
0,1440137,2930.00
0,1440138,2930.00
0,1440140,2890.00
0,1440142,2920.00
0,1440143,2920.00
0,1440145,2890.00
0,1440146,2880.00
0,1440148,2920.00
0,1440149,2920.00
0,1440151,2920.00
0,1440153,2930.00
0,1440154,2930.00
0,1440156,2930.00
0,1440157,2930.00
0,1440159,2910.00
0,1440160,2910.00
0,1440162,2910.00
0,1440164,2910.00
0,1440165,2910.00
0,1440167,2910.00
0,1440168,2920.00
0,1440171,2910.00
0,1440173,2920.00
0,1440174,2920.00
0,1440176,2920.00
0,1440177,2930.00
0,1440179,2930.00
0,1440180,2930.00
0,1440182,2920.00
0,1440184,2890.00
0,1440185,2890.00
0,1440187,2920.00
0,1440188,2880.00
0,1440190,2920.00
0,1440191,2920.00
0,1440193,2920.00
0,1440195,2930.00
0,1440196,2890.00
0,1440198,2890.00
0,1440199,2910.00
0,1440201,2940.00
0,1440202,2940.00
0,1440204,2920.00
0,1440206,2910.00
0,1440207,2930.00
0,1440209,2930.00
0,1440210,2910.00
0,1440212,2930.00
0,1440215,2920.00
0,1440216,2920.00
0,1440218,2910.00
0,1440219,2910.00
0,1440221,2910.00
0,1440222,2910.00
0,1440224,2930.00
0,1440226,2910.00
0,1440227,2910.00
0,1440229,2930.00
0,1440230,2930.00
0,1440232,2920.00
0,1440233,2920.00
0,1440235,2930.00
0,1440237,2920.00
0,1440238,2910.00
0,1440240,2910.00
0,1440241,2890.00
0,1440243,2920.00
0,1440244,2920.00
0,1440246,2920.00
0,1440248,2930.00
0,1440249,2930.00
0,1440251,2930.00
0,1440252,2920.00
0,1440254,2940.00
0,1440257,2920.00
0,1440258,2920.00
0,1440260,2890.00
0,1440261,2910.00
0,1440263,2880.00
0,1440264,2880.00
0,1440266,2920.00
0,1440268,2920.00
0,1440269,2920.00
0,1440271,2920.00
0,1440272,2940.00
0,1440274,2930.00
0,1440275,2930.00
0,1440277,2910.00
0,1440279,2920.00
0,1440280,2890.00
0,1440282,2890.00
0,1440283,2920.00
0,1440285,2910.00
0,1440287,2930.00
0,1440288,2930.00
0,1440290,2930.00
0,1440291,2930.00
0,1440293,2930.00
0,1440294,2890.00
0,1440296,2890.00
0,1440299,2890.00
0,1440300,2890.00
0,1440302,2890.00
0,1440303,2920.00
0,1440305,2920.00
0,1440306,2920.00
0,1440308,2910.00
0,1440310,2930.00
0,1440311,2920.00
0,1440313,2920.00
0,1440314,2930.00
0,1440316,2920.00
0,1440317,2920.00
0,1440319,2890.00
0,1440321,2890.00
0,1440322,2890.00
0,1440324,2890.00
0,1440325,2910.00
0,1440327,2920.00
0,1440329,2910.00
0,1440330,2910.00
0,1440332,2930.00
0,1440333,2920.00
0,1440335,2920.00
0,1440336,2910.00
0,1440338,2920.00
0,1440340,2930.00
0,1440342,2930.00
0,1440344,2890.00
0,1440345,2920.00
0,1440347,2910.00
0,1440348,2910.00
0,1440350,2920.00
0,1440352,2920.00
0,1440353,2930.00
0,1440355,2930.00
0,1440356,2930.00
0,1440358,2910.00
0,1440359,2910.00
0,1440361,2890.00
0,1440363,2880.00
0,1440364,2910.00
0,1440366,2910.00
0,1440367,2920.00
0,1440369,2920.00
0,1440371,2910.00
0,1440372,2910.00
0,1440374,2920.00
0,1440375,2920.00
0,1440377,3020.00
0,1440378,3020.00
0,1440380,2910.00
0,1440382,2910.00
0,1440384,2910.00
0,1440386,2890.00
0,1440387,2920.00
0,1440389,2930.00
0,1440390,2930.00
0,1440392,3100.00
0,1440394,2920.00
0,1440395,2930.00
0,1440397,2930.00
0,1440398,2910.00
0,1440400,2890.00
0,1440401,2890.00
0,1440403,2890.00
0,1440405,2920.00
0,1440406,2940.00
0,1440408,2940.00
0,1440409,2920.00
0,1440411,2940.00
0,1440413,2930.00
0,1440414,2930.00
0,1440416,2920.00
0,1440417,2920.00
0,1440419,2910.00
0,1440420,2910.00
0,1440422,2930.00
0,1440424,2910.00
0,1440425,2910.00
0,1440428,2910.00
0,1440429,2930.00
0,1440431,2930.00
0,1440432,2930.00
0,1440434,2930.00
0,1440436,2910.00
0,1440437,2920.00
0,1440439,2920.00
0,1440440,2910.00
0,1440442,2930.00
0,1440443,2920.00
0,1440445,2920.00
0,1440447,2920.00
0,1440448,2910.00
0,1440450,2910.00
0,1440451,2920.00
0,1440453,2940.00
0,1440455,2910.00
0,1440456,2910.00
0,1440458,2910.00
0,1440459,2910.00
0,1440461,2910.00
0,1440462,2910.00
0,1440464,2910.00
0,1440466,2890.00
0,1440467,2920.00
0,1440470,2920.00
0,1440471,2920.00
0,1440473,2920.00
0,1440474,2920.00
0,1440476,2930.00
0,1440478,2920.00
0,1440479,2890.00
0,1440481,2890.00
0,1440482,2890.00
0,1440484,2880.00
0,1440485,2930.00
0,1440487,2930.00
0,1440489,2940.00
0,1440490,2930.00
0,1440492,2920.00
0,1440493,2920.00
0,1440495,2890.00
0,1440497,2880.00
0,1440498,2880.00
0,1440500,2890.00
0,1440501,2920.00
0,1440503,2910.00
0,1440504,2910.00
0,1440506,2930.00
0,1440508,2920.00
0,1440509,3010.00
0,1440512,3010.00
0,1440513,2920.00
0,1440515,2910.00
0,1440516,2930.00
0,1440518,2930.00
0,1440520,2890.00
0,1440521,2930.00
0,1440523,2930.00
0,1440524,2920.00
0,1440526,2920.00
0,1440527,2920.00
0,1440529,2920.00
0,1440531,2920.00
0,1440532,2910.00
0,1440534,2920.00
0,1440535,2920.00
0,1440537,2910.00
0,1440539,2890.00
0,1440540,2890.00
0,1440542,2920.00
0,1440543,2910.00
0,1440545,2920.00
0,1440546,2920.00
0,1440548,2930.00
0,1440550,2930.00
0,1440551,2910.00
0,1440553,2910.00
0,1440555,2940.00
0,1440557,2880.00
0,1440558,2870.00
0,1440560,2870.00
0,1440562,2920.00
0,1440563,2890.00
0,1440565,2890.00
0,1440566,3320.00
0,1440568,3190.00
0,1440570,3140.00
0,1440571,3140.00
0,1440573,2980.00
0,1440574,2890.00
0,1440576,2930.00
0,1440577,2930.00
0,1440579,2930.00
0,1440581,2910.00
0,1440582,2920.00
0,1440584,2920.00
0,1440585,2910.00
0,1440587,2910.00
0,1440588,2910.00
0,1440590,2930.00
0,1440592,2910.00
0,1440593,2930.00
0,1440595,2930.00
0,1440596,2930.00
0,1440599,2920.00
0,1440600,2930.00
0,1440602,2930.00
0,1440604,2890.00
0,1440605,2940.00
0,1440607,2890.00
0,1440608,2890.00
0,1440610,2880.00
0,1440612,2920.00
0,1440613,2920.00
0,1440615,2920.00
0,1440616,2930.00
0,1440618,2930.00
0,1440619,2930.00
0,1440621,2930.00
0,1440623,2890.00
0,1440624,2930.00
0,1440626,2930.00
0,1440627,2890.00
0,1440629,2910.00
0,1440630,2910.00
0,1440632,2910.00
0,1440634,2920.00
0,1440635,2910.00
0,1440637,2910.00
0,1440638,2930.00
0,1440641,2910.00
0,1440642,2890.00
0,1440644,2890.00
0,1440646,2880.00
0,1440647,2910.00
0,1440649,2920.00
0,1440650,2920.00
0,1440652,2910.00
0,1440654,2920.00
0,1440655,2920.00
0,1440657,2920.00
0,1440658,2930.00
0,1440660,2910.00
0,1440661,2910.00
0,1440663,2910.00
0,1440665,2910.00
0,1440666,2910.00
0,1440668,2910.00
0,1440669,2920.00
0,1440671,2890.00
0,1440672,2890.00
0,1440674,2890.00
0,1440676,2910.00
0,1440677,2930.00
0,1440679,2930.00
0,1440680,2920.00
0,1440683,2940.00
0,1440684,2910.00
0,1440686,2910.00
0,1440688,2890.00
0,1440689,2880.00
0,1440691,2920.00
0,1440692,2920.00
0,1440694,2920.00
0,1440696,2910.00
0,1440697,2920.00
0,1440699,2920.00
0,1440700,2910.00
0,1440702,2920.00
0,1440703,2920.00
0,1440705,2890.00
0,1440707,2920.00
0,1440708,2910.00
0,1440710,2910.00
0,1440711,2910.00
0,1440713,2920.00
0,1440714,2920.00
0,1440716,2920.00
0,1440718,2920.00
0,1440719,2930.00
0,1440721,2920.00
0,1440722,2920.00
0,1440724,2890.00
0,1440726,2890.00
0,1440728,2890.00
0,1440730,2920.00
0,1440731,2920.00
0,1440733,2910.00
0,1440734,2910.00
0,1440736,2960.00
0,1440738,2930.00
0,1440739,2930.00
0,1440741,2930.00
0,1440742,2910.00
0,1440744,2890.00
0,1440745,2890.00
0,1440747,2890.00
0,1440749,2880.00
0,1440750,2890.00
0,1440752,2890.00
0,1440753,2910.00
0,1440755,2930.00
0,1440756,2930.00
0,1440758,2930.00
0,1440760,2920.00
0,1440761,2910.00
0,1440763,2910.00
0,1440764,2910.00
0,1440766,2910.00
0,1440768,2890.00
0,1440770,2890.00
0,1440772,3160.00
0,1440773,3350.00
0,1440775,3170.00
0,1440776,3170.00
0,1440778,3100.00
0,1440780,3080.00
0,1440781,3120.00
0,1440783,3120.00
0,1440784,3120.00
0,1440786,3230.00
0,1440787,3150.00
0,1440789,3150.00
0,1440791,3140.00
0,1440792,3160.00
0,1440794,3160.00
0,1440795,3150.00
0,1440797,3210.00
0,1440798,3190.00
0,1440800,3190.00
0,1440802,3150.00
0,1440803,2920.00
0,1440805,3050.00
0,1440806,3050.00
0,1440808,2910.00
0,1440809,2920.00
0,1440812,3010.00
0,1440814,3010.00
0,1440815,2890.00
0,1440817,2910.00
0,1440818,2910.00
0,1440820,2980.00
0,1440822,2870.00
0,1440823,2920.00
0,1440825,2920.00
0,1440826,2920.00
0,1440828,2930.00
0,1440829,2930.00
0,1440831,2930.00
0,1440833,2910.00
0,1440834,2890.00
0,1440836,2920.00
0,1440837,2920.00
0,1440839,2930.00
0,1440840,2920.00
0,1440842,2920.00
0,1440844,2920.00
0,1440845,2940.00
0,1440847,2920.00
0,1440848,2920.00
0,1440850,2920.00
0,1440852,2910.00
0,1440854,2910.00
0,1440856,2910.00
0,1440857,2890.00
0,1440859,2890.00
0,1440860,2890.00
0,1440862,2910.00
0,1440864,2920.00
0,1440865,2920.00
0,1440867,2920.00
0,1440868,2930.00
0,1440870,2910.00
0,1440871,2890.00
0,1440873,2890.00
0,1440875,2910.00
0,1440876,2920.00
0,1440878,3070.00
0,1440879,3070.00
0,1440881,2920.00
0,1440882,2920.00
0,1440884,2920.00
0,1440886,2920.00
0,1440887,2930.00
0,1440889,2930.00
0,1440890,2930.00
0,1440892,3060.00
0,1440894,2890.00
0,1440896,2890.00
0,1440898,2890.00
0,1440899,2920.00
0,1440901,2920.00
0,1440902,2910.00
0,1440904,2910.00
0,1440906,2910.00
0,1440907,2930.00
0,1440909,2930.00
0,1440910,2910.00
0,1440912,2910.00
0,1440913,2940.00
0,1440915,2940.00
0,1440917,2890.00
0,1440918,2910.00
0,1440920,2920.00
0,1440921,2920.00
0,1440923,2910.00
0,1440924,2940.00
0,1440926,2930.00
0,1440928,2930.00
0,1440929,2930.00
0,1440931,2910.00
0,1440932,2910.00
0,1440934,2890.00
0,1440936,2890.00
0,1440937,2930.00
0,1440940,2930.00
0,1440941,2930.00
0,1440943,2910.00
0,1440944,2940.00
0,1440946,2940.00
0,1440948,2890.00
0,1440949,2910.00
0,1440951,2880.00
0,1440952,2880.00
0,1440954,2890.00
0,1440955,2880.00
0,1440957,2880.00
0,1440959,2930.00
0,1440960,2920.00
0,1440962,2930.00
0,1440963,2930.00
0,1440965,2920.00
0,1440966,2920.00
0,1440968,2930.00
0,1440970,2930.00
0,1440971,2880.00
0,1440973,2910.00
0,1440974,2910.00
0,1440976,2880.00
0,1440978,2920.00
0,1440979,2920.00
0,1440982,2920.00
0,1440983,2920.00
0,1440985,2920.00
0,1440986,2930.00
0,1440988,2930.00
0,1440990,2930.00
0,1440991,2930.00
0,1440993,2920.00
0,1440994,2920.00
0,1440996,2920.00
0,1440997,2920.00
0,1440999,2920.00
0,1441001,2920.00
0,1441002,2920.00
0,1441004,2920.00
0,1441005,2920.00
0,1441007,2910.00
0,1441008,2940.00
0,1441010,3020.00
0,1441012,3020.00
0,1441013,2910.00
0,1441015,2890.00
0,1441016,2930.00
0,1441018,2930.00
0,1441020,2910.00
0,1441021,2920.00
0,1441024,2920.00
0,1441025,2920.00
0,1441027,2920.00
0,1441028,2930.00
0,1441030,2930.00
0,1441032,2930.00
0,1441033,2890.00
0,1441035,2890.00
0,1441036,2890.00
0,1441038,2920.00
0,1441039,2930.00
0,1441041,2930.00
0,1441043,2930.00
0,1441044,2920.00
0,1441046,2930.00
0,1441047,2930.00
0,1441049,2910.00
0,1441050,2910.00
0,1441052,2930.00
0,1441054,2930.00
0,1441055,2890.00
0,1441057,2910.00
0,1441058,2910.00
0,1441060,2910.00
0,1441062,2930.00
0,1441063,2920.00
0,1441065,2920.00
0,1441067,2920.00
0,1441069,2940.00
0,1441070,2910.00
0,1441072,2910.00
0,1441074,2920.00
0,1441075,2870.00
0,1441077,2920.00
0,1441078,2920.00
0,1441080,2930.00
0,1441081,2920.00
0,1441083,2930.00
0,1441085,2930.00
0,1441086,2920.00
0,1441088,2910.00
0,1441089,2910.00
0,1441091,2910.00
0,1441092,2910.00
0,1441094,2880.00
0,1441096,2880.00
0,1441097,2880.00
0,1441099,2920.00
0,1441100,2920.00
0,1441102,2920.00
0,1441104,2930.00
0,1441105,2930.00
0,1441107,2910.00
0,1441108,2910.00
0,1441111,2910.00
0,1441112,2910.00
0,1441114,2910.00
0,1441116,2880.00
0,1441117,2920.00
0,1441119,2920.00
0,1441120,2920.00
0,1441122,2920.00
0,1441123,2930.00
0,1441125,2920.00
0,1441127,2920.00
0,1441128,2910.00
0,1441130,2890.00
0,1441131,2910.00
0,1441133,2910.00
0,1441135,2910.00
0,1441136,2910.00
0,1441138,2910.00
0,1441139,2920.00
0,1441141,2920.00
0,1441142,2920.00
0,1441144,2920.00
0,1441146,2930.00
0,1441147,2910.00
0,1441149,2910.00
0,1441150,2910.00
0,1441153,2890.00
0,1441154,2930.00
0,1441156,2930.00
0,1441158,2930.00
0,1441159,2920.00
0,1441161,2920.00
0,1441162,2920.00
0,1441164,2910.00
0,1441165,2920.00
0,1441167,2910.00
0,1441169,2910.00
0,1441170,2890.00
0,1441172,2910.00
0,1441173,2920.00
0,1441175,2920.00
0,1441177,2920.00
0,1441178,2920.00
0,1441180,2920.00
0,1441181,2930.00
0,1441183,2920.00
0,1441184,2930.00
0,1441186,2930.00
0,1441188,2910.00
0,1441189,2910.00
0,1441191,2890.00
0,1441192,2890.00
0,1441195,2890.00
0,1441196,2910.00
0,1441198,2920.00
0,1441200,2920.00
0,1441201,2920.00
0,1441203,2940.00
0,1441204,2940.00
0,1441206,2920.00
0,1441207,2920.00
0,1441209,2890.00
0,1441211,2890.00
0,1441212,2890.00
0,1441214,2890.00
0,1441215,2930.00
0,1441217,2930.00
0,1441219,2930.00
0,1441220,2920.00
0,1441222,2920.00
0,1441223,2920.00
0,1441225,2920.00
0,1441226,2910.00
0,1441228,2910.00
0,1441230,2910.00
0,1441231,2910.00
0,1441233,2890.00
0,1441234,2890.00
0,1441236,2920.00
0,1441238,2910.00
0,1441240,2920.00
0,1441242,2920.00
0,1441243,2930.00
0,1441245,2910.00
0,1441246,2940.00
0,1441248,2940.00
0,1441249,2910.00
0,1441251,2890.00
0,1441253,2890.00
0,1441254,2910.00
0,1441256,2920.00
0,1441257,2890.00
0,1441259,2890.00
0,1441261,2930.00
0,1441262,2910.00
0,1441264,2890.00
0,1441265,2890.00
0,1441267,2910.00
0,1441268,2890.00
0,1441270,2890.00
0,1441272,2890.00
0,1441273,2920.00
0,1441275,2920.00
0,1441276,2920.00
0,1441278,2930.00
0,1441280,2930.00
0,1441282,2930.00
0,1441284,2930.00
0,1441285,2930.00
0,1441287,2920.00
0,1441288,2890.00
0,1441290,2890.00
0,1441291,2890.00
0,1441293,2890.00
0,1441295,2890.00
0,1441296,2910.00
0,1441298,2910.00
0,1441299,2920.00
0,1441301,2920.00
0,1441303,2920.00
0,1441304,2930.00
0,1441306,2890.00
0,1441307,2890.00
0,1441309,2910.00
0,1441310,2910.00
0,1441312,2890.00
0,1441314,2890.00
0,1441315,2890.00
0,1441317,2930.00
0,1441318,2930.00
0,1441320,2910.00
0,1441321,2920.00
0,1441324,2930.00
0,1441326,2930.00
0,1441327,2910.00
0,1441329,2920.00
0,1441330,2910.00
0,1441332,2910.00
0,1441333,2890.00
0,1441335,2910.00
0,1441337,2910.00
0,1441338,2910.00
0,1441340,2920.00
0,1441341,2930.00
0,1441343,2930.00
0,1441345,2910.00
0,1441346,2910.00
0,1441348,2890.00
0,1441349,2890.00
0,1441351,2890.00
0,1441352,2890.00
0,1441354,2910.00
0,1441356,2910.00
0,1441357,2940.00
0,1441359,2940.00
0,1441360,2930.00
0,1441362,2930.00
0,1441363,2930.00
0,1441366,2910.00
0,1441368,2910.00
0,1441369,2890.00
0,1441371,2910.00
0,1441372,2880.00
0,1441374,2880.00
0,1441376,2920.00
0,1441377,2920.00
0,1441379,3050.00
0,1441380,3050.00
0,1441382,2930.00
0,1441383,2910.00
0,1441385,2910.00
0,1441387,2890.00
0,1441388,2890.00
0,1441390,2890.00
0,1441391,2890.00
0,1441393,2910.00
0,1441394,3000.00
0,1441396,2930.00
0,1441398,2930.00
0,1441399,2930.00
0,1441401,2890.00
0,1441402,2890.00
0,1441404,2890.00
0,1441405,2890.00
0,1441408,2920.00
0,1441410,2920.00
0,1441411,2910.00
0,1441413,2910.00
0,1441414,2910.00
0,1441416,2910.00
0,1441418,2930.00
0,1441419,2920.00
0,1441421,2920.00
0,1441422,2920.00
0,1441424,2890.00
0,1441425,2920.00
0,1441427,2890.00
0,1441429,2890.00
0,1441430,2870.00
0,1441432,2880.00
0,1441433,2880.00
0,1441435,2930.00
0,1441436,2930.00
0,1441438,2930.00
0,1441440,2930.00
0,1441441,2920.00
0,1441443,2920.00
0,1441444,2910.00
0,1441446,2910.00
0,1441447,2910.00
0,1441449,2920.00
0,1441452,2890.00
0,1441453,2890.00
0,1441455,2920.00
0,1441456,2920.00
0,1441458,2920.00
0,1441460,2930.00
0,1441461,2920.00
0,1441463,2930.00
0,1441464,2930.00
0,1441466,2910.00
0,1441467,2910.00
0,1441469,2910.00
0,1441471,2910.00
0,1441472,2890.00
0,1441474,2910.00
0,1441475,2930.00
0,1441477,2930.00
0,1441478,2930.00
0,1441480,2910.00
0,1441482,2910.00
0,1441483,2930.00
0,1441485,2910.00
0,1441486,2920.00
0,1441488,2920.00
0,1441489,2930.00
0,1441491,2890.00
0,1441494,2910.00
0,1441495,2910.00
0,1441497,2920.00
0,1441498,2930.00
0,1441500,2930.00
0,1441502,2930.00
0,1441503,2920.00
0,1441505,2910.00
0,1441506,2910.00
0,1441508,2890.00
0,1441509,2910.00
0,1441511,3000.00
0,1441513,3000.00
0,1441514,2930.00
0,1441516,2920.00
0,1441517,2940.00
0,1441519,2940.00
0,1441520,2920.00
0,1441522,2930.00
0,1441524,2930.00
0,1441525,2890.00
0,1441527,2930.00
0,1441528,2890.00
0,1441530,2890.00
0,1441531,2890.00
0,1441533,2910.00
0,1441536,2920.00
0,1441537,2920.00
0,1441539,2930.00
0,1441540,2940.00
0,1441542,2910.00
0,1441544,2910.00
0,1441545,2890.00
0,1441547,2910.00
0,1441548,2910.00
0,1441550,2890.00
0,1441551,2870.00
0,1441553,2910.00
0,1441555,2910.00
0,1441556,2910.00
0,1441558,2920.00
0,1441559,2940.00
0,1441561,2940.00
0,1441562,2890.00
0,1441564,2920.00
0,1441566,2910.00
0,1441567,2910.00
0,1441569,2910.00
0,1441570,2920.00
0,1441572,2920.00
0,1441573,2910.00
0,1441575,2910.00
0,1441577,2940.00
0,1441579,2940.00
0,1441581,2930.00
0,1441582,2890.00
0,1441584,2890.00
0,1441586,2890.00
0,1441587,2910.00
0,1441589,2910.00
0,1441590,2910.00
0,1441592,2910.00
0,1441593,2920.00
0,1441595,2920.00
0,1441597,2920.00
0,1441598,2910.00
0,1441600,2930.00
0,1441601,2940.00
0,1441603,2940.00
0,1441604,2910.00
0,1441606,2890.00
0,1441608,2910.00
0,1441609,2910.00
0,1441611,2910.00
0,1441612,2920.00
0,1441614,2920.00
0,1441615,2920.00
0,1441617,2910.00
0,1441619,2930.00
0,1441620,2930.00
0,1441623,2930.00
0,1441624,2890.00
0,1441626,2910.00
0,1441628,2910.00
0,1441629,3000.00
0,1441631,2890.00
0,1441632,2910.00
0,1441634,2910.00
0,1441635,2920.00
0,1441637,2920.00
0,1441639,2920.00
0,1441640,2920.00
0,1441642,2930.00
0,1441643,2890.00
0,1441645,2890.00
0,1441646,2890.00
0,1441648,2910.00
0,1441650,2920.00
0,1441651,2920.00
0,1441653,2910.00
0,1441654,2920.00
0,1441656,2920.00
0,1441658,2920.00
0,1441659,2920.00
0,1441661,2940.00
0,1441662,2940.00
0,1441665,2910.00
0,1441666,2910.00
0,1441668,2930.00
0,1441670,2930.00
0,1441671,2910.00
0,1441673,2880.00
0,1441674,2920.00
0,1441676,2920.00
0,1441677,2920.00
0,1441679,2920.00
0,1441681,2920.00
0,1441682,2920.00
0,1441684,2890.00
0,1441685,2910.00
0,1441687,2910.00
0,1441688,2930.00
0,1441690,2890.00
0,1441692,2920.00
0,1441693,2920.00
0,1441695,2910.00
0,1441696,2920.00
0,1441698,2920.00
0,1441700,2920.00
0,1441701,2920.00
0,1441703,2930.00
0,1441704,2930.00
0,1441707,2890.00
0,1441708,2910.00
0,1441710,2880.00
0,1441712,2880.00
0,1441713,2910.00
0,1441715,2920.00
0,1441716,2920.00
0,1441718,2920.00
0,1441719,2930.00
0,1441721,2930.00
0,1441723,2930.00
0,1441724,2930.00
0,1441726,2880.00
0,1441727,2890.00
0,1441729,2890.00
0,1441730,2880.00
0,1441732,2920.00
0,1441734,2920.00
0,1441735,2920.00
0,1441737,2930.00
0,1441738,2930.00
0,1441740,2930.00
0,1441742,2930.00
0,1441743,2930.00
0,1441745,2910.00
0,1441746,2910.00
0,1441748,2910.00
0,1441750,2880.00
0,1441752,2880.00
0,1441754,2880.00
0,1441755,2910.00
0,1441757,2930.00
0,1441758,2930.00
0,1441760,2930.00
0,1441761,2930.00
0,1441763,2930.00
0,1441765,2890.00
0,1441766,2890.00
0,1441768,2890.00
0,1441769,2890.00
0,1441771,2880.00
0,1441772,2880.00
0,1441774,2910.00
0,1441776,2910.00
0,1441777,2910.00
0,1441779,2890.00
0,1441780,2920.00
0,1441782,2930.00
0,1441784,2930.00
0,1441785,2930.00
0,1441787,2910.00
0,1441788,2930.00
0,1441790,2930.00
0,1441792,2940.00
0,1441794,2910.00
0,1441796,2920.00
0,1441797,2920.00
0,1441799,2930.00
0,1441800,2910.00
0,1441802,2910.00
0,1441803,3210.00
0,1441805,3200.00
0,1441807,3150.00
0,1441808,3150.00
0,1441810,3160.00
0,1441811,3070.00
0,1441813,3120.00
0,1441814,3120.00
0,1441816,3150.00
0,1441818,3160.00
0,1441819,3160.00
0,1441821,3140.00
0,1441822,3170.00
0,1441824,3160.00
0,1441826,3160.00
0,1441827,3160.00
0,1441829,3210.00
0,1441830,3120.00
0,1441832,3120.00
0,1441833,3160.00
0,1441836,3200.00
0,1441838,3080.00
0,1441839,3080.00
0,1441841,3160.00
0,1441842,3160.00
0,1441844,3160.00
0,1441845,3110.00
0,1441847,3070.00
0,1441849,3190.00
0,1441850,3190.00
0,1441852,3160.00
0,1441853,3150.00
0,1441855,3170.00
0,1441856,3170.00
0,1441858,3250.00
0,1441860,3110.00
0,1441861,3230.00
0,1441863,3230.00
0,1441864,3100.00
0,1441866,3060.00
0,1441868,3060.00
0,1441869,3000.00
0,1441871,2910.00
0,1441872,2880.00
0,1441874,2880.00
0,1441875,3030.00
0,1441878,2920.00
0,1441880,3030.00
0,1441881,3030.00
0,1441883,3020.00
0,1441884,2920.00
0,1441886,2910.00
0,1441887,2910.00
0,1441889,3030.00
0,1441891,2890.00
0,1441892,2890.00
0,1441894,2910.00
0,1441895,3160.00
0,1441897,2920.00
0,1441898,2920.00
0,1441900,2930.00
0,1441902,2890.00
0,1441903,2930.00
0,1441905,2930.00
0,1441906,2920.00
0,1441908,2910.00
0,1441910,2910.00
0,1441911,2920.00
0,1441913,2920.00
0,1441914,2920.00
0,1441916,2920.00
0,1441917,2930.00
0,1441920,2920.00
0,1441922,2920.00
0,1441923,2920.00
0,1441925,2880.00
0,1441926,2910.00
0,1441928,3000.00
0,1441929,3000.00
0,1441931,2890.00
0,1441933,2880.00
0,1441934,2880.00
0,1441936,2890.00
0,1441937,2940.00
0,1441939,2920.00
0,1441941,2920.00
0,1441942,2920.00
0,1441944,2890.00
0,1441945,2890.00
0,1441947,2890.00
0,1441948,2890.00
0,1441950,2890.00
0,1441952,2890.00
0,1441953,2890.00
0,1441955,2910.00
0,1441956,2910.00
0,1441958,2910.00
0,1441959,2930.00
0,1441961,2930.00
0,1441964,2910.00
0,1441965,2910.00
0,1441967,2910.00
0,1441968,2890.00
0,1441970,2920.00
0,1441971,2920.00
0,1441973,2910.00
0,1441975,2920.00
0,1441976,2930.00
0,1441978,2930.00
0,1441979,2930.00
0,1441981,2960.00
0,1441983,2960.00
0,1441984,2910.00
0,1441986,2910.00
0,1441987,2880.00
0,1441989,2880.00
0,1441990,2890.00
0,1441992,2890.00
0,1441994,2920.00
0,1441995,2920.00
0,1441997,2930.00
0,1441998,2930.00
0,1442000,2930.00
0,1442001,2930.00
0,1442003,2920.00
0,1442006,2910.00
0,1442007,2910.00
0,1442009,2880.00
0,1442010,2890.00
0,1442012,2930.00
0,1442013,2930.00
0,1442015,2920.00
0,1442017,2920.00
0,1442018,2930.00
0,1442020,2930.00
0,1442021,2930.00
0,1442023,2910.00
0,1442025,2910.00
0,1442026,2920.00
0,1442028,2910.00
0,1442029,2890.00
0,1442031,2890.00
0,1442032,2920.00
0,1442034,2910.00
0,1442036,2920.00
0,1442037,2920.00
0,1442039,2910.00
0,1442040,2930.00
0,1442042,2930.00
0,1442043,2930.00
0,1442045,2920.00
0,1442048,2910.00
0,1442049,2910.00
0,1442051,2890.00
0,1442052,2890.00
0,1442054,2930.00
0,1442055,2930.00
0,1442057,2930.00
0,1442059,2930.00
0,1442060,2940.00
0,1442062,2940.00
0,1442063,2930.00
0,1442065,2920.00
0,1442067,2910.00
0,1442068,2910.00
0,1442070,2890.00
0,1442071,2890.00
0,1442073,2890.00
0,1442074,2920.00
0,1442076,2920.00
0,1442078,2920.00
0,1442079,2920.00
0,1442081,2910.00
0,1442082,2920.00
0,1442084,2930.00
0,1442085,2930.00
0,1442087,2880.00
0,1442089,2890.00
0,1442091,2880.00
0,1442093,2880.00
0,1442094,2910.00
0,1442096,2910.00
0,1442097,2910.00
0,1442099,2930.00
0,1442101,2930.00
0,1442102,2920.00
0,1442104,2920.00
0,1442105,2910.00
0,1442107,2910.00
0,1442109,2910.00
0,1442110,2910.00
0,1442112,2890.00
0,1442113,2890.00
0,1442115,2910.00
0,1442116,2910.00
0,1442118,2910.00
0,1442120,2920.00
0,1442121,2920.00
0,1442123,2910.00
0,1442124,2880.00
0,1442126,2910.00
0,1442127,2910.00
0,1442129,2910.00
0,1442131,2910.00
0,1442132,2920.00
0,1442135,2920.00
0,1442136,2920.00
0,1442138,2910.00
0,1442139,2910.00
0,1442141,2910.00
0,1442143,2930.00
0,1442144,2930.00
0,1442146,2930.00
0,1442147,2910.00
0,1442149,2910.00
0,1442151,2890.00
0,1442152,2890.00
0,1442154,2890.00
0,1442155,2910.00
0,1442157,2940.00
0,1442158,2940.00
0,1442160,2930.00
0,1442162,2930.00
0,1442163,2930.00
0,1442165,2910.00
0,1442166,2920.00
0,1442168,3120.00
0,1442169,3120.00
0,1442171,3080.00
0,1442173,2920.00
0,1442174,3010.00
0,1442177,3010.00
0,1442178,2920.00
0,1442180,2890.00
0,1442181,3020.00
0,1442183,3020.00
0,1442185,2880.00
0,1442186,2920.00
0,1442188,2920.00
0,1442189,2880.00
0,1442191,2890.00
0,1442193,2870.00
0,1442194,2870.00
0,1442196,2920.00
0,1442197,2920.00
0,1442199,2910.00
0,1442200,2910.00
0,1442202,2920.00
0,1442204,2910.00
0,1442205,2910.00
0,1442207,2910.00
0,1442208,2910.00
0,1442210,2890.00
0,1442211,2890.00
0,1442213,2920.00
0,1442215,2910.00
0,1442216,2910.00
0,1442219,2910.00
0,1442220,2930.00
0,1442222,2930.00
0,1442224,2930.00
0,1442225,2930.00
0,1442227,2910.00
0,1442228,2930.00
0,1442230,2930.00
0,1442231,2890.00
0,1442233,2930.00
0,1442235,2890.00
0,1442236,2890.00
0,1442238,2920.00
0,1442239,2920.00
0,1442241,2930.00
0,1442242,2930.00
0,1442244,2930.00
0,1442246,2890.00
0,1442247,2910.00
0,1442249,2910.00
0,1442250,2920.00
0,1442252,2890.00
0,1442253,2890.00
0,1442255,2910.00
0,1442257,2920.00
0,1442258,2910.00
0,1442260,2910.00
0,1442262,2920.00
0,1442264,2920.00
0,1442266,2890.00
0,1442267,2890.00
0,1442269,2920.00
0,1442270,2910.00
0,1442272,2890.00
0,1442273,2890.00
0,1442275,2910.00
0,1442277,2890.00
0,1442278,2890.00
0,1442280,2910.00
0,1442281,2910.00
0,1442283,2920.00
0,1442284,2920.00
0,1442286,2910.00
0,1442288,2920.00
0,1442289,2930.00
0,1442291,2930.00
0,1442292,2890.00
0,1442294,2910.00
0,1442295,2870.00
0,1442297,2870.00
0,1442299,2880.00
0,1442300,2920.00
0,1442302,2920.00
0,1442304,2920.00
0,1442306,2920.00
0,1442308,2920.00
0,1442309,2920.00
0,1442311,2920.00
0,1442312,2890.00
0,1442314,2890.00
0,1442315,2890.00
0,1442317,2890.00
0,1442319,2910.00
0,1442320,2920.00
0,1442322,2920.00
0,1442323,2920.00
0,1442325,2920.00
0,1442326,2920.00
0,1442328,2920.00
0,1442330,2930.00
0,1442331,2910.00
0,1442333,2910.00
0,1442334,2930.00
0,1442336,2890.00
0,1442337,2890.00
0,1442339,2890.00
0,1442341,2920.00
0,1442342,2920.00
0,1442344,2920.00
0,1442345,2910.00
0,1442348,2920.00
0,1442350,2910.00
0,1442351,2910.00
0,1442353,2920.00
0,1442354,2890.00
0,1442356,2890.00
0,1442357,2890.00
0,1442359,2880.00
0,1442361,2910.00
0,1442362,2910.00
0,1442364,2910.00
0,1442365,2930.00
0,1442367,2930.00
0,1442368,2930.00
0,1442370,2930.00
0,1442372,2910.00
0,1442373,2910.00
0,1442375,2910.00
0,1442376,2880.00
0,1442378,2880.00
0,1442379,3020.00
0,1442381,3020.00
0,1442383,2890.00
0,1442384,2920.00
0,1442386,2910.00
0,1442387,2910.00
0,1442390,2920.00
0,1442392,2920.00
0,1442393,2920.00
0,1442395,2910.00
0,1442396,2980.00
0,1442398,2890.00
0,1442399,2890.00
0,1442401,2930.00
0,1442403,2920.00
0,1442404,2920.00
0,1442406,2920.00
0,1442407,2910.00
0,1442409,2930.00
0,1442410,2910.00
0,1442412,2910.00
0,1442414,2910.00
0,1442415,2920.00
0,1442417,2920.00
0,1442418,2890.00
0,1442420,2920.00
0,1442421,2920.00
0,1442423,2920.00
0,1442425,2930.00
0,1442426,2920.00
0,1442428,2910.00
0,1442429,2910.00
0,1442432,2880.00
0,1442434,2910.00
0,1442435,2890.00
0,1442437,2890.00
0,1442438,2910.00
0,1442440,2910.00
0,1442441,2910.00
0,1442443,2910.00
0,1442445,2920.00
0,1442446,2920.00
0,1442448,2920.00
0,1442449,2910.00
0,1442451,2910.00
0,1442452,2910.00
0,1442454,2910.00
0,1442456,2920.00
0,1442457,2920.00
0,1442459,2920.00
0,1442460,2910.00
0,1442462,2920.00
0,1442463,2910.00
0,1442465,2910.00
0,1442467,2920.00
0,1442468,2910.00
0,1442470,2920.00
0,1442471,2920.00
0,1442473,2910.00
0,1442476,2880.00
0,1442477,2890.00
0,1442479,2890.00
0,1442480,2890.00
0,1442482,2920.00
0,1442483,2920.00
0,1442485,2910.00
0,1442487,2920.00
0,1442488,2920.00
0,1442490,2920.00
0,1442491,2910.00
0,1442493,2910.00
0,1442494,2880.00
0,1442496,2880.00
0,1442498,2890.00
0,1442499,2880.00
0,1442501,2910.00
0,1442502,2910.00
0,1442504,2910.00
0,1442506,2920.00
0,1442507,2920.00
0,1442509,2920.00
0,1442510,2930.00
0,1442512,2890.00
0,1442513,2890.00
0,1442515,2890.00
0,1442518,2890.00
0,1442519,2910.00
0,1442521,2910.00
0,1442522,2910.00
0,1442524,2930.00
0,1442525,2920.00
0,1442527,2920.00
0,1442529,2920.00
0,1442530,2910.00
0,1442532,2910.00
0,1442533,2910.00
0,1442535,2890.00
0,1442536,2920.00
0,1442538,2920.00
0,1442540,2890.00
0,1442541,2920.00
0,1442543,2920.00
0,1442544,2920.00
0,1442546,2920.00
0,1442548,2910.00
0,1442549,2910.00
0,1442551,2890.00
0,1442552,2910.00
0,1442554,2880.00
0,1442555,2880.00
0,1442557,2910.00
0,1442560,2890.00
0,1442561,2910.00
0,1442563,2910.00
0,1442564,2910.00
0,1442566,2920.00
0,1442567,2910.00
0,1442569,2910.00
0,1442571,2890.00
0,1442572,2930.00
0,1442574,2930.00
0,1442575,2920.00
0,1442577,2930.00
0,1442578,3080.00
0,1442580,3080.00
0,1442582,3440.00
0,1442583,3140.00
0,1442585,3140.00
0,1442586,3140.00
0,1442588,3120.00
0,1442590,3160.00
0,1442591,3170.00
0,1442593,3170.00
0,1442594,2980.00
0,1442596,3150.00
0,1442597,3150.00
0,1442599,3140.00
0,1442601,3150.00
0,1442603,3160.00
0,1442605,3160.00
0,1442606,3170.00
0,1442608,3150.00
0,1442609,3140.00
0,1442611,3140.00
0,1442613,3190.00
0,1442614,3160.00
0,1442616,3190.00
0,1442617,3190.00
0,1442619,3150.00
0,1442620,3150.00
0,1442622,3150.00
0,1442624,3170.00
0,1442625,3160.00
0,1442627,3140.00
0,1442628,3140.00
0,1442630,3140.00
0,1442632,3200.00
0,1442633,3170.00
0,1442635,3170.00
0,1442636,3150.00
0,1442638,3210.00
0,1442639,3120.00
0,1442641,3120.00
0,1442643,3170.00
0,1442644,3160.00
0,1442647,3160.00
0,1442648,3140.00
0,1442650,3150.00
0,1442651,3150.00
0,1442653,3150.00
0,1442655,3140.00
0,1442656,3170.00
0,1442658,3160.00
0,1442659,3160.00
0,1442661,3160.00
0,1442662,3150.00
0,1442664,3150.00
0,1442666,3140.00
0,1442667,3160.00
0,1442669,3150.00
0,1442670,3150.00
0,1442672,3200.00
0,1442674,3120.00
0,1442675,3170.00
0,1442677,3170.00
0,1442678,3140.00
0,1442680,3120.00
0,1442681,3150.00
0,1442683,3150.00
0,1442685,3160.00
0,1442686,3170.00
0,1442689,3170.00
0,1442690,3150.00
0,1442692,3170.00
0,1442693,3120.00
0,1442695,3120.00
0,1442697,3170.00
0,1442698,3160.00
0,1442700,3150.00
0,1442701,3150.00
0,1442703,3170.00
0,1442704,3140.00
0,1442706,3190.00
0,1442708,3190.00
0,1442709,3150.00
0,1442711,3140.00
0,1442712,3140.00
0,1442714,3170.00
0,1442716,3170.00
0,1442717,3190.00
0,1442719,3190.00
0,1442720,3140.00
0,1442722,3150.00
0,1442723,3140.00
0,1442725,3140.00
0,1442727,3160.00
0,1442728,3140.00
0,1442731,3150.00
0,1442732,3150.00
0,1442734,3150.00
0,1442735,3160.00
0,1442737,3160.00
0,1442739,3160.00
0,1442740,3150.00
0,1442742,3140.00
0,1442743,3140.00
0,1442745,3160.00
0,1442746,3140.00
0,1442748,3160.00
0,1442750,3160.00
0,1442751,3150.00
0,1442753,3150.00
0,1442754,3150.00
0,1442756,3190.00
0,1442758,3120.00
0,1442759,3170.00
0,1442761,3170.00
0,1442762,3140.00
0,1442764,3150.00
0,1442765,3170.00
0,1442767,3170.00
0,1442769,3160.00
0,1442770,3160.00
0,1442772,3160.00
0,1442774,3160.00
0,1442776,3160.00
0,1442777,3150.00
0,1442779,3150.00
0,1442781,3170.00
0,1442782,3160.00
0,1442784,3160.00
0,1442785,3160.00
0,1442787,3150.00
0,1442788,3150.00
0,1442790,3160.00
0,1442792,3160.00
0,1442793,3150.00
0,1442795,3150.00
0,1442796,3150.00
0,1442798,3150.00
0,1442800,3140.00
0,1442801,3160.00
0,1442803,3160.00
0,1442804,3160.00
0,1442806,3140.00
0,1442807,3150.00
0,1442809,3150.00
0,1442811,3160.00
0,1442812,3150.00
0,1442814,3150.00
0,1442816,3150.00
0,1442818,3150.00
0,1442819,3120.00
0,1442821,3160.00
0,1442823,3160.00
0,1442824,3150.00
0,1442826,3150.00
0,1442827,3150.00
0,1442829,3150.00
0,1442831,3170.00
0,1442832,3160.00
0,1442834,3160.00
0,1442835,3150.00
0,1442837,3160.00
0,1442838,3140.00
0,1442840,3140.00
0,1442842,3170.00
0,1442843,3150.00
0,1442845,3150.00
0,1442846,3150.00
0,1442848,3150.00
0,1442849,3150.00
0,1442851,3150.00
0,1442853,3170.00
0,1442854,3140.00
0,1442856,3150.00
0,1442857,3150.00
0,1442860,3140.00
0,1442861,3150.00
0,1442863,3160.00
0,1442865,3160.00
0,1442866,3190.00
0,1442868,3370.00
0,1442869,3370.00
0,1442871,3330.00
0,1442873,3380.00
0,1442874,3390.00
0,1442876,3390.00
0,1442877,3320.00
0,1442879,3320.00
0,1442880,3390.00
0,1442882,3390.00
0,1442884,3390.00
0,1442885,3370.00
0,1442887,3380.00
0,1442888,3380.00
0,1442890,3430.00
0,1442891,3390.00
0,1442893,3390.00
0,1442895,3460.00
0,1442896,3340.00
0,1442898,3390.00
0,1442899,3390.00
0,1442902,3150.00
0,1442903,3160.00
0,1442905,3190.00
0,1442907,3190.00
0,1442908,3150.00
0,1442910,3160.00
0,1442911,3170.00
0,1442913,3170.00
0,1442915,3160.00
0,1442916,3170.00
0,1442918,3170.00
0,1442919,3170.00
0,1442921,3160.00
0,1442922,3150.00
0,1442924,3150.00
0,1442926,3160.00
0,1442927,3120.00
0,1442929,3170.00
0,1442930,3170.00
0,1442932,3170.00
0,1442933,3140.00
0,1442935,3170.00
0,1442937,3170.00
0,1442938,3170.00
0,1442940,3150.00
0,1442941,3150.00
0,1442944,3140.00
0,1442945,3160.00
0,1442947,3190.00
0,1442949,3190.00
0,1442950,3160.00
0,1442952,3150.00
0,1442953,3150.00
0,1442955,3150.00
0,1442957,3170.00
0,1442958,3170.00
0,1442960,3160.00
0,1442961,3160.00
0,1442963,3150.00
0,1442964,3140.00
0,1442966,3140.00
0,1442968,3160.00
0,1442969,3140.00
0,1442971,3150.00
0,1442972,3150.00
0,1442974,3140.00
0,1442975,3170.00
0,1442977,3160.00
0,1442979,3160.00
0,1442980,3150.00
0,1442982,3170.00
0,1442983,3170.00
0,1442985,3150.00
0,1442987,3170.00
0,1442989,3160.00
0,1442991,3160.00
0,1442992,3160.00
0,1442994,3150.00
0,1442995,3140.00
0,1442997,3140.00
0,1442999,3160.00
0,1443000,3190.00
0,1443002,3150.00
0,1443003,3150.00
0,1443005,3140.00
0,1443006,3150.00
0,1443008,3150.00
0,1443010,3160.00
0,1443011,3170.00
0,1443013,3150.00
0,1443014,3150.00
0,1443016,3150.00
0,1443017,3140.00
0,1443019,3170.00
0,1443021,3170.00
0,1443022,3160.00
0,1443024,3190.00
0,1443025,3170.00
0,1443027,3170.00
0,1443030,3160.00
0,1443031,3170.00
0,1443033,3170.00
0,1443034,3170.00
0,1443036,3150.00
0,1443037,3140.00
0,1443039,3140.00
0,1443041,3140.00
0,1443042,3230.00
0,1443044,3150.00
0,1443045,3150.00
0,1443047,3150.00
0,1443048,3150.00
0,1443050,3140.00
0,1443052,3140.00
0,1443053,3190.00
0,1443055,3140.00
0,1443056,3140.00
0,1443058,3160.00
0,1443059,3140.00
0,1443061,3170.00
0,1443063,3170.00
0,1443064,3170.00
0,1443066,3120.00
0,1443067,3150.00
0,1443069,3150.00
0,1443072,3140.00
0,1443073,3170.00
0,1443075,3170.00
0,1443076,3150.00
0,1443078,3170.00
0,1443079,3200.00
0,1443081,3200.00
0,1443083,3140.00
0,1443084,3160.00
0,1443086,3160.00
0,1443087,3160.00
0,1443089,3140.00
0,1443090,3150.00
0,1443092,3170.00
0,1443094,3170.00
0,1443095,3150.00
0,1443097,3150.00
0,1443098,3150.00
0,1443100,3150.00
0,1443101,3160.00
0,1443103,3150.00
0,1443105,3150.00
0,1443106,3200.00
0,1443108,3190.00
0,1443109,3150.00
0,1443111,3150.00
0,1443113,3140.00
0,1443115,3190.00
0,1443117,3140.00
0,1443118,3140.00
0,1443120,3140.00
0,1443121,3150.00
0,1443123,3150.00
0,1443125,3140.00
0,1443126,3140.00
0,1443128,3170.00
0,1443129,3170.00
0,1443131,3150.00
0,1443132,3150.00
0,1443134,3120.00
0,1443136,3120.00
0,1443137,3160.00
0,1443139,3160.00
0,1443140,3160.00
0,1443142,3160.00
0,1443143,3150.00
0,1443145,3120.00
0,1443147,3120.00
0,1443148,3150.00
0,1443150,3160.00
0,1443151,3150.00
0,1443153,3150.00
0,1443155,3140.00
0,1443156,3150.00
0,1443159,3140.00
0,1443160,3140.00
0,1443162,3170.00
0,1443163,3160.00
0,1443165,3150.00
0,1443167,3150.00
0,1443168,3190.00
0,1443170,3140.00
0,1443171,3140.00
0,1443173,3160.00
0,1443174,3170.00
0,1443176,3120.00
0,1443178,3120.00
0,1443179,3170.00
0,1443181,3150.00
0,1443182,3160.00
0,1443184,3160.00
0,1443185,3150.00
0,1443187,3150.00
0,1443189,3150.00
0,1443190,3140.00
0,1443192,3160.00
0,1443193,3160.00
0,1443195,3160.00
0,1443197,3170.00
0,1443198,3120.00
0,1443201,3160.00
0,1443202,3160.00
0,1443204,3150.00
0,1443205,3160.00
0,1443207,3140.00
0,1443209,3140.00
0,1443210,3150.00
0,1443212,3170.00
0,1443213,3170.00
0,1443215,3170.00
0,1443216,3140.00
0,1443218,3170.00
0,1443220,3170.00
0,1443221,3140.00
0,1443223,3160.00
0,1443224,3160.00
0,1443226,3160.00
0,1443227,3140.00
0,1443229,3150.00
0,1443231,3120.00
0,1443232,3120.00
0,1443234,3160.00
0,1443235,3160.00
0,1443237,3160.00
0,1443239,3160.00
0,1443240,3160.00
0,1443243,3150.00
0,1443244,3150.00
0,1443246,3160.00
0,1443247,3160.00
0,1443249,3140.00
0,1443251,3140.00
0,1443252,3150.00
0,1443254,3190.00
0,1443255,3170.00
0,1443257,3170.00
0,1443258,3170.00
0,1443260,3160.00
0,1443262,3160.00
0,1443263,3150.00
0,1443265,3190.00
0,1443266,3170.00
0,1443268,3170.00
0,1443269,3150.00
0,1443271,3150.00
0,1443273,3140.00
0,1443274,3140.00
0,1443276,3200.00
0,1443277,3160.00
0,1443279,3150.00
0,1443281,3150.00
0,1443282,3140.00
0,1443284,3120.00
0,1443286,3120.00
0,1443288,3170.00
0,1443289,3170.00
0,1443291,3170.00
0,1443293,3170.00
0,1443294,3160.00
0,1443296,3190.00
0,1443297,3140.00
0,1443299,3140.00
0,1443300,3150.00
0,1443302,3160.00
0,1443304,3160.00
0,1443305,3170.00
0,1443307,3140.00
0,1443308,3170.00
0,1443310,3170.00
0,1443312,3140.00
0,1443313,3120.00
0,1443315,3160.00
0,1443316,3160.00
0,1443318,3120.00
0,1443319,3160.00
0,1443321,3170.00
0,1443323,3170.00
0,1443324,3160.00
0,1443326,3140.00
0,1443328,3140.00
0,1443330,3120.00
0,1443331,3160.00
0,1443333,3140.00
0,1443335,3140.00
0,1443336,3170.00
0,1443338,3120.00
0,1443339,3140.00
0,1443341,3140.00
0,1443342,3170.00
0,1443344,3150.00
0,1443346,3150.00
0,1443347,3150.00
0,1443349,3120.00
0,1443350,3120.00
0,1443352,3120.00
0,1443354,3150.00
0,1443355,3160.00
0,1443357,3160.00
0,1443358,3160.00
0,1443360,3140.00
0,1443361,3160.00
0,1443363,3170.00
0,1443365,3170.00
0,1443366,3140.00
0,1443368,3140.00
0,1443369,3160.00
0,1443372,3160.00
0,1443373,3160.00
0,1443375,3140.00
0,1443377,3140.00
0,1443378,3200.00
0,1443380,3150.00
0,1443381,3140.00
0,1443383,3140.00
0,1443384,3120.00
0,1443386,3120.00
0,1443388,3170.00
0,1443389,3170.00
0,1443391,3140.00
0,1443392,3160.00
0,1443394,3160.00
0,1443396,3120.00
0,1443397,3160.00
0,1443399,3200.00
0,1443400,3200.00
0,1443402,3190.00
0,1443403,3150.00
0,1443405,3150.00
0,1443407,3150.00
0,1443408,3160.00
0,1443410,3170.00
0,1443411,3140.00
0,1443414,3140.00
0,1443415,3170.00
0,1443417,3140.00
0,1443419,3140.00
0,1443420,3140.00
0,1443422,3140.00
0,1443423,3170.00
0,1443425,3170.00
0,1443426,3120.00
0,1443428,3170.00
0,1443430,3170.00
0,1443431,3170.00
0,1443433,3150.00
0,1443434,3140.00
0,1443436,3140.00
0,1443438,3140.00
0,1443439,3120.00
0,1443441,3140.00
0,1443442,3140.00
0,1443444,3150.00
0,1443445,3230.00
0,1443447,3120.00
0,1443449,3120.00
0,1443450,3170.00
0,1443452,3200.00
0,1443453,3150.00
0,1443456,3150.00
0,1443457,3140.00
0,1443459,3120.00
0,1443461,3150.00
0,1443462,3150.00
0,1443464,3140.00
0,1443465,3160.00
0,1443467,3160.00
0,1443468,3140.00
0,1443470,3110.00
0,1443472,3120.00
0,1443473,3120.00
0,1443475,3120.00
0,1443476,3160.00
0,1443478,3150.00
0,1443480,3150.00
0,1443481,3240.00
0,1443483,3190.00
0,1443484,3190.00
0,1443486,3190.00
0,1443487,3150.00
0,1443489,3150.00
0,1443491,3150.00
0,1443492,3140.00
0,1443494,3120.00
0,1443495,3160.00
0,1443497,3160.00
0,1443499,3140.00
0,1443501,3150.00
0,1443503,3110.00
0,1443504,3110.00
0,1443506,3160.00
0,1443507,3150.00
0,1443509,3150.00
0,1443510,3120.00
0,1443512,3230.00
0,1443514,3140.00
0,1443515,3140.00
0,1443517,3140.00
0,1443518,3150.00
0,1443520,3160.00
0,1443522,3160.00
0,1443523,3150.00
0,1443525,3150.00
0,1443526,3170.00
0,1443528,3170.00
0,1443529,3150.00
0,1443531,3190.00
0,1443533,3190.00
0,1443534,3120.00
0,1443536,3150.00
0,1443537,3140.00
0,1443539,3140.00
0,1443540,3150.00
0,1443543,3160.00
0,1443545,3140.00
0,1443546,3140.00
0,1443548,3120.00
0,1443549,3170.00
0,1443551,3150.00
0,1443552,3150.00
0,1443554,3120.00
0,1443556,3140.00
0,1443557,3140.00
0,1443559,3150.00
0,1443560,3170.00
0,1443562,3150.00
0,1443564,3150.00
0,1443565,3150.00
0,1443567,3160.00
0,1443568,3190.00
0,1443570,3190.00
0,1443571,3170.00
0,1443573,3320.00
0,1443575,3150.00
0,1443576,3150.00
0,1443578,3150.00
0,1443579,3170.00
0,1443581,3170.00
0,1443582,3250.00
0,1443585,3190.00
0,1443587,3150.00
0,1443588,3150.00
0,1443590,3160.00
0,1443591,3200.00
0,1443593,3150.00
0,1443595,3150.00
0,1443596,3100.00
0,1443598,3150.00
0,1443599,3150.00
0,1443601,3190.00
0,1443602,3190.00
0,1443604,3120.00
0,1443606,3120.00
0,1443607,3140.00
0,1443609,3240.00
0,1443610,3150.00
0,1443612,3150.00
0,1443613,3250.00
0,1443615,3150.00
0,1443617,3280.00
0,1443618,3280.00
0,1443620,3150.00
0,1443621,3190.00
0,1443623,3190.00
0,1443624,3150.00
0,1443627,3140.00
0,1443629,3150.00
0,1443630,3150.00
0,1443632,3170.00
0,1443633,3190.00
0,1443635,3240.00
0,1443637,3240.00
0,1443638,3160.00
0,1443640,3140.00
0,1443641,3290.00
0,1443643,3290.00
0,1443644,3170.00
0,1443646,3240.00
0,1443648,3240.00
0,1443649,3120.00
0,1443651,3140.00
0,1443652,3170.00
0,1443654,3170.00
0,1443655,3160.00
0,1443657,3140.00
0,1443659,3140.00
0,1443660,3140.00
0,1443662,3120.00
0,1443663,3160.00
0,1443665,3170.00
0,1443666,3170.00
0,1443668,3150.00
0,1443671,3160.00
0,1443672,3160.00
0,1443674,3170.00
0,1443675,3160.00
0,1443677,3200.00
0,1443679,3200.00
0,1443680,3140.00
0,1443682,3140.00
0,1443683,3170.00
0,1443685,3170.00
0,1443686,3190.00
0,1443688,3170.00
0,1443690,3280.00
0,1443691,3280.00
0,1443693,3150.00
0,1443694,3150.00
0,1443696,3150.00
0,1443697,3170.00
0,1443699,3160.00
0,1443701,3170.00
0,1443702,3170.00
0,1443704,3140.00
0,1443705,3140.00
0,1443707,3160.00
0,1443708,3160.00
0,1443710,3200.00
0,1443713,3150.00
0,1443714,3150.00
0,1443716,3200.00
0,1443717,3150.00
0,1443719,3160.00
0,1443721,3160.00
0,1443722,3160.00
0,1443724,3120.00
0,1443725,3170.00
0,1443727,3170.00
0,1443728,3240.00
0,1443730,3210.00
0,1443732,3200.00
0,1443733,3200.00
0,1443735,3170.00
0,1443736,3210.00
0,1443738,3210.00
0,1443739,3160.00
0,1443741,3160.00
0,1443743,3160.00
0,1443744,3160.00
0,1443746,3170.00
0,1443747,3240.00
0,1443749,3170.00
0,1443750,3170.00
0,1443752,3160.00
0,1443755,3150.00
0,1443756,3120.00
0,1443758,3120.00
0,1443759,3140.00
0,1443761,3120.00
0,1443763,3120.00
0,1443764,3150.00
0,1443766,3140.00
0,1443767,3150.00
0,1443769,3150.00
0,1443770,3140.00
0,1443772,3140.00
0,1443774,3140.00
0,1443775,3140.00
0,1443777,3120.00
0,1443778,3170.00
0,1443780,3190.00
0,1443781,3190.00
0,1443783,3150.00
0,1443785,3140.00
0,1443786,3140.00
0,1443788,3120.00
0,1443789,3140.00
0,1443791,3160.00
0,1443792,3160.00
0,1443794,3150.00
0,1443796,3140.00
0,1443798,3120.00
0,1443800,3120.00
0,1443801,3140.00
0,1443803,3150.00
0,1443805,3150.00
0,1443806,3150.00
0,1443808,3150.00
0,1443809,3140.00
0,1443811,3140.00
0,1443812,3120.00
0,1443814,3150.00
0,1443816,3120.00
0,1443817,3120.00
0,1443819,3140.00
0,1443820,3140.00
0,1443822,3160.00
0,1443823,3160.00
0,1443825,3140.00
0,1443827,3160.00
0,1443828,3160.00
0,1443830,3140.00
0,1443831,3120.00
0,1443833,3160.00
0,1443834,3160.00
0,1443836,3150.00
0,1443838,3150.00
0,1443840,3150.00
0,1443842,3150.00
0,1443843,3160.00
0,1443845,3140.00
0,1443847,3140.00
0,1443848,3140.00
0,1443850,3140.00
0,1443851,3150.00
0,1443853,3150.00
0,1443854,3140.00
0,1443856,3140.00
0,1443858,3160.00
0,1443859,3160.00
0,1443861,3150.00
0,1443862,3170.00
0,1443864,3120.00
0,1443865,3120.00
0,1443867,3140.00
0,1443869,3140.00
0,1443870,3160.00
0,1443872,3160.00
0,1443873,3160.00
0,1443875,3120.00
0,1443877,3120.00
0,1443878,3170.00
0,1443880,3240.00
0,1443881,3300.00
0,1443884,3300.00
0,1443885,3110.00
0,1443887,3230.00
0,1443889,3160.00
0,1443890,3160.00
0,1443892,3120.00
0,1443893,3150.00
0,1443895,3150.00
0,1443896,3150.00
0,1443898,3110.00
0,1443900,3390.00
0,1443901,3390.00
0,1443903,3420.00
0,1443904,3340.00
0,1443906,3320.00
0,1443907,3320.00
0,1443909,3320.00
0,1443911,3370.00
0,1443912,3280.00
0,1443914,3280.00
0,1443915,3420.00
0,1443917,3330.00
0,1443919,3330.00
0,1443920,3330.00
0,1443922,3380.00
0,1443923,3390.00
0,1443926,3390.00
0,1443927,3480.00
0,1443929,3430.00
0,1443931,3330.00
0,1443932,3330.00
0,1443934,3240.00
0,1443935,3240.00
0,1443937,3070.00
0,1443938,3070.00
0,1443940,3200.00
0,1443942,3300.00
0,1443943,3300.00
0,1443945,3250.00
0,1443946,3320.00
0,1443948,3280.00
0,1443949,3280.00
0,1443951,3190.00
0,1443953,3280.00
0,1443954,3080.00
0,1443956,3080.00
0,1443957,2910.00
0,1443959,2910.00
0,1443961,3050.00
0,1443962,3050.00
0,1443964,2940.00
0,1443965,2910.00
0,1443968,2910.00
0,1443969,2960.00
0,1443971,2890.00
0,1443973,3060.00
0,1443974,3060.00
0,1443976,2970.00
0,1443977,2910.00
0,1443979,2980.00
0,1443980,2980.00
0,1443982,2970.00
0,1443984,2920.00
0,1443985,2960.00
0,1443987,2960.00
0,1443988,2880.00
0,1443990,2910.00
0,1443991,2910.00
0,1443993,2910.00
0,1443995,2910.00
0,1443996,2910.00
0,1443998,2910.00
0,1443999,2910.00
0,1444001,2930.00
0,1444003,2920.00
0,1444004,2920.00
0,1444006,2890.00
0,1444007,2890.00
0,1444009,2880.00
0,1444011,2880.00
0,1444013,3000.00
0,1444015,2910.00
0,1444016,2910.00
0,1444018,2920.00
0,1444019,2910.00
0,1444021,2920.00
0,1444022,2920.00
0,1444024,2920.00
0,1444026,2890.00
0,1444027,2880.00
0,1444029,2880.00
0,1444030,2890.00
0,1444032,2890.00
0,1444033,2890.00
0,1444035,2910.00
0,1444037,2910.00
0,1444038,2920.00
0,1444040,2920.00
0,1444041,2910.00
0,1444043,2920.00
0,1444045,2910.00
0,1444046,2910.00
0,1444048,2930.00
0,1444049,2910.00
0,1444051,2910.00
0,1444052,2910.00
0,1444055,2890.00
0,1444057,2880.00
0,1444058,2880.00
0,1444060,2870.00
0,1444061,2910.00
0,1444063,2910.00
0,1444064,2910.00
0,1444066,2910.00
0,1444068,2920.00
0,1444069,2910.00
0,1444071,2910.00
0,1444072,2890.00
0,1444074,2880.00
0,1444075,2890.00
0,1444077,2890.00
0,1444079,2880.00
0,1444080,2910.00
0,1444082,2910.00
0,1444083,2910.00
0,1444085,2910.00
0,1444087,2910.00
0,1444088,2910.00
0,1444090,2930.00
0,1444091,2930.00
0,1444093,2890.00
0,1444094,2890.00
0,1444097,2910.00
0,1444099,2870.00
0,1444100,2880.00
0,1444102,2880.00
0,1444103,2910.00
0,1444105,2930.00
0,1444106,2930.00
0,1444108,2920.00
0,1444110,2910.00
0,1444111,2930.00
0,1444113,2930.00
0,1444114,2930.00
0,1444116,2930.00
0,1444117,2880.00
0,1444119,2880.00
0,1444121,2890.00
0,1444122,2890.00
0,1444124,2890.00
0,1444125,2890.00
0,1444127,2910.00
0,1444129,2920.00
0,1444130,2920.00
0,1444132,2930.00
0,1444133,2890.00
0,1444135,2920.00
0,1444136,2920.00
0,1444139,2890.00
0,1444141,2880.00
0,1444142,2870.00
0,1444144,2870.00
0,1444145,2890.00
0,1444147,2910.00
0,1444148,2910.00
0,1444150,2930.00
0,1444152,2890.00
0,1444153,2920.00
0,1444155,2920.00
0,1444156,2890.00
0,1444158,2930.00
0,1444160,2890.00
0,1444161,2890.00
0,1444163,2930.00
0,1444164,2910.00
0,1444166,2910.00
0,1444167,2910.00
0,1444169,2910.00
0,1444171,2920.00
0,1444172,2920.00
0,1444174,2890.00
0,1444175,2930.00
0,1444177,2890.00
0,1444178,2890.00
0,1444180,2890.00
0,1444183,2890.00
0,1444184,2960.00
0,1444186,2960.00
0,1444187,2880.00
0,1444189,2910.00
0,1444190,2910.00
0,1444192,2910.00
0,1444194,2920.00
0,1444195,2890.00
0,1444197,2890.00
0,1444198,2890.00
0,1444200,2920.00
0,1444202,2920.00
0,1444203,2920.00
0,1444205,2890.00
0,1444206,2920.00
0,1444208,2910.00
0,1444209,2910.00
0,1444211,2910.00
0,1444213,2920.00
0,1444214,2920.00
0,1444216,2920.00
0,1444217,2890.00
0,1444219,2880.00
0,1444220,2880.00
0,1444222,2910.00
0,1444225,2880.00
0,1444226,2910.00
0,1444228,2910.00
0,1444229,2920.00
0,1444231,2920.00
0,1444232,2910.00
0,1444234,2910.00
0,1444236,2910.00
0,1444237,2930.00
0,1444239,2930.00
0,1444240,2910.00
0,1444242,2890.00
0,1444244,2890.00
0,1444245,2890.00
0,1444247,2880.00
0,1444248,2910.00
0,1444250,2870.00
0,1444251,2870.00
0,1444253,2880.00
0,1444255,2920.00
0,1444256,2890.00
0,1444258,2890.00
0,1444259,2910.00
0,1444261,2890.00
0,1444262,2890.00
0,1444264,2890.00
0,1444267,2890.00
0,1444268,2880.00
0,1444270,2880.00
0,1444271,2880.00
0,1444273,2910.00
0,1444274,2920.00
0,1444276,2920.00
0,1444278,2910.00
0,1444279,2910.00
0,1444281,2910.00
0,1444282,2910.00
0,1444284,2890.00
0,1444286,2880.00
0,1444287,2880.00
0,1444289,2930.00
0,1444290,2870.00
0,1444292,2870.00
0,1444293,2870.00
0,1444295,2890.00
0,1444297,2910.00
0,1444298,2890.00
0,1444300,2890.00
0,1444301,2920.00
0,1444303,2920.00
0,1444304,2920.00
0,1444306,2920.00
0,1444308,2920.00
0,1444310,2920.00
0,1444312,2920.00
0,1444313,2910.00
0,1444315,2890.00
0,1444316,2870.00
0,1444318,2870.00
0,1444320,2880.00
0,1444321,2870.00
0,1444323,2890.00
0,1444324,2890.00
0,1444326,2910.00
0,1444328,2920.00
0,1444329,2920.00
0,1444331,2920.00
0,1444332,2880.00
0,1444334,2910.00
0,1444335,2910.00
0,1444337,2880.00
0,1444339,2880.00
0,1444340,2890.00
0,1444342,2890.00
0,1444343,2910.00
0,1444345,2890.00
0,1444346,2920.00
0,1444348,2920.00
0,1444350,2920.00
0,1444352,2910.00
0,1444354,2910.00
0,1444355,2890.00
0,1444357,2910.00
0,1444358,2870.00
0,1444360,2870.00
0,1444362,2880.00
0,1444363,2880.00
0,1444365,2890.00
0,1444366,2890.00
0,1444368,2920.00
0,1444370,2910.00
0,1444371,2910.00
0,1444373,2910.00
0,1444374,2910.00
0,1444376,2890.00
0,1444377,2890.00
0,1444379,2890.00
0,1444381,2910.00
0,1444382,2910.00
0,1444384,2910.00
0,1444385,3110.00
0,1444387,2910.00
0,1444388,2890.00
0,1444390,2890.00
0,1444392,2920.00
0,1444393,2910.00
0,1444396,2920.00
0,1444397,2920.00
0,1444399,2920.00
0,1444400,2880.00
0,1444402,2880.00
0,1444404,2890.00
0,1444405,2880.00
0,1444407,2910.00
0,1444408,2910.00
0,1444410,2870.00
0,1444412,2880.00
0,1444413,2910.00
0,1444415,2910.00
0,1444416,2930.00
0,1444418,2910.00
0,1444419,2890.00
0,1444421,2890.00
0,1444423,2890.00
0,1444424,2880.00
0,1444426,2880.00
0,1444427,2880.00
0,1444429,2870.00
0,1444430,2890.00
0,1444432,2890.00
0,1444434,2910.00
0,1444435,2910.00
0,1444438,2910.00
0,1444439,2910.00
0,1444441,2910.00
0,1444443,2880.00
0,1444444,2910.00
0,1444446,2910.00
0,1444447,2880.00
0,1444449,2870.00
0,1444450,2870.00
0,1444452,2890.00
0,1444454,2910.00
0,1444455,2910.00
0,1444457,2910.00
0,1444458,2890.00
0,1444460,2890.00
0,1444461,2910.00
0,1444463,2910.00
0,1444465,2930.00
0,1444466,2930.00
0,1444468,2930.00
0,1444469,2880.00
0,1444471,2880.00
0,1444472,2910.00
0,1444474,2910.00
0,1444476,2920.00
0,1444477,2890.00
0,1444480,2890.00
0,1444481,2890.00
0,1444483,2920.00
0,1444485,2920.00
0,1444486,2880.00
0,1444488,2880.00
0,1444489,2890.00
0,1444491,2890.00
0,1444492,2890.00
0,1444494,2880.00
0,1444496,2890.00
0,1444497,2890.00
0,1444499,2890.00
0,1444500,2910.00
0,1444502,2910.00
0,1444503,2930.00
0,1444505,2930.00
0,1444507,2890.00
0,1444508,2890.00
0,1444510,2880.00
0,1444511,2880.00
0,1444513,2970.00
0,1444514,2890.00
0,1444516,2890.00
0,1444518,2920.00
0,1444519,2910.00
0,1444521,2890.00
0,1444523,2890.00
0,1444525,2920.00
0,1444527,2890.00
0,1444528,2910.00
0,1444530,2910.00
0,1444531,2880.00
0,1444533,2890.00
0,1444534,2880.00
0,1444536,2880.00
0,1444538,2880.00
0,1444539,2890.00
0,1444541,2890.00
0,1444542,2880.00
0,1444544,2910.00
0,1444545,2920.00
0,1444547,2920.00
0,1444549,2920.00
0,1444550,2920.00
0,1444552,2910.00
0,1444553,2910.00
0,1444555,2890.00
0,1444556,2880.00
0,1444558,2880.00
0,1444560,2880.00
0,1444561,2870.00
0,1444563,2910.00
0,1444564,2910.00
0,1444567,2910.00
0,1444569,2940.00
0,1444570,2910.00
0,1444572,2910.00
0,1444573,3150.00
0,1444575,3230.00
0,1444576,3120.00
0,1444578,3120.00
0,1444580,2940.00
0,1444581,2960.00
0,1444583,2960.00
0,1444584,2930.00
0,1444586,2890.00
0,1444587,2910.00
0,1444589,2910.00
0,1444591,2880.00
0,1444592,2890.00
0,1444594,2880.00
0,1444595,2880.00
0,1444597,2910.00
0,1444598,2910.00
0,1444600,2910.00
0,1444602,2910.00
0,1444603,2940.00
0,1444605,2910.00
0,1444606,2910.00
0,1444609,2910.00
0,1444611,2890.00
0,1444612,2880.00
0,1444614,2880.00
0,1444615,2880.00
0,1444617,2890.00
0,1444618,2910.00
0,1444620,2910.00
0,1444622,2910.00
0,1444623,2920.00
0,1444625,2920.00
0,1444626,2920.00
0,1444628,2910.00
0,1444629,2910.00
0,1444631,2910.00
0,1444633,2890.00
0,1444634,2890.00
0,1444636,2880.00
0,1444637,2880.00
0,1444639,3020.00
0,1444640,2920.00
0,1444642,2920.00
0,1444644,2920.00
0,1444645,2910.00
0,1444647,2890.00
0,1444648,2910.00
0,1444651,2910.00
0,1444653,2890.00
0,1444654,2870.00
0,1444656,2870.00
0,1444657,2880.00
0,1444659,2910.00
0,1444660,2910.00
0,1444662,2910.00
0,1444664,2920.00
0,1444665,2910.00
0,1444667,2930.00
0,1444668,2930.00
0,1444670,2910.00
0,1444671,2930.00
0,1444673,2930.00
0,1444675,2890.00
0,1444676,2890.00
0,1444678,2890.00
0,1444679,2890.00
0,1444681,2880.00
0,1444683,2910.00
0,1444684,2920.00
0,1444686,2920.00
0,1444687,2930.00
0,1444689,2930.00
0,1444690,2920.00
0,1444692,2920.00
0,1444695,2890.00
0,1444696,2880.00
0,1444698,2880.00
0,1444699,2890.00
0,1444701,2870.00
0,1444702,2880.00
0,1444704,2880.00
0,1444706,2920.00
0,1444707,2910.00
0,1444709,2910.00
0,1444710,2910.00
0,1444712,2920.00
0,1444713,2890.00
0,1444715,2890.00
0,1444717,2890.00
0,1444718,2880.00
0,1444720,2910.00
0,1444721,2910.00
0,1444723,2920.00
0,1444724,2890.00
0,1444726,2920.00
0,1444728,2920.00
0,1444729,2920.00
0,1444731,2920.00
0,1444732,2880.00
0,1444734,2880.00
0,1444737,2930.00
0,1444738,2890.00
0,1444740,2880.00
0,1444741,2880.00
0,1444743,2890.00
0,1444744,2910.00
0,1444746,2910.00
0,1444748,2910.00
0,1444749,2910.00
0,1444751,2920.00
0,1444752,2920.00
0,1444754,2910.00
0,1444755,2920.00
0,1444757,2890.00
0,1444759,2890.00
0,1444760,2890.00
0,1444762,2910.00
0,1444763,2880.00
0,1444765,2880.00
0,1444767,2880.00
0,1444768,2890.00
0,1444770,2890.00
0,1444771,2910.00
0,1444773,2920.00
0,1444774,2910.00
0,1444776,2910.00
0,1444779,2920.00
0,1444780,2920.00
0,1444782,2910.00
0,1444783,2910.00
0,1444785,2910.00
0,1444786,2890.00
0,1444788,2890.00
0,1444790,2890.00
0,1444791,2910.00
0,1444793,2890.00
0,1444794,2890.00
0,1444796,2910.00
0,1444797,2920.00
0,1444799,2910.00
0,1444801,2910.00
0,1444802,2920.00
0,1444804,2910.00
0,1444805,2910.00
0,1444807,2910.00
0,1444809,2910.00
0,1444810,2880.00
0,1444812,2880.00
0,1444813,2910.00
0,1444815,2890.00
0,1444816,2890.00
0,1444818,2890.00
0,1444820,2930.00
0,1444822,2920.00
0,1444824,2930.00
0,1444825,2930.00
0,1444827,2890.00
0,1444828,2890.00
0,1444830,2910.00
0,1444832,2910.00
0,1444833,2890.00
0,1444835,2870.00
0,1444836,2870.00
0,1444838,2920.00
0,1444839,2910.00
0,1444841,2890.00
0,1444843,2890.00
0,1444844,2910.00
0,1444846,2920.00
0,1444847,2920.00
0,1444849,2920.00
0,1444851,2920.00
0,1444852,2890.00
0,1444854,2910.00
0,1444855,2910.00
0,1444857,2890.00
0,1444858,2890.00
0,1444860,2890.00
0,1444862,2880.00
0,1444864,2890.00
0,1444866,2890.00
0,1444867,2890.00
0,1444869,2910.00
0,1444870,2910.00
0,1444872,2910.00
0,1444874,2910.00
0,1444875,2890.00
0,1444877,2890.00
0,1444878,2890.00
0,1444880,2880.00
0,1444881,2870.00
0,1444883,2910.00
0,1444885,2910.00
0,1444886,3010.00
0,1444888,2940.00
0,1444889,2910.00
0,1444891,2910.00
0,1444893,2920.00
0,1444894,2890.00
0,1444896,2880.00
0,1444897,2880.00
0,1444899,2920.00
0,1444900,2850.00
0,1444902,2850.00
0,1444904,2920.00
0,1444905,2910.00
0,1444908,2910.00
0,1444909,2910.00
0,1444911,2920.00
0,1444912,2910.00
0,1444914,2920.00
0,1444916,2920.00
0,1444917,2890.00
0,1444919,2890.00
0,1444920,2880.00
0,1444922,2880.00
0,1444923,2870.00
0,1444925,2890.00
0,1444927,2890.00
0,1444928,2910.00
0,1444930,2920.00
0,1444931,2890.00
0,1444933,2890.00
0,1444935,3150.00
0,1444936,3140.00
0,1444938,3200.00
0,1444939,3200.00
0,1444941,3110.00
0,1444942,3080.00
0,1444944,3120.00
0,1444946,3120.00
0,1444947,3100.00
0,1444950,3170.00
0,1444951,3170.00
0,1444953,3120.00
0,1444954,3160.00
0,1444956,3110.00
0,1444958,3110.00
0,1444959,3120.00
0,1444961,3160.00
0,1444962,3140.00
0,1444964,3140.00
0,1444966,3160.00
0,1444967,2890.00
0,1444969,2910.00
0,1444970,2910.00
0,1444972,3000.00
0,1444973,2910.00
0,1444975,2910.00
0,1444977,2940.00
0,1444978,3000.00
0,1444980,2910.00
0,1444981,2910.00
0,1444983,2930.00
0,1444984,2920.00
0,1444986,2920.00
0,1444988,2920.00
0,1444989,2910.00
0,1444992,2910.00
0,1444993,2910.00
0,1444995,2880.00
0,1444996,2920.00
0,1444998,2910.00
0,1445000,2910.00
0,1445001,2910.00
0,1445003,2920.00
0,1445004,2910.00
0,1445006,2910.00
0,1445008,2910.00
0,1445009,2890.00
0,1445011,2880.00
0,1445012,2880.00
0,1445014,2890.00
0,1445015,2880.00
0,1445017,2880.00
0,1445019,2890.00
0,1445020,2910.00
0,1445022,2910.00
0,1445023,2910.00
0,1445025,2920.00
0,1445026,2920.00
0,1445028,2920.00
0,1445030,2920.00
0,1445031,2930.00
0,1445033,2890.00
0,1445035,2890.00
0,1445037,2890.00
0,1445038,2920.00
0,1445040,2910.00
0,1445042,2910.00
0,1445043,2910.00
0,1445045,2920.00
0,1445046,2920.00
0,1445048,2920.00
0,1445050,2890.00
0,1445051,2890.00
0,1445053,2910.00
0,1445054,2910.00
0,1445056,2880.00
0,1445057,2910.00
0,1445059,2880.00
0,1445061,2880.00
0,1445062,2910.00
0,1445064,2930.00
0,1445065,2930.00
0,1445067,2920.00
0,1445068,2910.00
0,1445070,2930.00
0,1445072,2930.00
0,1445073,2910.00
0,1445075,2910.00
0,1445076,2870.00
0,1445079,2870.00
0,1445080,2890.00
0,1445082,2880.00
0,1445084,2930.00
0,1445085,2930.00
0,1445087,2910.00
0,1445088,2910.00
0,1445090,2910.00
0,1445092,2910.00
0,1445093,2890.00
0,1445095,2890.00
0,1445096,2890.00
0,1445098,2890.00
0,1445099,2880.00
0,1445101,2910.00
0,1445103,2910.00
0,1445104,2910.00
0,1445106,2920.00
0,1445107,2920.00
0,1445109,2920.00
0,1445110,2930.00
0,1445112,2890.00
0,1445114,2890.00
0,1445115,2890.00
0,1445117,2890.00
0,1445118,2870.00
0,1445121,2870.00
0,1445122,2880.00
0,1445124,2920.00
0,1445126,2920.00
0,1445127,2920.00
0,1445129,2910.00
0,1445130,2870.00
0,1445132,2870.00
0,1445134,2920.00
0,1445135,2890.00
0,1445137,2890.00
0,1445138,2890.00
0,1445140,2880.00
0,1445141,2880.00
0,1445143,2870.00
0,1445145,2870.00
0,1445146,2890.00
0,1445148,2910.00
0,1445149,2920.00
0,1445151,2920.00
0,1445152,2910.00
0,1445154,2910.00
0,1445156,2910.00
0,1445157,2920.00
0,1445159,2890.00
0,1445160,2890.00
0,1445163,2890.00
0,1445164,2880.00
0,1445166,2890.00
0,1445168,2890.00
0,1445169,2890.00
0,1445171,2880.00
0,1445172,3070.00
0,1445174,3160.00
0,1445176,3160.00
0,1445177,2930.00
0,1445179,3000.00
0,1445180,3000.00
0,1445182,2920.00
0,1445183,2910.00
0,1445185,2980.00
0,1445187,2980.00
0,1445188,2880.00
0,1445190,2870.00
0,1445191,2890.00
0,1445193,2890.00
0,1445194,2920.00
0,1445196,2920.00
0,1445198,2920.00
0,1445199,2920.00
0,1445201,2910.00
0,1445202,2890.00
0,1445204,2890.00
0,1445206,2880.00
0,1445208,2910.00
0,1445210,2910.00
0,1445211,2910.00
0,1445213,2880.00
0,1445214,2890.00
0,1445216,2890.00
0,1445218,2890.00
0,1445219,2910.00
0,1445221,2890.00
0,1445222,2890.00
0,1445224,2890.00
0,1445225,2890.00
0,1445227,2930.00
0,1445229,2930.00
0,1445230,2910.00
0,1445232,2880.00
0,1445233,2880.00
0,1445235,2880.00
0,1445236,2890.00
0,1445238,2890.00
0,1445240,2890.00
0,1445241,2890.00
0,1445243,2920.00
0,1445244,2910.00
0,1445246,2910.00
0,1445249,2920.00
0,1445250,2890.00
0,1445252,2890.00
0,1445253,2890.00
0,1445255,2910.00
0,1445256,2880.00
0,1445258,2880.00
0,1445260,2880.00
0,1445261,2890.00
0,1445263,2890.00
0,1445264,2890.00
0,1445266,2890.00
0,1445267,2920.00
0,1445269,2930.00
0,1445271,2930.00
0,1445272,2910.00
0,1445274,2890.00
0,1445275,2890.00
0,1445277,2890.00
0,1445278,2880.00
0,1445280,2910.00
0,1445282,2890.00
0,1445283,2890.00
0,1445285,2910.00
0,1445286,2930.00
0,1445288,2920.00
0,1445291,2920.00
0,1445292,2910.00
0,1445294,2890.00
0,1445295,2890.00
0,1445297,2880.00
0,1445298,2910.00
0,1445300,2880.00
0,1445302,2880.00
0,1445303,2880.00
0,1445305,2920.00
0,1445306,2910.00
0,1445308,2910.00
0,1445309,2890.00
0,1445311,2920.00
0,1445313,2920.00
0,1445314,2910.00
0,1445316,2880.00
0,1445317,2890.00
0,1445319,2890.00
0,1445320,2890.00
0,1445322,2880.00
0,1445324,2910.00
0,1445325,2910.00
0,1445327,2910.00
0,1445328,2910.00
0,1445330,2920.00
0,1445332,2920.00
0,1445334,2910.00
0,1445336,2920.00
0,1445337,2920.00
0,1445339,2890.00
0,1445340,2880.00
0,1445342,2920.00
0,1445344,2920.00
0,1445345,2910.00
0,1445347,2890.00
0,1445348,2910.00
0,1445350,2910.00
0,1445351,2920.00
0,1445353,2910.00
0,1445355,2920.00
0,1445356,2920.00
0,1445358,2910.00
0,1445359,2910.00
0,1445361,2910.00
0,1445362,2890.00
0,1445364,2880.00
0,1445366,2880.00
0,1445367,2880.00
0,1445369,2890.00
0,1445370,2930.00
0,1445372,2910.00
0,1445374,2910.00
0,1445376,2930.00
0,1445378,2920.00
0,1445379,2890.00
0,1445381,2890.00
0,1445382,2890.00
0,1445384,2890.00
0,1445386,2890.00
0,1445387,2970.00
0,1445389,3140.00
0,1445390,2910.00
0,1445392,2910.00
0,1445393,2920.00
0,1445395,2920.00
0,1445397,2920.00
0,1445398,2920.00
0,1445400,2880.00
0,1445401,2910.00
0,1445403,2910.00
0,1445404,2870.00
0,1445406,2880.00
0,1445408,2910.00
0,1445409,2910.00
0,1445411,2910.00
0,1445412,2910.00
0,1445414,2930.00
0,1445416,2930.00
0,1445417,2910.00
0,1445420,2890.00
0,1445421,2890.00
0,1445423,2890.00
0,1445424,2890.00
0,1445426,2880.00
0,1445428,2880.00
0,1445429,2870.00
0,1445431,2890.00
0,1445432,2880.00
0,1445434,2880.00
0,1445435,2930.00
0,1445437,2890.00
0,1445439,2910.00
0,1445440,2910.00
0,1445442,2910.00
0,1445443,2880.00
0,1445445,2890.00
0,1445446,2890.00
0,1445448,2890.00
0,1445450,2870.00
0,1445451,2870.00
0,1445453,2920.00
0,1445454,2910.00
0,1445456,2920.00
0,1445458,2920.00
0,1445459,2920.00
0,1445462,2890.00
0,1445463,2890.00
0,1445465,2890.00
0,1445466,2890.00
0,1445468,2880.00
0,1445470,2890.00
0,1445471,2890.00
0,1445473,2910.00
0,1445474,2910.00
0,1445476,2910.00
0,1445477,2920.00
0,1445479,2910.00
0,1445481,2920.00
0,1445482,2920.00
0,1445484,2910.00
0,1445485,2930.00
0,1445487,2890.00
0,1445488,2890.00
0,1445490,2890.00
0,1445492,2910.00
0,1445493,2910.00
0,1445495,2910.00
0,1445496,2890.00
0,1445498,2890.00
0,1445500,2890.00
0,1445501,2910.00
0,1445504,2920.00
0,1445505,2920.00
0,1445507,2920.00
0,1445508,2890.00
0,1445510,2910.00
0,1445512,2910.00
0,1445513,2910.00
0,1445515,2890.00
0,1445516,2890.00
0,1445518,2890.00
0,1445519,2880.00
0,1445521,2920.00
0,1445523,2890.00
0,1445524,2890.00
0,1445526,2910.00
0,1445527,2930.00
0,1445529,2920.00
0,1445531,2920.00
0,1445532,2910.00
0,1445534,2890.00
0,1445535,2890.00
0,1445537,2890.00
0,1445538,2880.00
0,1445540,2910.00
0,1445542,2910.00
0,1445543,2890.00
0,1445545,2880.00
0,1445547,2920.00
0,1445549,2920.00
0,1445550,2910.00
0,1445552,2890.00
0,1445554,2890.00
0,1445555,2890.00
0,1445557,2890.00
0,1445558,2890.00
0,1445560,2870.00
0,1445561,2870.00
0,1445563,2910.00
0,1445565,2910.00
0,1445566,2910.00
0,1445568,2910.00
0,1445569,2890.00
0,1445571,2920.00
0,1445573,2920.00
0,1445574,2910.00
0,1445576,2910.00
0,1445577,2890.00
0,1445579,2890.00
0,1445580,2880.00
0,1445582,2910.00
0,1445584,2880.00
0,1445585,2880.00
0,1445587,2910.00
0,1445588,2920.00
0,1445591,2920.00
0,1445592,2920.00
0,1445594,2890.00
0,1445596,2910.00
0,1445597,2910.00
0,1445599,2880.00
0,1445600,2890.00
0,1445602,2910.00
0,1445603,2910.00
0,1445605,2890.00
0,1445607,2910.00
0,1445608,2910.00
0,1445610,2910.00
0,1445611,2920.00
0,1445613,2890.00
0,1445615,2890.00
0,1445616,2880.00
0,1445618,2910.00
0,1445619,2880.00
0,1445621,2880.00
0,1445622,2890.00
0,1445624,2880.00
0,1445626,2910.00
0,1445627,2910.00
0,1445629,2910.00
0,1445630,2910.00
0,1445633,2910.00
0,1445634,2910.00
0,1445636,2910.00
0,1445638,2920.00
0,1445639,2920.00
0,1445641,2890.00
0,1445642,3060.00
0,1445644,2880.00
0,1445645,2880.00
0,1445647,2890.00
0,1445649,2870.00
0,1445650,2910.00
0,1445652,2910.00
0,1445653,2920.00
0,1445655,2920.00
0,1445657,2920.00
0,1445658,2910.00
0,1445660,2910.00
0,1445661,2890.00
0,1445663,2890.00
0,1445664,2910.00
0,1445666,2910.00
0,1445668,2870.00
0,1445669,2870.00
0,1445671,2890.00
0,1445672,2910.00
0,1445675,2910.00
0,1445676,2910.00
0,1445678,2930.00
0,1445680,2930.00
0,1445681,2930.00
0,1445683,2920.00
0,1445684,2920.00
0,1445686,2880.00
0,1445687,2880.00
0,1445689,2910.00
0,1445691,2890.00
0,1445692,2910.00
0,1445694,2910.00
0,1445695,2910.00
0,1445697,2890.00
0,1445699,2910.00
0,1445700,2910.00
0,1445702,2910.00
0,1445703,2890.00
0,1445705,2890.00
0,1445706,2910.00
0,1445708,2890.00
0,1445710,2880.00
0,1445711,2880.00
0,1445713,2870.00
0,1445714,2910.00
0,1445716,2910.00
0,1445718,2910.00
0,1445720,2890.00
0,1445722,2920.00
0,1445723,2910.00
0,1445725,2910.00
0,1445726,2890.00
0,1445728,2920.00
0,1445729,2920.00
0,1445731,2910.00
0,1445733,2890.00
0,1445734,2880.00
0,1445736,2880.00
0,1445737,2880.00
0,1445739,2910.00
0,1445741,2910.00
0,1445742,2910.00
0,1445744,2920.00
0,1445745,2890.00
0,1445747,2890.00
0,1445748,2920.00
0,1445750,2880.00
0,1445752,2930.00
0,1445753,2930.00
0,1445755,2880.00
0,1445756,2890.00
0,1445758,2910.00
0,1445760,2910.00
0,1445762,2890.00
0,1445764,2910.00
0,1445765,2910.00
0,1445767,2910.00
0,1445768,2910.00
0,1445770,2920.00
0,1445771,2920.00
0,1445773,2870.00
0,1445775,2880.00
0,1445776,2910.00
0,1445778,2910.00
0,1445779,2920.00
0,1445781,2910.00
0,1445783,2910.00
0,1445784,2910.00
0,1445786,2890.00
0,1445787,2920.00
0,1445789,2920.00
0,1445790,2920.00
0,1445792,2930.00
0,1445794,2890.00
0,1445795,2890.00
0,1445797,2890.00
0,1445798,2880.00
0,1445800,2870.00
0,1445801,2870.00
0,1445804,2870.00
0,1445806,2890.00
0,1445807,2890.00
0,1445809,2890.00
0,1445810,2910.00
0,1445812,2920.00
0,1445814,2910.00
0,1445815,2910.00
0,1445817,2890.00
0,1445818,2910.00
0,1445820,2910.00
0,1445821,2910.00
0,1445823,2880.00
0,1445825,2890.00
0,1445826,2890.00
0,1445828,2890.00
0,1445829,2910.00
0,1445831,2920.00
0,1445832,2920.00
0,1445834,2920.00
0,1445836,2920.00
0,1445837,2920.00
0,1445839,2890.00
0,1445840,2890.00
0,1445842,2890.00
0,1445843,2890.00
0,1445846,2880.00
0,1445848,2880.00
0,1445849,2920.00
0,1445851,2920.00
0,1445852,2910.00
0,1445854,2910.00
0,1445856,2910.00
0,1445857,2910.00
0,1445859,2890.00
0,1445860,2910.00
0,1445862,2910.00
0,1445863,2910.00
0,1445865,2880.00
0,1445867,2890.00
0,1445868,2890.00
0,1445870,2890.00
0,1445871,2890.00
0,1445873,2910.00
0,1445874,2910.00
0,1445876,2910.00
0,1445878,2910.00
0,1445879,2910.00
0,1445881,2910.00
0,1445882,2920.00
0,1445884,2910.00
0,1445885,2910.00
0,1445888,2970.00
0,1445890,3030.00
0,1445891,2870.00
0,1445893,2870.00
0,1445894,2910.00
0,1445896,2920.00
0,1445898,2920.00
0,1445899,2920.00
0,1445901,2920.00
0,1445902,2920.00
0,1445904,2910.00
0,1445905,2910.00
0,1445907,2880.00
0,1445909,2880.00
0,1445910,2880.00
0,1445912,2880.00
0,1445913,2880.00
0,1445915,2930.00
0,1445916,2930.00
0,1445918,2890.00
0,1445920,2920.00
0,1445921,2920.00
0,1445923,2920.00
0,1445924,2920.00
0,1445926,2930.00
0,1445927,2910.00
0,1445929,2910.00
0,1445932,2910.00
0,1445933,2880.00
0,1445935,2880.00
0,1445936,2880.00
0,1445938,2890.00
0,1445940,2890.00
0,1445941,2890.00
0,1445943,3100.00
0,1445944,2930.00
0,1445946,2890.00
0,1445947,2890.00
