graph,order,freq,input_time,task_time,total_time,input_power,task_power,input_e,task_e,total_e,,Target
alex,GGGGGGGG,"(('min',),)",54.3476,157.8364,212.184,3333.76380865871,5119.36003974633,181.18206196746,808.021358977418,989.203420944878,,300
google,GGGGGGGGGGG,"(('min',),)",149.45,244.553,394.003,3343.83398732338,4849.98925264107,499.735989405479,1186.07942170113,1685.81541110661,,450
mobile,GGGGGGGGGGGGGG,"(('min',),)",151.989,143.033,295.022,3343.12760035202,5439.0284580811,508.118620849904,777.960557444714,1286.07917829462,,350
res50,GGGGGGGGGGGGGGGGGG,"(('min',),)",123.6,598.72,722.32,3369.63080400804,5671.29560061439,416.486367375393,3395.51810199985,3812.00446937524,,900
squeeze,GGGGGGGGGG,"(('min',),)",151.837,160.501,312.338,3355.37112368024,4768.97866359328,509.469485306237,765.425844485386,1274.89532979162,,400
