graph,order,freq,input_time,task_time,total_time,input_power,task_power,input_e,task_e,total_e,,Target
alex,GGGGGGGG,"(('min',),)",54.0638,158.4662,212.53,3244.3457760102,4996.13146158311,175.40166116506,791.717967417522,967.119628582582,,300
google,GGGGGGGGGGG,"(('min',),)",150.419,244.214,394.633,3240.45013608098,4737.12894611092,487.425269019164,1156.87320844553,1644.2984774647,,400
mobile,GGGGGGGGGGGGGG,"(('min',),)",159.606,143.095,302.701,3228.46214450921,5344.59639737546,515.281929036538,764.785021482442,1280.06695051898,,300
res50,GGGGGGGGGGGGGGGGGG,"(('min',),)",121.799,612.782,734.581,3273.71579656282,5507.47296715681,398.735310305555,3374.88029976028,3773.61561006584,,800
squeeze,GGGGGGGGGG,"(('min',),)",151.473,158.35,309.823,3279.49687902973,4692.49907243385,496.755230757271,743.0572281199,1239.81245887717,,500
