graph,order,freq,input_time,task_time,total_time,input_power,task_power,input_e,task_e,total_e,,Target
alex,GGGGGGGG,"(('min',),)",53.5693,158.7727,212.342,3359.65644263098,5117.11457200714,179.974443872232,812.458096806918,992.43254067915,,250
google,GGGGGGGGGGG,"(('min',),)",150.046,246.517,396.563,3356.42013876048,4848.54617243398,503.617416140455,1195.24905678991,1698.86647293036,,450
mobile,GGGGGGGGGGGGGG,"(('min',),)",150.79,143.7,294.49,3347.89166782601,5443.59768940898,504.828584591484,782.24498796807,1287.07357255955,,350
res50,GGGGGGGGGGGGGGGGGG,"(('min',),)",122.33,1540.09,1662.42,3322.83554956196,3783.33976090491,406.482472777915,5826.68373237204,6233.16620514996,,800
squeeze,GGGGGGGGGG,"(('min',),)",150.909,159.13,310.039,3351.16860553155,4751.96670542371,505.72150309216,756.180461834074,1261.90196492623,,400
